solid flsun-cube-linear-rail-xy-gantry
facet normal -1.0 1.1225456828218298e-14 -7.930158180289944e-14
  outer loop
    vertex 3306.126822999999 202.61943505293323 556.0281457409897
    vertex 3306.126822999999 194.81943505293287 549.0281457409894
    vertex 3306.126822999999 194.8194350529333 556.0281457409894
  endloop
endfacet
facet normal -1.0 1.1225456828218298e-14 -7.930158180289944e-14
  outer loop
    vertex 3306.126822999999 194.81943505293287 549.0281457409894
    vertex 3306.126822999999 202.61943505293323 556.0281457409897
    vertex 3306.126822999999 202.61943505293283 549.0281457409897
  endloop
endfacet
facet normal -1.0 1.1225456828218298e-14 -7.930158180289944e-14
  outer loop
    vertex 3306.126822999999 202.61943505293283 549.0281457409897
    vertex 3306.126822999999 202.61943505293323 556.0281457409897
    vertex 3306.126822999999 202.61943505293308 553.02814574099
  endloop
endfacet
facet normal 4.5119463720747335e-15 -1.0 5.1565101395158685e-14
  outer loop
    vertex 3306.126822999999 194.81943505293287 549.0281457409894
    vertex 3316.126822999999 194.8194350529333 556.0281457409901
    vertex 3306.126822999999 194.8194350529333 556.0281457409894
  endloop
endfacet
facet normal 4.5119463720747335e-15 -1.0 5.1565101395158685e-14
  outer loop
    vertex 3316.126822999999 194.8194350529333 556.0281457409901
    vertex 3306.126822999999 194.81943505293287 549.0281457409894
    vertex 3316.126822999999 194.8194350529331 553.0281457409901
  endloop
endfacet
facet normal 4.5119463720747335e-15 -1.0 5.1565101395158685e-14
  outer loop
    vertex 3316.126822999999 194.8194350529331 553.0281457409901
    vertex 3306.126822999999 194.81943505293287 549.0281457409894
    vertex 3316.126822999999 194.81943505293296 549.0281457409894
  endloop
endfacet
facet normal -0.13052619222009473 -0.9914448613738048 4.9993608247229996e-14
  outer loop
    vertex 3311.1268229999996 200.2194350529331 553.0281457409899
    vertex 3311.515051567653 200.16832379236686 556.0281457409899
    vertex 3311.1268229999987 200.21943505293328 556.0281457409899
  endloop
endfacet
facet normal -0.13052619222009473 -0.9914448613738048 4.9993608247229996e-14
  outer loop
    vertex 3311.515051567653 200.16832379236686 556.0281457409899
    vertex 3311.1268229999996 200.2194350529331 553.0281457409899
    vertex 3311.515051567653 200.1683237923667 553.0281457409899
  endloop
endfacet
facet normal 0.13052619222009473 -0.9914448613738048 6.929604434529383e-14
  outer loop
    vertex 3310.7385944323455 200.1683237923667 553.0281457409898
    vertex 3311.1268229999987 200.21943505293328 556.0281457409899
    vertex 3310.7385944323446 200.16832379236686 556.0281457409898
  endloop
endfacet
facet normal 0.13052619222009473 -0.9914448613738048 6.929604434529383e-14
  outer loop
    vertex 3311.1268229999987 200.21943505293328 556.0281457409899
    vertex 3310.7385944323455 200.1683237923667 553.0281457409898
    vertex 3311.1268229999996 200.2194350529331 553.0281457409899
  endloop
endfacet
facet normal 0.38268343236506647 -0.9238795325112966 8.387606953834356e-14
  outer loop
    vertex 3310.3768229999987 200.01847315860977 553.0281457409901
    vertex 3310.7385944323446 200.16832379236686 556.0281457409898
    vertex 3310.3768229999987 200.01847315860994 556.0281457409901
  endloop
endfacet
facet normal 0.38268343236506647 -0.9238795325112966 8.387606953834356e-14
  outer loop
    vertex 3310.7385944323446 200.16832379236686 556.0281457409898
    vertex 3310.3768229999987 200.01847315860977 553.0281457409901
    vertex 3310.7385944323455 200.1683237923667 553.0281457409898
  endloop
endfacet
facet normal 0.6087614290087409 -0.7933533402912198 9.27357745993039e-14
  outer loop
    vertex 3310.0661628282187 199.7800952247131 556.02814574099
    vertex 3310.3768229999987 200.01847315860977 553.0281457409901
    vertex 3310.3768229999987 200.01847315860994 556.0281457409901
  endloop
endfacet
facet normal 0.6087614290087409 -0.7933533402912198 9.27357745993039e-14
  outer loop
    vertex 3310.3768229999987 200.01847315860977 553.0281457409901
    vertex 3310.0661628282187 199.7800952247131 556.02814574099
    vertex 3310.0661628282196 199.78009522471294 553.0281457409901
  endloop
endfacet
facet normal 0.7933533402912067 -0.6087614290087576 9.528514977570977e-14
  outer loop
    vertex 3310.0661628282196 199.78009522471294 553.0281457409901
    vertex 3309.827784894322 199.46943505293328 556.0281457409901
    vertex 3309.827784894322 199.46943505293308 553.0281457409901
  endloop
endfacet
facet normal 0.7933533402912067 -0.6087614290087576 9.528514977570977e-14
  outer loop
    vertex 3309.827784894322 199.46943505293328 556.0281457409901
    vertex 3310.0661628282196 199.78009522471294 553.0281457409901
    vertex 3310.0661628282187 199.7800952247131 556.02814574099
  endloop
endfacet
facet normal 0.9238795325112966 -0.3826834323650664 9.133597185025768e-14
  outer loop
    vertex 3309.827784894322 199.46943505293308 553.0281457409901
    vertex 3309.677934260565 199.10766362058706 556.0281457409898
    vertex 3309.6779342605655 199.1076636205869 553.0281457409898
  endloop
endfacet
facet normal 0.9238795325112966 -0.3826834323650664 9.133597185025768e-14
  outer loop
    vertex 3309.677934260565 199.10766362058706 556.0281457409898
    vertex 3309.827784894322 199.46943505293308 553.0281457409901
    vertex 3309.827784894322 199.46943505293328 556.0281457409901
  endloop
endfacet
facet normal 0.9914448613738048 -0.13052619222009473 8.116117676638054e-14
  outer loop
    vertex 3309.6779342605655 199.1076636205869 553.0281457409898
    vertex 3309.626822999999 198.71943505293325 556.0281457409898
    vertex 3309.626822999999 198.71943505293308 553.0281457409898
  endloop
endfacet
facet normal 0.9914448613738048 -0.13052619222009473 8.116117676638054e-14
  outer loop
    vertex 3309.626822999999 198.71943505293325 556.0281457409898
    vertex 3309.6779342605655 199.1076636205869 553.0281457409898
    vertex 3309.677934260565 199.10766362058706 556.0281457409898
  endloop
endfacet
facet normal 0.9914448613738048 0.13052619222009473 6.545557443221907e-14
  outer loop
    vertex 3309.626822999999 198.71943505293308 553.0281457409898
    vertex 3309.677934260565 198.33120648527947 556.0281457409895
    vertex 3309.6779342605655 198.33120648527927 553.0281457409895
  endloop
endfacet
facet normal 0.9914448613738048 0.13052619222009473 6.545557443221907e-14
  outer loop
    vertex 3309.677934260565 198.33120648527947 556.0281457409895
    vertex 3309.626822999999 198.71943505293308 553.0281457409898
    vertex 3309.626822999999 198.71943505293325 556.0281457409898
  endloop
endfacet
facet normal 0.9238795325112966 0.3826834323650664 4.528891036907479e-14
  outer loop
    vertex 3309.6779342605655 198.33120648527927 553.0281457409895
    vertex 3309.827784894322 197.96943505293325 556.0281457409895
    vertex 3309.827784894322 197.96943505293308 553.0281457409895
  endloop
endfacet
facet normal 0.9238795325112966 0.3826834323650664 4.528891036907479e-14
  outer loop
    vertex 3309.827784894322 197.96943505293325 556.0281457409895
    vertex 3309.6779342605655 198.33120648527927 553.0281457409895
    vertex 3309.677934260565 198.33120648527947 556.0281457409895
  endloop
endfacet
facet normal 0.7933533402912067 0.6087614290087577 2.2040961195556615e-14
  outer loop
    vertex 3309.827784894322 197.96943505293308 553.0281457409895
    vertex 3310.0661628282187 197.65877488115342 556.0281457409902
    vertex 3310.0661628282196 197.65877488115322 553.0281457409902
  endloop
endfacet
facet normal 0.7933533402912067 0.6087614290087577 2.2040961195556615e-14
  outer loop
    vertex 3310.0661628282187 197.65877488115342 556.0281457409902
    vertex 3309.827784894322 197.96943505293308 553.0281457409895
    vertex 3309.827784894322 197.96943505293325 556.0281457409895
  endloop
endfacet
facet normal 0.6087614290087409 0.7933533402912196 -2.7123170114024618e-15
  outer loop
    vertex 3310.3768229999987 197.4203969472566 556.02814574099
    vertex 3310.0661628282196 197.65877488115322 553.0281457409902
    vertex 3310.0661628282187 197.65877488115342 556.0281457409902
  endloop
endfacet
facet normal 0.6087614290087409 0.7933533402912196 -2.7123170114024618e-15
  outer loop
    vertex 3310.0661628282196 197.65877488115322 553.0281457409902
    vertex 3310.3768229999987 197.4203969472566 556.02814574099
    vertex 3310.3768229999987 197.4203969472564 553.0281457409899
  endloop
endfacet
facet normal 0.38268343236506647 0.9238795325112964 -2.7284190365473374e-14
  outer loop
    vertex 3310.7385944323455 197.27054631349947 553.0281457409899
    vertex 3310.3768229999987 197.4203969472566 556.02814574099
    vertex 3310.7385944323446 197.27054631349966 556.02814574099
  endloop
endfacet
facet normal 0.38268343236506647 0.9238795325112964 -2.7284190365473374e-14
  outer loop
    vertex 3310.3768229999987 197.4203969472566 556.02814574099
    vertex 3310.7385944323455 197.27054631349947 553.0281457409899
    vertex 3310.3768229999987 197.4203969472564 553.0281457409899
  endloop
endfacet
facet normal 0.13052619222009473 0.9914448613738048 -4.9993608247229996e-14
  outer loop
    vertex 3311.1268229999996 197.21943505293305 553.02814574099
    vertex 3310.7385944323446 197.27054631349966 556.02814574099
    vertex 3311.1268229999987 197.21943505293325 556.0281457409901
  endloop
endfacet
facet normal 0.13052619222009473 0.9914448613738048 -4.9993608247229996e-14
  outer loop
    vertex 3310.7385944323446 197.27054631349966 556.02814574099
    vertex 3311.1268229999996 197.21943505293305 553.02814574099
    vertex 3310.7385944323455 197.27054631349947 553.0281457409899
  endloop
endfacet
facet normal -0.13052619222009473 0.9914448613738048 -6.929604434529383e-14
  outer loop
    vertex 3311.515051567653 197.27054631349947 553.02814574099
    vertex 3311.1268229999987 197.21943505293325 556.0281457409901
    vertex 3311.515051567653 197.27054631349966 556.0281457409901
  endloop
endfacet
facet normal -0.13052619222009473 0.9914448613738048 -6.929604434529383e-14
  outer loop
    vertex 3311.1268229999987 197.21943505293325 556.0281457409901
    vertex 3311.515051567653 197.27054631349947 553.02814574099
    vertex 3311.1268229999996 197.21943505293305 553.02814574099
  endloop
endfacet
facet normal -0.38268343236506647 0.9238795325112966 -8.387606953834356e-14
  outer loop
    vertex 3311.876822999999 197.4203969472564 553.02814574099
    vertex 3311.515051567653 197.27054631349966 556.0281457409901
    vertex 3311.8768229999987 197.4203969472566 556.0281457409901
  endloop
endfacet
facet normal -0.38268343236506647 0.9238795325112966 -8.387606953834356e-14
  outer loop
    vertex 3311.515051567653 197.27054631349966 556.0281457409901
    vertex 3311.876822999999 197.4203969472564 553.02814574099
    vertex 3311.515051567653 197.27054631349947 553.02814574099
  endloop
endfacet
facet normal -0.6087614290087409 0.7933533402912196 -9.273699621596614e-14
  outer loop
    vertex 3312.187483171779 197.65877488115322 553.0281457409903
    vertex 3311.8768229999987 197.4203969472566 556.0281457409901
    vertex 3312.1874831717787 197.65877488115342 556.0281457409905
  endloop
endfacet
facet normal -0.6087614290087409 0.7933533402912196 -9.273699621596614e-14
  outer loop
    vertex 3311.8768229999987 197.4203969472566 556.0281457409901
    vertex 3312.187483171779 197.65877488115322 553.0281457409903
    vertex 3311.876822999999 197.4203969472564 553.02814574099
  endloop
endfacet
facet normal -0.7933533402912067 0.6087614290087577 -9.528148492571271e-14
  outer loop
    vertex 3312.4258611056757 197.96943505293325 556.0281457409897
    vertex 3312.187483171779 197.65877488115322 553.0281457409903
    vertex 3312.1874831717787 197.65877488115342 556.0281457409905
  endloop
endfacet
facet normal -0.7933533402912067 0.6087614290087577 -9.528148492571271e-14
  outer loop
    vertex 3312.187483171779 197.65877488115322 553.0281457409903
    vertex 3312.4258611056757 197.96943505293325 556.0281457409897
    vertex 3312.4258611056757 197.96943505293308 553.0281457409897
  endloop
endfacet
facet normal -0.9238795325112966 0.38268343236506647 -9.133597185025768e-14
  outer loop
    vertex 3312.5757117394323 198.33120648527947 556.0281457409897
    vertex 3312.4258611056757 197.96943505293308 553.0281457409897
    vertex 3312.4258611056757 197.96943505293325 556.0281457409897
  endloop
endfacet
facet normal -0.9238795325112966 0.38268343236506647 -9.133597185025768e-14
  outer loop
    vertex 3312.4258611056757 197.96943505293308 553.0281457409897
    vertex 3312.5757117394323 198.33120648527947 556.0281457409897
    vertex 3312.5757117394323 198.33120648527927 553.0281457409897
  endloop
endfacet
facet normal -0.9914448613738048 0.13052619222009473 -8.116098394521441e-14
  outer loop
    vertex 3312.626822999999 198.71943505293325 556.0281457409901
    vertex 3312.5757117394323 198.33120648527927 553.0281457409897
    vertex 3312.5757117394323 198.33120648527947 556.0281457409897
  endloop
endfacet
facet normal -0.9914448613738048 0.13052619222009473 -8.116098394521441e-14
  outer loop
    vertex 3312.5757117394323 198.33120648527927 553.0281457409897
    vertex 3312.626822999999 198.71943505293325 556.0281457409901
    vertex 3312.626822999999 198.71943505293308 553.02814574099
  endloop
endfacet
facet normal -0.9914448613738048 -0.13052619222009473 -6.545538161105294e-14
  outer loop
    vertex 3312.5757117394323 199.10766362058706 556.02814574099
    vertex 3312.626822999999 198.71943505293308 553.02814574099
    vertex 3312.626822999999 198.71943505293325 556.0281457409901
  endloop
endfacet
facet normal -0.9914448613738048 -0.13052619222009473 -6.545538161105294e-14
  outer loop
    vertex 3312.626822999999 198.71943505293308 553.02814574099
    vertex 3312.5757117394323 199.10766362058706 556.02814574099
    vertex 3312.5757117394323 199.1076636205869 553.0281457409899
  endloop
endfacet
facet normal -0.9238795325112966 -0.38268343236506647 -4.5288910369074793e-14
  outer loop
    vertex 3312.4258611056757 199.46943505293328 556.0281457409903
    vertex 3312.5757117394323 199.1076636205869 553.0281457409899
    vertex 3312.5757117394323 199.10766362058706 556.02814574099
  endloop
endfacet
facet normal -0.9238795325112966 -0.38268343236506647 -4.5288910369074793e-14
  outer loop
    vertex 3312.5757117394323 199.1076636205869 553.0281457409899
    vertex 3312.4258611056757 199.46943505293328 556.0281457409903
    vertex 3312.4258611056757 199.46943505293308 553.0281457409903
  endloop
endfacet
facet normal -0.7933533402912067 -0.6087614290087576 -2.203729634555955e-14
  outer loop
    vertex 3312.1874831717787 199.7800952247131 556.0281457409901
    vertex 3312.4258611056757 199.46943505293308 553.0281457409903
    vertex 3312.4258611056757 199.46943505293328 556.0281457409903
  endloop
endfacet
facet normal -0.7933533402912067 -0.6087614290087576 -2.203729634555955e-14
  outer loop
    vertex 3312.4258611056757 199.46943505293308 553.0281457409903
    vertex 3312.1874831717787 199.7800952247131 556.0281457409901
    vertex 3312.187483171779 199.78009522471294 553.0281457409903
  endloop
endfacet
facet normal -0.6087614290087409 -0.7933533402912198 2.7110953947402165e-15
  outer loop
    vertex 3311.876822999999 200.01847315860977 553.0281457409902
    vertex 3312.1874831717787 199.7800952247131 556.0281457409901
    vertex 3311.8768229999987 200.01847315860994 556.0281457409902
  endloop
endfacet
facet normal -0.6087614290087409 -0.7933533402912198 2.7110953947402165e-15
  outer loop
    vertex 3312.1874831717787 199.7800952247131 556.0281457409901
    vertex 3311.876822999999 200.01847315860977 553.0281457409902
    vertex 3312.187483171779 199.78009522471294 553.0281457409903
  endloop
endfacet
facet normal -0.38268343236506647 -0.9238795325112966 2.7284190365473386e-14
  outer loop
    vertex 3311.515051567653 200.16832379236686 556.0281457409899
    vertex 3311.876822999999 200.01847315860977 553.0281457409902
    vertex 3311.8768229999987 200.01847315860994 556.0281457409902
  endloop
endfacet
facet normal -0.38268343236506647 -0.9238795325112966 2.7284190365473386e-14
  outer loop
    vertex 3311.876822999999 200.01847315860977 553.0281457409902
    vertex 3311.515051567653 200.16832379236686 556.0281457409899
    vertex 3311.515051567653 200.1683237923667 553.0281457409899
  endloop
endfacet
facet normal -4.29221821788909e-27 -1.0 5.804934644648095e-14
  outer loop
    vertex 3316.126822999999 180.46943505293282 549.0281457409906
    vertex 3323.1268229999987 180.46943505293305 553.0281457409918
    vertex 3316.126822999999 180.46943505293305 553.0281457409912
  endloop
endfacet
facet normal -4.29221821788909e-27 -1.0 5.804934644648095e-14
  outer loop
    vertex 3323.1268229999987 180.46943505293305 553.0281457409918
    vertex 3316.126822999999 180.46943505293282 549.0281457409906
    vertex 3323.1268229999996 180.46943505293282 549.0281457409911
  endloop
endfacet
facet normal 5.680013706980658e-15 1.0 -3.0816364688467973e-14
  outer loop
    vertex 3323.1268229999987 210.4694350529331 553.0281457409898
    vertex 3290.126823 210.46943505293316 549.0281457409881
    vertex 3290.126822999999 210.4694350529333 553.0281457409887
  endloop
endfacet
facet normal 5.680013706980658e-15 1.0 -3.0816364688467973e-14
  outer loop
    vertex 3290.126823 210.46943505293316 549.0281457409881
    vertex 3323.1268229999987 210.4694350529331 553.0281457409898
    vertex 3323.1268229999996 210.46943505293297 549.0281457409891
  endloop
endfacet
facet normal 7.394085344003532e-14 -7.755331490713209e-14 -1.0
  outer loop
    vertex 3314.0516067365443 198.05187225106414 553.0281457409898
    vertex 3314.1184343915425 198.94362533369232 553.0281457409901
    vertex 3314.1184343915425 198.49524477217383 553.0281457409903
  endloop
endfacet
facet normal 7.394085344003532e-14 -7.755331490713209e-14 -1.0
  outer loop
    vertex 3314.1184343915425 198.94362533369232 553.0281457409901
    vertex 3314.0516067365443 198.05187225106414 553.0281457409898
    vertex 3314.0516067365443 199.38699785480202 553.0281457409905
  endloop
endfacet
facet normal 7.394085344003532e-14 -7.755331490713209e-14 -1.0
  outer loop
    vertex 3314.0516067365443 199.38699785480202 553.0281457409905
    vertex 3314.0516067365443 198.05187225106414 553.0281457409898
    vertex 3313.9194442459316 197.6234119798339 553.0281457409902
  endloop
endfacet
facet normal 7.394085344003532e-14 -7.755331490713209e-14 -1.0
  outer loop
    vertex 3314.0516067365443 199.38699785480202 553.0281457409905
    vertex 3313.9194442459316 197.6234119798339 553.0281457409902
    vertex 3313.9194442459316 199.81545812603227 553.0281457409903
  endloop
endfacet
facet normal 7.394085344003532e-14 -7.755331490713209e-14 -1.0
  outer loop
    vertex 3313.9194442459316 199.81545812603227 553.0281457409903
    vertex 3313.9194442459316 197.6234119798339 553.0281457409902
    vertex 3313.7248992113523 197.21943505293305 553.0281457409902
  endloop
endfacet
facet normal 7.394085344003532e-14 -7.755331490713209e-14 -1.0
  outer loop
    vertex 3313.9194442459316 199.81545812603227 553.0281457409903
    vertex 3313.7248992113523 197.21943505293305 553.0281457409902
    vertex 3313.7248992113523 200.21943505293305 553.02814574099
  endloop
endfacet
facet normal 7.394085344003532e-14 -7.755331490713209e-14 -1.0
  outer loop
    vertex 3313.7248992113523 200.21943505293305 553.02814574099
    vertex 3313.7248992113523 197.21943505293305 553.0281457409902
    vertex 3313.4723174474034 196.8489656473569 553.0281457409906
  endloop
endfacet
facet normal 7.394085344003532e-14 -7.755331490713209e-14 -1.0
  outer loop
    vertex 3313.7248992113523 200.21943505293305 553.02814574099
    vertex 3313.4723174474034 196.8489656473569 553.0281457409906
    vertex 3313.4723174474034 200.58990445850927 553.0281457409899
  endloop
endfacet
facet normal 7.394085344003532e-14 -7.755331490713209e-14 -1.0
  outer loop
    vertex 3313.4723174474034 200.58990445850927 553.0281457409899
    vertex 3313.4723174474034 196.8489656473569 553.0281457409906
    vertex 3313.1673412133123 196.52027943744358 553.0281457409906
  endloop
endfacet
facet normal 7.394085344003532e-14 -7.755331490713209e-14 -1.0
  outer loop
    vertex 3313.4723174474034 200.58990445850927 553.0281457409899
    vertex 3313.1673412133123 196.52027943744358 553.0281457409906
    vertex 3313.1673412133123 200.91859066842258 553.0281457409895
  endloop
endfacet
facet normal 7.394085344003532e-14 -7.755331490713209e-14 -1.0
  outer loop
    vertex 3313.1673412133123 200.91859066842258 553.0281457409895
    vertex 3313.1673412133123 196.52027943744358 553.0281457409906
    vertex 3312.8167831741903 196.2407187299851 553.0281457409906
  endloop
endfacet
facet normal 7.394085344003532e-14 -7.755331490713209e-14 -1.0
  outer loop
    vertex 3313.1673412133123 200.91859066842258 553.0281457409895
    vertex 3312.8167831741903 196.2407187299851 553.0281457409906
    vertex 3312.8167831741903 201.19815137588105 553.0281457409895
  endloop
endfacet
facet normal 7.394085344003532e-14 -7.755331490713209e-14 -1.0
  outer loop
    vertex 3312.8167831741903 201.19815137588105 553.0281457409895
    vertex 3312.8167831741903 196.2407187299851 553.0281457409906
    vertex 3312.428474217352 196.01652844922583 553.0281457409901
  endloop
endfacet
facet normal 7.394085344003532e-14 -7.755331490713209e-14 -1.0
  outer loop
    vertex 3312.8167831741903 201.19815137588105 553.0281457409895
    vertex 3312.428474217352 196.01652844922583 553.0281457409901
    vertex 3312.626822999999 198.71943505293308 553.02814574099
  endloop
endfacet
facet normal 7.394085344003532e-14 -7.755331490713209e-14 -1.0
  outer loop
    vertex 3312.626822999999 198.71943505293308 553.02814574099
    vertex 3312.428474217352 196.01652844922583 553.0281457409901
    vertex 3312.5757117394323 198.33120648527927 553.0281457409897
  endloop
endfacet
facet normal 7.394085344003532e-14 -7.755331490713209e-14 -1.0
  outer loop
    vertex 3312.5757117394323 198.33120648527927 553.0281457409897
    vertex 3312.428474217352 196.01652844922583 553.0281457409901
    vertex 3312.4258611056757 197.96943505293308 553.0281457409897
  endloop
endfacet
facet normal 7.394085344003532e-14 -7.755331490713209e-14 -1.0
  outer loop
    vertex 3312.4258611056757 197.96943505293308 553.0281457409897
    vertex 3312.428474217352 196.01652844922583 553.0281457409901
    vertex 3312.0110885232316 195.85271663557464 553.0281457409901
  endloop
endfacet
facet normal 7.394085344003532e-14 -7.755331490713209e-14 -1.0
  outer loop
    vertex 3312.4258611056757 197.96943505293308 553.0281457409897
    vertex 3312.0110885232316 195.85271663557464 553.0281457409901
    vertex 3312.187483171779 197.65877488115322 553.0281457409903
  endloop
endfacet
facet normal 7.394085344003532e-14 -7.755331490713209e-14 -1.0
  outer loop
    vertex 3312.187483171779 197.65877488115322 553.0281457409903
    vertex 3312.0110885232316 195.85271663557464 553.0281457409901
    vertex 3311.876822999999 197.4203969472564 553.02814574099
  endloop
endfacet
facet normal 7.394085344003532e-14 -7.755331490713209e-14 -1.0
  outer loop
    vertex 3311.876822999999 197.4203969472564 553.02814574099
    vertex 3312.0110885232316 195.85271663557464 553.0281457409901
    vertex 3311.573949798528 195.7529425742577 553.0281457409901
  endloop
endfacet
facet normal 7.394085344003532e-14 -7.755331490713209e-14 -1.0
  outer loop
    vertex 3311.876822999999 197.4203969472564 553.02814574099
    vertex 3311.573949798528 195.7529425742577 553.0281457409901
    vertex 3311.515051567653 197.27054631349947 553.02814574099
  endloop
endfacet
facet normal 7.394085344003532e-14 -7.755331490713209e-14 -1.0
  outer loop
    vertex 3311.515051567653 197.27054631349947 553.02814574099
    vertex 3311.573949798528 195.7529425742577 553.0281457409901
    vertex 3311.1268229999996 195.71943505293308 553.02814574099
  endloop
endfacet
facet normal 7.394085344003532e-14 -7.755331490713209e-14 -1.0
  outer loop
    vertex 3311.515051567653 197.27054631349947 553.02814574099
    vertex 3311.1268229999996 195.71943505293308 553.02814574099
    vertex 3311.1268229999996 197.21943505293305 553.02814574099
  endloop
endfacet
facet normal 7.394085344003532e-14 -7.755331490713209e-14 -1.0
  outer loop
    vertex 3311.1268229999996 197.21943505293305 553.02814574099
    vertex 3311.1268229999996 195.71943505293308 553.02814574099
    vertex 3310.6796962014705 195.7529425742577 553.02814574099
  endloop
endfacet
facet normal 7.394085344003532e-14 -7.755331490713209e-14 -1.0
  outer loop
    vertex 3311.1268229999996 197.21943505293305 553.02814574099
    vertex 3310.6796962014705 195.7529425742577 553.02814574099
    vertex 3310.7385944323455 197.27054631349947 553.0281457409899
  endloop
endfacet
facet normal 7.394085344003532e-14 -7.755331490713209e-14 -1.0
  outer loop
    vertex 3310.7385944323455 197.27054631349947 553.0281457409899
    vertex 3310.6796962014705 195.7529425742577 553.02814574099
    vertex 3310.3768229999987 197.4203969472564 553.0281457409899
  endloop
endfacet
facet normal 7.394085344003532e-14 -7.755331490713209e-14 -1.0
  outer loop
    vertex 3310.3768229999987 197.4203969472564 553.0281457409899
    vertex 3310.6796962014705 195.7529425742577 553.02814574099
    vertex 3310.2425574767663 195.85271663557464 553.02814574099
  endloop
endfacet
facet normal 7.394085344003532e-14 -7.755331490713209e-14 -1.0
  outer loop
    vertex 3310.3768229999987 197.4203969472564 553.0281457409899
    vertex 3310.2425574767663 195.85271663557464 553.02814574099
    vertex 3310.0661628282196 197.65877488115322 553.0281457409902
  endloop
endfacet
facet normal 7.394085344003532e-14 -7.755331490713209e-14 -1.0
  outer loop
    vertex 3310.0661628282196 197.65877488115322 553.0281457409902
    vertex 3310.2425574767663 195.85271663557464 553.02814574099
    vertex 3309.8251717826465 196.01652844922583 553.0281457409899
  endloop
endfacet
facet normal 7.394085344003532e-14 -7.755331490713209e-14 -1.0
  outer loop
    vertex 3310.0661628282196 197.65877488115322 553.0281457409902
    vertex 3309.8251717826465 196.01652844922583 553.0281457409899
    vertex 3309.827784894322 197.96943505293308 553.0281457409895
  endloop
endfacet
facet normal 7.394085344003532e-14 -7.755331490713209e-14 -1.0
  outer loop
    vertex 3309.827784894322 197.96943505293308 553.0281457409895
    vertex 3309.8251717826465 196.01652844922583 553.0281457409899
    vertex 3309.6779342605655 198.33120648527927 553.0281457409895
  endloop
endfacet
facet normal 7.394085344003532e-14 -7.755331490713209e-14 -1.0
  outer loop
    vertex 3309.6779342605655 198.33120648527927 553.0281457409895
    vertex 3309.8251717826465 196.01652844922583 553.0281457409899
    vertex 3309.436862825808 196.2407187299851 553.0281457409903
  endloop
endfacet
facet normal 7.394085344003532e-14 -7.755331490713209e-14 -1.0
  outer loop
    vertex 3309.6779342605655 198.33120648527927 553.0281457409895
    vertex 3309.436862825808 196.2407187299851 553.0281457409903
    vertex 3309.626822999999 198.71943505293308 553.0281457409898
  endloop
endfacet
facet normal 7.394085344003532e-14 -7.755331490713209e-14 -1.0
  outer loop
    vertex 3312.626822999999 198.71943505293308 553.02814574099
    vertex 3312.428474217352 201.42234165664033 553.0281457409895
    vertex 3312.8167831741903 201.19815137588105 553.0281457409895
  endloop
endfacet
facet normal 7.394085344003532e-14 -7.755331490713209e-14 -1.0
  outer loop
    vertex 3312.428474217352 201.42234165664033 553.0281457409895
    vertex 3312.626822999999 198.71943505293308 553.02814574099
    vertex 3312.5757117394323 199.1076636205869 553.0281457409899
  endloop
endfacet
facet normal 7.394085344003532e-14 -7.755331490713209e-14 -1.0
  outer loop
    vertex 3312.428474217352 201.42234165664033 553.0281457409895
    vertex 3312.5757117394323 199.1076636205869 553.0281457409899
    vertex 3312.4258611056757 199.46943505293308 553.0281457409903
  endloop
endfacet
facet normal 7.394085344003532e-14 -7.755331490713209e-14 -1.0
  outer loop
    vertex 3312.428474217352 201.42234165664033 553.0281457409895
    vertex 3312.4258611056757 199.46943505293308 553.0281457409903
    vertex 3312.0110885232316 201.58615347029152 553.0281457409899
  endloop
endfacet
facet normal 7.394085344003532e-14 -7.755331490713209e-14 -1.0
  outer loop
    vertex 3312.0110885232316 201.58615347029152 553.0281457409899
    vertex 3312.4258611056757 199.46943505293308 553.0281457409903
    vertex 3312.187483171779 199.78009522471294 553.0281457409903
  endloop
endfacet
facet normal 7.394085344003532e-14 -7.755331490713209e-14 -1.0
  outer loop
    vertex 3312.0110885232316 201.58615347029152 553.0281457409899
    vertex 3312.187483171779 199.78009522471294 553.0281457409903
    vertex 3311.876822999999 200.01847315860977 553.0281457409902
  endloop
endfacet
facet normal 7.394085344003532e-14 -7.755331490713209e-14 -1.0
  outer loop
    vertex 3312.0110885232316 201.58615347029152 553.0281457409899
    vertex 3311.876822999999 200.01847315860977 553.0281457409902
    vertex 3311.573949798528 201.68592753160846 553.0281457409898
  endloop
endfacet
facet normal 7.394085344003532e-14 -7.755331490713209e-14 -1.0
  outer loop
    vertex 3311.573949798528 201.68592753160846 553.0281457409898
    vertex 3311.876822999999 200.01847315860977 553.0281457409902
    vertex 3311.515051567653 200.1683237923667 553.0281457409899
  endloop
endfacet
facet normal 7.394085344003532e-14 -7.755331490713209e-14 -1.0
  outer loop
    vertex 3311.573949798528 201.68592753160846 553.0281457409898
    vertex 3311.515051567653 200.1683237923667 553.0281457409899
    vertex 3311.1268229999996 201.71943505293308 553.0281457409898
  endloop
endfacet
facet normal 7.394085344003532e-14 -7.755331490713209e-14 -1.0
  outer loop
    vertex 3311.1268229999996 201.71943505293308 553.0281457409898
    vertex 3311.515051567653 200.1683237923667 553.0281457409899
    vertex 3311.1268229999996 200.2194350529331 553.0281457409899
  endloop
endfacet
facet normal 7.394085344003532e-14 -7.755331490713209e-14 -1.0
  outer loop
    vertex 3311.1268229999996 201.71943505293308 553.0281457409898
    vertex 3311.1268229999996 200.2194350529331 553.0281457409899
    vertex 3310.7385944323455 200.1683237923667 553.0281457409898
  endloop
endfacet
facet normal 7.394085344003532e-14 -7.755331490713209e-14 -1.0
  outer loop
    vertex 3311.1268229999996 201.71943505293308 553.0281457409898
    vertex 3310.7385944323455 200.1683237923667 553.0281457409898
    vertex 3310.6796962014705 201.68592753160846 553.0281457409897
  endloop
endfacet
facet normal 7.394085344003532e-14 -7.755331490713209e-14 -1.0
  outer loop
    vertex 3310.6796962014705 201.68592753160846 553.0281457409897
    vertex 3310.7385944323455 200.1683237923667 553.0281457409898
    vertex 3310.3768229999987 200.01847315860977 553.0281457409901
  endloop
endfacet
facet normal 7.394085344003532e-14 -7.755331490713209e-14 -1.0
  outer loop
    vertex 3310.6796962014705 201.68592753160846 553.0281457409897
    vertex 3310.3768229999987 200.01847315860977 553.0281457409901
    vertex 3310.2425574767663 201.58615347029152 553.0281457409899
  endloop
endfacet
facet normal 7.394085344003532e-14 -7.755331490713209e-14 -1.0
  outer loop
    vertex 3310.2425574767663 201.58615347029152 553.0281457409899
    vertex 3310.3768229999987 200.01847315860977 553.0281457409901
    vertex 3310.0661628282196 199.78009522471294 553.0281457409901
  endloop
endfacet
facet normal 7.394085344003532e-14 -7.755331490713209e-14 -1.0
  outer loop
    vertex 3310.2425574767663 201.58615347029152 553.0281457409899
    vertex 3310.0661628282196 199.78009522471294 553.0281457409901
    vertex 3309.8251717826465 201.42234165664033 553.0281457409893
  endloop
endfacet
facet normal 7.394085344003532e-14 -7.755331490713209e-14 -1.0
  outer loop
    vertex 3309.8251717826465 201.42234165664033 553.0281457409893
    vertex 3310.0661628282196 199.78009522471294 553.0281457409901
    vertex 3309.827784894322 199.46943505293308 553.0281457409901
  endloop
endfacet
facet normal 7.394085344003532e-14 -7.755331490713209e-14 -1.0
  outer loop
    vertex 3309.8251717826465 201.42234165664033 553.0281457409893
    vertex 3309.827784894322 199.46943505293308 553.0281457409901
    vertex 3309.6779342605655 199.1076636205869 553.0281457409898
  endloop
endfacet
facet normal 7.394085344003532e-14 -7.755331490713209e-14 -1.0
  outer loop
    vertex 3309.8251717826465 201.42234165664033 553.0281457409893
    vertex 3309.6779342605655 199.1076636205869 553.0281457409898
    vertex 3309.436862825808 201.19815137588105 553.0281457409893
  endloop
endfacet
facet normal 7.394085344003532e-14 -7.755331490713209e-14 -1.0
  outer loop
    vertex 3309.436862825808 201.19815137588105 553.0281457409893
    vertex 3309.6779342605655 199.1076636205869 553.0281457409898
    vertex 3309.626822999999 198.71943505293308 553.0281457409898
  endloop
endfacet
facet normal 7.394085344003532e-14 -7.755331490713209e-14 -1.0
  outer loop
    vertex 3309.436862825808 201.19815137588105 553.0281457409893
    vertex 3309.626822999999 198.71943505293308 553.0281457409898
    vertex 3309.436862825808 196.2407187299851 553.0281457409903
  endloop
endfacet
facet normal 7.394085344003532e-14 -7.755331490713209e-14 -1.0
  outer loop
    vertex 3309.436862825808 201.19815137588105 553.0281457409893
    vertex 3309.436862825808 196.2407187299851 553.0281457409903
    vertex 3309.086304786686 196.52027943744358 553.0281457409902
  endloop
endfacet
facet normal 7.394085344003532e-14 -7.755331490713209e-14 -1.0
  outer loop
    vertex 3309.436862825808 201.19815137588105 553.0281457409893
    vertex 3309.086304786686 196.52027943744358 553.0281457409902
    vertex 3309.086304786686 200.91859066842258 553.0281457409892
  endloop
endfacet
facet normal 7.394085344003532e-14 -7.755331490713209e-14 -1.0
  outer loop
    vertex 3309.086304786686 200.91859066842258 553.0281457409892
    vertex 3309.086304786686 196.52027943744358 553.0281457409902
    vertex 3308.7813285525954 196.8489656473569 553.0281457409902
  endloop
endfacet
facet normal 7.394085344003532e-14 -7.755331490713209e-14 -1.0
  outer loop
    vertex 3309.086304786686 200.91859066842258 553.0281457409892
    vertex 3308.7813285525954 196.8489656473569 553.0281457409902
    vertex 3308.7813285525954 200.58990445850927 553.0281457409895
  endloop
endfacet
facet normal 7.394085344003532e-14 -7.755331490713209e-14 -1.0
  outer loop
    vertex 3308.7813285525954 200.58990445850927 553.0281457409895
    vertex 3308.7813285525954 196.8489656473569 553.0281457409902
    vertex 3308.528746788646 197.2194350529331 553.0281457409898
  endloop
endfacet
facet normal 7.394085344003532e-14 -7.755331490713209e-14 -1.0
  outer loop
    vertex 3308.7813285525954 200.58990445850927 553.0281457409895
    vertex 3308.528746788646 197.2194350529331 553.0281457409898
    vertex 3308.528746788646 200.2194350529331 553.0281457409895
  endloop
endfacet
facet normal 7.394085344003532e-14 -7.755331490713209e-14 -1.0
  outer loop
    vertex 3308.528746788646 200.2194350529331 553.0281457409895
    vertex 3308.528746788646 197.2194350529331 553.0281457409898
    vertex 3308.3342017540663 197.6234119798339 553.0281457409898
  endloop
endfacet
facet normal 7.394085344003532e-14 -7.755331490713209e-14 -1.0
  outer loop
    vertex 3308.528746788646 200.2194350529331 553.0281457409895
    vertex 3308.3342017540663 197.6234119798339 553.0281457409898
    vertex 3308.3342017540663 199.81545812603227 553.02814574099
  endloop
endfacet
facet normal 7.394085344003532e-14 -7.755331490713209e-14 -1.0
  outer loop
    vertex 3308.3342017540663 199.81545812603227 553.02814574099
    vertex 3308.3342017540663 197.6234119798339 553.0281457409898
    vertex 3308.2020392634536 198.05187225106414 553.0281457409894
  endloop
endfacet
facet normal 7.394085344003532e-14 -7.755331490713209e-14 -1.0
  outer loop
    vertex 3308.3342017540663 199.81545812603227 553.02814574099
    vertex 3308.2020392634536 198.05187225106414 553.0281457409894
    vertex 3308.2020392634536 199.38699785480202 553.02814574099
  endloop
endfacet
facet normal 7.394085344003532e-14 -7.755331490713209e-14 -1.0
  outer loop
    vertex 3308.2020392634536 199.38699785480202 553.02814574099
    vertex 3308.2020392634536 198.05187225106414 553.0281457409894
    vertex 3308.135211608456 198.49524477217383 553.0281457409899
  endloop
endfacet
facet normal 7.394085344003532e-14 -7.755331490713209e-14 -1.0
  outer loop
    vertex 3308.2020392634536 199.38699785480202 553.02814574099
    vertex 3308.135211608456 198.49524477217383 553.0281457409899
    vertex 3308.135211608456 198.94362533369232 553.0281457409897
  endloop
endfacet
facet normal 0.07473009358644082 0.9972037971811789 -5.071585573494385e-14
  outer loop
    vertex 3311.1268229999996 195.71943505293285 549.02814574099
    vertex 3310.6796962014705 195.7529425742577 553.02814574099
    vertex 3311.1268229999996 195.71943505293308 553.02814574099
  endloop
endfacet
facet normal 0.07473009358644082 0.9972037971811789 -5.071585573494385e-14
  outer loop
    vertex 3310.6796962014705 195.7529425742577 553.02814574099
    vertex 3311.1268229999996 195.71943505293285 549.02814574099
    vertex 3310.679696201471 195.75294257425747 549.02814574099
  endloop
endfacet
facet normal 0.22252093395626618 0.9749279121818347 -3.8532799069567645e-14
  outer loop
    vertex 3310.679696201471 195.75294257425747 549.02814574099
    vertex 3310.2425574767663 195.85271663557464 553.02814574099
    vertex 3310.6796962014705 195.7529425742577 553.02814574099
  endloop
endfacet
facet normal 0.22252093395626618 0.9749279121818347 -3.8532799069567645e-14
  outer loop
    vertex 3310.2425574767663 195.85271663557464 553.02814574099
    vertex 3310.679696201471 195.75294257425747 549.02814574099
    vertex 3310.2425574767663 195.8527166355744 549.02814574099
  endloop
endfacet
facet normal 0.36534102436637705 0.9308737486442115 -2.548585867411854e-14
  outer loop
    vertex 3310.2425574767663 195.8527166355744 549.02814574099
    vertex 3309.8251717826465 196.01652844922583 553.0281457409899
    vertex 3310.2425574767663 195.85271663557464 553.02814574099
  endloop
endfacet
facet normal 0.36534102436637705 0.9308737486442115 -2.548585867411854e-14
  outer loop
    vertex 3309.8251717826465 196.01652844922583 553.0281457409899
    vertex 3310.2425574767663 195.8527166355744 549.02814574099
    vertex 3309.8251717826465 196.0165284492256 549.02814574099
  endloop
endfacet
facet normal 0.5000000000000681 0.8660254037843994 -1.1871737392348624e-14
  outer loop
    vertex 3309.8251717826465 196.01652844922583 553.0281457409899
    vertex 3309.4368628258085 196.2407187299849 549.0281457409903
    vertex 3309.436862825808 196.2407187299851 553.0281457409903
  endloop
endfacet
facet normal 0.5000000000000681 0.8660254037843994 -1.1871737392348624e-14
  outer loop
    vertex 3309.4368628258085 196.2407187299849 549.0281457409903
    vertex 3309.8251717826465 196.01652844922583 553.0281457409899
    vertex 3309.8251717826465 196.0165284492256 549.02814574099
  endloop
endfacet
facet normal 0.623489801858651 0.7818314824680956 2.0075788852849732e-15
  outer loop
    vertex 3309.4368628258085 196.2407187299849 549.0281457409903
    vertex 3309.086304786686 196.52027943744358 553.0281457409902
    vertex 3309.436862825808 196.2407187299851 553.0281457409903
  endloop
endfacet
facet normal 0.623489801858651 0.7818314824680956 2.0075788852849732e-15
  outer loop
    vertex 3309.086304786686 196.52027943744358 553.0281457409902
    vertex 3309.4368628258085 196.2407187299849 549.0281457409903
    vertex 3309.086304786687 196.52027943744335 549.0281457409902
  endloop
endfacet
facet normal 0.7330518718298875 0.6801727377708534 1.584353594889786e-14
  outer loop
    vertex 3308.7813285525954 196.84896564735666 549.0281457409902
    vertex 3309.086304786686 196.52027943744358 553.0281457409902
    vertex 3309.086304786687 196.52027943744335 549.0281457409902
  endloop
endfacet
facet normal 0.7330518718298875 0.6801727377708534 1.584353594889786e-14
  outer loop
    vertex 3309.086304786686 196.52027943744358 553.0281457409902
    vertex 3308.7813285525954 196.84896564735666 549.0281457409902
    vertex 3308.7813285525954 196.8489656473569 553.0281457409902
  endloop
endfacet
facet normal 0.8262387743159608 0.5633200580636721 2.932386560467868e-14
  outer loop
    vertex 3308.528746788646 197.21943505293288 549.0281457409898
    vertex 3308.7813285525954 196.8489656473569 553.0281457409902
    vertex 3308.7813285525954 196.84896564735666 549.0281457409902
  endloop
endfacet
facet normal 0.8262387743159608 0.5633200580636721 2.932386560467868e-14
  outer loop
    vertex 3308.7813285525954 196.8489656473569 553.0281457409902
    vertex 3308.528746788646 197.21943505293288 549.0281457409898
    vertex 3308.528746788646 197.2194350529331 553.0281457409898
  endloop
endfacet
facet normal 0.9009688679024691 0.4338837391174548 4.2149148559109304e-14
  outer loop
    vertex 3308.334201754067 197.62341197983366 549.0281457409898
    vertex 3308.528746788646 197.2194350529331 553.0281457409898
    vertex 3308.528746788646 197.21943505293288 549.0281457409898
  endloop
endfacet
facet normal 0.9009688679024691 0.4338837391174548 4.2149148559109304e-14
  outer loop
    vertex 3308.528746788646 197.2194350529331 553.0281457409898
    vertex 3308.334201754067 197.62341197983366 549.0281457409898
    vertex 3308.3342017540663 197.6234119798339 553.0281457409898
  endloop
endfacet
facet normal 0.9555728057861258 0.2947551744109528 5.403290246148541e-14
  outer loop
    vertex 3308.2020392634536 198.0518722510639 549.0281457409894
    vertex 3308.3342017540663 197.6234119798339 553.0281457409898
    vertex 3308.334201754067 197.62341197983366 549.0281457409898
  endloop
endfacet
facet normal 0.9555728057861258 0.2947551744109528 5.403290246148541e-14
  outer loop
    vertex 3308.3342017540663 197.6234119798339 553.0281457409898
    vertex 3308.2020392634536 198.0518722510639 549.0281457409894
    vertex 3308.2020392634536 198.05187225106414 553.0281457409894
  endloop
endfacet
facet normal 0.9888308262251236 0.14904226617620764 6.470862269255784e-14
  outer loop
    vertex 3308.135211608456 198.4952447721736 549.0281457409899
    vertex 3308.2020392634536 198.05187225106414 553.0281457409894
    vertex 3308.2020392634536 198.0518722510639 549.0281457409894
  endloop
endfacet
facet normal 0.9888308262251236 0.14904226617620764 6.470862269255784e-14
  outer loop
    vertex 3308.2020392634536 198.05187225106414 553.0281457409894
    vertex 3308.135211608456 198.4952447721736 549.0281457409899
    vertex 3308.135211608456 198.49524477217383 553.0281457409899
  endloop
endfacet
facet normal 1.0 0.0 7.394085344003543e-14
  outer loop
    vertex 3308.135211608456 198.9436253336921 549.0281457409897
    vertex 3308.135211608456 198.49524477217383 553.0281457409899
    vertex 3308.135211608456 198.4952447721736 549.0281457409899
  endloop
endfacet
facet normal 1.0 0.0 7.394085344003543e-14
  outer loop
    vertex 3308.135211608456 198.49524477217383 553.0281457409899
    vertex 3308.135211608456 198.9436253336921 549.0281457409897
    vertex 3308.135211608456 198.94362533369232 553.0281457409897
  endloop
endfacet
facet normal 0.9888308262251236 -0.14904226617620764 8.152166920473236e-14
  outer loop
    vertex 3308.2020392634536 199.3869978548018 549.02814574099
    vertex 3308.135211608456 198.94362533369232 553.0281457409897
    vertex 3308.135211608456 198.9436253336921 549.0281457409897
  endloop
endfacet
facet normal 0.9888308262251236 -0.14904226617620764 8.152166920473236e-14
  outer loop
    vertex 3308.135211608456 198.94362533369232 553.0281457409897
    vertex 3308.2020392634536 199.3869978548018 549.02814574099
    vertex 3308.2020392634536 199.38699785480202 553.02814574099
  endloop
endfacet
facet normal 0.9555728057861258 -0.2947551744109527 8.727884838375795e-14
  outer loop
    vertex 3308.334201754067 199.81545812603204 549.02814574099
    vertex 3308.2020392634536 199.38699785480202 553.02814574099
    vertex 3308.2020392634536 199.3869978548018 549.02814574099
  endloop
endfacet
facet normal 0.9555728057861258 -0.2947551744109527 8.727884838375795e-14
  outer loop
    vertex 3308.2020392634536 199.38699785480202 553.02814574099
    vertex 3308.334201754067 199.81545812603204 549.02814574099
    vertex 3308.3342017540663 199.81545812603227 553.02814574099
  endloop
endfacet
facet normal 0.900968867902488 -0.4338837391174155 9.108766547211209e-14
  outer loop
    vertex 3308.528746788646 200.21943505293288 549.0281457409895
    vertex 3308.3342017540663 199.81545812603227 553.02814574099
    vertex 3308.334201754067 199.81545812603204 549.02814574099
  endloop
endfacet
facet normal 0.900968867902488 -0.4338837391174155 9.108766547211209e-14
  outer loop
    vertex 3308.3342017540663 199.81545812603227 553.02814574099
    vertex 3308.528746788646 200.21943505293288 549.0281457409895
    vertex 3308.528746788646 200.2194350529331 553.0281457409895
  endloop
endfacet
facet normal 0.8262387743159288 -0.5633200580637189 9.286173463166352e-14
  outer loop
    vertex 3308.7813285525954 200.58990445850904 549.0281457409895
    vertex 3308.528746788646 200.2194350529331 553.0281457409895
    vertex 3308.528746788646 200.21943505293288 549.0281457409895
  endloop
endfacet
facet normal 0.8262387743159288 -0.5633200580637189 9.286173463166352e-14
  outer loop
    vertex 3308.528746788646 200.2194350529331 553.0281457409895
    vertex 3308.7813285525954 200.58990445850904 549.0281457409895
    vertex 3308.7813285525954 200.58990445850927 553.0281457409895
  endloop
endfacet
facet normal 0.7330518718298875 -0.6801727377708534 9.256252201841646e-14
  outer loop
    vertex 3309.086304786687 200.91859066842235 549.0281457409892
    vertex 3308.7813285525954 200.58990445850927 553.0281457409895
    vertex 3308.7813285525954 200.58990445850904 549.0281457409895
  endloop
endfacet
facet normal 0.7330518718298875 -0.6801727377708534 9.256252201841646e-14
  outer loop
    vertex 3308.7813285525954 200.58990445850927 553.0281457409895
    vertex 3309.086304786687 200.91859066842235 549.0281457409892
    vertex 3309.086304786686 200.91859066842258 553.0281457409892
  endloop
endfacet
facet normal 0.6234898018586511 -0.7818314824680956 9.019515723588952e-14
  outer loop
    vertex 3309.086304786687 200.91859066842235 549.0281457409892
    vertex 3309.436862825808 201.19815137588105 553.0281457409893
    vertex 3309.086304786686 200.91859066842258 553.0281457409892
  endloop
endfacet
facet normal 0.6234898018586511 -0.7818314824680956 9.019515723588952e-14
  outer loop
    vertex 3309.436862825808 201.19815137588105 553.0281457409893
    vertex 3309.086304786687 200.91859066842235 549.0281457409892
    vertex 3309.4368628258085 201.19815137588083 549.0281457409893
  endloop
endfacet
facet normal 0.5000000000000681 -0.8660254037843994 8.581259083239412e-14
  outer loop
    vertex 3309.4368628258085 201.19815137588083 549.0281457409893
    vertex 3309.8251717826465 201.42234165664033 553.0281457409893
    vertex 3309.436862825808 201.19815137588105 553.0281457409893
  endloop
endfacet
facet normal 0.5000000000000681 -0.8660254037843994 8.581259083239412e-14
  outer loop
    vertex 3309.8251717826465 201.42234165664033 553.0281457409893
    vertex 3309.4368628258085 201.19815137588083 549.0281457409893
    vertex 3309.8251717826465 201.4223416566401 549.0281457409893
  endloop
endfacet
facet normal 0.36534102436637705 -0.9308737486442115 7.951393141936536e-14
  outer loop
    vertex 3309.8251717826465 201.42234165664033 553.0281457409893
    vertex 3310.2425574767663 201.5861534702913 549.0281457409899
    vertex 3310.2425574767663 201.58615347029152 553.0281457409899
  endloop
endfacet
facet normal 0.36534102436637705 -0.9308737486442115 7.951393141936536e-14
  outer loop
    vertex 3310.2425574767663 201.5861534702913 549.0281457409899
    vertex 3309.8251717826465 201.42234165664033 553.0281457409893
    vertex 3309.8251717826465 201.4223416566401 549.0281457409893
  endloop
endfacet
facet normal 0.22252093395626618 -0.9749279121818347 7.143957459956735e-14
  outer loop
    vertex 3310.2425574767663 201.5861534702913 549.0281457409899
    vertex 3310.6796962014705 201.68592753160846 553.0281457409897
    vertex 3310.2425574767663 201.58615347029152 553.0281457409899
  endloop
endfacet
facet normal 0.22252093395626618 -0.9749279121818347 7.143957459956735e-14
  outer loop
    vertex 3310.6796962014705 201.68592753160846 553.0281457409897
    vertex 3310.2425574767663 201.5861534702913 549.0281457409899
    vertex 3310.679696201471 201.68592753160823 549.0281457409897
  endloop
endfacet
facet normal 0.07473009358644082 -0.9972037971811789 6.176706952981416e-14
  outer loop
    vertex 3310.679696201471 201.68592753160823 549.0281457409897
    vertex 3311.1268229999996 201.71943505293308 553.0281457409898
    vertex 3310.6796962014705 201.68592753160846 553.0281457409897
  endloop
endfacet
facet normal 0.07473009358644082 -0.9972037971811789 6.176706952981416e-14
  outer loop
    vertex 3311.1268229999996 201.71943505293308 553.0281457409898
    vertex 3310.679696201471 201.68592753160823 549.0281457409897
    vertex 3311.1268229999996 201.71943505293285 549.0281457409898
  endloop
endfacet
facet normal -0.07473009358644082 -0.9972037971811789 5.071585573494385e-14
  outer loop
    vertex 3311.1268229999996 201.71943505293285 549.0281457409898
    vertex 3311.573949798528 201.68592753160846 553.0281457409898
    vertex 3311.1268229999996 201.71943505293308 553.0281457409898
  endloop
endfacet
facet normal -0.07473009358644082 -0.9972037971811789 5.071585573494385e-14
  outer loop
    vertex 3311.573949798528 201.68592753160846 553.0281457409898
    vertex 3311.1268229999996 201.71943505293285 549.0281457409898
    vertex 3311.573949798528 201.68592753160823 549.0281457409898
  endloop
endfacet
facet normal -0.22252093395626618 -0.9749279121818347 3.85327990695672e-14
  outer loop
    vertex 3311.573949798528 201.68592753160846 553.0281457409898
    vertex 3312.0110885232325 201.5861534702913 549.02814574099
    vertex 3312.0110885232316 201.58615347029152 553.0281457409899
  endloop
endfacet
facet normal -0.22252093395626618 -0.9749279121818347 3.85327990695672e-14
  outer loop
    vertex 3312.0110885232325 201.5861534702913 549.02814574099
    vertex 3311.573949798528 201.68592753160846 553.0281457409898
    vertex 3311.573949798528 201.68592753160823 549.0281457409898
  endloop
endfacet
facet normal -0.36534102436637705 -0.9308737486442115 2.5485517550739158e-14
  outer loop
    vertex 3312.0110885232325 201.5861534702913 549.02814574099
    vertex 3312.428474217352 201.42234165664033 553.0281457409895
    vertex 3312.0110885232316 201.58615347029152 553.0281457409899
  endloop
endfacet
facet normal -0.36534102436637705 -0.9308737486442115 2.5485517550739158e-14
  outer loop
    vertex 3312.428474217352 201.42234165664033 553.0281457409895
    vertex 3312.0110885232325 201.5861534702913 549.02814574099
    vertex 3312.4284742173522 201.4223416566401 549.0281457409895
  endloop
endfacet
facet normal -0.5000000000000681 -0.8660254037843994 1.187173739234863e-14
  outer loop
    vertex 3312.4284742173522 201.4223416566401 549.0281457409895
    vertex 3312.8167831741903 201.19815137588105 553.0281457409895
    vertex 3312.428474217352 201.42234165664033 553.0281457409895
  endloop
endfacet
facet normal -0.5000000000000681 -0.8660254037843994 1.187173739234863e-14
  outer loop
    vertex 3312.8167831741903 201.19815137588105 553.0281457409895
    vertex 3312.4284742173522 201.4223416566401 549.0281457409895
    vertex 3312.8167831741903 201.19815137588083 549.0281457409895
  endloop
endfacet
facet normal -0.6234898018586511 -0.7818314824680956 -2.0075788852849732e-15
  outer loop
    vertex 3312.8167831741903 201.19815137588083 549.0281457409895
    vertex 3313.1673412133123 200.91859066842258 553.0281457409895
    vertex 3312.8167831741903 201.19815137588105 553.0281457409895
  endloop
endfacet
facet normal -0.6234898018586511 -0.7818314824680956 -2.0075788852849732e-15
  outer loop
    vertex 3313.1673412133123 200.91859066842258 553.0281457409895
    vertex 3312.8167831741903 201.19815137588083 549.0281457409895
    vertex 3313.1673412133123 200.91859066842235 549.0281457409895
  endloop
endfacet
facet normal -0.7330518718298875 -0.6801727377708534 -1.584244001941975e-14
  outer loop
    vertex 3313.1673412133123 200.91859066842258 553.0281457409895
    vertex 3313.4723174474034 200.58990445850904 549.02814574099
    vertex 3313.4723174474034 200.58990445850927 553.0281457409899
  endloop
endfacet
facet normal -0.7330518718298875 -0.6801727377708534 -1.584244001941975e-14
  outer loop
    vertex 3313.4723174474034 200.58990445850904 549.02814574099
    vertex 3313.1673412133123 200.91859066842258 553.0281457409895
    vertex 3313.1673412133123 200.91859066842235 549.0281457409895
  endloop
endfacet
facet normal -0.8262387743159607 -0.5633200580636721 -2.932386560467867e-14
  outer loop
    vertex 3313.4723174474034 200.58990445850927 553.0281457409899
    vertex 3313.7248992113527 200.21943505293282 549.02814574099
    vertex 3313.7248992113523 200.21943505293305 553.02814574099
  endloop
endfacet
facet normal -0.8262387743159607 -0.5633200580636721 -2.932386560467867e-14
  outer loop
    vertex 3313.7248992113527 200.21943505293282 549.02814574099
    vertex 3313.4723174474034 200.58990445850927 553.0281457409899
    vertex 3313.4723174474034 200.58990445850904 549.02814574099
  endloop
endfacet
facet normal -0.9009688679024691 -0.4338837391174548 -4.2149148559109304e-14
  outer loop
    vertex 3313.7248992113523 200.21943505293305 553.02814574099
    vertex 3313.9194442459316 199.81545812603204 549.0281457409905
    vertex 3313.9194442459316 199.81545812603227 553.0281457409903
  endloop
endfacet
facet normal -0.9009688679024691 -0.4338837391174548 -4.2149148559109304e-14
  outer loop
    vertex 3313.9194442459316 199.81545812603204 549.0281457409905
    vertex 3313.7248992113523 200.21943505293305 553.02814574099
    vertex 3313.7248992113527 200.21943505293282 549.02814574099
  endloop
endfacet
facet normal -0.9555728057861258 -0.2947551744109527 -5.4032889184072786e-14
  outer loop
    vertex 3313.9194442459316 199.81545812603227 553.0281457409903
    vertex 3314.051606736545 199.3869978548018 549.0281457409905
    vertex 3314.0516067365443 199.38699785480202 553.0281457409905
  endloop
endfacet
facet normal -0.9555728057861258 -0.2947551744109527 -5.4032889184072786e-14
  outer loop
    vertex 3314.051606736545 199.3869978548018 549.0281457409905
    vertex 3313.9194442459316 199.81545812603227 553.0281457409903
    vertex 3313.9194442459316 199.81545812603204 549.0281457409905
  endloop
endfacet
facet normal -0.9888308262251236 -0.14904226617620764 -6.470832119306966e-14
  outer loop
    vertex 3314.0516067365443 199.38699785480202 553.0281457409905
    vertex 3314.118434391543 198.9436253336921 549.0281457409901
    vertex 3314.1184343915425 198.94362533369232 553.0281457409901
  endloop
endfacet
facet normal -0.9888308262251236 -0.14904226617620764 -6.470832119306966e-14
  outer loop
    vertex 3314.118434391543 198.9436253336921 549.0281457409901
    vertex 3314.0516067365443 199.38699785480202 553.0281457409905
    vertex 3314.051606736545 199.3869978548018 549.0281457409905
  endloop
endfacet
facet normal -1.0 0.0 -7.394085344003543e-14
  outer loop
    vertex 3314.1184343915425 198.94362533369232 553.0281457409901
    vertex 3314.118434391543 198.4952447721736 549.0281457409903
    vertex 3314.1184343915425 198.49524477217383 553.0281457409903
  endloop
endfacet
facet normal -1.0 0.0 -7.394085344003543e-14
  outer loop
    vertex 3314.118434391543 198.4952447721736 549.0281457409903
    vertex 3314.1184343915425 198.94362533369232 553.0281457409901
    vertex 3314.118434391543 198.9436253336921 549.0281457409901
  endloop
endfacet
facet normal -0.9888308262251236 0.14904226617620764 -8.152136770524418e-14
  outer loop
    vertex 3314.1184343915425 198.49524477217383 553.0281457409903
    vertex 3314.051606736545 198.0518722510639 549.0281457409898
    vertex 3314.0516067365443 198.05187225106414 553.0281457409898
  endloop
endfacet
facet normal -0.9888308262251236 0.14904226617620764 -8.152136770524418e-14
  outer loop
    vertex 3314.051606736545 198.0518722510639 549.0281457409898
    vertex 3314.1184343915425 198.49524477217383 553.0281457409903
    vertex 3314.118434391543 198.4952447721736 549.0281457409903
  endloop
endfacet
facet normal -0.9555728057861258 0.2947551744109527 -8.727883510634531e-14
  outer loop
    vertex 3314.0516067365443 198.05187225106414 553.0281457409898
    vertex 3313.9194442459316 197.62341197983366 549.0281457409902
    vertex 3313.9194442459316 197.6234119798339 553.0281457409902
  endloop
endfacet
facet normal -0.9555728057861258 0.2947551744109527 -8.727883510634531e-14
  outer loop
    vertex 3313.9194442459316 197.62341197983366 549.0281457409902
    vertex 3314.0516067365443 198.05187225106414 553.0281457409898
    vertex 3314.051606736545 198.0518722510639 549.0281457409898
  endloop
endfacet
facet normal -0.900968867902488 0.43388373911741546 -9.108766547211208e-14
  outer loop
    vertex 3313.9194442459316 197.6234119798339 553.0281457409902
    vertex 3313.7248992113527 197.21943505293282 549.0281457409902
    vertex 3313.7248992113523 197.21943505293305 553.0281457409902
  endloop
endfacet
facet normal -0.900968867902488 0.43388373911741546 -9.108766547211208e-14
  outer loop
    vertex 3313.7248992113527 197.21943505293282 549.0281457409902
    vertex 3313.9194442459316 197.6234119798339 553.0281457409902
    vertex 3313.9194442459316 197.62341197983366 549.0281457409902
  endloop
endfacet
facet normal -0.8262387743159291 0.5633200580637189 -9.286173463166354e-14
  outer loop
    vertex 3313.7248992113523 197.21943505293305 553.0281457409902
    vertex 3313.4723174474034 196.84896564735666 549.0281457409906
    vertex 3313.4723174474034 196.8489656473569 553.0281457409906
  endloop
endfacet
facet normal -0.8262387743159291 0.5633200580637189 -9.286173463166354e-14
  outer loop
    vertex 3313.4723174474034 196.84896564735666 549.0281457409906
    vertex 3313.7248992113523 197.21943505293305 553.0281457409902
    vertex 3313.7248992113527 197.21943505293282 549.0281457409902
  endloop
endfacet
facet normal -0.7330518718298875 0.6801727377708534 -9.256142608893683e-14
  outer loop
    vertex 3313.4723174474034 196.8489656473569 553.0281457409906
    vertex 3313.1673412133123 196.52027943744335 549.0281457409906
    vertex 3313.1673412133123 196.52027943744358 553.0281457409906
  endloop
endfacet
facet normal -0.7330518718298875 0.6801727377708534 -9.256142608893683e-14
  outer loop
    vertex 3313.1673412133123 196.52027943744335 549.0281457409906
    vertex 3313.4723174474034 196.8489656473569 553.0281457409906
    vertex 3313.4723174474034 196.84896564735666 549.0281457409906
  endloop
endfacet
facet normal -0.623489801858651 0.7818314824680956 -9.01951572358895e-14
  outer loop
    vertex 3313.1673412133123 196.52027943744335 549.0281457409906
    vertex 3312.8167831741903 196.2407187299851 553.0281457409906
    vertex 3313.1673412133123 196.52027943744358 553.0281457409906
  endloop
endfacet
facet normal -0.623489801858651 0.7818314824680956 -9.01951572358895e-14
  outer loop
    vertex 3312.8167831741903 196.2407187299851 553.0281457409906
    vertex 3313.1673412133123 196.52027943744335 549.0281457409906
    vertex 3312.8167831741903 196.2407187299849 549.0281457409906
  endloop
endfacet
facet normal -0.5000000000000681 0.8660254037843994 -8.58125908323941e-14
  outer loop
    vertex 3312.8167831741903 196.2407187299849 549.0281457409906
    vertex 3312.428474217352 196.01652844922583 553.0281457409901
    vertex 3312.8167831741903 196.2407187299851 553.0281457409906
  endloop
endfacet
facet normal -0.5000000000000681 0.8660254037843994 -8.58125908323941e-14
  outer loop
    vertex 3312.428474217352 196.01652844922583 553.0281457409901
    vertex 3312.8167831741903 196.2407187299849 549.0281457409906
    vertex 3312.4284742173522 196.0165284492256 549.0281457409901
  endloop
endfacet
facet normal -0.36534102436637705 0.9308737486442115 -7.951311295073193e-14
  outer loop
    vertex 3312.4284742173522 196.0165284492256 549.0281457409901
    vertex 3312.0110885232316 195.85271663557464 553.0281457409901
    vertex 3312.428474217352 196.01652844922583 553.0281457409901
  endloop
endfacet
facet normal -0.36534102436637705 0.9308737486442115 -7.951311295073193e-14
  outer loop
    vertex 3312.0110885232316 195.85271663557464 553.0281457409901
    vertex 3312.4284742173522 196.0165284492256 549.0281457409901
    vertex 3312.0110885232325 195.8527166355744 549.0281457409901
  endloop
endfacet
facet normal -0.22252093395626618 0.9749279121818347 -7.143957459956781e-14
  outer loop
    vertex 3312.0110885232325 195.8527166355744 549.0281457409901
    vertex 3311.573949798528 195.7529425742577 553.0281457409901
    vertex 3312.0110885232316 195.85271663557464 553.0281457409901
  endloop
endfacet
facet normal -0.22252093395626618 0.9749279121818347 -7.143957459956781e-14
  outer loop
    vertex 3311.573949798528 195.7529425742577 553.0281457409901
    vertex 3312.0110885232325 195.8527166355744 549.0281457409901
    vertex 3311.573949798528 195.75294257425747 549.0281457409901
  endloop
endfacet
facet normal -0.07473009358644082 0.9972037971811789 -6.176706952981416e-14
  outer loop
    vertex 3311.573949798528 195.75294257425747 549.0281457409901
    vertex 3311.1268229999996 195.71943505293308 553.02814574099
    vertex 3311.573949798528 195.7529425742577 553.0281457409901
  endloop
endfacet
facet normal -0.07473009358644082 0.9972037971811789 -6.176706952981416e-14
  outer loop
    vertex 3311.1268229999996 195.71943505293308 553.02814574099
    vertex 3311.573949798528 195.75294257425747 549.0281457409901
    vertex 3311.1268229999996 195.71943505293285 549.02814574099
  endloop
endfacet
facet normal 2.255973186041285e-15 1.0 -5.263937434089673e-14
  outer loop
    vertex 3316.126822999999 202.61943505293306 553.0281457409903
    vertex 3306.126822999999 202.61943505293323 556.0281457409897
    vertex 3316.126822999999 202.61943505293323 556.0281457409905
  endloop
endfacet
facet normal 2.255973186041285e-15 1.0 -5.263937434089673e-14
  outer loop
    vertex 3306.126822999999 202.61943505293323 556.0281457409897
    vertex 3316.126822999999 202.61943505293306 553.0281457409903
    vertex 3306.126822999999 202.61943505293308 553.02814574099
  endloop
endfacet
facet normal -7.394085344003543e-14 2.524354896707238e-29 1.0
  outer loop
    vertex 3316.126822999999 202.61943505293323 556.0281457409905
    vertex 3312.1874831717787 199.7800952247131 556.0281457409901
    vertex 3316.126822999999 194.8194350529333 556.0281457409901
  endloop
endfacet
facet normal -7.394085344003543e-14 2.524354896707238e-29 1.0
  outer loop
    vertex 3312.1874831717787 199.7800952247131 556.0281457409901
    vertex 3316.126822999999 202.61943505293323 556.0281457409905
    vertex 3311.8768229999987 200.01847315860994 556.0281457409902
  endloop
endfacet
facet normal -7.394085344003543e-14 2.524354896707238e-29 1.0
  outer loop
    vertex 3311.8768229999987 200.01847315860994 556.0281457409902
    vertex 3316.126822999999 202.61943505293323 556.0281457409905
    vertex 3306.126822999999 202.61943505293323 556.0281457409897
  endloop
endfacet
facet normal -7.394085344003543e-14 2.524354896707238e-29 1.0
  outer loop
    vertex 3316.126822999999 194.8194350529333 556.0281457409901
    vertex 3312.1874831717787 199.7800952247131 556.0281457409901
    vertex 3312.4258611056757 199.46943505293328 556.0281457409903
  endloop
endfacet
facet normal -7.394085344003543e-14 2.524354896707238e-29 1.0
  outer loop
    vertex 3316.126822999999 194.8194350529333 556.0281457409901
    vertex 3312.4258611056757 199.46943505293328 556.0281457409903
    vertex 3312.5757117394323 199.10766362058706 556.02814574099
  endloop
endfacet
facet normal -7.394085344003543e-14 2.524354896707238e-29 1.0
  outer loop
    vertex 3316.126822999999 194.8194350529333 556.0281457409901
    vertex 3312.5757117394323 199.10766362058706 556.02814574099
    vertex 3312.626822999999 198.71943505293325 556.0281457409901
  endloop
endfacet
facet normal -7.394085344003543e-14 2.524354896707238e-29 1.0
  outer loop
    vertex 3311.8768229999987 200.01847315860994 556.0281457409902
    vertex 3306.126822999999 202.61943505293323 556.0281457409897
    vertex 3311.515051567653 200.16832379236686 556.0281457409899
  endloop
endfacet
facet normal -7.394085344003543e-14 2.524354896707238e-29 1.0
  outer loop
    vertex 3311.515051567653 200.16832379236686 556.0281457409899
    vertex 3306.126822999999 202.61943505293323 556.0281457409897
    vertex 3311.1268229999987 200.21943505293328 556.0281457409899
  endloop
endfacet
facet normal -7.394085344003543e-14 2.524354896707238e-29 1.0
  outer loop
    vertex 3311.1268229999987 200.21943505293328 556.0281457409899
    vertex 3306.126822999999 202.61943505293323 556.0281457409897
    vertex 3310.7385944323446 200.16832379236686 556.0281457409898
  endloop
endfacet
facet normal -7.394085344003543e-14 2.524354896707238e-29 1.0
  outer loop
    vertex 3310.7385944323446 200.16832379236686 556.0281457409898
    vertex 3306.126822999999 202.61943505293323 556.0281457409897
    vertex 3310.3768229999987 200.01847315860994 556.0281457409901
  endloop
endfacet
facet normal -7.394085344003543e-14 2.524354896707238e-29 1.0
  outer loop
    vertex 3310.3768229999987 200.01847315860994 556.0281457409901
    vertex 3306.126822999999 202.61943505293323 556.0281457409897
    vertex 3310.0661628282187 199.7800952247131 556.02814574099
  endloop
endfacet
facet normal -7.394085344003543e-14 2.524354896707238e-29 1.0
  outer loop
    vertex 3310.0661628282187 199.7800952247131 556.02814574099
    vertex 3306.126822999999 202.61943505293323 556.0281457409897
    vertex 3309.827784894322 199.46943505293328 556.0281457409901
  endloop
endfacet
facet normal -7.394085344003543e-14 2.524354896707238e-29 1.0
  outer loop
    vertex 3309.827784894322 199.46943505293328 556.0281457409901
    vertex 3306.126822999999 202.61943505293323 556.0281457409897
    vertex 3309.677934260565 199.10766362058706 556.0281457409898
  endloop
endfacet
facet normal -7.394085344003543e-14 2.524354896707238e-29 1.0
  outer loop
    vertex 3309.677934260565 199.10766362058706 556.0281457409898
    vertex 3306.126822999999 202.61943505293323 556.0281457409897
    vertex 3309.626822999999 198.71943505293325 556.0281457409898
  endloop
endfacet
facet normal -7.394085344003543e-14 2.524354896707238e-29 1.0
  outer loop
    vertex 3316.126822999999 194.8194350529333 556.0281457409901
    vertex 3311.8768229999987 197.4203969472566 556.0281457409901
    vertex 3306.126822999999 194.8194350529333 556.0281457409894
  endloop
endfacet
facet normal -7.394085344003543e-14 2.524354896707238e-29 1.0
  outer loop
    vertex 3311.8768229999987 197.4203969472566 556.0281457409901
    vertex 3316.126822999999 194.8194350529333 556.0281457409901
    vertex 3312.1874831717787 197.65877488115342 556.0281457409905
  endloop
endfacet
facet normal -7.394085344003543e-14 2.524354896707238e-29 1.0
  outer loop
    vertex 3312.1874831717787 197.65877488115342 556.0281457409905
    vertex 3316.126822999999 194.8194350529333 556.0281457409901
    vertex 3312.4258611056757 197.96943505293325 556.0281457409897
  endloop
endfacet
facet normal -7.394085344003543e-14 2.524354896707238e-29 1.0
  outer loop
    vertex 3312.4258611056757 197.96943505293325 556.0281457409897
    vertex 3316.126822999999 194.8194350529333 556.0281457409901
    vertex 3312.5757117394323 198.33120648527947 556.0281457409897
  endloop
endfacet
facet normal -7.394085344003543e-14 2.524354896707238e-29 1.0
  outer loop
    vertex 3312.5757117394323 198.33120648527947 556.0281457409897
    vertex 3316.126822999999 194.8194350529333 556.0281457409901
    vertex 3312.626822999999 198.71943505293325 556.0281457409901
  endloop
endfacet
facet normal -7.394085344003543e-14 2.524354896707238e-29 1.0
  outer loop
    vertex 3306.126822999999 194.8194350529333 556.0281457409894
    vertex 3311.8768229999987 197.4203969472566 556.0281457409901
    vertex 3311.515051567653 197.27054631349966 556.0281457409901
  endloop
endfacet
facet normal -7.394085344003543e-14 2.524354896707238e-29 1.0
  outer loop
    vertex 3306.126822999999 194.8194350529333 556.0281457409894
    vertex 3311.515051567653 197.27054631349966 556.0281457409901
    vertex 3311.1268229999987 197.21943505293325 556.0281457409901
  endloop
endfacet
facet normal -7.394085344003543e-14 2.524354896707238e-29 1.0
  outer loop
    vertex 3306.126822999999 194.8194350529333 556.0281457409894
    vertex 3311.1268229999987 197.21943505293325 556.0281457409901
    vertex 3310.7385944323446 197.27054631349966 556.02814574099
  endloop
endfacet
facet normal -7.394085344003543e-14 2.524354896707238e-29 1.0
  outer loop
    vertex 3306.126822999999 194.8194350529333 556.0281457409894
    vertex 3310.7385944323446 197.27054631349966 556.02814574099
    vertex 3310.3768229999987 197.4203969472566 556.02814574099
  endloop
endfacet
facet normal -7.394085344003543e-14 2.524354896707238e-29 1.0
  outer loop
    vertex 3306.126822999999 194.8194350529333 556.0281457409894
    vertex 3310.3768229999987 197.4203969472566 556.02814574099
    vertex 3310.0661628282187 197.65877488115342 556.0281457409902
  endloop
endfacet
facet normal -7.394085344003543e-14 2.524354896707238e-29 1.0
  outer loop
    vertex 3306.126822999999 194.8194350529333 556.0281457409894
    vertex 3310.0661628282187 197.65877488115342 556.0281457409902
    vertex 3309.827784894322 197.96943505293325 556.0281457409895
  endloop
endfacet
facet normal -7.394085344003543e-14 2.524354896707238e-29 1.0
  outer loop
    vertex 3306.126822999999 194.8194350529333 556.0281457409894
    vertex 3309.827784894322 197.96943505293325 556.0281457409895
    vertex 3309.677934260565 198.33120648527947 556.0281457409895
  endloop
endfacet
facet normal -7.394085344003543e-14 2.524354896707238e-29 1.0
  outer loop
    vertex 3306.126822999999 194.8194350529333 556.0281457409894
    vertex 3309.677934260565 198.33120648527947 556.0281457409895
    vertex 3309.626822999999 198.71943505293325 556.0281457409898
  endloop
endfacet
facet normal -7.394085344003543e-14 2.524354896707238e-29 1.0
  outer loop
    vertex 3306.126822999999 194.8194350529333 556.0281457409894
    vertex 3309.626822999999 198.71943505293325 556.0281457409898
    vertex 3306.126822999999 202.61943505293323 556.0281457409897
  endloop
endfacet
facet normal -1.0 0.0 -7.394085344003543e-14
  outer loop
    vertex 3316.126822999999 194.8194350529331 553.0281457409901
    vertex 3316.126822999999 180.46943505293282 549.0281457409906
    vertex 3316.126822999999 180.46943505293305 553.0281457409912
  endloop
endfacet
facet normal -1.0 0.0 -7.394085344003543e-14
  outer loop
    vertex 3316.126822999999 180.46943505293282 549.0281457409906
    vertex 3316.126822999999 194.8194350529331 553.0281457409901
    vertex 3316.126822999999 194.81943505293296 549.0281457409894
  endloop
endfacet
facet normal 1.0 -1.0436950121155154e-27 1.0402049592054594e-13
  outer loop
    vertex 3316.126822999999 202.61943505293306 553.0281457409903
    vertex 3316.126822999999 194.8194350529333 556.0281457409901
    vertex 3316.126822999999 194.8194350529331 553.0281457409901
  endloop
endfacet
facet normal 1.0 -1.0436950121155154e-27 1.0402049592054594e-13
  outer loop
    vertex 3316.126822999999 194.8194350529333 556.0281457409901
    vertex 3316.126822999999 202.61943505293306 553.0281457409903
    vertex 3316.126822999999 202.61943505293323 556.0281457409905
  endloop
endfacet
facet normal 1.0 -1.0854096444039692e-27 5.1381121579655774e-14
  outer loop
    vertex 3323.1268229999996 184.46943505293294 549.0281457409914
    vertex 3323.1268229999987 180.46943505293305 553.0281457409918
    vertex 3323.1268229999996 180.46943505293282 549.0281457409911
  endloop
endfacet
facet normal 1.0 -1.0854096444039692e-27 5.1381121579655774e-14
  outer loop
    vertex 3323.1268229999987 180.46943505293305 553.0281457409918
    vertex 3323.1268229999996 184.46943505293294 549.0281457409914
    vertex 3323.1268229999987 184.46943505293308 553.0281457409919
  endloop
endfacet
facet normal -0.13052619222009473 -0.9914448613738048 2.6843452913533353e-14
  outer loop
    vertex 3320.1268229999996 184.96943505293297 549.0281457409907
    vertex 3320.515051567653 184.91832379236666 553.0281457409914
    vertex 3320.1268229999987 184.96943505293308 553.0281457409914
  endloop
endfacet
facet normal -0.13052619222009473 -0.9914448613738048 2.6843452913533353e-14
  outer loop
    vertex 3320.515051567653 184.91832379236666 553.0281457409914
    vertex 3320.1268229999996 184.96943505293297 549.0281457409907
    vertex 3320.5150515676532 184.91832379236655 549.0281457409907
  endloop
endfacet
facet normal 0.13052619222009473 -0.9914448613738048 4.0255835407657374e-14
  outer loop
    vertex 3319.7385944323455 184.91832379236655 549.0281457409907
    vertex 3320.1268229999987 184.96943505293308 553.0281457409914
    vertex 3319.7385944323455 184.91832379236666 553.0281457409914
  endloop
endfacet
facet normal 0.13052619222009473 -0.9914448613738048 4.0255835407657374e-14
  outer loop
    vertex 3320.1268229999987 184.96943505293308 553.0281457409914
    vertex 3319.7385944323455 184.91832379236655 549.0281457409907
    vertex 3320.1268229999996 184.96943505293297 549.0281457409907
  endloop
endfacet
facet normal 0.38268343236506636 -0.9238795325112964 5.092705399369447e-14
  outer loop
    vertex 3319.376822999999 184.76847315860962 549.0281457409906
    vertex 3319.7385944323455 184.91832379236666 553.0281457409914
    vertex 3319.376822999999 184.76847315860974 553.0281457409912
  endloop
endfacet
facet normal 0.38268343236506636 -0.9238795325112964 5.092705399369447e-14
  outer loop
    vertex 3319.7385944323455 184.91832379236666 553.0281457409914
    vertex 3319.376822999999 184.76847315860962 549.0281457409906
    vertex 3319.7385944323455 184.91832379236655 549.0281457409907
  endloop
endfacet
facet normal 0.6087614290087409 -0.7933533402912196 5.81234718843258e-14
  outer loop
    vertex 3319.0661628282196 184.5300952247128 549.0281457409908
    vertex 3319.376822999999 184.76847315860974 553.0281457409912
    vertex 3319.066162828219 184.5300952247129 553.0281457409916
  endloop
endfacet
facet normal 0.6087614290087409 -0.7933533402912196 5.81234718843258e-14
  outer loop
    vertex 3319.376822999999 184.76847315860974 553.0281457409912
    vertex 3319.0661628282196 184.5300952247128 549.0281457409908
    vertex 3319.376822999999 184.76847315860962 549.0281457409906
  endloop
endfacet
facet normal 0.7933533402912067 -0.6087614290087577 6.136410492397369e-14
  outer loop
    vertex 3318.8277848943226 184.21943505293294 549.0281457409909
    vertex 3319.066162828219 184.5300952247129 553.0281457409916
    vertex 3318.8277848943226 184.21943505293308 553.0281457409917
  endloop
endfacet
facet normal 0.7933533402912067 -0.6087614290087577 6.136410492397369e-14
  outer loop
    vertex 3319.066162828219 184.5300952247129 553.0281457409916
    vertex 3318.8277848943226 184.21943505293294 549.0281457409909
    vertex 3319.0661628282196 184.5300952247128 549.0281457409908
  endloop
endfacet
facet normal 0.9238795325112964 -0.38268343236506636 6.041828224827341e-14
  outer loop
    vertex 3318.677934260566 183.85766362058675 549.0281457409909
    vertex 3318.8277848943226 184.21943505293308 553.0281457409917
    vertex 3318.677934260566 183.85766362058686 553.0281457409917
  endloop
endfacet
facet normal 0.9238795325112964 -0.38268343236506636 6.041828224827341e-14
  outer loop
    vertex 3318.8277848943226 184.21943505293308 553.0281457409917
    vertex 3318.677934260566 183.85766362058675 549.0281457409909
    vertex 3318.8277848943226 184.21943505293294 549.0281457409909
  endloop
endfacet
facet normal 0.9914448613738068 -0.1305261922200798 5.6831884129321475e-14
  outer loop
    vertex 3318.677934260566 183.85766362058675 549.0281457409909
    vertex 3318.626822999999 183.46943505293308 553.0281457409914
    vertex 3318.626822999999 183.46943505293285 549.0281457409907
  endloop
endfacet
facet normal 0.9914448613738068 -0.1305261922200798 5.6831884129321475e-14
  outer loop
    vertex 3318.626822999999 183.46943505293308 553.0281457409914
    vertex 3318.677934260566 183.85766362058675 549.0281457409909
    vertex 3318.677934260566 183.85766362058686 553.0281457409917
  endloop
endfacet
facet normal 0.9914448613738048 0.13052619222009473 4.3579548835977896e-14
  outer loop
    vertex 3318.626822999999 183.46943505293285 549.0281457409907
    vertex 3318.677934260566 183.08120648527927 553.0281457409914
    vertex 3318.677934260566 183.08120648527904 549.0281457409907
  endloop
endfacet
facet normal 0.9914448613738048 0.13052619222009473 4.3579548835977896e-14
  outer loop
    vertex 3318.677934260566 183.08120648527927 553.0281457409914
    vertex 3318.626822999999 183.46943505293285 549.0281457409907
    vertex 3318.626822999999 183.46943505293308 553.0281457409914
  endloop
endfacet
facet normal 0.9238795325112964 0.38268343236506636 2.5887192217646167e-14
  outer loop
    vertex 3318.677934260566 183.08120648527904 549.0281457409907
    vertex 3318.8277848943226 182.71943505293305 553.0281457409914
    vertex 3318.8277848943226 182.71943505293285 549.0281457409907
  endloop
endfacet
facet normal 0.9238795325112964 0.38268343236506636 2.5887192217646167e-14
  outer loop
    vertex 3318.8277848943226 182.71943505293305 553.0281457409914
    vertex 3318.677934260566 183.08120648527904 549.0281457409907
    vertex 3318.677934260566 183.08120648527927 553.0281457409914
  endloop
endfacet
facet normal 0.7933533402912067 0.6087614290087577 6.430087244544439e-15
  outer loop
    vertex 3318.8277848943226 182.71943505293285 549.0281457409907
    vertex 3319.066162828219 182.40877488115322 553.0281457409911
    vertex 3319.0661628282196 182.408774881153 549.0281457409905
  endloop
endfacet
facet normal 0.7933533402912067 0.6087614290087577 6.430087244544439e-15
  outer loop
    vertex 3319.066162828219 182.40877488115322 553.0281457409911
    vertex 3318.8277848943226 182.71943505293285 549.0281457409907
    vertex 3318.8277848943226 182.71943505293305 553.0281457409914
  endloop
endfacet
facet normal 0.6087614290087409 0.7933533402912196 -1.3466981397849463e-14
  outer loop
    vertex 3319.376822999999 182.17039694725617 549.0281457409905
    vertex 3319.066162828219 182.40877488115322 553.0281457409911
    vertex 3319.376822999999 182.1703969472564 553.0281457409911
  endloop
endfacet
facet normal 0.6087614290087409 0.7933533402912196 -1.3466981397849463e-14
  outer loop
    vertex 3319.066162828219 182.40877488115322 553.0281457409911
    vertex 3319.376822999999 182.17039694725617 549.0281457409905
    vertex 3319.0661628282196 182.408774881153 549.0281457409905
  endloop
endfacet
facet normal 0.3826834323650419 0.9238795325113066 -3.5049219667653495e-14
  outer loop
    vertex 3319.7385944323455 182.0205463134995 553.0281457409906
    vertex 3319.376822999999 182.17039694725617 549.0281457409905
    vertex 3319.376822999999 182.1703969472564 553.0281457409911
  endloop
endfacet
facet normal 0.3826834323650419 0.9238795325113066 -3.5049219667653495e-14
  outer loop
    vertex 3319.376822999999 182.17039694725617 549.0281457409905
    vertex 3319.7385944323455 182.0205463134995 553.0281457409906
    vertex 3319.7385944323455 182.02054631349924 549.0281457409908
  endloop
endfacet
facet normal 0.13052619222009473 0.9914448613738048 -5.4802497673389367e-14
  outer loop
    vertex 3320.1268229999996 181.96943505293282 549.0281457409908
    vertex 3319.7385944323455 182.0205463134995 553.0281457409906
    vertex 3320.1268229999987 181.96943505293308 553.0281457409916
  endloop
endfacet
facet normal 0.13052619222009473 0.9914448613738048 -5.4802497673389367e-14
  outer loop
    vertex 3319.7385944323455 182.0205463134995 553.0281457409906
    vertex 3320.1268229999996 181.96943505293282 549.0281457409908
    vertex 3319.7385944323455 182.02054631349924 549.0281457409908
  endloop
endfacet
facet normal -0.1305261922200947 0.9914448613738048 -6.821545079855268e-14
  outer loop
    vertex 3320.515051567653 182.0205463134995 553.0281457409907
    vertex 3320.1268229999996 181.96943505293282 549.0281457409908
    vertex 3320.1268229999987 181.96943505293308 553.0281457409916
  endloop
endfacet
facet normal -0.1305261922200947 0.9914448613738048 -6.821545079855268e-14
  outer loop
    vertex 3320.1268229999996 181.96943505293282 549.0281457409908
    vertex 3320.515051567653 182.0205463134995 553.0281457409907
    vertex 3320.5150515676532 182.02054631349924 549.0281457409908
  endloop
endfacet
facet normal -0.38268343236504176 0.9238795325113066 -7.437334519621758e-14
  outer loop
    vertex 3320.876822999999 182.17039694725617 549.0281457409905
    vertex 3320.515051567653 182.0205463134995 553.0281457409907
    vertex 3320.876822999999 182.1703969472564 553.0281457409912
  endloop
endfacet
facet normal -0.38268343236504176 0.9238795325113066 -7.437334519621758e-14
  outer loop
    vertex 3320.515051567653 182.0205463134995 553.0281457409907
    vertex 3320.876822999999 182.17039694725617 549.0281457409905
    vertex 3320.5150515676532 182.02054631349924 549.0281457409908
  endloop
endfacet
facet normal -0.6087614290087409 0.7933533402912196 -7.6023686476124e-14
  outer loop
    vertex 3321.187483171779 182.408774881153 549.0281457409905
    vertex 3320.876822999999 182.1703969472564 553.0281457409912
    vertex 3321.1874831717787 182.40877488115322 553.0281457409912
  endloop
endfacet
facet normal -0.6087614290087409 0.7933533402912196 -7.6023686476124e-14
  outer loop
    vertex 3320.876822999999 182.1703969472564 553.0281457409912
    vertex 3321.187483171779 182.408774881153 549.0281457409905
    vertex 3320.876822999999 182.17039694725617 549.0281457409905
  endloop
endfacet
facet normal -0.7933533402912067 0.6087614290087577 -7.509713223563787e-14
  outer loop
    vertex 3321.4258611056757 182.71943505293305 553.0281457409916
    vertex 3321.187483171779 182.408774881153 549.0281457409905
    vertex 3321.1874831717787 182.40877488115322 553.0281457409912
  endloop
endfacet
facet normal -0.7933533402912067 0.6087614290087577 -7.509713223563787e-14
  outer loop
    vertex 3321.187483171779 182.408774881153 549.0281457409905
    vertex 3321.4258611056757 182.71943505293305 553.0281457409916
    vertex 3321.4258611056757 182.71943505293285 549.0281457409908
  endloop
endfacet
facet normal -0.9238795325112964 0.3826834323650664 -6.905326570322201e-14
  outer loop
    vertex 3321.5757117394323 183.08120648527927 553.0281457409916
    vertex 3321.4258611056757 182.71943505293285 549.0281457409908
    vertex 3321.4258611056757 182.71943505293305 553.0281457409916
  endloop
endfacet
facet normal -0.9238795325112964 0.3826834323650664 -6.905326570322201e-14
  outer loop
    vertex 3321.4258611056757 182.71943505293285 549.0281457409908
    vertex 3321.5757117394323 183.08120648527927 553.0281457409916
    vertex 3321.5757117394332 183.08120648527904 549.0281457409908
  endloop
endfacet
facet normal -0.9914448613738048 0.13052619222009473 -5.830411221478656e-14
  outer loop
    vertex 3321.626822999999 183.46943505293308 553.0281457409916
    vertex 3321.5757117394332 183.08120648527904 549.0281457409908
    vertex 3321.5757117394323 183.08120648527927 553.0281457409916
  endloop
endfacet
facet normal -0.9914448613738048 0.13052619222009473 -5.830411221478656e-14
  outer loop
    vertex 3321.5757117394332 183.08120648527904 549.0281457409908
    vertex 3321.626822999999 183.46943505293308 553.0281457409916
    vertex 3321.626822999999 183.46943505293285 549.0281457409908
  endloop
endfacet
facet normal -0.9914448613738068 -0.13052619222007983 -4.505177692144318e-14
  outer loop
    vertex 3321.5757117394323 183.85766362058686 553.0281457409919
    vertex 3321.626822999999 183.46943505293285 549.0281457409908
    vertex 3321.626822999999 183.46943505293308 553.0281457409916
  endloop
endfacet
facet normal -0.9914448613738068 -0.13052619222007983 -4.505177692144318e-14
  outer loop
    vertex 3321.626822999999 183.46943505293285 549.0281457409908
    vertex 3321.5757117394323 183.85766362058686 553.0281457409919
    vertex 3321.5757117394332 183.85766362058675 549.0281457409912
  endloop
endfacet
facet normal -0.9238795325112964 -0.38268343236506636 -3.452015617623702e-14
  outer loop
    vertex 3321.4258611056757 184.21943505293308 553.0281457409918
    vertex 3321.5757117394332 183.85766362058675 549.0281457409912
    vertex 3321.5757117394323 183.85766362058686 553.0281457409919
  endloop
endfacet
facet normal -0.9238795325112964 -0.38268343236506636 -3.452015617623702e-14
  outer loop
    vertex 3321.5757117394332 183.85766362058675 549.0281457409912
    vertex 3321.4258611056757 184.21943505293308 553.0281457409918
    vertex 3321.4258611056757 184.21943505293294 549.0281457409911
  endloop
endfacet
facet normal -0.7933533402912067 -0.6087614290087577 -2.016311455620861e-14
  outer loop
    vertex 3321.1874831717787 184.5300952247129 553.0281457409917
    vertex 3321.4258611056757 184.21943505293294 549.0281457409911
    vertex 3321.4258611056757 184.21943505293308 553.0281457409918
  endloop
endfacet
facet normal -0.7933533402912067 -0.6087614290087577 -2.016311455620861e-14
  outer loop
    vertex 3321.4258611056757 184.21943505293294 549.0281457409911
    vertex 3321.1874831717787 184.5300952247129 553.0281457409917
    vertex 3321.187483171779 184.5300952247128 549.028145740991
  endloop
endfacet
facet normal -0.6087614290087409 -0.7933533402912196 -4.433233193948728e-15
  outer loop
    vertex 3320.876822999999 184.76847315860974 553.0281457409915
    vertex 3321.187483171779 184.5300952247128 549.028145740991
    vertex 3321.1874831717787 184.5300952247129 553.0281457409917
  endloop
endfacet
facet normal -0.6087614290087409 -0.7933533402912196 -4.433233193948728e-15
  outer loop
    vertex 3321.187483171779 184.5300952247128 549.028145740991
    vertex 3320.876822999999 184.76847315860974 553.0281457409915
    vertex 3320.876822999999 184.76847315860962 549.0281457409908
  endloop
endfacet
facet normal -0.38268343236506636 -0.9238795325112964 1.1600592202181885e-14
  outer loop
    vertex 3320.5150515676532 184.91832379236655 549.0281457409907
    vertex 3320.876822999999 184.76847315860974 553.0281457409915
    vertex 3320.515051567653 184.91832379236666 553.0281457409914
  endloop
endfacet
facet normal -0.38268343236506636 -0.9238795325112964 1.1600592202181885e-14
  outer loop
    vertex 3320.876822999999 184.76847315860974 553.0281457409915
    vertex 3320.5150515676532 184.91832379236655 549.0281457409907
    vertex 3320.876822999999 184.76847315860962 549.0281457409908
  endloop
endfacet
facet normal -0.6087614290087409 0.7933533402912198 -5.812520606516207e-14
  outer loop
    vertex 3321.1874831717787 206.40877488115328 553.0281457409902
    vertex 3320.876822999999 206.1703969472563 549.0281457409898
    vertex 3320.876822999999 206.1703969472564 553.0281457409905
  endloop
endfacet
facet normal -0.6087614290087409 0.7933533402912198 -5.812520606516207e-14
  outer loop
    vertex 3320.876822999999 206.1703969472563 549.0281457409898
    vertex 3321.1874831717787 206.40877488115328 553.0281457409902
    vertex 3321.187483171779 206.40877488115308 549.0281457409895
  endloop
endfacet
facet normal -0.7933533402912067 0.6087614290087577 -6.136305790251162e-14
  outer loop
    vertex 3321.4258611056757 206.71943505293305 553.0281457409902
    vertex 3321.187483171779 206.40877488115308 549.0281457409895
    vertex 3321.1874831717787 206.40877488115328 553.0281457409902
  endloop
endfacet
facet normal -0.7933533402912067 0.6087614290087577 -6.136305790251162e-14
  outer loop
    vertex 3321.187483171779 206.40877488115308 549.0281457409895
    vertex 3321.4258611056757 206.71943505293305 553.0281457409902
    vertex 3321.4258611056757 206.71943505293297 549.0281457409895
  endloop
endfacet
facet normal -0.9238795325112966 0.38268343236506636 -5.610223712053794e-14
  outer loop
    vertex 3321.5757117394323 207.08120648527927 553.0281457409899
    vertex 3321.4258611056757 206.71943505293297 549.0281457409895
    vertex 3321.4258611056757 206.71943505293305 553.0281457409902
  endloop
endfacet
facet normal -0.9238795325112966 0.38268343236506636 -5.610223712053794e-14
  outer loop
    vertex 3321.4258611056757 206.71943505293297 549.0281457409895
    vertex 3321.5757117394323 207.08120648527927 553.0281457409899
    vertex 3321.5757117394332 207.08120648527918 549.0281457409891
  endloop
endfacet
facet normal -0.9914448613738048 0.13052619222009473 -5.388742795839301e-14
  outer loop
    vertex 3321.626822999999 207.46943505293308 553.0281457409899
    vertex 3321.5757117394332 207.08120648527918 549.0281457409891
    vertex 3321.5757117394323 207.08120648527927 553.0281457409899
  endloop
endfacet
facet normal -0.9914448613738048 0.13052619222009473 -5.388742795839301e-14
  outer loop
    vertex 3321.5757117394332 207.08120648527918 549.0281457409891
    vertex 3321.626822999999 207.46943505293308 553.0281457409899
    vertex 3321.626822999999 207.469435052933 549.0281457409891
  endloop
endfacet
facet normal -0.9914448613738048 -0.1305261922200947 -4.7997055099521585e-14
  outer loop
    vertex 3321.5757117394323 207.85766362058686 553.0281457409901
    vertex 3321.626822999999 207.469435052933 549.0281457409891
    vertex 3321.626822999999 207.46943505293308 553.0281457409899
  endloop
endfacet
facet normal -0.9914448613738048 -0.1305261922200947 -4.7997055099521585e-14
  outer loop
    vertex 3321.626822999999 207.469435052933 549.0281457409891
    vertex 3321.5757117394323 207.85766362058686 553.0281457409901
    vertex 3321.5757117394332 207.85766362058678 549.0281457409894
  endloop
endfacet
facet normal -0.9238795325112964 -0.38268343236506636 -3.883651052157642e-14
  outer loop
    vertex 3321.4258611056757 208.21943505293308 553.0281457409901
    vertex 3321.5757117394332 207.85766362058678 549.0281457409894
    vertex 3321.5757117394323 207.85766362058686 553.0281457409901
  endloop
endfacet
facet normal -0.9238795325112964 -0.38268343236506636 -3.883651052157642e-14
  outer loop
    vertex 3321.5757117394332 207.85766362058678 549.0281457409894
    vertex 3321.4258611056757 208.21943505293308 553.0281457409901
    vertex 3321.4258611056757 208.219435052933 549.0281457409894
  endloop
endfacet
facet normal -0.7933533402912067 -0.6087614290087577 -2.016416157767068e-14
  outer loop
    vertex 3321.1874831717787 208.53009522471297 553.0281457409903
    vertex 3321.4258611056757 208.219435052933 549.0281457409894
    vertex 3321.4258611056757 208.21943505293308 553.0281457409901
  endloop
endfacet
facet normal -0.7933533402912067 -0.6087614290087577 -2.016416157767068e-14
  outer loop
    vertex 3321.4258611056757 208.219435052933 549.0281457409894
    vertex 3321.1874831717787 208.53009522471297 553.0281457409903
    vertex 3321.187483171779 208.5300952247128 549.0281457409897
  endloop
endfacet
facet normal -0.6087614290087409 -0.7933533402912198 -4.43149901311246e-15
  outer loop
    vertex 3320.876822999999 208.76847315860965 549.0281457409897
    vertex 3321.1874831717787 208.53009522471297 553.0281457409903
    vertex 3320.876822999999 208.76847315860974 553.0281457409903
  endloop
endfacet
facet normal -0.6087614290087409 -0.7933533402912198 -4.43149901311246e-15
  outer loop
    vertex 3321.1874831717787 208.53009522471297 553.0281457409903
    vertex 3320.876822999999 208.76847315860965 549.0281457409897
    vertex 3321.187483171779 208.5300952247128 549.0281457409897
  endloop
endfacet
facet normal -0.38268343236506636 -0.9238795325112966 1.1779715052980405e-15
  outer loop
    vertex 3320.5150515676532 208.91832379236658 549.0281457409897
    vertex 3320.876822999999 208.76847315860974 553.0281457409903
    vertex 3320.515051567653 208.91832379236666 553.0281457409903
  endloop
endfacet
facet normal -0.38268343236506636 -0.9238795325112966 1.1779715052980405e-15
  outer loop
    vertex 3320.876822999999 208.76847315860974 553.0281457409903
    vertex 3320.5150515676532 208.91832379236658 549.0281457409897
    vertex 3320.876822999999 208.76847315860965 549.0281457409897
  endloop
endfacet
facet normal -0.13052619222009473 -0.9914448613738048 1.566004611035763e-14
  outer loop
    vertex 3320.1268229999987 208.9694350529331 553.0281457409901
    vertex 3320.5150515676532 208.91832379236658 549.0281457409897
    vertex 3320.515051567653 208.91832379236666 553.0281457409903
  endloop
endfacet
facet normal -0.13052619222009473 -0.9914448613738048 1.566004611035763e-14
  outer loop
    vertex 3320.5150515676532 208.91832379236658 549.0281457409897
    vertex 3320.1268229999987 208.9694350529331 553.0281457409901
    vertex 3320.1268229999996 208.969435052933 549.0281457409895
  endloop
endfacet
facet normal 0.13052619222009473 -0.9914448613738048 2.9072428604481526e-14
  outer loop
    vertex 3319.7385944323455 208.91832379236658 549.0281457409895
    vertex 3320.1268229999987 208.9694350529331 553.0281457409901
    vertex 3319.7385944323455 208.91832379236666 553.0281457409903
  endloop
endfacet
facet normal 0.13052619222009473 -0.9914448613738048 2.9072428604481526e-14
  outer loop
    vertex 3320.1268229999987 208.9694350529331 553.0281457409901
    vertex 3319.7385944323455 208.91832379236658 549.0281457409895
    vertex 3320.1268229999996 208.969435052933 549.0281457409895
  endloop
endfacet
facet normal 0.38268343236506636 -0.9238795325112964 4.0504433296810633e-14
  outer loop
    vertex 3319.376822999999 208.76847315860965 549.0281457409895
    vertex 3319.7385944323455 208.91832379236666 553.0281457409903
    vertex 3319.376822999999 208.76847315860974 553.0281457409903
  endloop
endfacet
facet normal 0.38268343236506636 -0.9238795325112964 4.0504433296810633e-14
  outer loop
    vertex 3319.7385944323455 208.91832379236666 553.0281457409903
    vertex 3319.376822999999 208.76847315860965 549.0281457409895
    vertex 3319.7385944323455 208.91832379236658 549.0281457409895
  endloop
endfacet
facet normal 0.6087614290087409 -0.7933533402912198 5.812520606516207e-14
  outer loop
    vertex 3319.0661628282196 208.5300952247128 549.0281457409895
    vertex 3319.376822999999 208.76847315860974 553.0281457409903
    vertex 3319.066162828219 208.53009522471297 553.0281457409903
  endloop
endfacet
facet normal 0.6087614290087409 -0.7933533402912198 5.812520606516207e-14
  outer loop
    vertex 3319.376822999999 208.76847315860974 553.0281457409903
    vertex 3319.0661628282196 208.5300952247128 549.0281457409895
    vertex 3319.376822999999 208.76847315860965 549.0281457409895
  endloop
endfacet
facet normal 0.7933533402912067 -0.6087614290087577 6.136479208334786e-14
  outer loop
    vertex 3318.8277848943226 208.219435052933 549.0281457409892
    vertex 3319.066162828219 208.53009522471297 553.0281457409903
    vertex 3318.8277848943226 208.21943505293308 553.0281457409899
  endloop
endfacet
facet normal 0.7933533402912067 -0.6087614290087577 6.136479208334786e-14
  outer loop
    vertex 3319.066162828219 208.53009522471297 553.0281457409903
    vertex 3318.8277848943226 208.219435052933 549.0281457409892
    vertex 3319.0661628282196 208.5300952247128 549.0281457409895
  endloop
endfacet
facet normal 0.9238795325112966 -0.38268343236506636 5.6101927902934025e-14
  outer loop
    vertex 3318.677934260566 207.85766362058678 549.0281457409892
    vertex 3318.8277848943226 208.21943505293308 553.0281457409899
    vertex 3318.677934260566 207.85766362058686 553.0281457409899
  endloop
endfacet
facet normal 0.9238795325112966 -0.38268343236506636 5.6101927902934025e-14
  outer loop
    vertex 3318.8277848943226 208.21943505293308 553.0281457409899
    vertex 3318.677934260566 207.85766362058678 549.0281457409892
    vertex 3318.8277848943226 208.219435052933 549.0281457409892
  endloop
endfacet
facet normal 0.9914448613738048 -0.13052619222009473 5.3886605951241855e-14
  outer loop
    vertex 3318.626822999999 207.469435052933 549.0281457409889
    vertex 3318.677934260566 207.85766362058686 553.0281457409899
    vertex 3318.626822999999 207.46943505293308 553.0281457409895
  endloop
endfacet
facet normal 0.9914448613738048 -0.13052619222009473 5.3886605951241855e-14
  outer loop
    vertex 3318.677934260566 207.85766362058686 553.0281457409899
    vertex 3318.626822999999 207.469435052933 549.0281457409889
    vertex 3318.677934260566 207.85766362058678 549.0281457409892
  endloop
endfacet
facet normal 0.9914448613738048 0.13052619222009473 4.799623309237144e-14
  outer loop
    vertex 3318.677934260566 207.08120648527918 549.0281457409889
    vertex 3318.626822999999 207.46943505293308 553.0281457409895
    vertex 3318.677934260566 207.08120648527927 553.0281457409895
  endloop
endfacet
facet normal 0.9914448613738048 0.13052619222009473 4.799623309237144e-14
  outer loop
    vertex 3318.626822999999 207.46943505293308 553.0281457409895
    vertex 3318.677934260566 207.08120648527918 549.0281457409889
    vertex 3318.626822999999 207.469435052933 549.0281457409889
  endloop
endfacet
facet normal 0.9238795325112966 0.38268343236506636 3.883822080032922e-14
  outer loop
    vertex 3318.8277848943226 206.71943505293297 549.0281457409893
    vertex 3318.677934260566 207.08120648527927 553.0281457409895
    vertex 3318.8277848943226 206.71943505293305 553.02814574099
  endloop
endfacet
facet normal 0.9238795325112966 0.38268343236506636 3.883822080032922e-14
  outer loop
    vertex 3318.677934260566 207.08120648527927 553.0281457409895
    vertex 3318.8277848943226 206.71943505293297 549.0281457409893
    vertex 3318.677934260566 207.08120648527918 549.0281457409889
  endloop
endfacet
facet normal 0.7933533402912067 0.6087614290087577 2.016416157767068e-14
  outer loop
    vertex 3319.0661628282196 206.40877488115308 549.0281457409893
    vertex 3318.8277848943226 206.71943505293305 553.02814574099
    vertex 3319.066162828219 206.40877488115328 553.02814574099
  endloop
endfacet
facet normal 0.7933533402912067 0.6087614290087577 2.016416157767068e-14
  outer loop
    vertex 3318.8277848943226 206.71943505293305 553.02814574099
    vertex 3319.0661628282196 206.40877488115308 549.0281457409893
    vertex 3318.8277848943226 206.71943505293297 549.0281457409893
  endloop
endfacet
facet normal 0.6087614290087409 0.7933533402912198 4.43149901311246e-15
  outer loop
    vertex 3319.376822999999 206.1703969472563 549.0281457409897
    vertex 3319.066162828219 206.40877488115328 553.02814574099
    vertex 3319.376822999999 206.1703969472564 553.0281457409903
  endloop
endfacet
facet normal 0.6087614290087409 0.7933533402912198 4.43149901311246e-15
  outer loop
    vertex 3319.066162828219 206.40877488115328 553.02814574099
    vertex 3319.376822999999 206.1703969472563 549.0281457409897
    vertex 3319.0661628282196 206.40877488115308 549.0281457409893
  endloop
endfacet
facet normal 0.38268343236506636 0.9238795325112964 -1.1780665026730034e-15
  outer loop
    vertex 3319.7385944323455 206.02054631349938 549.0281457409898
    vertex 3319.376822999999 206.1703969472564 553.0281457409903
    vertex 3319.7385944323455 206.02054631349947 553.0281457409905
  endloop
endfacet
facet normal 0.38268343236506636 0.9238795325112964 -1.1780665026730034e-15
  outer loop
    vertex 3319.376822999999 206.1703969472564 553.0281457409903
    vertex 3319.7385944323455 206.02054631349938 549.0281457409898
    vertex 3319.376822999999 206.1703969472563 549.0281457409897
  endloop
endfacet
facet normal 0.13052619222009473 0.9914448613738048 -1.5660828047313405e-14
  outer loop
    vertex 3320.1268229999996 205.96943505293297 549.0281457409898
    vertex 3319.7385944323455 206.02054631349947 553.0281457409905
    vertex 3320.1268229999987 205.96943505293305 553.0281457409905
  endloop
endfacet
facet normal 0.13052619222009473 0.9914448613738048 -1.5660828047313405e-14
  outer loop
    vertex 3319.7385944323455 206.02054631349947 553.0281457409905
    vertex 3320.1268229999996 205.96943505293297 549.0281457409898
    vertex 3319.7385944323455 206.02054631349938 549.0281457409898
  endloop
endfacet
facet normal -0.13052619222009473 0.9914448613738048 -2.9072069279355673e-14
  outer loop
    vertex 3320.5150515676532 206.02054631349938 549.0281457409899
    vertex 3320.1268229999987 205.96943505293305 553.0281457409905
    vertex 3320.515051567653 206.02054631349947 553.0281457409906
  endloop
endfacet
facet normal -0.13052619222009473 0.9914448613738048 -2.9072069279355673e-14
  outer loop
    vertex 3320.1268229999987 205.96943505293305 553.0281457409905
    vertex 3320.5150515676532 206.02054631349938 549.0281457409899
    vertex 3320.1268229999996 205.96943505293297 549.0281457409898
  endloop
endfacet
facet normal -0.38268343236506636 0.9238795325112964 -4.0504528294185205e-14
  outer loop
    vertex 3320.876822999999 206.1703969472564 553.0281457409905
    vertex 3320.5150515676532 206.02054631349938 549.0281457409899
    vertex 3320.515051567653 206.02054631349947 553.0281457409906
  endloop
endfacet
facet normal -0.38268343236506636 0.9238795325112964 -4.0504528294185205e-14
  outer loop
    vertex 3320.5150515676532 206.02054631349938 549.0281457409899
    vertex 3320.876822999999 206.1703969472564 553.0281457409905
    vertex 3320.876822999999 206.1703969472563 549.0281457409898
  endloop
endfacet
facet normal 0.6848596559245075 -0.7286749972978113 6.806975285078249e-14
  outer loop
    vertex 3321.5978934978216 205.03244032047002 549.0281457409898
    vertex 3323.1268229999987 206.4694350529331 553.0281457409903
    vertex 3321.5978934978216 205.0324403204702 553.0281457409903
  endloop
endfacet
facet normal 0.6848596559245075 -0.7286749972978113 6.806975285078249e-14
  outer loop
    vertex 3323.1268229999987 206.4694350529331 553.0281457409903
    vertex 3321.5978934978216 205.03244032047002 549.0281457409898
    vertex 3323.1268229999996 206.46943505293294 549.0281457409898
  endloop
endfacet
facet normal 0.7850920694156112 -0.6193790782232745 6.12993584082387e-14
  outer loop
    vertex 3320.2982922363 203.38513468859472 549.0281457409898
    vertex 3321.5978934978216 205.0324403204702 553.0281457409903
    vertex 3320.2982922363 203.3851346885948 553.0281457409903
  endloop
endfacet
facet normal 0.7850920694156112 -0.6193790782232745 6.12993584082387e-14
  outer loop
    vertex 3321.5978934978216 205.0324403204702 553.0281457409903
    vertex 3320.2982922363 203.38513468859472 549.0281457409898
    vertex 3321.5978934978216 205.03244032047002 549.0281457409898
  endloop
endfacet
facet normal 0.8680586324108516 -0.49646169106689586 6.14063388214586e-14
  outer loop
    vertex 3319.2566002213575 201.56374592455737 549.02814574099
    vertex 3320.2982922363 203.3851346885948 553.0281457409903
    vertex 3319.2566002213575 201.56374592455754 553.0281457409906
  endloop
endfacet
facet normal 0.8680586324108516 -0.49646169106689586 6.14063388214586e-14
  outer loop
    vertex 3320.2982922363 203.3851346885948 553.0281457409903
    vertex 3319.2566002213575 201.56374592455737 549.02814574099
    vertex 3320.2982922363 203.38513468859472 549.0281457409898
  endloop
endfacet
facet normal 0.9319347330861852 -0.36262605155666977 6.015455934732036e-14
  outer loop
    vertex 3318.4957264840405 199.6083302552897 549.0281457409902
    vertex 3319.2566002213575 201.56374592455754 553.0281457409906
    vertex 3318.4957264840405 199.6083302552898 553.0281457409908
  endloop
endfacet
facet normal 0.9319347330861852 -0.36262605155666977 6.015455934732036e-14
  outer loop
    vertex 3319.2566002213575 201.56374592455754 553.0281457409906
    vertex 3318.4957264840405 199.6083302552897 549.0281457409902
    vertex 3319.2566002213575 201.56374592455737 549.02814574099
  endloop
endfacet
facet normal 0.9753155996352352 -0.22081549109643914 5.758453465486527e-14
  outer loop
    vertex 3318.032404262025 197.56189144546838 549.0281457409892
    vertex 3318.4957264840405 199.6083302552898 553.0281457409908
    vertex 3318.032404262025 197.56189144546858 553.0281457409895
  endloop
endfacet
facet normal 0.9753155996352352 -0.22081549109643914 5.758453465486527e-14
  outer loop
    vertex 3318.4957264840405 199.6083302552898 553.0281457409908
    vertex 3318.032404262025 197.56189144546838 549.0281457409892
    vertex 3318.4957264840405 199.6083302552897 549.0281457409902
  endloop
endfacet
facet normal 0.997247194200039 -0.07414872662527608 5.458424282775239e-14
  outer loop
    vertex 3317.876822999999 195.4694350529329 549.02814574099
    vertex 3318.032404262025 197.56189144546858 553.0281457409895
    vertex 3317.876822999999 195.4694350529331 553.0281457409906
  endloop
endfacet
facet normal 0.997247194200039 -0.07414872662527608 5.458424282775239e-14
  outer loop
    vertex 3318.032404262025 197.56189144546858 553.0281457409895
    vertex 3317.876822999999 195.4694350529329 549.02814574099
    vertex 3318.032404262025 197.56189144546838 549.0281457409892
  endloop
endfacet
facet normal 0.997247194200039 0.07414872662527609 4.7895742506733416e-14
  outer loop
    vertex 3318.032404262025 193.37697866039744 549.0281457409906
    vertex 3317.876822999999 195.4694350529331 553.0281457409906
    vertex 3318.032404262025 193.37697866039764 553.0281457409911
  endloop
endfacet
facet normal 0.997247194200039 0.07414872662527609 4.7895742506733416e-14
  outer loop
    vertex 3317.876822999999 195.4694350529331 553.0281457409906
    vertex 3318.032404262025 193.37697866039744 549.0281457409906
    vertex 3317.876822999999 195.4694350529329 549.02814574099
  endloop
endfacet
facet normal 0.9753155996352352 0.22081549109643914 4.2639506188139946e-14
  outer loop
    vertex 3318.4957264840405 191.33053985057623 549.0281457409895
    vertex 3318.032404262025 193.37697866039764 553.0281457409911
    vertex 3318.4957264840405 191.33053985057632 553.0281457409899
  endloop
endfacet
facet normal 0.9753155996352352 0.22081549109643914 4.2639506188139946e-14
  outer loop
    vertex 3318.032404262025 193.37697866039764 553.0281457409911
    vertex 3318.4957264840405 191.33053985057623 549.0281457409895
    vertex 3318.032404262025 193.37697866039744 549.0281457409906
  endloop
endfacet
facet normal 0.9319347330861852 0.36262605155666977 3.5602279866924574e-14
  outer loop
    vertex 3319.2566002213575 189.37512418130848 549.0281457409905
    vertex 3318.4957264840405 191.33053985057632 553.0281457409899
    vertex 3319.2566002213575 189.37512418130865 553.028145740991
  endloop
endfacet
facet normal 0.9319347330861852 0.36262605155666977 3.5602279866924574e-14
  outer loop
    vertex 3318.4957264840405 191.33053985057632 553.0281457409899
    vertex 3319.2566002213575 189.37512418130848 549.0281457409905
    vertex 3318.4957264840405 191.33053985057623 549.0281457409895
  endloop
endfacet
facet normal 0.8680586324108516 0.49646169106689586 2.7799703962568823e-14
  outer loop
    vertex 3320.2982922363 187.5537354172712 549.0281457409909
    vertex 3319.2566002213575 189.37512418130865 553.028145740991
    vertex 3320.2982922363 187.5537354172713 553.0281457409915
  endloop
endfacet
facet normal 0.8680586324108516 0.49646169106689586 2.7799703962568823e-14
  outer loop
    vertex 3319.2566002213575 189.37512418130865 553.028145740991
    vertex 3320.2982922363 187.5537354172712 549.0281457409909
    vertex 3319.2566002213575 189.37512418130848 549.0281457409905
  endloop
endfacet
facet normal 0.7850920694156112 0.6193790782232745 1.9380625775759083e-14
  outer loop
    vertex 3321.5978934978216 185.90642978539583 549.0281457409911
    vertex 3320.2982922363 187.5537354172713 553.0281457409915
    vertex 3321.5978934978216 185.906429785396 553.0281457409917
  endloop
endfacet
facet normal 0.7850920694156112 0.6193790782232745 1.9380625775759083e-14
  outer loop
    vertex 3320.2982922363 187.5537354172713 553.0281457409915
    vertex 3321.5978934978216 185.90642978539583 549.0281457409911
    vertex 3320.2982922363 187.5537354172712 549.0281457409909
  endloop
endfacet
facet normal 0.6848596559245018 0.7286749972978166 6.42564616658115e-15
  outer loop
    vertex 3323.1268229999996 184.46943505293294 549.0281457409914
    vertex 3321.5978934978216 185.906429785396 553.0281457409917
    vertex 3323.1268229999987 184.46943505293308 553.0281457409919
  endloop
endfacet
facet normal 0.6848596559245018 0.7286749972978166 6.42564616658115e-15
  outer loop
    vertex 3321.5978934978216 185.906429785396 553.0281457409917
    vertex 3323.1268229999996 184.46943505293294 549.0281457409914
    vertex 3321.5978934978216 185.90642978539583 549.0281457409911
  endloop
endfacet
facet normal 1.0 -5.268986395855139e-27 5.138112157965577e-14
  outer loop
    vertex 3323.1268229999996 206.46943505293294 549.0281457409898
    vertex 3323.1268229999987 210.4694350529331 553.0281457409898
    vertex 3323.1268229999987 206.4694350529331 553.0281457409903
  endloop
endfacet
facet normal 1.0 -5.268986395855139e-27 5.138112157965577e-14
  outer loop
    vertex 3323.1268229999987 210.4694350529331 553.0281457409898
    vertex 3323.1268229999996 206.46943505293294 549.0281457409898
    vertex 3323.1268229999996 210.46943505293297 549.0281457409891
  endloop
endfacet
facet normal 6.848196657893531e-14 -6.609381472552167e-14 -1.0
  outer loop
    vertex 3321.5978934978216 205.03244032047002 549.0281457409898
    vertex 3323.1268229999996 210.46943505293297 549.0281457409891
    vertex 3323.1268229999996 206.46943505293294 549.0281457409898
  endloop
endfacet
facet normal 6.848196657893531e-14 -6.609381472552167e-14 -1.0
  outer loop
    vertex 3323.1268229999996 210.46943505293297 549.0281457409891
    vertex 3321.5978934978216 205.03244032047002 549.0281457409898
    vertex 3321.626822999999 207.469435052933 549.0281457409891
  endloop
endfacet
facet normal 6.848196657893531e-14 -6.609381472552167e-14 -1.0
  outer loop
    vertex 3321.626822999999 207.469435052933 549.0281457409891
    vertex 3321.5978934978216 205.03244032047002 549.0281457409898
    vertex 3321.5757117394332 207.08120648527918 549.0281457409891
  endloop
endfacet
facet normal 6.848196657893531e-14 -6.609381472552167e-14 -1.0
  outer loop
    vertex 3321.5757117394332 207.08120648527918 549.0281457409891
    vertex 3321.5978934978216 205.03244032047002 549.0281457409898
    vertex 3320.2982922363 203.38513468859472 549.0281457409898
  endloop
endfacet
facet normal 6.848196657893531e-14 -6.609381472552167e-14 -1.0
  outer loop
    vertex 3321.5757117394332 207.08120648527918 549.0281457409891
    vertex 3320.2982922363 203.38513468859472 549.0281457409898
    vertex 3321.4258611056757 206.71943505293297 549.0281457409895
  endloop
endfacet
facet normal 6.848196657893531e-14 -6.609381472552167e-14 -1.0
  outer loop
    vertex 3321.4258611056757 206.71943505293297 549.0281457409895
    vertex 3320.2982922363 203.38513468859472 549.0281457409898
    vertex 3321.187483171779 206.40877488115308 549.0281457409895
  endloop
endfacet
facet normal 6.848196657893531e-14 -6.609381472552167e-14 -1.0
  outer loop
    vertex 3321.187483171779 206.40877488115308 549.0281457409895
    vertex 3320.2982922363 203.38513468859472 549.0281457409898
    vertex 3320.876822999999 206.1703969472563 549.0281457409898
  endloop
endfacet
facet normal 6.848196657893531e-14 -6.609381472552167e-14 -1.0
  outer loop
    vertex 3320.876822999999 206.1703969472563 549.0281457409898
    vertex 3320.2982922363 203.38513468859472 549.0281457409898
    vertex 3320.5150515676532 206.02054631349938 549.0281457409899
  endloop
endfacet
facet normal 6.848196657893531e-14 -6.609381472552167e-14 -1.0
  outer loop
    vertex 3320.5150515676532 206.02054631349938 549.0281457409899
    vertex 3320.2982922363 203.38513468859472 549.0281457409898
    vertex 3320.1268229999996 205.96943505293297 549.0281457409898
  endloop
endfacet
facet normal 6.848196657893531e-14 -6.609381472552167e-14 -1.0
  outer loop
    vertex 3320.1268229999996 205.96943505293297 549.0281457409898
    vertex 3320.2982922363 203.38513468859472 549.0281457409898
    vertex 3319.2566002213575 201.56374592455737 549.02814574099
  endloop
endfacet
facet normal 6.848196657893531e-14 -6.609381472552167e-14 -1.0
  outer loop
    vertex 3320.1268229999996 205.96943505293297 549.0281457409898
    vertex 3319.2566002213575 201.56374592455737 549.02814574099
    vertex 3319.7385944323455 206.02054631349938 549.0281457409898
  endloop
endfacet
facet normal 6.848196657893531e-14 -6.609381472552167e-14 -1.0
  outer loop
    vertex 3319.7385944323455 206.02054631349938 549.0281457409898
    vertex 3319.2566002213575 201.56374592455737 549.02814574099
    vertex 3319.376822999999 206.1703969472563 549.0281457409897
  endloop
endfacet
facet normal 6.848196657893531e-14 -6.609381472552167e-14 -1.0
  outer loop
    vertex 3319.376822999999 206.1703969472563 549.0281457409897
    vertex 3319.2566002213575 201.56374592455737 549.02814574099
    vertex 3319.0661628282196 206.40877488115308 549.0281457409893
  endloop
endfacet
facet normal 6.848196657893531e-14 -6.609381472552167e-14 -1.0
  outer loop
    vertex 3319.0661628282196 206.40877488115308 549.0281457409893
    vertex 3319.2566002213575 201.56374592455737 549.02814574099
    vertex 3318.4957264840405 199.6083302552897 549.0281457409902
  endloop
endfacet
facet normal 6.848196657893531e-14 -6.609381472552167e-14 -1.0
  outer loop
    vertex 3319.0661628282196 206.40877488115308 549.0281457409893
    vertex 3318.4957264840405 199.6083302552897 549.0281457409902
    vertex 3318.8277848943226 206.71943505293297 549.0281457409893
  endloop
endfacet
facet normal 6.848196657893531e-14 -6.609381472552167e-14 -1.0
  outer loop
    vertex 3318.8277848943226 206.71943505293297 549.0281457409893
    vertex 3318.4957264840405 199.6083302552897 549.0281457409902
    vertex 3318.677934260566 207.08120648527918 549.0281457409889
  endloop
endfacet
facet normal 6.848196657893531e-14 -6.609381472552167e-14 -1.0
  outer loop
    vertex 3318.677934260566 207.08120648527918 549.0281457409889
    vertex 3318.4957264840405 199.6083302552897 549.0281457409902
    vertex 3318.626822999999 207.469435052933 549.0281457409889
  endloop
endfacet
facet normal 6.848196657893531e-14 -6.609381472552167e-14 -1.0
  outer loop
    vertex 3323.1268229999996 180.46943505293282 549.0281457409911
    vertex 3321.187483171779 182.408774881153 549.0281457409905
    vertex 3323.1268229999996 184.46943505293294 549.0281457409914
  endloop
endfacet
facet normal 6.848196657893531e-14 -6.609381472552167e-14 -1.0
  outer loop
    vertex 3321.187483171779 182.408774881153 549.0281457409905
    vertex 3323.1268229999996 180.46943505293282 549.0281457409911
    vertex 3320.876822999999 182.17039694725617 549.0281457409905
  endloop
endfacet
facet normal 6.848196657893531e-14 -6.609381472552167e-14 -1.0
  outer loop
    vertex 3320.876822999999 182.17039694725617 549.0281457409905
    vertex 3323.1268229999996 180.46943505293282 549.0281457409911
    vertex 3320.5150515676532 182.02054631349924 549.0281457409908
  endloop
endfacet
facet normal 6.848196657893531e-14 -6.609381472552167e-14 -1.0
  outer loop
    vertex 3320.5150515676532 182.02054631349924 549.0281457409908
    vertex 3323.1268229999996 180.46943505293282 549.0281457409911
    vertex 3316.126822999999 180.46943505293282 549.0281457409906
  endloop
endfacet
facet normal 6.848196657893531e-14 -6.609381472552167e-14 -1.0
  outer loop
    vertex 3323.1268229999996 184.46943505293294 549.0281457409914
    vertex 3321.187483171779 182.408774881153 549.0281457409905
    vertex 3321.4258611056757 182.71943505293285 549.0281457409908
  endloop
endfacet
facet normal 6.848196657893531e-14 -6.609381472552167e-14 -1.0
  outer loop
    vertex 3323.1268229999996 184.46943505293294 549.0281457409914
    vertex 3321.4258611056757 182.71943505293285 549.0281457409908
    vertex 3321.5757117394332 183.08120648527904 549.0281457409908
  endloop
endfacet
facet normal 6.848196657893531e-14 -6.609381472552167e-14 -1.0
  outer loop
    vertex 3323.1268229999996 184.46943505293294 549.0281457409914
    vertex 3321.5757117394332 183.08120648527904 549.0281457409908
    vertex 3321.626822999999 183.46943505293285 549.0281457409908
  endloop
endfacet
facet normal 6.848196657893531e-14 -6.609381472552167e-14 -1.0
  outer loop
    vertex 3320.5150515676532 182.02054631349924 549.0281457409908
    vertex 3316.126822999999 180.46943505293282 549.0281457409906
    vertex 3320.1268229999996 181.96943505293282 549.0281457409908
  endloop
endfacet
facet normal 6.848196657893531e-14 -6.609381472552167e-14 -1.0
  outer loop
    vertex 3320.1268229999996 181.96943505293282 549.0281457409908
    vertex 3316.126822999999 180.46943505293282 549.0281457409906
    vertex 3319.7385944323455 182.02054631349924 549.0281457409908
  endloop
endfacet
facet normal 6.848196657893531e-14 -6.609381472552167e-14 -1.0
  outer loop
    vertex 3319.7385944323455 182.02054631349924 549.0281457409908
    vertex 3316.126822999999 180.46943505293282 549.0281457409906
    vertex 3319.376822999999 182.17039694725617 549.0281457409905
  endloop
endfacet
facet normal 6.848196657893531e-14 -6.609381472552167e-14 -1.0
  outer loop
    vertex 3319.376822999999 182.17039694725617 549.0281457409905
    vertex 3316.126822999999 180.46943505293282 549.0281457409906
    vertex 3319.0661628282196 182.408774881153 549.0281457409905
  endloop
endfacet
facet normal 6.848196657893531e-14 -6.609381472552167e-14 -1.0
  outer loop
    vertex 3319.0661628282196 182.408774881153 549.0281457409905
    vertex 3316.126822999999 180.46943505293282 549.0281457409906
    vertex 3318.8277848943226 182.71943505293285 549.0281457409907
  endloop
endfacet
facet normal 6.848196657893531e-14 -6.609381472552167e-14 -1.0
  outer loop
    vertex 3318.8277848943226 182.71943505293285 549.0281457409907
    vertex 3316.126822999999 180.46943505293282 549.0281457409906
    vertex 3318.677934260566 183.08120648527904 549.0281457409907
  endloop
endfacet
facet normal 6.848196657893531e-14 -6.609381472552167e-14 -1.0
  outer loop
    vertex 3318.677934260566 183.08120648527904 549.0281457409907
    vertex 3316.126822999999 180.46943505293282 549.0281457409906
    vertex 3318.626822999999 183.46943505293285 549.0281457409907
  endloop
endfacet
facet normal 6.848196657893531e-14 -6.609381472552167e-14 -1.0
  outer loop
    vertex 3318.626822999999 183.46943505293285 549.0281457409907
    vertex 3316.126822999999 180.46943505293282 549.0281457409906
    vertex 3318.4957264840405 191.33053985057623 549.0281457409895
  endloop
endfacet
facet normal 6.848196657893531e-14 -6.609381472552167e-14 -1.0
  outer loop
    vertex 3318.4957264840405 191.33053985057623 549.0281457409895
    vertex 3316.126822999999 180.46943505293282 549.0281457409906
    vertex 3318.032404262025 193.37697866039744 549.0281457409906
  endloop
endfacet
facet normal 6.848196657893531e-14 -6.609381472552167e-14 -1.0
  outer loop
    vertex 3318.032404262025 193.37697866039744 549.0281457409906
    vertex 3316.126822999999 180.46943505293282 549.0281457409906
    vertex 3317.876822999999 195.4694350529329 549.02814574099
  endloop
endfacet
facet normal 6.848196657893531e-14 -6.609381472552167e-14 -1.0
  outer loop
    vertex 3316.126822999999 194.81943505293296 549.0281457409894
    vertex 3314.051606736545 198.0518722510639 549.0281457409898
    vertex 3314.118434391543 198.4952447721736 549.0281457409903
  endloop
endfacet
facet normal 6.848196657893531e-14 -6.609381472552167e-14 -1.0
  outer loop
    vertex 3314.051606736545 198.0518722510639 549.0281457409898
    vertex 3316.126822999999 194.81943505293296 549.0281457409894
    vertex 3313.9194442459316 197.62341197983366 549.0281457409902
  endloop
endfacet
facet normal 6.848196657893531e-14 -6.609381472552167e-14 -1.0
  outer loop
    vertex 3313.9194442459316 197.62341197983366 549.0281457409902
    vertex 3316.126822999999 194.81943505293296 549.0281457409894
    vertex 3313.7248992113527 197.21943505293282 549.0281457409902
  endloop
endfacet
facet normal 6.848196657893531e-14 -6.609381472552167e-14 -1.0
  outer loop
    vertex 3313.7248992113527 197.21943505293282 549.0281457409902
    vertex 3316.126822999999 194.81943505293296 549.0281457409894
    vertex 3313.4723174474034 196.84896564735666 549.0281457409906
  endloop
endfacet
facet normal 6.848196657893531e-14 -6.609381472552167e-14 -1.0
  outer loop
    vertex 3313.4723174474034 196.84896564735666 549.0281457409906
    vertex 3316.126822999999 194.81943505293296 549.0281457409894
    vertex 3313.1673412133123 196.52027943744335 549.0281457409906
  endloop
endfacet
facet normal 6.848196657893531e-14 -6.609381472552167e-14 -1.0
  outer loop
    vertex 3313.1673412133123 196.52027943744335 549.0281457409906
    vertex 3316.126822999999 194.81943505293296 549.0281457409894
    vertex 3312.8167831741903 196.2407187299849 549.0281457409906
  endloop
endfacet
facet normal 6.848196657893531e-14 -6.609381472552167e-14 -1.0
  outer loop
    vertex 3312.8167831741903 196.2407187299849 549.0281457409906
    vertex 3316.126822999999 194.81943505293296 549.0281457409894
    vertex 3312.4284742173522 196.0165284492256 549.0281457409901
  endloop
endfacet
facet normal 6.848196657893531e-14 -6.609381472552167e-14 -1.0
  outer loop
    vertex 3312.4284742173522 196.0165284492256 549.0281457409901
    vertex 3316.126822999999 194.81943505293296 549.0281457409894
    vertex 3312.0110885232325 195.8527166355744 549.0281457409901
  endloop
endfacet
facet normal 6.848196657893531e-14 -6.609381472552167e-14 -1.0
  outer loop
    vertex 3312.0110885232325 195.8527166355744 549.0281457409901
    vertex 3316.126822999999 194.81943505293296 549.0281457409894
    vertex 3311.573949798528 195.75294257425747 549.0281457409901
  endloop
endfacet
facet normal 6.848196657893531e-14 -6.609381472552167e-14 -1.0
  outer loop
    vertex 3311.573949798528 195.75294257425747 549.0281457409901
    vertex 3316.126822999999 194.81943505293296 549.0281457409894
    vertex 3306.126822999999 194.81943505293287 549.0281457409894
  endloop
endfacet
facet normal 6.848196657893531e-14 -6.609381472552167e-14 -1.0
  outer loop
    vertex 3311.573949798528 195.75294257425747 549.0281457409901
    vertex 3306.126822999999 194.81943505293287 549.0281457409894
    vertex 3311.1268229999996 195.71943505293285 549.02814574099
  endloop
endfacet
facet normal 6.848196657893531e-14 -6.609381472552167e-14 -1.0
  outer loop
    vertex 3311.1268229999996 195.71943505293285 549.02814574099
    vertex 3306.126822999999 194.81943505293287 549.0281457409894
    vertex 3310.679696201471 195.75294257425747 549.02814574099
  endloop
endfacet
facet normal 6.848196657893531e-14 -6.609381472552167e-14 -1.0
  outer loop
    vertex 3310.679696201471 195.75294257425747 549.02814574099
    vertex 3306.126822999999 194.81943505293287 549.0281457409894
    vertex 3310.2425574767663 195.8527166355744 549.02814574099
  endloop
endfacet
facet normal 6.848196657893531e-14 -6.609381472552167e-14 -1.0
  outer loop
    vertex 3310.2425574767663 195.8527166355744 549.02814574099
    vertex 3306.126822999999 194.81943505293287 549.0281457409894
    vertex 3309.8251717826465 196.0165284492256 549.02814574099
  endloop
endfacet
facet normal 6.848196657893531e-14 -6.609381472552167e-14 -1.0
  outer loop
    vertex 3309.8251717826465 196.0165284492256 549.02814574099
    vertex 3306.126822999999 194.81943505293287 549.0281457409894
    vertex 3309.4368628258085 196.2407187299849 549.0281457409903
  endloop
endfacet
facet normal 6.848196657893531e-14 -6.609381472552167e-14 -1.0
  outer loop
    vertex 3309.4368628258085 196.2407187299849 549.0281457409903
    vertex 3306.126822999999 194.81943505293287 549.0281457409894
    vertex 3309.086304786687 196.52027943744335 549.0281457409902
  endloop
endfacet
facet normal 6.848196657893531e-14 -6.609381472552167e-14 -1.0
  outer loop
    vertex 3309.086304786687 196.52027943744335 549.0281457409902
    vertex 3306.126822999999 194.81943505293287 549.0281457409894
    vertex 3308.7813285525954 196.84896564735666 549.0281457409902
  endloop
endfacet
facet normal 6.848196657893531e-14 -6.609381472552167e-14 -1.0
  outer loop
    vertex 3308.7813285525954 196.84896564735666 549.0281457409902
    vertex 3306.126822999999 194.81943505293287 549.0281457409894
    vertex 3308.528746788646 197.21943505293288 549.0281457409898
  endloop
endfacet
facet normal 6.848196657893531e-14 -6.609381472552167e-14 -1.0
  outer loop
    vertex 3308.528746788646 197.21943505293288 549.0281457409898
    vertex 3306.126822999999 194.81943505293287 549.0281457409894
    vertex 3308.334201754067 197.62341197983366 549.0281457409898
  endloop
endfacet
facet normal 6.848196657893531e-14 -6.609381472552167e-14 -1.0
  outer loop
    vertex 3308.334201754067 197.62341197983366 549.0281457409898
    vertex 3306.126822999999 194.81943505293287 549.0281457409894
    vertex 3308.2020392634536 198.0518722510639 549.0281457409894
  endloop
endfacet
facet normal 6.848196657893531e-14 -6.609381472552167e-14 -1.0
  outer loop
    vertex 3308.2020392634536 198.0518722510639 549.0281457409894
    vertex 3306.126822999999 194.81943505293287 549.0281457409894
    vertex 3308.135211608456 198.4952447721736 549.0281457409899
  endloop
endfacet
facet normal 6.848196657893531e-14 -6.609381472552167e-14 -1.0
  outer loop
    vertex 3308.135211608456 198.4952447721736 549.0281457409899
    vertex 3306.126822999999 194.81943505293287 549.0281457409894
    vertex 3308.135211608456 198.9436253336921 549.0281457409897
  endloop
endfacet
facet normal 6.848196657893531e-14 -6.609381472552167e-14 -1.0
  outer loop
    vertex 3323.1268229999996 210.46943505293297 549.0281457409891
    vertex 3320.1268229999996 208.969435052933 549.0281457409895
    vertex 3290.126823 210.46943505293316 549.0281457409881
  endloop
endfacet
facet normal 6.848196657893531e-14 -6.609381472552167e-14 -1.0
  outer loop
    vertex 3320.1268229999996 208.969435052933 549.0281457409895
    vertex 3323.1268229999996 210.46943505293297 549.0281457409891
    vertex 3320.5150515676532 208.91832379236658 549.0281457409897
  endloop
endfacet
facet normal 6.848196657893531e-14 -6.609381472552167e-14 -1.0
  outer loop
    vertex 3320.5150515676532 208.91832379236658 549.0281457409897
    vertex 3323.1268229999996 210.46943505293297 549.0281457409891
    vertex 3320.876822999999 208.76847315860965 549.0281457409897
  endloop
endfacet
facet normal 6.848196657893531e-14 -6.609381472552167e-14 -1.0
  outer loop
    vertex 3320.876822999999 208.76847315860965 549.0281457409897
    vertex 3323.1268229999996 210.46943505293297 549.0281457409891
    vertex 3321.187483171779 208.5300952247128 549.0281457409897
  endloop
endfacet
facet normal 6.848196657893531e-14 -6.609381472552167e-14 -1.0
  outer loop
    vertex 3321.187483171779 208.5300952247128 549.0281457409897
    vertex 3323.1268229999996 210.46943505293297 549.0281457409891
    vertex 3321.4258611056757 208.219435052933 549.0281457409894
  endloop
endfacet
facet normal 6.848196657893531e-14 -6.609381472552167e-14 -1.0
  outer loop
    vertex 3321.4258611056757 208.219435052933 549.0281457409894
    vertex 3323.1268229999996 210.46943505293297 549.0281457409891
    vertex 3321.5757117394332 207.85766362058678 549.0281457409894
  endloop
endfacet
facet normal 6.848196657893531e-14 -6.609381472552167e-14 -1.0
  outer loop
    vertex 3321.5757117394332 207.85766362058678 549.0281457409894
    vertex 3323.1268229999996 210.46943505293297 549.0281457409891
    vertex 3321.626822999999 207.469435052933 549.0281457409891
  endloop
endfacet
facet normal 6.848196657893531e-14 -6.609381472552167e-14 -1.0
  outer loop
    vertex 3290.126823 210.46943505293316 549.0281457409881
    vertex 3320.1268229999996 208.969435052933 549.0281457409895
    vertex 3319.7385944323455 208.91832379236658 549.0281457409895
  endloop
endfacet
facet normal 6.848196657893531e-14 -6.609381472552167e-14 -1.0
  outer loop
    vertex 3290.126823 210.46943505293316 549.0281457409881
    vertex 3319.7385944323455 208.91832379236658 549.0281457409895
    vertex 3319.376822999999 208.76847315860965 549.0281457409895
  endloop
endfacet
facet normal 6.848196657893531e-14 -6.609381472552167e-14 -1.0
  outer loop
    vertex 3290.126823 210.46943505293316 549.0281457409881
    vertex 3319.376822999999 208.76847315860965 549.0281457409895
    vertex 3319.0661628282196 208.5300952247128 549.0281457409895
  endloop
endfacet
facet normal 6.848196657893531e-14 -6.609381472552167e-14 -1.0
  outer loop
    vertex 3290.126823 210.46943505293316 549.0281457409881
    vertex 3319.0661628282196 208.5300952247128 549.0281457409895
    vertex 3318.8277848943226 208.219435052933 549.0281457409892
  endloop
endfacet
facet normal 6.848196657893531e-14 -6.609381472552167e-14 -1.0
  outer loop
    vertex 3290.126823 210.46943505293316 549.0281457409881
    vertex 3318.8277848943226 208.219435052933 549.0281457409892
    vertex 3318.677934260566 207.85766362058678 549.0281457409892
  endloop
endfacet
facet normal 6.848196657893531e-14 -6.609381472552167e-14 -1.0
  outer loop
    vertex 3290.126823 210.46943505293316 549.0281457409881
    vertex 3318.677934260566 207.85766362058678 549.0281457409892
    vertex 3318.626822999999 207.469435052933 549.0281457409889
  endloop
endfacet
facet normal 6.848196657893531e-14 -6.609381472552167e-14 -1.0
  outer loop
    vertex 3290.126823 210.46943505293316 549.0281457409881
    vertex 3318.626822999999 207.469435052933 549.0281457409889
    vertex 3318.4957264840405 199.6083302552897 549.0281457409902
  endloop
endfacet
facet normal 6.848196657893531e-14 -6.609381472552167e-14 -1.0
  outer loop
    vertex 3290.126823 210.46943505293316 549.0281457409881
    vertex 3318.4957264840405 199.6083302552897 549.0281457409902
    vertex 3312.4284742173522 201.4223416566401 549.0281457409895
  endloop
endfacet
facet normal 6.848196657893531e-14 -6.609381472552167e-14 -1.0
  outer loop
    vertex 3312.4284742173522 201.4223416566401 549.0281457409895
    vertex 3318.4957264840405 199.6083302552897 549.0281457409902
    vertex 3312.8167831741903 201.19815137588083 549.0281457409895
  endloop
endfacet
facet normal 6.848196657893531e-14 -6.609381472552167e-14 -1.0
  outer loop
    vertex 3312.8167831741903 201.19815137588083 549.0281457409895
    vertex 3318.4957264840405 199.6083302552897 549.0281457409902
    vertex 3318.032404262025 197.56189144546838 549.0281457409892
  endloop
endfacet
facet normal 6.848196657893531e-14 -6.609381472552167e-14 -1.0
  outer loop
    vertex 3312.8167831741903 201.19815137588083 549.0281457409895
    vertex 3318.032404262025 197.56189144546838 549.0281457409892
    vertex 3313.1673412133123 200.91859066842235 549.0281457409895
  endloop
endfacet
facet normal 6.848196657893531e-14 -6.609381472552167e-14 -1.0
  outer loop
    vertex 3313.1673412133123 200.91859066842235 549.0281457409895
    vertex 3318.032404262025 197.56189144546838 549.0281457409892
    vertex 3313.4723174474034 200.58990445850904 549.02814574099
  endloop
endfacet
facet normal 6.848196657893531e-14 -6.609381472552167e-14 -1.0
  outer loop
    vertex 3313.4723174474034 200.58990445850904 549.02814574099
    vertex 3318.032404262025 197.56189144546838 549.0281457409892
    vertex 3317.876822999999 195.4694350529329 549.02814574099
  endloop
endfacet
facet normal 6.848196657893531e-14 -6.609381472552167e-14 -1.0
  outer loop
    vertex 3313.4723174474034 200.58990445850904 549.02814574099
    vertex 3317.876822999999 195.4694350529329 549.02814574099
    vertex 3313.7248992113527 200.21943505293282 549.02814574099
  endloop
endfacet
facet normal 6.848196657893531e-14 -6.609381472552167e-14 -1.0
  outer loop
    vertex 3313.7248992113527 200.21943505293282 549.02814574099
    vertex 3317.876822999999 195.4694350529329 549.02814574099
    vertex 3313.9194442459316 199.81545812603204 549.0281457409905
  endloop
endfacet
facet normal 6.848196657893531e-14 -6.609381472552167e-14 -1.0
  outer loop
    vertex 3313.9194442459316 199.81545812603204 549.0281457409905
    vertex 3317.876822999999 195.4694350529329 549.02814574099
    vertex 3316.126822999999 194.81943505293296 549.0281457409894
  endloop
endfacet
facet normal 6.848196657893531e-14 -6.609381472552167e-14 -1.0
  outer loop
    vertex 3316.126822999999 194.81943505293296 549.0281457409894
    vertex 3317.876822999999 195.4694350529329 549.02814574099
    vertex 3316.126822999999 180.46943505293282 549.0281457409906
  endloop
endfacet
facet normal 6.848196657893531e-14 -6.609381472552167e-14 -1.0
  outer loop
    vertex 3313.9194442459316 199.81545812603204 549.0281457409905
    vertex 3316.126822999999 194.81943505293296 549.0281457409894
    vertex 3314.051606736545 199.3869978548018 549.0281457409905
  endloop
endfacet
facet normal 6.848196657893531e-14 -6.609381472552167e-14 -1.0
  outer loop
    vertex 3314.051606736545 199.3869978548018 549.0281457409905
    vertex 3316.126822999999 194.81943505293296 549.0281457409894
    vertex 3314.118434391543 198.9436253336921 549.0281457409901
  endloop
endfacet
facet normal 6.848196657893531e-14 -6.609381472552167e-14 -1.0
  outer loop
    vertex 3314.118434391543 198.9436253336921 549.0281457409901
    vertex 3316.126822999999 194.81943505293296 549.0281457409894
    vertex 3314.118434391543 198.4952447721736 549.0281457409903
  endloop
endfacet
facet normal 6.848196657893531e-14 -6.609381472552167e-14 -1.0
  outer loop
    vertex 3290.126823 210.46943505293316 549.0281457409881
    vertex 3312.4284742173522 201.4223416566401 549.0281457409895
    vertex 3312.0110885232325 201.5861534702913 549.02814574099
  endloop
endfacet
facet normal 6.848196657893531e-14 -6.609381472552167e-14 -1.0
  outer loop
    vertex 3290.126823 210.46943505293316 549.0281457409881
    vertex 3312.0110885232325 201.5861534702913 549.02814574099
    vertex 3311.573949798528 201.68592753160823 549.0281457409898
  endloop
endfacet
facet normal 6.848196657893531e-14 -6.609381472552167e-14 -1.0
  outer loop
    vertex 3290.126823 210.46943505293316 549.0281457409881
    vertex 3311.573949798528 201.68592753160823 549.0281457409898
    vertex 3311.1268229999996 201.71943505293285 549.0281457409898
  endloop
endfacet
facet normal 6.848196657893531e-14 -6.609381472552167e-14 -1.0
  outer loop
    vertex 3290.126823 210.46943505293316 549.0281457409881
    vertex 3311.1268229999996 201.71943505293285 549.0281457409898
    vertex 3310.679696201471 201.68592753160823 549.0281457409897
  endloop
endfacet
facet normal 6.848196657893531e-14 -6.609381472552167e-14 -1.0
  outer loop
    vertex 3290.126823 210.46943505293316 549.0281457409881
    vertex 3310.679696201471 201.68592753160823 549.0281457409897
    vertex 3310.2425574767663 201.5861534702913 549.0281457409899
  endloop
endfacet
facet normal 6.848196657893531e-14 -6.609381472552167e-14 -1.0
  outer loop
    vertex 3290.126823 210.46943505293316 549.0281457409881
    vertex 3310.2425574767663 201.5861534702913 549.0281457409899
    vertex 3309.8251717826465 201.4223416566401 549.0281457409893
  endloop
endfacet
facet normal 6.848196657893531e-14 -6.609381472552167e-14 -1.0
  outer loop
    vertex 3290.126823 210.46943505293316 549.0281457409881
    vertex 3309.8251717826465 201.4223416566401 549.0281457409893
    vertex 3309.4368628258085 201.19815137588083 549.0281457409893
  endloop
endfacet
facet normal 6.848196657893531e-14 -6.609381472552167e-14 -1.0
  outer loop
    vertex 3290.126823 210.46943505293316 549.0281457409881
    vertex 3309.4368628258085 201.19815137588083 549.0281457409893
    vertex 3306.126822999999 202.61943505293283 549.0281457409897
  endloop
endfacet
facet normal 6.848196657893531e-14 -6.609381472552167e-14 -1.0
  outer loop
    vertex 3306.126822999999 202.61943505293283 549.0281457409897
    vertex 3309.4368628258085 201.19815137588083 549.0281457409893
    vertex 3309.086304786687 200.91859066842235 549.0281457409892
  endloop
endfacet
facet normal 6.848196657893531e-14 -6.609381472552167e-14 -1.0
  outer loop
    vertex 3306.126822999999 202.61943505293283 549.0281457409897
    vertex 3309.086304786687 200.91859066842235 549.0281457409892
    vertex 3308.7813285525954 200.58990445850904 549.0281457409895
  endloop
endfacet
facet normal 6.848196657893531e-14 -6.609381472552167e-14 -1.0
  outer loop
    vertex 3306.126822999999 202.61943505293283 549.0281457409897
    vertex 3308.7813285525954 200.58990445850904 549.0281457409895
    vertex 3308.528746788646 200.21943505293288 549.0281457409895
  endloop
endfacet
facet normal 6.848196657893531e-14 -6.609381472552167e-14 -1.0
  outer loop
    vertex 3306.126822999999 202.61943505293283 549.0281457409897
    vertex 3308.528746788646 200.21943505293288 549.0281457409895
    vertex 3308.334201754067 199.81545812603204 549.02814574099
  endloop
endfacet
facet normal 6.848196657893531e-14 -6.609381472552167e-14 -1.0
  outer loop
    vertex 3306.126822999999 202.61943505293283 549.0281457409897
    vertex 3308.334201754067 199.81545812603204 549.02814574099
    vertex 3308.2020392634536 199.3869978548018 549.02814574099
  endloop
endfacet
facet normal 6.848196657893531e-14 -6.609381472552167e-14 -1.0
  outer loop
    vertex 3306.126822999999 202.61943505293283 549.0281457409897
    vertex 3308.2020392634536 199.3869978548018 549.02814574099
    vertex 3308.135211608456 198.9436253336921 549.0281457409897
  endloop
endfacet
facet normal 6.848196657893531e-14 -6.609381472552167e-14 -1.0
  outer loop
    vertex 3306.126822999999 202.61943505293283 549.0281457409897
    vertex 3308.135211608456 198.9436253336921 549.0281457409897
    vertex 3306.126822999999 194.81943505293287 549.0281457409894
  endloop
endfacet
facet normal 6.848196657893531e-14 -6.609381472552167e-14 -1.0
  outer loop
    vertex 3290.126823 210.46943505293316 549.0281457409881
    vertex 3306.126822999999 202.61943505293283 549.0281457409897
    vertex 3290.126822999999 202.619435052933 549.02814574099
  endloop
endfacet
facet normal 6.848196657893531e-14 -6.609381472552167e-14 -1.0
  outer loop
    vertex 3321.626822999999 183.46943505293285 549.0281457409908
    vertex 3321.5978934978216 185.90642978539583 549.0281457409911
    vertex 3323.1268229999996 184.46943505293294 549.0281457409914
  endloop
endfacet
facet normal 6.848196657893531e-14 -6.609381472552167e-14 -1.0
  outer loop
    vertex 3321.5978934978216 185.90642978539583 549.0281457409911
    vertex 3321.626822999999 183.46943505293285 549.0281457409908
    vertex 3321.5757117394332 183.85766362058675 549.0281457409912
  endloop
endfacet
facet normal 6.848196657893531e-14 -6.609381472552167e-14 -1.0
  outer loop
    vertex 3321.5978934978216 185.90642978539583 549.0281457409911
    vertex 3321.5757117394332 183.85766362058675 549.0281457409912
    vertex 3320.2982922363 187.5537354172712 549.0281457409909
  endloop
endfacet
facet normal 6.848196657893531e-14 -6.609381472552167e-14 -1.0
  outer loop
    vertex 3320.2982922363 187.5537354172712 549.0281457409909
    vertex 3321.5757117394332 183.85766362058675 549.0281457409912
    vertex 3321.4258611056757 184.21943505293294 549.0281457409911
  endloop
endfacet
facet normal 6.848196657893531e-14 -6.609381472552167e-14 -1.0
  outer loop
    vertex 3320.2982922363 187.5537354172712 549.0281457409909
    vertex 3321.4258611056757 184.21943505293294 549.0281457409911
    vertex 3321.187483171779 184.5300952247128 549.028145740991
  endloop
endfacet
facet normal 6.848196657893531e-14 -6.609381472552167e-14 -1.0
  outer loop
    vertex 3320.2982922363 187.5537354172712 549.0281457409909
    vertex 3321.187483171779 184.5300952247128 549.028145740991
    vertex 3320.876822999999 184.76847315860962 549.0281457409908
  endloop
endfacet
facet normal 6.848196657893531e-14 -6.609381472552167e-14 -1.0
  outer loop
    vertex 3320.2982922363 187.5537354172712 549.0281457409909
    vertex 3320.876822999999 184.76847315860962 549.0281457409908
    vertex 3320.5150515676532 184.91832379236655 549.0281457409907
  endloop
endfacet
facet normal 6.848196657893531e-14 -6.609381472552167e-14 -1.0
  outer loop
    vertex 3320.2982922363 187.5537354172712 549.0281457409909
    vertex 3320.5150515676532 184.91832379236655 549.0281457409907
    vertex 3320.1268229999996 184.96943505293297 549.0281457409907
  endloop
endfacet
facet normal 6.848196657893531e-14 -6.609381472552167e-14 -1.0
  outer loop
    vertex 3320.2982922363 187.5537354172712 549.0281457409909
    vertex 3320.1268229999996 184.96943505293297 549.0281457409907
    vertex 3319.2566002213575 189.37512418130848 549.0281457409905
  endloop
endfacet
facet normal 6.848196657893531e-14 -6.609381472552167e-14 -1.0
  outer loop
    vertex 3319.2566002213575 189.37512418130848 549.0281457409905
    vertex 3320.1268229999996 184.96943505293297 549.0281457409907
    vertex 3319.7385944323455 184.91832379236655 549.0281457409907
  endloop
endfacet
facet normal 6.848196657893531e-14 -6.609381472552167e-14 -1.0
  outer loop
    vertex 3319.2566002213575 189.37512418130848 549.0281457409905
    vertex 3319.7385944323455 184.91832379236655 549.0281457409907
    vertex 3319.376822999999 184.76847315860962 549.0281457409906
  endloop
endfacet
facet normal 6.848196657893531e-14 -6.609381472552167e-14 -1.0
  outer loop
    vertex 3319.2566002213575 189.37512418130848 549.0281457409905
    vertex 3319.376822999999 184.76847315860962 549.0281457409906
    vertex 3319.0661628282196 184.5300952247128 549.0281457409908
  endloop
endfacet
facet normal 6.848196657893531e-14 -6.609381472552167e-14 -1.0
  outer loop
    vertex 3319.2566002213575 189.37512418130848 549.0281457409905
    vertex 3319.0661628282196 184.5300952247128 549.0281457409908
    vertex 3318.4957264840405 191.33053985057623 549.0281457409895
  endloop
endfacet
facet normal 6.848196657893531e-14 -6.609381472552167e-14 -1.0
  outer loop
    vertex 3318.4957264840405 191.33053985057623 549.0281457409895
    vertex 3319.0661628282196 184.5300952247128 549.0281457409908
    vertex 3318.8277848943226 184.21943505293294 549.0281457409909
  endloop
endfacet
facet normal 6.848196657893531e-14 -6.609381472552167e-14 -1.0
  outer loop
    vertex 3318.4957264840405 191.33053985057623 549.0281457409895
    vertex 3318.8277848943226 184.21943505293294 549.0281457409909
    vertex 3318.677934260566 183.85766362058675 549.0281457409909
  endloop
endfacet
facet normal 6.848196657893531e-14 -6.609381472552167e-14 -1.0
  outer loop
    vertex 3318.4957264840405 191.33053985057623 549.0281457409895
    vertex 3318.677934260566 183.85766362058675 549.0281457409909
    vertex 3318.626822999999 183.46943505293285 549.0281457409907
  endloop
endfacet
facet normal -2.0570792115122716e-14 6.710407593371282e-14 1.0
  outer loop
    vertex 3321.5978934978216 185.906429785396 553.0281457409917
    vertex 3323.1268229999987 180.46943505293305 553.0281457409918
    vertex 3323.1268229999987 184.46943505293308 553.0281457409919
  endloop
endfacet
facet normal -2.0570792115122716e-14 6.710407593371282e-14 1.0
  outer loop
    vertex 3323.1268229999987 180.46943505293305 553.0281457409918
    vertex 3321.5978934978216 185.906429785396 553.0281457409917
    vertex 3321.626822999999 183.46943505293308 553.0281457409916
  endloop
endfacet
facet normal -2.0570792115122716e-14 6.710407593371282e-14 1.0
  outer loop
    vertex 3321.626822999999 183.46943505293308 553.0281457409916
    vertex 3321.5978934978216 185.906429785396 553.0281457409917
    vertex 3321.5757117394323 183.85766362058686 553.0281457409919
  endloop
endfacet
facet normal -2.0570792115122716e-14 6.710407593371282e-14 1.0
  outer loop
    vertex 3321.5757117394323 183.85766362058686 553.0281457409919
    vertex 3321.5978934978216 185.906429785396 553.0281457409917
    vertex 3320.2982922363 187.5537354172713 553.0281457409915
  endloop
endfacet
facet normal -2.0570792115122716e-14 6.710407593371282e-14 1.0
  outer loop
    vertex 3321.5757117394323 183.85766362058686 553.0281457409919
    vertex 3320.2982922363 187.5537354172713 553.0281457409915
    vertex 3321.4258611056757 184.21943505293308 553.0281457409918
  endloop
endfacet
facet normal -2.0570792115122716e-14 6.710407593371282e-14 1.0
  outer loop
    vertex 3321.4258611056757 184.21943505293308 553.0281457409918
    vertex 3320.2982922363 187.5537354172713 553.0281457409915
    vertex 3321.1874831717787 184.5300952247129 553.0281457409917
  endloop
endfacet
facet normal -2.0570792115122716e-14 6.710407593371282e-14 1.0
  outer loop
    vertex 3321.1874831717787 184.5300952247129 553.0281457409917
    vertex 3320.2982922363 187.5537354172713 553.0281457409915
    vertex 3320.876822999999 184.76847315860974 553.0281457409915
  endloop
endfacet
facet normal -2.0570792115122716e-14 6.710407593371282e-14 1.0
  outer loop
    vertex 3320.876822999999 184.76847315860974 553.0281457409915
    vertex 3320.2982922363 187.5537354172713 553.0281457409915
    vertex 3320.515051567653 184.91832379236666 553.0281457409914
  endloop
endfacet
facet normal -2.0570792115122716e-14 6.710407593371282e-14 1.0
  outer loop
    vertex 3320.515051567653 184.91832379236666 553.0281457409914
    vertex 3320.2982922363 187.5537354172713 553.0281457409915
    vertex 3320.1268229999987 184.96943505293308 553.0281457409914
  endloop
endfacet
facet normal -2.0570792115122716e-14 6.710407593371282e-14 1.0
  outer loop
    vertex 3320.1268229999987 184.96943505293308 553.0281457409914
    vertex 3320.2982922363 187.5537354172713 553.0281457409915
    vertex 3319.2566002213575 189.37512418130865 553.028145740991
  endloop
endfacet
facet normal -2.0570792115122716e-14 6.710407593371282e-14 1.0
  outer loop
    vertex 3320.1268229999987 184.96943505293308 553.0281457409914
    vertex 3319.2566002213575 189.37512418130865 553.028145740991
    vertex 3319.7385944323455 184.91832379236666 553.0281457409914
  endloop
endfacet
facet normal -2.0570792115122716e-14 6.710407593371282e-14 1.0
  outer loop
    vertex 3319.7385944323455 184.91832379236666 553.0281457409914
    vertex 3319.2566002213575 189.37512418130865 553.028145740991
    vertex 3319.376822999999 184.76847315860974 553.0281457409912
  endloop
endfacet
facet normal -2.0570792115122716e-14 6.710407593371282e-14 1.0
  outer loop
    vertex 3319.376822999999 184.76847315860974 553.0281457409912
    vertex 3319.2566002213575 189.37512418130865 553.028145740991
    vertex 3319.066162828219 184.5300952247129 553.0281457409916
  endloop
endfacet
facet normal -2.0570792115122716e-14 6.710407593371282e-14 1.0
  outer loop
    vertex 3319.066162828219 184.5300952247129 553.0281457409916
    vertex 3319.2566002213575 189.37512418130865 553.028145740991
    vertex 3318.4957264840405 191.33053985057632 553.0281457409899
  endloop
endfacet
facet normal -2.0570792115122716e-14 6.710407593371282e-14 1.0
  outer loop
    vertex 3319.066162828219 184.5300952247129 553.0281457409916
    vertex 3318.4957264840405 191.33053985057632 553.0281457409899
    vertex 3318.8277848943226 184.21943505293308 553.0281457409917
  endloop
endfacet
facet normal -2.0570792115122716e-14 6.710407593371282e-14 1.0
  outer loop
    vertex 3318.8277848943226 184.21943505293308 553.0281457409917
    vertex 3318.4957264840405 191.33053985057632 553.0281457409899
    vertex 3318.677934260566 183.85766362058686 553.0281457409917
  endloop
endfacet
facet normal -2.0570792115122716e-14 6.710407593371282e-14 1.0
  outer loop
    vertex 3318.677934260566 183.85766362058686 553.0281457409917
    vertex 3318.4957264840405 191.33053985057632 553.0281457409899
    vertex 3318.626822999999 183.46943505293308 553.0281457409914
  endloop
endfacet
facet normal -2.0570792115122716e-14 6.710407593371282e-14 1.0
  outer loop
    vertex 3323.1268229999987 210.4694350529331 553.0281457409898
    vertex 3321.1874831717787 208.53009522471297 553.0281457409903
    vertex 3323.1268229999987 206.4694350529331 553.0281457409903
  endloop
endfacet
facet normal -2.0570792115122716e-14 6.710407593371282e-14 1.0
  outer loop
    vertex 3321.1874831717787 208.53009522471297 553.0281457409903
    vertex 3323.1268229999987 210.4694350529331 553.0281457409898
    vertex 3320.876822999999 208.76847315860974 553.0281457409903
  endloop
endfacet
facet normal -2.0570792115122716e-14 6.710407593371282e-14 1.0
  outer loop
    vertex 3320.876822999999 208.76847315860974 553.0281457409903
    vertex 3323.1268229999987 210.4694350529331 553.0281457409898
    vertex 3320.515051567653 208.91832379236666 553.0281457409903
  endloop
endfacet
facet normal -2.0570792115122716e-14 6.710407593371282e-14 1.0
  outer loop
    vertex 3320.515051567653 208.91832379236666 553.0281457409903
    vertex 3323.1268229999987 210.4694350529331 553.0281457409898
    vertex 3320.1268229999987 208.9694350529331 553.0281457409901
  endloop
endfacet
facet normal -2.0570792115122716e-14 6.710407593371282e-14 1.0
  outer loop
    vertex 3320.1268229999987 208.9694350529331 553.0281457409901
    vertex 3323.1268229999987 210.4694350529331 553.0281457409898
    vertex 3290.126822999999 210.4694350529333 553.0281457409887
  endloop
endfacet
facet normal -2.0570792115122716e-14 6.710407593371282e-14 1.0
  outer loop
    vertex 3323.1268229999987 206.4694350529331 553.0281457409903
    vertex 3321.1874831717787 208.53009522471297 553.0281457409903
    vertex 3321.4258611056757 208.21943505293308 553.0281457409901
  endloop
endfacet
facet normal -2.0570792115122716e-14 6.710407593371282e-14 1.0
  outer loop
    vertex 3323.1268229999987 206.4694350529331 553.0281457409903
    vertex 3321.4258611056757 208.21943505293308 553.0281457409901
    vertex 3321.5757117394323 207.85766362058686 553.0281457409901
  endloop
endfacet
facet normal -2.0570792115122716e-14 6.710407593371282e-14 1.0
  outer loop
    vertex 3323.1268229999987 206.4694350529331 553.0281457409903
    vertex 3321.5757117394323 207.85766362058686 553.0281457409901
    vertex 3321.626822999999 207.46943505293308 553.0281457409899
  endloop
endfacet
facet normal -2.0570792115122716e-14 6.710407593371282e-14 1.0
  outer loop
    vertex 3320.1268229999987 208.9694350529331 553.0281457409901
    vertex 3290.126822999999 210.4694350529333 553.0281457409887
    vertex 3319.7385944323455 208.91832379236666 553.0281457409903
  endloop
endfacet
facet normal -2.0570792115122716e-14 6.710407593371282e-14 1.0
  outer loop
    vertex 3319.7385944323455 208.91832379236666 553.0281457409903
    vertex 3290.126822999999 210.4694350529333 553.0281457409887
    vertex 3319.376822999999 208.76847315860974 553.0281457409903
  endloop
endfacet
facet normal -2.0570792115122716e-14 6.710407593371282e-14 1.0
  outer loop
    vertex 3319.376822999999 208.76847315860974 553.0281457409903
    vertex 3290.126822999999 210.4694350529333 553.0281457409887
    vertex 3319.066162828219 208.53009522471297 553.0281457409903
  endloop
endfacet
facet normal -2.0570792115122716e-14 6.710407593371282e-14 1.0
  outer loop
    vertex 3319.066162828219 208.53009522471297 553.0281457409903
    vertex 3290.126822999999 210.4694350529333 553.0281457409887
    vertex 3318.8277848943226 208.21943505293308 553.0281457409899
  endloop
endfacet
facet normal -2.0570792115122716e-14 6.710407593371282e-14 1.0
  outer loop
    vertex 3318.8277848943226 208.21943505293308 553.0281457409899
    vertex 3290.126822999999 210.4694350529333 553.0281457409887
    vertex 3318.677934260566 207.85766362058686 553.0281457409899
  endloop
endfacet
facet normal -2.0570792115122716e-14 6.710407593371282e-14 1.0
  outer loop
    vertex 3318.677934260566 207.85766362058686 553.0281457409899
    vertex 3290.126822999999 210.4694350529333 553.0281457409887
    vertex 3318.626822999999 207.46943505293308 553.0281457409895
  endloop
endfacet
facet normal -2.0570792115122716e-14 6.710407593371282e-14 1.0
  outer loop
    vertex 3318.626822999999 207.46943505293308 553.0281457409895
    vertex 3290.126822999999 210.4694350529333 553.0281457409887
    vertex 3316.126822999999 202.61943505293306 553.0281457409903
  endloop
endfacet
facet normal -2.0570792115122716e-14 6.710407593371282e-14 1.0
  outer loop
    vertex 3318.626822999999 207.46943505293308 553.0281457409895
    vertex 3316.126822999999 202.61943505293306 553.0281457409903
    vertex 3318.4957264840405 199.6083302552898 553.0281457409908
  endloop
endfacet
facet normal -2.0570792115122716e-14 6.710407593371282e-14 1.0
  outer loop
    vertex 3318.4957264840405 199.6083302552898 553.0281457409908
    vertex 3316.126822999999 202.61943505293306 553.0281457409903
    vertex 3318.032404262025 197.56189144546858 553.0281457409895
  endloop
endfacet
facet normal -2.0570792115122716e-14 6.710407593371282e-14 1.0
  outer loop
    vertex 3318.032404262025 197.56189144546858 553.0281457409895
    vertex 3316.126822999999 202.61943505293306 553.0281457409903
    vertex 3317.876822999999 195.4694350529331 553.0281457409906
  endloop
endfacet
facet normal -2.0570792115122716e-14 6.710407593371282e-14 1.0
  outer loop
    vertex 3316.126822999999 202.61943505293306 553.0281457409903
    vertex 3290.126822999999 210.4694350529333 553.0281457409887
    vertex 3306.126822999999 202.61943505293308 553.02814574099
  endloop
endfacet
facet normal -2.0570792115122716e-14 6.710407593371282e-14 1.0
  outer loop
    vertex 3306.126822999999 202.61943505293308 553.02814574099
    vertex 3290.126822999999 210.4694350529333 553.0281457409887
    vertex 3290.126822999999 202.61943505293328 553.0281457409903
  endloop
endfacet
facet normal -2.0570792115122716e-14 6.710407593371282e-14 1.0
  outer loop
    vertex 3323.1268229999987 180.46943505293305 553.0281457409918
    vertex 3320.515051567653 182.0205463134995 553.0281457409907
    vertex 3316.126822999999 180.46943505293305 553.0281457409912
  endloop
endfacet
facet normal -2.0570792115122716e-14 6.710407593371282e-14 1.0
  outer loop
    vertex 3320.515051567653 182.0205463134995 553.0281457409907
    vertex 3323.1268229999987 180.46943505293305 553.0281457409918
    vertex 3320.876822999999 182.1703969472564 553.0281457409912
  endloop
endfacet
facet normal -2.0570792115122716e-14 6.710407593371282e-14 1.0
  outer loop
    vertex 3320.876822999999 182.1703969472564 553.0281457409912
    vertex 3323.1268229999987 180.46943505293305 553.0281457409918
    vertex 3321.1874831717787 182.40877488115322 553.0281457409912
  endloop
endfacet
facet normal -2.0570792115122716e-14 6.710407593371282e-14 1.0
  outer loop
    vertex 3321.1874831717787 182.40877488115322 553.0281457409912
    vertex 3323.1268229999987 180.46943505293305 553.0281457409918
    vertex 3321.4258611056757 182.71943505293305 553.0281457409916
  endloop
endfacet
facet normal -2.0570792115122716e-14 6.710407593371282e-14 1.0
  outer loop
    vertex 3321.4258611056757 182.71943505293305 553.0281457409916
    vertex 3323.1268229999987 180.46943505293305 553.0281457409918
    vertex 3321.5757117394323 183.08120648527927 553.0281457409916
  endloop
endfacet
facet normal -2.0570792115122716e-14 6.710407593371282e-14 1.0
  outer loop
    vertex 3321.5757117394323 183.08120648527927 553.0281457409916
    vertex 3323.1268229999987 180.46943505293305 553.0281457409918
    vertex 3321.626822999999 183.46943505293308 553.0281457409916
  endloop
endfacet
facet normal -2.0570792115122716e-14 6.710407593371282e-14 1.0
  outer loop
    vertex 3316.126822999999 180.46943505293305 553.0281457409912
    vertex 3320.515051567653 182.0205463134995 553.0281457409907
    vertex 3320.1268229999987 181.96943505293308 553.0281457409916
  endloop
endfacet
facet normal -2.0570792115122716e-14 6.710407593371282e-14 1.0
  outer loop
    vertex 3316.126822999999 180.46943505293305 553.0281457409912
    vertex 3320.1268229999987 181.96943505293308 553.0281457409916
    vertex 3319.7385944323455 182.0205463134995 553.0281457409906
  endloop
endfacet
facet normal -2.0570792115122716e-14 6.710407593371282e-14 1.0
  outer loop
    vertex 3316.126822999999 180.46943505293305 553.0281457409912
    vertex 3319.7385944323455 182.0205463134995 553.0281457409906
    vertex 3319.376822999999 182.1703969472564 553.0281457409911
  endloop
endfacet
facet normal -2.0570792115122716e-14 6.710407593371282e-14 1.0
  outer loop
    vertex 3316.126822999999 180.46943505293305 553.0281457409912
    vertex 3319.376822999999 182.1703969472564 553.0281457409911
    vertex 3319.066162828219 182.40877488115322 553.0281457409911
  endloop
endfacet
facet normal -2.0570792115122716e-14 6.710407593371282e-14 1.0
  outer loop
    vertex 3316.126822999999 180.46943505293305 553.0281457409912
    vertex 3319.066162828219 182.40877488115322 553.0281457409911
    vertex 3318.8277848943226 182.71943505293305 553.0281457409914
  endloop
endfacet
facet normal -2.0570792115122716e-14 6.710407593371282e-14 1.0
  outer loop
    vertex 3316.126822999999 180.46943505293305 553.0281457409912
    vertex 3318.8277848943226 182.71943505293305 553.0281457409914
    vertex 3318.677934260566 183.08120648527927 553.0281457409914
  endloop
endfacet
facet normal -2.0570792115122716e-14 6.710407593371282e-14 1.0
  outer loop
    vertex 3316.126822999999 180.46943505293305 553.0281457409912
    vertex 3318.677934260566 183.08120648527927 553.0281457409914
    vertex 3318.626822999999 183.46943505293308 553.0281457409914
  endloop
endfacet
facet normal -2.0570792115122716e-14 6.710407593371282e-14 1.0
  outer loop
    vertex 3316.126822999999 180.46943505293305 553.0281457409912
    vertex 3318.626822999999 183.46943505293308 553.0281457409914
    vertex 3318.4957264840405 191.33053985057632 553.0281457409899
  endloop
endfacet
facet normal -2.0570792115122716e-14 6.710407593371282e-14 1.0
  outer loop
    vertex 3316.126822999999 180.46943505293305 553.0281457409912
    vertex 3318.4957264840405 191.33053985057632 553.0281457409899
    vertex 3318.032404262025 193.37697866039764 553.0281457409911
  endloop
endfacet
facet normal -2.0570792115122716e-14 6.710407593371282e-14 1.0
  outer loop
    vertex 3316.126822999999 180.46943505293305 553.0281457409912
    vertex 3318.032404262025 193.37697866039764 553.0281457409911
    vertex 3317.876822999999 195.4694350529331 553.0281457409906
  endloop
endfacet
facet normal -2.0570792115122716e-14 6.710407593371282e-14 1.0
  outer loop
    vertex 3316.126822999999 180.46943505293305 553.0281457409912
    vertex 3317.876822999999 195.4694350529331 553.0281457409906
    vertex 3316.126822999999 202.61943505293306 553.0281457409903
  endloop
endfacet
facet normal -2.0570792115122716e-14 6.710407593371282e-14 1.0
  outer loop
    vertex 3316.126822999999 180.46943505293305 553.0281457409912
    vertex 3316.126822999999 202.61943505293306 553.0281457409903
    vertex 3316.126822999999 194.8194350529331 553.0281457409901
  endloop
endfacet
facet normal -2.0570792115122716e-14 6.710407593371282e-14 1.0
  outer loop
    vertex 3321.626822999999 207.46943505293308 553.0281457409899
    vertex 3321.5978934978216 205.0324403204702 553.0281457409903
    vertex 3323.1268229999987 206.4694350529331 553.0281457409903
  endloop
endfacet
facet normal -2.0570792115122716e-14 6.710407593371282e-14 1.0
  outer loop
    vertex 3321.5978934978216 205.0324403204702 553.0281457409903
    vertex 3321.626822999999 207.46943505293308 553.0281457409899
    vertex 3321.5757117394323 207.08120648527927 553.0281457409899
  endloop
endfacet
facet normal -2.0570792115122716e-14 6.710407593371282e-14 1.0
  outer loop
    vertex 3321.5978934978216 205.0324403204702 553.0281457409903
    vertex 3321.5757117394323 207.08120648527927 553.0281457409899
    vertex 3320.2982922363 203.3851346885948 553.0281457409903
  endloop
endfacet
facet normal -2.0570792115122716e-14 6.710407593371282e-14 1.0
  outer loop
    vertex 3320.2982922363 203.3851346885948 553.0281457409903
    vertex 3321.5757117394323 207.08120648527927 553.0281457409899
    vertex 3321.4258611056757 206.71943505293305 553.0281457409902
  endloop
endfacet
facet normal -2.0570792115122716e-14 6.710407593371282e-14 1.0
  outer loop
    vertex 3320.2982922363 203.3851346885948 553.0281457409903
    vertex 3321.4258611056757 206.71943505293305 553.0281457409902
    vertex 3321.1874831717787 206.40877488115328 553.0281457409902
  endloop
endfacet
facet normal -2.0570792115122716e-14 6.710407593371282e-14 1.0
  outer loop
    vertex 3320.2982922363 203.3851346885948 553.0281457409903
    vertex 3321.1874831717787 206.40877488115328 553.0281457409902
    vertex 3320.876822999999 206.1703969472564 553.0281457409905
  endloop
endfacet
facet normal -2.0570792115122716e-14 6.710407593371282e-14 1.0
  outer loop
    vertex 3320.2982922363 203.3851346885948 553.0281457409903
    vertex 3320.876822999999 206.1703969472564 553.0281457409905
    vertex 3320.515051567653 206.02054631349947 553.0281457409906
  endloop
endfacet
facet normal -2.0570792115122716e-14 6.710407593371282e-14 1.0
  outer loop
    vertex 3320.2982922363 203.3851346885948 553.0281457409903
    vertex 3320.515051567653 206.02054631349947 553.0281457409906
    vertex 3320.1268229999987 205.96943505293305 553.0281457409905
  endloop
endfacet
facet normal -2.0570792115122716e-14 6.710407593371282e-14 1.0
  outer loop
    vertex 3320.2982922363 203.3851346885948 553.0281457409903
    vertex 3320.1268229999987 205.96943505293305 553.0281457409905
    vertex 3319.2566002213575 201.56374592455754 553.0281457409906
  endloop
endfacet
facet normal -2.0570792115122716e-14 6.710407593371282e-14 1.0
  outer loop
    vertex 3319.2566002213575 201.56374592455754 553.0281457409906
    vertex 3320.1268229999987 205.96943505293305 553.0281457409905
    vertex 3319.7385944323455 206.02054631349947 553.0281457409905
  endloop
endfacet
facet normal -2.0570792115122716e-14 6.710407593371282e-14 1.0
  outer loop
    vertex 3319.2566002213575 201.56374592455754 553.0281457409906
    vertex 3319.7385944323455 206.02054631349947 553.0281457409905
    vertex 3319.376822999999 206.1703969472564 553.0281457409903
  endloop
endfacet
facet normal -2.0570792115122716e-14 6.710407593371282e-14 1.0
  outer loop
    vertex 3319.2566002213575 201.56374592455754 553.0281457409906
    vertex 3319.376822999999 206.1703969472564 553.0281457409903
    vertex 3319.066162828219 206.40877488115328 553.02814574099
  endloop
endfacet
facet normal -2.0570792115122716e-14 6.710407593371282e-14 1.0
  outer loop
    vertex 3319.2566002213575 201.56374592455754 553.0281457409906
    vertex 3319.066162828219 206.40877488115328 553.02814574099
    vertex 3318.4957264840405 199.6083302552898 553.0281457409908
  endloop
endfacet
facet normal -2.0570792115122716e-14 6.710407593371282e-14 1.0
  outer loop
    vertex 3318.4957264840405 199.6083302552898 553.0281457409908
    vertex 3319.066162828219 206.40877488115328 553.02814574099
    vertex 3318.8277848943226 206.71943505293305 553.02814574099
  endloop
endfacet
facet normal -2.0570792115122716e-14 6.710407593371282e-14 1.0
  outer loop
    vertex 3318.4957264840405 199.6083302552898 553.0281457409908
    vertex 3318.8277848943226 206.71943505293305 553.02814574099
    vertex 3318.677934260566 207.08120648527927 553.0281457409895
  endloop
endfacet
facet normal -2.0570792115122716e-14 6.710407593371282e-14 1.0
  outer loop
    vertex 3318.4957264840405 199.6083302552898 553.0281457409908
    vertex 3318.677934260566 207.08120648527927 553.0281457409895
    vertex 3318.626822999999 207.46943505293308 553.0281457409895
  endloop
endfacet
facet normal -1.0 1.1495404769641548e-14 1.6298074001484835e-14
  outer loop
    vertex 3290.126822999999 202.61943505293328 553.0281457409903
    vertex 3290.126823 210.46943505293316 549.0281457409881
    vertex 3290.126822999999 202.619435052933 549.02814574099
  endloop
endfacet
facet normal -1.0 1.1495404769641548e-14 1.6298074001484835e-14
  outer loop
    vertex 3290.126823 210.46943505293316 549.0281457409881
    vertex 3290.126822999999 202.61943505293328 553.0281457409903
    vertex 3290.126822999999 210.4694350529333 553.0281457409887
  endloop
endfacet
facet normal -1.1495404769640447e-14 -1.0 6.767919558115039e-14
  outer loop
    vertex 3290.126822999999 202.619435052933 549.02814574099
    vertex 3306.126822999999 202.61943505293308 553.02814574099
    vertex 3290.126822999999 202.61943505293328 553.0281457409903
  endloop
endfacet
facet normal -1.1495404769640447e-14 -1.0 6.767919558115039e-14
  outer loop
    vertex 3306.126822999999 202.61943505293308 553.02814574099
    vertex 3290.126822999999 202.619435052933 549.02814574099
    vertex 3306.126822999999 202.61943505293283 549.0281457409897
  endloop
endfacet
endsolid flsun-cube-linear-rail-xy-gantry
