solid flsun-cube-linear-rail-xy-gantry
facet normal -0.13052619222012887 -0.9914448613738003 0.0
  outer loop
    vertex 2142.0595514628626 191.09377761337706 566.1619999999959
    vertex 2141.6325000384436 191.15000000000012 563.161999999996
    vertex 2142.0595514628626 191.09377761337706 563.161999999996
  endloop
endfacet
facet normal -0.13052619222012887 -0.9914448613738003 0.0
  outer loop
    vertex 2141.6325000384436 191.15000000000012 563.161999999996
    vertex 2142.0595514628626 191.09377761337706 566.1619999999959
    vertex 2141.6325000384436 191.15000000000012 566.1619999999959
  endloop
endfacet
facet normal 0.13052619222012887 -0.9914448613738003 0.0
  outer loop
    vertex 2141.6325000384436 191.15000000000012 566.1619999999959
    vertex 2141.2054486140246 191.09377761337706 563.161999999996
    vertex 2141.6325000384436 191.15000000000012 563.161999999996
  endloop
endfacet
facet normal 0.13052619222012887 -0.9914448613738003 0.0
  outer loop
    vertex 2141.2054486140246 191.09377761337706 563.161999999996
    vertex 2141.6325000384436 191.15000000000012 566.1619999999959
    vertex 2141.2054486140246 191.09377761337706 566.1619999999959
  endloop
endfacet
facet normal 0.38268343236500846 -0.9238795325113205 0.0
  outer loop
    vertex 2141.2054486140246 191.09377761337706 566.1619999999959
    vertex 2140.807500038444 190.9289419162446 563.161999999996
    vertex 2141.2054486140246 191.09377761337706 563.161999999996
  endloop
endfacet
facet normal 0.38268343236500846 -0.9238795325113205 0.0
  outer loop
    vertex 2140.807500038444 190.9289419162446 563.161999999996
    vertex 2141.2054486140246 191.09377761337706 566.1619999999959
    vertex 2140.807500038444 190.9289419162446 566.1619999999959
  endloop
endfacet
facet normal 0.6087614290087535 -0.79335334029121 0.0
  outer loop
    vertex 2140.807500038444 190.9289419162446 566.1619999999959
    vertex 2140.4657738494857 190.66672618895808 563.161999999996
    vertex 2140.807500038444 190.9289419162446 563.161999999996
  endloop
endfacet
facet normal 0.6087614290087535 -0.79335334029121 0.0
  outer loop
    vertex 2140.4657738494857 190.66672618895808 563.161999999996
    vertex 2140.807500038444 190.9289419162446 566.1619999999959
    vertex 2140.465773849486 190.66672618895808 566.1619999999959
  endloop
endfacet
facet normal 0.7933533402913111 -0.6087614290086217 0.0
  outer loop
    vertex 2140.4657738494857 190.66672618895808 563.161999999996
    vertex 2140.2035581221994 190.3250000000003 566.1619999999959
    vertex 2140.2035581221994 190.3250000000003 563.161999999996
  endloop
endfacet
facet normal 0.7933533402913111 -0.6087614290086217 0.0
  outer loop
    vertex 2140.2035581221994 190.3250000000003 566.1619999999959
    vertex 2140.4657738494857 190.66672618895808 563.161999999996
    vertex 2140.465773849486 190.66672618895808 566.1619999999959
  endloop
endfacet
facet normal 0.9238795325112463 -0.3826834323651872 0.0
  outer loop
    vertex 2140.2035581221994 190.3250000000003 563.161999999996
    vertex 2140.038722425067 189.92705142441943 566.1619999999959
    vertex 2140.0387224250667 189.92705142441943 563.161999999996
  endloop
endfacet
facet normal 0.9238795325112463 -0.3826834323651872 0.0
  outer loop
    vertex 2140.038722425067 189.92705142441943 566.1619999999959
    vertex 2140.2035581221994 190.3250000000003 563.161999999996
    vertex 2140.2035581221994 190.3250000000003 566.1619999999959
  endloop
endfacet
facet normal 0.9914448613738003 -0.13052619222012887 0.0
  outer loop
    vertex 2140.0387224250667 189.92705142441943 563.161999999996
    vertex 2139.9825000384435 189.5000000000003 566.1619999999959
    vertex 2139.9825000384435 189.5000000000003 563.161999999996
  endloop
endfacet
facet normal 0.9914448613738003 -0.13052619222012887 0.0
  outer loop
    vertex 2139.9825000384435 189.5000000000003 566.1619999999959
    vertex 2140.0387224250667 189.92705142441943 563.161999999996
    vertex 2140.038722425067 189.92705142441943 566.1619999999959
  endloop
endfacet
facet normal 0.9914448613738003 0.13052619222012887 0.0
  outer loop
    vertex 2139.9825000384435 189.5000000000003 563.161999999996
    vertex 2140.038722425066 189.07294857558117 566.1619999999959
    vertex 2140.038722425066 189.07294857558117 563.161999999996
  endloop
endfacet
facet normal 0.9914448613738003 0.13052619222012887 0.0
  outer loop
    vertex 2140.038722425066 189.07294857558117 566.1619999999959
    vertex 2139.9825000384435 189.5000000000003 563.161999999996
    vertex 2139.9825000384435 189.5000000000003 566.1619999999959
  endloop
endfacet
facet normal 0.9238795325112463 0.3826834323651872 0.0
  outer loop
    vertex 2140.038722425066 189.07294857558117 563.161999999996
    vertex 2140.2035581221994 188.67500000000032 566.1619999999959
    vertex 2140.203558122199 188.67500000000032 563.161999999996
  endloop
endfacet
facet normal 0.9238795325112463 0.3826834323651872 0.0
  outer loop
    vertex 2140.2035581221994 188.67500000000032 566.1619999999959
    vertex 2140.038722425066 189.07294857558117 563.161999999996
    vertex 2140.038722425066 189.07294857558117 566.1619999999959
  endloop
endfacet
facet normal 0.7933533402913111 0.6087614290086217 0.0
  outer loop
    vertex 2140.203558122199 188.67500000000032 563.161999999996
    vertex 2140.4657738494857 188.33327381104252 566.1619999999959
    vertex 2140.4657738494857 188.33327381104252 563.161999999996
  endloop
endfacet
facet normal 0.7933533402913111 0.6087614290086217 0.0
  outer loop
    vertex 2140.4657738494857 188.33327381104252 566.1619999999959
    vertex 2140.203558122199 188.67500000000032 563.161999999996
    vertex 2140.2035581221994 188.67500000000032 566.1619999999959
  endloop
endfacet
facet normal 0.6087614290087535 0.79335334029121 0.0
  outer loop
    vertex 2140.4657738494857 188.33327381104252 566.1619999999959
    vertex 2140.8075000384433 188.071058083756 563.161999999996
    vertex 2140.4657738494857 188.33327381104252 563.161999999996
  endloop
endfacet
facet normal 0.6087614290087535 0.79335334029121 0.0
  outer loop
    vertex 2140.8075000384433 188.071058083756 563.161999999996
    vertex 2140.4657738494857 188.33327381104252 566.1619999999959
    vertex 2140.807500038444 188.071058083756 566.1619999999959
  endloop
endfacet
facet normal 0.38268343236500846 0.9238795325113205 0.0
  outer loop
    vertex 2140.807500038444 188.071058083756 566.1619999999959
    vertex 2141.2054486140246 187.9062223866232 563.161999999996
    vertex 2140.8075000384433 188.071058083756 563.161999999996
  endloop
endfacet
facet normal 0.38268343236500846 0.9238795325113205 0.0
  outer loop
    vertex 2141.2054486140246 187.9062223866232 563.161999999996
    vertex 2140.807500038444 188.071058083756 566.1619999999959
    vertex 2141.2054486140246 187.9062223866232 566.1619999999959
  endloop
endfacet
facet normal 0.13052619222012887 0.9914448613738003 0.0
  outer loop
    vertex 2141.2054486140246 187.9062223866232 566.1619999999959
    vertex 2141.6325000384436 187.85000000000014 563.161999999996
    vertex 2141.2054486140246 187.9062223866232 563.161999999996
  endloop
endfacet
facet normal 0.13052619222012887 0.9914448613738003 0.0
  outer loop
    vertex 2141.6325000384436 187.85000000000014 563.161999999996
    vertex 2141.2054486140246 187.9062223866232 566.1619999999959
    vertex 2141.6325000384436 187.85000000000014 566.1619999999959
  endloop
endfacet
facet normal -0.13052619222012887 0.9914448613738003 0.0
  outer loop
    vertex 2141.6325000384436 187.85000000000014 566.1619999999959
    vertex 2142.0595514628626 187.9062223866232 563.161999999996
    vertex 2141.6325000384436 187.85000000000014 563.161999999996
  endloop
endfacet
facet normal -0.13052619222012887 0.9914448613738003 0.0
  outer loop
    vertex 2142.0595514628626 187.9062223866232 563.161999999996
    vertex 2141.6325000384436 187.85000000000014 566.1619999999959
    vertex 2142.0595514628626 187.9062223866232 566.1619999999959
  endloop
endfacet
facet normal -0.38268343236500846 0.9238795325113205 0.0
  outer loop
    vertex 2142.0595514628626 187.9062223866232 566.1619999999959
    vertex 2142.4575000384434 188.07105808375582 563.161999999996
    vertex 2142.0595514628626 187.9062223866232 563.161999999996
  endloop
endfacet
facet normal -0.38268343236500846 0.9238795325113205 0.0
  outer loop
    vertex 2142.4575000384434 188.07105808375582 563.161999999996
    vertex 2142.0595514628626 187.9062223866232 566.1619999999959
    vertex 2142.4575000384434 188.07105808375582 566.1619999999959
  endloop
endfacet
facet normal -0.6087614290087535 0.79335334029121 0.0
  outer loop
    vertex 2142.4575000384434 188.07105808375582 566.1619999999959
    vertex 2142.799226227401 188.33327381104235 563.161999999996
    vertex 2142.4575000384434 188.07105808375582 563.161999999996
  endloop
endfacet
facet normal -0.6087614290087535 0.79335334029121 0.0
  outer loop
    vertex 2142.799226227401 188.33327381104235 563.161999999996
    vertex 2142.4575000384434 188.07105808375582 566.1619999999959
    vertex 2142.799226227401 188.33327381104235 566.1619999999959
  endloop
endfacet
facet normal -0.7933533402913111 0.6087614290086217 0.0
  outer loop
    vertex 2143.061441954688 188.6750000000004 566.1619999999959
    vertex 2142.799226227401 188.33327381104235 563.161999999996
    vertex 2142.799226227401 188.33327381104235 566.1619999999959
  endloop
endfacet
facet normal -0.7933533402913111 0.6087614290086217 0.0
  outer loop
    vertex 2142.799226227401 188.33327381104235 563.161999999996
    vertex 2143.061441954688 188.6750000000004 566.1619999999959
    vertex 2143.061441954688 188.6750000000004 563.161999999996
  endloop
endfacet
facet normal -0.9238795325112463 0.3826834323651872 0.0
  outer loop
    vertex 2143.22627765182 189.07294857558117 566.1619999999959
    vertex 2143.061441954688 188.6750000000004 563.161999999996
    vertex 2143.061441954688 188.6750000000004 566.1619999999959
  endloop
endfacet
facet normal -0.9238795325112463 0.3826834323651872 0.0
  outer loop
    vertex 2143.061441954688 188.6750000000004 563.161999999996
    vertex 2143.22627765182 189.07294857558117 566.1619999999959
    vertex 2143.22627765182 189.07294857558117 563.161999999996
  endloop
endfacet
facet normal -0.9914448613738003 0.13052619222012887 0.0
  outer loop
    vertex 2143.2825000384432 189.5000000000003 566.1619999999959
    vertex 2143.22627765182 189.07294857558117 563.161999999996
    vertex 2143.22627765182 189.07294857558117 566.1619999999959
  endloop
endfacet
facet normal -0.9914448613738003 0.13052619222012887 0.0
  outer loop
    vertex 2143.22627765182 189.07294857558117 563.161999999996
    vertex 2143.2825000384432 189.5000000000003 566.1619999999959
    vertex 2143.2825000384432 189.5000000000003 563.161999999996
  endloop
endfacet
facet normal -0.9914448613738003 -0.13052619222012887 0.0
  outer loop
    vertex 2143.226277651821 189.92705142441943 566.1619999999959
    vertex 2143.2825000384432 189.5000000000003 563.161999999996
    vertex 2143.2825000384432 189.5000000000003 566.1619999999959
  endloop
endfacet
facet normal -0.9914448613738003 -0.13052619222012887 0.0
  outer loop
    vertex 2143.2825000384432 189.5000000000003 563.161999999996
    vertex 2143.226277651821 189.92705142441943 566.1619999999959
    vertex 2143.2262776518205 189.92705142441943 563.161999999996
  endloop
endfacet
facet normal -0.9238795325112463 -0.3826834323651872 0.0
  outer loop
    vertex 2143.0614419546882 190.3250000000004 566.1619999999959
    vertex 2143.2262776518205 189.92705142441943 563.161999999996
    vertex 2143.226277651821 189.92705142441943 566.1619999999959
  endloop
endfacet
facet normal -0.9238795325112463 -0.3826834323651872 0.0
  outer loop
    vertex 2143.2262776518205 189.92705142441943 563.161999999996
    vertex 2143.0614419546882 190.3250000000004 566.1619999999959
    vertex 2143.061441954688 190.3250000000004 563.161999999996
  endloop
endfacet
facet normal -0.7933533402913111 -0.6087614290086217 0.0
  outer loop
    vertex 2142.799226227402 190.6667261889579 566.1619999999959
    vertex 2143.061441954688 190.3250000000004 563.161999999996
    vertex 2143.0614419546882 190.3250000000004 566.1619999999959
  endloop
endfacet
facet normal -0.7933533402913111 -0.6087614290086217 0.0
  outer loop
    vertex 2143.061441954688 190.3250000000004 563.161999999996
    vertex 2142.799226227402 190.6667261889579 566.1619999999959
    vertex 2142.7992262274015 190.6667261889579 563.161999999996
  endloop
endfacet
facet normal -0.6087614290087535 -0.79335334029121 0.0
  outer loop
    vertex 2142.799226227402 190.6667261889579 566.1619999999959
    vertex 2142.4575000384434 190.92894191624444 563.161999999996
    vertex 2142.7992262274015 190.6667261889579 563.161999999996
  endloop
endfacet
facet normal -0.6087614290087535 -0.79335334029121 0.0
  outer loop
    vertex 2142.4575000384434 190.92894191624444 563.161999999996
    vertex 2142.799226227402 190.6667261889579 566.1619999999959
    vertex 2142.457500038444 190.92894191624444 566.1619999999959
  endloop
endfacet
facet normal -0.38268343236500846 -0.9238795325113205 0.0
  outer loop
    vertex 2142.457500038444 190.92894191624444 566.1619999999959
    vertex 2142.0595514628626 191.09377761337706 563.161999999996
    vertex 2142.4575000384434 190.92894191624444 563.161999999996
  endloop
endfacet
facet normal -0.38268343236500846 -0.9238795325113205 0.0
  outer loop
    vertex 2142.0595514628626 191.09377761337706 563.161999999996
    vertex 2142.457500038444 190.92894191624444 566.1619999999959
    vertex 2142.0595514628626 191.09377761337706 566.1619999999959
  endloop
endfacet
facet normal 0.13052619222012887 0.9914448613738003 0.0
  outer loop
    vertex 2141.2054486140246 218.9062223866232 566.1619999999958
    vertex 2141.6325000384436 218.85000000000005 563.161999999996
    vertex 2141.2054486140246 218.9062223866231 563.161999999996
  endloop
endfacet
facet normal 0.13052619222012887 0.9914448613738003 0.0
  outer loop
    vertex 2141.6325000384436 218.85000000000005 563.161999999996
    vertex 2141.2054486140246 218.9062223866232 566.1619999999958
    vertex 2141.6325000384436 218.85000000000014 566.1619999999958
  endloop
endfacet
facet normal -0.13052619222012887 0.9914448613738003 0.0
  outer loop
    vertex 2141.6325000384436 218.85000000000014 566.1619999999958
    vertex 2142.0595514628626 218.9062223866231 563.161999999996
    vertex 2141.6325000384436 218.85000000000005 563.161999999996
  endloop
endfacet
facet normal -0.13052619222012887 0.9914448613738003 0.0
  outer loop
    vertex 2142.0595514628626 218.9062223866231 563.161999999996
    vertex 2141.6325000384436 218.85000000000014 566.1619999999958
    vertex 2142.0595514628626 218.9062223866232 566.1619999999958
  endloop
endfacet
facet normal -0.38268343236500846 0.9238795325113205 0.0
  outer loop
    vertex 2142.0595514628626 218.9062223866232 566.1619999999958
    vertex 2142.4575000384434 219.0710580837557 563.161999999996
    vertex 2142.0595514628626 218.9062223866231 563.161999999996
  endloop
endfacet
facet normal -0.38268343236500846 0.9238795325113205 0.0
  outer loop
    vertex 2142.4575000384434 219.0710580837557 563.161999999996
    vertex 2142.0595514628626 218.9062223866232 566.1619999999958
    vertex 2142.457500038444 219.07105808375582 566.1619999999958
  endloop
endfacet
facet normal -0.6087614290087535 0.79335334029121 0.0
  outer loop
    vertex 2142.457500038444 219.07105808375582 566.1619999999958
    vertex 2142.799226227401 219.33327381104243 563.161999999996
    vertex 2142.4575000384434 219.0710580837557 563.161999999996
  endloop
endfacet
facet normal -0.6087614290087535 0.79335334029121 0.0
  outer loop
    vertex 2142.799226227401 219.33327381104243 563.161999999996
    vertex 2142.457500038444 219.07105808375582 566.1619999999958
    vertex 2142.799226227401 219.3332738110426 566.1619999999958
  endloop
endfacet
facet normal -0.7933533402913111 0.6087614290086217 0.0
  outer loop
    vertex 2142.799226227401 219.3332738110426 566.1619999999958
    vertex 2143.061441954688 219.6750000000002 563.161999999996
    vertex 2142.799226227401 219.33327381104243 563.161999999996
  endloop
endfacet
facet normal -0.7933533402913111 0.6087614290086217 0.0
  outer loop
    vertex 2143.061441954688 219.6750000000002 563.161999999996
    vertex 2142.799226227401 219.3332738110426 566.1619999999958
    vertex 2143.061441954688 219.67500000000038 566.1619999999958
  endloop
endfacet
facet normal -0.9238795325112463 0.3826834323651872 0.0
  outer loop
    vertex 2143.061441954688 219.67500000000038 566.1619999999958
    vertex 2143.22627765182 220.07294857558097 563.161999999996
    vertex 2143.061441954688 219.6750000000002 563.161999999996
  endloop
endfacet
facet normal -0.9238795325112463 0.3826834323651872 0.0
  outer loop
    vertex 2143.22627765182 220.07294857558097 563.161999999996
    vertex 2143.061441954688 219.67500000000038 566.1619999999958
    vertex 2143.22627765182 220.07294857558117 566.1619999999958
  endloop
endfacet
facet normal -0.9914448613738003 0.13052619222012887 0.0
  outer loop
    vertex 2143.22627765182 220.07294857558117 566.1619999999958
    vertex 2143.2825000384432 220.5000000000001 563.161999999996
    vertex 2143.22627765182 220.07294857558097 563.161999999996
  endloop
endfacet
facet normal -0.9914448613738003 0.13052619222012887 0.0
  outer loop
    vertex 2143.2825000384432 220.5000000000001 563.161999999996
    vertex 2143.22627765182 220.07294857558117 566.1619999999958
    vertex 2143.2825000384432 220.50000000000028 566.1619999999958
  endloop
endfacet
facet normal -0.9914448613738003 -0.13052619222012887 0.0
  outer loop
    vertex 2143.2825000384432 220.50000000000028 566.1619999999958
    vertex 2143.22627765182 220.92705142441926 563.161999999996
    vertex 2143.2825000384432 220.5000000000001 563.161999999996
  endloop
endfacet
facet normal -0.9914448613738003 -0.13052619222012887 0.0
  outer loop
    vertex 2143.22627765182 220.92705142441926 563.161999999996
    vertex 2143.2825000384432 220.50000000000028 566.1619999999958
    vertex 2143.22627765182 220.92705142441943 566.1619999999958
  endloop
endfacet
facet normal -0.9238795325112463 -0.3826834323651872 0.0
  outer loop
    vertex 2143.22627765182 220.92705142441943 566.1619999999958
    vertex 2143.061441954688 221.3250000000002 563.161999999996
    vertex 2143.22627765182 220.92705142441926 563.161999999996
  endloop
endfacet
facet normal -0.9238795325112463 -0.3826834323651872 0.0
  outer loop
    vertex 2143.061441954688 221.3250000000002 563.161999999996
    vertex 2143.22627765182 220.92705142441943 566.1619999999958
    vertex 2143.061441954688 221.3250000000004 566.1619999999958
  endloop
endfacet
facet normal -0.7933533402913111 -0.6087614290086217 0.0
  outer loop
    vertex 2143.061441954688 221.3250000000004 566.1619999999958
    vertex 2142.799226227401 221.666726188958 563.161999999996
    vertex 2143.061441954688 221.3250000000002 563.161999999996
  endloop
endfacet
facet normal -0.7933533402913111 -0.6087614290086217 0.0
  outer loop
    vertex 2142.799226227401 221.666726188958 563.161999999996
    vertex 2143.061441954688 221.3250000000004 566.1619999999958
    vertex 2142.799226227401 221.66672618895817 566.1619999999958
  endloop
endfacet
facet normal -0.6087614290087535 -0.79335334029121 0.0
  outer loop
    vertex 2142.799226227401 221.66672618895817 566.1619999999958
    vertex 2142.4575000384434 221.92894191624433 563.161999999996
    vertex 2142.799226227401 221.666726188958 563.161999999996
  endloop
endfacet
facet normal -0.6087614290087535 -0.79335334029121 0.0
  outer loop
    vertex 2142.4575000384434 221.92894191624433 563.161999999996
    vertex 2142.799226227401 221.66672618895817 566.1619999999958
    vertex 2142.457500038444 221.92894191624444 566.1619999999958
  endloop
endfacet
facet normal -0.38268343236500846 -0.9238795325113205 0.0
  outer loop
    vertex 2142.457500038444 221.92894191624444 566.1619999999958
    vertex 2142.0595514628626 222.09377761337694 563.161999999996
    vertex 2142.4575000384434 221.92894191624433 563.161999999996
  endloop
endfacet
facet normal -0.38268343236500846 -0.9238795325113205 0.0
  outer loop
    vertex 2142.0595514628626 222.09377761337694 563.161999999996
    vertex 2142.457500038444 221.92894191624444 566.1619999999958
    vertex 2142.0595514628626 222.09377761337703 566.1619999999958
  endloop
endfacet
facet normal -0.13052619222012887 -0.9914448613738003 0.0
  outer loop
    vertex 2142.0595514628626 222.09377761337703 566.1619999999958
    vertex 2141.6325000384436 222.15 563.161999999996
    vertex 2142.0595514628626 222.09377761337694 563.161999999996
  endloop
endfacet
facet normal -0.13052619222012887 -0.9914448613738003 0.0
  outer loop
    vertex 2141.6325000384436 222.15 563.161999999996
    vertex 2142.0595514628626 222.09377761337703 566.1619999999958
    vertex 2141.6325000384436 222.1500000000001 566.1619999999958
  endloop
endfacet
facet normal 0.13052619222012887 -0.9914448613738003 0.0
  outer loop
    vertex 2141.6325000384436 222.1500000000001 566.1619999999958
    vertex 2141.2054486140246 222.09377761337694 563.161999999996
    vertex 2141.6325000384436 222.15 563.161999999996
  endloop
endfacet
facet normal 0.13052619222012887 -0.9914448613738003 0.0
  outer loop
    vertex 2141.2054486140246 222.09377761337694 563.161999999996
    vertex 2141.6325000384436 222.1500000000001 566.1619999999958
    vertex 2141.2054486140246 222.09377761337703 566.1619999999958
  endloop
endfacet
facet normal 0.38268343236500846 -0.9238795325113205 0.0
  outer loop
    vertex 2141.2054486140246 222.09377761337703 566.1619999999958
    vertex 2140.807500038444 221.92894191624453 563.161999999996
    vertex 2141.2054486140246 222.09377761337694 563.161999999996
  endloop
endfacet
facet normal 0.38268343236500846 -0.9238795325113205 0.0
  outer loop
    vertex 2140.807500038444 221.92894191624453 563.161999999996
    vertex 2141.2054486140246 222.09377761337703 566.1619999999958
    vertex 2140.807500038444 221.9289419162446 566.1619999999958
  endloop
endfacet
facet normal 0.6087614290087535 -0.79335334029121 0.0
  outer loop
    vertex 2140.807500038444 221.9289419162446 566.1619999999958
    vertex 2140.4657738494857 221.666726188958 563.161999999996
    vertex 2140.807500038444 221.92894191624453 563.161999999996
  endloop
endfacet
facet normal 0.6087614290087535 -0.79335334029121 0.0
  outer loop
    vertex 2140.4657738494857 221.666726188958 563.161999999996
    vertex 2140.807500038444 221.9289419162446 566.1619999999958
    vertex 2140.4657738494857 221.66672618895808 566.1619999999958
  endloop
endfacet
facet normal 0.7933533402913111 -0.6087614290086217 0.0
  outer loop
    vertex 2140.4657738494857 221.666726188958 563.161999999996
    vertex 2140.2035581221994 221.3250000000003 566.1619999999958
    vertex 2140.203558122199 221.3250000000002 563.161999999996
  endloop
endfacet
facet normal 0.7933533402913111 -0.6087614290086217 0.0
  outer loop
    vertex 2140.2035581221994 221.3250000000003 566.1619999999958
    vertex 2140.4657738494857 221.666726188958 563.161999999996
    vertex 2140.4657738494857 221.66672618895808 566.1619999999958
  endloop
endfacet
facet normal 0.9238795325112463 -0.3826834323651872 0.0
  outer loop
    vertex 2140.203558122199 221.3250000000002 563.161999999996
    vertex 2140.038722425066 220.92705142441943 566.1619999999958
    vertex 2140.038722425066 220.92705142441935 563.161999999996
  endloop
endfacet
facet normal 0.9238795325112463 -0.3826834323651872 0.0
  outer loop
    vertex 2140.038722425066 220.92705142441943 566.1619999999958
    vertex 2140.203558122199 221.3250000000002 563.161999999996
    vertex 2140.2035581221994 221.3250000000003 566.1619999999958
  endloop
endfacet
facet normal 0.9914448613738003 -0.13052619222012887 0.0
  outer loop
    vertex 2140.038722425066 220.92705142441935 563.161999999996
    vertex 2139.9825000384435 220.50000000000028 566.1619999999958
    vertex 2139.9825000384435 220.5000000000002 563.161999999996
  endloop
endfacet
facet normal 0.9914448613738003 -0.13052619222012887 0.0
  outer loop
    vertex 2139.9825000384435 220.50000000000028 566.1619999999958
    vertex 2140.038722425066 220.92705142441935 563.161999999996
    vertex 2140.038722425066 220.92705142441943 566.1619999999958
  endloop
endfacet
facet normal 0.9914448613738003 0.13052619222012887 0.0
  outer loop
    vertex 2139.9825000384435 220.5000000000002 563.161999999996
    vertex 2140.038722425066 220.07294857558117 566.1619999999958
    vertex 2140.038722425066 220.07294857558108 563.161999999996
  endloop
endfacet
facet normal 0.9914448613738003 0.13052619222012887 0.0
  outer loop
    vertex 2140.038722425066 220.07294857558117 566.1619999999958
    vertex 2139.9825000384435 220.5000000000002 563.161999999996
    vertex 2139.9825000384435 220.50000000000028 566.1619999999958
  endloop
endfacet
facet normal 0.9238795325112463 0.3826834323651872 0.0
  outer loop
    vertex 2140.038722425066 220.07294857558108 563.161999999996
    vertex 2140.2035581221994 219.6750000000003 566.1619999999958
    vertex 2140.203558122199 219.6750000000002 563.161999999996
  endloop
endfacet
facet normal 0.9238795325112463 0.3826834323651872 0.0
  outer loop
    vertex 2140.2035581221994 219.6750000000003 566.1619999999958
    vertex 2140.038722425066 220.07294857558108 563.161999999996
    vertex 2140.038722425066 220.07294857558117 566.1619999999958
  endloop
endfacet
facet normal 0.7933533402913111 0.6087614290086217 0.0
  outer loop
    vertex 2140.203558122199 219.6750000000002 563.161999999996
    vertex 2140.4657738494857 219.33327381104252 566.1619999999958
    vertex 2140.4657738494857 219.33327381104243 563.161999999996
  endloop
endfacet
facet normal 0.7933533402913111 0.6087614290086217 0.0
  outer loop
    vertex 2140.4657738494857 219.33327381104252 566.1619999999958
    vertex 2140.203558122199 219.6750000000002 563.161999999996
    vertex 2140.2035581221994 219.6750000000003 566.1619999999958
  endloop
endfacet
facet normal 0.6087614290087535 0.79335334029121 0.0
  outer loop
    vertex 2140.4657738494857 219.33327381104252 566.1619999999958
    vertex 2140.807500038444 219.0710580837559 563.161999999996
    vertex 2140.4657738494857 219.33327381104243 563.161999999996
  endloop
endfacet
facet normal 0.6087614290087535 0.79335334029121 0.0
  outer loop
    vertex 2140.807500038444 219.0710580837559 563.161999999996
    vertex 2140.4657738494857 219.33327381104252 566.1619999999958
    vertex 2140.807500038444 219.071058083756 566.1619999999958
  endloop
endfacet
facet normal 0.38268343236500846 0.9238795325113205 0.0
  outer loop
    vertex 2140.807500038444 219.071058083756 566.1619999999958
    vertex 2141.2054486140246 218.9062223866231 563.161999999996
    vertex 2140.807500038444 219.0710580837559 563.161999999996
  endloop
endfacet
facet normal 0.38268343236500846 0.9238795325113205 0.0
  outer loop
    vertex 2141.2054486140246 218.9062223866231 563.161999999996
    vertex 2140.807500038444 219.071058083756 566.1619999999958
    vertex 2141.2054486140246 218.9062223866232 566.1619999999958
  endloop
endfacet
facet normal 0.13052619222012887 0.9914448613738003 0.0
  outer loop
    vertex 2110.205448614025 218.90622238662328 566.1619999999959
    vertex 2110.632500038444 218.8500000000003 563.1619999999962
    vertex 2110.205448614025 218.9062223866232 563.1619999999962
  endloop
endfacet
facet normal 0.13052619222012887 0.9914448613738003 0.0
  outer loop
    vertex 2110.632500038444 218.8500000000003 563.1619999999962
    vertex 2110.205448614025 218.90622238662328 566.1619999999959
    vertex 2110.632500038444 218.85000000000048 566.1619999999959
  endloop
endfacet
facet normal -0.13052619222012887 0.9914448613738003 0.0
  outer loop
    vertex 2110.632500038444 218.85000000000048 566.1619999999959
    vertex 2111.0595514628635 218.90622238662328 563.1619999999962
    vertex 2110.632500038444 218.8500000000003 563.1619999999962
  endloop
endfacet
facet normal -0.13052619222012887 0.9914448613738003 0.0
  outer loop
    vertex 2111.0595514628635 218.90622238662328 563.1619999999962
    vertex 2110.632500038444 218.85000000000048 566.1619999999959
    vertex 2111.0595514628635 218.90622238662345 566.1619999999959
  endloop
endfacet
facet normal -0.38268343236500846 0.9238795325113205 0.0
  outer loop
    vertex 2111.0595514628635 218.90622238662345 566.1619999999959
    vertex 2111.457500038444 219.071058083756 563.1619999999962
    vertex 2111.0595514628635 218.90622238662328 563.1619999999962
  endloop
endfacet
facet normal -0.38268343236500846 0.9238795325113205 0.0
  outer loop
    vertex 2111.457500038444 219.071058083756 563.1619999999962
    vertex 2111.0595514628635 218.90622238662345 566.1619999999959
    vertex 2111.457500038444 219.07105808375607 566.1619999999959
  endloop
endfacet
facet normal -0.6087614290087535 0.79335334029121 0.0
  outer loop
    vertex 2111.457500038444 219.07105808375607 566.1619999999959
    vertex 2111.7992262274015 219.33327381104252 563.1619999999962
    vertex 2111.457500038444 219.071058083756 563.1619999999962
  endloop
endfacet
facet normal -0.6087614290087535 0.79335334029121 0.0
  outer loop
    vertex 2111.7992262274015 219.33327381104252 563.1619999999962
    vertex 2111.457500038444 219.07105808375607 566.1619999999959
    vertex 2111.7992262274024 219.3332738110426 566.1619999999959
  endloop
endfacet
facet normal -0.7933533402913111 0.6087614290086217 0.0
  outer loop
    vertex 2111.7992262274024 219.3332738110426 566.1619999999959
    vertex 2112.0614419546882 219.6750000000003 563.1619999999962
    vertex 2111.7992262274015 219.33327381104252 563.1619999999962
  endloop
endfacet
facet normal -0.7933533402913111 0.6087614290086217 0.0
  outer loop
    vertex 2112.0614419546882 219.6750000000003 563.1619999999962
    vertex 2111.7992262274024 219.3332738110426 566.1619999999959
    vertex 2112.0614419546882 219.67500000000038 566.1619999999959
  endloop
endfacet
facet normal -0.9238795325112463 0.3826834323651872 0.0
  outer loop
    vertex 2112.0614419546882 219.67500000000038 566.1619999999959
    vertex 2112.226277651821 220.07294857558117 563.1619999999962
    vertex 2112.0614419546882 219.6750000000003 563.1619999999962
  endloop
endfacet
facet normal -0.9238795325112463 0.3826834323651872 0.0
  outer loop
    vertex 2112.226277651821 220.07294857558117 563.1619999999962
    vertex 2112.0614419546882 219.67500000000038 566.1619999999959
    vertex 2112.2262776518214 220.07294857558125 566.1619999999959
  endloop
endfacet
facet normal -0.9914448613738003 0.13052619222012887 0.0
  outer loop
    vertex 2112.2262776518214 220.07294857558125 566.1619999999959
    vertex 2112.2825000384437 220.50000000000028 563.1619999999962
    vertex 2112.226277651821 220.07294857558117 563.1619999999962
  endloop
endfacet
facet normal -0.9914448613738003 0.13052619222012887 0.0
  outer loop
    vertex 2112.2825000384437 220.50000000000028 563.1619999999962
    vertex 2112.2262776518214 220.07294857558125 566.1619999999959
    vertex 2112.2825000384446 220.5000000000004 566.1619999999959
  endloop
endfacet
facet normal -0.9914448613738003 -0.13052619222012887 0.0
  outer loop
    vertex 2112.2825000384446 220.5000000000004 566.1619999999959
    vertex 2112.226277651821 220.92705142441943 563.1619999999962
    vertex 2112.2825000384437 220.50000000000028 563.1619999999962
  endloop
endfacet
facet normal -0.9914448613738003 -0.13052619222012887 0.0
  outer loop
    vertex 2112.226277651821 220.92705142441943 563.1619999999962
    vertex 2112.2825000384446 220.5000000000004 566.1619999999959
    vertex 2112.2262776518214 220.92705142441952 566.1619999999959
  endloop
endfacet
facet normal -0.9238795325112463 -0.3826834323651872 0.0
  outer loop
    vertex 2112.2262776518214 220.92705142441952 566.1619999999959
    vertex 2112.0614419546882 221.3250000000003 563.1619999999962
    vertex 2112.226277651821 220.92705142441943 563.1619999999962
  endloop
endfacet
facet normal -0.9238795325112463 -0.3826834323651872 0.0
  outer loop
    vertex 2112.0614419546882 221.3250000000003 563.1619999999962
    vertex 2112.2262776518214 220.92705142441952 566.1619999999959
    vertex 2112.0614419546882 221.3250000000004 566.1619999999959
  endloop
endfacet
facet normal -0.7933533402913111 -0.6087614290086217 0.0
  outer loop
    vertex 2112.0614419546882 221.3250000000004 566.1619999999959
    vertex 2111.7992262274015 221.66672618895808 563.1619999999962
    vertex 2112.0614419546882 221.3250000000003 563.1619999999962
  endloop
endfacet
facet normal -0.7933533402913111 -0.6087614290086217 0.0
  outer loop
    vertex 2111.7992262274015 221.66672618895808 563.1619999999962
    vertex 2112.0614419546882 221.3250000000004 566.1619999999959
    vertex 2111.7992262274024 221.66672618895817 566.1619999999959
  endloop
endfacet
facet normal -0.6087614290087535 -0.79335334029121 0.0
  outer loop
    vertex 2111.7992262274024 221.66672618895817 566.1619999999959
    vertex 2111.457500038444 221.9289419162446 563.1619999999962
    vertex 2111.7992262274015 221.66672618895808 563.1619999999962
  endloop
endfacet
facet normal -0.6087614290087535 -0.79335334029121 0.0
  outer loop
    vertex 2111.457500038444 221.9289419162446 563.1619999999962
    vertex 2111.7992262274024 221.66672618895817 566.1619999999959
    vertex 2111.4575000384443 221.9289419162447 566.1619999999959
  endloop
endfacet
facet normal -0.38268343236500846 -0.9238795325113205 0.0
  outer loop
    vertex 2111.4575000384443 221.9289419162447 566.1619999999959
    vertex 2111.0595514628635 222.0937776133771 563.1619999999962
    vertex 2111.457500038444 221.9289419162446 563.1619999999962
  endloop
endfacet
facet normal -0.38268343236500846 -0.9238795325113205 0.0
  outer loop
    vertex 2111.0595514628635 222.0937776133771 563.1619999999962
    vertex 2111.4575000384443 221.9289419162447 566.1619999999959
    vertex 2111.0595514628635 222.0937776133773 566.1619999999959
  endloop
endfacet
facet normal -0.13052619222012887 -0.9914448613738003 0.0
  outer loop
    vertex 2111.0595514628635 222.0937776133773 566.1619999999959
    vertex 2110.632500038444 222.1500000000003 563.1619999999962
    vertex 2111.0595514628635 222.0937776133771 563.1619999999962
  endloop
endfacet
facet normal -0.13052619222012887 -0.9914448613738003 0.0
  outer loop
    vertex 2110.632500038444 222.1500000000003 563.1619999999962
    vertex 2111.0595514628635 222.0937776133773 566.1619999999959
    vertex 2110.632500038444 222.15000000000046 566.1619999999959
  endloop
endfacet
facet normal 0.13052619222012887 -0.9914448613738003 0.0
  outer loop
    vertex 2110.632500038444 222.15000000000046 566.1619999999959
    vertex 2110.205448614025 222.09377761337703 563.1619999999962
    vertex 2110.632500038444 222.1500000000003 563.1619999999962
  endloop
endfacet
facet normal 0.13052619222012887 -0.9914448613738003 0.0
  outer loop
    vertex 2110.205448614025 222.09377761337703 563.1619999999962
    vertex 2110.632500038444 222.15000000000046 566.1619999999959
    vertex 2110.205448614025 222.0937776133771 566.1619999999959
  endloop
endfacet
facet normal 0.38268343236500846 -0.9238795325113205 0.0
  outer loop
    vertex 2110.205448614025 222.0937776133771 566.1619999999959
    vertex 2109.8075000384442 221.92894191624444 563.1619999999962
    vertex 2110.205448614025 222.09377761337703 563.1619999999962
  endloop
endfacet
facet normal 0.38268343236500846 -0.9238795325113205 0.0
  outer loop
    vertex 2109.8075000384442 221.92894191624444 563.1619999999962
    vertex 2110.205448614025 222.0937776133771 566.1619999999959
    vertex 2109.8075000384442 221.92894191624453 566.1619999999959
  endloop
endfacet
facet normal 0.6087614290087535 -0.79335334029121 0.0
  outer loop
    vertex 2109.8075000384442 221.92894191624453 566.1619999999959
    vertex 2109.465773849486 221.6667261889579 563.1619999999962
    vertex 2109.8075000384442 221.92894191624444 563.1619999999962
  endloop
endfacet
facet normal 0.6087614290087535 -0.79335334029121 0.0
  outer loop
    vertex 2109.465773849486 221.6667261889579 563.1619999999962
    vertex 2109.8075000384442 221.92894191624453 566.1619999999959
    vertex 2109.4657738494866 221.666726188958 566.1619999999959
  endloop
endfacet
facet normal 0.7933533402913111 -0.6087614290086217 0.0
  outer loop
    vertex 2109.465773849486 221.6667261889579 563.1619999999962
    vertex 2109.2035581222003 221.3250000000002 566.1619999999959
    vertex 2109.2035581222003 221.3250000000001 563.1619999999962
  endloop
endfacet
facet normal 0.7933533402913111 -0.6087614290086217 0.0
  outer loop
    vertex 2109.2035581222003 221.3250000000002 566.1619999999959
    vertex 2109.465773849486 221.6667261889579 563.1619999999962
    vertex 2109.4657738494866 221.666726188958 566.1619999999959
  endloop
endfacet
facet normal 0.9238795325112463 -0.3826834323651872 0.0
  outer loop
    vertex 2109.2035581222003 221.3250000000001 563.1619999999962
    vertex 2109.0387224250676 220.92705142441935 566.1619999999959
    vertex 2109.038722425067 220.92705142441926 563.1619999999962
  endloop
endfacet
facet normal 0.9238795325112463 -0.3826834323651872 0.0
  outer loop
    vertex 2109.0387224250676 220.92705142441935 566.1619999999959
    vertex 2109.2035581222003 221.3250000000001 563.1619999999962
    vertex 2109.2035581222003 221.3250000000002 566.1619999999959
  endloop
endfacet
facet normal 0.9914448613738003 -0.13052619222012887 0.0
  outer loop
    vertex 2109.038722425067 220.92705142441926 563.1619999999962
    vertex 2108.9825000384444 220.5000000000002 566.1619999999959
    vertex 2108.982500038444 220.5000000000001 563.1619999999962
  endloop
endfacet
facet normal 0.9914448613738003 -0.13052619222012887 0.0
  outer loop
    vertex 2108.9825000384444 220.5000000000002 566.1619999999959
    vertex 2109.038722425067 220.92705142441926 563.1619999999962
    vertex 2109.0387224250676 220.92705142441935 566.1619999999959
  endloop
endfacet
facet normal 0.9914448613738003 0.13052619222012887 0.0
  outer loop
    vertex 2108.982500038444 220.5000000000001 563.1619999999962
    vertex 2109.0387224250676 220.07294857558108 566.1619999999959
    vertex 2109.038722425067 220.07294857558097 563.1619999999962
  endloop
endfacet
facet normal 0.9914448613738003 0.13052619222012887 0.0
  outer loop
    vertex 2109.0387224250676 220.07294857558108 566.1619999999959
    vertex 2108.982500038444 220.5000000000001 563.1619999999962
    vertex 2108.9825000384444 220.5000000000002 566.1619999999959
  endloop
endfacet
facet normal 0.9238795325112463 0.3826834323651872 0.0
  outer loop
    vertex 2109.038722425067 220.07294857558097 563.1619999999962
    vertex 2109.2035581222003 219.6750000000002 566.1619999999959
    vertex 2109.2035581222003 219.67500000000013 563.1619999999962
  endloop
endfacet
facet normal 0.9238795325112463 0.3826834323651872 0.0
  outer loop
    vertex 2109.2035581222003 219.6750000000002 566.1619999999959
    vertex 2109.038722425067 220.07294857558097 563.1619999999962
    vertex 2109.0387224250676 220.07294857558108 566.1619999999959
  endloop
endfacet
facet normal 0.7933533402913111 0.6087614290086217 0.0
  outer loop
    vertex 2109.2035581222003 219.67500000000013 563.1619999999962
    vertex 2109.4657738494866 219.33327381104243 566.1619999999959
    vertex 2109.465773849486 219.33327381104235 563.1619999999962
  endloop
endfacet
facet normal 0.7933533402913111 0.6087614290086217 0.0
  outer loop
    vertex 2109.4657738494866 219.33327381104243 566.1619999999959
    vertex 2109.2035581222003 219.67500000000013 563.1619999999962
    vertex 2109.2035581222003 219.6750000000002 566.1619999999959
  endloop
endfacet
facet normal 0.6087614290087535 0.79335334029121 0.0
  outer loop
    vertex 2109.4657738494866 219.33327381104243 566.1619999999959
    vertex 2109.8075000384442 219.07105808375582 563.1619999999962
    vertex 2109.465773849486 219.33327381104235 563.1619999999962
  endloop
endfacet
facet normal 0.6087614290087535 0.79335334029121 0.0
  outer loop
    vertex 2109.8075000384442 219.07105808375582 563.1619999999962
    vertex 2109.4657738494866 219.33327381104243 566.1619999999959
    vertex 2109.8075000384442 219.0710580837559 566.1619999999959
  endloop
endfacet
facet normal 0.38268343236500846 0.9238795325113205 0.0
  outer loop
    vertex 2109.8075000384442 219.0710580837559 566.1619999999959
    vertex 2110.205448614025 218.9062223866232 563.1619999999962
    vertex 2109.8075000384442 219.07105808375582 563.1619999999962
  endloop
endfacet
facet normal 0.38268343236500846 0.9238795325113205 0.0
  outer loop
    vertex 2110.205448614025 218.9062223866232 563.1619999999962
    vertex 2109.8075000384442 219.0710580837559 566.1619999999959
    vertex 2110.205448614025 218.90622238662328 566.1619999999959
  endloop
endfacet
facet normal -0.13052619222012887 -0.9914448613738003 0.0
  outer loop
    vertex 2111.0595514628635 191.09377761337723 566.1619999999962
    vertex 2110.632500038444 191.1500000000003 563.1619999999962
    vertex 2111.0595514628635 191.09377761337723 563.1619999999962
  endloop
endfacet
facet normal -0.13052619222012887 -0.9914448613738003 0.0
  outer loop
    vertex 2110.632500038444 191.1500000000003 563.1619999999962
    vertex 2111.0595514628635 191.09377761337723 566.1619999999962
    vertex 2110.632500038444 191.1500000000003 566.1619999999962
  endloop
endfacet
facet normal 0.13052619222012887 -0.9914448613738003 0.0
  outer loop
    vertex 2110.632500038444 191.1500000000003 566.1619999999962
    vertex 2110.205448614025 191.09377761337706 563.1619999999962
    vertex 2110.632500038444 191.1500000000003 563.1619999999962
  endloop
endfacet
facet normal 0.13052619222012887 -0.9914448613738003 0.0
  outer loop
    vertex 2110.205448614025 191.09377761337706 563.1619999999962
    vertex 2110.632500038444 191.1500000000003 566.1619999999962
    vertex 2110.205448614025 191.09377761337706 566.1619999999962
  endloop
endfacet
facet normal 0.38268343236500846 -0.9238795325113205 0.0
  outer loop
    vertex 2110.205448614025 191.09377761337706 566.1619999999962
    vertex 2109.8075000384442 190.92894191624444 563.1619999999962
    vertex 2110.205448614025 191.09377761337706 563.1619999999962
  endloop
endfacet
facet normal 0.38268343236500846 -0.9238795325113205 0.0
  outer loop
    vertex 2109.8075000384442 190.92894191624444 563.1619999999962
    vertex 2110.205448614025 191.09377761337706 566.1619999999962
    vertex 2109.8075000384442 190.92894191624444 566.1619999999962
  endloop
endfacet
facet normal 0.6087614290087535 -0.79335334029121 0.0
  outer loop
    vertex 2109.8075000384442 190.92894191624444 566.1619999999962
    vertex 2109.4657738494866 190.6667261889579 563.1619999999962
    vertex 2109.8075000384442 190.92894191624444 563.1619999999962
  endloop
endfacet
facet normal 0.6087614290087535 -0.79335334029121 0.0
  outer loop
    vertex 2109.4657738494866 190.6667261889579 563.1619999999962
    vertex 2109.8075000384442 190.92894191624444 566.1619999999962
    vertex 2109.4657738494866 190.6667261889579 566.1619999999962
  endloop
endfacet
facet normal 0.7933533402913111 -0.6087614290086217 0.0
  outer loop
    vertex 2109.4657738494866 190.6667261889579 563.1619999999962
    vertex 2109.2035581222003 190.32500000000013 566.1619999999962
    vertex 2109.2035581222003 190.32500000000013 563.1619999999962
  endloop
endfacet
facet normal 0.7933533402913111 -0.6087614290086217 0.0
  outer loop
    vertex 2109.2035581222003 190.32500000000013 566.1619999999962
    vertex 2109.4657738494866 190.6667261889579 563.1619999999962
    vertex 2109.4657738494866 190.6667261889579 566.1619999999962
  endloop
endfacet
facet normal 0.9238795325112463 -0.3826834323651872 0.0
  outer loop
    vertex 2109.2035581222003 190.32500000000013 563.1619999999962
    vertex 2109.0387224250676 189.92705142441926 566.1619999999962
    vertex 2109.038722425067 189.92705142441926 563.1619999999962
  endloop
endfacet
facet normal 0.9238795325112463 -0.3826834323651872 0.0
  outer loop
    vertex 2109.0387224250676 189.92705142441926 566.1619999999962
    vertex 2109.2035581222003 190.32500000000013 563.1619999999962
    vertex 2109.2035581222003 190.32500000000013 566.1619999999962
  endloop
endfacet
facet normal 0.9914448613738003 -0.13052619222012887 0.0
  outer loop
    vertex 2109.038722425067 189.92705142441926 563.1619999999962
    vertex 2108.9825000384444 189.5000000000001 566.1619999999962
    vertex 2108.982500038444 189.5000000000001 563.1619999999962
  endloop
endfacet
facet normal 0.9914448613738003 -0.13052619222012887 0.0
  outer loop
    vertex 2108.9825000384444 189.5000000000001 566.1619999999962
    vertex 2109.038722425067 189.92705142441926 563.1619999999962
    vertex 2109.0387224250676 189.92705142441926 566.1619999999962
  endloop
endfacet
facet normal 0.9914448613738003 0.13052619222012887 0.0
  outer loop
    vertex 2108.982500038444 189.5000000000001 563.1619999999962
    vertex 2109.0387224250676 189.072948575581 566.1619999999962
    vertex 2109.038722425067 189.072948575581 563.1619999999962
  endloop
endfacet
facet normal 0.9914448613738003 0.13052619222012887 0.0
  outer loop
    vertex 2109.0387224250676 189.072948575581 566.1619999999962
    vertex 2108.982500038444 189.5000000000001 563.1619999999962
    vertex 2108.9825000384444 189.5000000000001 566.1619999999962
  endloop
endfacet
facet normal 0.9238795325112463 0.3826834323651872 0.0
  outer loop
    vertex 2109.038722425067 189.072948575581 563.1619999999962
    vertex 2109.2035581222003 188.67500000000013 566.1619999999962
    vertex 2109.2035581222003 188.67500000000013 563.1619999999962
  endloop
endfacet
facet normal 0.9238795325112463 0.3826834323651872 0.0
  outer loop
    vertex 2109.2035581222003 188.67500000000013 566.1619999999962
    vertex 2109.038722425067 189.072948575581 563.1619999999962
    vertex 2109.0387224250676 189.072948575581 566.1619999999962
  endloop
endfacet
facet normal 0.7933533402913111 0.6087614290086217 0.0
  outer loop
    vertex 2109.2035581222003 188.67500000000013 563.1619999999962
    vertex 2109.4657738494866 188.33327381104235 566.1619999999962
    vertex 2109.465773849486 188.33327381104235 563.1619999999962
  endloop
endfacet
facet normal 0.7933533402913111 0.6087614290086217 0.0
  outer loop
    vertex 2109.4657738494866 188.33327381104235 566.1619999999962
    vertex 2109.2035581222003 188.67500000000013 563.1619999999962
    vertex 2109.2035581222003 188.67500000000013 566.1619999999962
  endloop
endfacet
facet normal 0.6087614290087535 0.79335334029121 0.0
  outer loop
    vertex 2109.4657738494866 188.33327381104235 566.1619999999962
    vertex 2109.8075000384442 188.07105808375582 563.1619999999962
    vertex 2109.465773849486 188.33327381104235 563.1619999999962
  endloop
endfacet
facet normal 0.6087614290087535 0.79335334029121 0.0
  outer loop
    vertex 2109.8075000384442 188.07105808375582 563.1619999999962
    vertex 2109.4657738494866 188.33327381104235 566.1619999999962
    vertex 2109.8075000384442 188.07105808375582 566.1619999999962
  endloop
endfacet
facet normal 0.38268343236500846 0.9238795325113205 0.0
  outer loop
    vertex 2109.8075000384442 188.07105808375582 566.1619999999962
    vertex 2110.205448614025 187.9062223866232 563.1619999999962
    vertex 2109.8075000384442 188.07105808375582 563.1619999999962
  endloop
endfacet
facet normal 0.38268343236500846 0.9238795325113205 0.0
  outer loop
    vertex 2110.205448614025 187.9062223866232 563.1619999999962
    vertex 2109.8075000384442 188.07105808375582 566.1619999999962
    vertex 2110.205448614025 187.9062223866232 566.1619999999962
  endloop
endfacet
facet normal 0.13052619222012887 0.9914448613738003 0.0
  outer loop
    vertex 2110.205448614025 187.9062223866232 566.1619999999962
    vertex 2110.632500038444 187.85000000000014 563.1619999999962
    vertex 2110.205448614025 187.9062223866232 563.1619999999962
  endloop
endfacet
facet normal 0.13052619222012887 0.9914448613738003 0.0
  outer loop
    vertex 2110.632500038444 187.85000000000014 563.1619999999962
    vertex 2110.205448614025 187.9062223866232 566.1619999999962
    vertex 2110.632500038444 187.85000000000014 566.1619999999962
  endloop
endfacet
facet normal -0.13052619222012887 0.9914448613738003 0.0
  outer loop
    vertex 2110.632500038444 187.85000000000014 566.1619999999962
    vertex 2111.0595514628635 187.9062223866234 563.1619999999962
    vertex 2110.632500038444 187.85000000000014 563.1619999999962
  endloop
endfacet
facet normal -0.13052619222012887 0.9914448613738003 0.0
  outer loop
    vertex 2111.0595514628635 187.9062223866234 563.1619999999962
    vertex 2110.632500038444 187.85000000000014 566.1619999999962
    vertex 2111.0595514628635 187.9062223866234 566.1619999999962
  endloop
endfacet
facet normal -0.38268343236500846 0.9238795325113205 0.0
  outer loop
    vertex 2111.0595514628635 187.9062223866234 566.1619999999962
    vertex 2111.457500038444 188.071058083756 563.1619999999962
    vertex 2111.0595514628635 187.9062223866234 563.1619999999962
  endloop
endfacet
facet normal -0.38268343236500846 0.9238795325113205 0.0
  outer loop
    vertex 2111.457500038444 188.071058083756 563.1619999999962
    vertex 2111.0595514628635 187.9062223866234 566.1619999999962
    vertex 2111.457500038444 188.071058083756 566.1619999999962
  endloop
endfacet
facet normal -0.6087614290087535 0.79335334029121 0.0
  outer loop
    vertex 2111.457500038444 188.071058083756 566.1619999999962
    vertex 2111.7992262274015 188.33327381104252 563.1619999999962
    vertex 2111.457500038444 188.071058083756 563.1619999999962
  endloop
endfacet
facet normal -0.6087614290087535 0.79335334029121 0.0
  outer loop
    vertex 2111.7992262274015 188.33327381104252 563.1619999999962
    vertex 2111.457500038444 188.071058083756 566.1619999999962
    vertex 2111.7992262274024 188.33327381104252 566.1619999999962
  endloop
endfacet
facet normal -0.7933533402913111 0.6087614290086217 0.0
  outer loop
    vertex 2112.0614419546882 188.67500000000032 566.1619999999962
    vertex 2111.7992262274015 188.33327381104252 563.1619999999962
    vertex 2111.7992262274024 188.33327381104252 566.1619999999962
  endloop
endfacet
facet normal -0.7933533402913111 0.6087614290086217 0.0
  outer loop
    vertex 2111.7992262274015 188.33327381104252 563.1619999999962
    vertex 2112.0614419546882 188.67500000000032 566.1619999999962
    vertex 2112.0614419546882 188.67500000000032 563.1619999999962
  endloop
endfacet
facet normal -0.9238795325112463 0.3826834323651872 0.0
  outer loop
    vertex 2112.2262776518214 189.07294857558117 566.1619999999962
    vertex 2112.0614419546882 188.67500000000032 563.1619999999962
    vertex 2112.0614419546882 188.67500000000032 566.1619999999962
  endloop
endfacet
facet normal -0.9238795325112463 0.3826834323651872 0.0
  outer loop
    vertex 2112.0614419546882 188.67500000000032 563.1619999999962
    vertex 2112.2262776518214 189.07294857558117 566.1619999999962
    vertex 2112.226277651821 189.07294857558117 563.1619999999962
  endloop
endfacet
facet normal -0.9914448613738003 0.13052619222012887 0.0
  outer loop
    vertex 2112.2825000384446 189.5000000000003 566.1619999999962
    vertex 2112.226277651821 189.07294857558117 563.1619999999962
    vertex 2112.2262776518214 189.07294857558117 566.1619999999962
  endloop
endfacet
facet normal -0.9914448613738003 0.13052619222012887 0.0
  outer loop
    vertex 2112.226277651821 189.07294857558117 563.1619999999962
    vertex 2112.2825000384446 189.5000000000003 566.1619999999962
    vertex 2112.2825000384437 189.5000000000003 563.1619999999962
  endloop
endfacet
facet normal -0.9914448613738003 -0.13052619222012887 0.0
  outer loop
    vertex 2112.2262776518214 189.92705142441943 566.1619999999962
    vertex 2112.2825000384437 189.5000000000003 563.1619999999962
    vertex 2112.2825000384446 189.5000000000003 566.1619999999962
  endloop
endfacet
facet normal -0.9914448613738003 -0.13052619222012887 0.0
  outer loop
    vertex 2112.2825000384437 189.5000000000003 563.1619999999962
    vertex 2112.2262776518214 189.92705142441943 566.1619999999962
    vertex 2112.226277651821 189.92705142441943 563.1619999999962
  endloop
endfacet
facet normal -0.9238795325112463 -0.3826834323651872 0.0
  outer loop
    vertex 2112.0614419546887 190.3250000000003 566.1619999999962
    vertex 2112.226277651821 189.92705142441943 563.1619999999962
    vertex 2112.2262776518214 189.92705142441943 566.1619999999962
  endloop
endfacet
facet normal -0.9238795325112463 -0.3826834323651872 0.0
  outer loop
    vertex 2112.226277651821 189.92705142441943 563.1619999999962
    vertex 2112.0614419546887 190.3250000000003 566.1619999999962
    vertex 2112.0614419546882 190.3250000000003 563.1619999999962
  endloop
endfacet
facet normal -0.7933533402913111 -0.6087614290086217 0.0
  outer loop
    vertex 2111.7992262274024 190.66672618895808 566.1619999999962
    vertex 2112.0614419546882 190.3250000000003 563.1619999999962
    vertex 2112.0614419546887 190.3250000000003 566.1619999999962
  endloop
endfacet
facet normal -0.7933533402913111 -0.6087614290086217 0.0
  outer loop
    vertex 2112.0614419546882 190.3250000000003 563.1619999999962
    vertex 2111.7992262274024 190.66672618895808 566.1619999999962
    vertex 2111.799226227402 190.66672618895808 563.1619999999962
  endloop
endfacet
facet normal -0.6087614290087535 -0.79335334029121 0.0
  outer loop
    vertex 2111.7992262274024 190.66672618895808 566.1619999999962
    vertex 2111.457500038444 190.9289419162446 563.1619999999962
    vertex 2111.799226227402 190.66672618895808 563.1619999999962
  endloop
endfacet
facet normal -0.6087614290087535 -0.79335334029121 0.0
  outer loop
    vertex 2111.457500038444 190.9289419162446 563.1619999999962
    vertex 2111.7992262274024 190.66672618895808 566.1619999999962
    vertex 2111.4575000384443 190.9289419162446 566.1619999999962
  endloop
endfacet
facet normal -0.38268343236500846 -0.9238795325113205 0.0
  outer loop
    vertex 2111.4575000384443 190.9289419162446 566.1619999999962
    vertex 2111.0595514628635 191.09377761337723 563.1619999999962
    vertex 2111.457500038444 190.9289419162446 563.1619999999962
  endloop
endfacet
facet normal -0.38268343236500846 -0.9238795325113205 0.0
  outer loop
    vertex 2111.0595514628635 191.09377761337723 563.1619999999962
    vertex 2111.4575000384443 190.9289419162446 566.1619999999962
    vertex 2111.0595514628635 191.09377761337723 566.1619999999962
  endloop
endfacet
facet normal -1.0 2.2927613631455318e-14 -3.405910995722335e-14
  outer loop
    vertex 2105.132500038444 183.50000000000023 575.9119999999962
    vertex 2105.132500038445 183.50000000000014 567.6619999999966
    vertex 2105.132500038445 181.75000000000026 575.9119999999787
  endloop
endfacet
facet normal -1.0 2.2927613631455318e-14 -3.405910995722335e-14
  outer loop
    vertex 2105.132500038445 193.7999999999995 586.9119999999963
    vertex 2105.132500038445 193.5000000000003 566.1619999999963
    vertex 2105.132500038445 193.4999999999995 586.6119999999963
  endloop
endfacet
facet normal -1.0 2.2927613631455318e-14 -3.405910995722335e-14
  outer loop
    vertex 2105.132500038445 193.7999999999995 586.9119999999963
    vertex 2105.132500038445 202.97155576479372 572.7055199947117
    vertex 2105.132500038445 202.90000000000077 572.1619999999964
  endloop
endfacet
facet normal -1.0 2.2927613631455318e-14 -3.405910995722335e-14
  outer loop
    vertex 2105.132500038445 202.97155576479372 572.7055199947117
    vertex 2105.132500038445 193.7999999999995 586.9119999999963
    vertex 2105.132500038445 203.18134665205343 573.2119999999964
  endloop
endfacet
facet normal -1.0 2.2927613631455318e-14 -3.405910995722335e-14
  outer loop
    vertex 2105.132500038445 203.18134665205343 573.2119999999964
    vertex 2105.132500038445 193.7999999999995 586.9119999999963
    vertex 2105.132500038445 203.51507575950902 573.6469242404881
  endloop
endfacet
facet normal -1.0 2.2927613631455318e-14 -3.405910995722335e-14
  outer loop
    vertex 2105.132500038445 203.51507575950902 573.6469242404881
    vertex 2105.132500038445 193.7999999999995 586.9119999999963
    vertex 2105.132500038445 216.20000000000073 586.9119999999965
  endloop
endfacet
facet normal -1.0 2.2927613631455318e-14 -3.405910995722335e-14
  outer loop
    vertex 2105.132500038445 203.51507575950902 573.6469242404881
    vertex 2105.132500038445 216.20000000000073 586.9119999999965
    vertex 2105.132500038445 203.95000000000073 573.9806533479438
  endloop
endfacet
facet normal -1.0 2.2927613631455318e-14 -3.405910995722335e-14
  outer loop
    vertex 2105.132500038445 203.95000000000073 573.9806533479438
    vertex 2105.132500038445 216.20000000000073 586.9119999999965
    vertex 2105.132500038445 204.45648000528544 574.1904442352035
  endloop
endfacet
facet normal -1.0 2.2927613631455318e-14 -3.405910995722335e-14
  outer loop
    vertex 2105.132500038445 204.45648000528544 574.1904442352035
    vertex 2105.132500038445 216.20000000000073 586.9119999999965
    vertex 2105.132500038445 205.00000000000074 574.2619999999964
  endloop
endfacet
facet normal -1.0 2.2927613631455318e-14 -3.405910995722335e-14
  outer loop
    vertex 2105.132500038445 205.00000000000074 574.2619999999964
    vertex 2105.132500038445 216.20000000000073 586.9119999999965
    vertex 2105.132500038445 205.54351999471606 574.1904442352035
  endloop
endfacet
facet normal -1.0 2.2927613631455318e-14 -3.405910995722335e-14
  outer loop
    vertex 2105.132500038445 205.54351999471606 574.1904442352035
    vertex 2105.132500038445 216.20000000000073 586.9119999999965
    vertex 2105.132500038445 206.0500000000007 573.9806533479438
  endloop
endfacet
facet normal -1.0 2.2927613631455318e-14 -3.405910995722335e-14
  outer loop
    vertex 2105.132500038445 206.0500000000007 573.9806533479438
    vertex 2105.132500038445 216.20000000000073 586.9119999999965
    vertex 2105.132500038445 206.48492424049246 573.6469242404881
  endloop
endfacet
facet normal -1.0 2.2927613631455318e-14 -3.405910995722335e-14
  outer loop
    vertex 2105.132500038445 206.48492424049246 573.6469242404881
    vertex 2105.132500038445 216.20000000000073 586.9119999999965
    vertex 2105.132500038445 206.81865334794807 573.2119999999965
  endloop
endfacet
facet normal -1.0 2.2927613631455318e-14 -3.405910995722335e-14
  outer loop
    vertex 2105.132500038445 206.81865334794807 573.2119999999965
    vertex 2105.132500038445 216.20000000000073 586.9119999999965
    vertex 2105.132500038445 207.0284442352078 572.7055199947117
  endloop
endfacet
facet normal -1.0 2.2927613631455318e-14 -3.405910995722335e-14
  outer loop
    vertex 2105.132500038445 207.0284442352078 572.7055199947117
    vertex 2105.132500038445 216.20000000000073 586.9119999999965
    vertex 2105.132500038445 207.10000000000073 572.1619999999964
  endloop
endfacet
facet normal -1.0 2.2927613631455318e-14 -3.405910995722335e-14
  outer loop
    vertex 2105.1325000384472 228.25000000000233 575.9119999999036
    vertex 2105.1325000384454 226.50000000000236 567.6619999999944
    vertex 2105.132500038445 226.50000000000045 575.9119999999965
  endloop
endfacet
facet normal -1.0 2.2927613631455318e-14 -3.405910995722335e-14
  outer loop
    vertex 2105.1325000384454 226.50000000000236 567.6619999999944
    vertex 2105.1325000384472 228.25000000000233 575.9119999999036
    vertex 2105.1325000384463 228.25000000000043 563.1619999999963
  endloop
endfacet
facet normal -1.0 2.2927613631455318e-14 -3.405910995722335e-14
  outer loop
    vertex 2105.1325000384463 228.25000000000043 563.1619999999963
    vertex 2105.1325000384472 228.25000000000233 575.9119999999036
    vertex 2105.1325000384463 228.75000000000048 563.6619999999963
  endloop
endfacet
facet normal -1.0 2.2927613631455318e-14 -3.405910995722335e-14
  outer loop
    vertex 2105.1325000384463 228.75000000000048 563.6619999999963
    vertex 2105.1325000384472 228.25000000000233 575.9119999999036
    vertex 2105.132500038448 228.75000000000222 575.4119999999017
  endloop
endfacet
facet normal -1.0 2.2927613631455318e-14 -3.405910995722335e-14
  outer loop
    vertex 2105.132500038445 181.25000000000028 575.4119999999805
    vertex 2105.1325000384463 181.75000000000017 563.1619999999963
    vertex 2105.1325000384463 181.2500000000002 563.6619999999963
  endloop
endfacet
facet normal -1.0 2.2927613631455318e-14 -3.405910995722335e-14
  outer loop
    vertex 2105.1325000384463 181.75000000000017 563.1619999999963
    vertex 2105.132500038445 181.25000000000028 575.4119999999805
    vertex 2105.132500038445 181.75000000000026 575.9119999999787
  endloop
endfacet
facet normal -1.0 2.2927613631455318e-14 -3.405910995722335e-14
  outer loop
    vertex 2105.1325000384463 181.75000000000017 563.1619999999963
    vertex 2105.132500038445 181.75000000000026 575.9119999999787
    vertex 2105.132500038445 183.50000000000014 567.6619999999966
  endloop
endfacet
facet normal -1.0 2.2927613631455318e-14 -3.405910995722335e-14
  outer loop
    vertex 2105.1325000384463 181.75000000000017 563.1619999999963
    vertex 2105.132500038445 183.50000000000014 567.6619999999966
    vertex 2105.132500038445 185.00000000000017 566.1619999999965
  endloop
endfacet
facet normal -1.0 2.2927613631455318e-14 -3.405910995722335e-14
  outer loop
    vertex 2105.1325000384463 181.75000000000017 563.1619999999963
    vertex 2105.132500038445 185.00000000000017 566.1619999999965
    vertex 2105.1325000384463 228.25000000000043 563.1619999999963
  endloop
endfacet
facet normal -1.0 2.2927613631455318e-14 -3.405910995722335e-14
  outer loop
    vertex 2105.1325000384463 228.25000000000043 563.1619999999963
    vertex 2105.132500038445 185.00000000000017 566.1619999999965
    vertex 2105.132500038445 193.5000000000003 566.1619999999963
  endloop
endfacet
facet normal -1.0 2.2927613631455318e-14 -3.405910995722335e-14
  outer loop
    vertex 2105.1325000384463 228.25000000000043 563.1619999999963
    vertex 2105.132500038445 193.5000000000003 566.1619999999963
    vertex 2105.132500038445 216.50000000000077 566.1619999999965
  endloop
endfacet
facet normal -1.0 2.2927613631455318e-14 -3.405910995722335e-14
  outer loop
    vertex 2105.132500038445 216.50000000000077 566.1619999999965
    vertex 2105.132500038445 193.5000000000003 566.1619999999963
    vertex 2105.132500038445 204.45648000528544 570.1335557647893
  endloop
endfacet
facet normal -1.0 2.2927613631455318e-14 -3.405910995722335e-14
  outer loop
    vertex 2105.132500038445 204.45648000528544 570.1335557647893
    vertex 2105.132500038445 193.5000000000003 566.1619999999963
    vertex 2105.132500038445 203.9500000000008 570.343346652049
  endloop
endfacet
facet normal -1.0 2.2927613631455318e-14 -3.405910995722335e-14
  outer loop
    vertex 2105.132500038445 203.9500000000008 570.343346652049
    vertex 2105.132500038445 193.5000000000003 566.1619999999963
    vertex 2105.132500038445 203.51507575950902 570.6770757595046
  endloop
endfacet
facet normal -1.0 2.2927613631455318e-14 -3.405910995722335e-14
  outer loop
    vertex 2105.132500038445 203.51507575950902 570.6770757595046
    vertex 2105.132500038445 193.5000000000003 566.1619999999963
    vertex 2105.132500038445 203.18134665205343 571.1119999999963
  endloop
endfacet
facet normal -1.0 2.2927613631455318e-14 -3.405910995722335e-14
  outer loop
    vertex 2105.132500038445 203.18134665205343 571.1119999999963
    vertex 2105.132500038445 193.5000000000003 566.1619999999963
    vertex 2105.132500038445 193.7999999999995 586.9119999999963
  endloop
endfacet
facet normal -1.0 2.2927613631455318e-14 -3.405910995722335e-14
  outer loop
    vertex 2105.132500038445 203.18134665205343 571.1119999999963
    vertex 2105.132500038445 193.7999999999995 586.9119999999963
    vertex 2105.132500038445 202.97155576479372 571.6184800052811
  endloop
endfacet
facet normal -1.0 2.2927613631455318e-14 -3.405910995722335e-14
  outer loop
    vertex 2105.132500038445 202.97155576479372 571.6184800052811
    vertex 2105.132500038445 193.7999999999995 586.9119999999963
    vertex 2105.132500038445 202.90000000000077 572.1619999999964
  endloop
endfacet
facet normal -1.0 2.2927613631455318e-14 -3.405910995722335e-14
  outer loop
    vertex 2105.132500038445 216.50000000000077 566.1619999999965
    vertex 2105.132500038445 204.45648000528544 570.1335557647893
    vertex 2105.132500038445 205.00000000000074 570.0619999999965
  endloop
endfacet
facet normal -1.0 2.2927613631455318e-14 -3.405910995722335e-14
  outer loop
    vertex 2105.132500038445 216.50000000000077 566.1619999999965
    vertex 2105.132500038445 205.00000000000074 570.0619999999965
    vertex 2105.132500038445 205.54351999471606 570.1335557647893
  endloop
endfacet
facet normal -1.0 2.2927613631455318e-14 -3.405910995722335e-14
  outer loop
    vertex 2105.132500038445 216.50000000000077 566.1619999999965
    vertex 2105.132500038445 205.54351999471606 570.1335557647893
    vertex 2105.132500038445 206.0500000000007 570.343346652049
  endloop
endfacet
facet normal -1.0 2.2927613631455318e-14 -3.405910995722335e-14
  outer loop
    vertex 2105.132500038445 216.50000000000077 566.1619999999965
    vertex 2105.132500038445 206.0500000000007 570.343346652049
    vertex 2105.132500038445 206.48492424049246 570.6770757595046
  endloop
endfacet
facet normal -1.0 2.2927613631455318e-14 -3.405910995722335e-14
  outer loop
    vertex 2105.132500038445 216.50000000000077 566.1619999999965
    vertex 2105.132500038445 206.48492424049246 570.6770757595046
    vertex 2105.132500038445 206.81865334794807 571.1119999999964
  endloop
endfacet
facet normal -1.0 2.2927613631455318e-14 -3.405910995722335e-14
  outer loop
    vertex 2105.132500038445 216.50000000000077 566.1619999999965
    vertex 2105.132500038445 206.81865334794807 571.1119999999964
    vertex 2105.132500038445 207.0284442352078 571.6184800052811
  endloop
endfacet
facet normal -1.0 2.2927613631455318e-14 -3.405910995722335e-14
  outer loop
    vertex 2105.132500038445 216.50000000000077 566.1619999999965
    vertex 2105.132500038445 207.0284442352078 571.6184800052811
    vertex 2105.132500038445 207.10000000000073 572.1619999999964
  endloop
endfacet
facet normal -1.0 2.2927613631455318e-14 -3.405910995722335e-14
  outer loop
    vertex 2105.132500038445 216.50000000000077 566.1619999999965
    vertex 2105.132500038445 207.10000000000073 572.1619999999964
    vertex 2105.132500038445 216.20000000000073 586.9119999999965
  endloop
endfacet
facet normal -1.0 2.2927613631455318e-14 -3.405910995722335e-14
  outer loop
    vertex 2105.132500038445 216.50000000000077 566.1619999999965
    vertex 2105.132500038445 216.20000000000073 586.9119999999965
    vertex 2105.132500038445 216.50000000000077 586.6119999999964
  endloop
endfacet
facet normal -1.0 2.2927613631455318e-14 -3.405910995722335e-14
  outer loop
    vertex 2105.1325000384463 228.25000000000043 563.1619999999963
    vertex 2105.132500038445 216.50000000000077 566.1619999999965
    vertex 2105.132500038445 225.00000000000233 566.1619999999945
  endloop
endfacet
facet normal -1.0 2.2927613631455318e-14 -3.405910995722335e-14
  outer loop
    vertex 2105.1325000384463 228.25000000000043 563.1619999999963
    vertex 2105.132500038445 225.00000000000233 566.1619999999945
    vertex 2105.1325000384454 226.50000000000236 567.6619999999944
  endloop
endfacet
facet normal 1.0149919110094635e-14 -3.4042562192305207e-15 1.0
  outer loop
    vertex 2105.132500038445 193.7999999999995 586.9119999999963
    vertex 2116.1732078949235 199.24999999999935 586.9119999999964
    vertex 2105.132500038445 216.20000000000073 586.9119999999965
  endloop
endfacet
facet normal 1.0149919110094635e-14 -3.4042562192305207e-15 1.0
  outer loop
    vertex 2116.1732078949235 199.24999999999935 586.9119999999964
    vertex 2105.132500038445 193.7999999999995 586.9119999999963
    vertex 2118.0007720547987 196.8682720163543 586.9119999999964
  endloop
endfacet
facet normal 1.0149919110094635e-14 -3.4042562192305207e-15 1.0
  outer loop
    vertex 2118.0007720547987 196.8682720163543 586.9119999999964
    vertex 2105.132500038445 193.7999999999995 586.9119999999963
    vertex 2120.382500038444 195.0407078564785 586.9119999999962
  endloop
endfacet
facet normal 1.0149919110094635e-14 -3.4042562192305207e-15 1.0
  outer loop
    vertex 2120.382500038444 195.0407078564785 586.9119999999962
    vertex 2105.132500038445 193.7999999999995 586.9119999999963
    vertex 2123.132500038444 193.7999999999995 586.9119999999963
  endloop
endfacet
facet normal 1.0149919110094635e-14 -3.4042562192305207e-15 1.0
  outer loop
    vertex 2105.132500038445 216.20000000000073 586.9119999999965
    vertex 2116.1732078949235 199.24999999999935 586.9119999999964
    vertex 2116.1732078949226 210.75000000000009 586.9119999999963
  endloop
endfacet
facet normal 1.0149919110094635e-14 -3.4042562192305207e-15 1.0
  outer loop
    vertex 2120.382500038444 195.0407078564785 586.9119999999962
    vertex 2123.132500038444 193.7999999999995 586.9119999999963
    vertex 2121.132500038444 194.73004768469877 586.9119999999962
  endloop
endfacet
facet normal 1.0149919110094635e-14 -3.4042562192305207e-15 1.0
  outer loop
    vertex 2121.132500038444 194.73004768469877 586.9119999999962
    vertex 2123.132500038444 193.7999999999995 586.9119999999963
    vertex 2123.1325000384445 193.90162055995205 586.911999999996
  endloop
endfacet
facet normal 1.0149919110094635e-14 -3.4042562192305207e-15 1.0
  outer loop
    vertex 2105.132500038445 216.20000000000073 586.9119999999965
    vertex 2120.382500038444 214.9592921435213 586.9119999999963
    vertex 2123.1325000384445 216.20000000000073 586.9119999999965
  endloop
endfacet
facet normal 1.0149919110094635e-14 -3.4042562192305207e-15 1.0
  outer loop
    vertex 2120.382500038444 214.9592921435213 586.9119999999963
    vertex 2105.132500038445 216.20000000000073 586.9119999999965
    vertex 2118.0007720547987 213.1317279836455 586.9119999999963
  endloop
endfacet
facet normal 1.0149919110094635e-14 -3.4042562192305207e-15 1.0
  outer loop
    vertex 2118.0007720547987 213.1317279836455 586.9119999999963
    vertex 2105.132500038445 216.20000000000073 586.9119999999965
    vertex 2116.1732078949226 210.75000000000009 586.9119999999963
  endloop
endfacet
facet normal 1.0149919110094635e-14 -3.4042562192305207e-15 1.0
  outer loop
    vertex 2123.1325000384445 216.20000000000073 586.9119999999965
    vertex 2120.382500038444 214.9592921435213 586.9119999999963
    vertex 2121.132500038443 215.269952315301 586.9119999999963
  endloop
endfacet
facet normal 1.0149919110094635e-14 -3.4042562192305207e-15 1.0
  outer loop
    vertex 2123.1325000384445 216.20000000000073 586.9119999999965
    vertex 2121.132500038443 215.269952315301 586.9119999999963
    vertex 2123.132500038445 216.09837944004792 586.911999999996
  endloop
endfacet
facet normal 0.0 -0.9914448613738175 0.13052619221999762
  outer loop
    vertex 2109.1325000384445 207.10000000000053 572.1619999999964
    vertex 2105.132500038445 207.0284442352078 571.6184800052811
    vertex 2109.1325000384445 207.02844423520762 571.6184800052811
  endloop
endfacet
facet normal 0.0 -0.9914448613738175 0.13052619221999762
  outer loop
    vertex 2105.132500038445 207.0284442352078 571.6184800052811
    vertex 2109.1325000384445 207.10000000000053 572.1619999999964
    vertex 2105.132500038445 207.10000000000073 572.1619999999964
  endloop
endfacet
facet normal 0.0 -0.9914448613738175 -0.13052619221999762
  outer loop
    vertex 2109.1325000384445 207.02844423520762 572.7055199947117
    vertex 2105.132500038445 207.10000000000073 572.1619999999964
    vertex 2109.1325000384445 207.10000000000053 572.1619999999964
  endloop
endfacet
facet normal 0.0 -0.9914448613738175 -0.13052619221999762
  outer loop
    vertex 2105.132500038445 207.10000000000073 572.1619999999964
    vertex 2109.1325000384445 207.02844423520762 572.7055199947117
    vertex 2105.132500038445 207.0284442352078 572.7055199947117
  endloop
endfacet
facet normal 0.0 -0.9238795325112897 -0.38268343236508295
  outer loop
    vertex 2109.1325000384445 206.8186533479479 573.2119999999965
    vertex 2105.132500038445 207.0284442352078 572.7055199947117
    vertex 2109.1325000384445 207.02844423520762 572.7055199947117
  endloop
endfacet
facet normal 0.0 -0.9238795325112897 -0.38268343236508295
  outer loop
    vertex 2105.132500038445 207.0284442352078 572.7055199947117
    vertex 2109.1325000384445 206.8186533479479 573.2119999999965
    vertex 2105.132500038445 206.81865334794807 573.2119999999965
  endloop
endfacet
facet normal 0.0 -0.7933533402911679 -0.6087614290088086
  outer loop
    vertex 2109.1325000384445 206.4849242404923 573.6469242404881
    vertex 2105.132500038445 206.81865334794807 573.2119999999965
    vertex 2109.1325000384445 206.8186533479479 573.2119999999965
  endloop
endfacet
facet normal 0.0 -0.7933533402911679 -0.6087614290088086
  outer loop
    vertex 2105.132500038445 206.81865334794807 573.2119999999965
    vertex 2109.1325000384445 206.4849242404923 573.6469242404881
    vertex 2105.132500038445 206.48492424049246 573.6469242404881
  endloop
endfacet
facet normal 0.0 -0.6087614290087291 -0.7933533402912287
  outer loop
    vertex 2109.1325000384445 206.4849242404923 573.6469242404881
    vertex 2105.132500038445 206.0500000000007 573.9806533479438
    vertex 2105.132500038445 206.48492424049246 573.6469242404881
  endloop
endfacet
facet normal 0.0 -0.6087614290087291 -0.7933533402912287
  outer loop
    vertex 2105.132500038445 206.0500000000007 573.9806533479438
    vertex 2109.1325000384445 206.4849242404923 573.6469242404881
    vertex 2109.1325000384454 206.05000000000052 573.9806533479438
  endloop
endfacet
facet normal 0.0 -0.3826834323651411 -0.9238795325112656
  outer loop
    vertex 2109.1325000384454 206.05000000000052 573.9806533479438
    vertex 2105.132500038445 205.54351999471606 574.1904442352035
    vertex 2105.132500038445 206.0500000000007 573.9806533479438
  endloop
endfacet
facet normal 0.0 -0.3826834323651411 -0.9238795325112656
  outer loop
    vertex 2105.132500038445 205.54351999471606 574.1904442352035
    vertex 2109.1325000384454 206.05000000000052 573.9806533479438
    vertex 2109.1325000384454 205.5435199947159 574.1904442352035
  endloop
endfacet
facet normal 0.0 -0.13052619221999762 -0.9914448613738175
  outer loop
    vertex 2109.1325000384454 205.5435199947159 574.1904442352035
    vertex 2105.132500038445 205.00000000000074 574.2619999999964
    vertex 2105.132500038445 205.54351999471606 574.1904442352035
  endloop
endfacet
facet normal 0.0 -0.13052619221999762 -0.9914448613738175
  outer loop
    vertex 2105.132500038445 205.00000000000074 574.2619999999964
    vertex 2109.1325000384454 205.5435199947159 574.1904442352035
    vertex 2109.1325000384454 205.00000000000057 574.2619999999964
  endloop
endfacet
facet normal 0.0 0.13052619221999762 -0.9914448613738175
  outer loop
    vertex 2109.1325000384454 205.00000000000057 574.2619999999964
    vertex 2105.132500038445 204.45648000528544 574.1904442352035
    vertex 2105.132500038445 205.00000000000074 574.2619999999964
  endloop
endfacet
facet normal 0.0 0.13052619221999762 -0.9914448613738175
  outer loop
    vertex 2105.132500038445 204.45648000528544 574.1904442352035
    vertex 2109.1325000384454 205.00000000000057 574.2619999999964
    vertex 2109.1325000384454 204.45648000528524 574.1904442352035
  endloop
endfacet
facet normal 0.0 0.38268343236508295 -0.9238795325112897
  outer loop
    vertex 2109.1325000384454 204.45648000528524 574.1904442352035
    vertex 2105.132500038445 203.95000000000073 573.9806533479438
    vertex 2105.132500038445 204.45648000528544 574.1904442352035
  endloop
endfacet
facet normal 0.0 0.38268343236508295 -0.9238795325112897
  outer loop
    vertex 2105.132500038445 203.95000000000073 573.9806533479438
    vertex 2109.1325000384454 204.45648000528524 574.1904442352035
    vertex 2109.1325000384454 203.95000000000053 573.9806533479438
  endloop
endfacet
facet normal 0.0 0.6087614290088086 -0.7933533402911679
  outer loop
    vertex 2109.1325000384454 203.95000000000053 573.9806533479438
    vertex 2105.132500038445 203.51507575950902 573.6469242404881
    vertex 2105.132500038445 203.95000000000073 573.9806533479438
  endloop
endfacet
facet normal 0.0 0.6087614290088086 -0.7933533402911679
  outer loop
    vertex 2105.132500038445 203.51507575950902 573.6469242404881
    vertex 2109.1325000384454 203.95000000000053 573.9806533479438
    vertex 2109.1325000384454 203.51507575950885 573.6469242404881
  endloop
endfacet
facet normal 0.0 0.7933533402912287 -0.6087614290087291
  outer loop
    vertex 2105.132500038445 203.51507575950902 573.6469242404881
    vertex 2109.1325000384454 203.18134665205324 573.2119999999964
    vertex 2105.132500038445 203.18134665205343 573.2119999999964
  endloop
endfacet
facet normal 0.0 0.7933533402912287 -0.6087614290087291
  outer loop
    vertex 2109.1325000384454 203.18134665205324 573.2119999999964
    vertex 2105.132500038445 203.51507575950902 573.6469242404881
    vertex 2109.1325000384454 203.51507575950885 573.6469242404881
  endloop
endfacet
facet normal 0.0 0.9238795325112656 -0.3826834323651411
  outer loop
    vertex 2105.132500038445 203.18134665205343 573.2119999999964
    vertex 2109.1325000384454 202.97155576479352 572.7055199947117
    vertex 2105.132500038445 202.97155576479372 572.7055199947117
  endloop
endfacet
facet normal 0.0 0.9238795325112656 -0.3826834323651411
  outer loop
    vertex 2109.1325000384454 202.97155576479352 572.7055199947117
    vertex 2105.132500038445 203.18134665205343 573.2119999999964
    vertex 2109.1325000384454 203.18134665205324 573.2119999999964
  endloop
endfacet
facet normal 0.0 0.9914448613738175 -0.13052619221999762
  outer loop
    vertex 2105.132500038445 202.97155576479372 572.7055199947117
    vertex 2109.1325000384454 202.9000000000006 572.1619999999964
    vertex 2105.132500038445 202.90000000000077 572.1619999999964
  endloop
endfacet
facet normal 0.0 0.9914448613738175 -0.13052619221999762
  outer loop
    vertex 2109.1325000384454 202.9000000000006 572.1619999999964
    vertex 2105.132500038445 202.97155576479372 572.7055199947117
    vertex 2109.1325000384454 202.97155576479352 572.7055199947117
  endloop
endfacet
facet normal 0.0 0.9914448613738175 0.13052619221999762
  outer loop
    vertex 2105.132500038445 202.90000000000077 572.1619999999964
    vertex 2109.1325000384454 202.97155576479352 571.6184800052811
    vertex 2105.132500038445 202.97155576479372 571.6184800052811
  endloop
endfacet
facet normal 0.0 0.9914448613738175 0.13052619221999762
  outer loop
    vertex 2109.1325000384454 202.97155576479352 571.6184800052811
    vertex 2105.132500038445 202.90000000000077 572.1619999999964
    vertex 2109.1325000384454 202.9000000000006 572.1619999999964
  endloop
endfacet
facet normal 0.0 0.9238795325112897 0.38268343236508295
  outer loop
    vertex 2105.132500038445 202.97155576479372 571.6184800052811
    vertex 2109.1325000384454 203.18134665205324 571.1119999999963
    vertex 2105.132500038445 203.18134665205343 571.1119999999963
  endloop
endfacet
facet normal 0.0 0.9238795325112897 0.38268343236508295
  outer loop
    vertex 2109.1325000384454 203.18134665205324 571.1119999999963
    vertex 2105.132500038445 202.97155576479372 571.6184800052811
    vertex 2109.1325000384454 202.97155576479352 571.6184800052811
  endloop
endfacet
facet normal 0.0 0.7933533402911679 0.6087614290088086
  outer loop
    vertex 2105.132500038445 203.18134665205343 571.1119999999963
    vertex 2109.1325000384454 203.51507575950885 570.6770757595046
    vertex 2105.132500038445 203.51507575950902 570.6770757595046
  endloop
endfacet
facet normal 0.0 0.7933533402911679 0.6087614290088086
  outer loop
    vertex 2109.1325000384454 203.51507575950885 570.6770757595046
    vertex 2105.132500038445 203.18134665205343 571.1119999999963
    vertex 2109.1325000384454 203.18134665205324 571.1119999999963
  endloop
endfacet
facet normal 0.0 0.6087614290087291 0.7933533402912287
  outer loop
    vertex 2109.1325000384454 203.51507575950885 570.6770757595046
    vertex 2105.132500038445 203.9500000000008 570.343346652049
    vertex 2105.132500038445 203.51507575950902 570.6770757595046
  endloop
endfacet
facet normal 0.0 0.6087614290087291 0.7933533402912287
  outer loop
    vertex 2105.132500038445 203.9500000000008 570.343346652049
    vertex 2109.1325000384454 203.51507575950885 570.6770757595046
    vertex 2109.1325000384454 203.95000000000064 570.343346652049
  endloop
endfacet
facet normal 0.0 0.3826834323651411 0.9238795325112656
  outer loop
    vertex 2109.1325000384454 203.95000000000064 570.343346652049
    vertex 2105.132500038445 204.45648000528544 570.1335557647893
    vertex 2105.132500038445 203.9500000000008 570.343346652049
  endloop
endfacet
facet normal 0.0 0.3826834323651411 0.9238795325112656
  outer loop
    vertex 2105.132500038445 204.45648000528544 570.1335557647893
    vertex 2109.1325000384454 203.95000000000064 570.343346652049
    vertex 2109.1325000384454 204.45648000528524 570.1335557647893
  endloop
endfacet
facet normal 0.0 0.13052619221999762 0.9914448613738175
  outer loop
    vertex 2109.1325000384454 204.45648000528524 570.1335557647893
    vertex 2105.132500038445 205.00000000000074 570.0619999999965
    vertex 2105.132500038445 204.45648000528544 570.1335557647893
  endloop
endfacet
facet normal 0.0 0.13052619221999762 0.9914448613738175
  outer loop
    vertex 2105.132500038445 205.00000000000074 570.0619999999965
    vertex 2109.1325000384454 204.45648000528524 570.1335557647893
    vertex 2109.1325000384454 205.00000000000057 570.0619999999965
  endloop
endfacet
facet normal 0.0 -0.13052619221999762 0.9914448613738175
  outer loop
    vertex 2109.1325000384454 205.00000000000057 570.0619999999965
    vertex 2105.132500038445 205.54351999471606 570.1335557647893
    vertex 2105.132500038445 205.00000000000074 570.0619999999965
  endloop
endfacet
facet normal 0.0 -0.13052619221999762 0.9914448613738175
  outer loop
    vertex 2105.132500038445 205.54351999471606 570.1335557647893
    vertex 2109.1325000384454 205.00000000000057 570.0619999999965
    vertex 2109.1325000384454 205.5435199947159 570.1335557647893
  endloop
endfacet
facet normal 0.0 -0.3826834323651411 0.9238795325112656
  outer loop
    vertex 2105.132500038445 205.54351999471606 570.1335557647893
    vertex 2109.1325000384454 206.05000000000052 570.343346652049
    vertex 2105.132500038445 206.0500000000007 570.343346652049
  endloop
endfacet
facet normal 0.0 -0.3826834323651411 0.9238795325112656
  outer loop
    vertex 2109.1325000384454 206.05000000000052 570.343346652049
    vertex 2105.132500038445 205.54351999471606 570.1335557647893
    vertex 2109.1325000384454 205.5435199947159 570.1335557647893
  endloop
endfacet
facet normal 0.0 -0.6087614290087291 0.7933533402912287
  outer loop
    vertex 2109.1325000384454 206.05000000000052 570.343346652049
    vertex 2105.132500038445 206.48492424049246 570.6770757595046
    vertex 2105.132500038445 206.0500000000007 570.343346652049
  endloop
endfacet
facet normal 0.0 -0.6087614290087291 0.7933533402912287
  outer loop
    vertex 2105.132500038445 206.48492424049246 570.6770757595046
    vertex 2109.1325000384454 206.05000000000052 570.343346652049
    vertex 2109.1325000384445 206.4849242404923 570.6770757595046
  endloop
endfacet
facet normal 0.0 -0.7933533402912287 0.6087614290087291
  outer loop
    vertex 2109.1325000384445 206.8186533479479 571.1119999999964
    vertex 2105.132500038445 206.48492424049246 570.6770757595046
    vertex 2109.1325000384445 206.4849242404923 570.6770757595046
  endloop
endfacet
facet normal 0.0 -0.7933533402912287 0.6087614290087291
  outer loop
    vertex 2105.132500038445 206.48492424049246 570.6770757595046
    vertex 2109.1325000384445 206.8186533479479 571.1119999999964
    vertex 2105.132500038445 206.81865334794807 571.1119999999964
  endloop
endfacet
facet normal 0.0 -0.9238795325112656 0.3826834323651411
  outer loop
    vertex 2109.1325000384445 207.02844423520762 571.6184800052811
    vertex 2105.132500038445 206.81865334794807 571.1119999999964
    vertex 2109.1325000384445 206.8186533479479 571.1119999999964
  endloop
endfacet
facet normal 0.0 -0.9238795325112656 0.3826834323651411
  outer loop
    vertex 2105.132500038445 206.81865334794807 571.1119999999964
    vertex 2109.1325000384445 207.02844423520762 571.6184800052811
    vertex 2105.132500038445 207.0284442352078 571.6184800052811
  endloop
endfacet
facet normal 1.0 -1.774534934949546e-14 -7.532299270241759e-15
  outer loop
    vertex 2147.132500038443 181.75000000000017 563.1619999999963
    vertex 2147.132500038443 181.25000000000028 575.4119999999964
    vertex 2147.132500038443 181.2500000000002 563.6619999999963
  endloop
endfacet
facet normal 1.0 -1.774534934949546e-14 -7.532299270241759e-15
  outer loop
    vertex 2147.132500038443 181.25000000000028 575.4119999999964
    vertex 2147.132500038443 181.75000000000017 563.1619999999963
    vertex 2147.132500038443 181.75000000000026 575.9119999999946
  endloop
endfacet
facet normal 1.0 -1.774534934949546e-14 -7.532299270241759e-15
  outer loop
    vertex 2147.132500038443 181.75000000000026 575.9119999999946
    vertex 2147.132500038443 181.75000000000017 563.1619999999963
    vertex 2147.132500038443 183.50000000000014 567.6619999999966
  endloop
endfacet
facet normal 1.0 -1.774534934949546e-14 -7.532299270241759e-15
  outer loop
    vertex 2147.132500038443 183.50000000000014 567.6619999999966
    vertex 2147.132500038443 181.75000000000017 563.1619999999963
    vertex 2147.132500038443 185.00000000000017 566.1619999999965
  endloop
endfacet
facet normal 1.0 -1.774534934949546e-14 -7.532299270241759e-15
  outer loop
    vertex 2147.132500038443 185.00000000000017 566.1619999999965
    vertex 2147.132500038443 181.75000000000017 563.1619999999963
    vertex 2147.132500038444 228.25000000000043 563.1619999999963
  endloop
endfacet
facet normal 1.0 -1.774534934949546e-14 -7.532299270241759e-15
  outer loop
    vertex 2147.132500038443 185.00000000000017 566.1619999999965
    vertex 2147.132500038444 228.25000000000043 563.1619999999963
    vertex 2147.132500038444 225.00000000000233 566.1619999999945
  endloop
endfacet
facet normal 1.0 -1.774534934949546e-14 -7.532299270241759e-15
  outer loop
    vertex 2147.132500038444 225.00000000000233 566.1619999999945
    vertex 2147.132500038444 228.25000000000043 563.1619999999963
    vertex 2147.132500038444 226.50000000000236 567.6619999999944
  endloop
endfacet
facet normal 1.0 -1.774534934949546e-14 -7.532299270241759e-15
  outer loop
    vertex 2147.132500038444 226.50000000000236 567.6619999999944
    vertex 2147.132500038444 228.25000000000043 563.1619999999963
    vertex 2147.132500038444 226.50000000000236 575.9119999999945
  endloop
endfacet
facet normal 1.0 -1.774534934949546e-14 -7.532299270241759e-15
  outer loop
    vertex 2147.132500038444 226.50000000000236 575.9119999999945
    vertex 2147.132500038444 228.25000000000043 563.1619999999963
    vertex 2147.1325000384445 228.25000000000233 575.9119999999946
  endloop
endfacet
facet normal 1.0 -1.774534934949546e-14 -7.532299270241759e-15
  outer loop
    vertex 2147.1325000384445 228.25000000000233 575.9119999999946
    vertex 2147.132500038444 228.25000000000043 563.1619999999963
    vertex 2147.132500038444 228.75000000000048 563.6619999999963
  endloop
endfacet
facet normal 1.0 -1.774534934949546e-14 -7.532299270241759e-15
  outer loop
    vertex 2147.1325000384445 228.25000000000233 575.9119999999946
    vertex 2147.132500038444 228.75000000000048 563.6619999999963
    vertex 2147.132500038446 228.75000000000222 575.4119999999926
  endloop
endfacet
facet normal 1.0 -1.774534934949546e-14 -7.532299270241759e-15
  outer loop
    vertex 2147.132500038443 183.50000000000023 575.9119999999962
    vertex 2147.132500038443 181.75000000000026 575.9119999999946
    vertex 2147.132500038443 183.50000000000014 567.6619999999966
  endloop
endfacet
facet normal 6.777093414096511e-15 2.2833847127066254e-14 1.0
  outer loop
    vertex 2105.132500038445 216.50000000000077 566.1619999999965
    vertex 2109.2035581222003 219.6750000000002 566.1619999999959
    vertex 2105.132500038445 225.00000000000233 566.1619999999945
  endloop
endfacet
facet normal 6.777093414096511e-15 2.2833847127066254e-14 1.0
  outer loop
    vertex 2109.2035581222003 219.6750000000002 566.1619999999959
    vertex 2105.132500038445 216.50000000000077 566.1619999999965
    vertex 2109.4657738494866 219.33327381104243 566.1619999999959
  endloop
endfacet
facet normal 6.777093414096511e-15 2.2833847127066254e-14 1.0
  outer loop
    vertex 2109.4657738494866 219.33327381104243 566.1619999999959
    vertex 2105.132500038445 216.50000000000077 566.1619999999965
    vertex 2109.8075000384442 219.0710580837559 566.1619999999959
  endloop
endfacet
facet normal 6.777093414096511e-15 2.2833847127066254e-14 1.0
  outer loop
    vertex 2109.8075000384442 219.0710580837559 566.1619999999959
    vertex 2105.132500038445 216.50000000000077 566.1619999999965
    vertex 2110.205448614025 218.90622238662328 566.1619999999959
  endloop
endfacet
facet normal 6.777093414096511e-15 2.2833847127066254e-14 1.0
  outer loop
    vertex 2110.205448614025 218.90622238662328 566.1619999999959
    vertex 2105.132500038445 216.50000000000077 566.1619999999965
    vertex 2123.132500038444 216.50000000000264 566.1619999999963
  endloop
endfacet
facet normal 6.777093414096511e-15 2.2833847127066254e-14 1.0
  outer loop
    vertex 2105.132500038445 225.00000000000233 566.1619999999945
    vertex 2109.2035581222003 219.6750000000002 566.1619999999959
    vertex 2109.0387224250676 220.07294857558108 566.1619999999959
  endloop
endfacet
facet normal 6.777093414096511e-15 2.2833847127066254e-14 1.0
  outer loop
    vertex 2105.132500038445 225.00000000000233 566.1619999999945
    vertex 2109.0387224250676 220.07294857558108 566.1619999999959
    vertex 2108.9825000384444 220.5000000000002 566.1619999999959
  endloop
endfacet
facet normal 6.777093414096511e-15 2.2833847127066254e-14 1.0
  outer loop
    vertex 2110.205448614025 218.90622238662328 566.1619999999959
    vertex 2123.132500038444 216.50000000000264 566.1619999999963
    vertex 2110.632500038444 218.85000000000048 566.1619999999959
  endloop
endfacet
facet normal 6.777093414096511e-15 2.2833847127066254e-14 1.0
  outer loop
    vertex 2110.632500038444 218.85000000000048 566.1619999999959
    vertex 2123.132500038444 216.50000000000264 566.1619999999963
    vertex 2111.0595514628635 218.90622238662345 566.1619999999959
  endloop
endfacet
facet normal 6.777093414096511e-15 2.2833847127066254e-14 1.0
  outer loop
    vertex 2111.0595514628635 218.90622238662345 566.1619999999959
    vertex 2123.132500038444 216.50000000000264 566.1619999999963
    vertex 2111.457500038444 219.07105808375607 566.1619999999959
  endloop
endfacet
facet normal 6.777093414096511e-15 2.2833847127066254e-14 1.0
  outer loop
    vertex 2111.457500038444 219.07105808375607 566.1619999999959
    vertex 2123.132500038444 216.50000000000264 566.1619999999963
    vertex 2111.7992262274024 219.3332738110426 566.1619999999959
  endloop
endfacet
facet normal 6.777093414096511e-15 2.2833847127066254e-14 1.0
  outer loop
    vertex 2111.7992262274024 219.3332738110426 566.1619999999959
    vertex 2123.132500038444 216.50000000000264 566.1619999999963
    vertex 2112.0614419546882 219.67500000000038 566.1619999999959
  endloop
endfacet
facet normal 6.777093414096511e-15 2.2833847127066254e-14 1.0
  outer loop
    vertex 2112.0614419546882 219.67500000000038 566.1619999999959
    vertex 2123.132500038444 216.50000000000264 566.1619999999963
    vertex 2112.2262776518214 220.07294857558125 566.1619999999959
  endloop
endfacet
facet normal 6.777093414096511e-15 2.2833847127066254e-14 1.0
  outer loop
    vertex 2112.2262776518214 220.07294857558125 566.1619999999959
    vertex 2123.132500038444 216.50000000000264 566.1619999999963
    vertex 2112.2825000384446 220.5000000000004 566.1619999999959
  endloop
endfacet
facet normal 6.777093414096511e-15 2.2833847127066254e-14 1.0
  outer loop
    vertex 2123.156081019764 216.10814700232663 566.1619999999963
    vertex 2123.132500038444 216.50000000000264 566.1619999999963
    vertex 2123.132500038444 216.09837944005028 566.1619999999962
  endloop
endfacet
facet normal 6.777093414096511e-15 2.2833847127066254e-14 1.0
  outer loop
    vertex 2105.132500038445 185.00000000000017 566.1619999999965
    vertex 2109.0387224250676 189.072948575581 566.1619999999962
    vertex 2108.9825000384444 189.5000000000001 566.1619999999962
  endloop
endfacet
facet normal 6.777093414096511e-15 2.2833847127066254e-14 1.0
  outer loop
    vertex 2109.0387224250676 189.072948575581 566.1619999999962
    vertex 2105.132500038445 185.00000000000017 566.1619999999965
    vertex 2109.2035581222003 188.67500000000013 566.1619999999962
  endloop
endfacet
facet normal 6.777093414096511e-15 2.2833847127066254e-14 1.0
  outer loop
    vertex 2109.2035581222003 188.67500000000013 566.1619999999962
    vertex 2105.132500038445 185.00000000000017 566.1619999999965
    vertex 2109.4657738494866 188.33327381104235 566.1619999999962
  endloop
endfacet
facet normal 6.777093414096511e-15 2.2833847127066254e-14 1.0
  outer loop
    vertex 2109.4657738494866 188.33327381104235 566.1619999999962
    vertex 2105.132500038445 185.00000000000017 566.1619999999965
    vertex 2109.8075000384442 188.07105808375582 566.1619999999962
  endloop
endfacet
facet normal 6.777093414096511e-15 2.2833847127066254e-14 1.0
  outer loop
    vertex 2109.8075000384442 188.07105808375582 566.1619999999962
    vertex 2105.132500038445 185.00000000000017 566.1619999999965
    vertex 2110.205448614025 187.9062223866232 566.1619999999962
  endloop
endfacet
facet normal 6.777093414096511e-15 2.2833847127066254e-14 1.0
  outer loop
    vertex 2110.205448614025 187.9062223866232 566.1619999999962
    vertex 2105.132500038445 185.00000000000017 566.1619999999965
    vertex 2110.632500038444 187.85000000000014 566.1619999999962
  endloop
endfacet
facet normal 6.777093414096511e-15 2.2833847127066254e-14 1.0
  outer loop
    vertex 2110.632500038444 187.85000000000014 566.1619999999962
    vertex 2105.132500038445 185.00000000000017 566.1619999999965
    vertex 2147.132500038443 185.00000000000017 566.1619999999965
  endloop
endfacet
facet normal 6.777093414096511e-15 2.2833847127066254e-14 1.0
  outer loop
    vertex 2110.632500038444 187.85000000000014 566.1619999999962
    vertex 2147.132500038443 185.00000000000017 566.1619999999965
    vertex 2111.0595514628635 187.9062223866234 566.1619999999962
  endloop
endfacet
facet normal 6.777093414096511e-15 2.2833847127066254e-14 1.0
  outer loop
    vertex 2111.0595514628635 187.9062223866234 566.1619999999962
    vertex 2147.132500038443 185.00000000000017 566.1619999999965
    vertex 2111.457500038444 188.071058083756 566.1619999999962
  endloop
endfacet
facet normal 6.777093414096511e-15 2.2833847127066254e-14 1.0
  outer loop
    vertex 2111.457500038444 188.071058083756 566.1619999999962
    vertex 2147.132500038443 185.00000000000017 566.1619999999965
    vertex 2111.7992262274024 188.33327381104252 566.1619999999962
  endloop
endfacet
facet normal 6.777093414096511e-15 2.2833847127066254e-14 1.0
  outer loop
    vertex 2111.7992262274024 188.33327381104252 566.1619999999962
    vertex 2147.132500038443 185.00000000000017 566.1619999999965
    vertex 2112.0614419546882 188.67500000000032 566.1619999999962
  endloop
endfacet
facet normal 6.777093414096511e-15 2.2833847127066254e-14 1.0
  outer loop
    vertex 2112.0614419546882 188.67500000000032 566.1619999999962
    vertex 2147.132500038443 185.00000000000017 566.1619999999965
    vertex 2112.2262776518214 189.07294857558117 566.1619999999962
  endloop
endfacet
facet normal 6.777093414096511e-15 2.2833847127066254e-14 1.0
  outer loop
    vertex 2112.2262776518214 189.07294857558117 566.1619999999962
    vertex 2147.132500038443 185.00000000000017 566.1619999999965
    vertex 2112.2825000384446 189.5000000000003 566.1619999999962
  endloop
endfacet
facet normal 6.777093414096511e-15 2.2833847127066254e-14 1.0
  outer loop
    vertex 2112.2825000384446 189.5000000000003 566.1619999999962
    vertex 2147.132500038443 185.00000000000017 566.1619999999965
    vertex 2123.1325000384445 193.50000000000642 566.1619999999962
  endloop
endfacet
facet normal 6.777093414096511e-15 2.2833847127066254e-14 1.0
  outer loop
    vertex 2123.1325000384445 193.50000000000642 566.1619999999962
    vertex 2147.132500038443 185.00000000000017 566.1619999999965
    vertex 2123.1560810197648 193.891852997682 566.1619999999963
  endloop
endfacet
facet normal 6.777093414096511e-15 2.2833847127066254e-14 1.0
  outer loop
    vertex 2123.1325000384445 193.50000000000642 566.1619999999962
    vertex 2123.1560810197648 193.891852997682 566.1619999999963
    vertex 2123.1325000384445 193.9016205599589 566.1619999999963
  endloop
endfacet
facet normal 6.777093414096511e-15 2.2833847127066254e-14 1.0
  outer loop
    vertex 2123.1560810197648 193.891852997682 566.1619999999963
    vertex 2147.132500038443 185.00000000000017 566.1619999999965
    vertex 2126.1325000384436 193.5000000000004 566.161999999996
  endloop
endfacet
facet normal 6.777093414096511e-15 2.2833847127066254e-14 1.0
  outer loop
    vertex 2126.1325000384436 193.5000000000004 566.161999999996
    vertex 2147.132500038443 185.00000000000017 566.1619999999965
    vertex 2140.807500038444 188.071058083756 566.1619999999959
  endloop
endfacet
facet normal 6.777093414096511e-15 2.2833847127066254e-14 1.0
  outer loop
    vertex 2126.1325000384436 193.5000000000004 566.161999999996
    vertex 2140.807500038444 188.071058083756 566.1619999999959
    vertex 2129.1089190571224 193.89185299767595 566.161999999996
  endloop
endfacet
facet normal 6.777093414096511e-15 2.2833847127066254e-14 1.0
  outer loop
    vertex 2129.1089190571224 193.89185299767595 566.161999999996
    vertex 2140.807500038444 188.071058083756 566.1619999999959
    vertex 2140.4657738494857 188.33327381104252 566.1619999999959
  endloop
endfacet
facet normal 6.777093414096511e-15 2.2833847127066254e-14 1.0
  outer loop
    vertex 2129.1089190571224 193.89185299767595 566.161999999996
    vertex 2140.4657738494857 188.33327381104252 566.1619999999959
    vertex 2131.8825000384436 195.0407078564793 566.1619999999959
  endloop
endfacet
facet normal 6.777093414096511e-15 2.2833847127066254e-14 1.0
  outer loop
    vertex 2131.8825000384436 195.0407078564793 566.1619999999959
    vertex 2140.4657738494857 188.33327381104252 566.1619999999959
    vertex 2140.2035581221994 188.67500000000032 566.1619999999959
  endloop
endfacet
facet normal 6.777093414096511e-15 2.2833847127066254e-14 1.0
  outer loop
    vertex 2131.8825000384436 195.0407078564793 566.1619999999959
    vertex 2140.2035581221994 188.67500000000032 566.1619999999959
    vertex 2134.264228022089 196.8682720163551 566.1619999999959
  endloop
endfacet
facet normal 6.777093414096511e-15 2.2833847127066254e-14 1.0
  outer loop
    vertex 2134.264228022089 196.8682720163551 566.1619999999959
    vertex 2140.2035581221994 188.67500000000032 566.1619999999959
    vertex 2140.038722425066 189.07294857558117 566.1619999999959
  endloop
endfacet
facet normal 6.777093414096511e-15 2.2833847127066254e-14 1.0
  outer loop
    vertex 2134.264228022089 196.8682720163551 566.1619999999959
    vertex 2140.038722425066 189.07294857558117 566.1619999999959
    vertex 2136.091792181965 199.25000000000017 566.1619999999959
  endloop
endfacet
facet normal 6.777093414096511e-15 2.2833847127066254e-14 1.0
  outer loop
    vertex 2136.091792181965 199.25000000000017 566.1619999999959
    vertex 2140.038722425066 189.07294857558117 566.1619999999959
    vertex 2137.2406470407677 202.02358098132135 566.1619999999959
  endloop
endfacet
facet normal 6.777093414096511e-15 2.2833847127066254e-14 1.0
  outer loop
    vertex 2137.2406470407677 202.02358098132135 566.1619999999959
    vertex 2140.038722425066 189.07294857558117 566.1619999999959
    vertex 2137.632500038444 205.0000000000003 566.1619999999959
  endloop
endfacet
facet normal 6.777093414096511e-15 2.2833847127066254e-14 1.0
  outer loop
    vertex 2137.632500038444 205.0000000000003 566.1619999999959
    vertex 2140.038722425066 189.07294857558117 566.1619999999959
    vertex 2139.9825000384435 189.5000000000003 566.1619999999959
  endloop
endfacet
facet normal 6.777093414096511e-15 2.2833847127066254e-14 1.0
  outer loop
    vertex 2140.807500038444 188.071058083756 566.1619999999959
    vertex 2147.132500038443 185.00000000000017 566.1619999999965
    vertex 2141.2054486140246 187.9062223866232 566.1619999999959
  endloop
endfacet
facet normal 6.777093414096511e-15 2.2833847127066254e-14 1.0
  outer loop
    vertex 2141.2054486140246 187.9062223866232 566.1619999999959
    vertex 2147.132500038443 185.00000000000017 566.1619999999965
    vertex 2141.6325000384436 187.85000000000014 566.1619999999959
  endloop
endfacet
facet normal 6.777093414096511e-15 2.2833847127066254e-14 1.0
  outer loop
    vertex 2141.6325000384436 187.85000000000014 566.1619999999959
    vertex 2147.132500038443 185.00000000000017 566.1619999999965
    vertex 2142.0595514628626 187.9062223866232 566.1619999999959
  endloop
endfacet
facet normal 6.777093414096511e-15 2.2833847127066254e-14 1.0
  outer loop
    vertex 2142.0595514628626 187.9062223866232 566.1619999999959
    vertex 2147.132500038443 185.00000000000017 566.1619999999965
    vertex 2142.4575000384434 188.07105808375582 566.1619999999959
  endloop
endfacet
facet normal 6.777093414096511e-15 2.2833847127066254e-14 1.0
  outer loop
    vertex 2142.4575000384434 188.07105808375582 566.1619999999959
    vertex 2147.132500038443 185.00000000000017 566.1619999999965
    vertex 2142.799226227401 188.33327381104235 566.1619999999959
  endloop
endfacet
facet normal 6.777093414096511e-15 2.2833847127066254e-14 1.0
  outer loop
    vertex 2142.799226227401 188.33327381104235 566.1619999999959
    vertex 2147.132500038443 185.00000000000017 566.1619999999965
    vertex 2143.061441954688 188.6750000000004 566.1619999999959
  endloop
endfacet
facet normal 6.777093414096511e-15 2.2833847127066254e-14 1.0
  outer loop
    vertex 2143.061441954688 188.6750000000004 566.1619999999959
    vertex 2147.132500038443 185.00000000000017 566.1619999999965
    vertex 2143.22627765182 189.07294857558117 566.1619999999959
  endloop
endfacet
facet normal 6.777093414096511e-15 2.2833847127066254e-14 1.0
  outer loop
    vertex 2143.22627765182 189.07294857558117 566.1619999999959
    vertex 2147.132500038443 185.00000000000017 566.1619999999965
    vertex 2143.2825000384432 189.5000000000003 566.1619999999959
  endloop
endfacet
facet normal 6.777093414096511e-15 2.2833847127066254e-14 1.0
  outer loop
    vertex 2143.2825000384432 189.5000000000003 566.1619999999959
    vertex 2147.132500038443 185.00000000000017 566.1619999999965
    vertex 2143.2825000384432 220.50000000000028 566.1619999999958
  endloop
endfacet
facet normal 6.777093414096511e-15 2.2833847127066254e-14 1.0
  outer loop
    vertex 2105.132500038445 225.00000000000233 566.1619999999945
    vertex 2110.632500038444 222.15000000000046 566.1619999999959
    vertex 2147.132500038444 225.00000000000233 566.1619999999945
  endloop
endfacet
facet normal 6.777093414096511e-15 2.2833847127066254e-14 1.0
  outer loop
    vertex 2110.632500038444 222.15000000000046 566.1619999999959
    vertex 2105.132500038445 225.00000000000233 566.1619999999945
    vertex 2110.205448614025 222.0937776133771 566.1619999999959
  endloop
endfacet
facet normal 6.777093414096511e-15 2.2833847127066254e-14 1.0
  outer loop
    vertex 2110.205448614025 222.0937776133771 566.1619999999959
    vertex 2105.132500038445 225.00000000000233 566.1619999999945
    vertex 2109.8075000384442 221.92894191624453 566.1619999999959
  endloop
endfacet
facet normal 6.777093414096511e-15 2.2833847127066254e-14 1.0
  outer loop
    vertex 2109.8075000384442 221.92894191624453 566.1619999999959
    vertex 2105.132500038445 225.00000000000233 566.1619999999945
    vertex 2109.4657738494866 221.666726188958 566.1619999999959
  endloop
endfacet
facet normal 6.777093414096511e-15 2.2833847127066254e-14 1.0
  outer loop
    vertex 2109.4657738494866 221.666726188958 566.1619999999959
    vertex 2105.132500038445 225.00000000000233 566.1619999999945
    vertex 2109.2035581222003 221.3250000000002 566.1619999999959
  endloop
endfacet
facet normal 6.777093414096511e-15 2.2833847127066254e-14 1.0
  outer loop
    vertex 2109.2035581222003 221.3250000000002 566.1619999999959
    vertex 2105.132500038445 225.00000000000233 566.1619999999945
    vertex 2109.0387224250676 220.92705142441935 566.1619999999959
  endloop
endfacet
facet normal 6.777093414096511e-15 2.2833847127066254e-14 1.0
  outer loop
    vertex 2109.0387224250676 220.92705142441935 566.1619999999959
    vertex 2105.132500038445 225.00000000000233 566.1619999999945
    vertex 2108.9825000384444 220.5000000000002 566.1619999999959
  endloop
endfacet
facet normal 6.777093414096511e-15 2.2833847127066254e-14 1.0
  outer loop
    vertex 2147.132500038444 225.00000000000233 566.1619999999945
    vertex 2110.632500038444 222.15000000000046 566.1619999999959
    vertex 2111.0595514628635 222.0937776133773 566.1619999999959
  endloop
endfacet
facet normal 6.777093414096511e-15 2.2833847127066254e-14 1.0
  outer loop
    vertex 2147.132500038444 225.00000000000233 566.1619999999945
    vertex 2111.0595514628635 222.0937776133773 566.1619999999959
    vertex 2111.4575000384443 221.9289419162447 566.1619999999959
  endloop
endfacet
facet normal 6.777093414096511e-15 2.2833847127066254e-14 1.0
  outer loop
    vertex 2147.132500038444 225.00000000000233 566.1619999999945
    vertex 2111.4575000384443 221.9289419162447 566.1619999999959
    vertex 2111.7992262274024 221.66672618895817 566.1619999999959
  endloop
endfacet
facet normal 6.777093414096511e-15 2.2833847127066254e-14 1.0
  outer loop
    vertex 2147.132500038444 225.00000000000233 566.1619999999945
    vertex 2111.7992262274024 221.66672618895817 566.1619999999959
    vertex 2112.0614419546882 221.3250000000004 566.1619999999959
  endloop
endfacet
facet normal 6.777093414096511e-15 2.2833847127066254e-14 1.0
  outer loop
    vertex 2147.132500038444 225.00000000000233 566.1619999999945
    vertex 2112.0614419546882 221.3250000000004 566.1619999999959
    vertex 2112.2262776518214 220.92705142441952 566.1619999999959
  endloop
endfacet
facet normal 6.777093414096511e-15 2.2833847127066254e-14 1.0
  outer loop
    vertex 2147.132500038444 225.00000000000233 566.1619999999945
    vertex 2112.2262776518214 220.92705142441952 566.1619999999959
    vertex 2112.2825000384446 220.5000000000004 566.1619999999959
  endloop
endfacet
facet normal 6.777093414096511e-15 2.2833847127066254e-14 1.0
  outer loop
    vertex 2147.132500038444 225.00000000000233 566.1619999999945
    vertex 2112.2825000384446 220.5000000000004 566.1619999999959
    vertex 2123.132500038444 216.50000000000264 566.1619999999963
  endloop
endfacet
facet normal 6.777093414096511e-15 2.2833847127066254e-14 1.0
  outer loop
    vertex 2147.132500038444 225.00000000000233 566.1619999999945
    vertex 2123.132500038444 216.50000000000264 566.1619999999963
    vertex 2123.156081019764 216.10814700232663 566.1619999999963
  endloop
endfacet
facet normal 6.777093414096511e-15 2.2833847127066254e-14 1.0
  outer loop
    vertex 2147.132500038444 225.00000000000233 566.1619999999945
    vertex 2123.156081019764 216.10814700232663 566.1619999999963
    vertex 2126.132500038444 216.5000000000002 566.161999999996
  endloop
endfacet
facet normal 6.777093414096511e-15 2.2833847127066254e-14 1.0
  outer loop
    vertex 2147.132500038444 225.00000000000233 566.1619999999945
    vertex 2126.132500038444 216.5000000000002 566.161999999996
    vertex 2140.807500038444 221.9289419162446 566.1619999999958
  endloop
endfacet
facet normal 6.777093414096511e-15 2.2833847127066254e-14 1.0
  outer loop
    vertex 2140.807500038444 221.9289419162446 566.1619999999958
    vertex 2126.132500038444 216.5000000000002 566.161999999996
    vertex 2129.108919057123 216.10814700232427 566.161999999996
  endloop
endfacet
facet normal 6.777093414096511e-15 2.2833847127066254e-14 1.0
  outer loop
    vertex 2140.807500038444 221.9289419162446 566.1619999999958
    vertex 2129.108919057123 216.10814700232427 566.161999999996
    vertex 2140.4657738494857 221.66672618895808 566.1619999999958
  endloop
endfacet
facet normal 6.777093414096511e-15 2.2833847127066254e-14 1.0
  outer loop
    vertex 2140.4657738494857 221.66672618895808 566.1619999999958
    vertex 2129.108919057123 216.10814700232427 566.161999999996
    vertex 2131.8825000384436 214.9592921435213 566.161999999996
  endloop
endfacet
facet normal 6.777093414096511e-15 2.2833847127066254e-14 1.0
  outer loop
    vertex 2140.4657738494857 221.66672618895808 566.1619999999958
    vertex 2131.8825000384436 214.9592921435213 566.161999999996
    vertex 2140.2035581221994 221.3250000000003 566.1619999999958
  endloop
endfacet
facet normal 6.777093414096511e-15 2.2833847127066254e-14 1.0
  outer loop
    vertex 2140.2035581221994 221.3250000000003 566.1619999999958
    vertex 2131.8825000384436 214.9592921435213 566.161999999996
    vertex 2134.264228022089 213.1317279836455 566.1619999999959
  endloop
endfacet
facet normal 6.777093414096511e-15 2.2833847127066254e-14 1.0
  outer loop
    vertex 2140.2035581221994 221.3250000000003 566.1619999999958
    vertex 2134.264228022089 213.1317279836455 566.1619999999959
    vertex 2140.038722425066 220.92705142441943 566.1619999999958
  endloop
endfacet
facet normal 6.777093414096511e-15 2.2833847127066254e-14 1.0
  outer loop
    vertex 2140.038722425066 220.92705142441943 566.1619999999958
    vertex 2134.264228022089 213.1317279836455 566.1619999999959
    vertex 2136.091792181965 210.75000000000009 566.1619999999959
  endloop
endfacet
facet normal 6.777093414096511e-15 2.2833847127066254e-14 1.0
  outer loop
    vertex 2140.038722425066 220.92705142441943 566.1619999999958
    vertex 2136.091792181965 210.75000000000009 566.1619999999959
    vertex 2137.2406470407677 207.97641901867925 566.1619999999959
  endloop
endfacet
facet normal 6.777093414096511e-15 2.2833847127066254e-14 1.0
  outer loop
    vertex 2140.038722425066 220.92705142441943 566.1619999999958
    vertex 2137.2406470407677 207.97641901867925 566.1619999999959
    vertex 2137.632500038444 205.0000000000003 566.1619999999959
  endloop
endfacet
facet normal 6.777093414096511e-15 2.2833847127066254e-14 1.0
  outer loop
    vertex 2140.038722425066 220.92705142441943 566.1619999999958
    vertex 2137.632500038444 205.0000000000003 566.1619999999959
    vertex 2139.9825000384435 220.50000000000028 566.1619999999958
  endloop
endfacet
facet normal 6.777093414096511e-15 2.2833847127066254e-14 1.0
  outer loop
    vertex 2139.9825000384435 220.50000000000028 566.1619999999958
    vertex 2137.632500038444 205.0000000000003 566.1619999999959
    vertex 2139.9825000384435 189.5000000000003 566.1619999999959
  endloop
endfacet
facet normal 6.777093414096511e-15 2.2833847127066254e-14 1.0
  outer loop
    vertex 2147.132500038444 225.00000000000233 566.1619999999945
    vertex 2140.807500038444 221.9289419162446 566.1619999999958
    vertex 2141.2054486140246 222.09377761337703 566.1619999999958
  endloop
endfacet
facet normal 6.777093414096511e-15 2.2833847127066254e-14 1.0
  outer loop
    vertex 2147.132500038444 225.00000000000233 566.1619999999945
    vertex 2141.2054486140246 222.09377761337703 566.1619999999958
    vertex 2141.6325000384436 222.1500000000001 566.1619999999958
  endloop
endfacet
facet normal 6.777093414096511e-15 2.2833847127066254e-14 1.0
  outer loop
    vertex 2147.132500038444 225.00000000000233 566.1619999999945
    vertex 2141.6325000384436 222.1500000000001 566.1619999999958
    vertex 2142.0595514628626 222.09377761337703 566.1619999999958
  endloop
endfacet
facet normal 6.777093414096511e-15 2.2833847127066254e-14 1.0
  outer loop
    vertex 2147.132500038444 225.00000000000233 566.1619999999945
    vertex 2142.0595514628626 222.09377761337703 566.1619999999958
    vertex 2142.457500038444 221.92894191624444 566.1619999999958
  endloop
endfacet
facet normal 6.777093414096511e-15 2.2833847127066254e-14 1.0
  outer loop
    vertex 2147.132500038444 225.00000000000233 566.1619999999945
    vertex 2142.457500038444 221.92894191624444 566.1619999999958
    vertex 2142.799226227401 221.66672618895817 566.1619999999958
  endloop
endfacet
facet normal 6.777093414096511e-15 2.2833847127066254e-14 1.0
  outer loop
    vertex 2147.132500038444 225.00000000000233 566.1619999999945
    vertex 2142.799226227401 221.66672618895817 566.1619999999958
    vertex 2143.061441954688 221.3250000000004 566.1619999999958
  endloop
endfacet
facet normal 6.777093414096511e-15 2.2833847127066254e-14 1.0
  outer loop
    vertex 2147.132500038444 225.00000000000233 566.1619999999945
    vertex 2143.061441954688 221.3250000000004 566.1619999999958
    vertex 2143.22627765182 220.92705142441943 566.1619999999958
  endloop
endfacet
facet normal 6.777093414096511e-15 2.2833847127066254e-14 1.0
  outer loop
    vertex 2147.132500038444 225.00000000000233 566.1619999999945
    vertex 2143.22627765182 220.92705142441943 566.1619999999958
    vertex 2143.2825000384432 220.50000000000028 566.1619999999958
  endloop
endfacet
facet normal 6.777093414096511e-15 2.2833847127066254e-14 1.0
  outer loop
    vertex 2147.132500038444 225.00000000000233 566.1619999999945
    vertex 2143.2825000384432 220.50000000000028 566.1619999999958
    vertex 2147.132500038443 185.00000000000017 566.1619999999965
  endloop
endfacet
facet normal 6.777093414096511e-15 2.2833847127066254e-14 1.0
  outer loop
    vertex 2140.038722425067 189.92705142441943 566.1619999999959
    vertex 2139.9825000384435 220.50000000000028 566.1619999999958
    vertex 2139.9825000384435 189.5000000000003 566.1619999999959
  endloop
endfacet
facet normal 6.777093414096511e-15 2.2833847127066254e-14 1.0
  outer loop
    vertex 2139.9825000384435 220.50000000000028 566.1619999999958
    vertex 2140.038722425067 189.92705142441943 566.1619999999959
    vertex 2140.038722425066 220.07294857558117 566.1619999999958
  endloop
endfacet
facet normal 6.777093414096511e-15 2.2833847127066254e-14 1.0
  outer loop
    vertex 2140.038722425066 220.07294857558117 566.1619999999958
    vertex 2140.038722425067 189.92705142441943 566.1619999999959
    vertex 2140.2035581221994 219.6750000000003 566.1619999999958
  endloop
endfacet
facet normal 6.777093414096511e-15 2.2833847127066254e-14 1.0
  outer loop
    vertex 2140.2035581221994 219.6750000000003 566.1619999999958
    vertex 2140.038722425067 189.92705142441943 566.1619999999959
    vertex 2140.2035581221994 190.3250000000003 566.1619999999959
  endloop
endfacet
facet normal 6.777093414096511e-15 2.2833847127066254e-14 1.0
  outer loop
    vertex 2140.2035581221994 219.6750000000003 566.1619999999958
    vertex 2140.2035581221994 190.3250000000003 566.1619999999959
    vertex 2140.4657738494857 219.33327381104252 566.1619999999958
  endloop
endfacet
facet normal 6.777093414096511e-15 2.2833847127066254e-14 1.0
  outer loop
    vertex 2140.4657738494857 219.33327381104252 566.1619999999958
    vertex 2140.2035581221994 190.3250000000003 566.1619999999959
    vertex 2140.465773849486 190.66672618895808 566.1619999999959
  endloop
endfacet
facet normal 6.777093414096511e-15 2.2833847127066254e-14 1.0
  outer loop
    vertex 2140.4657738494857 219.33327381104252 566.1619999999958
    vertex 2140.465773849486 190.66672618895808 566.1619999999959
    vertex 2140.807500038444 219.071058083756 566.1619999999958
  endloop
endfacet
facet normal 6.777093414096511e-15 2.2833847127066254e-14 1.0
  outer loop
    vertex 2140.807500038444 219.071058083756 566.1619999999958
    vertex 2140.465773849486 190.66672618895808 566.1619999999959
    vertex 2140.807500038444 190.9289419162446 566.1619999999959
  endloop
endfacet
facet normal 6.777093414096511e-15 2.2833847127066254e-14 1.0
  outer loop
    vertex 2140.807500038444 219.071058083756 566.1619999999958
    vertex 2140.807500038444 190.9289419162446 566.1619999999959
    vertex 2141.2054486140246 191.09377761337706 566.1619999999959
  endloop
endfacet
facet normal 6.777093414096511e-15 2.2833847127066254e-14 1.0
  outer loop
    vertex 2140.807500038444 219.071058083756 566.1619999999958
    vertex 2141.2054486140246 191.09377761337706 566.1619999999959
    vertex 2141.2054486140246 218.9062223866232 566.1619999999958
  endloop
endfacet
facet normal 6.777093414096511e-15 2.2833847127066254e-14 1.0
  outer loop
    vertex 2141.2054486140246 218.9062223866232 566.1619999999958
    vertex 2141.2054486140246 191.09377761337706 566.1619999999959
    vertex 2141.6325000384436 191.15000000000012 566.1619999999959
  endloop
endfacet
facet normal 6.777093414096511e-15 2.2833847127066254e-14 1.0
  outer loop
    vertex 2141.2054486140246 218.9062223866232 566.1619999999958
    vertex 2141.6325000384436 191.15000000000012 566.1619999999959
    vertex 2141.6325000384436 218.85000000000014 566.1619999999958
  endloop
endfacet
facet normal 6.777093414096511e-15 2.2833847127066254e-14 1.0
  outer loop
    vertex 2141.6325000384436 218.85000000000014 566.1619999999958
    vertex 2141.6325000384436 191.15000000000012 566.1619999999959
    vertex 2142.0595514628626 191.09377761337706 566.1619999999959
  endloop
endfacet
facet normal 6.777093414096511e-15 2.2833847127066254e-14 1.0
  outer loop
    vertex 2141.6325000384436 218.85000000000014 566.1619999999958
    vertex 2142.0595514628626 191.09377761337706 566.1619999999959
    vertex 2142.0595514628626 218.9062223866232 566.1619999999958
  endloop
endfacet
facet normal 6.777093414096511e-15 2.2833847127066254e-14 1.0
  outer loop
    vertex 2142.0595514628626 218.9062223866232 566.1619999999958
    vertex 2142.0595514628626 191.09377761337706 566.1619999999959
    vertex 2142.457500038444 190.92894191624444 566.1619999999959
  endloop
endfacet
facet normal 6.777093414096511e-15 2.2833847127066254e-14 1.0
  outer loop
    vertex 2142.0595514628626 218.9062223866232 566.1619999999958
    vertex 2142.457500038444 190.92894191624444 566.1619999999959
    vertex 2142.457500038444 219.07105808375582 566.1619999999958
  endloop
endfacet
facet normal 6.777093414096511e-15 2.2833847127066254e-14 1.0
  outer loop
    vertex 2142.457500038444 219.07105808375582 566.1619999999958
    vertex 2142.457500038444 190.92894191624444 566.1619999999959
    vertex 2142.799226227402 190.6667261889579 566.1619999999959
  endloop
endfacet
facet normal 6.777093414096511e-15 2.2833847127066254e-14 1.0
  outer loop
    vertex 2142.457500038444 219.07105808375582 566.1619999999958
    vertex 2142.799226227402 190.6667261889579 566.1619999999959
    vertex 2142.799226227401 219.3332738110426 566.1619999999958
  endloop
endfacet
facet normal 6.777093414096511e-15 2.2833847127066254e-14 1.0
  outer loop
    vertex 2142.799226227401 219.3332738110426 566.1619999999958
    vertex 2142.799226227402 190.6667261889579 566.1619999999959
    vertex 2143.061441954688 219.67500000000038 566.1619999999958
  endloop
endfacet
facet normal 6.777093414096511e-15 2.2833847127066254e-14 1.0
  outer loop
    vertex 2143.061441954688 219.67500000000038 566.1619999999958
    vertex 2142.799226227402 190.6667261889579 566.1619999999959
    vertex 2143.0614419546882 190.3250000000004 566.1619999999959
  endloop
endfacet
facet normal 6.777093414096511e-15 2.2833847127066254e-14 1.0
  outer loop
    vertex 2143.061441954688 219.67500000000038 566.1619999999958
    vertex 2143.0614419546882 190.3250000000004 566.1619999999959
    vertex 2143.22627765182 220.07294857558117 566.1619999999958
  endloop
endfacet
facet normal 6.777093414096511e-15 2.2833847127066254e-14 1.0
  outer loop
    vertex 2143.22627765182 220.07294857558117 566.1619999999958
    vertex 2143.0614419546882 190.3250000000004 566.1619999999959
    vertex 2143.226277651821 189.92705142441943 566.1619999999959
  endloop
endfacet
facet normal 6.777093414096511e-15 2.2833847127066254e-14 1.0
  outer loop
    vertex 2143.22627765182 220.07294857558117 566.1619999999958
    vertex 2143.226277651821 189.92705142441943 566.1619999999959
    vertex 2143.2825000384432 220.50000000000028 566.1619999999958
  endloop
endfacet
facet normal 6.777093414096511e-15 2.2833847127066254e-14 1.0
  outer loop
    vertex 2143.2825000384432 220.50000000000028 566.1619999999958
    vertex 2143.226277651821 189.92705142441943 566.1619999999959
    vertex 2143.2825000384432 189.5000000000003 566.1619999999959
  endloop
endfacet
facet normal 6.777093414096511e-15 2.2833847127066254e-14 1.0
  outer loop
    vertex 2105.132500038445 193.5000000000003 566.1619999999963
    vertex 2110.205448614025 191.09377761337706 566.1619999999962
    vertex 2123.1325000384445 193.50000000000642 566.1619999999962
  endloop
endfacet
facet normal 6.777093414096511e-15 2.2833847127066254e-14 1.0
  outer loop
    vertex 2110.205448614025 191.09377761337706 566.1619999999962
    vertex 2105.132500038445 193.5000000000003 566.1619999999963
    vertex 2109.8075000384442 190.92894191624444 566.1619999999962
  endloop
endfacet
facet normal 6.777093414096511e-15 2.2833847127066254e-14 1.0
  outer loop
    vertex 2109.8075000384442 190.92894191624444 566.1619999999962
    vertex 2105.132500038445 193.5000000000003 566.1619999999963
    vertex 2109.4657738494866 190.6667261889579 566.1619999999962
  endloop
endfacet
facet normal 6.777093414096511e-15 2.2833847127066254e-14 1.0
  outer loop
    vertex 2109.4657738494866 190.6667261889579 566.1619999999962
    vertex 2105.132500038445 193.5000000000003 566.1619999999963
    vertex 2109.2035581222003 190.32500000000013 566.1619999999962
  endloop
endfacet
facet normal 6.777093414096511e-15 2.2833847127066254e-14 1.0
  outer loop
    vertex 2109.2035581222003 190.32500000000013 566.1619999999962
    vertex 2105.132500038445 193.5000000000003 566.1619999999963
    vertex 2105.132500038445 185.00000000000017 566.1619999999965
  endloop
endfacet
facet normal 6.777093414096511e-15 2.2833847127066254e-14 1.0
  outer loop
    vertex 2109.2035581222003 190.32500000000013 566.1619999999962
    vertex 2105.132500038445 185.00000000000017 566.1619999999965
    vertex 2109.0387224250676 189.92705142441926 566.1619999999962
  endloop
endfacet
facet normal 6.777093414096511e-15 2.2833847127066254e-14 1.0
  outer loop
    vertex 2109.0387224250676 189.92705142441926 566.1619999999962
    vertex 2105.132500038445 185.00000000000017 566.1619999999965
    vertex 2108.9825000384444 189.5000000000001 566.1619999999962
  endloop
endfacet
facet normal 6.777093414096511e-15 2.2833847127066254e-14 1.0
  outer loop
    vertex 2123.1325000384445 193.50000000000642 566.1619999999962
    vertex 2110.205448614025 191.09377761337706 566.1619999999962
    vertex 2110.632500038444 191.1500000000003 566.1619999999962
  endloop
endfacet
facet normal 6.777093414096511e-15 2.2833847127066254e-14 1.0
  outer loop
    vertex 2123.1325000384445 193.50000000000642 566.1619999999962
    vertex 2110.632500038444 191.1500000000003 566.1619999999962
    vertex 2111.0595514628635 191.09377761337723 566.1619999999962
  endloop
endfacet
facet normal 6.777093414096511e-15 2.2833847127066254e-14 1.0
  outer loop
    vertex 2123.1325000384445 193.50000000000642 566.1619999999962
    vertex 2111.0595514628635 191.09377761337723 566.1619999999962
    vertex 2111.4575000384443 190.9289419162446 566.1619999999962
  endloop
endfacet
facet normal 6.777093414096511e-15 2.2833847127066254e-14 1.0
  outer loop
    vertex 2123.1325000384445 193.50000000000642 566.1619999999962
    vertex 2111.4575000384443 190.9289419162446 566.1619999999962
    vertex 2111.7992262274024 190.66672618895808 566.1619999999962
  endloop
endfacet
facet normal 6.777093414096511e-15 2.2833847127066254e-14 1.0
  outer loop
    vertex 2123.1325000384445 193.50000000000642 566.1619999999962
    vertex 2111.7992262274024 190.66672618895808 566.1619999999962
    vertex 2112.0614419546887 190.3250000000003 566.1619999999962
  endloop
endfacet
facet normal 6.777093414096511e-15 2.2833847127066254e-14 1.0
  outer loop
    vertex 2123.1325000384445 193.50000000000642 566.1619999999962
    vertex 2112.0614419546887 190.3250000000003 566.1619999999962
    vertex 2112.2262776518214 189.92705142441943 566.1619999999962
  endloop
endfacet
facet normal 6.777093414096511e-15 2.2833847127066254e-14 1.0
  outer loop
    vertex 2123.1325000384445 193.50000000000642 566.1619999999962
    vertex 2112.2262776518214 189.92705142441943 566.1619999999962
    vertex 2112.2825000384446 189.5000000000003 566.1619999999962
  endloop
endfacet
facet normal -1.4520541549071422e-27 -1.0 7.679908718433424e-15
  outer loop
    vertex 2147.132500038443 181.25000000000028 575.4119999999964
    vertex 2105.1325000384463 181.2500000000002 563.6619999999963
    vertex 2147.132500038443 181.2500000000002 563.6619999999963
  endloop
endfacet
facet normal -1.4520541549071422e-27 -1.0 7.679908718433424e-15
  outer loop
    vertex 2105.1325000384463 181.2500000000002 563.6619999999963
    vertex 2147.132500038443 181.25000000000028 575.4119999999964
    vertex 2105.132500038445 181.25000000000028 575.4119999999805
  endloop
endfacet
facet normal 1.580106299536794e-25 1.0 -1.4591826565074833e-13
  outer loop
    vertex 2105.132500038448 228.75000000000222 575.4119999999017
    vertex 2147.132500038444 228.75000000000048 563.6619999999963
    vertex 2105.1325000384463 228.75000000000048 563.6619999999963
  endloop
endfacet
facet normal 1.580106299536794e-25 1.0 -1.4591826565074833e-13
  outer loop
    vertex 2147.132500038444 228.75000000000048 563.6619999999963
    vertex 2105.132500038448 228.75000000000222 575.4119999999017
    vertex 2147.132500038446 228.75000000000222 575.4119999999926
  endloop
endfacet
facet normal -1.8907203844892965e-13 -5.46590074788726e-12 1.0
  outer loop
    vertex 2105.132500038445 181.75000000000026 575.9119999999787
    vertex 2147.132500038443 183.50000000000023 575.9119999999962
    vertex 2105.132500038444 183.50000000000023 575.9119999999962
  endloop
endfacet
facet normal -1.8907203844892965e-13 -5.46590074788726e-12 1.0
  outer loop
    vertex 2147.132500038443 183.50000000000023 575.9119999999962
    vertex 2105.132500038445 181.75000000000026 575.9119999999787
    vertex 2147.132500038443 181.75000000000026 575.9119999999946
  endloop
endfacet
facet normal 7.888609052210118e-30 1.0 -9.821924075269269e-15
  outer loop
    vertex 2105.132500038444 183.50000000000023 575.9119999999962
    vertex 2147.132500038443 183.50000000000014 567.6619999999966
    vertex 2105.132500038445 183.50000000000014 567.6619999999966
  endloop
endfacet
facet normal 7.888609052210118e-30 1.0 -9.821924075269269e-15
  outer loop
    vertex 2147.132500038443 183.50000000000014 567.6619999999966
    vertex 2105.132500038444 183.50000000000023 575.9119999999962
    vertex 2147.132500038443 183.50000000000023 575.9119999999962
  endloop
endfacet
facet normal -1.0592331244928869e-12 2.650446211711461e-11 1.0
  outer loop
    vertex 2147.132500038444 226.50000000000236 575.9119999999945
    vertex 2105.1325000384472 228.25000000000233 575.9119999999036
    vertex 2105.132500038445 226.50000000000045 575.9119999999965
  endloop
endfacet
facet normal -1.0592331244928869e-12 2.650446211711461e-11 1.0
  outer loop
    vertex 2105.1325000384472 228.25000000000233 575.9119999999036
    vertex 2147.132500038444 226.50000000000236 575.9119999999945
    vertex 2147.1325000384445 228.25000000000233 575.9119999999946
  endloop
endfacet
facet normal 3.007964248051056e-14 -1.0 -3.867382604639025e-14
  outer loop
    vertex 2147.132500038444 226.50000000000236 575.9119999999945
    vertex 2105.1325000384454 226.50000000000236 567.6619999999944
    vertex 2147.132500038444 226.50000000000236 567.6619999999944
  endloop
endfacet
facet normal 3.007964248051056e-14 -1.0 -3.867382604639025e-14
  outer loop
    vertex 2105.1325000384454 226.50000000000236 567.6619999999944
    vertex 2147.132500038444 226.50000000000236 575.9119999999945
    vertex 2105.132500038445 226.50000000000045 575.9119999999965
  endloop
endfacet
facet normal -5.26393743408941e-14 1.0 4.633294563012764e-14
  outer loop
    vertex 2105.132500038445 216.50000000000077 566.1619999999965
    vertex 2123.1325000384445 216.50000000000077 586.6119999999964
    vertex 2123.132500038444 216.50000000000264 566.1619999999963
  endloop
endfacet
facet normal -5.26393743408941e-14 1.0 4.633294563012764e-14
  outer loop
    vertex 2123.1325000384445 216.50000000000077 586.6119999999964
    vertex 2105.132500038445 216.50000000000077 566.1619999999965
    vertex 2105.132500038445 216.50000000000077 586.6119999999964
  endloop
endfacet
facet normal 1.7045130738956546e-13 -1.0 -1.897444440090888e-13
  outer loop
    vertex 2123.132500038444 193.4999999999995 586.6119999999963
    vertex 2105.132500038445 193.5000000000003 566.1619999999963
    vertex 2123.1325000384445 193.50000000000642 566.1619999999962
  endloop
endfacet
facet normal 1.7045130738956546e-13 -1.0 -1.897444440090888e-13
  outer loop
    vertex 2105.132500038445 193.5000000000003 566.1619999999963
    vertex 2123.132500038444 193.4999999999995 586.6119999999963
    vertex 2105.132500038445 193.4999999999995 586.6119999999963
  endloop
endfacet
facet normal 0.7933533402911844 -0.6087614290087868 0.0
  outer loop
    vertex 2118.0007720547987 213.1317279836455 563.1619999999964
    vertex 2116.1732078949226 210.75000000000009 566.1619999999964
    vertex 2116.1732078949226 210.75000000000009 563.1619999999964
  endloop
endfacet
facet normal 0.7933533402911844 -0.6087614290087868 0.0
  outer loop
    vertex 2116.1732078949226 210.75000000000009 566.1619999999964
    vertex 2118.0007720547987 213.1317279836455 563.1619999999964
    vertex 2116.1732078949226 210.75000000000009 586.9119999999963
  endloop
endfacet
facet normal 0.7933533402911844 -0.6087614290087868 0.0
  outer loop
    vertex 2116.1732078949226 210.75000000000009 586.9119999999963
    vertex 2118.0007720547987 213.1317279836455 563.1619999999964
    vertex 2118.0007720547987 213.1317279836455 586.9119999999963
  endloop
endfacet
facet normal 0.7933533402912711 0.6087614290086737 1.8668453239043868e-14
  outer loop
    vertex 2118.0007720547987 196.8682720163551 563.1619999999964
    vertex 2116.1732078949235 199.24999999999935 586.9119999999964
    vertex 2118.0007720547987 196.8682720163543 586.9119999999964
  endloop
endfacet
facet normal 0.7933533402912711 0.6087614290086737 1.8668453239043868e-14
  outer loop
    vertex 2116.1732078949235 199.24999999999935 586.9119999999964
    vertex 2118.0007720547987 196.8682720163551 563.1619999999964
    vertex 2116.1732078949235 199.25000000000017 563.1619999999964
  endloop
endfacet
facet normal 0.7933533402912711 0.6087614290086737 1.8668453239043868e-14
  outer loop
    vertex 2116.1732078949235 199.24999999999935 586.9119999999964
    vertex 2116.1732078949235 199.25000000000017 563.1619999999964
    vertex 2116.173207894923 199.25000000000017 566.1619999999964
  endloop
endfacet
facet normal 0.6087614290087402 0.7933533402912202 2.7464767395701898e-14
  outer loop
    vertex 2118.0007720547987 196.8682720163551 563.1619999999964
    vertex 2120.382500038444 195.0407078564785 586.9119999999962
    vertex 2120.382500038444 195.0407078564793 563.1619999999962
  endloop
endfacet
facet normal 0.6087614290087402 0.7933533402912202 2.7464767395701898e-14
  outer loop
    vertex 2120.382500038444 195.0407078564785 586.9119999999962
    vertex 2118.0007720547987 196.8682720163551 563.1619999999964
    vertex 2118.0007720547987 196.8682720163543 586.9119999999964
  endloop
endfacet
facet normal 0.38268343236507696 0.9238795325112921 8.86596766442881e-15
  outer loop
    vertex 2120.382500038444 195.0407078564785 586.9119999999962
    vertex 2123.1560810197648 193.89185299767595 563.1619999999962
    vertex 2120.382500038444 195.0407078564793 563.1619999999962
  endloop
endfacet
facet normal 0.38268343236507696 0.9238795325112921 8.86596766442881e-15
  outer loop
    vertex 2123.1560810197648 193.89185299767595 563.1619999999962
    vertex 2120.382500038444 195.0407078564785 586.9119999999962
    vertex 2123.1325000384445 193.9016205599589 566.1619999999963
  endloop
endfacet
facet normal 0.38268343236507696 0.9238795325112921 8.86596766442881e-15
  outer loop
    vertex 2123.1325000384445 193.9016205599589 566.1619999999963
    vertex 2120.382500038444 195.0407078564785 586.9119999999962
    vertex 2123.1325000384445 193.90162055995205 586.911999999996
  endloop
endfacet
facet normal 0.38268343236507696 0.9238795325112921 8.86596766442881e-15
  outer loop
    vertex 2123.1325000384445 193.90162055995205 586.911999999996
    vertex 2120.382500038444 195.0407078564785 586.9119999999962
    vertex 2121.132500038444 194.73004768469877 586.9119999999962
  endloop
endfacet
facet normal 0.38268343236507696 0.9238795325112921 8.86596766442881e-15
  outer loop
    vertex 2123.1560810197648 193.891852997682 566.1619999999963
    vertex 2123.1560810197648 193.89185299767595 563.1619999999962
    vertex 2123.1325000384445 193.9016205599589 566.1619999999963
  endloop
endfacet
facet normal 0.1305261922209899 0.9914448613736868 -9.911974671930193e-13
  outer loop
    vertex 2123.1560810197648 193.891852997682 566.1619999999963
    vertex 2126.1325000384445 193.5000000000004 563.1619999999962
    vertex 2123.1560810197648 193.89185299767595 563.1619999999962
  endloop
endfacet
facet normal 0.1305261922209899 0.9914448613736868 -9.911974671930193e-13
  outer loop
    vertex 2126.1325000384445 193.5000000000004 563.1619999999962
    vertex 2123.1560810197648 193.891852997682 566.1619999999963
    vertex 2126.1325000384436 193.5000000000004 566.161999999996
  endloop
endfacet
facet normal -0.1305261922200079 0.9914448613738162 -1.5703766244951468e-14
  outer loop
    vertex 2126.1325000384436 193.5000000000004 566.161999999996
    vertex 2129.1089190571233 193.89185299767595 563.1619999999962
    vertex 2126.1325000384445 193.5000000000004 563.1619999999962
  endloop
endfacet
facet normal -0.1305261922200079 0.9914448613738162 -1.5703766244951468e-14
  outer loop
    vertex 2129.1089190571233 193.89185299767595 563.1619999999962
    vertex 2126.1325000384436 193.5000000000004 566.161999999996
    vertex 2129.1089190571224 193.89185299767595 566.161999999996
  endloop
endfacet
facet normal -0.38268343236507846 0.9238795325112914 -1.7261204692875906e-14
  outer loop
    vertex 2129.1089190571224 193.89185299767595 566.161999999996
    vertex 2131.8825000384436 195.0407078564793 563.1619999999962
    vertex 2129.1089190571233 193.89185299767595 563.1619999999962
  endloop
endfacet
facet normal -0.38268343236507846 0.9238795325112914 -1.7261204692875906e-14
  outer loop
    vertex 2131.8825000384436 195.0407078564793 563.1619999999962
    vertex 2129.1089190571224 193.89185299767595 566.161999999996
    vertex 2131.8825000384436 195.0407078564793 566.1619999999959
  endloop
endfacet
facet normal -0.6087614290087402 0.7933533402912202 -2.746531275878612e-14
  outer loop
    vertex 2131.8825000384436 195.0407078564793 566.1619999999959
    vertex 2134.2642280220894 196.8682720163551 563.1619999999962
    vertex 2131.8825000384436 195.0407078564793 563.1619999999962
  endloop
endfacet
facet normal -0.6087614290087402 0.7933533402912202 -2.746531275878612e-14
  outer loop
    vertex 2134.2642280220894 196.8682720163551 563.1619999999962
    vertex 2131.8825000384436 195.0407078564793 566.1619999999959
    vertex 2134.264228022089 196.8682720163551 566.1619999999959
  endloop
endfacet
facet normal -0.7933533402912202 0.6087614290087402 -3.5821239353647597e-14
  outer loop
    vertex 2136.091792181965 199.25000000000017 566.1619999999959
    vertex 2134.2642280220894 196.8682720163551 563.1619999999962
    vertex 2134.264228022089 196.8682720163551 566.1619999999959
  endloop
endfacet
facet normal -0.7933533402912202 0.6087614290087402 -3.5821239353647597e-14
  outer loop
    vertex 2134.2642280220894 196.8682720163551 563.1619999999962
    vertex 2136.091792181965 199.25000000000017 566.1619999999959
    vertex 2136.0917921819655 199.25000000000017 563.1619999999962
  endloop
endfacet
facet normal -0.9238795325112852 0.38268343236509356 -4.1690482787553686e-14
  outer loop
    vertex 2137.2406470407677 202.02358098132135 566.1619999999959
    vertex 2136.0917921819655 199.25000000000017 563.1619999999962
    vertex 2136.091792181965 199.25000000000017 566.1619999999959
  endloop
endfacet
facet normal -0.9238795325112852 0.38268343236509356 -4.1690482787553686e-14
  outer loop
    vertex 2136.0917921819655 199.25000000000017 563.1619999999962
    vertex 2137.2406470407677 202.02358098132135 566.1619999999959
    vertex 2137.2406470407677 202.02358098132135 563.1619999999962
  endloop
endfacet
facet normal 0.0 0.0 -1.0
  outer loop
    vertex 2105.1325000384463 228.25000000000043 563.1619999999963
    vertex 2109.038722425067 220.92705142441926 563.1619999999962
    vertex 2108.982500038444 220.5000000000001 563.1619999999962
  endloop
endfacet
facet normal 0.0 0.0 -1.0
  outer loop
    vertex 2109.038722425067 220.92705142441926 563.1619999999962
    vertex 2105.1325000384463 228.25000000000043 563.1619999999963
    vertex 2109.2035581222003 221.3250000000001 563.1619999999962
  endloop
endfacet
facet normal 0.0 0.0 -1.0
  outer loop
    vertex 2109.2035581222003 221.3250000000001 563.1619999999962
    vertex 2105.1325000384463 228.25000000000043 563.1619999999963
    vertex 2109.465773849486 221.6667261889579 563.1619999999962
  endloop
endfacet
facet normal 0.0 0.0 -1.0
  outer loop
    vertex 2109.465773849486 221.6667261889579 563.1619999999962
    vertex 2105.1325000384463 228.25000000000043 563.1619999999963
    vertex 2109.8075000384442 221.92894191624444 563.1619999999962
  endloop
endfacet
facet normal 0.0 0.0 -1.0
  outer loop
    vertex 2109.8075000384442 221.92894191624444 563.1619999999962
    vertex 2105.1325000384463 228.25000000000043 563.1619999999963
    vertex 2110.205448614025 222.09377761337703 563.1619999999962
  endloop
endfacet
facet normal 0.0 0.0 -1.0
  outer loop
    vertex 2110.205448614025 222.09377761337703 563.1619999999962
    vertex 2105.1325000384463 228.25000000000043 563.1619999999963
    vertex 2147.132500038444 228.25000000000043 563.1619999999963
  endloop
endfacet
facet normal 0.0 0.0 -1.0
  outer loop
    vertex 2110.205448614025 222.09377761337703 563.1619999999962
    vertex 2147.132500038444 228.25000000000043 563.1619999999963
    vertex 2110.632500038444 222.1500000000003 563.1619999999962
  endloop
endfacet
facet normal 0.0 0.0 -1.0
  outer loop
    vertex 2110.632500038444 222.1500000000003 563.1619999999962
    vertex 2147.132500038444 228.25000000000043 563.1619999999963
    vertex 2111.0595514628635 222.0937776133771 563.1619999999962
  endloop
endfacet
facet normal 0.0 0.0 -1.0
  outer loop
    vertex 2111.0595514628635 222.0937776133771 563.1619999999962
    vertex 2147.132500038444 228.25000000000043 563.1619999999963
    vertex 2111.457500038444 221.9289419162446 563.1619999999962
  endloop
endfacet
facet normal 0.0 0.0 -1.0
  outer loop
    vertex 2111.457500038444 221.9289419162446 563.1619999999962
    vertex 2147.132500038444 228.25000000000043 563.1619999999963
    vertex 2111.7992262274015 221.66672618895808 563.1619999999962
  endloop
endfacet
facet normal 0.0 0.0 -1.0
  outer loop
    vertex 2111.7992262274015 221.66672618895808 563.1619999999962
    vertex 2147.132500038444 228.25000000000043 563.1619999999963
    vertex 2112.0614419546882 221.3250000000003 563.1619999999962
  endloop
endfacet
facet normal 0.0 0.0 -1.0
  outer loop
    vertex 2112.0614419546882 221.3250000000003 563.1619999999962
    vertex 2147.132500038444 228.25000000000043 563.1619999999963
    vertex 2112.226277651821 220.92705142441943 563.1619999999962
  endloop
endfacet
facet normal 0.0 0.0 -1.0
  outer loop
    vertex 2112.226277651821 220.92705142441943 563.1619999999962
    vertex 2147.132500038444 228.25000000000043 563.1619999999963
    vertex 2112.2825000384437 220.50000000000028 563.1619999999962
  endloop
endfacet
facet normal 0.0 0.0 -1.0
  outer loop
    vertex 2112.2825000384437 220.50000000000028 563.1619999999962
    vertex 2147.132500038444 228.25000000000043 563.1619999999963
    vertex 2120.382500038444 214.9592921435213 563.1619999999964
  endloop
endfacet
facet normal 0.0 0.0 -1.0
  outer loop
    vertex 2112.2825000384437 220.50000000000028 563.1619999999962
    vertex 2120.382500038444 214.9592921435213 563.1619999999964
    vertex 2118.0007720547987 213.1317279836455 563.1619999999964
  endloop
endfacet
facet normal 0.0 0.0 -1.0
  outer loop
    vertex 2112.2825000384437 220.50000000000028 563.1619999999962
    vertex 2118.0007720547987 213.1317279836455 563.1619999999964
    vertex 2116.1732078949226 210.75000000000009 563.1619999999964
  endloop
endfacet
facet normal 0.0 0.0 -1.0
  outer loop
    vertex 2112.2825000384437 220.50000000000028 563.1619999999962
    vertex 2116.1732078949226 210.75000000000009 563.1619999999964
    vertex 2115.02435303612 207.97641901867925 563.1619999999964
  endloop
endfacet
facet normal 0.0 0.0 -1.0
  outer loop
    vertex 2112.2825000384437 220.50000000000028 563.1619999999962
    vertex 2115.02435303612 207.97641901867925 563.1619999999964
    vertex 2112.2825000384437 189.5000000000003 563.1619999999962
  endloop
endfacet
facet normal 0.0 0.0 -1.0
  outer loop
    vertex 2112.2825000384437 189.5000000000003 563.1619999999962
    vertex 2115.02435303612 207.97641901867925 563.1619999999964
    vertex 2114.632500038444 205.0000000000003 563.1619999999964
  endloop
endfacet
facet normal 0.0 0.0 -1.0
  outer loop
    vertex 2120.382500038444 214.9592921435213 563.1619999999964
    vertex 2147.132500038444 228.25000000000043 563.1619999999963
    vertex 2123.156081019765 216.10814700232427 563.1619999999962
  endloop
endfacet
facet normal 0.0 0.0 -1.0
  outer loop
    vertex 2123.156081019765 216.10814700232427 563.1619999999962
    vertex 2147.132500038444 228.25000000000043 563.1619999999963
    vertex 2126.1325000384445 216.5000000000002 563.1619999999962
  endloop
endfacet
facet normal 0.0 0.0 -1.0
  outer loop
    vertex 2126.1325000384445 216.5000000000002 563.1619999999962
    vertex 2147.132500038444 228.25000000000043 563.1619999999963
    vertex 2129.1089190571233 216.10814700232427 563.1619999999962
  endloop
endfacet
facet normal 0.0 0.0 -1.0
  outer loop
    vertex 2129.1089190571233 216.10814700232427 563.1619999999962
    vertex 2147.132500038444 228.25000000000043 563.1619999999963
    vertex 2131.8825000384436 214.9592921435213 563.1619999999962
  endloop
endfacet
facet normal 0.0 0.0 -1.0
  outer loop
    vertex 2131.8825000384436 214.9592921435213 563.1619999999962
    vertex 2147.132500038444 228.25000000000043 563.1619999999963
    vertex 2140.4657738494857 221.666726188958 563.161999999996
  endloop
endfacet
facet normal 0.0 0.0 -1.0
  outer loop
    vertex 2131.8825000384436 214.9592921435213 563.1619999999962
    vertex 2140.4657738494857 221.666726188958 563.161999999996
    vertex 2140.203558122199 221.3250000000002 563.161999999996
  endloop
endfacet
facet normal 0.0 0.0 -1.0
  outer loop
    vertex 2131.8825000384436 214.9592921435213 563.1619999999962
    vertex 2140.203558122199 221.3250000000002 563.161999999996
    vertex 2134.264228022089 213.1317279836455 563.1619999999962
  endloop
endfacet
facet normal 0.0 0.0 -1.0
  outer loop
    vertex 2134.264228022089 213.1317279836455 563.1619999999962
    vertex 2140.203558122199 221.3250000000002 563.161999999996
    vertex 2140.038722425066 220.92705142441935 563.161999999996
  endloop
endfacet
facet normal 0.0 0.0 -1.0
  outer loop
    vertex 2134.264228022089 213.1317279836455 563.1619999999962
    vertex 2140.038722425066 220.92705142441935 563.161999999996
    vertex 2136.0917921819655 210.75000000000009 563.1619999999962
  endloop
endfacet
facet normal 0.0 0.0 -1.0
  outer loop
    vertex 2136.0917921819655 210.75000000000009 563.1619999999962
    vertex 2140.038722425066 220.92705142441935 563.161999999996
    vertex 2137.2406470407677 207.97641901867925 563.1619999999962
  endloop
endfacet
facet normal 0.0 0.0 -1.0
  outer loop
    vertex 2137.2406470407677 207.97641901867925 563.1619999999962
    vertex 2140.038722425066 220.92705142441935 563.161999999996
    vertex 2137.632500038444 205.0000000000003 563.1619999999962
  endloop
endfacet
facet normal 0.0 0.0 -1.0
  outer loop
    vertex 2137.632500038444 205.0000000000003 563.1619999999962
    vertex 2140.038722425066 220.92705142441935 563.161999999996
    vertex 2139.9825000384435 220.5000000000002 563.161999999996
  endloop
endfacet
facet normal 0.0 0.0 -1.0
  outer loop
    vertex 2140.4657738494857 221.666726188958 563.161999999996
    vertex 2147.132500038444 228.25000000000043 563.1619999999963
    vertex 2140.807500038444 221.92894191624453 563.161999999996
  endloop
endfacet
facet normal 0.0 0.0 -1.0
  outer loop
    vertex 2140.807500038444 221.92894191624453 563.161999999996
    vertex 2147.132500038444 228.25000000000043 563.1619999999963
    vertex 2141.2054486140246 222.09377761337694 563.161999999996
  endloop
endfacet
facet normal 0.0 0.0 -1.0
  outer loop
    vertex 2141.2054486140246 222.09377761337694 563.161999999996
    vertex 2147.132500038444 228.25000000000043 563.1619999999963
    vertex 2141.6325000384436 222.15 563.161999999996
  endloop
endfacet
facet normal 0.0 0.0 -1.0
  outer loop
    vertex 2141.6325000384436 222.15 563.161999999996
    vertex 2147.132500038444 228.25000000000043 563.1619999999963
    vertex 2142.0595514628626 222.09377761337694 563.161999999996
  endloop
endfacet
facet normal 0.0 0.0 -1.0
  outer loop
    vertex 2142.0595514628626 222.09377761337694 563.161999999996
    vertex 2147.132500038444 228.25000000000043 563.1619999999963
    vertex 2142.4575000384434 221.92894191624433 563.161999999996
  endloop
endfacet
facet normal 0.0 0.0 -1.0
  outer loop
    vertex 2142.4575000384434 221.92894191624433 563.161999999996
    vertex 2147.132500038444 228.25000000000043 563.1619999999963
    vertex 2142.799226227401 221.666726188958 563.161999999996
  endloop
endfacet
facet normal 0.0 0.0 -1.0
  outer loop
    vertex 2142.799226227401 221.666726188958 563.161999999996
    vertex 2147.132500038444 228.25000000000043 563.1619999999963
    vertex 2143.061441954688 221.3250000000002 563.161999999996
  endloop
endfacet
facet normal 0.0 0.0 -1.0
  outer loop
    vertex 2143.061441954688 221.3250000000002 563.161999999996
    vertex 2147.132500038444 228.25000000000043 563.1619999999963
    vertex 2143.22627765182 220.92705142441926 563.161999999996
  endloop
endfacet
facet normal 0.0 0.0 -1.0
  outer loop
    vertex 2143.22627765182 220.92705142441926 563.161999999996
    vertex 2147.132500038444 228.25000000000043 563.1619999999963
    vertex 2143.2825000384432 220.5000000000001 563.161999999996
  endloop
endfacet
facet normal 0.0 0.0 -1.0
  outer loop
    vertex 2143.2825000384432 220.5000000000001 563.161999999996
    vertex 2147.132500038444 228.25000000000043 563.1619999999963
    vertex 2143.2825000384432 189.5000000000003 563.161999999996
  endloop
endfacet
facet normal 0.0 0.0 -1.0
  outer loop
    vertex 2143.2825000384432 189.5000000000003 563.161999999996
    vertex 2147.132500038444 228.25000000000043 563.1619999999963
    vertex 2147.132500038443 181.75000000000017 563.1619999999963
  endloop
endfacet
facet normal 0.0 0.0 -1.0
  outer loop
    vertex 2105.1325000384463 181.75000000000017 563.1619999999963
    vertex 2110.205448614025 187.9062223866232 563.1619999999962
    vertex 2147.132500038443 181.75000000000017 563.1619999999963
  endloop
endfacet
facet normal 0.0 0.0 -1.0
  outer loop
    vertex 2110.205448614025 187.9062223866232 563.1619999999962
    vertex 2105.1325000384463 181.75000000000017 563.1619999999963
    vertex 2109.8075000384442 188.07105808375582 563.1619999999962
  endloop
endfacet
facet normal 0.0 0.0 -1.0
  outer loop
    vertex 2109.8075000384442 188.07105808375582 563.1619999999962
    vertex 2105.1325000384463 181.75000000000017 563.1619999999963
    vertex 2109.465773849486 188.33327381104235 563.1619999999962
  endloop
endfacet
facet normal 0.0 0.0 -1.0
  outer loop
    vertex 2109.465773849486 188.33327381104235 563.1619999999962
    vertex 2105.1325000384463 181.75000000000017 563.1619999999963
    vertex 2109.2035581222003 188.67500000000013 563.1619999999962
  endloop
endfacet
facet normal 0.0 0.0 -1.0
  outer loop
    vertex 2109.2035581222003 188.67500000000013 563.1619999999962
    vertex 2105.1325000384463 181.75000000000017 563.1619999999963
    vertex 2109.038722425067 189.072948575581 563.1619999999962
  endloop
endfacet
facet normal 0.0 0.0 -1.0
  outer loop
    vertex 2109.038722425067 189.072948575581 563.1619999999962
    vertex 2105.1325000384463 181.75000000000017 563.1619999999963
    vertex 2108.982500038444 189.5000000000001 563.1619999999962
  endloop
endfacet
facet normal 0.0 0.0 -1.0
  outer loop
    vertex 2108.982500038444 189.5000000000001 563.1619999999962
    vertex 2105.1325000384463 181.75000000000017 563.1619999999963
    vertex 2105.1325000384463 228.25000000000043 563.1619999999963
  endloop
endfacet
facet normal 0.0 0.0 -1.0
  outer loop
    vertex 2108.982500038444 189.5000000000001 563.1619999999962
    vertex 2105.1325000384463 228.25000000000043 563.1619999999963
    vertex 2108.982500038444 220.5000000000001 563.1619999999962
  endloop
endfacet
facet normal 0.0 0.0 -1.0
  outer loop
    vertex 2147.132500038443 181.75000000000017 563.1619999999963
    vertex 2110.205448614025 187.9062223866232 563.1619999999962
    vertex 2110.632500038444 187.85000000000014 563.1619999999962
  endloop
endfacet
facet normal 0.0 0.0 -1.0
  outer loop
    vertex 2147.132500038443 181.75000000000017 563.1619999999963
    vertex 2110.632500038444 187.85000000000014 563.1619999999962
    vertex 2111.0595514628635 187.9062223866234 563.1619999999962
  endloop
endfacet
facet normal 0.0 0.0 -1.0
  outer loop
    vertex 2147.132500038443 181.75000000000017 563.1619999999963
    vertex 2111.0595514628635 187.9062223866234 563.1619999999962
    vertex 2111.457500038444 188.071058083756 563.1619999999962
  endloop
endfacet
facet normal 0.0 0.0 -1.0
  outer loop
    vertex 2147.132500038443 181.75000000000017 563.1619999999963
    vertex 2111.457500038444 188.071058083756 563.1619999999962
    vertex 2111.7992262274015 188.33327381104252 563.1619999999962
  endloop
endfacet
facet normal 0.0 0.0 -1.0
  outer loop
    vertex 2147.132500038443 181.75000000000017 563.1619999999963
    vertex 2111.7992262274015 188.33327381104252 563.1619999999962
    vertex 2112.0614419546882 188.67500000000032 563.1619999999962
  endloop
endfacet
facet normal 0.0 0.0 -1.0
  outer loop
    vertex 2147.132500038443 181.75000000000017 563.1619999999963
    vertex 2112.0614419546882 188.67500000000032 563.1619999999962
    vertex 2112.226277651821 189.07294857558117 563.1619999999962
  endloop
endfacet
facet normal 0.0 0.0 -1.0
  outer loop
    vertex 2147.132500038443 181.75000000000017 563.1619999999963
    vertex 2112.226277651821 189.07294857558117 563.1619999999962
    vertex 2112.2825000384437 189.5000000000003 563.1619999999962
  endloop
endfacet
facet normal 0.0 0.0 -1.0
  outer loop
    vertex 2147.132500038443 181.75000000000017 563.1619999999963
    vertex 2112.2825000384437 189.5000000000003 563.1619999999962
    vertex 2120.382500038444 195.0407078564793 563.1619999999962
  endloop
endfacet
facet normal 0.0 0.0 -1.0
  outer loop
    vertex 2120.382500038444 195.0407078564793 563.1619999999962
    vertex 2112.2825000384437 189.5000000000003 563.1619999999962
    vertex 2118.0007720547987 196.8682720163551 563.1619999999964
  endloop
endfacet
facet normal 0.0 0.0 -1.0
  outer loop
    vertex 2118.0007720547987 196.8682720163551 563.1619999999964
    vertex 2112.2825000384437 189.5000000000003 563.1619999999962
    vertex 2116.1732078949235 199.25000000000017 563.1619999999964
  endloop
endfacet
facet normal 0.0 0.0 -1.0
  outer loop
    vertex 2116.1732078949235 199.25000000000017 563.1619999999964
    vertex 2112.2825000384437 189.5000000000003 563.1619999999962
    vertex 2115.02435303612 202.02358098132135 563.1619999999964
  endloop
endfacet
facet normal 0.0 0.0 -1.0
  outer loop
    vertex 2115.02435303612 202.02358098132135 563.1619999999964
    vertex 2112.2825000384437 189.5000000000003 563.1619999999962
    vertex 2114.632500038444 205.0000000000003 563.1619999999964
  endloop
endfacet
facet normal 0.0 0.0 -1.0
  outer loop
    vertex 2147.132500038443 181.75000000000017 563.1619999999963
    vertex 2120.382500038444 195.0407078564793 563.1619999999962
    vertex 2123.1560810197648 193.89185299767595 563.1619999999962
  endloop
endfacet
facet normal 0.0 0.0 -1.0
  outer loop
    vertex 2147.132500038443 181.75000000000017 563.1619999999963
    vertex 2123.1560810197648 193.89185299767595 563.1619999999962
    vertex 2126.1325000384445 193.5000000000004 563.1619999999962
  endloop
endfacet
facet normal 0.0 0.0 -1.0
  outer loop
    vertex 2147.132500038443 181.75000000000017 563.1619999999963
    vertex 2126.1325000384445 193.5000000000004 563.1619999999962
    vertex 2129.1089190571233 193.89185299767595 563.1619999999962
  endloop
endfacet
facet normal 0.0 0.0 -1.0
  outer loop
    vertex 2147.132500038443 181.75000000000017 563.1619999999963
    vertex 2129.1089190571233 193.89185299767595 563.1619999999962
    vertex 2131.8825000384436 195.0407078564793 563.1619999999962
  endloop
endfacet
facet normal 0.0 0.0 -1.0
  outer loop
    vertex 2147.132500038443 181.75000000000017 563.1619999999963
    vertex 2131.8825000384436 195.0407078564793 563.1619999999962
    vertex 2140.4657738494857 188.33327381104252 563.161999999996
  endloop
endfacet
facet normal 0.0 0.0 -1.0
  outer loop
    vertex 2140.4657738494857 188.33327381104252 563.161999999996
    vertex 2131.8825000384436 195.0407078564793 563.1619999999962
    vertex 2140.203558122199 188.67500000000032 563.161999999996
  endloop
endfacet
facet normal 0.0 0.0 -1.0
  outer loop
    vertex 2140.203558122199 188.67500000000032 563.161999999996
    vertex 2131.8825000384436 195.0407078564793 563.1619999999962
    vertex 2134.2642280220894 196.8682720163551 563.1619999999962
  endloop
endfacet
facet normal 0.0 0.0 -1.0
  outer loop
    vertex 2140.203558122199 188.67500000000032 563.161999999996
    vertex 2134.2642280220894 196.8682720163551 563.1619999999962
    vertex 2140.038722425066 189.07294857558117 563.161999999996
  endloop
endfacet
facet normal 0.0 0.0 -1.0
  outer loop
    vertex 2140.038722425066 189.07294857558117 563.161999999996
    vertex 2134.2642280220894 196.8682720163551 563.1619999999962
    vertex 2136.0917921819655 199.25000000000017 563.1619999999962
  endloop
endfacet
facet normal 0.0 0.0 -1.0
  outer loop
    vertex 2140.038722425066 189.07294857558117 563.161999999996
    vertex 2136.0917921819655 199.25000000000017 563.1619999999962
    vertex 2137.2406470407677 202.02358098132135 563.1619999999962
  endloop
endfacet
facet normal 0.0 0.0 -1.0
  outer loop
    vertex 2140.038722425066 189.07294857558117 563.161999999996
    vertex 2137.2406470407677 202.02358098132135 563.1619999999962
    vertex 2137.632500038444 205.0000000000003 563.1619999999962
  endloop
endfacet
facet normal 0.0 0.0 -1.0
  outer loop
    vertex 2140.038722425066 189.07294857558117 563.161999999996
    vertex 2137.632500038444 205.0000000000003 563.1619999999962
    vertex 2139.9825000384435 189.5000000000003 563.161999999996
  endloop
endfacet
facet normal 0.0 0.0 -1.0
  outer loop
    vertex 2139.9825000384435 189.5000000000003 563.161999999996
    vertex 2137.632500038444 205.0000000000003 563.1619999999962
    vertex 2139.9825000384435 220.5000000000002 563.161999999996
  endloop
endfacet
facet normal 0.0 0.0 -1.0
  outer loop
    vertex 2147.132500038443 181.75000000000017 563.1619999999963
    vertex 2140.4657738494857 188.33327381104252 563.161999999996
    vertex 2140.8075000384433 188.071058083756 563.161999999996
  endloop
endfacet
facet normal 0.0 0.0 -1.0
  outer loop
    vertex 2147.132500038443 181.75000000000017 563.1619999999963
    vertex 2140.8075000384433 188.071058083756 563.161999999996
    vertex 2141.2054486140246 187.9062223866232 563.161999999996
  endloop
endfacet
facet normal 0.0 0.0 -1.0
  outer loop
    vertex 2147.132500038443 181.75000000000017 563.1619999999963
    vertex 2141.2054486140246 187.9062223866232 563.161999999996
    vertex 2141.6325000384436 187.85000000000014 563.161999999996
  endloop
endfacet
facet normal 0.0 0.0 -1.0
  outer loop
    vertex 2147.132500038443 181.75000000000017 563.1619999999963
    vertex 2141.6325000384436 187.85000000000014 563.161999999996
    vertex 2142.0595514628626 187.9062223866232 563.161999999996
  endloop
endfacet
facet normal 0.0 0.0 -1.0
  outer loop
    vertex 2147.132500038443 181.75000000000017 563.1619999999963
    vertex 2142.0595514628626 187.9062223866232 563.161999999996
    vertex 2142.4575000384434 188.07105808375582 563.161999999996
  endloop
endfacet
facet normal 0.0 0.0 -1.0
  outer loop
    vertex 2147.132500038443 181.75000000000017 563.1619999999963
    vertex 2142.4575000384434 188.07105808375582 563.161999999996
    vertex 2142.799226227401 188.33327381104235 563.161999999996
  endloop
endfacet
facet normal 0.0 0.0 -1.0
  outer loop
    vertex 2147.132500038443 181.75000000000017 563.1619999999963
    vertex 2142.799226227401 188.33327381104235 563.161999999996
    vertex 2143.061441954688 188.6750000000004 563.161999999996
  endloop
endfacet
facet normal 0.0 0.0 -1.0
  outer loop
    vertex 2147.132500038443 181.75000000000017 563.1619999999963
    vertex 2143.061441954688 188.6750000000004 563.161999999996
    vertex 2143.22627765182 189.07294857558117 563.161999999996
  endloop
endfacet
facet normal 0.0 0.0 -1.0
  outer loop
    vertex 2147.132500038443 181.75000000000017 563.1619999999963
    vertex 2143.22627765182 189.07294857558117 563.161999999996
    vertex 2143.2825000384432 189.5000000000003 563.161999999996
  endloop
endfacet
facet normal 0.0 0.0 -1.0
  outer loop
    vertex 2140.038722425066 220.07294857558108 563.161999999996
    vertex 2139.9825000384435 189.5000000000003 563.161999999996
    vertex 2139.9825000384435 220.5000000000002 563.161999999996
  endloop
endfacet
facet normal 0.0 0.0 -1.0
  outer loop
    vertex 2139.9825000384435 189.5000000000003 563.161999999996
    vertex 2140.038722425066 220.07294857558108 563.161999999996
    vertex 2140.0387224250667 189.92705142441943 563.161999999996
  endloop
endfacet
facet normal 0.0 0.0 -1.0
  outer loop
    vertex 2140.0387224250667 189.92705142441943 563.161999999996
    vertex 2140.038722425066 220.07294857558108 563.161999999996
    vertex 2140.203558122199 219.6750000000002 563.161999999996
  endloop
endfacet
facet normal 0.0 0.0 -1.0
  outer loop
    vertex 2140.0387224250667 189.92705142441943 563.161999999996
    vertex 2140.203558122199 219.6750000000002 563.161999999996
    vertex 2140.2035581221994 190.3250000000003 563.161999999996
  endloop
endfacet
facet normal 0.0 0.0 -1.0
  outer loop
    vertex 2140.2035581221994 190.3250000000003 563.161999999996
    vertex 2140.203558122199 219.6750000000002 563.161999999996
    vertex 2140.4657738494857 219.33327381104243 563.161999999996
  endloop
endfacet
facet normal 0.0 0.0 -1.0
  outer loop
    vertex 2140.2035581221994 190.3250000000003 563.161999999996
    vertex 2140.4657738494857 219.33327381104243 563.161999999996
    vertex 2140.4657738494857 190.66672618895808 563.161999999996
  endloop
endfacet
facet normal 0.0 0.0 -1.0
  outer loop
    vertex 2140.4657738494857 190.66672618895808 563.161999999996
    vertex 2140.4657738494857 219.33327381104243 563.161999999996
    vertex 2140.807500038444 219.0710580837559 563.161999999996
  endloop
endfacet
facet normal 0.0 0.0 -1.0
  outer loop
    vertex 2140.4657738494857 190.66672618895808 563.161999999996
    vertex 2140.807500038444 219.0710580837559 563.161999999996
    vertex 2140.807500038444 190.9289419162446 563.161999999996
  endloop
endfacet
facet normal 0.0 0.0 -1.0
  outer loop
    vertex 2140.807500038444 190.9289419162446 563.161999999996
    vertex 2140.807500038444 219.0710580837559 563.161999999996
    vertex 2141.2054486140246 218.9062223866231 563.161999999996
  endloop
endfacet
facet normal 0.0 0.0 -1.0
  outer loop
    vertex 2140.807500038444 190.9289419162446 563.161999999996
    vertex 2141.2054486140246 218.9062223866231 563.161999999996
    vertex 2141.2054486140246 191.09377761337706 563.161999999996
  endloop
endfacet
facet normal 0.0 0.0 -1.0
  outer loop
    vertex 2141.2054486140246 191.09377761337706 563.161999999996
    vertex 2141.2054486140246 218.9062223866231 563.161999999996
    vertex 2141.6325000384436 218.85000000000005 563.161999999996
  endloop
endfacet
facet normal 0.0 0.0 -1.0
  outer loop
    vertex 2141.2054486140246 191.09377761337706 563.161999999996
    vertex 2141.6325000384436 218.85000000000005 563.161999999996
    vertex 2141.6325000384436 191.15000000000012 563.161999999996
  endloop
endfacet
facet normal 0.0 0.0 -1.0
  outer loop
    vertex 2141.6325000384436 191.15000000000012 563.161999999996
    vertex 2141.6325000384436 218.85000000000005 563.161999999996
    vertex 2142.0595514628626 218.9062223866231 563.161999999996
  endloop
endfacet
facet normal 0.0 0.0 -1.0
  outer loop
    vertex 2141.6325000384436 191.15000000000012 563.161999999996
    vertex 2142.0595514628626 218.9062223866231 563.161999999996
    vertex 2142.0595514628626 191.09377761337706 563.161999999996
  endloop
endfacet
facet normal 0.0 0.0 -1.0
  outer loop
    vertex 2142.0595514628626 191.09377761337706 563.161999999996
    vertex 2142.0595514628626 218.9062223866231 563.161999999996
    vertex 2142.4575000384434 219.0710580837557 563.161999999996
  endloop
endfacet
facet normal 0.0 0.0 -1.0
  outer loop
    vertex 2142.0595514628626 191.09377761337706 563.161999999996
    vertex 2142.4575000384434 219.0710580837557 563.161999999996
    vertex 2142.4575000384434 190.92894191624444 563.161999999996
  endloop
endfacet
facet normal 0.0 0.0 -1.0
  outer loop
    vertex 2142.4575000384434 190.92894191624444 563.161999999996
    vertex 2142.4575000384434 219.0710580837557 563.161999999996
    vertex 2142.799226227401 219.33327381104243 563.161999999996
  endloop
endfacet
facet normal 0.0 0.0 -1.0
  outer loop
    vertex 2142.4575000384434 190.92894191624444 563.161999999996
    vertex 2142.799226227401 219.33327381104243 563.161999999996
    vertex 2142.7992262274015 190.6667261889579 563.161999999996
  endloop
endfacet
facet normal 0.0 0.0 -1.0
  outer loop
    vertex 2142.7992262274015 190.6667261889579 563.161999999996
    vertex 2142.799226227401 219.33327381104243 563.161999999996
    vertex 2143.061441954688 219.6750000000002 563.161999999996
  endloop
endfacet
facet normal 0.0 0.0 -1.0
  outer loop
    vertex 2142.7992262274015 190.6667261889579 563.161999999996
    vertex 2143.061441954688 219.6750000000002 563.161999999996
    vertex 2143.061441954688 190.3250000000004 563.161999999996
  endloop
endfacet
facet normal 0.0 0.0 -1.0
  outer loop
    vertex 2143.061441954688 190.3250000000004 563.161999999996
    vertex 2143.061441954688 219.6750000000002 563.161999999996
    vertex 2143.22627765182 220.07294857558097 563.161999999996
  endloop
endfacet
facet normal 0.0 0.0 -1.0
  outer loop
    vertex 2143.061441954688 190.3250000000004 563.161999999996
    vertex 2143.22627765182 220.07294857558097 563.161999999996
    vertex 2143.2262776518205 189.92705142441943 563.161999999996
  endloop
endfacet
facet normal 0.0 0.0 -1.0
  outer loop
    vertex 2143.2262776518205 189.92705142441943 563.161999999996
    vertex 2143.22627765182 220.07294857558097 563.161999999996
    vertex 2143.2825000384432 220.5000000000001 563.161999999996
  endloop
endfacet
facet normal 0.0 0.0 -1.0
  outer loop
    vertex 2143.2262776518205 189.92705142441943 563.161999999996
    vertex 2143.2825000384432 220.5000000000001 563.161999999996
    vertex 2143.2825000384432 189.5000000000003 563.161999999996
  endloop
endfacet
facet normal 0.0 0.0 -1.0
  outer loop
    vertex 2109.038722425067 220.07294857558097 563.1619999999962
    vertex 2108.982500038444 189.5000000000001 563.1619999999962
    vertex 2108.982500038444 220.5000000000001 563.1619999999962
  endloop
endfacet
facet normal 0.0 0.0 -1.0
  outer loop
    vertex 2108.982500038444 189.5000000000001 563.1619999999962
    vertex 2109.038722425067 220.07294857558097 563.1619999999962
    vertex 2109.038722425067 189.92705142441926 563.1619999999962
  endloop
endfacet
facet normal 0.0 0.0 -1.0
  outer loop
    vertex 2109.038722425067 189.92705142441926 563.1619999999962
    vertex 2109.038722425067 220.07294857558097 563.1619999999962
    vertex 2109.2035581222003 219.67500000000013 563.1619999999962
  endloop
endfacet
facet normal 0.0 0.0 -1.0
  outer loop
    vertex 2109.038722425067 189.92705142441926 563.1619999999962
    vertex 2109.2035581222003 219.67500000000013 563.1619999999962
    vertex 2109.2035581222003 190.32500000000013 563.1619999999962
  endloop
endfacet
facet normal 0.0 0.0 -1.0
  outer loop
    vertex 2109.2035581222003 190.32500000000013 563.1619999999962
    vertex 2109.2035581222003 219.67500000000013 563.1619999999962
    vertex 2109.465773849486 219.33327381104235 563.1619999999962
  endloop
endfacet
facet normal 0.0 0.0 -1.0
  outer loop
    vertex 2109.2035581222003 190.32500000000013 563.1619999999962
    vertex 2109.465773849486 219.33327381104235 563.1619999999962
    vertex 2109.4657738494866 190.6667261889579 563.1619999999962
  endloop
endfacet
facet normal 0.0 0.0 -1.0
  outer loop
    vertex 2109.4657738494866 190.6667261889579 563.1619999999962
    vertex 2109.465773849486 219.33327381104235 563.1619999999962
    vertex 2109.8075000384442 219.07105808375582 563.1619999999962
  endloop
endfacet
facet normal 0.0 0.0 -1.0
  outer loop
    vertex 2109.4657738494866 190.6667261889579 563.1619999999962
    vertex 2109.8075000384442 219.07105808375582 563.1619999999962
    vertex 2109.8075000384442 190.92894191624444 563.1619999999962
  endloop
endfacet
facet normal 0.0 0.0 -1.0
  outer loop
    vertex 2109.8075000384442 190.92894191624444 563.1619999999962
    vertex 2109.8075000384442 219.07105808375582 563.1619999999962
    vertex 2110.205448614025 218.9062223866232 563.1619999999962
  endloop
endfacet
facet normal 0.0 0.0 -1.0
  outer loop
    vertex 2109.8075000384442 190.92894191624444 563.1619999999962
    vertex 2110.205448614025 218.9062223866232 563.1619999999962
    vertex 2110.205448614025 191.09377761337706 563.1619999999962
  endloop
endfacet
facet normal 0.0 0.0 -1.0
  outer loop
    vertex 2110.205448614025 191.09377761337706 563.1619999999962
    vertex 2110.205448614025 218.9062223866232 563.1619999999962
    vertex 2110.632500038444 218.8500000000003 563.1619999999962
  endloop
endfacet
facet normal 0.0 0.0 -1.0
  outer loop
    vertex 2110.205448614025 191.09377761337706 563.1619999999962
    vertex 2110.632500038444 218.8500000000003 563.1619999999962
    vertex 2110.632500038444 191.1500000000003 563.1619999999962
  endloop
endfacet
facet normal 0.0 0.0 -1.0
  outer loop
    vertex 2110.632500038444 191.1500000000003 563.1619999999962
    vertex 2110.632500038444 218.8500000000003 563.1619999999962
    vertex 2111.0595514628635 218.90622238662328 563.1619999999962
  endloop
endfacet
facet normal 0.0 0.0 -1.0
  outer loop
    vertex 2110.632500038444 191.1500000000003 563.1619999999962
    vertex 2111.0595514628635 218.90622238662328 563.1619999999962
    vertex 2111.0595514628635 191.09377761337723 563.1619999999962
  endloop
endfacet
facet normal 0.0 0.0 -1.0
  outer loop
    vertex 2111.0595514628635 191.09377761337723 563.1619999999962
    vertex 2111.0595514628635 218.90622238662328 563.1619999999962
    vertex 2111.457500038444 219.071058083756 563.1619999999962
  endloop
endfacet
facet normal 0.0 0.0 -1.0
  outer loop
    vertex 2111.0595514628635 191.09377761337723 563.1619999999962
    vertex 2111.457500038444 219.071058083756 563.1619999999962
    vertex 2111.457500038444 190.9289419162446 563.1619999999962
  endloop
endfacet
facet normal 0.0 0.0 -1.0
  outer loop
    vertex 2111.457500038444 190.9289419162446 563.1619999999962
    vertex 2111.457500038444 219.071058083756 563.1619999999962
    vertex 2111.7992262274015 219.33327381104252 563.1619999999962
  endloop
endfacet
facet normal 0.0 0.0 -1.0
  outer loop
    vertex 2111.457500038444 190.9289419162446 563.1619999999962
    vertex 2111.7992262274015 219.33327381104252 563.1619999999962
    vertex 2111.799226227402 190.66672618895808 563.1619999999962
  endloop
endfacet
facet normal 0.0 0.0 -1.0
  outer loop
    vertex 2111.799226227402 190.66672618895808 563.1619999999962
    vertex 2111.7992262274015 219.33327381104252 563.1619999999962
    vertex 2112.0614419546882 219.6750000000003 563.1619999999962
  endloop
endfacet
facet normal 0.0 0.0 -1.0
  outer loop
    vertex 2111.799226227402 190.66672618895808 563.1619999999962
    vertex 2112.0614419546882 219.6750000000003 563.1619999999962
    vertex 2112.0614419546882 190.3250000000003 563.1619999999962
  endloop
endfacet
facet normal 0.0 0.0 -1.0
  outer loop
    vertex 2112.0614419546882 190.3250000000003 563.1619999999962
    vertex 2112.0614419546882 219.6750000000003 563.1619999999962
    vertex 2112.226277651821 220.07294857558117 563.1619999999962
  endloop
endfacet
facet normal 0.0 0.0 -1.0
  outer loop
    vertex 2112.0614419546882 190.3250000000003 563.1619999999962
    vertex 2112.226277651821 220.07294857558117 563.1619999999962
    vertex 2112.226277651821 189.92705142441943 563.1619999999962
  endloop
endfacet
facet normal 0.0 0.0 -1.0
  outer loop
    vertex 2112.226277651821 189.92705142441943 563.1619999999962
    vertex 2112.226277651821 220.07294857558117 563.1619999999962
    vertex 2112.2825000384437 220.50000000000028 563.1619999999962
  endloop
endfacet
facet normal 0.0 0.0 -1.0
  outer loop
    vertex 2112.226277651821 189.92705142441943 563.1619999999962
    vertex 2112.2825000384437 220.50000000000028 563.1619999999962
    vertex 2112.2825000384437 189.5000000000003 563.1619999999962
  endloop
endfacet
facet normal -0.9914448613738129 0.13052619222003356 -4.4735064513227376e-14
  outer loop
    vertex 2137.632500038444 205.0000000000003 566.1619999999959
    vertex 2137.2406470407677 202.02358098132135 563.1619999999962
    vertex 2137.2406470407677 202.02358098132135 566.1619999999959
  endloop
endfacet
facet normal -0.9914448613738129 0.13052619222003356 -4.4735064513227376e-14
  outer loop
    vertex 2137.2406470407677 202.02358098132135 563.1619999999962
    vertex 2137.632500038444 205.0000000000003 566.1619999999959
    vertex 2137.632500038444 205.0000000000003 563.1619999999962
  endloop
endfacet
facet normal -0.9914448613738129 -0.13052619222003356 -4.4735064513227376e-14
  outer loop
    vertex 2137.2406470407677 207.97641901867925 566.1619999999959
    vertex 2137.632500038444 205.0000000000003 563.1619999999962
    vertex 2137.632500038444 205.0000000000003 566.1619999999959
  endloop
endfacet
facet normal -0.9914448613738129 -0.13052619222003356 -4.4735064513227376e-14
  outer loop
    vertex 2137.632500038444 205.0000000000003 563.1619999999962
    vertex 2137.2406470407677 207.97641901867925 566.1619999999959
    vertex 2137.2406470407677 207.97641901867925 563.1619999999962
  endloop
endfacet
facet normal -0.9238795325112852 -0.3826834323650935 -4.1690482787553686e-14
  outer loop
    vertex 2136.091792181965 210.75000000000009 566.1619999999959
    vertex 2137.2406470407677 207.97641901867925 563.1619999999962
    vertex 2137.2406470407677 207.97641901867925 566.1619999999959
  endloop
endfacet
facet normal -0.9238795325112852 -0.3826834323650935 -4.1690482787553686e-14
  outer loop
    vertex 2137.2406470407677 207.97641901867925 563.1619999999962
    vertex 2136.091792181965 210.75000000000009 566.1619999999959
    vertex 2136.0917921819655 210.75000000000009 563.1619999999962
  endloop
endfacet
facet normal -0.7933533402912202 -0.6087614290087402 -3.5821239353647597e-14
  outer loop
    vertex 2134.264228022089 213.1317279836455 566.1619999999959
    vertex 2136.0917921819655 210.75000000000009 563.1619999999962
    vertex 2136.091792181965 210.75000000000009 566.1619999999959
  endloop
endfacet
facet normal -0.7933533402912202 -0.6087614290087402 -3.5821239353647597e-14
  outer loop
    vertex 2136.0917921819655 210.75000000000009 563.1619999999962
    vertex 2134.264228022089 213.1317279836455 566.1619999999959
    vertex 2134.264228022089 213.1317279836455 563.1619999999962
  endloop
endfacet
facet normal -0.6087614290087402 -0.7933533402912202 -2.7460506488860758e-14
  outer loop
    vertex 2134.264228022089 213.1317279836455 566.1619999999959
    vertex 2131.8825000384436 214.9592921435213 563.1619999999962
    vertex 2134.264228022089 213.1317279836455 563.1619999999962
  endloop
endfacet
facet normal -0.6087614290087402 -0.7933533402912202 -2.7460506488860758e-14
  outer loop
    vertex 2131.8825000384436 214.9592921435213 563.1619999999962
    vertex 2134.264228022089 213.1317279836455 566.1619999999959
    vertex 2131.8825000384436 214.9592921435213 566.161999999996
  endloop
endfacet
facet normal -0.3826834323650572 -0.9238795325113002 -1.7265417381364647e-14
  outer loop
    vertex 2131.8825000384436 214.9592921435213 566.161999999996
    vertex 2129.1089190571233 216.10814700232427 563.1619999999962
    vertex 2131.8825000384436 214.9592921435213 563.1619999999962
  endloop
endfacet
facet normal -0.3826834323650572 -0.9238795325113002 -1.7265417381364647e-14
  outer loop
    vertex 2129.1089190571233 216.10814700232427 563.1619999999962
    vertex 2131.8825000384436 214.9592921435213 566.161999999996
    vertex 2129.108919057123 216.10814700232427 566.161999999996
  endloop
endfacet
facet normal -0.13052619222012607 -0.9914448613738007 -1.5703766244965686e-14
  outer loop
    vertex 2129.108919057123 216.10814700232427 566.161999999996
    vertex 2126.1325000384445 216.5000000000002 563.1619999999962
    vertex 2129.1089190571233 216.10814700232427 563.1619999999962
  endloop
endfacet
facet normal -0.13052619222012607 -0.9914448613738007 -1.5703766244965686e-14
  outer loop
    vertex 2126.1325000384445 216.5000000000002 563.1619999999962
    vertex 2129.108919057123 216.10814700232427 566.161999999996
    vertex 2126.132500038444 216.5000000000002 566.161999999996
  endloop
endfacet
facet normal 0.13052619221971082 -0.9914448613738552 4.190973283293211e-13
  outer loop
    vertex 2126.132500038444 216.5000000000002 566.161999999996
    vertex 2123.156081019765 216.10814700232427 563.1619999999962
    vertex 2126.1325000384445 216.5000000000002 563.1619999999962
  endloop
endfacet
facet normal 0.13052619221971082 -0.9914448613738552 4.190973283293211e-13
  outer loop
    vertex 2123.156081019765 216.10814700232427 563.1619999999962
    vertex 2126.132500038444 216.5000000000002 566.161999999996
    vertex 2123.156081019764 216.10814700232663 566.1619999999963
  endloop
endfacet
facet normal 0.38268343236507707 -0.9238795325112921 8.87438418964651e-15
  outer loop
    vertex 2123.156081019764 216.10814700232663 566.1619999999963
    vertex 2120.382500038444 214.9592921435213 563.1619999999964
    vertex 2123.156081019765 216.10814700232427 563.1619999999962
  endloop
endfacet
facet normal 0.38268343236507707 -0.9238795325112921 8.87438418964651e-15
  outer loop
    vertex 2120.382500038444 214.9592921435213 563.1619999999964
    vertex 2123.156081019764 216.10814700232663 566.1619999999963
    vertex 2123.132500038444 216.09837944005028 566.1619999999962
  endloop
endfacet
facet normal 0.38268343236507707 -0.9238795325112921 8.87438418964651e-15
  outer loop
    vertex 2123.132500038444 216.09837944005028 566.1619999999962
    vertex 2120.382500038444 214.9592921435213 586.9119999999963
    vertex 2120.382500038444 214.9592921435213 563.1619999999964
  endloop
endfacet
facet normal 0.38268343236507707 -0.9238795325112921 8.87438418964651e-15
  outer loop
    vertex 2120.382500038444 214.9592921435213 586.9119999999963
    vertex 2123.132500038444 216.09837944005028 566.1619999999962
    vertex 2123.132500038445 216.09837944004792 586.911999999996
  endloop
endfacet
facet normal 0.38268343236507707 -0.9238795325112921 8.87438418964651e-15
  outer loop
    vertex 2120.382500038444 214.9592921435213 586.9119999999963
    vertex 2123.132500038445 216.09837944004792 586.911999999996
    vertex 2121.132500038443 215.269952315301 586.9119999999963
  endloop
endfacet
facet normal 0.6087614290087402 -0.7933533402912202 2.746531275878612e-14
  outer loop
    vertex 2120.382500038444 214.9592921435213 586.9119999999963
    vertex 2118.0007720547987 213.1317279836455 563.1619999999964
    vertex 2120.382500038444 214.9592921435213 563.1619999999964
  endloop
endfacet
facet normal 0.6087614290087402 -0.7933533402912202 2.746531275878612e-14
  outer loop
    vertex 2118.0007720547987 213.1317279836455 563.1619999999964
    vertex 2120.382500038444 214.9592921435213 586.9119999999963
    vertex 2118.0007720547987 213.1317279836455 586.9119999999963
  endloop
endfacet
facet normal 8.972513203632143e-19 0.7071067811865688 0.7071067811865263
  outer loop
    vertex 2105.132500038445 183.50000000000014 567.6619999999966
    vertex 2147.132500038443 185.00000000000017 566.1619999999965
    vertex 2105.132500038445 185.00000000000017 566.1619999999965
  endloop
endfacet
facet normal 8.972513203632143e-19 0.7071067811865688 0.7071067811865263
  outer loop
    vertex 2147.132500038443 185.00000000000017 566.1619999999965
    vertex 2105.132500038445 183.50000000000014 567.6619999999966
    vertex 2147.132500038443 183.50000000000014 567.6619999999966
  endloop
endfacet
facet normal 0.0 -0.7071067811865263 0.7071067811865688
  outer loop
    vertex 2147.132500038444 225.00000000000233 566.1619999999945
    vertex 2105.1325000384454 226.50000000000236 567.6619999999944
    vertex 2105.132500038445 225.00000000000233 566.1619999999945
  endloop
endfacet
facet normal 0.0 -0.7071067811865263 0.7071067811865688
  outer loop
    vertex 2105.1325000384454 226.50000000000236 567.6619999999944
    vertex 2147.132500038444 225.00000000000233 566.1619999999945
    vertex 2147.132500038444 226.50000000000236 567.6619999999944
  endloop
endfacet
facet normal -2.6738762285553727e-13 -0.7071067811852714 0.7071067811878237
  outer loop
    vertex 2105.132500038445 181.25000000000028 575.4119999999805
    vertex 2147.132500038443 181.75000000000026 575.9119999999946
    vertex 2105.132500038445 181.75000000000026 575.9119999999787
  endloop
endfacet
facet normal -2.6738762285553727e-13 -0.7071067811852714 0.7071067811878237
  outer loop
    vertex 2147.132500038443 181.75000000000026 575.9119999999946
    vertex 2105.132500038445 181.25000000000028 575.4119999999805
    vertex 2147.132500038443 181.25000000000028 575.4119999999964
  endloop
endfacet
facet normal 0.0 -0.7071067811865476 -0.7071067811865476
  outer loop
    vertex 2147.132500038443 181.2500000000002 563.6619999999963
    vertex 2105.1325000384463 181.75000000000017 563.1619999999963
    vertex 2147.132500038443 181.75000000000017 563.1619999999963
  endloop
endfacet
facet normal 0.0 -0.7071067811865476 -0.7071067811865476
  outer loop
    vertex 2105.1325000384463 181.75000000000017 563.1619999999963
    vertex 2147.132500038443 181.2500000000002 563.6619999999963
    vertex 2105.1325000384463 181.2500000000002 563.6619999999963
  endloop
endfacet
facet normal 0.0 0.7071067811864838 -0.7071067811866113
  outer loop
    vertex 2147.132500038444 228.75000000000048 563.6619999999963
    vertex 2105.1325000384463 228.25000000000043 563.1619999999963
    vertex 2105.1325000384463 228.75000000000048 563.6619999999963
  endloop
endfacet
facet normal 0.0 0.7071067811864838 -0.7071067811866113
  outer loop
    vertex 2105.1325000384463 228.25000000000043 563.1619999999963
    vertex 2147.132500038444 228.75000000000048 563.6619999999963
    vertex 2147.132500038444 228.25000000000043 563.1619999999963
  endloop
endfacet
facet normal -1.5314056736951234e-12 0.7071067811880152 0.7071067811850799
  outer loop
    vertex 2105.1325000384472 228.25000000000233 575.9119999999036
    vertex 2147.132500038446 228.75000000000222 575.4119999999926
    vertex 2105.132500038448 228.75000000000222 575.4119999999017
  endloop
endfacet
facet normal -1.5314056736951234e-12 0.7071067811880152 0.7071067811850799
  outer loop
    vertex 2147.132500038446 228.75000000000222 575.4119999999926
    vertex 2105.1325000384472 228.25000000000233 575.9119999999036
    vertex 2147.1325000384445 228.25000000000233 575.9119999999946
  endloop
endfacet
facet normal 1.0 -5.911897889209312e-13 1.889553047580904e-14
  outer loop
    vertex 2123.1325000384445 193.50000000000642 566.1619999999962
    vertex 2123.132500038444 193.7999999999995 586.9119999999963
    vertex 2123.132500038444 193.4999999999995 586.6119999999963
  endloop
endfacet
facet normal 1.0 -5.911897889209312e-13 1.889553047580904e-14
  outer loop
    vertex 2123.132500038444 193.7999999999995 586.9119999999963
    vertex 2123.1325000384445 193.50000000000642 566.1619999999962
    vertex 2123.1325000384445 193.9016205599589 566.1619999999963
  endloop
endfacet
facet normal 1.0 -5.911897889209312e-13 1.889553047580904e-14
  outer loop
    vertex 2123.132500038444 193.7999999999995 586.9119999999963
    vertex 2123.1325000384445 193.9016205599589 566.1619999999963
    vertex 2123.1325000384445 193.90162055995205 586.911999999996
  endloop
endfacet
facet normal 1.0 1.882593200439144e-13 -2.860446909464639e-14
  outer loop
    vertex 2123.132500038444 216.09837944005028 566.1619999999962
    vertex 2123.1325000384445 216.20000000000073 586.9119999999965
    vertex 2123.132500038445 216.09837944004792 586.911999999996
  endloop
endfacet
facet normal 1.0 1.882593200439144e-13 -2.860446909464639e-14
  outer loop
    vertex 2123.1325000384445 216.20000000000073 586.9119999999965
    vertex 2123.132500038444 216.09837944005028 566.1619999999962
    vertex 2123.132500038444 216.50000000000264 566.1619999999963
  endloop
endfacet
facet normal 1.0 1.882593200439144e-13 -2.860446909464639e-14
  outer loop
    vertex 2123.1325000384445 216.20000000000073 586.9119999999965
    vertex 2123.132500038444 216.50000000000264 566.1619999999963
    vertex 2123.1325000384445 216.50000000000077 586.6119999999964
  endloop
endfacet
facet normal 0.0 0.7071067811865476 0.7071067811865476
  outer loop
    vertex 2105.132500038445 216.20000000000073 586.9119999999965
    vertex 2123.1325000384445 216.50000000000077 586.6119999999964
    vertex 2105.132500038445 216.50000000000077 586.6119999999964
  endloop
endfacet
facet normal 0.0 0.7071067811865476 0.7071067811865476
  outer loop
    vertex 2123.1325000384445 216.50000000000077 586.6119999999964
    vertex 2105.132500038445 216.20000000000073 586.9119999999965
    vertex 2123.1325000384445 216.20000000000073 586.9119999999965
  endloop
endfacet
facet normal 0.0 -0.7071067811865476 0.7071067811865476
  outer loop
    vertex 2123.132500038444 193.7999999999995 586.9119999999963
    vertex 2105.132500038445 193.4999999999995 586.6119999999963
    vertex 2123.132500038444 193.4999999999995 586.6119999999963
  endloop
endfacet
facet normal 0.0 -0.7071067811865476 0.7071067811865476
  outer loop
    vertex 2105.132500038445 193.4999999999995 586.6119999999963
    vertex 2123.132500038444 193.7999999999995 586.9119999999963
    vertex 2105.132500038445 193.7999999999995 586.9119999999963
  endloop
endfacet
facet normal 1.0 0.0 0.0
  outer loop
    vertex 2109.1325000384454 201.49259711467374 570.1369999999962
    vertex 2109.1325000384454 202.97155576479352 571.6184800052811
    vertex 2109.1325000384454 202.9000000000006 572.1619999999964
  endloop
endfacet
facet normal 1.0 0.0 0.0
  outer loop
    vertex 2109.1325000384454 202.97155576479352 571.6184800052811
    vertex 2109.1325000384454 201.49259711467374 570.1369999999962
    vertex 2109.1325000384454 203.18134665205324 571.1119999999963
  endloop
endfacet
facet normal 1.0 0.0 0.0
  outer loop
    vertex 2109.1325000384454 203.18134665205324 571.1119999999963
    vertex 2109.1325000384454 201.49259711467374 570.1369999999962
    vertex 2109.1325000384454 205.00000000000085 568.1119999999964
  endloop
endfacet
facet normal 1.0 0.0 0.0
  outer loop
    vertex 2109.1325000384454 203.18134665205324 571.1119999999963
    vertex 2109.1325000384454 205.00000000000085 568.1119999999964
    vertex 2109.1325000384454 203.51507575950885 570.6770757595046
  endloop
endfacet
facet normal 1.0 0.0 0.0
  outer loop
    vertex 2109.1325000384454 203.51507575950885 570.6770757595046
    vertex 2109.1325000384454 205.00000000000085 568.1119999999964
    vertex 2109.1325000384454 203.95000000000064 570.343346652049
  endloop
endfacet
facet normal 1.0 0.0 0.0
  outer loop
    vertex 2109.1325000384454 203.95000000000064 570.343346652049
    vertex 2109.1325000384454 205.00000000000085 568.1119999999964
    vertex 2109.1325000384454 204.45648000528524 570.1335557647893
  endloop
endfacet
facet normal 1.0 0.0 0.0
  outer loop
    vertex 2109.1325000384454 204.45648000528524 570.1335557647893
    vertex 2109.1325000384454 205.00000000000085 568.1119999999964
    vertex 2109.1325000384454 205.00000000000057 570.0619999999965
  endloop
endfacet
facet normal 1.0 0.0 0.0
  outer loop
    vertex 2109.1325000384454 205.00000000000057 570.0619999999965
    vertex 2109.1325000384454 205.00000000000085 568.1119999999964
    vertex 2109.1325000384454 205.5435199947159 570.1335557647893
  endloop
endfacet
facet normal 1.0 0.0 0.0
  outer loop
    vertex 2109.1325000384454 205.5435199947159 570.1335557647893
    vertex 2109.1325000384454 205.00000000000085 568.1119999999964
    vertex 2109.1325000384454 208.50740288532768 570.1369999999966
  endloop
endfacet
facet normal 1.0 0.0 0.0
  outer loop
    vertex 2109.1325000384454 205.5435199947159 570.1335557647893
    vertex 2109.1325000384454 208.50740288532768 570.1369999999966
    vertex 2109.1325000384454 206.05000000000052 570.343346652049
  endloop
endfacet
facet normal 1.0 0.0 0.0
  outer loop
    vertex 2109.1325000384454 206.05000000000052 570.343346652049
    vertex 2109.1325000384454 208.50740288532768 570.1369999999966
    vertex 2109.1325000384445 206.4849242404923 570.6770757595046
  endloop
endfacet
facet normal 1.0 0.0 0.0
  outer loop
    vertex 2109.1325000384445 206.4849242404923 570.6770757595046
    vertex 2109.1325000384454 208.50740288532768 570.1369999999966
    vertex 2109.1325000384445 206.8186533479479 571.1119999999964
  endloop
endfacet
facet normal 1.0 0.0 0.0
  outer loop
    vertex 2109.1325000384445 206.8186533479479 571.1119999999964
    vertex 2109.1325000384454 208.50740288532768 570.1369999999966
    vertex 2109.1325000384445 207.02844423520762 571.6184800052811
  endloop
endfacet
facet normal 1.0 0.0 0.0
  outer loop
    vertex 2109.1325000384445 207.02844423520762 571.6184800052811
    vertex 2109.1325000384454 208.50740288532768 570.1369999999966
    vertex 2109.1325000384445 207.10000000000053 572.1619999999964
  endloop
endfacet
facet normal 1.0 0.0 0.0
  outer loop
    vertex 2109.1325000384445 207.10000000000053 572.1619999999964
    vertex 2109.1325000384454 208.50740288532768 570.1369999999966
    vertex 2109.1325000384454 208.5074028853274 574.1869999999967
  endloop
endfacet
facet normal 1.0 0.0 0.0
  outer loop
    vertex 2109.1325000384454 201.4925971146735 574.1869999999961
    vertex 2109.1325000384454 203.18134665205324 573.2119999999964
    vertex 2109.1325000384454 205.0000000000003 576.2119999999964
  endloop
endfacet
facet normal 1.0 0.0 0.0
  outer loop
    vertex 2109.1325000384454 203.18134665205324 573.2119999999964
    vertex 2109.1325000384454 201.4925971146735 574.1869999999961
    vertex 2109.1325000384454 201.49259711467374 570.1369999999962
  endloop
endfacet
facet normal 1.0 0.0 0.0
  outer loop
    vertex 2109.1325000384454 203.18134665205324 573.2119999999964
    vertex 2109.1325000384454 201.49259711467374 570.1369999999962
    vertex 2109.1325000384454 202.97155576479352 572.7055199947117
  endloop
endfacet
facet normal 1.0 0.0 0.0
  outer loop
    vertex 2109.1325000384454 202.97155576479352 572.7055199947117
    vertex 2109.1325000384454 201.49259711467374 570.1369999999962
    vertex 2109.1325000384454 202.9000000000006 572.1619999999964
  endloop
endfacet
facet normal 1.0 0.0 0.0
  outer loop
    vertex 2109.1325000384454 205.0000000000003 576.2119999999964
    vertex 2109.1325000384454 203.18134665205324 573.2119999999964
    vertex 2109.1325000384454 203.51507575950885 573.6469242404881
  endloop
endfacet
facet normal 1.0 0.0 0.0
  outer loop
    vertex 2109.1325000384454 205.0000000000003 576.2119999999964
    vertex 2109.1325000384454 203.51507575950885 573.6469242404881
    vertex 2109.1325000384454 203.95000000000053 573.9806533479438
  endloop
endfacet
facet normal 1.0 0.0 0.0
  outer loop
    vertex 2109.1325000384454 205.0000000000003 576.2119999999964
    vertex 2109.1325000384454 203.95000000000053 573.9806533479438
    vertex 2109.1325000384454 204.45648000528524 574.1904442352035
  endloop
endfacet
facet normal 1.0 0.0 0.0
  outer loop
    vertex 2109.1325000384454 205.0000000000003 576.2119999999964
    vertex 2109.1325000384454 204.45648000528524 574.1904442352035
    vertex 2109.1325000384454 205.00000000000057 574.2619999999964
  endloop
endfacet
facet normal 1.0 0.0 0.0
  outer loop
    vertex 2109.1325000384454 205.0000000000003 576.2119999999964
    vertex 2109.1325000384454 205.00000000000057 574.2619999999964
    vertex 2109.1325000384454 208.5074028853274 574.1869999999967
  endloop
endfacet
facet normal 1.0 0.0 0.0
  outer loop
    vertex 2109.1325000384454 208.5074028853274 574.1869999999967
    vertex 2109.1325000384454 205.00000000000057 574.2619999999964
    vertex 2109.1325000384454 205.5435199947159 574.1904442352035
  endloop
endfacet
facet normal 1.0 0.0 0.0
  outer loop
    vertex 2109.1325000384454 208.5074028853274 574.1869999999967
    vertex 2109.1325000384454 205.5435199947159 574.1904442352035
    vertex 2109.1325000384454 206.05000000000052 573.9806533479438
  endloop
endfacet
facet normal 1.0 0.0 0.0
  outer loop
    vertex 2109.1325000384454 208.5074028853274 574.1869999999967
    vertex 2109.1325000384454 206.05000000000052 573.9806533479438
    vertex 2109.1325000384445 206.4849242404923 573.6469242404881
  endloop
endfacet
facet normal 1.0 0.0 0.0
  outer loop
    vertex 2109.1325000384454 208.5074028853274 574.1869999999967
    vertex 2109.1325000384445 206.4849242404923 573.6469242404881
    vertex 2109.1325000384445 206.8186533479479 573.2119999999965
  endloop
endfacet
facet normal 1.0 0.0 0.0
  outer loop
    vertex 2109.1325000384454 208.5074028853274 574.1869999999967
    vertex 2109.1325000384445 206.8186533479479 573.2119999999965
    vertex 2109.1325000384445 207.02844423520762 572.7055199947117
  endloop
endfacet
facet normal 1.0 0.0 0.0
  outer loop
    vertex 2109.1325000384454 208.5074028853274 574.1869999999967
    vertex 2109.1325000384445 207.02844423520762 572.7055199947117
    vertex 2109.1325000384445 207.10000000000053 572.1619999999964
  endloop
endfacet
facet normal 0.0 -0.5000000000000644 0.8660254037844016
  outer loop
    vertex 2116.1732078949235 205.00000000000102 568.1119999999963
    vertex 2109.1325000384454 208.50740288532768 570.1369999999966
    vertex 2109.1325000384454 205.00000000000085 568.1119999999964
  endloop
endfacet
facet normal 0.0 -0.5000000000000644 0.8660254037844016
  outer loop
    vertex 2109.1325000384454 208.50740288532768 570.1369999999966
    vertex 2116.1732078949235 205.00000000000102 568.1119999999963
    vertex 2116.1732078949235 208.50740288532785 570.1369999999966
  endloop
endfacet
facet normal -0.0 -1.0 -6.684364995669122e-14
  outer loop
    vertex 2116.1732078949235 208.5074028853276 574.1869999999966
    vertex 2109.1325000384454 208.50740288532768 570.1369999999966
    vertex 2116.1732078949235 208.50740288532785 570.1369999999966
  endloop
endfacet
facet normal -0.0 -1.0 -6.684364995669122e-14
  outer loop
    vertex 2109.1325000384454 208.50740288532768 570.1369999999966
    vertex 2116.1732078949235 208.5074028853276 574.1869999999966
    vertex 2109.1325000384454 208.5074028853274 574.1869999999967
  endloop
endfacet
facet normal -0.0 -0.49999999999993516 -0.8660254037844761
  outer loop
    vertex 2116.1732078949235 208.5074028853276 574.1869999999966
    vertex 2109.1325000384454 205.0000000000003 576.2119999999964
    vertex 2109.1325000384454 208.5074028853274 574.1869999999967
  endloop
endfacet
facet normal -0.0 -0.49999999999993516 -0.8660254037844761
  outer loop
    vertex 2109.1325000384454 205.0000000000003 576.2119999999964
    vertex 2116.1732078949235 208.5074028853276 574.1869999999966
    vertex 2116.1732078949235 205.00000000000048 576.2119999999964
  endloop
endfacet
facet normal 0.0 0.5000000000000644 -0.8660254037844016
  outer loop
    vertex 2116.1732078949235 205.00000000000048 576.2119999999964
    vertex 2109.1325000384454 201.4925971146735 574.1869999999961
    vertex 2109.1325000384454 205.0000000000003 576.2119999999964
  endloop
endfacet
facet normal 0.0 0.5000000000000644 -0.8660254037844016
  outer loop
    vertex 2109.1325000384454 201.4925971146735 574.1869999999961
    vertex 2116.1732078949235 205.00000000000048 576.2119999999964
    vertex 2116.1732078949235 201.49259711467366 574.186999999996
  endloop
endfacet
facet normal 0.0 1.0 6.684364995669122e-14
  outer loop
    vertex 2109.1325000384454 201.49259711467374 570.1369999999962
    vertex 2116.1732078949235 201.49259711467366 574.186999999996
    vertex 2116.1732078949235 201.4925971146739 570.1369999999961
  endloop
endfacet
facet normal 0.0 1.0 6.684364995669122e-14
  outer loop
    vertex 2116.1732078949235 201.49259711467366 574.186999999996
    vertex 2109.1325000384454 201.49259711467374 570.1369999999962
    vertex 2109.1325000384454 201.4925971146735 574.1869999999961
  endloop
endfacet
facet normal 0.0 0.49999999999993516 0.8660254037844761
  outer loop
    vertex 2116.1732078949235 201.4925971146739 570.1369999999961
    vertex 2109.1325000384454 205.00000000000085 568.1119999999964
    vertex 2109.1325000384454 201.49259711467374 570.1369999999962
  endloop
endfacet
facet normal 0.0 0.49999999999993516 0.8660254037844761
  outer loop
    vertex 2109.1325000384454 205.00000000000085 568.1119999999964
    vertex 2116.1732078949235 201.4925971146739 570.1369999999961
    vertex 2116.1732078949235 205.00000000000102 568.1119999999963
  endloop
endfacet
facet normal 1.0 4.708117953471194e-14 -8.697727946170953e-15
  outer loop
    vertex 2116.173207894923 199.25000000000017 566.1619999999964
    vertex 2116.1732078949235 201.4925971146739 570.1369999999961
    vertex 2116.1732078949235 201.49259711467366 574.186999999996
  endloop
endfacet
facet normal 1.0 4.708117953471194e-14 -8.697727946170953e-15
  outer loop
    vertex 2116.1732078949235 201.4925971146739 570.1369999999961
    vertex 2116.173207894923 199.25000000000017 566.1619999999964
    vertex 2116.1732078949235 205.00000000000102 568.1119999999963
  endloop
endfacet
facet normal 1.0 4.708117953471194e-14 -8.697727946170953e-15
  outer loop
    vertex 2116.1732078949235 205.00000000000102 568.1119999999963
    vertex 2116.173207894923 199.25000000000017 566.1619999999964
    vertex 2116.1732078949226 210.75000000000009 566.1619999999964
  endloop
endfacet
facet normal 1.0 4.708117953471194e-14 -8.697727946170953e-15
  outer loop
    vertex 2116.1732078949235 205.00000000000102 568.1119999999963
    vertex 2116.1732078949226 210.75000000000009 566.1619999999964
    vertex 2116.1732078949235 208.50740288532785 570.1369999999966
  endloop
endfacet
facet normal 1.0 4.708117953471194e-14 -8.697727946170953e-15
  outer loop
    vertex 2116.1732078949235 199.24999999999935 586.9119999999964
    vertex 2116.1732078949235 201.49259711467366 574.186999999996
    vertex 2116.1732078949226 210.75000000000009 586.9119999999963
  endloop
endfacet
facet normal 1.0 4.708117953471194e-14 -8.697727946170953e-15
  outer loop
    vertex 2116.1732078949235 201.49259711467366 574.186999999996
    vertex 2116.1732078949235 199.24999999999935 586.9119999999964
    vertex 2116.173207894923 199.25000000000017 566.1619999999964
  endloop
endfacet
facet normal 1.0 4.708117953471194e-14 -8.697727946170953e-15
  outer loop
    vertex 2116.1732078949226 210.75000000000009 586.9119999999963
    vertex 2116.1732078949235 201.49259711467366 574.186999999996
    vertex 2116.1732078949235 205.00000000000048 576.2119999999964
  endloop
endfacet
facet normal 1.0 4.708117953471194e-14 -8.697727946170953e-15
  outer loop
    vertex 2116.1732078949226 210.75000000000009 586.9119999999963
    vertex 2116.1732078949235 205.00000000000048 576.2119999999964
    vertex 2116.1732078949235 208.5074028853276 574.1869999999966
  endloop
endfacet
facet normal 1.0 4.708117953471194e-14 -8.697727946170953e-15
  outer loop
    vertex 2116.1732078949226 210.75000000000009 586.9119999999963
    vertex 2116.1732078949235 208.5074028853276 574.1869999999966
    vertex 2116.1732078949235 208.50740288532785 570.1369999999966
  endloop
endfacet
facet normal 1.0 4.708117953471194e-14 -8.697727946170953e-15
  outer loop
    vertex 2116.1732078949226 210.75000000000009 586.9119999999963
    vertex 2116.1732078949235 208.50740288532785 570.1369999999966
    vertex 2116.1732078949226 210.75000000000009 566.1619999999964
  endloop
endfacet
facet normal 0.0 0.0 -1.0
  outer loop
    vertex 2115.02435303612 207.97641901867925 566.1619999999964
    vertex 2115.02435303612 202.02358098132135 566.1619999999964
    vertex 2114.632500038444 205.0000000000003 566.1619999999964
  endloop
endfacet
facet normal 0.0 0.0 -1.0
  outer loop
    vertex 2115.02435303612 202.02358098132135 566.1619999999964
    vertex 2115.02435303612 207.97641901867925 566.1619999999964
    vertex 2116.1732078949226 210.75000000000009 566.1619999999964
  endloop
endfacet
facet normal 0.0 0.0 -1.0
  outer loop
    vertex 2115.02435303612 202.02358098132135 566.1619999999964
    vertex 2116.1732078949226 210.75000000000009 566.1619999999964
    vertex 2116.173207894923 199.25000000000017 566.1619999999964
  endloop
endfacet
facet normal 0.9238795325112941 0.3826834323650723 5.559090059914399e-14
  outer loop
    vertex 2115.02435303612 202.02358098132135 563.1619999999964
    vertex 2116.173207894923 199.25000000000017 566.1619999999964
    vertex 2116.1732078949235 199.25000000000017 563.1619999999964
  endloop
endfacet
facet normal 0.9238795325112941 0.3826834323650723 5.559090059914399e-14
  outer loop
    vertex 2116.173207894923 199.25000000000017 566.1619999999964
    vertex 2115.02435303612 202.02358098132135 563.1619999999964
    vertex 2115.02435303612 202.02358098132135 566.1619999999964
  endloop
endfacet
facet normal 0.991444861373805 0.13052619222009265 0.0
  outer loop
    vertex 2114.632500038444 205.0000000000003 563.1619999999964
    vertex 2115.02435303612 202.02358098132135 566.1619999999964
    vertex 2115.02435303612 202.02358098132135 563.1619999999964
  endloop
endfacet
facet normal 0.991444861373805 0.13052619222009265 0.0
  outer loop
    vertex 2115.02435303612 202.02358098132135 566.1619999999964
    vertex 2114.632500038444 205.0000000000003 563.1619999999964
    vertex 2114.632500038444 205.0000000000003 566.1619999999964
  endloop
endfacet
facet normal 0.991444861373805 -0.13052619222009265 0.0
  outer loop
    vertex 2115.02435303612 207.97641901867925 563.1619999999964
    vertex 2114.632500038444 205.0000000000003 566.1619999999964
    vertex 2114.632500038444 205.0000000000003 563.1619999999964
  endloop
endfacet
facet normal 0.991444861373805 -0.13052619222009265 0.0
  outer loop
    vertex 2114.632500038444 205.0000000000003 566.1619999999964
    vertex 2115.02435303612 207.97641901867925 563.1619999999964
    vertex 2115.02435303612 207.97641901867925 566.1619999999964
  endloop
endfacet
facet normal 0.9238795325113401 -0.38268343236496083 0.0
  outer loop
    vertex 2116.1732078949226 210.75000000000009 563.1619999999964
    vertex 2115.02435303612 207.97641901867925 566.1619999999964
    vertex 2115.02435303612 207.97641901867925 563.1619999999964
  endloop
endfacet
facet normal 0.9238795325113401 -0.38268343236496083 0.0
  outer loop
    vertex 2115.02435303612 207.97641901867925 566.1619999999964
    vertex 2116.1732078949226 210.75000000000009 563.1619999999964
    vertex 2116.1732078949226 210.75000000000009 566.1619999999964
  endloop
endfacet
endsolid flsun-cube-linear-rail-xy-gantry
