solid flsun-cube-linear-rail-xy-gantry
facet normal 1.0 0.0 0.0
  outer loop
    vertex 4244.314958844478 210.12844597852057 566.0111213439723
    vertex 4244.314958844478 171.98844597852028 560.0111213439725
    vertex 4244.314958844478 210.12844597852052 560.0111213439723
  endloop
endfacet
facet normal 1.0 0.0 0.0
  outer loop
    vertex 4244.314958844478 171.98844597852028 560.0111213439725
    vertex 4244.314958844478 210.12844597852057 566.0111213439723
    vertex 4244.314958844478 171.9884459785203 566.0111213439725
  endloop
endfacet
facet normal -0.9569403357322088 -0.29028467725446244 1.7042890839506763e-14
  outer loop
    vertex 4205.786136765082 176.28108146154457 566.0111213439725
    vertex 4205.700778143245 176.5624711270679 560.0111213439728
    vertex 4205.786136765082 176.28108146154446 560.0111213439727
  endloop
endfacet
facet normal -0.9569403357322088 -0.29028467725446244 1.7042890839506763e-14
  outer loop
    vertex 4205.700778143245 176.5624711270679 560.0111213439728
    vertex 4205.786136765082 176.28108146154457 566.0111213439725
    vertex 4205.700778143245 176.56247112706802 566.0111213439726
  endloop
endfacet
facet normal -0.8819212643483574 -0.4713967368259932 1.0779279059442644e-14
  outer loop
    vertex 4205.700778143245 176.56247112706802 566.0111213439726
    vertex 4205.562163262932 176.82180132804967 560.0111213439728
    vertex 4205.700778143245 176.5624711270679 560.0111213439728
  endloop
endfacet
facet normal -0.8819212643483574 -0.4713967368259932 1.0779279059442644e-14
  outer loop
    vertex 4205.562163262932 176.82180132804967 560.0111213439728
    vertex 4205.700778143245 176.56247112706802 566.0111213439726
    vertex 4205.562163262932 176.8218013280498 566.0111213439726
  endloop
endfacet
facet normal -0.7730104533627086 -0.6343932841636801 4.101425630211604e-15
  outer loop
    vertex 4205.562163262932 176.8218013280498 566.0111213439726
    vertex 4205.375619016258 177.04910615030008 560.0111213439728
    vertex 4205.562163262932 176.82180132804967 560.0111213439728
  endloop
endfacet
facet normal -0.7730104533627086 -0.6343932841636801 4.101425630211604e-15
  outer loop
    vertex 4205.375619016258 177.04910615030008 560.0111213439728
    vertex 4205.562163262932 176.8218013280498 566.0111213439726
    vertex 4205.375619016258 177.0491061503002 566.0111213439726
  endloop
endfacet
facet normal -0.6343932841636238 -0.773010453362755 -2.734043285880245e-15
  outer loop
    vertex 4205.375619016258 177.04910615030008 560.0111213439728
    vertex 4205.148314194008 177.23565039697417 566.0111213439726
    vertex 4205.148314194007 177.23565039697417 560.0111213439728
  endloop
endfacet
facet normal -0.6343932841636238 -0.773010453362755 -2.734043285880245e-15
  outer loop
    vertex 4205.148314194008 177.23565039697417 566.0111213439726
    vertex 4205.375619016258 177.04910615030008 560.0111213439728
    vertex 4205.375619016258 177.0491061503002 566.0111213439726
  endloop
endfacet
facet normal -0.47139673682594946 -0.8819212643483807 -9.464444451766313e-15
  outer loop
    vertex 4205.148314194007 177.23565039697417 560.0111213439728
    vertex 4204.888983993025 177.37426527728726 566.0111213439726
    vertex 4204.888983993025 177.37426527728715 560.0111213439728
  endloop
endfacet
facet normal -0.47139673682594946 -0.8819212643483807 -9.464444451766313e-15
  outer loop
    vertex 4204.888983993025 177.37426527728726 566.0111213439726
    vertex 4205.148314194007 177.23565039697417 560.0111213439728
    vertex 4205.148314194008 177.23565039697417 566.0111213439726
  endloop
endfacet
facet normal -0.29028467725446244 -0.9569403357322088 -1.5831132325089985e-14
  outer loop
    vertex 4204.888983993025 177.37426527728715 560.0111213439728
    vertex 4204.607594327502 177.45962389912518 566.0111213439726
    vertex 4204.607594327502 177.45962389912506 560.0111213439728
  endloop
endfacet
facet normal -0.29028467725446244 -0.9569403357322088 -1.5831132325089985e-14
  outer loop
    vertex 4204.607594327502 177.45962389912518 566.0111213439726
    vertex 4204.888983993025 177.37426527728715 560.0111213439728
    vertex 4204.888983993025 177.37426527728726 566.0111213439726
  endloop
endfacet
facet normal -0.09801714032978354 -0.995184726672175 -2.1589438661357446e-14
  outer loop
    vertex 4204.607594327502 177.45962389912506 560.0111213439728
    vertex 4204.314958844478 177.48844597852042 566.0111213439726
    vertex 4204.314958844478 177.4884459785203 560.0111213439728
  endloop
endfacet
facet normal -0.09801714032978354 -0.995184726672175 -2.1589438661357446e-14
  outer loop
    vertex 4204.314958844478 177.48844597852042 566.0111213439726
    vertex 4204.607594327502 177.45962389912506 560.0111213439728
    vertex 4204.607594327502 177.45962389912518 566.0111213439726
  endloop
endfacet
facet normal 0.09801714032978354 -0.995184726672175 -2.651807497738273e-14
  outer loop
    vertex 4204.314958844478 177.4884459785203 560.0111213439728
    vertex 4204.022323361453 177.45962389912518 566.0111213439726
    vertex 4204.022323361453 177.45962389912506 560.0111213439728
  endloop
endfacet
facet normal 0.09801714032978354 -0.995184726672175 -2.651807497738273e-14
  outer loop
    vertex 4204.022323361453 177.45962389912518 566.0111213439726
    vertex 4204.314958844478 177.4884459785203 560.0111213439728
    vertex 4204.314958844478 177.48844597852042 566.0111213439726
  endloop
endfacet
facet normal 0.29028467725446244 -0.9569403357322088 -3.042763654351889e-14
  outer loop
    vertex 4204.022323361453 177.45962389912506 560.0111213439728
    vertex 4203.74093369593 177.37426527728726 566.0111213439726
    vertex 4203.74093369593 177.37426527728715 560.0111213439728
  endloop
endfacet
facet normal 0.29028467725446244 -0.9569403357322088 -3.042763654351889e-14
  outer loop
    vertex 4203.74093369593 177.37426527728726 566.0111213439726
    vertex 4204.022323361453 177.45962389912506 560.0111213439728
    vertex 4204.022323361453 177.45962389912518 566.0111213439726
  endloop
endfacet
facet normal 0.47139673682594946 -0.8819212643483807 -3.3167881101307255e-14
  outer loop
    vertex 4203.74093369593 177.37426527728715 560.0111213439728
    vertex 4203.481603494948 177.23565039697417 566.0111213439726
    vertex 4203.481603494948 177.23565039697417 560.0111213439728
  endloop
endfacet
facet normal 0.47139673682594946 -0.8819212643483807 -3.3167881101307255e-14
  outer loop
    vertex 4203.481603494948 177.23565039697417 566.0111213439726
    vertex 4203.74093369593 177.37426527728715 560.0111213439728
    vertex 4203.74093369593 177.37426527728726 566.0111213439726
  endloop
endfacet
facet normal 0.6343932841636237 -0.7730104533627548 -3.4633502589135455e-14
  outer loop
    vertex 4203.481603494948 177.23565039697417 560.0111213439728
    vertex 4203.254298672698 177.0491061503002 566.0111213439727
    vertex 4203.254298672698 177.04910615030008 560.011121343973
  endloop
endfacet
facet normal 0.6343932841636237 -0.7730104533627548 -3.4633502589135455e-14
  outer loop
    vertex 4203.254298672698 177.0491061503002 566.0111213439727
    vertex 4203.481603494948 177.23565039697417 560.0111213439728
    vertex 4203.481603494948 177.23565039697417 566.0111213439726
  endloop
endfacet
facet normal 0.7730104533627086 -0.6343932841636801 -3.476817799515495e-14
  outer loop
    vertex 4203.254298672698 177.04910615030008 560.011121343973
    vertex 4203.067754426023 176.8218013280498 566.0111213439726
    vertex 4203.067754426023 176.82180132804967 560.0111213439728
  endloop
endfacet
facet normal 0.7730104533627086 -0.6343932841636801 -3.476817799515495e-14
  outer loop
    vertex 4203.067754426023 176.8218013280498 566.0111213439726
    vertex 4203.254298672698 177.04910615030008 560.011121343973
    vertex 4203.254298672698 177.0491061503002 566.0111213439727
  endloop
endfacet
facet normal 0.8819212643483574 -0.4713967368259932 -3.3566731819039086e-14
  outer loop
    vertex 4203.067754426023 176.8218013280498 566.0111213439726
    vertex 4202.92913954571 176.5624711270679 560.0111213439728
    vertex 4203.067754426023 176.82180132804967 560.0111213439728
  endloop
endfacet
facet normal 0.8819212643483574 -0.4713967368259932 -3.3566731819039086e-14
  outer loop
    vertex 4202.92913954571 176.5624711270679 560.0111213439728
    vertex 4203.067754426023 176.8218013280498 566.0111213439726
    vertex 4202.929139545711 176.56247112706802 566.0111213439726
  endloop
endfacet
facet normal 0.9569403357322088 -0.29028467725446244 -3.1075334963557844e-14
  outer loop
    vertex 4202.929139545711 176.56247112706802 566.0111213439726
    vertex 4202.843780923873 176.28108146154446 560.0111213439728
    vertex 4202.92913954571 176.5624711270679 560.0111213439728
  endloop
endfacet
facet normal 0.9569403357322088 -0.29028467725446244 -3.1075334963557844e-14
  outer loop
    vertex 4202.843780923873 176.28108146154446 560.0111213439728
    vertex 4202.929139545711 176.56247112706802 566.0111213439726
    vertex 4202.843780923873 176.28108146154457 566.0111213439726
  endloop
endfacet
facet normal 0.9951847266721975 -0.0980171403295556 -2.7389730412675542e-14
  outer loop
    vertex 4202.843780923873 176.28108146154457 566.0111213439726
    vertex 4202.814958844478 175.98844597852028 560.0111213439728
    vertex 4202.843780923873 176.28108146154446 560.0111213439728
  endloop
endfacet
facet normal 0.9951847266721975 -0.0980171403295556 -2.7389730412675542e-14
  outer loop
    vertex 4202.814958844478 175.98844597852028 560.0111213439728
    vertex 4202.843780923873 176.28108146154457 566.0111213439726
    vertex 4202.814958844478 175.9884459785204 566.0111213439726
  endloop
endfacet
facet normal 0.9951847266721975 0.0980171403295556 -2.2651553882372235e-14
  outer loop
    vertex 4202.814958844478 175.9884459785204 566.0111213439726
    vertex 4202.843780923873 175.6958104954961 560.0111213439728
    vertex 4202.814958844478 175.98844597852028 560.0111213439728
  endloop
endfacet
facet normal 0.9951847266721975 0.0980171403295556 -2.2651553882372235e-14
  outer loop
    vertex 4202.843780923873 175.6958104954961 560.0111213439728
    vertex 4202.814958844478 175.9884459785204 566.0111213439726
    vertex 4202.843780923873 175.6958104954962 566.0111213439726
  endloop
endfacet
facet normal 0.9569403357322088 0.29028467725446244 -1.7042890839506763e-14
  outer loop
    vertex 4202.843780923873 175.6958104954962 566.0111213439726
    vertex 4202.92913954571 175.41442082997264 560.0111213439728
    vertex 4202.843780923873 175.6958104954961 560.0111213439728
  endloop
endfacet
facet normal 0.9569403357322088 0.29028467725446244 -1.7042890839506763e-14
  outer loop
    vertex 4202.92913954571 175.41442082997264 560.0111213439728
    vertex 4202.843780923873 175.6958104954962 566.0111213439726
    vertex 4202.929139545711 175.41442082997276 566.0111213439726
  endloop
endfacet
facet normal 0.8819212643483574 0.4713967368259932 -1.0779279059442644e-14
  outer loop
    vertex 4202.929139545711 175.41442082997276 566.0111213439726
    vertex 4203.067754426023 175.15509062899085 560.0111213439728
    vertex 4202.92913954571 175.41442082997264 560.0111213439728
  endloop
endfacet
facet normal 0.8819212643483574 0.4713967368259932 -1.0779279059442644e-14
  outer loop
    vertex 4203.067754426023 175.15509062899085 560.0111213439728
    vertex 4202.929139545711 175.41442082997276 566.0111213439726
    vertex 4203.067754426023 175.15509062899096 566.0111213439726
  endloop
endfacet
facet normal 0.7730104533627086 0.6343932841636801 -4.101425630211604e-15
  outer loop
    vertex 4203.067754426023 175.15509062899096 566.0111213439726
    vertex 4203.254298672698 174.92778580674047 560.0111213439728
    vertex 4203.067754426023 175.15509062899085 560.0111213439728
  endloop
endfacet
facet normal 0.7730104533627086 0.6343932841636801 -4.101425630211604e-15
  outer loop
    vertex 4203.254298672698 174.92778580674047 560.0111213439728
    vertex 4203.067754426023 175.15509062899096 566.0111213439726
    vertex 4203.254298672698 174.9277858067406 566.0111213439726
  endloop
endfacet
facet normal 0.6343932841636238 0.773010453362755 2.734043285880245e-15
  outer loop
    vertex 4203.254298672698 174.9277858067406 566.0111213439726
    vertex 4203.481603494948 174.74124156006658 560.0111213439728
    vertex 4203.254298672698 174.92778580674047 560.0111213439728
  endloop
endfacet
facet normal 0.6343932841636238 0.773010453362755 2.734043285880245e-15
  outer loop
    vertex 4203.481603494948 174.74124156006658 560.0111213439728
    vertex 4203.254298672698 174.9277858067406 566.0111213439726
    vertex 4203.481603494948 174.74124156006658 566.0111213439726
  endloop
endfacet
facet normal 0.47139673682594946 0.8819212643483807 9.464444451766313e-15
  outer loop
    vertex 4203.481603494948 174.74124156006658 566.0111213439726
    vertex 4203.74093369593 174.6026266797534 560.0111213439727
    vertex 4203.481603494948 174.74124156006658 560.0111213439728
  endloop
endfacet
facet normal 0.47139673682594946 0.8819212643483807 9.464444451766313e-15
  outer loop
    vertex 4203.74093369593 174.6026266797534 560.0111213439727
    vertex 4203.481603494948 174.74124156006658 566.0111213439726
    vertex 4203.74093369593 174.6026266797535 566.0111213439725
  endloop
endfacet
facet normal 0.29028467725446244 0.9569403357322088 1.5831132325089985e-14
  outer loop
    vertex 4203.74093369593 174.6026266797535 566.0111213439725
    vertex 4204.022323361453 174.5172680579155 560.0111213439727
    vertex 4203.74093369593 174.6026266797534 560.0111213439727
  endloop
endfacet
facet normal 0.29028467725446244 0.9569403357322088 1.5831132325089985e-14
  outer loop
    vertex 4204.022323361453 174.5172680579155 560.0111213439727
    vertex 4203.74093369593 174.6026266797535 566.0111213439725
    vertex 4204.022323361453 174.5172680579156 566.0111213439725
  endloop
endfacet
facet normal 0.09801714032978354 0.995184726672175 2.1589438661357446e-14
  outer loop
    vertex 4204.022323361453 174.5172680579156 566.0111213439725
    vertex 4204.314958844478 174.48844597852025 560.0111213439727
    vertex 4204.022323361453 174.5172680579155 560.0111213439727
  endloop
endfacet
facet normal 0.09801714032978354 0.995184726672175 2.1589438661357446e-14
  outer loop
    vertex 4204.314958844478 174.48844597852025 560.0111213439727
    vertex 4204.022323361453 174.5172680579156 566.0111213439725
    vertex 4204.314958844478 174.48844597852036 566.0111213439725
  endloop
endfacet
facet normal -0.09801714032978354 0.995184726672175 2.651807497738273e-14
  outer loop
    vertex 4204.314958844478 174.48844597852036 566.0111213439725
    vertex 4204.607594327502 174.5172680579155 560.0111213439727
    vertex 4204.314958844478 174.48844597852025 560.0111213439727
  endloop
endfacet
facet normal -0.09801714032978354 0.995184726672175 2.651807497738273e-14
  outer loop
    vertex 4204.607594327502 174.5172680579155 560.0111213439727
    vertex 4204.314958844478 174.48844597852036 566.0111213439725
    vertex 4204.607594327502 174.5172680579156 566.0111213439725
  endloop
endfacet
facet normal -0.29028467725446244 0.9569403357322088 3.042763654351889e-14
  outer loop
    vertex 4204.607594327502 174.5172680579156 566.0111213439725
    vertex 4204.888983993025 174.6026266797534 560.0111213439727
    vertex 4204.607594327502 174.5172680579155 560.0111213439727
  endloop
endfacet
facet normal -0.29028467725446244 0.9569403357322088 3.042763654351889e-14
  outer loop
    vertex 4204.888983993025 174.6026266797534 560.0111213439727
    vertex 4204.607594327502 174.5172680579156 566.0111213439725
    vertex 4204.888983993025 174.6026266797535 566.0111213439725
  endloop
endfacet
facet normal -0.47139673682594946 0.8819212643483807 3.3167881101307255e-14
  outer loop
    vertex 4204.888983993025 174.6026266797535 566.0111213439725
    vertex 4205.148314194007 174.74124156006658 560.0111213439727
    vertex 4204.888983993025 174.6026266797534 560.0111213439727
  endloop
endfacet
facet normal -0.47139673682594946 0.8819212643483807 3.3167881101307255e-14
  outer loop
    vertex 4205.148314194007 174.74124156006658 560.0111213439727
    vertex 4204.888983993025 174.6026266797535 566.0111213439725
    vertex 4205.148314194008 174.74124156006658 566.0111213439725
  endloop
endfacet
facet normal -0.6343932841636237 0.7730104533627548 3.4633502589135455e-14
  outer loop
    vertex 4205.148314194008 174.74124156006658 566.0111213439725
    vertex 4205.375619016258 174.92778580674047 560.0111213439727
    vertex 4205.148314194007 174.74124156006658 560.0111213439727
  endloop
endfacet
facet normal -0.6343932841636237 0.7730104533627548 3.4633502589135455e-14
  outer loop
    vertex 4205.375619016258 174.92778580674047 560.0111213439727
    vertex 4205.148314194008 174.74124156006658 566.0111213439725
    vertex 4205.375619016258 174.9277858067406 566.0111213439725
  endloop
endfacet
facet normal -0.7730104533627086 0.6343932841636801 3.476817799515495e-14
  outer loop
    vertex 4205.375619016258 174.9277858067406 566.0111213439725
    vertex 4205.562163262932 175.15509062899085 560.0111213439727
    vertex 4205.375619016258 174.92778580674047 560.0111213439727
  endloop
endfacet
facet normal -0.7730104533627086 0.6343932841636801 3.476817799515495e-14
  outer loop
    vertex 4205.562163262932 175.15509062899085 560.0111213439727
    vertex 4205.375619016258 174.9277858067406 566.0111213439725
    vertex 4205.562163262932 175.15509062899096 566.0111213439725
  endloop
endfacet
facet normal -0.8819212643483574 0.4713967368259932 3.3566731819039086e-14
  outer loop
    vertex 4205.562163262932 175.15509062899096 566.0111213439725
    vertex 4205.700778143245 175.41442082997264 560.0111213439727
    vertex 4205.562163262932 175.15509062899085 560.0111213439727
  endloop
endfacet
facet normal -0.8819212643483574 0.4713967368259932 3.3566731819039086e-14
  outer loop
    vertex 4205.700778143245 175.41442082997264 560.0111213439727
    vertex 4205.562163262932 175.15509062899096 566.0111213439725
    vertex 4205.700778143245 175.41442082997276 566.0111213439725
  endloop
endfacet
facet normal -0.9569403357322088 0.29028467725446244 3.1075334963557844e-14
  outer loop
    vertex 4205.700778143245 175.41442082997276 566.0111213439725
    vertex 4205.786136765082 175.6958104954961 560.0111213439727
    vertex 4205.700778143245 175.41442082997264 560.0111213439727
  endloop
endfacet
facet normal -0.9569403357322088 0.29028467725446244 3.1075334963557844e-14
  outer loop
    vertex 4205.786136765082 175.6958104954961 560.0111213439727
    vertex 4205.700778143245 175.41442082997276 566.0111213439725
    vertex 4205.786136765082 175.6958104954962 566.0111213439725
  endloop
endfacet
facet normal -0.9951847266721975 0.0980171403295556 2.7389730412675542e-14
  outer loop
    vertex 4205.786136765082 175.6958104954962 566.0111213439725
    vertex 4205.814958844478 175.98844597852028 560.0111213439727
    vertex 4205.786136765082 175.6958104954961 560.0111213439727
  endloop
endfacet
facet normal -0.9951847266721975 0.0980171403295556 2.7389730412675542e-14
  outer loop
    vertex 4205.814958844478 175.98844597852028 560.0111213439727
    vertex 4205.786136765082 175.6958104954962 566.0111213439725
    vertex 4205.814958844478 175.9884459785204 566.0111213439725
  endloop
endfacet
facet normal -0.9951847266721975 -0.0980171403295556 2.2651553882372235e-14
  outer loop
    vertex 4205.814958844478 175.9884459785204 566.0111213439725
    vertex 4205.786136765082 176.28108146154446 560.0111213439727
    vertex 4205.814958844478 175.98844597852028 560.0111213439727
  endloop
endfacet
facet normal -0.9951847266721975 -0.0980171403295556 2.2651553882372235e-14
  outer loop
    vertex 4205.786136765082 176.28108146154446 560.0111213439727
    vertex 4205.814958844478 175.9884459785204 566.0111213439725
    vertex 4205.786136765082 176.28108146154457 566.0111213439725
  endloop
endfacet
facet normal 0.47139673682596545 -0.8819212643483723 -3.316788110130747e-14
  outer loop
    vertex 4238.74093369593 177.37426527728752 560.0111213439724
    vertex 4238.481603494948 177.23565039697417 566.011121343972
    vertex 4238.481603494948 177.23565039697434 560.0111213439724
  endloop
endfacet
facet normal 0.47139673682596545 -0.8819212643483723 -3.316788110130747e-14
  outer loop
    vertex 4238.481603494948 177.23565039697417 566.011121343972
    vertex 4238.74093369593 177.37426527728752 560.0111213439724
    vertex 4238.740933695931 177.37426527728726 566.011121343972
  endloop
endfacet
facet normal 0.634393284163605 -0.7730104533627703 -3.463350258913537e-14
  outer loop
    vertex 4238.481603494948 177.23565039697434 560.0111213439724
    vertex 4238.2542986726985 177.0491061503002 566.011121343972
    vertex 4238.254298672698 177.04910615030045 560.0111213439724
  endloop
endfacet
facet normal 0.634393284163605 -0.7730104533627703 -3.463350258913537e-14
  outer loop
    vertex 4238.2542986726985 177.0491061503002 566.011121343972
    vertex 4238.481603494948 177.23565039697434 560.0111213439724
    vertex 4238.481603494948 177.23565039697417 566.011121343972
  endloop
endfacet
facet normal 0.7730104533627086 -0.6343932841636801 -3.476817799515497e-14
  outer loop
    vertex 4238.2542986726985 177.0491061503002 566.011121343972
    vertex 4238.067754426024 176.82180132805004 560.0111213439724
    vertex 4238.254298672698 177.04910615030045 560.0111213439724
  endloop
endfacet
facet normal 0.7730104533627086 -0.6343932841636801 -3.476817799515497e-14
  outer loop
    vertex 4238.067754426024 176.82180132805004 560.0111213439724
    vertex 4238.2542986726985 177.0491061503002 566.011121343972
    vertex 4238.067754426024 176.8218013280498 566.011121343972
  endloop
endfacet
facet normal 0.8819212643483574 -0.4713967368259932 -3.35667318190391e-14
  outer loop
    vertex 4238.067754426024 176.8218013280498 566.011121343972
    vertex 4237.929139545711 176.56247112706828 560.0111213439724
    vertex 4238.067754426024 176.82180132805004 560.0111213439724
  endloop
endfacet
facet normal 0.8819212643483574 -0.4713967368259932 -3.35667318190391e-14
  outer loop
    vertex 4237.929139545711 176.56247112706828 560.0111213439724
    vertex 4238.067754426024 176.8218013280498 566.011121343972
    vertex 4237.929139545711 176.56247112706802 566.011121343972
  endloop
endfacet
facet normal 0.9569403357322088 -0.29028467725446244 -3.1075334963557856e-14
  outer loop
    vertex 4237.929139545711 176.56247112706802 566.011121343972
    vertex 4237.843780923873 176.28108146154483 560.0111213439724
    vertex 4237.929139545711 176.56247112706828 560.0111213439724
  endloop
endfacet
facet normal 0.9569403357322088 -0.29028467725446244 -3.1075334963557856e-14
  outer loop
    vertex 4237.843780923873 176.28108146154483 560.0111213439724
    vertex 4237.929139545711 176.56247112706802 566.011121343972
    vertex 4237.843780923873 176.28108146154457 566.011121343972
  endloop
endfacet
facet normal 0.9951847266721975 -0.0980171403295556 -2.7389730412675554e-14
  outer loop
    vertex 4237.843780923873 176.28108146154457 566.011121343972
    vertex 4237.814958844478 175.98844597852064 560.0111213439724
    vertex 4237.843780923873 176.28108146154483 560.0111213439724
  endloop
endfacet
facet normal 0.9951847266721975 -0.0980171403295556 -2.7389730412675554e-14
  outer loop
    vertex 4237.814958844478 175.98844597852064 560.0111213439724
    vertex 4237.843780923873 176.28108146154457 566.011121343972
    vertex 4237.814958844478 175.9884459785204 566.011121343972
  endloop
endfacet
facet normal 0.9951847266721975 0.0980171403295556 -2.2651553882372248e-14
  outer loop
    vertex 4237.814958844478 175.9884459785204 566.011121343972
    vertex 4237.843780923873 175.69581049549643 560.0111213439724
    vertex 4237.814958844478 175.98844597852064 560.0111213439724
  endloop
endfacet
facet normal 0.9951847266721975 0.0980171403295556 -2.2651553882372248e-14
  outer loop
    vertex 4237.843780923873 175.69581049549643 560.0111213439724
    vertex 4237.814958844478 175.9884459785204 566.011121343972
    vertex 4237.843780923873 175.6958104954962 566.011121343972
  endloop
endfacet
facet normal 0.9569403357322088 0.29028467725446244 -1.7042890839506772e-14
  outer loop
    vertex 4237.843780923873 175.69581049549643 560.0111213439724
    vertex 4237.929139545711 175.41442082997276 566.011121343972
    vertex 4237.929139545711 175.414420829973 560.0111213439723
  endloop
endfacet
facet normal 0.9569403357322088 0.29028467725446244 -1.7042890839506772e-14
  outer loop
    vertex 4237.929139545711 175.41442082997276 566.011121343972
    vertex 4237.843780923873 175.69581049549643 560.0111213439724
    vertex 4237.843780923873 175.6958104954962 566.011121343972
  endloop
endfacet
facet normal 0.8819212643483574 0.4713967368259932 -1.0779279059442657e-14
  outer loop
    vertex 4237.929139545711 175.41442082997276 566.011121343972
    vertex 4238.067754426024 175.15509062899122 560.0111213439723
    vertex 4237.929139545711 175.414420829973 560.0111213439723
  endloop
endfacet
facet normal 0.8819212643483574 0.4713967368259932 -1.0779279059442657e-14
  outer loop
    vertex 4238.067754426024 175.15509062899122 560.0111213439723
    vertex 4237.929139545711 175.41442082997276 566.011121343972
    vertex 4238.067754426024 175.15509062899096 566.011121343972
  endloop
endfacet
facet normal 0.7730104533627086 0.6343932841636801 -4.101425630211615e-15
  outer loop
    vertex 4238.067754426024 175.15509062899096 566.011121343972
    vertex 4238.254298672698 174.92778580674084 560.0111213439723
    vertex 4238.067754426024 175.15509062899122 560.0111213439723
  endloop
endfacet
facet normal 0.7730104533627086 0.6343932841636801 -4.101425630211615e-15
  outer loop
    vertex 4238.254298672698 174.92778580674084 560.0111213439723
    vertex 4238.067754426024 175.15509062899096 566.011121343972
    vertex 4238.2542986726985 174.9277858067406 566.011121343972
  endloop
endfacet
facet normal 0.634393284163605 0.7730104533627703 2.7340432858810803e-15
  outer loop
    vertex 4238.2542986726985 174.9277858067406 566.011121343972
    vertex 4238.481603494948 174.74124156006675 560.0111213439723
    vertex 4238.254298672698 174.92778580674084 560.0111213439723
  endloop
endfacet
facet normal 0.634393284163605 0.7730104533627703 2.7340432858810803e-15
  outer loop
    vertex 4238.481603494948 174.74124156006675 560.0111213439723
    vertex 4238.2542986726985 174.9277858067406 566.011121343972
    vertex 4238.481603494948 174.74124156006658 566.011121343972
  endloop
endfacet
facet normal 0.47139673682596545 0.8819212643483723 9.464444451765705e-15
  outer loop
    vertex 4238.740933695931 174.6026266797535 566.011121343972
    vertex 4238.481603494948 174.74124156006675 560.0111213439723
    vertex 4238.481603494948 174.74124156006658 566.011121343972
  endloop
endfacet
facet normal 0.47139673682596545 0.8819212643483723 9.464444451765705e-15
  outer loop
    vertex 4238.481603494948 174.74124156006675 560.0111213439723
    vertex 4238.740933695931 174.6026266797535 566.011121343972
    vertex 4238.74093369593 174.60262667975374 560.0111213439723
  endloop
endfacet
facet normal 0.29028467725446244 0.9569403357322088 1.5831132325089985e-14
  outer loop
    vertex 4238.740933695931 174.6026266797535 566.011121343972
    vertex 4239.022323361453 174.51726805791583 560.0111213439723
    vertex 4238.74093369593 174.60262667975374 560.0111213439723
  endloop
endfacet
facet normal 0.29028467725446244 0.9569403357322088 1.5831132325089985e-14
  outer loop
    vertex 4239.022323361453 174.51726805791583 560.0111213439723
    vertex 4238.740933695931 174.6026266797535 566.011121343972
    vertex 4239.022323361453 174.5172680579156 566.011121343972
  endloop
endfacet
facet normal 0.09801714032978354 0.995184726672175 2.1589438661357446e-14
  outer loop
    vertex 4239.022323361453 174.5172680579156 566.011121343972
    vertex 4239.314958844478 174.48844597852062 560.0111213439723
    vertex 4239.022323361453 174.51726805791583 560.0111213439723
  endloop
endfacet
facet normal 0.09801714032978354 0.995184726672175 2.1589438661357446e-14
  outer loop
    vertex 4239.314958844478 174.48844597852062 560.0111213439723
    vertex 4239.022323361453 174.5172680579156 566.011121343972
    vertex 4239.314958844478 174.48844597852036 566.011121343972
  endloop
endfacet
facet normal -0.09801714032978354 0.995184726672175 2.6518074977382736e-14
  outer loop
    vertex 4239.314958844478 174.48844597852036 566.011121343972
    vertex 4239.607594327502 174.51726805791583 560.0111213439723
    vertex 4239.314958844478 174.48844597852062 560.0111213439723
  endloop
endfacet
facet normal -0.09801714032978354 0.995184726672175 2.6518074977382736e-14
  outer loop
    vertex 4239.607594327502 174.51726805791583 560.0111213439723
    vertex 4239.314958844478 174.48844597852036 566.011121343972
    vertex 4239.607594327502 174.5172680579156 566.011121343972
  endloop
endfacet
facet normal -0.29028467725446244 0.9569403357322088 3.0427636543518896e-14
  outer loop
    vertex 4239.607594327502 174.5172680579156 566.011121343972
    vertex 4239.888983993025 174.60262667975374 560.0111213439723
    vertex 4239.607594327502 174.51726805791583 560.0111213439723
  endloop
endfacet
facet normal -0.29028467725446244 0.9569403357322088 3.0427636543518896e-14
  outer loop
    vertex 4239.888983993025 174.60262667975374 560.0111213439723
    vertex 4239.607594327502 174.5172680579156 566.011121343972
    vertex 4239.888983993026 174.6026266797535 566.011121343972
  endloop
endfacet
facet normal -0.47139673682596545 0.8819212643483723 3.316788110130747e-14
  outer loop
    vertex 4239.888983993026 174.6026266797535 566.011121343972
    vertex 4240.148314194007 174.74124156006675 560.0111213439723
    vertex 4239.888983993025 174.60262667975374 560.0111213439723
  endloop
endfacet
facet normal -0.47139673682596545 0.8819212643483723 3.316788110130747e-14
  outer loop
    vertex 4240.148314194007 174.74124156006675 560.0111213439723
    vertex 4239.888983993026 174.6026266797535 566.011121343972
    vertex 4240.148314194007 174.74124156006658 566.011121343972
  endloop
endfacet
facet normal -0.634393284163605 0.7730104533627703 3.463350258913537e-14
  outer loop
    vertex 4240.3756190162585 174.9277858067406 566.0111213439719
    vertex 4240.148314194007 174.74124156006675 560.0111213439723
    vertex 4240.148314194007 174.74124156006658 566.011121343972
  endloop
endfacet
facet normal -0.634393284163605 0.7730104533627703 3.463350258913537e-14
  outer loop
    vertex 4240.148314194007 174.74124156006675 560.0111213439723
    vertex 4240.3756190162585 174.9277858067406 566.0111213439719
    vertex 4240.375619016258 174.92778580674084 560.0111213439721
  endloop
endfacet
facet normal -0.7730104533627086 0.6343932841636801 3.476817799515497e-14
  outer loop
    vertex 4240.3756190162585 174.9277858067406 566.0111213439719
    vertex 4240.562163262932 175.15509062899122 560.0111213439723
    vertex 4240.375619016258 174.92778580674084 560.0111213439721
  endloop
endfacet
facet normal -0.7730104533627086 0.6343932841636801 3.476817799515497e-14
  outer loop
    vertex 4240.562163262932 175.15509062899122 560.0111213439723
    vertex 4240.3756190162585 174.9277858067406 566.0111213439719
    vertex 4240.562163262932 175.15509062899096 566.011121343972
  endloop
endfacet
facet normal -0.8819212643483574 0.4713967368259932 3.35667318190391e-14
  outer loop
    vertex 4240.562163262932 175.15509062899096 566.011121343972
    vertex 4240.700778143245 175.414420829973 560.0111213439723
    vertex 4240.562163262932 175.15509062899122 560.0111213439723
  endloop
endfacet
facet normal -0.8819212643483574 0.4713967368259932 3.35667318190391e-14
  outer loop
    vertex 4240.700778143245 175.414420829973 560.0111213439723
    vertex 4240.562163262932 175.15509062899096 566.011121343972
    vertex 4240.700778143245 175.41442082997276 566.011121343972
  endloop
endfacet
facet normal -0.9569403357322088 0.29028467725446244 3.1075334963557856e-14
  outer loop
    vertex 4240.700778143245 175.41442082997276 566.011121343972
    vertex 4240.786136765082 175.69581049549643 560.0111213439723
    vertex 4240.700778143245 175.414420829973 560.0111213439723
  endloop
endfacet
facet normal -0.9569403357322088 0.29028467725446244 3.1075334963557856e-14
  outer loop
    vertex 4240.786136765082 175.69581049549643 560.0111213439723
    vertex 4240.700778143245 175.41442082997276 566.011121343972
    vertex 4240.786136765083 175.6958104954962 566.011121343972
  endloop
endfacet
facet normal -0.9951847266721975 0.0980171403295556 2.7389730412675554e-14
  outer loop
    vertex 4240.786136765083 175.6958104954962 566.011121343972
    vertex 4240.814958844478 175.98844597852064 560.0111213439723
    vertex 4240.786136765082 175.69581049549643 560.0111213439723
  endloop
endfacet
facet normal -0.9951847266721975 0.0980171403295556 2.7389730412675554e-14
  outer loop
    vertex 4240.814958844478 175.98844597852064 560.0111213439723
    vertex 4240.786136765083 175.6958104954962 566.011121343972
    vertex 4240.814958844478 175.9884459785204 566.011121343972
  endloop
endfacet
facet normal -0.9951847266721975 -0.0980171403295556 2.2651553882372248e-14
  outer loop
    vertex 4240.814958844478 175.9884459785204 566.011121343972
    vertex 4240.786136765082 176.28108146154483 560.0111213439723
    vertex 4240.814958844478 175.98844597852064 560.0111213439723
  endloop
endfacet
facet normal -0.9951847266721975 -0.0980171403295556 2.2651553882372248e-14
  outer loop
    vertex 4240.786136765082 176.28108146154483 560.0111213439723
    vertex 4240.814958844478 175.9884459785204 566.011121343972
    vertex 4240.786136765083 176.28108146154457 566.011121343972
  endloop
endfacet
facet normal -0.9569403357322088 -0.29028467725446244 1.7042890839506772e-14
  outer loop
    vertex 4240.786136765083 176.28108146154457 566.011121343972
    vertex 4240.700778143245 176.56247112706828 560.0111213439723
    vertex 4240.786136765082 176.28108146154483 560.0111213439723
  endloop
endfacet
facet normal -0.9569403357322088 -0.29028467725446244 1.7042890839506772e-14
  outer loop
    vertex 4240.700778143245 176.56247112706828 560.0111213439723
    vertex 4240.786136765083 176.28108146154457 566.011121343972
    vertex 4240.700778143245 176.56247112706802 566.011121343972
  endloop
endfacet
facet normal -0.8819212643483574 -0.4713967368259932 1.0779279059442657e-14
  outer loop
    vertex 4240.700778143245 176.56247112706802 566.011121343972
    vertex 4240.562163262932 176.82180132805004 560.0111213439723
    vertex 4240.700778143245 176.56247112706828 560.0111213439723
  endloop
endfacet
facet normal -0.8819212643483574 -0.4713967368259932 1.0779279059442657e-14
  outer loop
    vertex 4240.562163262932 176.82180132805004 560.0111213439723
    vertex 4240.700778143245 176.56247112706802 566.011121343972
    vertex 4240.562163262932 176.8218013280498 566.011121343972
  endloop
endfacet
facet normal -0.7730104533627086 -0.6343932841636801 4.101425630211615e-15
  outer loop
    vertex 4240.562163262932 176.8218013280498 566.011121343972
    vertex 4240.375619016258 177.04910615030045 560.0111213439723
    vertex 4240.562163262932 176.82180132805004 560.0111213439723
  endloop
endfacet
facet normal -0.7730104533627086 -0.6343932841636801 4.101425630211615e-15
  outer loop
    vertex 4240.375619016258 177.04910615030045 560.0111213439723
    vertex 4240.562163262932 176.8218013280498 566.011121343972
    vertex 4240.3756190162585 177.0491061503002 566.011121343972
  endloop
endfacet
facet normal -0.634393284163605 -0.7730104533627703 -2.7340432858810803e-15
  outer loop
    vertex 4240.375619016258 177.04910615030045 560.0111213439723
    vertex 4240.148314194007 177.23565039697417 566.011121343972
    vertex 4240.148314194007 177.23565039697434 560.0111213439723
  endloop
endfacet
facet normal -0.634393284163605 -0.7730104533627703 -2.7340432858810803e-15
  outer loop
    vertex 4240.148314194007 177.23565039697417 566.011121343972
    vertex 4240.375619016258 177.04910615030045 560.0111213439723
    vertex 4240.3756190162585 177.0491061503002 566.011121343972
  endloop
endfacet
facet normal -0.47139673682596545 -0.8819212643483723 -9.464444451765705e-15
  outer loop
    vertex 4240.148314194007 177.23565039697434 560.0111213439723
    vertex 4239.888983993026 177.37426527728726 566.011121343972
    vertex 4239.888983993025 177.37426527728752 560.0111213439724
  endloop
endfacet
facet normal -0.47139673682596545 -0.8819212643483723 -9.464444451765705e-15
  outer loop
    vertex 4239.888983993026 177.37426527728726 566.011121343972
    vertex 4240.148314194007 177.23565039697434 560.0111213439723
    vertex 4240.148314194007 177.23565039697417 566.011121343972
  endloop
endfacet
facet normal -0.29028467725446244 -0.9569403357322088 -1.5831132325089985e-14
  outer loop
    vertex 4239.888983993025 177.37426527728752 560.0111213439724
    vertex 4239.607594327502 177.45962389912518 566.011121343972
    vertex 4239.607594327502 177.45962389912543 560.0111213439724
  endloop
endfacet
facet normal -0.29028467725446244 -0.9569403357322088 -1.5831132325089985e-14
  outer loop
    vertex 4239.607594327502 177.45962389912518 566.011121343972
    vertex 4239.888983993025 177.37426527728752 560.0111213439724
    vertex 4239.888983993026 177.37426527728726 566.011121343972
  endloop
endfacet
facet normal -0.09801714032978354 -0.995184726672175 -2.1589438661357446e-14
  outer loop
    vertex 4239.607594327502 177.45962389912543 560.0111213439724
    vertex 4239.314958844478 177.48844597852042 566.011121343972
    vertex 4239.314958844478 177.48844597852064 560.0111213439724
  endloop
endfacet
facet normal -0.09801714032978354 -0.995184726672175 -2.1589438661357446e-14
  outer loop
    vertex 4239.314958844478 177.48844597852042 566.011121343972
    vertex 4239.607594327502 177.45962389912543 560.0111213439724
    vertex 4239.607594327502 177.45962389912518 566.011121343972
  endloop
endfacet
facet normal 0.09801714032978354 -0.995184726672175 -2.6518074977382736e-14
  outer loop
    vertex 4239.314958844478 177.48844597852064 560.0111213439724
    vertex 4239.022323361453 177.45962389912518 566.011121343972
    vertex 4239.022323361453 177.45962389912543 560.0111213439724
  endloop
endfacet
facet normal 0.09801714032978354 -0.995184726672175 -2.6518074977382736e-14
  outer loop
    vertex 4239.022323361453 177.45962389912518 566.011121343972
    vertex 4239.314958844478 177.48844597852064 560.0111213439724
    vertex 4239.314958844478 177.48844597852042 566.011121343972
  endloop
endfacet
facet normal 0.29028467725446244 -0.9569403357322088 -3.0427636543518896e-14
  outer loop
    vertex 4239.022323361453 177.45962389912543 560.0111213439724
    vertex 4238.740933695931 177.37426527728726 566.011121343972
    vertex 4238.74093369593 177.37426527728752 560.0111213439724
  endloop
endfacet
facet normal 0.29028467725446244 -0.9569403357322088 -3.0427636543518896e-14
  outer loop
    vertex 4238.740933695931 177.37426527728726 566.011121343972
    vertex 4239.022323361453 177.45962389912543 560.0111213439724
    vertex 4239.022323361453 177.45962389912518 566.011121343972
  endloop
endfacet
facet normal 2.2009494497934053e-15 1.0 -1.1524114995609017e-14
  outer loop
    vertex 4242.3149588444785 239.12844597852035 576.0111213439718
    vertex 4231.064958844478 239.12844597852023 566.011121343972
    vertex 4231.064958844478 239.12844597852035 576.0111213439719
  endloop
endfacet
facet normal 2.2009494497934053e-15 1.0 -1.1524114995609017e-14
  outer loop
    vertex 4231.064958844478 239.12844597852023 566.011121343972
    vertex 4242.3149588444785 239.12844597852035 576.0111213439718
    vertex 4242.314958844478 239.12844597851998 560.011121343972
  endloop
endfacet
facet normal 2.2009494497934053e-15 1.0 -1.1524114995609017e-14
  outer loop
    vertex 4212.564958844478 239.12844597852023 576.011121343972
    vertex 4201.314958844478 239.12844597852023 560.0111213439721
    vertex 4201.314958844478 239.12844597852023 576.0111213439724
  endloop
endfacet
facet normal 2.2009494497934053e-15 1.0 -1.1524114995609017e-14
  outer loop
    vertex 4201.314958844478 239.12844597852023 560.0111213439721
    vertex 4212.564958844478 239.12844597852023 576.011121343972
    vertex 4212.564958844478 239.12844597852015 566.0111213439721
  endloop
endfacet
facet normal 2.2009494497934053e-15 1.0 -1.1524114995609017e-14
  outer loop
    vertex 4201.314958844478 239.12844597852023 560.0111213439721
    vertex 4212.564958844478 239.12844597852015 566.0111213439721
    vertex 4242.314958844478 239.12844597851998 560.011121343972
  endloop
endfacet
facet normal 2.2009494497934053e-15 1.0 -1.1524114995609017e-14
  outer loop
    vertex 4242.314958844478 239.12844597851998 560.011121343972
    vertex 4212.564958844478 239.12844597852015 566.0111213439721
    vertex 4231.064958844478 239.12844597852023 566.011121343972
  endloop
endfacet
facet normal 1.5039821240255255e-14 -2.1728650624811634e-15 1.0
  outer loop
    vertex 4201.314958844478 231.32844597852034 568.2111213439723
    vertex 4204.314958844478 236.92844597852033 568.2111213439723
    vertex 4201.314958844478 236.92844597852033 568.2111213439724
  endloop
endfacet
facet normal 1.5039821240255255e-14 -2.1728650624811634e-15 1.0
  outer loop
    vertex 4204.314958844478 236.92844597852033 568.2111213439723
    vertex 4201.314958844478 231.32844597852034 568.2111213439723
    vertex 4204.314958844478 231.32844597852034 568.2111213439723
  endloop
endfacet
facet normal 0.0 -1.0 5.88418203051333e-15
  outer loop
    vertex 4204.314958844478 236.92844597852033 568.2111213439723
    vertex 4201.314958844478 236.9284459785204 576.0111213439723
    vertex 4201.314958844478 236.92844597852033 568.2111213439724
  endloop
endfacet
facet normal 0.0 -1.0 5.88418203051333e-15
  outer loop
    vertex 4201.314958844478 236.9284459785204 576.0111213439723
    vertex 4204.314958844478 236.92844597852033 568.2111213439723
    vertex 4204.314958844478 236.9284459785204 576.0111213439721
  endloop
endfacet
facet normal 1.0 -1.6114094185987992e-14 -1.156909326173509e-14
  outer loop
    vertex 4201.314958844478 236.92844597852033 568.2111213439724
    vertex 4201.314958844478 234.51667454617413 569.5622326045387
    vertex 4201.314958844478 234.12844597852035 569.5111213439724
  endloop
endfacet
facet normal 1.0 -1.6114094185987992e-14 -1.156909326173509e-14
  outer loop
    vertex 4201.314958844478 234.51667454617413 569.5622326045387
    vertex 4201.314958844478 236.92844597852033 568.2111213439724
    vertex 4201.314958844478 234.87844597852035 569.7120832382957
  endloop
endfacet
facet normal 1.0 -1.6114094185987992e-14 -1.156909326173509e-14
  outer loop
    vertex 4201.314958844478 234.87844597852035 569.7120832382957
    vertex 4201.314958844478 236.92844597852033 568.2111213439724
    vertex 4201.314958844478 235.18910615030015 569.9504611721925
  endloop
endfacet
facet normal 1.0 -1.6114094185987992e-14 -1.156909326173509e-14
  outer loop
    vertex 4201.314958844478 235.18910615030015 569.9504611721925
    vertex 4201.314958844478 236.92844597852033 568.2111213439724
    vertex 4201.314958844478 235.427484084197 570.2611213439724
  endloop
endfacet
facet normal 1.0 -1.6114094185987992e-14 -1.156909326173509e-14
  outer loop
    vertex 4201.314958844478 235.427484084197 570.2611213439724
    vertex 4201.314958844478 236.92844597852033 568.2111213439724
    vertex 4201.314958844478 235.57733471795393 570.6228927763186
  endloop
endfacet
facet normal 1.0 -1.6114094185987992e-14 -1.156909326173509e-14
  outer loop
    vertex 4201.314958844478 235.57733471795393 570.6228927763186
    vertex 4201.314958844478 236.92844597852033 568.2111213439724
    vertex 4201.314958844478 236.9284459785204 576.0111213439723
  endloop
endfacet
facet normal 1.0 -1.6114094185987992e-14 -1.156909326173509e-14
  outer loop
    vertex 4201.314958844478 235.57733471795393 570.6228927763186
    vertex 4201.314958844478 236.9284459785204 576.0111213439723
    vertex 4201.314958844478 235.62844597852038 571.0111213439724
  endloop
endfacet
facet normal 1.0 -1.6114094185987992e-14 -1.156909326173509e-14
  outer loop
    vertex 4201.314958844478 235.62844597852038 571.0111213439724
    vertex 4201.314958844478 236.9284459785204 576.0111213439723
    vertex 4201.314958844478 235.57733471795393 571.3993499116261
  endloop
endfacet
facet normal 1.0 -1.6114094185987992e-14 -1.156909326173509e-14
  outer loop
    vertex 4201.314958844478 235.57733471795393 571.3993499116261
    vertex 4201.314958844478 236.9284459785204 576.0111213439723
    vertex 4201.314958844478 235.427484084197 571.7611213439724
  endloop
endfacet
facet normal 1.0 -1.6114094185987992e-14 -1.156909326173509e-14
  outer loop
    vertex 4201.314958844478 235.427484084197 571.7611213439724
    vertex 4201.314958844478 236.9284459785204 576.0111213439723
    vertex 4201.314958844478 235.18910615030015 572.0717815157521
  endloop
endfacet
facet normal 1.0 -1.6114094185987992e-14 -1.156909326173509e-14
  outer loop
    vertex 4201.314958844478 235.18910615030015 572.0717815157521
    vertex 4201.314958844478 236.9284459785204 576.0111213439723
    vertex 4201.314958844478 234.87844597852035 572.3101594496491
  endloop
endfacet
facet normal 1.0 -1.6114094185987992e-14 -1.156909326173509e-14
  outer loop
    vertex 4201.314958844478 234.87844597852035 572.3101594496491
    vertex 4201.314958844478 236.9284459785204 576.0111213439723
    vertex 4201.314958844478 234.51667454617413 572.460010083406
  endloop
endfacet
facet normal 1.0 -1.6114094185987992e-14 -1.156909326173509e-14
  outer loop
    vertex 4201.314958844478 234.51667454617413 572.460010083406
    vertex 4201.314958844478 236.9284459785204 576.0111213439723
    vertex 4201.314958844478 234.12844597852035 572.5111213439724
  endloop
endfacet
facet normal 1.0 -1.6114094185987992e-14 -1.156909326173509e-14
  outer loop
    vertex 4201.314958844478 231.32844597852034 568.2111213439723
    vertex 4201.314958844478 232.67955723908673 570.6228927763186
    vertex 4201.314958844478 231.3284459785204 576.0111213439723
  endloop
endfacet
facet normal 1.0 -1.6114094185987992e-14 -1.156909326173509e-14
  outer loop
    vertex 4201.314958844478 232.67955723908673 570.6228927763186
    vertex 4201.314958844478 231.32844597852034 568.2111213439723
    vertex 4201.314958844478 232.82940787284366 570.2611213439724
  endloop
endfacet
facet normal 1.0 -1.6114094185987992e-14 -1.156909326173509e-14
  outer loop
    vertex 4201.314958844478 232.82940787284366 570.2611213439724
    vertex 4201.314958844478 231.32844597852034 568.2111213439723
    vertex 4201.314958844478 233.06778580674055 569.9504611721925
  endloop
endfacet
facet normal 1.0 -1.6114094185987992e-14 -1.156909326173509e-14
  outer loop
    vertex 4201.314958844478 233.06778580674055 569.9504611721925
    vertex 4201.314958844478 231.32844597852034 568.2111213439723
    vertex 4201.314958844478 233.37844597852035 569.7120832382957
  endloop
endfacet
facet normal 1.0 -1.6114094185987992e-14 -1.156909326173509e-14
  outer loop
    vertex 4201.314958844478 233.37844597852035 569.7120832382957
    vertex 4201.314958844478 231.32844597852034 568.2111213439723
    vertex 4201.314958844478 236.92844597852033 568.2111213439724
  endloop
endfacet
facet normal 1.0 -1.6114094185987992e-14 -1.156909326173509e-14
  outer loop
    vertex 4201.314958844478 233.37844597852035 569.7120832382957
    vertex 4201.314958844478 236.92844597852033 568.2111213439724
    vertex 4201.314958844478 233.74021741086653 569.5622326045387
  endloop
endfacet
facet normal 1.0 -1.6114094185987992e-14 -1.156909326173509e-14
  outer loop
    vertex 4201.314958844478 233.74021741086653 569.5622326045387
    vertex 4201.314958844478 236.92844597852033 568.2111213439724
    vertex 4201.314958844478 234.12844597852035 569.5111213439724
  endloop
endfacet
facet normal 1.0 -1.6114094185987992e-14 -1.156909326173509e-14
  outer loop
    vertex 4201.314958844478 231.3284459785204 576.0111213439723
    vertex 4201.314958844478 232.67955723908673 570.6228927763186
    vertex 4201.314958844478 232.62844597852032 571.0111213439724
  endloop
endfacet
facet normal 1.0 -1.6114094185987992e-14 -1.156909326173509e-14
  outer loop
    vertex 4201.314958844478 231.3284459785204 576.0111213439723
    vertex 4201.314958844478 232.62844597852032 571.0111213439724
    vertex 4201.314958844478 232.67955723908673 571.3993499116261
  endloop
endfacet
facet normal 1.0 -1.6114094185987992e-14 -1.156909326173509e-14
  outer loop
    vertex 4201.314958844478 231.3284459785204 576.0111213439723
    vertex 4201.314958844478 232.67955723908673 571.3993499116261
    vertex 4201.314958844478 232.82940787284366 571.7611213439724
  endloop
endfacet
facet normal 1.0 -1.6114094185987992e-14 -1.156909326173509e-14
  outer loop
    vertex 4201.314958844478 231.3284459785204 576.0111213439723
    vertex 4201.314958844478 232.82940787284366 571.7611213439724
    vertex 4201.314958844478 233.06778580674055 572.0717815157521
  endloop
endfacet
facet normal 1.0 -1.6114094185987992e-14 -1.156909326173509e-14
  outer loop
    vertex 4201.314958844478 231.3284459785204 576.0111213439723
    vertex 4201.314958844478 233.06778580674055 572.0717815157521
    vertex 4201.314958844478 233.37844597852035 572.3101594496491
  endloop
endfacet
facet normal 1.0 -1.6114094185987992e-14 -1.156909326173509e-14
  outer loop
    vertex 4201.314958844478 231.3284459785204 576.0111213439723
    vertex 4201.314958844478 233.37844597852035 572.3101594496491
    vertex 4201.314958844478 233.74021741086653 572.460010083406
  endloop
endfacet
facet normal 1.0 -1.6114094185987992e-14 -1.156909326173509e-14
  outer loop
    vertex 4201.314958844478 231.3284459785204 576.0111213439723
    vertex 4201.314958844478 233.74021741086653 572.460010083406
    vertex 4201.314958844478 234.12844597852035 572.5111213439724
  endloop
endfacet
facet normal 1.0 -1.6114094185987992e-14 -1.156909326173509e-14
  outer loop
    vertex 4201.314958844478 231.3284459785204 576.0111213439723
    vertex 4201.314958844478 234.12844597852035 572.5111213439724
    vertex 4201.314958844478 236.9284459785204 576.0111213439723
  endloop
endfacet
facet normal 0.0 1.0 -5.88418203051333e-15
  outer loop
    vertex 4201.314958844478 231.3284459785204 576.0111213439723
    vertex 4204.314958844478 231.32844597852034 568.2111213439723
    vertex 4201.314958844478 231.32844597852034 568.2111213439723
  endloop
endfacet
facet normal 0.0 1.0 -5.88418203051333e-15
  outer loop
    vertex 4204.314958844478 231.32844597852034 568.2111213439723
    vertex 4201.314958844478 231.3284459785204 576.0111213439723
    vertex 4204.314958844478 231.3284459785204 576.0111213439721
  endloop
endfacet
facet normal -1.0 1.6114094185988087e-14 1.1569093261735092e-14
  outer loop
    vertex 4204.314958844478 231.32844597852034 568.2111213439723
    vertex 4204.314958844478 233.37844597852035 569.7120832382956
    vertex 4204.314958844478 236.92844597852033 568.2111213439723
  endloop
endfacet
facet normal -1.0 1.6114094185988087e-14 1.1569093261735092e-14
  outer loop
    vertex 4204.314958844478 233.37844597852035 569.7120832382956
    vertex 4204.314958844478 231.32844597852034 568.2111213439723
    vertex 4204.314958844478 233.06778580674055 569.9504611721923
  endloop
endfacet
facet normal -1.0 1.6114094185988087e-14 1.1569093261735092e-14
  outer loop
    vertex 4204.314958844478 233.06778580674055 569.9504611721923
    vertex 4204.314958844478 231.32844597852034 568.2111213439723
    vertex 4204.314958844478 232.82940787284366 570.2611213439721
  endloop
endfacet
facet normal -1.0 1.6114094185988087e-14 1.1569093261735092e-14
  outer loop
    vertex 4204.314958844478 232.82940787284366 570.2611213439721
    vertex 4204.314958844478 231.32844597852034 568.2111213439723
    vertex 4204.314958844478 232.67955723908673 570.6228927763184
  endloop
endfacet
facet normal -1.0 1.6114094185988087e-14 1.1569093261735092e-14
  outer loop
    vertex 4204.314958844478 232.67955723908673 570.6228927763184
    vertex 4204.314958844478 231.32844597852034 568.2111213439723
    vertex 4204.314958844478 231.3284459785204 576.0111213439721
  endloop
endfacet
facet normal -1.0 1.6114094185988087e-14 1.1569093261735092e-14
  outer loop
    vertex 4204.314958844478 236.92844597852033 568.2111213439723
    vertex 4204.314958844478 233.37844597852035 569.7120832382956
    vertex 4204.314958844478 233.74021741086653 569.5622326045386
  endloop
endfacet
facet normal -1.0 1.6114094185988087e-14 1.1569093261735092e-14
  outer loop
    vertex 4204.314958844478 236.92844597852033 568.2111213439723
    vertex 4204.314958844478 233.74021741086653 569.5622326045386
    vertex 4204.314958844478 234.12844597852035 569.5111213439721
  endloop
endfacet
facet normal -1.0 1.6114094185988087e-14 1.1569093261735092e-14
  outer loop
    vertex 4204.314958844478 232.67955723908673 570.6228927763184
    vertex 4204.314958844478 231.3284459785204 576.0111213439721
    vertex 4204.314958844478 232.62844597852032 571.0111213439721
  endloop
endfacet
facet normal -1.0 1.6114094185988087e-14 1.1569093261735092e-14
  outer loop
    vertex 4204.314958844478 232.62844597852032 571.0111213439721
    vertex 4204.314958844478 231.3284459785204 576.0111213439721
    vertex 4204.314958844478 232.67955723908673 571.399349911626
  endloop
endfacet
facet normal -1.0 1.6114094185988087e-14 1.1569093261735092e-14
  outer loop
    vertex 4204.314958844478 232.67955723908673 571.399349911626
    vertex 4204.314958844478 231.3284459785204 576.0111213439721
    vertex 4204.314958844478 232.82940787284366 571.7611213439723
  endloop
endfacet
facet normal -1.0 1.6114094185988087e-14 1.1569093261735092e-14
  outer loop
    vertex 4204.314958844478 232.82940787284366 571.7611213439723
    vertex 4204.314958844478 231.3284459785204 576.0111213439721
    vertex 4204.314958844478 233.06778580674055 572.071781515752
  endloop
endfacet
facet normal -1.0 1.6114094185988087e-14 1.1569093261735092e-14
  outer loop
    vertex 4204.314958844478 233.06778580674055 572.071781515752
    vertex 4204.314958844478 231.3284459785204 576.0111213439721
    vertex 4204.314958844478 233.37844597852035 572.3101594496488
  endloop
endfacet
facet normal -1.0 1.6114094185988087e-14 1.1569093261735092e-14
  outer loop
    vertex 4204.314958844478 233.37844597852035 572.3101594496488
    vertex 4204.314958844478 231.3284459785204 576.0111213439721
    vertex 4204.314958844478 233.74021741086653 572.4600100834058
  endloop
endfacet
facet normal -1.0 1.6114094185988087e-14 1.1569093261735092e-14
  outer loop
    vertex 4204.314958844478 233.74021741086653 572.4600100834058
    vertex 4204.314958844478 231.3284459785204 576.0111213439721
    vertex 4204.314958844478 234.12844597852035 572.5111213439723
  endloop
endfacet
facet normal -1.0 1.6114094185988087e-14 1.1569093261735092e-14
  outer loop
    vertex 4204.314958844478 236.92844597852033 568.2111213439723
    vertex 4204.314958844478 235.57733471795393 570.6228927763184
    vertex 4204.314958844478 236.9284459785204 576.0111213439721
  endloop
endfacet
facet normal -1.0 1.6114094185988087e-14 1.1569093261735092e-14
  outer loop
    vertex 4204.314958844478 235.57733471795393 570.6228927763184
    vertex 4204.314958844478 236.92844597852033 568.2111213439723
    vertex 4204.314958844478 235.427484084197 570.2611213439721
  endloop
endfacet
facet normal -1.0 1.6114094185988087e-14 1.1569093261735092e-14
  outer loop
    vertex 4204.314958844478 235.427484084197 570.2611213439721
    vertex 4204.314958844478 236.92844597852033 568.2111213439723
    vertex 4204.314958844478 235.18910615030015 569.9504611721923
  endloop
endfacet
facet normal -1.0 1.6114094185988087e-14 1.1569093261735092e-14
  outer loop
    vertex 4204.314958844478 235.18910615030015 569.9504611721923
    vertex 4204.314958844478 236.92844597852033 568.2111213439723
    vertex 4204.314958844478 234.87844597852035 569.7120832382956
  endloop
endfacet
facet normal -1.0 1.6114094185988087e-14 1.1569093261735092e-14
  outer loop
    vertex 4204.314958844478 234.87844597852035 569.7120832382956
    vertex 4204.314958844478 236.92844597852033 568.2111213439723
    vertex 4204.314958844478 234.51667454617413 569.5622326045386
  endloop
endfacet
facet normal -1.0 1.6114094185988087e-14 1.1569093261735092e-14
  outer loop
    vertex 4204.314958844478 234.51667454617413 569.5622326045386
    vertex 4204.314958844478 236.92844597852033 568.2111213439723
    vertex 4204.314958844478 234.12844597852035 569.5111213439721
  endloop
endfacet
facet normal -1.0 1.6114094185988087e-14 1.1569093261735092e-14
  outer loop
    vertex 4204.314958844478 236.9284459785204 576.0111213439721
    vertex 4204.314958844478 235.57733471795393 570.6228927763184
    vertex 4204.314958844478 235.62844597852038 571.0111213439721
  endloop
endfacet
facet normal -1.0 1.6114094185988087e-14 1.1569093261735092e-14
  outer loop
    vertex 4204.314958844478 236.9284459785204 576.0111213439721
    vertex 4204.314958844478 235.62844597852038 571.0111213439721
    vertex 4204.314958844478 235.57733471795393 571.399349911626
  endloop
endfacet
facet normal -1.0 1.6114094185988087e-14 1.1569093261735092e-14
  outer loop
    vertex 4204.314958844478 236.9284459785204 576.0111213439721
    vertex 4204.314958844478 235.57733471795393 571.399349911626
    vertex 4204.314958844478 235.427484084197 571.7611213439723
  endloop
endfacet
facet normal -1.0 1.6114094185988087e-14 1.1569093261735092e-14
  outer loop
    vertex 4204.314958844478 236.9284459785204 576.0111213439721
    vertex 4204.314958844478 235.427484084197 571.7611213439723
    vertex 4204.314958844478 235.18910615030015 572.071781515752
  endloop
endfacet
facet normal -1.0 1.6114094185988087e-14 1.1569093261735092e-14
  outer loop
    vertex 4204.314958844478 236.9284459785204 576.0111213439721
    vertex 4204.314958844478 235.18910615030015 572.071781515752
    vertex 4204.314958844478 234.87844597852035 572.3101594496488
  endloop
endfacet
facet normal -1.0 1.6114094185988087e-14 1.1569093261735092e-14
  outer loop
    vertex 4204.314958844478 236.9284459785204 576.0111213439721
    vertex 4204.314958844478 234.87844597852035 572.3101594496488
    vertex 4204.314958844478 234.51667454617413 572.4600100834058
  endloop
endfacet
facet normal -1.0 1.6114094185988087e-14 1.1569093261735092e-14
  outer loop
    vertex 4204.314958844478 236.9284459785204 576.0111213439721
    vertex 4204.314958844478 234.51667454617413 572.4600100834058
    vertex 4204.314958844478 234.12844597852035 572.5111213439723
  endloop
endfacet
facet normal -1.0 1.6114094185988087e-14 1.1569093261735092e-14
  outer loop
    vertex 4204.314958844478 236.9284459785204 576.0111213439721
    vertex 4204.314958844478 234.12844597852035 572.5111213439723
    vertex 4204.314958844478 231.3284459785204 576.0111213439721
  endloop
endfacet
facet normal 0.0 5.88418203051333e-15 1.0
  outer loop
    vertex 4239.314958844478 231.32844597852034 568.211121343972
    vertex 4242.3149588444785 236.92844597852033 568.211121343972
    vertex 4239.3149588444785 236.92844597852033 568.211121343972
  endloop
endfacet
facet normal 0.0 5.88418203051333e-15 1.0
  outer loop
    vertex 4242.3149588444785 236.92844597852033 568.211121343972
    vertex 4239.314958844478 231.32844597852034 568.211121343972
    vertex 4242.3149588444785 231.32844597852034 568.211121343972
  endloop
endfacet
facet normal 0.0 -1.0 5.88418203051333e-15
  outer loop
    vertex 4242.3149588444785 236.92844597852033 568.211121343972
    vertex 4239.3149588444785 236.9284459785204 576.0111213439718
    vertex 4239.3149588444785 236.92844597852033 568.211121343972
  endloop
endfacet
facet normal 0.0 -1.0 5.88418203051333e-15
  outer loop
    vertex 4239.3149588444785 236.9284459785204 576.0111213439718
    vertex 4242.3149588444785 236.92844597852033 568.211121343972
    vertex 4242.3149588444785 236.9284459785204 576.0111213439718
  endloop
endfacet
facet normal 1.0 -3.2228188371976035e-14 1.8963652689438001e-28
  outer loop
    vertex 4239.3149588444785 236.92844597852033 568.211121343972
    vertex 4239.314958844478 234.87844597852035 569.7120832382951
    vertex 4239.314958844478 231.32844597852034 568.211121343972
  endloop
endfacet
facet normal 1.0 -3.2228188371976035e-14 1.8963652689438001e-28
  outer loop
    vertex 4239.314958844478 234.87844597852035 569.7120832382951
    vertex 4239.3149588444785 236.92844597852033 568.211121343972
    vertex 4239.314958844478 235.18910615030015 569.9504611721919
  endloop
endfacet
facet normal 1.0 -3.2228188371976035e-14 1.8963652689438001e-28
  outer loop
    vertex 4239.314958844478 235.18910615030015 569.9504611721919
    vertex 4239.3149588444785 236.92844597852033 568.211121343972
    vertex 4239.3149588444785 235.427484084197 570.2611213439718
  endloop
endfacet
facet normal 1.0 -3.2228188371976035e-14 1.8963652689438001e-28
  outer loop
    vertex 4239.3149588444785 235.427484084197 570.2611213439718
    vertex 4239.3149588444785 236.92844597852033 568.211121343972
    vertex 4239.3149588444785 235.57733471795393 570.622892776318
  endloop
endfacet
facet normal 1.0 -3.2228188371976035e-14 1.8963652689438001e-28
  outer loop
    vertex 4239.3149588444785 235.57733471795393 570.622892776318
    vertex 4239.3149588444785 236.92844597852033 568.211121343972
    vertex 4239.3149588444785 236.9284459785204 576.0111213439718
  endloop
endfacet
facet normal 1.0 -3.2228188371976035e-14 1.8963652689438001e-28
  outer loop
    vertex 4239.314958844478 231.32844597852034 568.211121343972
    vertex 4239.314958844478 234.87844597852035 569.7120832382951
    vertex 4239.314958844478 234.51667454617413 569.5622326045383
  endloop
endfacet
facet normal 1.0 -3.2228188371976035e-14 1.8963652689438001e-28
  outer loop
    vertex 4239.314958844478 231.32844597852034 568.211121343972
    vertex 4239.314958844478 234.51667454617413 569.5622326045383
    vertex 4239.314958844478 234.12844597852035 569.5111213439718
  endloop
endfacet
facet normal 1.0 -3.2228188371976035e-14 1.8963652689438001e-28
  outer loop
    vertex 4239.3149588444785 235.57733471795393 570.622892776318
    vertex 4239.3149588444785 236.9284459785204 576.0111213439718
    vertex 4239.3149588444785 235.62844597852038 571.0111213439718
  endloop
endfacet
facet normal 1.0 -3.2228188371976035e-14 1.8963652689438001e-28
  outer loop
    vertex 4239.3149588444785 235.62844597852038 571.0111213439718
    vertex 4239.3149588444785 236.9284459785204 576.0111213439718
    vertex 4239.3149588444785 235.57733471795393 571.3993499116257
  endloop
endfacet
facet normal 1.0 -3.2228188371976035e-14 1.8963652689438001e-28
  outer loop
    vertex 4239.3149588444785 235.57733471795393 571.3993499116257
    vertex 4239.3149588444785 236.9284459785204 576.0111213439718
    vertex 4239.3149588444785 235.427484084197 571.7611213439718
  endloop
endfacet
facet normal 1.0 -3.2228188371976035e-14 1.8963652689438001e-28
  outer loop
    vertex 4239.3149588444785 235.427484084197 571.7611213439718
    vertex 4239.3149588444785 236.9284459785204 576.0111213439718
    vertex 4239.314958844478 235.18910615030015 572.0717815157517
  endloop
endfacet
facet normal 1.0 -3.2228188371976035e-14 1.8963652689438001e-28
  outer loop
    vertex 4239.314958844478 235.18910615030015 572.0717815157517
    vertex 4239.3149588444785 236.9284459785204 576.0111213439718
    vertex 4239.314958844478 234.87844597852035 572.3101594496485
  endloop
endfacet
facet normal 1.0 -3.2228188371976035e-14 1.8963652689438001e-28
  outer loop
    vertex 4239.314958844478 234.87844597852035 572.3101594496485
    vertex 4239.3149588444785 236.9284459785204 576.0111213439718
    vertex 4239.314958844478 234.51667454617413 572.4600100834055
  endloop
endfacet
facet normal 1.0 -3.2228188371976035e-14 1.8963652689438001e-28
  outer loop
    vertex 4239.314958844478 234.51667454617413 572.4600100834055
    vertex 4239.3149588444785 236.9284459785204 576.0111213439718
    vertex 4239.314958844478 234.12844597852035 572.5111213439718
  endloop
endfacet
facet normal 1.0 -3.2228188371976035e-14 1.8963652689438001e-28
  outer loop
    vertex 4239.314958844478 231.32844597852034 568.211121343972
    vertex 4239.314958844478 232.67955723908673 570.622892776318
    vertex 4239.314958844478 231.3284459785204 576.0111213439718
  endloop
endfacet
facet normal 1.0 -3.2228188371976035e-14 1.8963652689438001e-28
  outer loop
    vertex 4239.314958844478 232.67955723908673 570.622892776318
    vertex 4239.314958844478 231.32844597852034 568.211121343972
    vertex 4239.314958844478 232.82940787284366 570.2611213439718
  endloop
endfacet
facet normal 1.0 -3.2228188371976035e-14 1.8963652689438001e-28
  outer loop
    vertex 4239.314958844478 232.82940787284366 570.2611213439718
    vertex 4239.314958844478 231.32844597852034 568.211121343972
    vertex 4239.314958844478 233.06778580674055 569.9504611721919
  endloop
endfacet
facet normal 1.0 -3.2228188371976035e-14 1.8963652689438001e-28
  outer loop
    vertex 4239.314958844478 233.06778580674055 569.9504611721919
    vertex 4239.314958844478 231.32844597852034 568.211121343972
    vertex 4239.314958844478 233.37844597852035 569.7120832382951
  endloop
endfacet
facet normal 1.0 -3.2228188371976035e-14 1.8963652689438001e-28
  outer loop
    vertex 4239.314958844478 233.37844597852035 569.7120832382951
    vertex 4239.314958844478 231.32844597852034 568.211121343972
    vertex 4239.314958844478 233.74021741086653 569.5622326045383
  endloop
endfacet
facet normal 1.0 -3.2228188371976035e-14 1.8963652689438001e-28
  outer loop
    vertex 4239.314958844478 233.74021741086653 569.5622326045383
    vertex 4239.314958844478 231.32844597852034 568.211121343972
    vertex 4239.314958844478 234.12844597852035 569.5111213439718
  endloop
endfacet
facet normal 1.0 -3.2228188371976035e-14 1.8963652689438001e-28
  outer loop
    vertex 4239.314958844478 231.3284459785204 576.0111213439718
    vertex 4239.314958844478 232.67955723908673 570.622892776318
    vertex 4239.314958844478 232.62844597852032 571.0111213439718
  endloop
endfacet
facet normal 1.0 -3.2228188371976035e-14 1.8963652689438001e-28
  outer loop
    vertex 4239.314958844478 231.3284459785204 576.0111213439718
    vertex 4239.314958844478 232.62844597852032 571.0111213439718
    vertex 4239.314958844478 232.67955723908673 571.3993499116257
  endloop
endfacet
facet normal 1.0 -3.2228188371976035e-14 1.8963652689438001e-28
  outer loop
    vertex 4239.314958844478 231.3284459785204 576.0111213439718
    vertex 4239.314958844478 232.67955723908673 571.3993499116257
    vertex 4239.314958844478 232.82940787284366 571.7611213439718
  endloop
endfacet
facet normal 1.0 -3.2228188371976035e-14 1.8963652689438001e-28
  outer loop
    vertex 4239.314958844478 231.3284459785204 576.0111213439718
    vertex 4239.314958844478 232.82940787284366 571.7611213439718
    vertex 4239.314958844478 233.06778580674055 572.0717815157517
  endloop
endfacet
facet normal 1.0 -3.2228188371976035e-14 1.8963652689438001e-28
  outer loop
    vertex 4239.314958844478 231.3284459785204 576.0111213439718
    vertex 4239.314958844478 233.06778580674055 572.0717815157517
    vertex 4239.314958844478 233.37844597852035 572.3101594496485
  endloop
endfacet
facet normal 1.0 -3.2228188371976035e-14 1.8963652689438001e-28
  outer loop
    vertex 4239.314958844478 231.3284459785204 576.0111213439718
    vertex 4239.314958844478 233.37844597852035 572.3101594496485
    vertex 4239.314958844478 233.74021741086653 572.4600100834055
  endloop
endfacet
facet normal 1.0 -3.2228188371976035e-14 1.8963652689438001e-28
  outer loop
    vertex 4239.314958844478 231.3284459785204 576.0111213439718
    vertex 4239.314958844478 233.74021741086653 572.4600100834055
    vertex 4239.314958844478 234.12844597852035 572.5111213439718
  endloop
endfacet
facet normal 1.0 -3.2228188371976035e-14 1.8963652689438001e-28
  outer loop
    vertex 4239.314958844478 231.3284459785204 576.0111213439718
    vertex 4239.314958844478 234.12844597852035 572.5111213439718
    vertex 4239.3149588444785 236.9284459785204 576.0111213439718
  endloop
endfacet
facet normal 0.0 1.0 -5.88418203051333e-15
  outer loop
    vertex 4242.3149588444785 231.3284459785204 576.0111213439718
    vertex 4239.314958844478 231.32844597852034 568.211121343972
    vertex 4239.314958844478 231.3284459785204 576.0111213439718
  endloop
endfacet
facet normal 0.0 1.0 -5.88418203051333e-15
  outer loop
    vertex 4239.314958844478 231.32844597852034 568.211121343972
    vertex 4242.3149588444785 231.3284459785204 576.0111213439718
    vertex 4242.3149588444785 231.32844597852034 568.211121343972
  endloop
endfacet
facet normal -1.0 0.0 0.0
  outer loop
    vertex 4242.3149588444785 231.32844597852034 568.211121343972
    vertex 4242.3149588444785 233.37844597852015 569.7120832382952
    vertex 4242.3149588444785 236.92844597852033 568.211121343972
  endloop
endfacet
facet normal -1.0 0.0 0.0
  outer loop
    vertex 4242.3149588444785 233.37844597852015 569.7120832382952
    vertex 4242.3149588444785 231.32844597852034 568.211121343972
    vertex 4242.3149588444785 233.06778580674037 569.9504611721921
  endloop
endfacet
facet normal -1.0 0.0 0.0
  outer loop
    vertex 4242.3149588444785 233.06778580674037 569.9504611721921
    vertex 4242.3149588444785 231.32844597852034 568.211121343972
    vertex 4242.3149588444785 232.8294078728435 570.2611213439719
  endloop
endfacet
facet normal -1.0 0.0 0.0
  outer loop
    vertex 4242.3149588444785 232.8294078728435 570.2611213439719
    vertex 4242.3149588444785 231.32844597852034 568.211121343972
    vertex 4242.3149588444785 232.67955723908665 570.6228927763182
  endloop
endfacet
facet normal -1.0 0.0 0.0
  outer loop
    vertex 4242.3149588444785 232.67955723908665 570.6228927763182
    vertex 4242.3149588444785 231.32844597852034 568.211121343972
    vertex 4242.3149588444785 231.3284459785204 576.0111213439718
  endloop
endfacet
facet normal -1.0 0.0 0.0
  outer loop
    vertex 4242.3149588444785 236.92844597852033 568.211121343972
    vertex 4242.3149588444785 233.37844597852015 569.7120832382952
    vertex 4242.3149588444785 233.74021741086636 569.5622326045383
  endloop
endfacet
facet normal -1.0 0.0 0.0
  outer loop
    vertex 4242.3149588444785 236.92844597852033 568.211121343972
    vertex 4242.3149588444785 233.74021741086636 569.5622326045383
    vertex 4242.3149588444785 234.12844597852018 569.5111213439718
  endloop
endfacet
facet normal -1.0 0.0 0.0
  outer loop
    vertex 4242.3149588444785 232.67955723908665 570.6228927763182
    vertex 4242.3149588444785 231.3284459785204 576.0111213439718
    vertex 4242.3149588444785 232.62844597852023 571.0111213439719
  endloop
endfacet
facet normal -1.0 0.0 0.0
  outer loop
    vertex 4242.3149588444785 232.62844597852023 571.0111213439719
    vertex 4242.3149588444785 231.3284459785204 576.0111213439718
    vertex 4242.3149588444785 232.67955723908665 571.3993499116258
  endloop
endfacet
facet normal -1.0 0.0 0.0
  outer loop
    vertex 4242.3149588444785 232.67955723908665 571.3993499116258
    vertex 4242.3149588444785 231.3284459785204 576.0111213439718
    vertex 4242.3149588444785 232.82940787284357 571.7611213439719
  endloop
endfacet
facet normal -1.0 0.0 0.0
  outer loop
    vertex 4242.3149588444785 232.82940787284357 571.7611213439719
    vertex 4242.3149588444785 231.3284459785204 576.0111213439718
    vertex 4242.3149588444785 233.06778580674046 572.0717815157517
  endloop
endfacet
facet normal -1.0 0.0 0.0
  outer loop
    vertex 4242.3149588444785 233.06778580674046 572.0717815157517
    vertex 4242.3149588444785 231.3284459785204 576.0111213439718
    vertex 4242.3149588444785 233.37844597852035 572.3101594496486
  endloop
endfacet
facet normal -1.0 0.0 0.0
  outer loop
    vertex 4242.3149588444785 233.37844597852035 572.3101594496486
    vertex 4242.3149588444785 231.3284459785204 576.0111213439718
    vertex 4242.3149588444785 233.74021741086653 572.4600100834056
  endloop
endfacet
facet normal -1.0 0.0 0.0
  outer loop
    vertex 4242.3149588444785 233.74021741086653 572.4600100834056
    vertex 4242.3149588444785 231.3284459785204 576.0111213439718
    vertex 4242.3149588444785 234.12844597852035 572.5111213439718
  endloop
endfacet
facet normal -1.0 0.0 0.0
  outer loop
    vertex 4242.3149588444785 236.92844597852033 568.211121343972
    vertex 4242.3149588444785 235.57733471795385 570.6228927763179
    vertex 4242.3149588444785 236.9284459785204 576.0111213439718
  endloop
endfacet
facet normal -1.0 0.0 0.0
  outer loop
    vertex 4242.3149588444785 235.57733471795385 570.6228927763179
    vertex 4242.3149588444785 236.92844597852033 568.211121343972
    vertex 4242.3149588444785 235.42748408419692 570.2611213439717
  endloop
endfacet
facet normal -1.0 0.0 0.0
  outer loop
    vertex 4242.3149588444785 235.42748408419692 570.2611213439717
    vertex 4242.3149588444785 236.92844597852033 568.211121343972
    vertex 4242.3149588444785 235.18910615030006 569.9504611721919
  endloop
endfacet
facet normal -1.0 0.0 0.0
  outer loop
    vertex 4242.3149588444785 235.18910615030006 569.9504611721919
    vertex 4242.3149588444785 236.92844597852033 568.211121343972
    vertex 4242.3149588444785 234.87844597852018 569.7120832382951
  endloop
endfacet
facet normal -1.0 0.0 0.0
  outer loop
    vertex 4242.3149588444785 234.87844597852018 569.7120832382951
    vertex 4242.3149588444785 236.92844597852033 568.211121343972
    vertex 4242.3149588444785 234.51667454617396 569.5622326045383
  endloop
endfacet
facet normal -1.0 0.0 0.0
  outer loop
    vertex 4242.3149588444785 234.51667454617396 569.5622326045383
    vertex 4242.3149588444785 236.92844597852033 568.211121343972
    vertex 4242.3149588444785 234.12844597852018 569.5111213439718
  endloop
endfacet
facet normal -1.0 0.0 0.0
  outer loop
    vertex 4242.3149588444785 236.9284459785204 576.0111213439718
    vertex 4242.3149588444785 235.57733471795385 570.6228927763179
    vertex 4242.3149588444785 235.62844597852026 571.0111213439718
  endloop
endfacet
facet normal -1.0 0.0 0.0
  outer loop
    vertex 4242.3149588444785 236.9284459785204 576.0111213439718
    vertex 4242.3149588444785 235.62844597852026 571.0111213439718
    vertex 4242.3149588444785 235.57733471795385 571.3993499116256
  endloop
endfacet
facet normal -1.0 0.0 0.0
  outer loop
    vertex 4242.3149588444785 236.9284459785204 576.0111213439718
    vertex 4242.3149588444785 235.57733471795385 571.3993499116256
    vertex 4242.3149588444785 235.427484084197 571.7611213439718
  endloop
endfacet
facet normal -1.0 0.0 0.0
  outer loop
    vertex 4242.3149588444785 236.9284459785204 576.0111213439718
    vertex 4242.3149588444785 235.427484084197 571.7611213439718
    vertex 4242.3149588444785 235.18910615030015 572.0717815157517
  endloop
endfacet
facet normal -1.0 0.0 0.0
  outer loop
    vertex 4242.3149588444785 236.9284459785204 576.0111213439718
    vertex 4242.3149588444785 235.18910615030015 572.0717815157517
    vertex 4242.3149588444785 234.87844597852035 572.3101594496485
  endloop
endfacet
facet normal -1.0 0.0 0.0
  outer loop
    vertex 4242.3149588444785 236.9284459785204 576.0111213439718
    vertex 4242.3149588444785 234.87844597852035 572.3101594496485
    vertex 4242.3149588444785 234.51667454617413 572.4600100834055
  endloop
endfacet
facet normal -1.0 0.0 0.0
  outer loop
    vertex 4242.3149588444785 236.9284459785204 576.0111213439718
    vertex 4242.3149588444785 234.51667454617413 572.4600100834055
    vertex 4242.3149588444785 234.12844597852035 572.5111213439718
  endloop
endfacet
facet normal -1.0 0.0 0.0
  outer loop
    vertex 4242.3149588444785 236.9284459785204 576.0111213439718
    vertex 4242.3149588444785 234.12844597852035 572.5111213439718
    vertex 4242.3149588444785 231.3284459785204 576.0111213439718
  endloop
endfacet
facet normal -1.1777824683721439e-14 0.9914448613738056 0.1305261922200889
  outer loop
    vertex 4201.314958844478 232.62844597852032 571.0111213439724
    vertex 4199.314958844478 232.67955723908673 570.6228927763184
    vertex 4199.314958844478 232.62844597852032 571.0111213439721
  endloop
endfacet
facet normal -1.1777824683721439e-14 0.9914448613738056 0.1305261922200889
  outer loop
    vertex 4199.314958844478 232.67955723908673 570.6228927763184
    vertex 4201.314958844478 232.62844597852032 571.0111213439724
    vertex 4201.314958844478 232.67955723908673 570.6228927763186
  endloop
endfacet
facet normal 1.1777824683721439e-14 0.991444861373804 -0.13052619222010056
  outer loop
    vertex 4201.314958844478 232.67955723908673 571.3993499116261
    vertex 4199.314958844478 232.62844597852032 571.0111213439721
    vertex 4199.314958844478 232.67955723908673 571.399349911626
  endloop
endfacet
facet normal 1.1777824683721439e-14 0.991444861373804 -0.13052619222010056
  outer loop
    vertex 4199.314958844478 232.62844597852032 571.0111213439721
    vertex 4201.314958844478 232.67955723908673 571.3993499116261
    vertex 4201.314958844478 232.62844597852032 571.0111213439724
  endloop
endfacet
facet normal 3.4537526784971576e-14 0.9238795325112942 -0.3826834323650718
  outer loop
    vertex 4201.314958844478 232.82940787284366 571.7611213439724
    vertex 4199.314958844478 232.67955723908673 571.399349911626
    vertex 4199.314958844478 232.82940787284366 571.7611213439723
  endloop
endfacet
facet normal 3.4537526784971576e-14 0.9238795325112942 -0.3826834323650718
  outer loop
    vertex 4199.314958844478 232.67955723908673 571.399349911626
    vertex 4201.314958844478 232.82940787284366 571.7611213439724
    vertex 4201.314958844478 232.67955723908673 571.3993499116261
  endloop
endfacet
facet normal 5.493062551757885e-14 0.7933533402911604 -0.608761429008818
  outer loop
    vertex 4201.314958844478 233.06778580674055 572.0717815157521
    vertex 4199.314958844478 232.82940787284366 571.7611213439723
    vertex 4199.314958844478 233.06778580674055 572.071781515752
  endloop
endfacet
facet normal 5.493062551757885e-14 0.7933533402911604 -0.608761429008818
  outer loop
    vertex 4199.314958844478 232.82940787284366 571.7611213439723
    vertex 4201.314958844478 233.06778580674055 572.0717815157521
    vertex 4201.314958844478 232.82940787284366 571.7611213439724
  endloop
endfacet
facet normal 7.159392164387502e-14 0.6087614290088087 -0.7933533402911676
  outer loop
    vertex 4201.314958844478 233.06778580674055 572.0717815157521
    vertex 4199.314958844478 233.37844597852035 572.3101594496488
    vertex 4201.314958844478 233.37844597852035 572.3101594496491
  endloop
endfacet
facet normal 7.159392164387502e-14 0.6087614290088087 -0.7933533402911676
  outer loop
    vertex 4199.314958844478 233.37844597852035 572.3101594496488
    vertex 4201.314958844478 233.06778580674055 572.0717815157521
    vertex 4199.314958844478 233.06778580674055 572.071781515752
  endloop
endfacet
facet normal 8.337288758968164e-14 0.3826834323650611 -0.9238795325112988
  outer loop
    vertex 4201.314958844478 233.37844597852035 572.3101594496491
    vertex 4199.314958844478 233.74021741086653 572.4600100834058
    vertex 4201.314958844478 233.74021741086653 572.460010083406
  endloop
endfacet
facet normal 8.337288758968164e-14 0.3826834323650611 -0.9238795325112988
  outer loop
    vertex 4199.314958844478 233.74021741086653 572.4600100834058
    vertex 4201.314958844478 233.37844597852035 572.3101594496491
    vertex 4199.314958844478 233.37844597852035 572.3101594496488
  endloop
endfacet
facet normal 8.946579465337843e-14 0.1305261922200889 -0.9914448613738056
  outer loop
    vertex 4201.314958844478 233.74021741086653 572.460010083406
    vertex 4199.314958844478 234.12844597852035 572.5111213439723
    vertex 4201.314958844478 234.12844597852035 572.5111213439724
  endloop
endfacet
facet normal 8.946579465337843e-14 0.1305261922200889 -0.9914448613738056
  outer loop
    vertex 4199.314958844478 234.12844597852035 572.5111213439723
    vertex 4201.314958844478 233.74021741086653 572.460010083406
    vertex 4199.314958844478 233.74021741086653 572.4600100834058
  endloop
endfacet
facet normal 8.946579465337843e-14 -0.13052619222010056 -0.991444861373804
  outer loop
    vertex 4201.314958844478 234.12844597852035 572.5111213439724
    vertex 4199.314958844478 234.51667454617413 572.4600100834058
    vertex 4201.314958844478 234.51667454617413 572.460010083406
  endloop
endfacet
facet normal 8.946579465337843e-14 -0.13052619222010056 -0.991444861373804
  outer loop
    vertex 4199.314958844478 234.51667454617413 572.4600100834058
    vertex 4201.314958844478 234.12844597852035 572.5111213439724
    vertex 4199.314958844478 234.12844597852035 572.5111213439723
  endloop
endfacet
facet normal 8.337288758968162e-14 -0.38268343236507185 -0.9238795325112942
  outer loop
    vertex 4201.314958844478 234.51667454617413 572.460010083406
    vertex 4199.314958844478 234.87844597852035 572.3101594496488
    vertex 4201.314958844478 234.87844597852035 572.3101594496491
  endloop
endfacet
facet normal 8.337288758968162e-14 -0.38268343236507185 -0.9238795325112942
  outer loop
    vertex 4199.314958844478 234.87844597852035 572.3101594496488
    vertex 4201.314958844478 234.51667454617413 572.460010083406
    vertex 4199.314958844478 234.51667454617413 572.4600100834058
  endloop
endfacet
facet normal 7.159392164387502e-14 -0.608761429008818 -0.7933533402911604
  outer loop
    vertex 4201.314958844478 234.87844597852035 572.3101594496491
    vertex 4199.314958844478 235.18910615030015 572.071781515752
    vertex 4201.314958844478 235.18910615030015 572.0717815157521
  endloop
endfacet
facet normal 7.159392164387502e-14 -0.608761429008818 -0.7933533402911604
  outer loop
    vertex 4199.314958844478 235.18910615030015 572.071781515752
    vertex 4201.314958844478 234.87844597852035 572.3101594496491
    vertex 4199.314958844478 234.87844597852035 572.3101594496488
  endloop
endfacet
facet normal 5.493062551757885e-14 -0.7933533402911676 -0.6087614290088087
  outer loop
    vertex 4201.314958844478 235.427484084197 571.7611213439724
    vertex 4199.314958844478 235.18910615030015 572.071781515752
    vertex 4199.314958844478 235.427484084197 571.7611213439723
  endloop
endfacet
facet normal 5.493062551757885e-14 -0.7933533402911676 -0.6087614290088087
  outer loop
    vertex 4199.314958844478 235.18910615030015 572.071781515752
    vertex 4201.314958844478 235.427484084197 571.7611213439724
    vertex 4201.314958844478 235.18910615030015 572.0717815157521
  endloop
endfacet
facet normal 3.453752678497159e-14 -0.9238795325112988 -0.3826834323650611
  outer loop
    vertex 4201.314958844478 235.57733471795393 571.3993499116261
    vertex 4199.314958844478 235.427484084197 571.7611213439723
    vertex 4199.314958844478 235.57733471795393 571.399349911626
  endloop
endfacet
facet normal 3.453752678497159e-14 -0.9238795325112988 -0.3826834323650611
  outer loop
    vertex 4199.314958844478 235.427484084197 571.7611213439723
    vertex 4201.314958844478 235.57733471795393 571.3993499116261
    vertex 4201.314958844478 235.427484084197 571.7611213439724
  endloop
endfacet
facet normal 1.1777824683721439e-14 -0.9914448613738056 -0.1305261922200889
  outer loop
    vertex 4201.314958844478 235.62844597852038 571.0111213439724
    vertex 4199.314958844478 235.57733471795393 571.399349911626
    vertex 4199.314958844478 235.62844597852038 571.0111213439721
  endloop
endfacet
facet normal 1.1777824683721439e-14 -0.9914448613738056 -0.1305261922200889
  outer loop
    vertex 4199.314958844478 235.57733471795393 571.399349911626
    vertex 4201.314958844478 235.62844597852038 571.0111213439724
    vertex 4201.314958844478 235.57733471795393 571.3993499116261
  endloop
endfacet
facet normal -1.1777824683721439e-14 -0.991444861373804 0.13052619222010056
  outer loop
    vertex 4201.314958844478 235.57733471795393 570.6228927763186
    vertex 4199.314958844478 235.62844597852038 571.0111213439721
    vertex 4199.314958844478 235.57733471795393 570.6228927763184
  endloop
endfacet
facet normal -1.1777824683721439e-14 -0.991444861373804 0.13052619222010056
  outer loop
    vertex 4199.314958844478 235.62844597852038 571.0111213439721
    vertex 4201.314958844478 235.57733471795393 570.6228927763186
    vertex 4201.314958844478 235.62844597852038 571.0111213439724
  endloop
endfacet
facet normal -3.453752678497158e-14 -0.9238795325112942 0.38268343236507185
  outer loop
    vertex 4201.314958844478 235.427484084197 570.2611213439724
    vertex 4199.314958844478 235.57733471795393 570.6228927763184
    vertex 4199.314958844478 235.427484084197 570.2611213439721
  endloop
endfacet
facet normal -3.453752678497158e-14 -0.9238795325112942 0.38268343236507185
  outer loop
    vertex 4199.314958844478 235.57733471795393 570.6228927763184
    vertex 4201.314958844478 235.427484084197 570.2611213439724
    vertex 4201.314958844478 235.57733471795393 570.6228927763186
  endloop
endfacet
facet normal -5.493071278754292e-14 -0.793353340291246 0.6087614290087068
  outer loop
    vertex 4201.314958844478 235.18910615030015 569.9504611721925
    vertex 4199.314958844478 235.427484084197 570.2611213439721
    vertex 4199.314958844478 235.18910615030015 569.9504611721923
  endloop
endfacet
facet normal -5.493071278754292e-14 -0.793353340291246 0.6087614290087068
  outer loop
    vertex 4199.314958844478 235.427484084197 570.2611213439721
    vertex 4201.314958844478 235.18910615030015 569.9504611721925
    vertex 4201.314958844478 235.427484084197 570.2611213439724
  endloop
endfacet
facet normal -7.158698492052714e-14 -0.6087614290086637 0.7933533402912789
  outer loop
    vertex 4199.314958844478 234.87844597852035 569.7120832382956
    vertex 4201.314958844478 235.18910615030015 569.9504611721925
    vertex 4199.314958844478 235.18910615030015 569.9504611721923
  endloop
endfacet
facet normal -7.158698492052714e-14 -0.6087614290086637 0.7933533402912789
  outer loop
    vertex 4201.314958844478 235.18910615030015 569.9504611721925
    vertex 4199.314958844478 234.87844597852035 569.7120832382956
    vertex 4201.314958844478 234.87844597852035 569.7120832382957
  endloop
endfacet
facet normal -8.337086809330832e-14 -0.382683432365061 0.9238795325112988
  outer loop
    vertex 4199.314958844478 234.51667454617413 569.5622326045386
    vertex 4201.314958844478 234.87844597852035 569.7120832382957
    vertex 4199.314958844478 234.87844597852035 569.7120832382956
  endloop
endfacet
facet normal -8.337086809330832e-14 -0.382683432365061 0.9238795325112988
  outer loop
    vertex 4201.314958844478 234.87844597852035 569.7120832382957
    vertex 4199.314958844478 234.51667454617413 569.5622326045386
    vertex 4201.314958844478 234.51667454617413 569.5622326045387
  endloop
endfacet
facet normal -8.94657946533628e-14 -0.1305261922200889 0.9914448613738056
  outer loop
    vertex 4199.314958844478 234.12844597852035 569.5111213439721
    vertex 4201.314958844478 234.51667454617413 569.5622326045387
    vertex 4199.314958844478 234.51667454617413 569.5622326045386
  endloop
endfacet
facet normal -8.94657946533628e-14 -0.1305261922200889 0.9914448613738056
  outer loop
    vertex 4201.314958844478 234.51667454617413 569.5622326045387
    vertex 4199.314958844478 234.12844597852035 569.5111213439721
    vertex 4201.314958844478 234.12844597852035 569.5111213439724
  endloop
endfacet
facet normal -8.94657946533628e-14 0.13052619222010056 0.991444861373804
  outer loop
    vertex 4199.314958844478 233.74021741086653 569.5622326045386
    vertex 4201.314958844478 234.12844597852035 569.5111213439724
    vertex 4199.314958844478 234.12844597852035 569.5111213439721
  endloop
endfacet
facet normal -8.94657946533628e-14 0.13052619222010056 0.991444861373804
  outer loop
    vertex 4201.314958844478 234.12844597852035 569.5111213439724
    vertex 4199.314958844478 233.74021741086653 569.5622326045386
    vertex 4201.314958844478 233.74021741086653 569.5622326045387
  endloop
endfacet
facet normal -8.337086809330831e-14 0.38268343236507185 0.9238795325112942
  outer loop
    vertex 4199.314958844478 233.37844597852035 569.7120832382956
    vertex 4201.314958844478 233.74021741086653 569.5622326045387
    vertex 4199.314958844478 233.74021741086653 569.5622326045386
  endloop
endfacet
facet normal -8.337086809330831e-14 0.38268343236507185 0.9238795325112942
  outer loop
    vertex 4201.314958844478 233.74021741086653 569.5622326045387
    vertex 4199.314958844478 233.37844597852035 569.7120832382956
    vertex 4201.314958844478 233.37844597852035 569.7120832382957
  endloop
endfacet
facet normal -7.158698492052714e-14 0.608761429008673 0.7933533402912718
  outer loop
    vertex 4199.314958844478 233.06778580674055 569.9504611721923
    vertex 4201.314958844478 233.37844597852035 569.7120832382957
    vertex 4199.314958844478 233.37844597852035 569.7120832382956
  endloop
endfacet
facet normal -7.158698492052714e-14 0.608761429008673 0.7933533402912718
  outer loop
    vertex 4201.314958844478 233.37844597852035 569.7120832382957
    vertex 4199.314958844478 233.06778580674055 569.9504611721923
    vertex 4201.314958844478 233.06778580674055 569.9504611721925
  endloop
endfacet
facet normal -5.493071278754293e-14 0.7933533402912532 0.6087614290086975
  outer loop
    vertex 4199.314958844478 232.82940787284366 570.2611213439721
    vertex 4201.314958844478 233.06778580674055 569.9504611721925
    vertex 4199.314958844478 233.06778580674055 569.9504611721923
  endloop
endfacet
facet normal -5.493071278754293e-14 0.7933533402912532 0.6087614290086975
  outer loop
    vertex 4201.314958844478 233.06778580674055 569.9504611721925
    vertex 4199.314958844478 232.82940787284366 570.2611213439721
    vertex 4201.314958844478 232.82940787284366 570.2611213439724
  endloop
endfacet
facet normal -3.453752678497158e-14 0.9238795325112988 0.382683432365061
  outer loop
    vertex 4201.314958844478 232.67955723908673 570.6228927763186
    vertex 4199.314958844478 232.82940787284366 570.2611213439721
    vertex 4199.314958844478 232.67955723908673 570.6228927763184
  endloop
endfacet
facet normal -3.453752678497158e-14 0.9238795325112988 0.382683432365061
  outer loop
    vertex 4199.314958844478 232.82940787284366 570.2611213439721
    vertex 4201.314958844478 232.67955723908673 570.6228927763186
    vertex 4201.314958844478 232.82940787284366 570.2611213439724
  endloop
endfacet
facet normal 0.0 -0.13052619222010056 -0.991444861373804
  outer loop
    vertex 4244.314958844478 234.12844597852035 572.5111213439718
    vertex 4242.3149588444785 234.51667454617413 572.4600100834055
    vertex 4244.314958844478 234.51667454617413 572.4600100834055
  endloop
endfacet
facet normal 0.0 -0.13052619222010056 -0.991444861373804
  outer loop
    vertex 4242.3149588444785 234.51667454617413 572.4600100834055
    vertex 4244.314958844478 234.12844597852035 572.5111213439718
    vertex 4242.3149588444785 234.12844597852035 572.5111213439718
  endloop
endfacet
facet normal -2.2366448663344943e-14 0.13052619221997563 -0.9914448613738205
  outer loop
    vertex 4244.314958844478 233.74021741086653 572.4600100834055
    vertex 4242.3149588444785 234.12844597852035 572.5111213439718
    vertex 4244.314958844478 234.12844597852035 572.5111213439718
  endloop
endfacet
facet normal -2.2366448663344943e-14 0.13052619221997563 -0.9914448613738205
  outer loop
    vertex 4242.3149588444785 234.12844597852035 572.5111213439718
    vertex 4244.314958844478 233.74021741086653 572.4600100834055
    vertex 4242.3149588444785 233.74021741086653 572.4600100834056
  endloop
endfacet
facet normal -4.168240480212743e-14 0.3826834323650611 -0.9238795325112988
  outer loop
    vertex 4244.314958844478 233.37844597852035 572.3101594496485
    vertex 4242.3149588444785 233.74021741086653 572.4600100834056
    vertex 4244.314958844478 233.74021741086653 572.4600100834055
  endloop
endfacet
facet normal -4.168240480212743e-14 0.3826834323650611 -0.9238795325112988
  outer loop
    vertex 4242.3149588444785 233.74021741086653 572.4600100834056
    vertex 4244.314958844478 233.37844597852035 572.3101594496485
    vertex 4242.3149588444785 233.37844597852035 572.3101594496486
  endloop
endfacet
facet normal -1.7896746230135686e-14 0.608761429008625 -0.7933533402913088
  outer loop
    vertex 4244.314958844478 233.06778580674046 572.0717815157517
    vertex 4242.3149588444785 233.37844597852035 572.3101594496486
    vertex 4244.314958844478 233.37844597852035 572.3101594496485
  endloop
endfacet
facet normal -1.7896746230135686e-14 0.608761429008625 -0.7933533402913088
  outer loop
    vertex 4242.3149588444785 233.37844597852035 572.3101594496486
    vertex 4244.314958844478 233.06778580674046 572.0717815157517
    vertex 4242.3149588444785 233.06778580674046 572.0717815157517
  endloop
endfacet
facet normal 0.0 0.7933533402911604 -0.608761429008818
  outer loop
    vertex 4244.314958844478 233.06778580674046 572.0717815157517
    vertex 4242.3149588444785 232.82940787284357 571.7611213439719
    vertex 4242.3149588444785 233.06778580674046 572.0717815157517
  endloop
endfacet
facet normal 0.0 0.7933533402911604 -0.608761429008818
  outer loop
    vertex 4242.3149588444785 232.82940787284357 571.7611213439719
    vertex 4244.314958844478 233.06778580674046 572.0717815157517
    vertex 4244.314958844478 232.82940787284357 571.7611213439719
  endloop
endfacet
facet normal 0.0 0.9238795325112942 -0.38268343236507185
  outer loop
    vertex 4244.314958844478 232.82940787284357 571.7611213439719
    vertex 4242.3149588444785 232.67955723908665 571.3993499116258
    vertex 4242.3149588444785 232.82940787284357 571.7611213439719
  endloop
endfacet
facet normal 0.0 0.9238795325112942 -0.38268343236507185
  outer loop
    vertex 4242.3149588444785 232.67955723908665 571.3993499116258
    vertex 4244.314958844478 232.82940787284357 571.7611213439719
    vertex 4244.314958844478 232.67955723908665 571.3993499116258
  endloop
endfacet
facet normal 0.0 0.991444861373804 -0.13052619222010056
  outer loop
    vertex 4244.314958844478 232.67955723908665 571.3993499116258
    vertex 4242.3149588444785 232.62844597852023 571.0111213439719
    vertex 4242.3149588444785 232.67955723908665 571.3993499116258
  endloop
endfacet
facet normal 0.0 0.991444861373804 -0.13052619222010056
  outer loop
    vertex 4242.3149588444785 232.62844597852023 571.0111213439719
    vertex 4244.314958844478 232.67955723908665 571.3993499116258
    vertex 4244.314958844478 232.62844597852023 571.0111213439719
  endloop
endfacet
facet normal 0.0 0.9914448613738056 0.1305261922200889
  outer loop
    vertex 4244.314958844478 232.62844597852023 571.0111213439719
    vertex 4242.3149588444785 232.67955723908665 570.6228927763182
    vertex 4242.3149588444785 232.62844597852023 571.0111213439719
  endloop
endfacet
facet normal 0.0 0.9914448613738056 0.1305261922200889
  outer loop
    vertex 4242.3149588444785 232.67955723908665 570.6228927763182
    vertex 4244.314958844478 232.62844597852023 571.0111213439719
    vertex 4244.314958844478 232.67955723908665 570.6228927763182
  endloop
endfacet
facet normal 0.0 0.9238795325113803 0.3826834323648643
  outer loop
    vertex 4244.314958844478 232.67955723908665 570.6228927763182
    vertex 4242.3149588444785 232.8294078728435 570.2611213439719
    vertex 4242.3149588444785 232.67955723908665 570.6228927763182
  endloop
endfacet
facet normal 0.0 0.9238795325113803 0.3826834323648643
  outer loop
    vertex 4242.3149588444785 232.8294078728435 570.2611213439719
    vertex 4244.314958844478 232.67955723908665 570.6228927763182
    vertex 4244.314958844478 232.8294078728435 570.2611213439719
  endloop
endfacet
facet normal 1.3732656379393459e-14 0.7933533402912103 0.6087614290087531
  outer loop
    vertex 4244.314958844478 232.8294078728435 570.2611213439719
    vertex 4242.3149588444785 233.06778580674037 569.9504611721921
    vertex 4242.3149588444785 232.8294078728435 570.2611213439719
  endloop
endfacet
facet normal 1.3732656379393459e-14 0.7933533402912103 0.6087614290087531
  outer loop
    vertex 4242.3149588444785 233.06778580674037 569.9504611721921
    vertex 4244.314958844478 232.8294078728435 570.2611213439719
    vertex 4244.314958844478 233.06778580674037 569.950461172192
  endloop
endfacet
facet normal 3.579349246026501e-14 0.608761429008818 0.7933533402911604
  outer loop
    vertex 4242.3149588444785 233.06778580674037 569.9504611721921
    vertex 4244.314958844478 233.37844597852015 569.7120832382951
    vertex 4242.3149588444785 233.37844597852015 569.7120832382952
  endloop
endfacet
facet normal 3.579349246026501e-14 0.608761429008818 0.7933533402911604
  outer loop
    vertex 4244.314958844478 233.37844597852015 569.7120832382951
    vertex 4242.3149588444785 233.06778580674037 569.9504611721921
    vertex 4244.314958844478 233.06778580674037 569.950461172192
  endloop
endfacet
facet normal 2.084322189741949e-14 0.3826834323651701 0.9238795325112535
  outer loop
    vertex 4242.3149588444785 233.37844597852015 569.7120832382952
    vertex 4244.314958844478 233.74021741086636 569.5622326045383
    vertex 4242.3149588444785 233.74021741086636 569.5622326045383
  endloop
endfacet
facet normal 2.084322189741949e-14 0.3826834323651701 0.9238795325112535
  outer loop
    vertex 4244.314958844478 233.74021741086636 569.5622326045383
    vertex 4242.3149588444785 233.37844597852015 569.7120832382952
    vertex 4244.314958844478 233.37844597852015 569.7120832382951
  endloop
endfacet
facet normal 0.0 0.13052619222010056 0.991444861373804
  outer loop
    vertex 4242.3149588444785 233.74021741086636 569.5622326045383
    vertex 4244.314958844478 234.12844597852018 569.5111213439718
    vertex 4242.3149588444785 234.12844597852018 569.5111213439718
  endloop
endfacet
facet normal 0.0 0.13052619222010056 0.991444861373804
  outer loop
    vertex 4244.314958844478 234.12844597852018 569.5111213439718
    vertex 4242.3149588444785 233.74021741086636 569.5622326045383
    vertex 4244.314958844478 233.74021741086636 569.5622326045383
  endloop
endfacet
facet normal 2.2366448663344943e-14 -0.13052619221997563 0.9914448613738205
  outer loop
    vertex 4242.3149588444785 234.12844597852018 569.5111213439718
    vertex 4244.314958844478 234.51667454617396 569.5622326045382
    vertex 4242.3149588444785 234.51667454617396 569.5622326045383
  endloop
endfacet
facet normal 2.2366448663344943e-14 -0.13052619221997563 0.9914448613738205
  outer loop
    vertex 4244.314958844478 234.51667454617396 569.5622326045382
    vertex 4242.3149588444785 234.12844597852018 569.5111213439718
    vertex 4244.314958844478 234.12844597852018 569.5111213439718
  endloop
endfacet
facet normal 4.168240480212743e-14 -0.3826834323650611 0.9238795325112988
  outer loop
    vertex 4242.3149588444785 234.51667454617396 569.5622326045383
    vertex 4244.314958844478 234.87844597852018 569.7120832382951
    vertex 4242.3149588444785 234.87844597852018 569.7120832382951
  endloop
endfacet
facet normal 4.168240480212743e-14 -0.3826834323650611 0.9238795325112988
  outer loop
    vertex 4244.314958844478 234.87844597852018 569.7120832382951
    vertex 4242.3149588444785 234.51667454617396 569.5622326045383
    vertex 4244.314958844478 234.51667454617396 569.5622326045382
  endloop
endfacet
facet normal 1.7896746230135683e-14 -0.608761429008625 0.7933533402913086
  outer loop
    vertex 4242.3149588444785 234.87844597852018 569.7120832382951
    vertex 4244.314958844478 235.18910615030006 569.9504611721919
    vertex 4242.3149588444785 235.18910615030006 569.9504611721919
  endloop
endfacet
facet normal 1.7896746230135683e-14 -0.608761429008625 0.7933533402913086
  outer loop
    vertex 4244.314958844478 235.18910615030006 569.9504611721919
    vertex 4242.3149588444785 234.87844597852018 569.7120832382951
    vertex 4244.314958844478 234.87844597852018 569.7120832382951
  endloop
endfacet
facet normal 0.0 -0.7933533402911604 0.608761429008818
  outer loop
    vertex 4244.314958844478 235.18910615030006 569.9504611721919
    vertex 4242.3149588444785 235.42748408419692 570.2611213439717
    vertex 4242.3149588444785 235.18910615030006 569.9504611721919
  endloop
endfacet
facet normal 0.0 -0.7933533402911604 0.608761429008818
  outer loop
    vertex 4242.3149588444785 235.42748408419692 570.2611213439717
    vertex 4244.314958844478 235.18910615030006 569.9504611721919
    vertex 4244.314958844478 235.42748408419692 570.2611213439717
  endloop
endfacet
facet normal -3.0330190257758155e-18 -0.9238795325112942 0.3826834323650718
  outer loop
    vertex 4244.314958844478 235.42748408419692 570.2611213439717
    vertex 4242.3149588444785 235.57733471795385 570.6228927763179
    vertex 4242.3149588444785 235.42748408419692 570.2611213439717
  endloop
endfacet
facet normal -3.0330190257758155e-18 -0.9238795325112942 0.3826834323650718
  outer loop
    vertex 4242.3149588444785 235.57733471795385 570.6228927763179
    vertex 4244.314958844478 235.42748408419692 570.2611213439717
    vertex 4244.314958844478 235.57733471795385 570.6228927763179
  endloop
endfacet
facet normal -4.03669949210741e-27 -0.991444861373804 0.13052619222010056
  outer loop
    vertex 4244.314958844478 235.57733471795385 570.6228927763179
    vertex 4242.3149588444785 235.62844597852026 571.0111213439718
    vertex 4242.3149588444785 235.57733471795385 570.6228927763179
  endloop
endfacet
facet normal -4.03669949210741e-27 -0.991444861373804 0.13052619222010056
  outer loop
    vertex 4242.3149588444785 235.62844597852026 571.0111213439718
    vertex 4244.314958844478 235.57733471795385 570.6228927763179
    vertex 4244.314958844478 235.62844597852026 571.0111213439718
  endloop
endfacet
facet normal -4.03669949210741e-27 -0.9914448613738056 -0.1305261922200889
  outer loop
    vertex 4244.314958844478 235.62844597852026 571.0111213439718
    vertex 4242.3149588444785 235.57733471795385 571.3993499116256
    vertex 4242.3149588444785 235.62844597852026 571.0111213439718
  endloop
endfacet
facet normal -4.03669949210741e-27 -0.9914448613738056 -0.1305261922200889
  outer loop
    vertex 4242.3149588444785 235.57733471795385 571.3993499116256
    vertex 4244.314958844478 235.62844597852026 571.0111213439718
    vertex 4244.314958844478 235.57733471795385 571.3993499116256
  endloop
endfacet
facet normal -2.019496360453639e-18 -0.9238795325113803 -0.3826834323648643
  outer loop
    vertex 4244.314958844478 235.57733471795385 571.3993499116256
    vertex 4242.3149588444785 235.427484084197 571.7611213439718
    vertex 4242.3149588444785 235.57733471795385 571.3993499116256
  endloop
endfacet
facet normal -2.019496360453639e-18 -0.9238795325113803 -0.3826834323648643
  outer loop
    vertex 4242.3149588444785 235.427484084197 571.7611213439718
    vertex 4244.314958844478 235.57733471795385 571.3993499116256
    vertex 4244.314958844478 235.427484084197 571.7611213439718
  endloop
endfacet
facet normal -1.3732743649375756e-14 -0.7933533402912103 -0.6087614290087531
  outer loop
    vertex 4244.314958844478 235.427484084197 571.7611213439718
    vertex 4242.3149588444785 235.18910615030015 572.0717815157517
    vertex 4242.3149588444785 235.427484084197 571.7611213439718
  endloop
endfacet
facet normal -1.3732743649375756e-14 -0.7933533402912103 -0.6087614290087531
  outer loop
    vertex 4242.3149588444785 235.18910615030015 572.0717815157517
    vertex 4244.314958844478 235.427484084197 571.7611213439718
    vertex 4244.314958844478 235.18910615030015 572.0717815157516
  endloop
endfacet
facet normal -3.579349246026501e-14 -0.608761429008818 -0.7933533402911604
  outer loop
    vertex 4244.314958844478 234.87844597852035 572.3101594496484
    vertex 4242.3149588444785 235.18910615030015 572.0717815157517
    vertex 4244.314958844478 235.18910615030015 572.0717815157516
  endloop
endfacet
facet normal -3.579349246026501e-14 -0.608761429008818 -0.7933533402911604
  outer loop
    vertex 4242.3149588444785 235.18910615030015 572.0717815157517
    vertex 4244.314958844478 234.87844597852035 572.3101594496484
    vertex 4242.3149588444785 234.87844597852035 572.3101594496485
  endloop
endfacet
facet normal -2.084322189741949e-14 -0.3826834323651701 -0.9238795325112535
  outer loop
    vertex 4244.314958844478 234.51667454617413 572.4600100834055
    vertex 4242.3149588444785 234.87844597852035 572.3101594496485
    vertex 4244.314958844478 234.87844597852035 572.3101594496484
  endloop
endfacet
facet normal -2.084322189741949e-14 -0.3826834323651701 -0.9238795325112535
  outer loop
    vertex 4242.3149588444785 234.87844597852035 572.3101594496485
    vertex 4244.314958844478 234.51667454617413 572.4600100834055
    vertex 4242.3149588444785 234.51667454617413 572.4600100834055
  endloop
endfacet
facet normal -1.0 0.0 0.0
  outer loop
    vertex 4206.314958844478 233.74021741086653 569.5622326045386
    vertex 4206.314958844478 234.51667454617413 569.5622326045386
    vertex 4206.314958844478 234.12844597852035 569.5111213439721
  endloop
endfacet
facet normal -1.0 0.0 0.0
  outer loop
    vertex 4206.314958844478 234.51667454617413 569.5622326045386
    vertex 4206.314958844478 233.74021741086653 569.5622326045386
    vertex 4206.314958844478 233.37844597852035 569.7120832382956
  endloop
endfacet
facet normal -1.0 0.0 0.0
  outer loop
    vertex 4206.314958844478 234.51667454617413 569.5622326045386
    vertex 4206.314958844478 233.37844597852035 569.7120832382956
    vertex 4206.314958844478 234.87844597852035 569.7120832382956
  endloop
endfacet
facet normal -1.0 0.0 0.0
  outer loop
    vertex 4206.314958844478 234.87844597852035 569.7120832382956
    vertex 4206.314958844478 233.37844597852035 569.7120832382956
    vertex 4206.314958844478 233.06778580674055 569.9504611721923
  endloop
endfacet
facet normal -1.0 0.0 0.0
  outer loop
    vertex 4206.314958844478 234.87844597852035 569.7120832382956
    vertex 4206.314958844478 233.06778580674055 569.9504611721923
    vertex 4206.314958844478 235.18910615030015 569.9504611721923
  endloop
endfacet
facet normal -1.0 0.0 0.0
  outer loop
    vertex 4206.314958844478 235.18910615030015 569.9504611721923
    vertex 4206.314958844478 233.06778580674055 569.9504611721923
    vertex 4206.314958844478 232.82940787284366 570.2611213439721
  endloop
endfacet
facet normal -1.0 0.0 0.0
  outer loop
    vertex 4206.314958844478 235.18910615030015 569.9504611721923
    vertex 4206.314958844478 232.82940787284366 570.2611213439721
    vertex 4206.314958844478 235.427484084197 570.2611213439721
  endloop
endfacet
facet normal -1.0 0.0 0.0
  outer loop
    vertex 4206.314958844478 235.427484084197 570.2611213439721
    vertex 4206.314958844478 232.82940787284366 570.2611213439721
    vertex 4206.314958844478 232.67955723908673 570.6228927763184
  endloop
endfacet
facet normal -1.0 0.0 0.0
  outer loop
    vertex 4206.314958844478 235.427484084197 570.2611213439721
    vertex 4206.314958844478 232.67955723908673 570.6228927763184
    vertex 4206.314958844478 235.57733471795393 570.6228927763184
  endloop
endfacet
facet normal -1.0 0.0 0.0
  outer loop
    vertex 4206.314958844478 235.57733471795393 570.6228927763184
    vertex 4206.314958844478 232.67955723908673 570.6228927763184
    vertex 4206.314958844478 232.62844597852032 571.0111213439721
  endloop
endfacet
facet normal -1.0 0.0 0.0
  outer loop
    vertex 4206.314958844478 235.57733471795393 570.6228927763184
    vertex 4206.314958844478 232.62844597852032 571.0111213439721
    vertex 4206.314958844478 235.62844597852038 571.0111213439721
  endloop
endfacet
facet normal -1.0 0.0 0.0
  outer loop
    vertex 4206.314958844478 235.62844597852038 571.0111213439721
    vertex 4206.314958844478 232.62844597852032 571.0111213439721
    vertex 4206.314958844478 232.67955723908673 571.399349911626
  endloop
endfacet
facet normal -1.0 0.0 0.0
  outer loop
    vertex 4206.314958844478 235.62844597852038 571.0111213439721
    vertex 4206.314958844478 232.67955723908673 571.399349911626
    vertex 4206.314958844478 235.57733471795393 571.399349911626
  endloop
endfacet
facet normal -1.0 0.0 0.0
  outer loop
    vertex 4206.314958844478 235.57733471795393 571.399349911626
    vertex 4206.314958844478 232.67955723908673 571.399349911626
    vertex 4206.314958844478 232.82940787284366 571.7611213439723
  endloop
endfacet
facet normal -1.0 0.0 0.0
  outer loop
    vertex 4206.314958844478 235.57733471795393 571.399349911626
    vertex 4206.314958844478 232.82940787284366 571.7611213439723
    vertex 4206.314958844478 235.427484084197 571.7611213439723
  endloop
endfacet
facet normal -1.0 0.0 0.0
  outer loop
    vertex 4206.314958844478 235.427484084197 571.7611213439723
    vertex 4206.314958844478 232.82940787284366 571.7611213439723
    vertex 4206.314958844478 233.06778580674055 572.071781515752
  endloop
endfacet
facet normal -1.0 0.0 0.0
  outer loop
    vertex 4206.314958844478 235.427484084197 571.7611213439723
    vertex 4206.314958844478 233.06778580674055 572.071781515752
    vertex 4206.314958844478 235.18910615030015 572.071781515752
  endloop
endfacet
facet normal -1.0 0.0 0.0
  outer loop
    vertex 4206.314958844478 235.18910615030015 572.071781515752
    vertex 4206.314958844478 233.06778580674055 572.071781515752
    vertex 4206.314958844478 233.37844597852035 572.3101594496488
  endloop
endfacet
facet normal -1.0 0.0 0.0
  outer loop
    vertex 4206.314958844478 235.18910615030015 572.071781515752
    vertex 4206.314958844478 233.37844597852035 572.3101594496488
    vertex 4206.314958844478 234.87844597852035 572.3101594496488
  endloop
endfacet
facet normal -1.0 0.0 0.0
  outer loop
    vertex 4206.314958844478 234.87844597852035 572.3101594496488
    vertex 4206.314958844478 233.37844597852035 572.3101594496488
    vertex 4206.314958844478 233.74021741086653 572.4600100834058
  endloop
endfacet
facet normal -1.0 0.0 0.0
  outer loop
    vertex 4206.314958844478 234.87844597852035 572.3101594496488
    vertex 4206.314958844478 233.74021741086653 572.4600100834058
    vertex 4206.314958844478 234.51667454617413 572.4600100834058
  endloop
endfacet
facet normal -1.0 0.0 0.0
  outer loop
    vertex 4206.314958844478 234.51667454617413 572.4600100834058
    vertex 4206.314958844478 233.74021741086653 572.4600100834058
    vertex 4206.314958844478 234.12844597852035 572.5111213439723
  endloop
endfacet
facet normal 0.0 0.382683432365061 -0.9238795325112988
  outer loop
    vertex 4206.314958844478 233.37844597852035 572.3101594496488
    vertex 4204.314958844478 233.74021741086653 572.4600100834058
    vertex 4206.314958844478 233.74021741086653 572.4600100834058
  endloop
endfacet
facet normal 0.0 0.382683432365061 -0.9238795325112988
  outer loop
    vertex 4204.314958844478 233.74021741086653 572.4600100834058
    vertex 4206.314958844478 233.37844597852035 572.3101594496488
    vertex 4204.314958844478 233.37844597852035 572.3101594496488
  endloop
endfacet
facet normal 0.0 0.1305261922200889 -0.9914448613738056
  outer loop
    vertex 4206.314958844478 233.74021741086653 572.4600100834058
    vertex 4204.314958844478 234.12844597852035 572.5111213439723
    vertex 4206.314958844478 234.12844597852035 572.5111213439723
  endloop
endfacet
facet normal 0.0 0.1305261922200889 -0.9914448613738056
  outer loop
    vertex 4204.314958844478 234.12844597852035 572.5111213439723
    vertex 4206.314958844478 233.74021741086653 572.4600100834058
    vertex 4204.314958844478 233.74021741086653 572.4600100834058
  endloop
endfacet
facet normal 0.0 -0.13052619222010056 -0.991444861373804
  outer loop
    vertex 4206.314958844478 234.12844597852035 572.5111213439723
    vertex 4204.314958844478 234.51667454617413 572.4600100834058
    vertex 4206.314958844478 234.51667454617413 572.4600100834058
  endloop
endfacet
facet normal 0.0 -0.13052619222010056 -0.991444861373804
  outer loop
    vertex 4204.314958844478 234.51667454617413 572.4600100834058
    vertex 4206.314958844478 234.12844597852035 572.5111213439723
    vertex 4204.314958844478 234.12844597852035 572.5111213439723
  endloop
endfacet
facet normal 0.0 -0.3826834323650718 -0.9238795325112942
  outer loop
    vertex 4206.314958844478 234.51667454617413 572.4600100834058
    vertex 4204.314958844478 234.87844597852035 572.3101594496488
    vertex 4206.314958844478 234.87844597852035 572.3101594496488
  endloop
endfacet
facet normal 0.0 -0.3826834323650718 -0.9238795325112942
  outer loop
    vertex 4204.314958844478 234.87844597852035 572.3101594496488
    vertex 4206.314958844478 234.51667454617413 572.4600100834058
    vertex 4204.314958844478 234.51667454617413 572.4600100834058
  endloop
endfacet
facet normal 0.0 -0.608761429008818 -0.7933533402911604
  outer loop
    vertex 4206.314958844478 234.87844597852035 572.3101594496488
    vertex 4204.314958844478 235.18910615030015 572.071781515752
    vertex 4206.314958844478 235.18910615030015 572.071781515752
  endloop
endfacet
facet normal 0.0 -0.608761429008818 -0.7933533402911604
  outer loop
    vertex 4204.314958844478 235.18910615030015 572.071781515752
    vertex 4206.314958844478 234.87844597852035 572.3101594496488
    vertex 4204.314958844478 234.87844597852035 572.3101594496488
  endloop
endfacet
facet normal 0.0 -0.7933533402911676 -0.6087614290088087
  outer loop
    vertex 4206.314958844478 235.427484084197 571.7611213439723
    vertex 4204.314958844478 235.18910615030015 572.071781515752
    vertex 4204.314958844478 235.427484084197 571.7611213439723
  endloop
endfacet
facet normal 0.0 -0.7933533402911676 -0.6087614290088087
  outer loop
    vertex 4204.314958844478 235.18910615030015 572.071781515752
    vertex 4206.314958844478 235.427484084197 571.7611213439723
    vertex 4206.314958844478 235.18910615030015 572.071781515752
  endloop
endfacet
facet normal 0.0 -0.9238795325112988 -0.3826834323650611
  outer loop
    vertex 4206.314958844478 235.57733471795393 571.399349911626
    vertex 4204.314958844478 235.427484084197 571.7611213439723
    vertex 4204.314958844478 235.57733471795393 571.399349911626
  endloop
endfacet
facet normal 0.0 -0.9238795325112988 -0.3826834323650611
  outer loop
    vertex 4204.314958844478 235.427484084197 571.7611213439723
    vertex 4206.314958844478 235.57733471795393 571.399349911626
    vertex 4206.314958844478 235.427484084197 571.7611213439723
  endloop
endfacet
facet normal 0.0 -0.9914448613738056 -0.1305261922200889
  outer loop
    vertex 4206.314958844478 235.62844597852038 571.0111213439721
    vertex 4204.314958844478 235.57733471795393 571.399349911626
    vertex 4204.314958844478 235.62844597852038 571.0111213439721
  endloop
endfacet
facet normal 0.0 -0.9914448613738056 -0.1305261922200889
  outer loop
    vertex 4204.314958844478 235.57733471795393 571.399349911626
    vertex 4206.314958844478 235.62844597852038 571.0111213439721
    vertex 4206.314958844478 235.57733471795393 571.399349911626
  endloop
endfacet
facet normal 0.0 -0.991444861373804 0.13052619222010056
  outer loop
    vertex 4206.314958844478 235.57733471795393 570.6228927763184
    vertex 4204.314958844478 235.62844597852038 571.0111213439721
    vertex 4204.314958844478 235.57733471795393 570.6228927763184
  endloop
endfacet
facet normal 0.0 -0.991444861373804 0.13052619222010056
  outer loop
    vertex 4204.314958844478 235.62844597852038 571.0111213439721
    vertex 4206.314958844478 235.57733471795393 570.6228927763184
    vertex 4206.314958844478 235.62844597852038 571.0111213439721
  endloop
endfacet
facet normal 0.0 -0.9238795325112942 0.38268343236507185
  outer loop
    vertex 4206.314958844478 235.427484084197 570.2611213439721
    vertex 4204.314958844478 235.57733471795393 570.6228927763184
    vertex 4204.314958844478 235.427484084197 570.2611213439721
  endloop
endfacet
facet normal 0.0 -0.9238795325112942 0.38268343236507185
  outer loop
    vertex 4204.314958844478 235.57733471795393 570.6228927763184
    vertex 4206.314958844478 235.427484084197 570.2611213439721
    vertex 4206.314958844478 235.57733471795393 570.6228927763184
  endloop
endfacet
facet normal 0.0 -0.7933533402912459 0.6087614290087068
  outer loop
    vertex 4206.314958844478 235.18910615030015 569.9504611721923
    vertex 4204.314958844478 235.427484084197 570.2611213439721
    vertex 4204.314958844478 235.18910615030015 569.9504611721923
  endloop
endfacet
facet normal 0.0 -0.7933533402912459 0.6087614290087068
  outer loop
    vertex 4204.314958844478 235.427484084197 570.2611213439721
    vertex 4206.314958844478 235.18910615030015 569.9504611721923
    vertex 4206.314958844478 235.427484084197 570.2611213439721
  endloop
endfacet
facet normal 0.0 -0.6087614290086637 0.7933533402912789
  outer loop
    vertex 4204.314958844478 234.87844597852035 569.7120832382956
    vertex 4206.314958844478 235.18910615030015 569.9504611721923
    vertex 4204.314958844478 235.18910615030015 569.9504611721923
  endloop
endfacet
facet normal 0.0 -0.6087614290086637 0.7933533402912789
  outer loop
    vertex 4206.314958844478 235.18910615030015 569.9504611721923
    vertex 4204.314958844478 234.87844597852035 569.7120832382956
    vertex 4206.314958844478 234.87844597852035 569.7120832382956
  endloop
endfacet
facet normal 0.0 -0.382683432365061 0.9238795325112988
  outer loop
    vertex 4204.314958844478 234.51667454617413 569.5622326045386
    vertex 4206.314958844478 234.87844597852035 569.7120832382956
    vertex 4204.314958844478 234.87844597852035 569.7120832382956
  endloop
endfacet
facet normal 0.0 -0.382683432365061 0.9238795325112988
  outer loop
    vertex 4206.314958844478 234.87844597852035 569.7120832382956
    vertex 4204.314958844478 234.51667454617413 569.5622326045386
    vertex 4206.314958844478 234.51667454617413 569.5622326045386
  endloop
endfacet
facet normal 0.0 -0.1305261922200889 0.9914448613738056
  outer loop
    vertex 4204.314958844478 234.12844597852035 569.5111213439721
    vertex 4206.314958844478 234.51667454617413 569.5622326045386
    vertex 4204.314958844478 234.51667454617413 569.5622326045386
  endloop
endfacet
facet normal 0.0 -0.1305261922200889 0.9914448613738056
  outer loop
    vertex 4206.314958844478 234.51667454617413 569.5622326045386
    vertex 4204.314958844478 234.12844597852035 569.5111213439721
    vertex 4206.314958844478 234.12844597852035 569.5111213439721
  endloop
endfacet
facet normal 0.0 0.13052619222010056 0.991444861373804
  outer loop
    vertex 4204.314958844478 233.74021741086653 569.5622326045386
    vertex 4206.314958844478 234.12844597852035 569.5111213439721
    vertex 4204.314958844478 234.12844597852035 569.5111213439721
  endloop
endfacet
facet normal 0.0 0.13052619222010056 0.991444861373804
  outer loop
    vertex 4206.314958844478 234.12844597852035 569.5111213439721
    vertex 4204.314958844478 233.74021741086653 569.5622326045386
    vertex 4206.314958844478 233.74021741086653 569.5622326045386
  endloop
endfacet
facet normal 0.0 0.3826834323650718 0.9238795325112942
  outer loop
    vertex 4204.314958844478 233.37844597852035 569.7120832382956
    vertex 4206.314958844478 233.74021741086653 569.5622326045386
    vertex 4204.314958844478 233.74021741086653 569.5622326045386
  endloop
endfacet
facet normal 0.0 0.3826834323650718 0.9238795325112942
  outer loop
    vertex 4206.314958844478 233.74021741086653 569.5622326045386
    vertex 4204.314958844478 233.37844597852035 569.7120832382956
    vertex 4206.314958844478 233.37844597852035 569.7120832382956
  endloop
endfacet
facet normal 0.0 0.608761429008673 0.7933533402912718
  outer loop
    vertex 4204.314958844478 233.06778580674055 569.9504611721923
    vertex 4206.314958844478 233.37844597852035 569.7120832382956
    vertex 4204.314958844478 233.37844597852035 569.7120832382956
  endloop
endfacet
facet normal 0.0 0.608761429008673 0.7933533402912718
  outer loop
    vertex 4206.314958844478 233.37844597852035 569.7120832382956
    vertex 4204.314958844478 233.06778580674055 569.9504611721923
    vertex 4206.314958844478 233.06778580674055 569.9504611721923
  endloop
endfacet
facet normal 0.0 0.793353340291253 0.6087614290086975
  outer loop
    vertex 4206.314958844478 232.82940787284366 570.2611213439721
    vertex 4204.314958844478 233.06778580674055 569.9504611721923
    vertex 4204.314958844478 232.82940787284366 570.2611213439721
  endloop
endfacet
facet normal 0.0 0.793353340291253 0.6087614290086975
  outer loop
    vertex 4204.314958844478 233.06778580674055 569.9504611721923
    vertex 4206.314958844478 232.82940787284366 570.2611213439721
    vertex 4206.314958844478 233.06778580674055 569.9504611721923
  endloop
endfacet
facet normal 0.0 0.9238795325112988 0.3826834323650611
  outer loop
    vertex 4206.314958844478 232.67955723908673 570.6228927763184
    vertex 4204.314958844478 232.82940787284366 570.2611213439721
    vertex 4204.314958844478 232.67955723908673 570.6228927763184
  endloop
endfacet
facet normal 0.0 0.9238795325112988 0.3826834323650611
  outer loop
    vertex 4204.314958844478 232.82940787284366 570.2611213439721
    vertex 4206.314958844478 232.67955723908673 570.6228927763184
    vertex 4206.314958844478 232.82940787284366 570.2611213439721
  endloop
endfacet
facet normal 0.0 0.9914448613738056 0.1305261922200889
  outer loop
    vertex 4206.314958844478 232.62844597852032 571.0111213439721
    vertex 4204.314958844478 232.67955723908673 570.6228927763184
    vertex 4204.314958844478 232.62844597852032 571.0111213439721
  endloop
endfacet
facet normal 0.0 0.9914448613738056 0.1305261922200889
  outer loop
    vertex 4204.314958844478 232.67955723908673 570.6228927763184
    vertex 4206.314958844478 232.62844597852032 571.0111213439721
    vertex 4206.314958844478 232.67955723908673 570.6228927763184
  endloop
endfacet
facet normal 0.0 0.991444861373804 -0.13052619222010056
  outer loop
    vertex 4206.314958844478 232.67955723908673 571.399349911626
    vertex 4204.314958844478 232.62844597852032 571.0111213439721
    vertex 4204.314958844478 232.67955723908673 571.399349911626
  endloop
endfacet
facet normal 0.0 0.991444861373804 -0.13052619222010056
  outer loop
    vertex 4204.314958844478 232.62844597852032 571.0111213439721
    vertex 4206.314958844478 232.67955723908673 571.399349911626
    vertex 4206.314958844478 232.62844597852032 571.0111213439721
  endloop
endfacet
facet normal 0.0 0.9238795325112942 -0.38268343236507185
  outer loop
    vertex 4206.314958844478 232.82940787284366 571.7611213439723
    vertex 4204.314958844478 232.67955723908673 571.399349911626
    vertex 4204.314958844478 232.82940787284366 571.7611213439723
  endloop
endfacet
facet normal 0.0 0.9238795325112942 -0.38268343236507185
  outer loop
    vertex 4204.314958844478 232.67955723908673 571.399349911626
    vertex 4206.314958844478 232.82940787284366 571.7611213439723
    vertex 4206.314958844478 232.67955723908673 571.399349911626
  endloop
endfacet
facet normal 0.0 0.7933533402911604 -0.608761429008818
  outer loop
    vertex 4206.314958844478 233.06778580674055 572.071781515752
    vertex 4204.314958844478 232.82940787284366 571.7611213439723
    vertex 4204.314958844478 233.06778580674055 572.071781515752
  endloop
endfacet
facet normal 0.0 0.7933533402911604 -0.608761429008818
  outer loop
    vertex 4204.314958844478 232.82940787284366 571.7611213439723
    vertex 4206.314958844478 233.06778580674055 572.071781515752
    vertex 4206.314958844478 232.82940787284366 571.7611213439723
  endloop
endfacet
facet normal 0.0 0.6087614290088087 -0.7933533402911676
  outer loop
    vertex 4206.314958844478 233.06778580674055 572.071781515752
    vertex 4204.314958844478 233.37844597852035 572.3101594496488
    vertex 4206.314958844478 233.37844597852035 572.3101594496488
  endloop
endfacet
facet normal 0.0 0.6087614290088087 -0.7933533402911676
  outer loop
    vertex 4204.314958844478 233.37844597852035 572.3101594496488
    vertex 4206.314958844478 233.06778580674055 572.071781515752
    vertex 4204.314958844478 233.06778580674055 572.071781515752
  endloop
endfacet
facet normal 1.0 0.0 0.0
  outer loop
    vertex 4237.314958844478 234.51667454617413 569.5622326045383
    vertex 4237.314958844478 233.74021741086653 569.5622326045383
    vertex 4237.314958844478 234.12844597852035 569.5111213439718
  endloop
endfacet
facet normal 1.0 0.0 0.0
  outer loop
    vertex 4237.314958844478 233.74021741086653 569.5622326045383
    vertex 4237.314958844478 234.51667454617413 569.5622326045383
    vertex 4237.314958844478 234.87844597852035 569.7120832382951
  endloop
endfacet
facet normal 1.0 0.0 0.0
  outer loop
    vertex 4237.314958844478 233.74021741086653 569.5622326045383
    vertex 4237.314958844478 234.87844597852035 569.7120832382951
    vertex 4237.314958844478 233.37844597852035 569.7120832382951
  endloop
endfacet
facet normal 1.0 0.0 0.0
  outer loop
    vertex 4237.314958844478 233.37844597852035 569.7120832382951
    vertex 4237.314958844478 234.87844597852035 569.7120832382951
    vertex 4237.314958844478 235.18910615030015 569.9504611721919
  endloop
endfacet
facet normal 1.0 0.0 0.0
  outer loop
    vertex 4237.314958844478 233.37844597852035 569.7120832382951
    vertex 4237.314958844478 235.18910615030015 569.9504611721919
    vertex 4237.314958844478 233.06778580674055 569.9504611721919
  endloop
endfacet
facet normal 1.0 0.0 0.0
  outer loop
    vertex 4237.314958844478 233.06778580674055 569.9504611721919
    vertex 4237.314958844478 235.18910615030015 569.9504611721919
    vertex 4237.314958844478 235.427484084197 570.2611213439718
  endloop
endfacet
facet normal 1.0 0.0 0.0
  outer loop
    vertex 4237.314958844478 233.06778580674055 569.9504611721919
    vertex 4237.314958844478 235.427484084197 570.2611213439718
    vertex 4237.314958844478 232.82940787284366 570.2611213439718
  endloop
endfacet
facet normal 1.0 0.0 0.0
  outer loop
    vertex 4237.314958844478 232.82940787284366 570.2611213439718
    vertex 4237.314958844478 235.427484084197 570.2611213439718
    vertex 4237.314958844478 235.57733471795393 570.622892776318
  endloop
endfacet
facet normal 1.0 0.0 0.0
  outer loop
    vertex 4237.314958844478 232.82940787284366 570.2611213439718
    vertex 4237.314958844478 235.57733471795393 570.622892776318
    vertex 4237.314958844478 232.67955723908673 570.622892776318
  endloop
endfacet
facet normal 1.0 0.0 0.0
  outer loop
    vertex 4237.314958844478 232.67955723908673 570.622892776318
    vertex 4237.314958844478 235.57733471795393 570.622892776318
    vertex 4237.314958844478 235.62844597852038 571.0111213439718
  endloop
endfacet
facet normal 1.0 0.0 0.0
  outer loop
    vertex 4237.314958844478 232.67955723908673 570.622892776318
    vertex 4237.314958844478 235.62844597852038 571.0111213439718
    vertex 4237.314958844478 232.62844597852032 571.0111213439718
  endloop
endfacet
facet normal 1.0 0.0 0.0
  outer loop
    vertex 4237.314958844478 232.62844597852032 571.0111213439718
    vertex 4237.314958844478 235.62844597852038 571.0111213439718
    vertex 4237.314958844478 235.57733471795393 571.3993499116257
  endloop
endfacet
facet normal 1.0 0.0 0.0
  outer loop
    vertex 4237.314958844478 232.62844597852032 571.0111213439718
    vertex 4237.314958844478 235.57733471795393 571.3993499116257
    vertex 4237.314958844478 232.67955723908673 571.3993499116257
  endloop
endfacet
facet normal 1.0 0.0 0.0
  outer loop
    vertex 4237.314958844478 232.67955723908673 571.3993499116257
    vertex 4237.314958844478 235.57733471795393 571.3993499116257
    vertex 4237.314958844478 235.427484084197 571.7611213439718
  endloop
endfacet
facet normal 1.0 0.0 0.0
  outer loop
    vertex 4237.314958844478 232.67955723908673 571.3993499116257
    vertex 4237.314958844478 235.427484084197 571.7611213439718
    vertex 4237.314958844478 232.82940787284366 571.7611213439718
  endloop
endfacet
facet normal 1.0 0.0 0.0
  outer loop
    vertex 4237.314958844478 232.82940787284366 571.7611213439718
    vertex 4237.314958844478 235.427484084197 571.7611213439718
    vertex 4237.314958844478 235.18910615030015 572.0717815157517
  endloop
endfacet
facet normal 1.0 0.0 0.0
  outer loop
    vertex 4237.314958844478 232.82940787284366 571.7611213439718
    vertex 4237.314958844478 235.18910615030015 572.0717815157517
    vertex 4237.314958844478 233.06778580674055 572.0717815157517
  endloop
endfacet
facet normal 1.0 0.0 0.0
  outer loop
    vertex 4237.314958844478 233.06778580674055 572.0717815157517
    vertex 4237.314958844478 235.18910615030015 572.0717815157517
    vertex 4237.314958844478 234.87844597852035 572.3101594496485
  endloop
endfacet
facet normal 1.0 0.0 0.0
  outer loop
    vertex 4237.314958844478 233.06778580674055 572.0717815157517
    vertex 4237.314958844478 234.87844597852035 572.3101594496485
    vertex 4237.314958844478 233.37844597852035 572.3101594496485
  endloop
endfacet
facet normal 1.0 0.0 0.0
  outer loop
    vertex 4237.314958844478 233.37844597852035 572.3101594496485
    vertex 4237.314958844478 234.87844597852035 572.3101594496485
    vertex 4237.314958844478 234.51667454617413 572.4600100834055
  endloop
endfacet
facet normal 1.0 0.0 0.0
  outer loop
    vertex 4237.314958844478 233.37844597852035 572.3101594496485
    vertex 4237.314958844478 234.51667454617413 572.4600100834055
    vertex 4237.314958844478 233.74021741086653 572.4600100834055
  endloop
endfacet
facet normal 1.0 0.0 0.0
  outer loop
    vertex 4237.314958844478 233.74021741086653 572.4600100834055
    vertex 4237.314958844478 234.51667454617413 572.4600100834055
    vertex 4237.314958844478 234.12844597852035 572.5111213439718
  endloop
endfacet
facet normal 0.0 -0.9238795325112942 0.3826834323650718
  outer loop
    vertex 4239.3149588444785 235.427484084197 570.2611213439718
    vertex 4237.314958844478 235.57733471795393 570.622892776318
    vertex 4237.314958844478 235.427484084197 570.2611213439718
  endloop
endfacet
facet normal 0.0 -0.9238795325112942 0.3826834323650718
  outer loop
    vertex 4237.314958844478 235.57733471795393 570.622892776318
    vertex 4239.3149588444785 235.427484084197 570.2611213439718
    vertex 4239.3149588444785 235.57733471795393 570.622892776318
  endloop
endfacet
facet normal 4.03669949210741e-27 -0.991444861373804 0.13052619222010056
  outer loop
    vertex 4239.3149588444785 235.57733471795393 570.622892776318
    vertex 4237.314958844478 235.62844597852038 571.0111213439718
    vertex 4237.314958844478 235.57733471795393 570.622892776318
  endloop
endfacet
facet normal 4.03669949210741e-27 -0.991444861373804 0.13052619222010056
  outer loop
    vertex 4237.314958844478 235.62844597852038 571.0111213439718
    vertex 4239.3149588444785 235.57733471795393 570.622892776318
    vertex 4239.3149588444785 235.62844597852038 571.0111213439718
  endloop
endfacet
facet normal 4.03669949210741e-27 -0.9914448613738056 -0.1305261922200889
  outer loop
    vertex 4239.3149588444785 235.62844597852038 571.0111213439718
    vertex 4237.314958844478 235.57733471795393 571.3993499116257
    vertex 4237.314958844478 235.62844597852038 571.0111213439718
  endloop
endfacet
facet normal 4.03669949210741e-27 -0.9914448613738056 -0.1305261922200889
  outer loop
    vertex 4237.314958844478 235.57733471795393 571.3993499116257
    vertex 4239.3149588444785 235.62844597852038 571.0111213439718
    vertex 4239.3149588444785 235.57733471795393 571.3993499116257
  endloop
endfacet
facet normal 0.0 -0.9238795325112988 -0.382683432365061
  outer loop
    vertex 4239.3149588444785 235.57733471795393 571.3993499116257
    vertex 4237.314958844478 235.427484084197 571.7611213439718
    vertex 4237.314958844478 235.57733471795393 571.3993499116257
  endloop
endfacet
facet normal 0.0 -0.9238795325112988 -0.382683432365061
  outer loop
    vertex 4237.314958844478 235.427484084197 571.7611213439718
    vertex 4239.3149588444785 235.57733471795393 571.3993499116257
    vertex 4239.3149588444785 235.427484084197 571.7611213439718
  endloop
endfacet
facet normal -8.726998354171905e-20 -0.7933533402911676 -0.6087614290088087
  outer loop
    vertex 4239.3149588444785 235.427484084197 571.7611213439718
    vertex 4237.314958844478 235.18910615030015 572.0717815157517
    vertex 4237.314958844478 235.427484084197 571.7611213439718
  endloop
endfacet
facet normal -8.726998354171905e-20 -0.7933533402911676 -0.6087614290088087
  outer loop
    vertex 4237.314958844478 235.18910615030015 572.0717815157517
    vertex 4239.3149588444785 235.427484084197 571.7611213439718
    vertex 4239.314958844478 235.18910615030015 572.0717815157517
  endloop
endfacet
facet normal 0.0 -0.608761429008818 -0.7933533402911604
  outer loop
    vertex 4239.314958844478 234.87844597852035 572.3101594496485
    vertex 4237.314958844478 235.18910615030015 572.0717815157517
    vertex 4239.314958844478 235.18910615030015 572.0717815157517
  endloop
endfacet
facet normal 0.0 -0.608761429008818 -0.7933533402911604
  outer loop
    vertex 4237.314958844478 235.18910615030015 572.0717815157517
    vertex 4239.314958844478 234.87844597852035 572.3101594496485
    vertex 4237.314958844478 234.87844597852035 572.3101594496485
  endloop
endfacet
facet normal 0.0 -0.3826834323650718 -0.9238795325112942
  outer loop
    vertex 4239.314958844478 234.51667454617413 572.4600100834055
    vertex 4237.314958844478 234.87844597852035 572.3101594496485
    vertex 4239.314958844478 234.87844597852035 572.3101594496485
  endloop
endfacet
facet normal 0.0 -0.3826834323650718 -0.9238795325112942
  outer loop
    vertex 4237.314958844478 234.87844597852035 572.3101594496485
    vertex 4239.314958844478 234.51667454617413 572.4600100834055
    vertex 4237.314958844478 234.51667454617413 572.4600100834055
  endloop
endfacet
facet normal 0.0 -0.13052619222010056 -0.991444861373804
  outer loop
    vertex 4239.314958844478 234.12844597852035 572.5111213439718
    vertex 4237.314958844478 234.51667454617413 572.4600100834055
    vertex 4239.314958844478 234.51667454617413 572.4600100834055
  endloop
endfacet
facet normal 0.0 -0.13052619222010056 -0.991444861373804
  outer loop
    vertex 4237.314958844478 234.51667454617413 572.4600100834055
    vertex 4239.314958844478 234.12844597852035 572.5111213439718
    vertex 4237.314958844478 234.12844597852035 572.5111213439718
  endloop
endfacet
facet normal 0.0 0.1305261922200889 -0.9914448613738056
  outer loop
    vertex 4239.314958844478 233.74021741086653 572.4600100834055
    vertex 4237.314958844478 234.12844597852035 572.5111213439718
    vertex 4239.314958844478 234.12844597852035 572.5111213439718
  endloop
endfacet
facet normal 0.0 0.1305261922200889 -0.9914448613738056
  outer loop
    vertex 4237.314958844478 234.12844597852035 572.5111213439718
    vertex 4239.314958844478 233.74021741086653 572.4600100834055
    vertex 4237.314958844478 233.74021741086653 572.4600100834055
  endloop
endfacet
facet normal 0.0 0.382683432365061 -0.9238795325112988
  outer loop
    vertex 4239.314958844478 233.37844597852035 572.3101594496485
    vertex 4237.314958844478 233.74021741086653 572.4600100834055
    vertex 4239.314958844478 233.74021741086653 572.4600100834055
  endloop
endfacet
facet normal 0.0 0.382683432365061 -0.9238795325112988
  outer loop
    vertex 4237.314958844478 233.74021741086653 572.4600100834055
    vertex 4239.314958844478 233.37844597852035 572.3101594496485
    vertex 4237.314958844478 233.37844597852035 572.3101594496485
  endloop
endfacet
facet normal 0.0 0.6087614290088087 -0.7933533402911676
  outer loop
    vertex 4239.314958844478 233.06778580674055 572.0717815157517
    vertex 4237.314958844478 233.37844597852035 572.3101594496485
    vertex 4239.314958844478 233.37844597852035 572.3101594496485
  endloop
endfacet
facet normal 0.0 0.6087614290088087 -0.7933533402911676
  outer loop
    vertex 4237.314958844478 233.37844597852035 572.3101594496485
    vertex 4239.314958844478 233.06778580674055 572.0717815157517
    vertex 4237.314958844478 233.06778580674055 572.0717815157517
  endloop
endfacet
facet normal 0.0 0.7933533402911604 -0.608761429008818
  outer loop
    vertex 4239.314958844478 233.06778580674055 572.0717815157517
    vertex 4237.314958844478 232.82940787284366 571.7611213439718
    vertex 4237.314958844478 233.06778580674055 572.0717815157517
  endloop
endfacet
facet normal 0.0 0.7933533402911604 -0.608761429008818
  outer loop
    vertex 4237.314958844478 232.82940787284366 571.7611213439718
    vertex 4239.314958844478 233.06778580674055 572.0717815157517
    vertex 4239.314958844478 232.82940787284366 571.7611213439718
  endloop
endfacet
facet normal 0.0 0.9238795325112942 -0.38268343236507185
  outer loop
    vertex 4239.314958844478 232.82940787284366 571.7611213439718
    vertex 4237.314958844478 232.67955723908673 571.3993499116257
    vertex 4237.314958844478 232.82940787284366 571.7611213439718
  endloop
endfacet
facet normal 0.0 0.9238795325112942 -0.38268343236507185
  outer loop
    vertex 4237.314958844478 232.67955723908673 571.3993499116257
    vertex 4239.314958844478 232.82940787284366 571.7611213439718
    vertex 4239.314958844478 232.67955723908673 571.3993499116257
  endloop
endfacet
facet normal 0.0 0.991444861373804 -0.13052619222010056
  outer loop
    vertex 4239.314958844478 232.67955723908673 571.3993499116257
    vertex 4237.314958844478 232.62844597852032 571.0111213439718
    vertex 4237.314958844478 232.67955723908673 571.3993499116257
  endloop
endfacet
facet normal 0.0 0.991444861373804 -0.13052619222010056
  outer loop
    vertex 4237.314958844478 232.62844597852032 571.0111213439718
    vertex 4239.314958844478 232.67955723908673 571.3993499116257
    vertex 4239.314958844478 232.62844597852032 571.0111213439718
  endloop
endfacet
facet normal 0.0 0.9914448613738056 0.1305261922200889
  outer loop
    vertex 4239.314958844478 232.62844597852032 571.0111213439718
    vertex 4237.314958844478 232.67955723908673 570.622892776318
    vertex 4237.314958844478 232.62844597852032 571.0111213439718
  endloop
endfacet
facet normal 0.0 0.9914448613738056 0.1305261922200889
  outer loop
    vertex 4237.314958844478 232.67955723908673 570.622892776318
    vertex 4239.314958844478 232.62844597852032 571.0111213439718
    vertex 4239.314958844478 232.67955723908673 570.622892776318
  endloop
endfacet
facet normal 0.0 0.9238795325112988 0.3826834323650611
  outer loop
    vertex 4239.314958844478 232.67955723908673 570.622892776318
    vertex 4237.314958844478 232.82940787284366 570.2611213439718
    vertex 4237.314958844478 232.67955723908673 570.622892776318
  endloop
endfacet
facet normal 0.0 0.9238795325112988 0.3826834323650611
  outer loop
    vertex 4237.314958844478 232.82940787284366 570.2611213439718
    vertex 4239.314958844478 232.67955723908673 570.622892776318
    vertex 4239.314958844478 232.82940787284366 570.2611213439718
  endloop
endfacet
facet normal 0.0 0.793353340291253 0.6087614290086975
  outer loop
    vertex 4239.314958844478 232.82940787284366 570.2611213439718
    vertex 4237.314958844478 233.06778580674055 569.9504611721919
    vertex 4237.314958844478 232.82940787284366 570.2611213439718
  endloop
endfacet
facet normal 0.0 0.793353340291253 0.6087614290086975
  outer loop
    vertex 4237.314958844478 233.06778580674055 569.9504611721919
    vertex 4239.314958844478 232.82940787284366 570.2611213439718
    vertex 4239.314958844478 233.06778580674055 569.9504611721919
  endloop
endfacet
facet normal 0.0 0.608761429008673 0.7933533402912718
  outer loop
    vertex 4237.314958844478 233.06778580674055 569.9504611721919
    vertex 4239.314958844478 233.37844597852035 569.7120832382951
    vertex 4237.314958844478 233.37844597852035 569.7120832382951
  endloop
endfacet
facet normal 0.0 0.608761429008673 0.7933533402912718
  outer loop
    vertex 4239.314958844478 233.37844597852035 569.7120832382951
    vertex 4237.314958844478 233.06778580674055 569.9504611721919
    vertex 4239.314958844478 233.06778580674055 569.9504611721919
  endloop
endfacet
facet normal 0.0 0.3826834323650718 0.9238795325112942
  outer loop
    vertex 4237.314958844478 233.37844597852035 569.7120832382951
    vertex 4239.314958844478 233.74021741086653 569.5622326045383
    vertex 4237.314958844478 233.74021741086653 569.5622326045383
  endloop
endfacet
facet normal 0.0 0.3826834323650718 0.9238795325112942
  outer loop
    vertex 4239.314958844478 233.74021741086653 569.5622326045383
    vertex 4237.314958844478 233.37844597852035 569.7120832382951
    vertex 4239.314958844478 233.37844597852035 569.7120832382951
  endloop
endfacet
facet normal 0.0 0.13052619222010056 0.991444861373804
  outer loop
    vertex 4237.314958844478 233.74021741086653 569.5622326045383
    vertex 4239.314958844478 234.12844597852035 569.5111213439718
    vertex 4237.314958844478 234.12844597852035 569.5111213439718
  endloop
endfacet
facet normal 0.0 0.13052619222010056 0.991444861373804
  outer loop
    vertex 4239.314958844478 234.12844597852035 569.5111213439718
    vertex 4237.314958844478 233.74021741086653 569.5622326045383
    vertex 4239.314958844478 233.74021741086653 569.5622326045383
  endloop
endfacet
facet normal 0.0 -0.1305261922200889 0.9914448613738056
  outer loop
    vertex 4237.314958844478 234.12844597852035 569.5111213439718
    vertex 4239.314958844478 234.51667454617413 569.5622326045383
    vertex 4237.314958844478 234.51667454617413 569.5622326045383
  endloop
endfacet
facet normal 0.0 -0.1305261922200889 0.9914448613738056
  outer loop
    vertex 4239.314958844478 234.51667454617413 569.5622326045383
    vertex 4237.314958844478 234.12844597852035 569.5111213439718
    vertex 4239.314958844478 234.12844597852035 569.5111213439718
  endloop
endfacet
facet normal 0.0 -0.382683432365061 0.9238795325112988
  outer loop
    vertex 4237.314958844478 234.51667454617413 569.5622326045383
    vertex 4239.314958844478 234.87844597852035 569.7120832382951
    vertex 4237.314958844478 234.87844597852035 569.7120832382951
  endloop
endfacet
facet normal 0.0 -0.382683432365061 0.9238795325112988
  outer loop
    vertex 4239.314958844478 234.87844597852035 569.7120832382951
    vertex 4237.314958844478 234.51667454617413 569.5622326045383
    vertex 4239.314958844478 234.51667454617413 569.5622326045383
  endloop
endfacet
facet normal 0.0 -0.6087614290086637 0.7933533402912789
  outer loop
    vertex 4237.314958844478 234.87844597852035 569.7120832382951
    vertex 4239.314958844478 235.18910615030015 569.9504611721919
    vertex 4237.314958844478 235.18910615030015 569.9504611721919
  endloop
endfacet
facet normal 0.0 -0.6087614290086637 0.7933533402912789
  outer loop
    vertex 4239.314958844478 235.18910615030015 569.9504611721919
    vertex 4237.314958844478 234.87844597852035 569.7120832382951
    vertex 4239.314958844478 234.87844597852035 569.7120832382951
  endloop
endfacet
facet normal -8.726998230223298e-20 -0.7933533402912459 0.6087614290087068
  outer loop
    vertex 4239.314958844478 235.18910615030015 569.9504611721919
    vertex 4237.314958844478 235.427484084197 570.2611213439718
    vertex 4237.314958844478 235.18910615030015 569.9504611721919
  endloop
endfacet
facet normal -8.726998230223298e-20 -0.7933533402912459 0.6087614290087068
  outer loop
    vertex 4237.314958844478 235.427484084197 570.2611213439718
    vertex 4239.314958844478 235.18910615030015 569.9504611721919
    vertex 4239.3149588444785 235.427484084197 570.2611213439718
  endloop
endfacet
facet normal -1.0 0.0 0.0
  outer loop
    vertex 4199.314958844478 212.12844597851984 566.0111213439725
    vertex 4199.314958844478 231.12844597852063 566.0111213439721
    vertex 4199.314958844478 212.1284459785198 560.0111213439725
  endloop
endfacet
facet normal -1.0 0.0 0.0
  outer loop
    vertex 4199.314958844478 231.12844597852063 566.0111213439721
    vertex 4199.314958844478 233.74021741086653 569.5622326045386
    vertex 4199.314958844478 234.12844597852035 569.5111213439721
  endloop
endfacet
facet normal -1.0 0.0 0.0
  outer loop
    vertex 4199.314958844478 233.74021741086653 569.5622326045386
    vertex 4199.314958844478 231.12844597852063 566.0111213439721
    vertex 4199.314958844478 233.37844597852035 569.7120832382956
  endloop
endfacet
facet normal -1.0 0.0 0.0
  outer loop
    vertex 4199.314958844478 233.37844597852035 569.7120832382956
    vertex 4199.314958844478 231.12844597852063 566.0111213439721
    vertex 4199.314958844478 233.06778580674055 569.9504611721923
  endloop
endfacet
facet normal -1.0 0.0 0.0
  outer loop
    vertex 4199.314958844478 233.06778580674055 569.9504611721923
    vertex 4199.314958844478 231.12844597852063 566.0111213439721
    vertex 4199.314958844478 232.82940787284366 570.2611213439721
  endloop
endfacet
facet normal -1.0 0.0 0.0
  outer loop
    vertex 4199.314958844478 232.82940787284366 570.2611213439721
    vertex 4199.314958844478 231.12844597852063 566.0111213439721
    vertex 4199.314958844478 232.67955723908673 570.6228927763184
  endloop
endfacet
facet normal -1.0 0.0 0.0
  outer loop
    vertex 4199.314958844478 232.67955723908673 570.6228927763184
    vertex 4199.314958844478 231.12844597852063 566.0111213439721
    vertex 4199.314958844478 231.12844597852035 576.0111213439721
  endloop
endfacet
facet normal -1.0 0.0 0.0
  outer loop
    vertex 4199.314958844478 232.67955723908673 570.6228927763184
    vertex 4199.314958844478 231.12844597852035 576.0111213439721
    vertex 4199.314958844478 232.62844597852032 571.0111213439721
  endloop
endfacet
facet normal -1.0 0.0 0.0
  outer loop
    vertex 4199.314958844478 232.62844597852032 571.0111213439721
    vertex 4199.314958844478 231.12844597852035 576.0111213439721
    vertex 4199.314958844478 232.67955723908673 571.399349911626
  endloop
endfacet
facet normal -1.0 0.0 0.0
  outer loop
    vertex 4199.314958844478 232.67955723908673 571.399349911626
    vertex 4199.314958844478 231.12844597852035 576.0111213439721
    vertex 4199.314958844478 232.82940787284366 571.7611213439723
  endloop
endfacet
facet normal -1.0 0.0 0.0
  outer loop
    vertex 4199.314958844478 232.82940787284366 571.7611213439723
    vertex 4199.314958844478 231.12844597852035 576.0111213439721
    vertex 4199.314958844478 233.06778580674055 572.071781515752
  endloop
endfacet
facet normal -1.0 0.0 0.0
  outer loop
    vertex 4199.314958844478 233.06778580674055 572.071781515752
    vertex 4199.314958844478 231.12844597852035 576.0111213439721
    vertex 4199.314958844478 233.37844597852035 572.3101594496488
  endloop
endfacet
facet normal -1.0 0.0 0.0
  outer loop
    vertex 4199.314958844478 233.37844597852035 572.3101594496488
    vertex 4199.314958844478 231.12844597852035 576.0111213439721
    vertex 4199.314958844478 233.74021741086653 572.4600100834058
  endloop
endfacet
facet normal -1.0 0.0 0.0
  outer loop
    vertex 4199.314958844478 233.74021741086653 572.4600100834058
    vertex 4199.314958844478 231.12844597852035 576.0111213439721
    vertex 4199.314958844478 234.12844597852035 572.5111213439723
  endloop
endfacet
facet normal -1.0 0.0 0.0
  outer loop
    vertex 4199.314958844478 237.12844597852023 560.0111213439721
    vertex 4199.314958844478 235.57733471795393 570.6228927763184
    vertex 4199.314958844478 237.12844597852035 576.0111213439723
  endloop
endfacet
facet normal -1.0 0.0 0.0
  outer loop
    vertex 4199.314958844478 235.57733471795393 570.6228927763184
    vertex 4199.314958844478 237.12844597852023 560.0111213439721
    vertex 4199.314958844478 235.427484084197 570.2611213439721
  endloop
endfacet
facet normal -1.0 0.0 0.0
  outer loop
    vertex 4199.314958844478 235.427484084197 570.2611213439721
    vertex 4199.314958844478 237.12844597852023 560.0111213439721
    vertex 4199.314958844478 235.18910615030015 569.9504611721923
  endloop
endfacet
facet normal -1.0 0.0 0.0
  outer loop
    vertex 4199.314958844478 235.18910615030015 569.9504611721923
    vertex 4199.314958844478 237.12844597852023 560.0111213439721
    vertex 4199.314958844478 231.12844597852063 566.0111213439721
  endloop
endfacet
facet normal -1.0 0.0 0.0
  outer loop
    vertex 4199.314958844478 231.12844597852063 566.0111213439721
    vertex 4199.314958844478 237.12844597852023 560.0111213439721
    vertex 4199.314958844478 212.1284459785198 560.0111213439725
  endloop
endfacet
facet normal -1.0 0.0 0.0
  outer loop
    vertex 4199.314958844478 235.18910615030015 569.9504611721923
    vertex 4199.314958844478 231.12844597852063 566.0111213439721
    vertex 4199.314958844478 234.87844597852035 569.7120832382956
  endloop
endfacet
facet normal -1.0 0.0 0.0
  outer loop
    vertex 4199.314958844478 234.87844597852035 569.7120832382956
    vertex 4199.314958844478 231.12844597852063 566.0111213439721
    vertex 4199.314958844478 234.51667454617413 569.5622326045386
  endloop
endfacet
facet normal -1.0 0.0 0.0
  outer loop
    vertex 4199.314958844478 234.51667454617413 569.5622326045386
    vertex 4199.314958844478 231.12844597852063 566.0111213439721
    vertex 4199.314958844478 234.12844597852035 569.5111213439721
  endloop
endfacet
facet normal -1.0 0.0 0.0
  outer loop
    vertex 4199.314958844478 237.12844597852035 576.0111213439723
    vertex 4199.314958844478 235.57733471795393 570.6228927763184
    vertex 4199.314958844478 235.62844597852038 571.0111213439721
  endloop
endfacet
facet normal -1.0 0.0 0.0
  outer loop
    vertex 4199.314958844478 237.12844597852035 576.0111213439723
    vertex 4199.314958844478 235.62844597852038 571.0111213439721
    vertex 4199.314958844478 235.57733471795393 571.399349911626
  endloop
endfacet
facet normal -1.0 0.0 0.0
  outer loop
    vertex 4199.314958844478 237.12844597852035 576.0111213439723
    vertex 4199.314958844478 235.57733471795393 571.399349911626
    vertex 4199.314958844478 235.427484084197 571.7611213439723
  endloop
endfacet
facet normal -1.0 0.0 0.0
  outer loop
    vertex 4199.314958844478 237.12844597852035 576.0111213439723
    vertex 4199.314958844478 235.427484084197 571.7611213439723
    vertex 4199.314958844478 235.18910615030015 572.071781515752
  endloop
endfacet
facet normal -1.0 0.0 0.0
  outer loop
    vertex 4199.314958844478 237.12844597852035 576.0111213439723
    vertex 4199.314958844478 235.18910615030015 572.071781515752
    vertex 4199.314958844478 234.87844597852035 572.3101594496488
  endloop
endfacet
facet normal -1.0 0.0 0.0
  outer loop
    vertex 4199.314958844478 237.12844597852035 576.0111213439723
    vertex 4199.314958844478 234.87844597852035 572.3101594496488
    vertex 4199.314958844478 234.51667454617413 572.4600100834058
  endloop
endfacet
facet normal -1.0 0.0 0.0
  outer loop
    vertex 4199.314958844478 237.12844597852035 576.0111213439723
    vertex 4199.314958844478 234.51667454617413 572.4600100834058
    vertex 4199.314958844478 234.12844597852035 572.5111213439723
  endloop
endfacet
facet normal -1.0 0.0 0.0
  outer loop
    vertex 4199.314958844478 237.12844597852035 576.0111213439723
    vertex 4199.314958844478 234.12844597852035 572.5111213439723
    vertex 4199.314958844478 231.12844597852035 576.0111213439721
  endloop
endfacet
facet normal -1.6042475989605675e-14 -1.0 -1.2163603457793411e-14
  outer loop
    vertex 4212.564958844478 229.12844597852026 566.011121343972
    vertex 4201.314958844478 229.12844597852035 576.0111213439721
    vertex 4201.314958844478 229.12844597852063 566.011121343972
  endloop
endfacet
facet normal -1.6042475989605675e-14 -1.0 -1.2163603457793411e-14
  outer loop
    vertex 4201.314958844478 229.12844597852035 576.0111213439721
    vertex 4212.564958844478 229.12844597852026 566.011121343972
    vertex 4212.564958844478 229.12844597852035 576.0111213439719
  endloop
endfacet
facet normal 1.3745894761100332e-14 -1.0769117669241836e-14 1.0
  outer loop
    vertex 4199.314958844478 231.12844597852035 576.0111213439721
    vertex 4201.314958844478 236.9284459785204 576.0111213439723
    vertex 4199.314958844478 237.12844597852035 576.0111213439723
  endloop
endfacet
facet normal 1.3745894761100332e-14 -1.0769117669241836e-14 1.0
  outer loop
    vertex 4201.314958844478 236.9284459785204 576.0111213439723
    vertex 4199.314958844478 231.12844597852035 576.0111213439721
    vertex 4201.314958844478 231.3284459785204 576.0111213439723
  endloop
endfacet
facet normal 1.3745894761100332e-14 -1.0769117669241836e-14 1.0
  outer loop
    vertex 4201.314958844478 231.3284459785204 576.0111213439723
    vertex 4199.314958844478 231.12844597852035 576.0111213439721
    vertex 4204.314958844478 231.3284459785204 576.0111213439721
  endloop
endfacet
facet normal 1.3745894761100332e-14 -1.0769117669241836e-14 1.0
  outer loop
    vertex 4200.869916976565 239.07830180288394 576.0111213439724
    vertex 4212.564958844478 239.12844597852023 576.011121343972
    vertex 4201.314958844478 239.12844597852023 576.0111213439724
  endloop
endfacet
facet normal 1.3745894761100332e-14 -1.0769117669241836e-14 1.0
  outer loop
    vertex 4212.564958844478 239.12844597852023 576.011121343972
    vertex 4200.869916976565 239.07830180288394 576.0111213439724
    vertex 4204.314958844478 236.9284459785204 576.0111213439721
  endloop
endfacet
facet normal 1.3745894761100332e-14 -1.0769117669241836e-14 1.0
  outer loop
    vertex 4212.564958844478 239.12844597852023 576.011121343972
    vertex 4204.314958844478 236.9284459785204 576.0111213439721
    vertex 4212.564958844478 229.12844597852035 576.0111213439719
  endloop
endfacet
facet normal 1.3745894761100332e-14 -1.0769117669241836e-14 1.0
  outer loop
    vertex 4204.314958844478 236.9284459785204 576.0111213439721
    vertex 4200.869916976565 239.07830180288394 576.0111213439724
    vertex 4200.447191366242 238.93038371432516 576.0111213439723
  endloop
endfacet
facet normal 1.3745894761100332e-14 -1.0769117669241836e-14 1.0
  outer loop
    vertex 4204.314958844478 236.9284459785204 576.0111213439721
    vertex 4200.447191366242 238.93038371432516 576.0111213439723
    vertex 4200.067979240761 238.6921089434564 576.0111213439723
  endloop
endfacet
facet normal 1.3745894761100332e-14 -1.0769117669241836e-14 1.0
  outer loop
    vertex 4204.314958844478 236.9284459785204 576.0111213439721
    vertex 4200.067979240761 238.6921089434564 576.0111213439723
    vertex 4199.751295879541 238.37542558223782 576.0111213439723
  endloop
endfacet
facet normal 1.3745894761100332e-14 -1.0769117669241836e-14 1.0
  outer loop
    vertex 4204.314958844478 236.9284459785204 576.0111213439721
    vertex 4199.751295879541 238.37542558223782 576.0111213439723
    vertex 4199.5130211086735 237.99621345675547 576.0111213439723
  endloop
endfacet
facet normal 1.3745894761100332e-14 -1.0769117669241836e-14 1.0
  outer loop
    vertex 4204.314958844478 236.9284459785204 576.0111213439721
    vertex 4199.5130211086735 237.99621345675547 576.0111213439723
    vertex 4199.3651030201145 237.57348784643295 576.0111213439723
  endloop
endfacet
facet normal 1.3745894761100332e-14 -1.0769117669241836e-14 1.0
  outer loop
    vertex 4204.314958844478 236.9284459785204 576.0111213439721
    vertex 4199.3651030201145 237.57348784643295 576.0111213439723
    vertex 4199.314958844478 237.12844597852035 576.0111213439723
  endloop
endfacet
facet normal 1.3745894761100332e-14 -1.0769117669241836e-14 1.0
  outer loop
    vertex 4204.314958844478 236.9284459785204 576.0111213439721
    vertex 4199.314958844478 237.12844597852035 576.0111213439723
    vertex 4201.314958844478 236.9284459785204 576.0111213439723
  endloop
endfacet
facet normal 1.3745894761100332e-14 -1.0769117669241836e-14 1.0
  outer loop
    vertex 4212.564958844478 229.12844597852035 576.0111213439719
    vertex 4204.314958844478 236.9284459785204 576.0111213439721
    vertex 4204.314958844478 231.3284459785204 576.0111213439721
  endloop
endfacet
facet normal 1.3745894761100332e-14 -1.0769117669241836e-14 1.0
  outer loop
    vertex 4212.564958844478 229.12844597852035 576.0111213439719
    vertex 4204.314958844478 231.3284459785204 576.0111213439721
    vertex 4199.314958844478 231.12844597852035 576.0111213439721
  endloop
endfacet
facet normal 1.3745894761100332e-14 -1.0769117669241836e-14 1.0
  outer loop
    vertex 4212.564958844478 229.12844597852035 576.0111213439719
    vertex 4199.314958844478 231.12844597852035 576.0111213439721
    vertex 4199.3651030201145 230.6834041106077 576.0111213439721
  endloop
endfacet
facet normal 1.3745894761100332e-14 -1.0769117669241836e-14 1.0
  outer loop
    vertex 4212.564958844478 229.12844597852035 576.0111213439719
    vertex 4199.3651030201145 230.6834041106077 576.0111213439721
    vertex 4199.5130211086735 230.26067850028522 576.0111213439721
  endloop
endfacet
facet normal 1.3745894761100332e-14 -1.0769117669241836e-14 1.0
  outer loop
    vertex 4212.564958844478 229.12844597852035 576.0111213439719
    vertex 4199.5130211086735 230.26067850028522 576.0111213439721
    vertex 4199.751295879541 229.88146637480287 576.0111213439721
  endloop
endfacet
facet normal 1.3745894761100332e-14 -1.0769117669241836e-14 1.0
  outer loop
    vertex 4212.564958844478 229.12844597852035 576.0111213439719
    vertex 4199.751295879541 229.88146637480287 576.0111213439721
    vertex 4200.067979240761 229.5647830135843 576.0111213439721
  endloop
endfacet
facet normal 1.3745894761100332e-14 -1.0769117669241836e-14 1.0
  outer loop
    vertex 4212.564958844478 229.12844597852035 576.0111213439719
    vertex 4200.067979240761 229.5647830135843 576.0111213439721
    vertex 4200.447191366242 229.32650824271553 576.0111213439721
  endloop
endfacet
facet normal 1.3745894761100332e-14 -1.0769117669241836e-14 1.0
  outer loop
    vertex 4212.564958844478 229.12844597852035 576.0111213439719
    vertex 4200.447191366242 229.32650824271553 576.0111213439721
    vertex 4200.869916976565 229.17859015415675 576.0111213439721
  endloop
endfacet
facet normal 1.3745894761100332e-14 -1.0769117669241836e-14 1.0
  outer loop
    vertex 4212.564958844478 229.12844597852035 576.0111213439719
    vertex 4200.869916976565 229.17859015415675 576.0111213439721
    vertex 4201.314958844478 229.12844597852035 576.0111213439721
  endloop
endfacet
facet normal 0.1119644761032689 0.9937122098932472 -2.2384297666644703e-14
  outer loop
    vertex 4242.3149588444785 239.12844597852035 576.0111213439718
    vertex 4242.760000712391 239.0783018028837 560.011121343972
    vertex 4242.314958844478 239.12844597851998 560.011121343972
  endloop
endfacet
facet normal 0.1119644761032689 0.9937122098932472 -2.2384297666644703e-14
  outer loop
    vertex 4242.760000712391 239.0783018028837 560.011121343972
    vertex 4242.3149588444785 239.12844597852035 576.0111213439718
    vertex 4242.760000712391 239.07830180288394 576.0111213439718
  endloop
endfacet
facet normal 0.3302790619551973 0.9438833303083571 -2.3651998978665972e-14
  outer loop
    vertex 4242.760000712391 239.07830180288394 576.0111213439718
    vertex 4243.182726322713 238.93038371432488 560.011121343972
    vertex 4242.760000712391 239.0783018028837 560.011121343972
  endloop
endfacet
facet normal 0.3302790619551973 0.9438833303083571 -2.3651998978665972e-14
  outer loop
    vertex 4243.182726322713 238.93038371432488 560.011121343972
    vertex 4242.760000712391 239.07830180288394 576.0111213439718
    vertex 4243.182726322713 238.93038371432516 576.0111213439718
  endloop
endfacet
facet normal 0.5320320765153813 0.846724199228256 -2.6536488618803226e-14
  outer loop
    vertex 4243.182726322713 238.93038371432516 576.0111213439718
    vertex 4243.561938448195 238.69210894345613 560.011121343972
    vertex 4243.182726322713 238.93038371432488 560.011121343972
  endloop
endfacet
facet normal 0.5320320765153813 0.846724199228256 -2.6536488618803226e-14
  outer loop
    vertex 4243.561938448195 238.69210894345613 560.011121343972
    vertex 4243.182726322713 238.93038371432516 576.0111213439718
    vertex 4243.561938448195 238.6921089434564 576.0111213439718
  endloop
endfacet
facet normal 0.7071067811864469 0.7071067811866483 -2.8089039279468553e-14
  outer loop
    vertex 4243.561938448195 238.6921089434564 576.0111213439718
    vertex 4243.878621809414 238.37542558223754 560.011121343972
    vertex 4243.561938448195 238.69210894345613 560.011121343972
  endloop
endfacet
facet normal 0.7071067811864469 0.7071067811866483 -2.8089039279468553e-14
  outer loop
    vertex 4243.878621809414 238.37542558223754 560.011121343972
    vertex 4243.561938448195 238.6921089434564 576.0111213439718
    vertex 4243.878621809415 238.37542558223782 576.0111213439718
  endloop
endfacet
facet normal 0.8467241992283132 0.5320320765152906 -2.8234251183104753e-14
  outer loop
    vertex 4243.878621809415 238.37542558223782 576.0111213439718
    vertex 4244.116896580283 237.99621345675519 560.011121343972
    vertex 4243.878621809414 238.37542558223754 560.011121343972
  endloop
endfacet
facet normal 0.8467241992283132 0.5320320765152906 -2.8234251183104753e-14
  outer loop
    vertex 4244.116896580283 237.99621345675519 560.011121343972
    vertex 4243.878621809415 238.37542558223782 576.0111213439718
    vertex 4244.116896580283 237.99621345675547 576.0111213439718
  endloop
endfacet
facet normal 0.943883330308442 0.33027906195495493 -2.6963422814254854e-14
  outer loop
    vertex 4244.116896580283 237.99621345675547 576.0111213439718
    vertex 4244.264814668841 237.5734878464327 560.011121343972
    vertex 4244.116896580283 237.99621345675519 560.011121343972
  endloop
endfacet
facet normal 0.943883330308442 0.33027906195495493 -2.6963422814254854e-14
  outer loop
    vertex 4244.264814668841 237.5734878464327 560.011121343972
    vertex 4244.116896580283 237.99621345675547 576.0111213439718
    vertex 4244.264814668841 237.57348784643295 576.0111213439718
  endloop
endfacet
facet normal 0.9937122098931884 0.11196447610378868 -2.4339679236492827e-14
  outer loop
    vertex 4244.264814668841 237.57348784643295 576.0111213439718
    vertex 4244.314958844478 237.12844597852006 560.011121343972
    vertex 4244.264814668841 237.5734878464327 560.011121343972
  endloop
endfacet
facet normal 0.9937122098931884 0.11196447610378868 -2.4339679236492827e-14
  outer loop
    vertex 4244.314958844478 237.12844597852006 560.011121343972
    vertex 4244.264814668841 237.57348784643295 576.0111213439718
    vertex 4244.314958844478 237.12844597852035 576.0111213439718
  endloop
endfacet
facet normal 0.9937122098932334 -0.11196447610339079 -1.3617859062028657e-15
  outer loop
    vertex 4244.314958844478 231.12844597852035 576.0111213439719
    vertex 4244.264814668841 230.68340411060782 566.011121343972
    vertex 4244.314958844478 231.12844597852043 566.011121343972
  endloop
endfacet
facet normal 0.9937122098932334 -0.11196447610339079 -1.3617859062028657e-15
  outer loop
    vertex 4244.264814668841 230.68340411060782 566.011121343972
    vertex 4244.314958844478 231.12844597852035 576.0111213439719
    vertex 4244.264814668841 230.6834041106077 576.0111213439719
  endloop
endfacet
facet normal 0.943883330308442 -0.330279061954955 -4.017019721327305e-15
  outer loop
    vertex 4244.264814668841 230.6834041106077 576.0111213439719
    vertex 4244.116896580283 230.2606785002853 566.011121343972
    vertex 4244.264814668841 230.68340411060782 566.011121343972
  endloop
endfacet
facet normal 0.943883330308442 -0.330279061954955 -4.017019721327305e-15
  outer loop
    vertex 4244.116896580283 230.2606785002853 566.011121343972
    vertex 4244.264814668841 230.6834041106077 576.0111213439719
    vertex 4244.116896580283 230.26067850028522 576.0111213439719
  endloop
endfacet
facet normal 0.846724199228313 -0.5320320765152906 -6.470841145940154e-15
  outer loop
    vertex 4244.116896580283 230.26067850028522 576.0111213439719
    vertex 4243.878621809415 229.88146637480295 566.011121343972
    vertex 4244.116896580283 230.2606785002853 566.011121343972
  endloop
endfacet
facet normal 0.846724199228313 -0.5320320765152906 -6.470841145940154e-15
  outer loop
    vertex 4243.878621809415 229.88146637480295 566.011121343972
    vertex 4244.116896580283 230.26067850028522 576.0111213439719
    vertex 4243.878621809415 229.88146637480287 576.0111213439719
  endloop
endfacet
facet normal 0.7071067811864469 -0.7071067811866483 -8.60018757561566e-15
  outer loop
    vertex 4243.878621809415 229.88146637480295 566.011121343972
    vertex 4243.561938448195 229.5647830135843 576.0111213439719
    vertex 4243.561938448195 229.5647830135844 566.011121343972
  endloop
endfacet
facet normal 0.7071067811864469 -0.7071067811866483 -8.60018757561566e-15
  outer loop
    vertex 4243.561938448195 229.5647830135843 576.0111213439719
    vertex 4243.878621809415 229.88146637480295 566.011121343972
    vertex 4243.878621809415 229.88146637480287 576.0111213439719
  endloop
endfacet
facet normal 0.5320320765151998 -0.8467241992283703 -1.0298284688991962e-14
  outer loop
    vertex 4243.561938448195 229.5647830135844 566.011121343972
    vertex 4243.182726322713 229.32650824271553 576.0111213439719
    vertex 4243.182726322713 229.32650824271562 566.011121343972
  endloop
endfacet
facet normal 0.5320320765151998 -0.8467241992283703 -1.0298284688991962e-14
  outer loop
    vertex 4243.182726322713 229.32650824271553 576.0111213439719
    vertex 4243.561938448195 229.5647830135844 566.011121343972
    vertex 4243.561938448195 229.5647830135843 576.0111213439719
  endloop
endfacet
facet normal 0.330279061955323 -0.9438833303083132 -1.1480643037337045e-14
  outer loop
    vertex 4243.182726322713 229.32650824271562 566.011121343972
    vertex 4242.760000712391 229.17859015415675 576.0111213439719
    vertex 4242.760000712391 229.17859015415684 566.011121343972
  endloop
endfacet
facet normal 0.330279061955323 -0.9438833303083132 -1.1480643037337045e-14
  outer loop
    vertex 4242.760000712391 229.17859015415675 576.0111213439719
    vertex 4243.182726322713 229.32650824271562 566.011121343972
    vertex 4243.182726322713 229.32650824271553 576.0111213439719
  endloop
endfacet
facet normal 0.11196447610336835 -0.9937122098932358 -1.2087069277712038e-14
  outer loop
    vertex 4242.760000712391 229.17859015415684 566.011121343972
    vertex 4242.3149588444785 229.12844597852035 576.0111213439719
    vertex 4242.3149588444785 229.12844597852043 566.011121343972
  endloop
endfacet
facet normal 0.11196447610336835 -0.9937122098932358 -1.2087069277712038e-14
  outer loop
    vertex 4242.3149588444785 229.12844597852035 576.0111213439719
    vertex 4242.760000712391 229.17859015415684 566.011121343972
    vertex 4242.760000712391 229.17859015415675 576.0111213439719
  endloop
endfacet
facet normal -0.9937122098933007 0.1119644761027939 4.945580340176256e-15
  outer loop
    vertex 4199.314958844478 237.12844597852035 576.0111213439723
    vertex 4199.365103020114 237.57348784643287 560.0111213439721
    vertex 4199.314958844478 237.12844597852023 560.0111213439721
  endloop
endfacet
facet normal -0.9937122098933007 0.1119644761027939 4.945580340176256e-15
  outer loop
    vertex 4199.365103020114 237.57348784643287 560.0111213439721
    vertex 4199.314958844478 237.12844597852035 576.0111213439723
    vertex 4199.3651030201145 237.57348784643295 576.0111213439723
  endloop
endfacet
facet normal -0.9438833303083162 0.330279061955314 8.703837075581502e-15
  outer loop
    vertex 4199.3651030201145 237.57348784643295 576.0111213439723
    vertex 4199.513021108673 237.99621345675538 560.0111213439721
    vertex 4199.365103020114 237.57348784643287 560.0111213439721
  endloop
endfacet
facet normal -0.9438833303083162 0.330279061955314 8.703837075581502e-15
  outer loop
    vertex 4199.513021108673 237.99621345675538 560.0111213439721
    vertex 4199.3651030201145 237.57348784643295 576.0111213439723
    vertex 4199.5130211086735 237.99621345675547 576.0111213439723
  endloop
endfacet
facet normal -0.8467241992282225 0.532032076515435 1.64506537874121e-15
  outer loop
    vertex 4199.5130211086735 237.99621345675547 576.0111213439723
    vertex 4199.751295879541 238.37542558223774 560.0111213439721
    vertex 4199.513021108673 237.99621345675538 560.0111213439721
  endloop
endfacet
facet normal -0.8467241992282225 0.532032076515435 1.64506537874121e-15
  outer loop
    vertex 4199.751295879541 238.37542558223774 560.0111213439721
    vertex 4199.5130211086735 237.99621345675547 576.0111213439723
    vertex 4199.751295879541 238.37542558223782 576.0111213439723
  endloop
endfacet
facet normal -0.7071067811865476 0.7071067811865476 -1.729535807851445e-16
  outer loop
    vertex 4199.751295879541 238.37542558223782 576.0111213439723
    vertex 4200.06797924076 238.6921089434563 560.0111213439721
    vertex 4199.751295879541 238.37542558223774 560.0111213439721
  endloop
endfacet
facet normal -0.7071067811865476 0.7071067811865476 -1.729535807851445e-16
  outer loop
    vertex 4200.06797924076 238.6921089434563 560.0111213439721
    vertex 4199.751295879541 238.37542558223782 576.0111213439723
    vertex 4200.067979240761 238.6921089434564 576.0111213439723
  endloop
endfacet
facet normal -0.5320320765153813 0.846724199228256 1.01860488849362e-15
  outer loop
    vertex 4200.067979240761 238.6921089434564 576.0111213439723
    vertex 4200.447191366242 238.93038371432505 560.0111213439721
    vertex 4200.06797924076 238.6921089434563 560.0111213439721
  endloop
endfacet
facet normal -0.5320320765153813 0.846724199228256 1.01860488849362e-15
  outer loop
    vertex 4200.447191366242 238.93038371432505 560.0111213439721
    vertex 4200.067979240761 238.6921089434564 576.0111213439723
    vertex 4200.447191366242 238.93038371432516 576.0111213439723
  endloop
endfacet
facet normal -0.3302790619551345 0.943883330308379 -3.6912976280017154e-15
  outer loop
    vertex 4200.447191366242 238.93038371432516 576.0111213439723
    vertex 4200.869916976565 239.07830180288386 560.0111213439721
    vertex 4200.447191366242 238.93038371432505 560.0111213439721
  endloop
endfacet
facet normal -0.3302790619551345 0.943883330308379 -3.6912976280017154e-15
  outer loop
    vertex 4200.869916976565 239.07830180288386 560.0111213439721
    vertex 4200.447191366242 238.93038371432516 576.0111213439723
    vertex 4200.869916976565 239.07830180288394 576.0111213439724
  endloop
endfacet
facet normal -0.11196447610326887 0.9937122098932472 -3.044847920778535e-15
  outer loop
    vertex 4201.314958844478 239.12844597852023 576.0111213439724
    vertex 4200.869916976565 239.07830180288386 560.0111213439721
    vertex 4200.869916976565 239.07830180288394 576.0111213439724
  endloop
endfacet
facet normal -0.11196447610326887 0.9937122098932472 -3.044847920778535e-15
  outer loop
    vertex 4200.869916976565 239.07830180288386 560.0111213439721
    vertex 4201.314958844478 239.12844597852023 576.0111213439724
    vertex 4201.314958844478 239.12844597852023 560.0111213439721
  endloop
endfacet
facet normal -0.11196447610341316 -0.9937122098932307 -3.002132208437875e-14
  outer loop
    vertex 4201.314958844478 229.12844597852063 566.011121343972
    vertex 4200.869916976565 229.17859015415675 576.0111213439721
    vertex 4200.869916976565 229.178590154157 566.011121343972
  endloop
endfacet
facet normal -0.11196447610341316 -0.9937122098932307 -3.002132208437875e-14
  outer loop
    vertex 4200.869916976565 229.17859015415675 576.0111213439721
    vertex 4201.314958844478 229.12844597852063 566.011121343972
    vertex 4201.314958844478 229.12844597852035 576.0111213439721
  endloop
endfacet
facet normal -0.33027906195519724 -0.9438833303083571 -2.851592763694416e-14
  outer loop
    vertex 4200.869916976565 229.178590154157 566.011121343972
    vertex 4200.447191366242 229.32650824271553 576.0111213439721
    vertex 4200.447191366242 229.32650824271582 566.011121343972
  endloop
endfacet
facet normal -0.33027906195519724 -0.9438833303083571 -2.851592763694416e-14
  outer loop
    vertex 4200.447191366242 229.32650824271553 576.0111213439721
    vertex 4200.869916976565 229.178590154157 566.011121343972
    vertex 4200.869916976565 229.17859015415675 576.0111213439721
  endloop
endfacet
facet normal -0.5320320765151998 -0.8467241992283703 -2.5581895385386695e-14
  outer loop
    vertex 4200.447191366242 229.32650824271582 566.011121343972
    vertex 4200.067979240761 229.5647830135843 576.0111213439721
    vertex 4200.067979240761 229.56478301358456 566.0111213439721
  endloop
endfacet
facet normal -0.5320320765151998 -0.8467241992283703 -2.5581895385386695e-14
  outer loop
    vertex 4200.067979240761 229.5647830135843 576.0111213439721
    vertex 4200.447191366242 229.32650824271582 566.011121343972
    vertex 4200.447191366242 229.32650824271553 576.0111213439721
  endloop
endfacet
facet normal -0.7071067811864469 -0.7071067811866483 -2.1363098605904647e-14
  outer loop
    vertex 4200.067979240761 229.56478301358456 566.0111213439721
    vertex 4199.751295879541 229.88146637480287 576.0111213439721
    vertex 4199.751295879541 229.88146637480313 566.0111213439721
  endloop
endfacet
facet normal -0.7071067811864469 -0.7071067811866483 -2.1363098605904647e-14
  outer loop
    vertex 4199.751295879541 229.88146637480287 576.0111213439721
    vertex 4200.067979240761 229.56478301358456 566.0111213439721
    vertex 4200.067979240761 229.5647830135843 576.0111213439721
  endloop
endfacet
facet normal -0.8467241992283132 -0.5320320765152906 -1.6073744467598623e-14
  outer loop
    vertex 4199.751295879541 229.88146637480287 576.0111213439721
    vertex 4199.5130211086735 230.2606785002855 566.0111213439721
    vertex 4199.751295879541 229.88146637480313 566.0111213439721
  endloop
endfacet
facet normal -0.8467241992283132 -0.5320320765152906 -1.6073744467598623e-14
  outer loop
    vertex 4199.5130211086735 230.2606785002855 566.0111213439721
    vertex 4199.751295879541 229.88146637480287 576.0111213439721
    vertex 4199.5130211086735 230.26067850028522 576.0111213439721
  endloop
endfacet
facet normal -0.943883330308442 -0.330279061954955 -9.978385663574825e-15
  outer loop
    vertex 4199.5130211086735 230.26067850028522 576.0111213439721
    vertex 4199.3651030201145 230.683404110608 566.0111213439721
    vertex 4199.5130211086735 230.2606785002855 566.0111213439721
  endloop
endfacet
facet normal -0.943883330308442 -0.330279061954955 -9.978385663574825e-15
  outer loop
    vertex 4199.3651030201145 230.683404110608 566.0111213439721
    vertex 4199.5130211086735 230.26067850028522 576.0111213439721
    vertex 4199.3651030201145 230.6834041106077 576.0111213439721
  endloop
endfacet
facet normal -0.9937122098932334 -0.11196447610339078 -3.382512301592178e-15
  outer loop
    vertex 4199.3651030201145 230.6834041106077 576.0111213439721
    vertex 4199.314958844478 231.12844597852063 566.0111213439721
    vertex 4199.3651030201145 230.683404110608 566.0111213439721
  endloop
endfacet
facet normal -0.9937122098932334 -0.11196447610339078 -3.382512301592178e-15
  outer loop
    vertex 4199.314958844478 231.12844597852063 566.0111213439721
    vertex 4199.3651030201145 230.6834041106077 576.0111213439721
    vertex 4199.314958844478 231.12844597852035 576.0111213439721
  endloop
endfacet
facet normal 1.6365200436064778e-15 -1.0 8.709082837613126e-16
  outer loop
    vertex 4244.314958844478 171.98844597852028 560.0111213439725
    vertex 4199.314958844478 171.98844597852022 566.0111213439727
    vertex 4199.314958844478 171.9884459785202 560.011121343973
  endloop
endfacet
facet normal 1.6365200436064778e-15 -1.0 8.709082837613126e-16
  outer loop
    vertex 4199.314958844478 171.98844597852022 566.0111213439727
    vertex 4244.314958844478 171.98844597852028 560.0111213439725
    vertex 4244.314958844478 171.9884459785203 566.0111213439725
  endloop
endfacet
facet normal 0.9914448613738346 0.1305261922198682 -7.680398747714772e-16
  outer loop
    vertex 4230.3149588444785 176.98844597852022 563.0111213439725
    vertex 4230.366070105044 176.60021741086643 560.0111213439723
    vertex 4230.3149588444785 176.98844597852022 560.0111213439723
  endloop
endfacet
facet normal 0.9914448613738346 0.1305261922198682 -7.680398747714772e-16
  outer loop
    vertex 4230.366070105044 176.60021741086643 560.0111213439723
    vertex 4230.3149588444785 176.98844597852022 563.0111213439725
    vertex 4230.366070105044 176.60021741086643 563.0111213439725
  endloop
endfacet
facet normal 0.9914448613738346 -0.1305261922198682 7.680398747714772e-16
  outer loop
    vertex 4230.366070105044 177.37667454617403 563.0111213439725
    vertex 4230.3149588444785 176.98844597852022 560.0111213439723
    vertex 4230.366070105044 177.37667454617403 560.0111213439723
  endloop
endfacet
facet normal 0.9914448613738346 -0.1305261922198682 7.680398747714772e-16
  outer loop
    vertex 4230.3149588444785 176.98844597852022 560.0111213439723
    vertex 4230.366070105044 177.37667454617403 563.0111213439725
    vertex 4230.3149588444785 176.98844597852022 563.0111213439725
  endloop
endfacet
facet normal 0.9238795325112964 -0.38268343236506636 2.2517789760976868e-15
  outer loop
    vertex 4230.5159207388015 177.73844597852025 563.0111213439725
    vertex 4230.366070105044 177.37667454617403 560.0111213439723
    vertex 4230.5159207388015 177.73844597852025 560.0111213439723
  endloop
endfacet
facet normal 0.9238795325112964 -0.38268343236506636 2.2517789760976868e-15
  outer loop
    vertex 4230.366070105044 177.37667454617403 560.0111213439723
    vertex 4230.5159207388015 177.73844597852025 563.0111213439725
    vertex 4230.366070105044 177.37667454617403 563.0111213439725
  endloop
endfacet
facet normal 0.7933533402910526 -0.6087614290089584 3.582063061444129e-15
  outer loop
    vertex 4230.754298672698 178.04910615030002 563.0111213439725
    vertex 4230.5159207388015 177.73844597852025 560.0111213439723
    vertex 4230.754298672698 178.04910615030002 560.0111213439723
  endloop
endfacet
facet normal 0.7933533402910526 -0.6087614290089584 3.582063061444129e-15
  outer loop
    vertex 4230.5159207388015 177.73844597852025 560.0111213439723
    vertex 4230.754298672698 178.04910615030002 563.0111213439725
    vertex 4230.5159207388015 177.73844597852025 563.0111213439725
  endloop
endfacet
facet normal 0.6087614290088134 -0.793353340291164 4.668235468788994e-15
  outer loop
    vertex 4231.064958844478 178.2874840841969 560.0111213439723
    vertex 4230.754298672698 178.04910615030002 563.0111213439725
    vertex 4230.754298672698 178.04910615030002 560.0111213439723
  endloop
endfacet
facet normal 0.6087614290088134 -0.793353340291164 4.668235468788994e-15
  outer loop
    vertex 4230.754298672698 178.04910615030002 563.0111213439725
    vertex 4231.064958844478 178.2874840841969 560.0111213439723
    vertex 4231.064958844478 178.2874840841969 563.0111213439725
  endloop
endfacet
facet normal 0.382683432364985 -0.9238795325113303 5.436275343562225e-15
  outer loop
    vertex 4231.426730276824 178.43733471795383 560.0111213439723
    vertex 4231.064958844478 178.2874840841969 563.0111213439725
    vertex 4231.064958844478 178.2874840841969 560.0111213439723
  endloop
endfacet
facet normal 0.382683432364985 -0.9238795325113303 5.436275343562225e-15
  outer loop
    vertex 4231.064958844478 178.2874840841969 563.0111213439725
    vertex 4231.426730276824 178.43733471795383 560.0111213439723
    vertex 4231.426730276824 178.43733471795383 563.0111213439725
  endloop
endfacet
facet normal 0.13052619222012454 -0.991444861373801 5.833842037540499e-15
  outer loop
    vertex 4231.814958844478 178.48844597852025 560.0111213439723
    vertex 4231.426730276824 178.43733471795383 563.0111213439725
    vertex 4231.426730276824 178.43733471795383 560.0111213439723
  endloop
endfacet
facet normal 0.13052619222012454 -0.991444861373801 5.833842037540499e-15
  outer loop
    vertex 4231.426730276824 178.43733471795383 563.0111213439725
    vertex 4231.814958844478 178.48844597852025 560.0111213439723
    vertex 4231.814958844478 178.48844597852025 563.0111213439725
  endloop
endfacet
facet normal -0.13052619222012454 -0.991444861373801 5.833842037540499e-15
  outer loop
    vertex 4232.203187412132 178.43733471795383 560.0111213439723
    vertex 4231.814958844478 178.48844597852025 563.0111213439725
    vertex 4231.814958844478 178.48844597852025 560.0111213439723
  endloop
endfacet
facet normal -0.13052619222012454 -0.991444861373801 5.833842037540499e-15
  outer loop
    vertex 4231.814958844478 178.48844597852025 563.0111213439725
    vertex 4232.203187412132 178.43733471795383 560.0111213439723
    vertex 4232.203187412132 178.43733471795383 563.0111213439725
  endloop
endfacet
facet normal -0.382683432364985 -0.9238795325113303 5.436275343562225e-15
  outer loop
    vertex 4232.564958844478 178.2874840841969 560.0111213439723
    vertex 4232.203187412132 178.43733471795383 563.0111213439725
    vertex 4232.203187412132 178.43733471795383 560.0111213439723
  endloop
endfacet
facet normal -0.382683432364985 -0.9238795325113303 5.436275343562225e-15
  outer loop
    vertex 4232.203187412132 178.43733471795383 563.0111213439725
    vertex 4232.564958844478 178.2874840841969 560.0111213439723
    vertex 4232.564958844478 178.2874840841969 563.0111213439725
  endloop
endfacet
facet normal -0.6087614290088134 -0.793353340291164 4.668235468788994e-15
  outer loop
    vertex 4232.875619016258 178.04910615030002 560.0111213439723
    vertex 4232.564958844478 178.2874840841969 563.0111213439725
    vertex 4232.564958844478 178.2874840841969 560.0111213439723
  endloop
endfacet
facet normal -0.6087614290088134 -0.793353340291164 4.668235468788994e-15
  outer loop
    vertex 4232.564958844478 178.2874840841969 563.0111213439725
    vertex 4232.875619016258 178.04910615030002 560.0111213439723
    vertex 4232.875619016258 178.04910615030002 563.0111213439725
  endloop
endfacet
facet normal -0.7933533402910526 -0.6087614290089584 3.582063061444129e-15
  outer loop
    vertex 4233.113996950155 177.73844597852025 563.0111213439725
    vertex 4232.875619016258 178.04910615030002 560.0111213439723
    vertex 4233.113996950155 177.73844597852025 560.0111213439723
  endloop
endfacet
facet normal -0.7933533402910526 -0.6087614290089584 3.582063061444129e-15
  outer loop
    vertex 4232.875619016258 178.04910615030002 560.0111213439723
    vertex 4233.113996950155 177.73844597852025 563.0111213439725
    vertex 4232.875619016258 178.04910615030002 563.0111213439725
  endloop
endfacet
facet normal -0.9238795325112964 -0.38268343236506636 2.2517789760976868e-15
  outer loop
    vertex 4233.263847583911 177.37667454617403 563.0111213439725
    vertex 4233.113996950155 177.73844597852025 560.0111213439723
    vertex 4233.263847583911 177.37667454617403 560.0111213439723
  endloop
endfacet
facet normal -0.9238795325112964 -0.38268343236506636 2.2517789760976868e-15
  outer loop
    vertex 4233.113996950155 177.73844597852025 560.0111213439723
    vertex 4233.263847583911 177.37667454617403 563.0111213439725
    vertex 4233.113996950155 177.73844597852025 563.0111213439725
  endloop
endfacet
facet normal -0.9914448613738346 -0.1305261922198682 7.680398747714772e-16
  outer loop
    vertex 4233.3149588444785 176.98844597852022 563.0111213439725
    vertex 4233.263847583911 177.37667454617403 560.0111213439723
    vertex 4233.3149588444785 176.98844597852022 560.0111213439723
  endloop
endfacet
facet normal -0.9914448613738346 -0.1305261922198682 7.680398747714772e-16
  outer loop
    vertex 4233.263847583911 177.37667454617403 560.0111213439723
    vertex 4233.3149588444785 176.98844597852022 563.0111213439725
    vertex 4233.263847583911 177.37667454617403 563.0111213439725
  endloop
endfacet
facet normal -0.9914448613738346 0.1305261922198682 -7.680398747714772e-16
  outer loop
    vertex 4233.263847583911 176.60021741086643 563.0111213439725
    vertex 4233.3149588444785 176.98844597852022 560.0111213439723
    vertex 4233.263847583911 176.60021741086643 560.0111213439723
  endloop
endfacet
facet normal -0.9914448613738346 0.1305261922198682 -7.680398747714772e-16
  outer loop
    vertex 4233.3149588444785 176.98844597852022 560.0111213439723
    vertex 4233.263847583911 176.60021741086643 563.0111213439725
    vertex 4233.3149588444785 176.98844597852022 563.0111213439725
  endloop
endfacet
facet normal -0.9238795325112964 0.38268343236506636 -2.2517789760976868e-15
  outer loop
    vertex 4233.113996950155 176.23844597852022 563.0111213439725
    vertex 4233.263847583911 176.60021741086643 560.0111213439723
    vertex 4233.113996950155 176.23844597852022 560.0111213439723
  endloop
endfacet
facet normal -0.9238795325112964 0.38268343236506636 -2.2517789760976868e-15
  outer loop
    vertex 4233.263847583911 176.60021741086643 560.0111213439723
    vertex 4233.113996950155 176.23844597852022 563.0111213439725
    vertex 4233.263847583911 176.60021741086643 563.0111213439725
  endloop
endfacet
facet normal -0.7933533402910526 0.6087614290089584 -3.582063061444129e-15
  outer loop
    vertex 4232.875619016258 175.92778580674042 563.0111213439725
    vertex 4233.113996950155 176.23844597852022 560.0111213439723
    vertex 4232.875619016258 175.92778580674042 560.0111213439723
  endloop
endfacet
facet normal -0.7933533402910526 0.6087614290089584 -3.582063061444129e-15
  outer loop
    vertex 4233.113996950155 176.23844597852022 560.0111213439723
    vertex 4232.875619016258 175.92778580674042 563.0111213439725
    vertex 4233.113996950155 176.23844597852022 563.0111213439725
  endloop
endfacet
facet normal -0.6087614290088134 0.793353340291164 -4.668235468788994e-15
  outer loop
    vertex 4232.875619016258 175.92778580674042 563.0111213439725
    vertex 4232.564958844478 175.68940787284356 560.0111213439723
    vertex 4232.564958844478 175.68940787284356 563.0111213439725
  endloop
endfacet
facet normal -0.6087614290088134 0.793353340291164 -4.668235468788994e-15
  outer loop
    vertex 4232.564958844478 175.68940787284356 560.0111213439723
    vertex 4232.875619016258 175.92778580674042 563.0111213439725
    vertex 4232.875619016258 175.92778580674042 560.0111213439723
  endloop
endfacet
facet normal -0.382683432364985 0.9238795325113303 -5.436275343562225e-15
  outer loop
    vertex 4232.564958844478 175.68940787284356 563.0111213439725
    vertex 4232.203187412132 175.53955723908663 560.0111213439723
    vertex 4232.203187412132 175.53955723908663 563.0111213439725
  endloop
endfacet
facet normal -0.382683432364985 0.9238795325113303 -5.436275343562225e-15
  outer loop
    vertex 4232.203187412132 175.53955723908663 560.0111213439723
    vertex 4232.564958844478 175.68940787284356 563.0111213439725
    vertex 4232.564958844478 175.68940787284356 560.0111213439723
  endloop
endfacet
facet normal -0.13052619222012454 0.991444861373801 -5.833842037540499e-15
  outer loop
    vertex 4232.203187412132 175.53955723908663 563.0111213439725
    vertex 4231.814958844478 175.48844597852022 560.0111213439723
    vertex 4231.814958844478 175.48844597852022 563.0111213439725
  endloop
endfacet
facet normal -0.13052619222012454 0.991444861373801 -5.833842037540499e-15
  outer loop
    vertex 4231.814958844478 175.48844597852022 560.0111213439723
    vertex 4232.203187412132 175.53955723908663 563.0111213439725
    vertex 4232.203187412132 175.53955723908663 560.0111213439723
  endloop
endfacet
facet normal 0.13052619222012454 0.991444861373801 -5.833842037540499e-15
  outer loop
    vertex 4231.814958844478 175.48844597852022 563.0111213439725
    vertex 4231.426730276824 175.53955723908663 560.0111213439723
    vertex 4231.426730276824 175.53955723908663 563.0111213439725
  endloop
endfacet
facet normal 0.13052619222012454 0.991444861373801 -5.833842037540499e-15
  outer loop
    vertex 4231.426730276824 175.53955723908663 560.0111213439723
    vertex 4231.814958844478 175.48844597852022 563.0111213439725
    vertex 4231.814958844478 175.48844597852022 560.0111213439723
  endloop
endfacet
facet normal 0.382683432364985 0.9238795325113303 -5.436275343562225e-15
  outer loop
    vertex 4231.426730276824 175.53955723908663 563.0111213439725
    vertex 4231.064958844478 175.68940787284356 560.0111213439723
    vertex 4231.064958844478 175.68940787284356 563.0111213439725
  endloop
endfacet
facet normal 0.382683432364985 0.9238795325113303 -5.436275343562225e-15
  outer loop
    vertex 4231.064958844478 175.68940787284356 560.0111213439723
    vertex 4231.426730276824 175.53955723908663 563.0111213439725
    vertex 4231.426730276824 175.53955723908663 560.0111213439723
  endloop
endfacet
facet normal 0.6087614290088134 0.793353340291164 -4.668235468788994e-15
  outer loop
    vertex 4231.064958844478 175.68940787284356 563.0111213439725
    vertex 4230.754298672698 175.92778580674042 560.0111213439723
    vertex 4230.754298672698 175.92778580674042 563.0111213439725
  endloop
endfacet
facet normal 0.6087614290088134 0.793353340291164 -4.668235468788994e-15
  outer loop
    vertex 4230.754298672698 175.92778580674042 560.0111213439723
    vertex 4231.064958844478 175.68940787284356 563.0111213439725
    vertex 4231.064958844478 175.68940787284356 560.0111213439723
  endloop
endfacet
facet normal 0.7933533402910526 0.6087614290089584 -3.582063061444129e-15
  outer loop
    vertex 4230.5159207388015 176.23844597852022 563.0111213439725
    vertex 4230.754298672698 175.92778580674042 560.0111213439723
    vertex 4230.5159207388015 176.23844597852022 560.0111213439723
  endloop
endfacet
facet normal 0.7933533402910526 0.6087614290089584 -3.582063061444129e-15
  outer loop
    vertex 4230.754298672698 175.92778580674042 560.0111213439723
    vertex 4230.5159207388015 176.23844597852022 563.0111213439725
    vertex 4230.754298672698 175.92778580674042 563.0111213439725
  endloop
endfacet
facet normal 0.9238795325112964 0.38268343236506636 -2.2517789760976868e-15
  outer loop
    vertex 4230.366070105044 176.60021741086643 563.0111213439725
    vertex 4230.5159207388015 176.23844597852022 560.0111213439723
    vertex 4230.366070105044 176.60021741086643 560.0111213439723
  endloop
endfacet
facet normal 0.9238795325112964 0.38268343236506636 -2.2517789760976868e-15
  outer loop
    vertex 4230.5159207388015 176.23844597852022 560.0111213439723
    vertex 4230.366070105044 176.60021741086643 563.0111213439725
    vertex 4230.5159207388015 176.23844597852022 563.0111213439725
  endloop
endfacet
facet normal -0.9238795325112964 0.38268343236506636 9.50827700535815e-15
  outer loop
    vertex 4213.1139969501555 176.23844597852022 563.0111213439726
    vertex 4213.263847583912 176.60021741086643 560.0111213439725
    vertex 4213.113996950155 176.23844597852022 560.0111213439725
  endloop
endfacet
facet normal -0.9238795325112964 0.38268343236506636 9.50827700535815e-15
  outer loop
    vertex 4213.263847583912 176.60021741086643 560.0111213439725
    vertex 4213.1139969501555 176.23844597852022 563.0111213439726
    vertex 4213.263847583912 176.60021741086643 563.0111213439726
  endloop
endfacet
facet normal -0.7933533402910526 0.6087614290089584 4.733552270172127e-15
  outer loop
    vertex 4212.875619016258 175.92778580674042 563.0111213439726
    vertex 4213.113996950155 176.23844597852022 560.0111213439725
    vertex 4212.875619016258 175.92778580674042 560.0111213439725
  endloop
endfacet
facet normal -0.7933533402910526 0.6087614290089584 4.733552270172127e-15
  outer loop
    vertex 4213.113996950155 176.23844597852022 560.0111213439725
    vertex 4212.875619016258 175.92778580674042 563.0111213439726
    vertex 4213.1139969501555 176.23844597852022 563.0111213439726
  endloop
endfacet
facet normal -0.6087614290088134 0.793353340291164 -3.6375622964735877e-16
  outer loop
    vertex 4212.564958844478 175.68940787284356 563.0111213439726
    vertex 4212.875619016258 175.92778580674042 560.0111213439725
    vertex 4212.564958844478 175.68940787284356 560.0111213439725
  endloop
endfacet
facet normal -0.6087614290088134 0.793353340291164 -3.6375622964735877e-16
  outer loop
    vertex 4212.875619016258 175.92778580674042 560.0111213439725
    vertex 4212.564958844478 175.68940787284356 563.0111213439726
    vertex 4212.875619016258 175.92778580674042 563.0111213439726
  endloop
endfacet
facet normal -0.382683432364985 0.9238795325113303 -5.436275343564266e-15
  outer loop
    vertex 4212.203187412132 175.53955723908663 563.0111213439726
    vertex 4212.564958844478 175.68940787284356 560.0111213439725
    vertex 4212.203187412132 175.53955723908663 560.0111213439725
  endloop
endfacet
facet normal -0.382683432364985 0.9238795325113303 -5.436275343564266e-15
  outer loop
    vertex 4212.564958844478 175.68940787284356 560.0111213439725
    vertex 4212.203187412132 175.53955723908663 563.0111213439726
    vertex 4212.564958844478 175.68940787284356 563.0111213439726
  endloop
endfacet
facet normal -0.13052619222012454 0.991444861373801 -1.013832127667937e-14
  outer loop
    vertex 4211.8149588444785 175.48844597852022 563.0111213439726
    vertex 4212.203187412132 175.53955723908663 560.0111213439725
    vertex 4211.8149588444785 175.48844597852022 560.0111213439725
  endloop
endfacet
facet normal -0.13052619222012454 0.991444861373801 -1.013832127667937e-14
  outer loop
    vertex 4212.203187412132 175.53955723908663 560.0111213439725
    vertex 4211.8149588444785 175.48844597852022 563.0111213439726
    vertex 4212.203187412132 175.53955723908663 563.0111213439726
  endloop
endfacet
facet normal 0.13052619222012454 0.991444861373801 -1.4149457369162398e-14
  outer loop
    vertex 4211.426730276824 175.53955723908663 563.0111213439726
    vertex 4211.8149588444785 175.48844597852022 560.0111213439725
    vertex 4211.426730276824 175.53955723908663 560.0111213439725
  endloop
endfacet
facet normal 0.13052619222012454 0.991444861373801 -1.4149457369162398e-14
  outer loop
    vertex 4211.8149588444785 175.48844597852022 560.0111213439725
    vertex 4211.426730276824 175.53955723908663 563.0111213439726
    vertex 4211.8149588444785 175.48844597852022 563.0111213439726
  endloop
endfacet
facet normal 0.382683432364985 0.9238795325113303 -1.7196331325016644e-14
  outer loop
    vertex 4211.0649588444785 175.68940787284356 563.0111213439726
    vertex 4211.426730276824 175.53955723908663 560.0111213439725
    vertex 4211.0649588444785 175.68940787284356 560.0111213439725
  endloop
endfacet
facet normal 0.382683432364985 0.9238795325113303 -1.7196331325016644e-14
  outer loop
    vertex 4211.426730276824 175.53955723908663 560.0111213439725
    vertex 4211.0649588444785 175.68940787284356 563.0111213439726
    vertex 4211.426730276824 175.53955723908663 563.0111213439726
  endloop
endfacet
facet normal 0.6087614290088134 0.793353340291164 -1.9071303719355822e-14
  outer loop
    vertex 4210.7542986726985 175.92778580674042 563.0111213439726
    vertex 4211.0649588444785 175.68940787284356 560.0111213439725
    vertex 4210.7542986726985 175.92778580674042 560.0111213439725
  endloop
endfacet
facet normal 0.6087614290088134 0.793353340291164 -1.9071303719355822e-14
  outer loop
    vertex 4211.0649588444785 175.68940787284356 560.0111213439725
    vertex 4210.7542986726985 175.92778580674042 563.0111213439726
    vertex 4211.0649588444785 175.68940787284356 563.0111213439726
  endloop
endfacet
facet normal 0.7933533402910526 0.6087614290089584 -1.964659828203843e-14
  outer loop
    vertex 4210.5159207388015 176.23844597852022 563.0111213439726
    vertex 4210.7542986726985 175.92778580674042 560.0111213439725
    vertex 4210.5159207388015 176.23844597852022 560.0111213439725
  endloop
endfacet
facet normal 0.7933533402910526 0.6087614290089584 -1.964659828203843e-14
  outer loop
    vertex 4210.7542986726985 175.92778580674042 560.0111213439725
    vertex 4210.5159207388015 176.23844597852022 563.0111213439726
    vertex 4210.7542986726985 175.92778580674042 563.0111213439726
  endloop
endfacet
facet normal 0.9238795325112964 0.38268343236506636 -1.8883009639339097e-14
  outer loop
    vertex 4210.366070105044 176.60021741086643 563.0111213439726
    vertex 4210.5159207388015 176.23844597852022 560.0111213439725
    vertex 4210.366070105044 176.60021741086643 560.0111213439725
  endloop
endfacet
facet normal 0.9238795325112964 0.38268343236506636 -1.8883009639339097e-14
  outer loop
    vertex 4210.5159207388015 176.23844597852022 560.0111213439725
    vertex 4210.366070105044 176.60021741086643 563.0111213439726
    vertex 4210.5159207388015 176.23844597852022 563.0111213439726
  endloop
endfacet
facet normal 0.9914448613738346 0.1305261922198682 -1.6832575095366193e-14
  outer loop
    vertex 4210.3149588444785 176.98844597852022 563.0111213439726
    vertex 4210.366070105044 176.60021741086643 560.0111213439725
    vertex 4210.3149588444785 176.98844597852022 560.0111213439725
  endloop
endfacet
facet normal 0.9914448613738346 0.1305261922198682 -1.6832575095366193e-14
  outer loop
    vertex 4210.366070105044 176.60021741086643 560.0111213439725
    vertex 4210.3149588444785 176.98844597852022 563.0111213439726
    vertex 4210.366070105044 176.60021741086643 563.0111213439726
  endloop
endfacet
facet normal 0.9914448613738346 -0.1305261922198682 -1.3635028375795769e-14
  outer loop
    vertex 4210.366070105044 177.37667454617403 563.0111213439726
    vertex 4210.3149588444785 176.98844597852022 560.0111213439725
    vertex 4210.366070105044 177.37667454617403 560.0111213439725
  endloop
endfacet
facet normal 0.9914448613738346 -0.1305261922198682 -1.3635028375795769e-14
  outer loop
    vertex 4210.3149588444785 176.98844597852022 560.0111213439725
    vertex 4210.366070105044 177.37667454617403 563.0111213439726
    vertex 4210.3149588444785 176.98844597852022 563.0111213439726
  endloop
endfacet
facet normal 0.9238795325112964 -0.38268343236506636 -9.50827700535815e-15
  outer loop
    vertex 4210.5159207388015 177.73844597852025 563.0111213439726
    vertex 4210.366070105044 177.37667454617403 560.0111213439725
    vertex 4210.5159207388015 177.73844597852025 560.0111213439725
  endloop
endfacet
facet normal 0.9238795325112964 -0.38268343236506636 -9.50827700535815e-15
  outer loop
    vertex 4210.366070105044 177.37667454617403 560.0111213439725
    vertex 4210.5159207388015 177.73844597852025 563.0111213439726
    vertex 4210.366070105044 177.37667454617403 563.0111213439726
  endloop
endfacet
facet normal 0.7933533402910526 -0.6087614290089584 -4.733552270172127e-15
  outer loop
    vertex 4210.7542986726985 178.04910615030002 563.0111213439726
    vertex 4210.5159207388015 177.73844597852025 560.0111213439725
    vertex 4210.7542986726985 178.04910615030002 560.0111213439725
  endloop
endfacet
facet normal 0.7933533402910526 -0.6087614290089584 -4.733552270172127e-15
  outer loop
    vertex 4210.5159207388015 177.73844597852025 560.0111213439725
    vertex 4210.7542986726985 178.04910615030002 563.0111213439726
    vertex 4210.5159207388015 177.73844597852025 563.0111213439726
  endloop
endfacet
facet normal 0.6087614290088134 -0.793353340291164 3.6375622964735877e-16
  outer loop
    vertex 4211.0649588444785 178.2874840841969 560.0111213439725
    vertex 4210.7542986726985 178.04910615030002 563.0111213439726
    vertex 4210.7542986726985 178.04910615030002 560.0111213439725
  endloop
endfacet
facet normal 0.6087614290088134 -0.793353340291164 3.6375622964735877e-16
  outer loop
    vertex 4210.7542986726985 178.04910615030002 563.0111213439726
    vertex 4211.0649588444785 178.2874840841969 560.0111213439725
    vertex 4211.0649588444785 178.2874840841969 563.0111213439726
  endloop
endfacet
facet normal 0.382683432364985 -0.9238795325113303 5.436275343564266e-15
  outer loop
    vertex 4211.426730276824 178.43733471795383 560.0111213439725
    vertex 4211.0649588444785 178.2874840841969 563.0111213439726
    vertex 4211.0649588444785 178.2874840841969 560.0111213439725
  endloop
endfacet
facet normal 0.382683432364985 -0.9238795325113303 5.436275343564266e-15
  outer loop
    vertex 4211.0649588444785 178.2874840841969 563.0111213439726
    vertex 4211.426730276824 178.43733471795383 560.0111213439725
    vertex 4211.426730276824 178.43733471795383 563.0111213439726
  endloop
endfacet
facet normal 0.13052619222012454 -0.991444861373801 1.013832127667937e-14
  outer loop
    vertex 4211.8149588444785 178.48844597852025 560.0111213439725
    vertex 4211.426730276824 178.43733471795383 563.0111213439726
    vertex 4211.426730276824 178.43733471795383 560.0111213439725
  endloop
endfacet
facet normal 0.13052619222012454 -0.991444861373801 1.013832127667937e-14
  outer loop
    vertex 4211.426730276824 178.43733471795383 563.0111213439726
    vertex 4211.8149588444785 178.48844597852025 560.0111213439725
    vertex 4211.8149588444785 178.48844597852025 563.0111213439726
  endloop
endfacet
facet normal -0.13052619222012454 -0.991444861373801 1.4149457369162398e-14
  outer loop
    vertex 4212.203187412132 178.43733471795383 560.0111213439725
    vertex 4211.8149588444785 178.48844597852025 563.0111213439726
    vertex 4211.8149588444785 178.48844597852025 560.0111213439725
  endloop
endfacet
facet normal -0.13052619222012454 -0.991444861373801 1.4149457369162398e-14
  outer loop
    vertex 4211.8149588444785 178.48844597852025 563.0111213439726
    vertex 4212.203187412132 178.43733471795383 560.0111213439725
    vertex 4212.203187412132 178.43733471795383 563.0111213439726
  endloop
endfacet
facet normal -0.382683432364985 -0.9238795325113303 1.7196331325016644e-14
  outer loop
    vertex 4212.564958844478 178.2874840841969 560.0111213439725
    vertex 4212.203187412132 178.43733471795383 563.0111213439726
    vertex 4212.203187412132 178.43733471795383 560.0111213439725
  endloop
endfacet
facet normal -0.382683432364985 -0.9238795325113303 1.7196331325016644e-14
  outer loop
    vertex 4212.203187412132 178.43733471795383 563.0111213439726
    vertex 4212.564958844478 178.2874840841969 560.0111213439725
    vertex 4212.564958844478 178.2874840841969 563.0111213439726
  endloop
endfacet
facet normal -0.6087614290088134 -0.793353340291164 1.9071303719355822e-14
  outer loop
    vertex 4212.875619016258 178.04910615030002 560.0111213439725
    vertex 4212.564958844478 178.2874840841969 563.0111213439726
    vertex 4212.564958844478 178.2874840841969 560.0111213439725
  endloop
endfacet
facet normal -0.6087614290088134 -0.793353340291164 1.9071303719355822e-14
  outer loop
    vertex 4212.564958844478 178.2874840841969 563.0111213439726
    vertex 4212.875619016258 178.04910615030002 560.0111213439725
    vertex 4212.875619016258 178.04910615030002 563.0111213439726
  endloop
endfacet
facet normal -0.7933533402910526 -0.6087614290089584 1.964659828203843e-14
  outer loop
    vertex 4213.1139969501555 177.73844597852025 563.0111213439726
    vertex 4212.875619016258 178.04910615030002 560.0111213439725
    vertex 4213.113996950155 177.73844597852025 560.0111213439725
  endloop
endfacet
facet normal -0.7933533402910526 -0.6087614290089584 1.964659828203843e-14
  outer loop
    vertex 4212.875619016258 178.04910615030002 560.0111213439725
    vertex 4213.1139969501555 177.73844597852025 563.0111213439726
    vertex 4212.875619016258 178.04910615030002 563.0111213439726
  endloop
endfacet
facet normal -0.9238795325112964 -0.38268343236506636 1.8883009639339097e-14
  outer loop
    vertex 4213.263847583912 177.37667454617403 563.0111213439726
    vertex 4213.113996950155 177.73844597852025 560.0111213439725
    vertex 4213.263847583912 177.37667454617403 560.0111213439725
  endloop
endfacet
facet normal -0.9238795325112964 -0.38268343236506636 1.8883009639339097e-14
  outer loop
    vertex 4213.113996950155 177.73844597852025 560.0111213439725
    vertex 4213.263847583912 177.37667454617403 563.0111213439726
    vertex 4213.1139969501555 177.73844597852025 563.0111213439726
  endloop
endfacet
facet normal -0.9914448613738346 -0.1305261922198682 1.6832575095366193e-14
  outer loop
    vertex 4213.3149588444785 176.98844597852022 563.0111213439726
    vertex 4213.263847583912 177.37667454617403 560.0111213439725
    vertex 4213.314958844478 176.98844597852022 560.0111213439725
  endloop
endfacet
facet normal -0.9914448613738346 -0.1305261922198682 1.6832575095366193e-14
  outer loop
    vertex 4213.263847583912 177.37667454617403 560.0111213439725
    vertex 4213.3149588444785 176.98844597852022 563.0111213439726
    vertex 4213.263847583912 177.37667454617403 563.0111213439726
  endloop
endfacet
facet normal -0.9914448613738346 0.1305261922198682 1.3635028375795769e-14
  outer loop
    vertex 4213.263847583912 176.60021741086643 563.0111213439726
    vertex 4213.314958844478 176.98844597852022 560.0111213439725
    vertex 4213.263847583912 176.60021741086643 560.0111213439725
  endloop
endfacet
facet normal -0.9914448613738346 0.1305261922198682 1.3635028375795769e-14
  outer loop
    vertex 4213.314958844478 176.98844597852022 560.0111213439725
    vertex 4213.263847583912 176.60021741086643 563.0111213439726
    vertex 4213.3149588444785 176.98844597852022 563.0111213439726
  endloop
endfacet
facet normal 2.0142617732484367e-15 3.869920257264829e-15 1.0
  outer loop
    vertex 4229.014958844477 179.78844597852023 563.0111213439725
    vertex 4231.064958844478 178.2874840841969 563.0111213439725
    vertex 4234.614958844478 179.78844597852023 563.0111213439724
  endloop
endfacet
facet normal 2.0142617732484367e-15 3.869920257264829e-15 1.0
  outer loop
    vertex 4231.064958844478 178.2874840841969 563.0111213439725
    vertex 4229.014958844477 179.78844597852023 563.0111213439725
    vertex 4230.754298672698 178.04910615030002 563.0111213439725
  endloop
endfacet
facet normal 2.0142617732484367e-15 3.869920257264829e-15 1.0
  outer loop
    vertex 4230.754298672698 178.04910615030002 563.0111213439725
    vertex 4229.014958844477 179.78844597852023 563.0111213439725
    vertex 4230.5159207388015 177.73844597852025 563.0111213439725
  endloop
endfacet
facet normal 2.0142617732484367e-15 3.869920257264829e-15 1.0
  outer loop
    vertex 4230.5159207388015 177.73844597852025 563.0111213439725
    vertex 4229.014958844477 179.78844597852023 563.0111213439725
    vertex 4229.014958844477 174.18844597852024 563.0111213439725
  endloop
endfacet
facet normal 2.0142617732484367e-15 3.869920257264829e-15 1.0
  outer loop
    vertex 4234.614958844478 179.78844597852023 563.0111213439724
    vertex 4231.064958844478 178.2874840841969 563.0111213439725
    vertex 4231.426730276824 178.43733471795383 563.0111213439725
  endloop
endfacet
facet normal 2.0142617732484367e-15 3.869920257264829e-15 1.0
  outer loop
    vertex 4234.614958844478 179.78844597852023 563.0111213439724
    vertex 4231.426730276824 178.43733471795383 563.0111213439725
    vertex 4231.814958844478 178.48844597852025 563.0111213439725
  endloop
endfacet
facet normal 2.0142617732484367e-15 3.869920257264829e-15 1.0
  outer loop
    vertex 4230.5159207388015 177.73844597852025 563.0111213439725
    vertex 4229.014958844477 174.18844597852024 563.0111213439725
    vertex 4230.366070105044 177.37667454617403 563.0111213439725
  endloop
endfacet
facet normal 2.0142617732484367e-15 3.869920257264829e-15 1.0
  outer loop
    vertex 4230.366070105044 177.37667454617403 563.0111213439725
    vertex 4229.014958844477 174.18844597852024 563.0111213439725
    vertex 4230.3149588444785 176.98844597852022 563.0111213439725
  endloop
endfacet
facet normal 2.0142617732484367e-15 3.869920257264829e-15 1.0
  outer loop
    vertex 4230.3149588444785 176.98844597852022 563.0111213439725
    vertex 4229.014958844477 174.18844597852024 563.0111213439725
    vertex 4230.366070105044 176.60021741086643 563.0111213439725
  endloop
endfacet
facet normal 2.0142617732484367e-15 3.869920257264829e-15 1.0
  outer loop
    vertex 4230.366070105044 176.60021741086643 563.0111213439725
    vertex 4229.014958844477 174.18844597852024 563.0111213439725
    vertex 4230.5159207388015 176.23844597852022 563.0111213439725
  endloop
endfacet
facet normal 2.0142617732484367e-15 3.869920257264829e-15 1.0
  outer loop
    vertex 4230.5159207388015 176.23844597852022 563.0111213439725
    vertex 4229.014958844477 174.18844597852024 563.0111213439725
    vertex 4230.754298672698 175.92778580674042 563.0111213439725
  endloop
endfacet
facet normal 2.0142617732484367e-15 3.869920257264829e-15 1.0
  outer loop
    vertex 4230.754298672698 175.92778580674042 563.0111213439725
    vertex 4229.014958844477 174.18844597852024 563.0111213439725
    vertex 4231.064958844478 175.68940787284356 563.0111213439725
  endloop
endfacet
facet normal 2.0142617732484367e-15 3.869920257264829e-15 1.0
  outer loop
    vertex 4231.064958844478 175.68940787284356 563.0111213439725
    vertex 4229.014958844477 174.18844597852024 563.0111213439725
    vertex 4231.426730276824 175.53955723908663 563.0111213439725
  endloop
endfacet
facet normal 2.0142617732484367e-15 3.869920257264829e-15 1.0
  outer loop
    vertex 4231.426730276824 175.53955723908663 563.0111213439725
    vertex 4229.014958844477 174.18844597852024 563.0111213439725
    vertex 4231.814958844478 175.48844597852022 563.0111213439725
  endloop
endfacet
facet normal 2.0142617732484367e-15 3.869920257264829e-15 1.0
  outer loop
    vertex 4234.614958844478 179.78844597852023 563.0111213439724
    vertex 4233.113996950155 177.73844597852025 563.0111213439725
    vertex 4234.614958844478 174.18844597852024 563.0111213439725
  endloop
endfacet
facet normal 2.0142617732484367e-15 3.869920257264829e-15 1.0
  outer loop
    vertex 4233.113996950155 177.73844597852025 563.0111213439725
    vertex 4234.614958844478 179.78844597852023 563.0111213439724
    vertex 4232.875619016258 178.04910615030002 563.0111213439725
  endloop
endfacet
facet normal 2.0142617732484367e-15 3.869920257264829e-15 1.0
  outer loop
    vertex 4232.875619016258 178.04910615030002 563.0111213439725
    vertex 4234.614958844478 179.78844597852023 563.0111213439724
    vertex 4232.564958844478 178.2874840841969 563.0111213439725
  endloop
endfacet
facet normal 2.0142617732484367e-15 3.869920257264829e-15 1.0
  outer loop
    vertex 4232.564958844478 178.2874840841969 563.0111213439725
    vertex 4234.614958844478 179.78844597852023 563.0111213439724
    vertex 4232.203187412132 178.43733471795383 563.0111213439725
  endloop
endfacet
facet normal 2.0142617732484367e-15 3.869920257264829e-15 1.0
  outer loop
    vertex 4232.203187412132 178.43733471795383 563.0111213439725
    vertex 4234.614958844478 179.78844597852023 563.0111213439724
    vertex 4231.814958844478 178.48844597852025 563.0111213439725
  endloop
endfacet
facet normal 2.0142617732484367e-15 3.869920257264829e-15 1.0
  outer loop
    vertex 4234.614958844478 174.18844597852024 563.0111213439725
    vertex 4233.113996950155 177.73844597852025 563.0111213439725
    vertex 4233.263847583911 177.37667454617403 563.0111213439725
  endloop
endfacet
facet normal 2.0142617732484367e-15 3.869920257264829e-15 1.0
  outer loop
    vertex 4234.614958844478 174.18844597852024 563.0111213439725
    vertex 4233.263847583911 177.37667454617403 563.0111213439725
    vertex 4233.3149588444785 176.98844597852022 563.0111213439725
  endloop
endfacet
facet normal 2.0142617732484367e-15 3.869920257264829e-15 1.0
  outer loop
    vertex 4234.614958844478 174.18844597852024 563.0111213439725
    vertex 4233.3149588444785 176.98844597852022 563.0111213439725
    vertex 4233.263847583911 176.60021741086643 563.0111213439725
  endloop
endfacet
facet normal 2.0142617732484367e-15 3.869920257264829e-15 1.0
  outer loop
    vertex 4234.614958844478 174.18844597852024 563.0111213439725
    vertex 4233.263847583911 176.60021741086643 563.0111213439725
    vertex 4233.113996950155 176.23844597852022 563.0111213439725
  endloop
endfacet
facet normal 2.0142617732484367e-15 3.869920257264829e-15 1.0
  outer loop
    vertex 4234.614958844478 174.18844597852024 563.0111213439725
    vertex 4233.113996950155 176.23844597852022 563.0111213439725
    vertex 4232.875619016258 175.92778580674042 563.0111213439725
  endloop
endfacet
facet normal 2.0142617732484367e-15 3.869920257264829e-15 1.0
  outer loop
    vertex 4234.614958844478 174.18844597852024 563.0111213439725
    vertex 4232.875619016258 175.92778580674042 563.0111213439725
    vertex 4232.564958844478 175.68940787284356 563.0111213439725
  endloop
endfacet
facet normal 2.0142617732484367e-15 3.869920257264829e-15 1.0
  outer loop
    vertex 4234.614958844478 174.18844597852024 563.0111213439725
    vertex 4232.564958844478 175.68940787284356 563.0111213439725
    vertex 4232.203187412132 175.53955723908663 563.0111213439725
  endloop
endfacet
facet normal 2.0142617732484367e-15 3.869920257264829e-15 1.0
  outer loop
    vertex 4234.614958844478 174.18844597852024 563.0111213439725
    vertex 4232.203187412132 175.53955723908663 563.0111213439725
    vertex 4231.814958844478 175.48844597852022 563.0111213439725
  endloop
endfacet
facet normal 2.0142617732484367e-15 3.869920257264829e-15 1.0
  outer loop
    vertex 4234.614958844478 174.18844597852024 563.0111213439725
    vertex 4231.814958844478 175.48844597852022 563.0111213439725
    vertex 4229.014958844477 174.18844597852024 563.0111213439725
  endloop
endfacet
facet normal -8.114500982340136e-30 -1.0 3.869920257264829e-15
  outer loop
    vertex 4234.614958844478 179.78844597852023 563.0111213439724
    vertex 4229.014958844477 179.78844597852026 566.0111213439725
    vertex 4229.014958844477 179.78844597852023 563.0111213439725
  endloop
endfacet
facet normal -8.114500982340136e-30 -1.0 3.869920257264829e-15
  outer loop
    vertex 4229.014958844477 179.78844597852026 566.0111213439725
    vertex 4234.614958844478 179.78844597852023 563.0111213439724
    vertex 4234.614958844478 179.78844597852026 566.0111213439725
  endloop
endfacet
facet normal 1.0 -3.737781948558231e-30 -2.0142617732484367e-15
  outer loop
    vertex 4229.014958844477 179.78844597852023 563.0111213439725
    vertex 4229.014958844477 174.18844597852026 566.0111213439725
    vertex 4229.014958844477 174.18844597852024 563.0111213439725
  endloop
endfacet
facet normal 1.0 -3.737781948558231e-30 -2.0142617732484367e-15
  outer loop
    vertex 4229.014958844477 174.18844597852026 566.0111213439725
    vertex 4229.014958844477 179.78844597852023 563.0111213439725
    vertex 4229.014958844477 179.78844597852026 566.0111213439725
  endloop
endfacet
facet normal 0.0 1.0 -3.869920257264829e-15
  outer loop
    vertex 4234.614958844478 174.18844597852026 566.0111213439725
    vertex 4229.014958844477 174.18844597852024 563.0111213439725
    vertex 4229.014958844477 174.18844597852026 566.0111213439725
  endloop
endfacet
facet normal 0.0 1.0 -3.869920257264829e-15
  outer loop
    vertex 4229.014958844477 174.18844597852024 563.0111213439725
    vertex 4234.614958844478 174.18844597852026 566.0111213439725
    vertex 4234.614958844478 174.18844597852024 563.0111213439725
  endloop
endfacet
facet normal -1.0 1.1852282930898367e-29 2.0142617732484367e-15
  outer loop
    vertex 4234.614958844478 174.18844597852026 566.0111213439725
    vertex 4234.614958844478 179.78844597852023 563.0111213439724
    vertex 4234.614958844478 174.18844597852024 563.0111213439725
  endloop
endfacet
facet normal -1.0 1.1852282930898367e-29 2.0142617732484367e-15
  outer loop
    vertex 4234.614958844478 179.78844597852023 563.0111213439724
    vertex 4234.614958844478 174.18844597852026 566.0111213439725
    vertex 4234.614958844478 179.78844597852026 566.0111213439725
  endloop
endfacet
facet normal 0.0 5.88418203051333e-15 1.0
  outer loop
    vertex 4209.014958844478 179.78844597852023 563.0111213439726
    vertex 4211.0649588444785 178.2874840841969 563.0111213439726
    vertex 4214.614958844478 179.78844597852023 563.0111213439726
  endloop
endfacet
facet normal 0.0 5.88418203051333e-15 1.0
  outer loop
    vertex 4211.0649588444785 178.2874840841969 563.0111213439726
    vertex 4209.014958844478 179.78844597852023 563.0111213439726
    vertex 4210.7542986726985 178.04910615030002 563.0111213439726
  endloop
endfacet
facet normal 0.0 5.88418203051333e-15 1.0
  outer loop
    vertex 4210.7542986726985 178.04910615030002 563.0111213439726
    vertex 4209.014958844478 179.78844597852023 563.0111213439726
    vertex 4210.5159207388015 177.73844597852025 563.0111213439726
  endloop
endfacet
facet normal 0.0 5.88418203051333e-15 1.0
  outer loop
    vertex 4210.5159207388015 177.73844597852025 563.0111213439726
    vertex 4209.014958844478 179.78844597852023 563.0111213439726
    vertex 4209.014958844478 174.18844597852024 563.0111213439726
  endloop
endfacet
facet normal 0.0 5.88418203051333e-15 1.0
  outer loop
    vertex 4214.614958844478 179.78844597852023 563.0111213439726
    vertex 4211.0649588444785 178.2874840841969 563.0111213439726
    vertex 4211.426730276824 178.43733471795383 563.0111213439726
  endloop
endfacet
facet normal 0.0 5.88418203051333e-15 1.0
  outer loop
    vertex 4214.614958844478 179.78844597852023 563.0111213439726
    vertex 4211.426730276824 178.43733471795383 563.0111213439726
    vertex 4211.8149588444785 178.48844597852025 563.0111213439726
  endloop
endfacet
facet normal 0.0 5.88418203051333e-15 1.0
  outer loop
    vertex 4210.5159207388015 177.73844597852025 563.0111213439726
    vertex 4209.014958844478 174.18844597852024 563.0111213439726
    vertex 4210.366070105044 177.37667454617403 563.0111213439726
  endloop
endfacet
facet normal 0.0 5.88418203051333e-15 1.0
  outer loop
    vertex 4210.366070105044 177.37667454617403 563.0111213439726
    vertex 4209.014958844478 174.18844597852024 563.0111213439726
    vertex 4210.3149588444785 176.98844597852022 563.0111213439726
  endloop
endfacet
facet normal 0.0 5.88418203051333e-15 1.0
  outer loop
    vertex 4210.3149588444785 176.98844597852022 563.0111213439726
    vertex 4209.014958844478 174.18844597852024 563.0111213439726
    vertex 4210.366070105044 176.60021741086643 563.0111213439726
  endloop
endfacet
facet normal 0.0 5.88418203051333e-15 1.0
  outer loop
    vertex 4210.366070105044 176.60021741086643 563.0111213439726
    vertex 4209.014958844478 174.18844597852024 563.0111213439726
    vertex 4210.5159207388015 176.23844597852022 563.0111213439726
  endloop
endfacet
facet normal 0.0 5.88418203051333e-15 1.0
  outer loop
    vertex 4210.5159207388015 176.23844597852022 563.0111213439726
    vertex 4209.014958844478 174.18844597852024 563.0111213439726
    vertex 4210.7542986726985 175.92778580674042 563.0111213439726
  endloop
endfacet
facet normal 0.0 5.88418203051333e-15 1.0
  outer loop
    vertex 4210.7542986726985 175.92778580674042 563.0111213439726
    vertex 4209.014958844478 174.18844597852024 563.0111213439726
    vertex 4211.0649588444785 175.68940787284356 563.0111213439726
  endloop
endfacet
facet normal 0.0 5.88418203051333e-15 1.0
  outer loop
    vertex 4211.0649588444785 175.68940787284356 563.0111213439726
    vertex 4209.014958844478 174.18844597852024 563.0111213439726
    vertex 4211.426730276824 175.53955723908663 563.0111213439726
  endloop
endfacet
facet normal 0.0 5.88418203051333e-15 1.0
  outer loop
    vertex 4211.426730276824 175.53955723908663 563.0111213439726
    vertex 4209.014958844478 174.18844597852024 563.0111213439726
    vertex 4211.8149588444785 175.48844597852022 563.0111213439726
  endloop
endfacet
facet normal 0.0 5.88418203051333e-15 1.0
  outer loop
    vertex 4214.614958844478 179.78844597852023 563.0111213439726
    vertex 4213.1139969501555 177.73844597852025 563.0111213439726
    vertex 4214.614958844478 174.18844597852024 563.0111213439726
  endloop
endfacet
facet normal 0.0 5.88418203051333e-15 1.0
  outer loop
    vertex 4213.1139969501555 177.73844597852025 563.0111213439726
    vertex 4214.614958844478 179.78844597852023 563.0111213439726
    vertex 4212.875619016258 178.04910615030002 563.0111213439726
  endloop
endfacet
facet normal 0.0 5.88418203051333e-15 1.0
  outer loop
    vertex 4212.875619016258 178.04910615030002 563.0111213439726
    vertex 4214.614958844478 179.78844597852023 563.0111213439726
    vertex 4212.564958844478 178.2874840841969 563.0111213439726
  endloop
endfacet
facet normal 0.0 5.88418203051333e-15 1.0
  outer loop
    vertex 4212.564958844478 178.2874840841969 563.0111213439726
    vertex 4214.614958844478 179.78844597852023 563.0111213439726
    vertex 4212.203187412132 178.43733471795383 563.0111213439726
  endloop
endfacet
facet normal 0.0 5.88418203051333e-15 1.0
  outer loop
    vertex 4212.203187412132 178.43733471795383 563.0111213439726
    vertex 4214.614958844478 179.78844597852023 563.0111213439726
    vertex 4211.8149588444785 178.48844597852025 563.0111213439726
  endloop
endfacet
facet normal 0.0 5.88418203051333e-15 1.0
  outer loop
    vertex 4214.614958844478 174.18844597852024 563.0111213439726
    vertex 4213.1139969501555 177.73844597852025 563.0111213439726
    vertex 4213.263847583912 177.37667454617403 563.0111213439726
  endloop
endfacet
facet normal 0.0 5.88418203051333e-15 1.0
  outer loop
    vertex 4214.614958844478 174.18844597852024 563.0111213439726
    vertex 4213.263847583912 177.37667454617403 563.0111213439726
    vertex 4213.3149588444785 176.98844597852022 563.0111213439726
  endloop
endfacet
facet normal 0.0 5.88418203051333e-15 1.0
  outer loop
    vertex 4214.614958844478 174.18844597852024 563.0111213439726
    vertex 4213.3149588444785 176.98844597852022 563.0111213439726
    vertex 4213.263847583912 176.60021741086643 563.0111213439726
  endloop
endfacet
facet normal 0.0 5.88418203051333e-15 1.0
  outer loop
    vertex 4214.614958844478 174.18844597852024 563.0111213439726
    vertex 4213.263847583912 176.60021741086643 563.0111213439726
    vertex 4213.1139969501555 176.23844597852022 563.0111213439726
  endloop
endfacet
facet normal 0.0 5.88418203051333e-15 1.0
  outer loop
    vertex 4214.614958844478 174.18844597852024 563.0111213439726
    vertex 4213.1139969501555 176.23844597852022 563.0111213439726
    vertex 4212.875619016258 175.92778580674042 563.0111213439726
  endloop
endfacet
facet normal 0.0 5.88418203051333e-15 1.0
  outer loop
    vertex 4214.614958844478 174.18844597852024 563.0111213439726
    vertex 4212.875619016258 175.92778580674042 563.0111213439726
    vertex 4212.564958844478 175.68940787284356 563.0111213439726
  endloop
endfacet
facet normal 0.0 5.88418203051333e-15 1.0
  outer loop
    vertex 4214.614958844478 174.18844597852024 563.0111213439726
    vertex 4212.564958844478 175.68940787284356 563.0111213439726
    vertex 4212.203187412132 175.53955723908663 563.0111213439726
  endloop
endfacet
facet normal 0.0 5.88418203051333e-15 1.0
  outer loop
    vertex 4214.614958844478 174.18844597852024 563.0111213439726
    vertex 4212.203187412132 175.53955723908663 563.0111213439726
    vertex 4211.8149588444785 175.48844597852022 563.0111213439726
  endloop
endfacet
facet normal 0.0 5.88418203051333e-15 1.0
  outer loop
    vertex 4214.614958844478 174.18844597852024 563.0111213439726
    vertex 4211.8149588444785 175.48844597852022 563.0111213439726
    vertex 4209.014958844478 174.18844597852024 563.0111213439726
  endloop
endfacet
facet normal 0.0 -1.0 5.88418203051333e-15
  outer loop
    vertex 4214.614958844478 179.78844597852023 563.0111213439726
    vertex 4209.014958844478 179.78844597852026 566.0111213439726
    vertex 4209.014958844478 179.78844597852023 563.0111213439726
  endloop
endfacet
facet normal 0.0 -1.0 5.88418203051333e-15
  outer loop
    vertex 4209.014958844478 179.78844597852026 566.0111213439726
    vertex 4214.614958844478 179.78844597852023 563.0111213439726
    vertex 4214.614958844478 179.78844597852026 566.0111213439726
  endloop
endfacet
facet normal 1.0 0.0 0.0
  outer loop
    vertex 4209.014958844478 179.78844597852026 566.0111213439726
    vertex 4209.014958844478 174.18844597852024 563.0111213439726
    vertex 4209.014958844478 179.78844597852023 563.0111213439726
  endloop
endfacet
facet normal 1.0 0.0 0.0
  outer loop
    vertex 4209.014958844478 174.18844597852024 563.0111213439726
    vertex 4209.014958844478 179.78844597852026 566.0111213439726
    vertex 4209.014958844478 174.18844597852026 566.0111213439726
  endloop
endfacet
facet normal 0.0 1.0 -5.88418203051333e-15
  outer loop
    vertex 4214.614958844478 174.18844597852026 566.0111213439726
    vertex 4209.014958844478 174.18844597852024 563.0111213439726
    vertex 4209.014958844478 174.18844597852026 566.0111213439726
  endloop
endfacet
facet normal 0.0 1.0 -5.88418203051333e-15
  outer loop
    vertex 4209.014958844478 174.18844597852024 563.0111213439726
    vertex 4214.614958844478 174.18844597852026 566.0111213439726
    vertex 4214.614958844478 174.18844597852024 563.0111213439726
  endloop
endfacet
facet normal -1.0 0.0 -0.0
  outer loop
    vertex 4214.614958844478 174.18844597852026 566.0111213439726
    vertex 4214.614958844478 179.78844597852023 563.0111213439726
    vertex 4214.614958844478 174.18844597852024 563.0111213439726
  endloop
endfacet
facet normal -1.0 0.0 -0.0
  outer loop
    vertex 4214.614958844478 179.78844597852023 563.0111213439726
    vertex 4214.614958844478 174.18844597852026 566.0111213439726
    vertex 4214.614958844478 179.78844597852026 566.0111213439726
  endloop
endfacet
facet normal 9.869688521332332e-15 1.554326518884931e-14 1.0
  outer loop
    vertex 4231.064958844478 239.12844597852035 576.0111213439719
    vertex 4239.3149588444785 236.9284459785204 576.0111213439718
    vertex 4242.3149588444785 239.12844597852035 576.0111213439718
  endloop
endfacet
facet normal 9.869688521332332e-15 1.554326518884931e-14 1.0
  outer loop
    vertex 4239.3149588444785 236.9284459785204 576.0111213439718
    vertex 4231.064958844478 239.12844597852035 576.0111213439719
    vertex 4231.064958844478 229.12844597852035 576.0111213439719
  endloop
endfacet
facet normal 9.869688521332332e-15 1.554326518884931e-14 1.0
  outer loop
    vertex 4242.3149588444785 239.12844597852035 576.0111213439718
    vertex 4239.3149588444785 236.9284459785204 576.0111213439718
    vertex 4242.760000712391 239.07830180288394 576.0111213439718
  endloop
endfacet
facet normal 9.869688521332332e-15 1.554326518884931e-14 1.0
  outer loop
    vertex 4242.760000712391 239.07830180288394 576.0111213439718
    vertex 4239.3149588444785 236.9284459785204 576.0111213439718
    vertex 4243.182726322713 238.93038371432516 576.0111213439718
  endloop
endfacet
facet normal 9.869688521332332e-15 1.554326518884931e-14 1.0
  outer loop
    vertex 4243.182726322713 238.93038371432516 576.0111213439718
    vertex 4239.3149588444785 236.9284459785204 576.0111213439718
    vertex 4243.561938448195 238.6921089434564 576.0111213439718
  endloop
endfacet
facet normal 9.869688521332332e-15 1.554326518884931e-14 1.0
  outer loop
    vertex 4243.561938448195 238.6921089434564 576.0111213439718
    vertex 4239.3149588444785 236.9284459785204 576.0111213439718
    vertex 4243.878621809415 238.37542558223782 576.0111213439718
  endloop
endfacet
facet normal 9.869688521332332e-15 1.554326518884931e-14 1.0
  outer loop
    vertex 4243.878621809415 238.37542558223782 576.0111213439718
    vertex 4239.3149588444785 236.9284459785204 576.0111213439718
    vertex 4244.116896580283 237.99621345675547 576.0111213439718
  endloop
endfacet
facet normal 9.869688521332332e-15 1.554326518884931e-14 1.0
  outer loop
    vertex 4244.116896580283 237.99621345675547 576.0111213439718
    vertex 4239.3149588444785 236.9284459785204 576.0111213439718
    vertex 4244.264814668841 237.57348784643295 576.0111213439718
  endloop
endfacet
facet normal 9.869688521332332e-15 1.554326518884931e-14 1.0
  outer loop
    vertex 4244.264814668841 237.57348784643295 576.0111213439718
    vertex 4239.3149588444785 236.9284459785204 576.0111213439718
    vertex 4244.314958844478 237.12844597852035 576.0111213439718
  endloop
endfacet
facet normal 9.869688521332332e-15 1.554326518884931e-14 1.0
  outer loop
    vertex 4239.3149588444785 236.9284459785204 576.0111213439718
    vertex 4231.064958844478 229.12844597852035 576.0111213439719
    vertex 4239.314958844478 231.3284459785204 576.0111213439718
  endloop
endfacet
facet normal 9.869688521332332e-15 1.554326518884931e-14 1.0
  outer loop
    vertex 4239.314958844478 231.3284459785204 576.0111213439718
    vertex 4231.064958844478 229.12844597852035 576.0111213439719
    vertex 4242.3149588444785 231.3284459785204 576.0111213439718
  endloop
endfacet
facet normal 9.869688521332332e-15 1.554326518884931e-14 1.0
  outer loop
    vertex 4242.3149588444785 231.3284459785204 576.0111213439718
    vertex 4231.064958844478 229.12844597852035 576.0111213439719
    vertex 4244.314958844478 231.12844597852035 576.0111213439719
  endloop
endfacet
facet normal 9.869688521332332e-15 1.554326518884931e-14 1.0
  outer loop
    vertex 4244.314958844478 231.12844597852035 576.0111213439719
    vertex 4231.064958844478 229.12844597852035 576.0111213439719
    vertex 4244.264814668841 230.6834041106077 576.0111213439719
  endloop
endfacet
facet normal 9.869688521332332e-15 1.554326518884931e-14 1.0
  outer loop
    vertex 4244.264814668841 230.6834041106077 576.0111213439719
    vertex 4231.064958844478 229.12844597852035 576.0111213439719
    vertex 4244.116896580283 230.26067850028522 576.0111213439719
  endloop
endfacet
facet normal 9.869688521332332e-15 1.554326518884931e-14 1.0
  outer loop
    vertex 4244.116896580283 230.26067850028522 576.0111213439719
    vertex 4231.064958844478 229.12844597852035 576.0111213439719
    vertex 4243.878621809415 229.88146637480287 576.0111213439719
  endloop
endfacet
facet normal 9.869688521332332e-15 1.554326518884931e-14 1.0
  outer loop
    vertex 4243.878621809415 229.88146637480287 576.0111213439719
    vertex 4231.064958844478 229.12844597852035 576.0111213439719
    vertex 4243.561938448195 229.5647830135843 576.0111213439719
  endloop
endfacet
facet normal 9.869688521332332e-15 1.554326518884931e-14 1.0
  outer loop
    vertex 4243.561938448195 229.5647830135843 576.0111213439719
    vertex 4231.064958844478 229.12844597852035 576.0111213439719
    vertex 4243.182726322713 229.32650824271553 576.0111213439719
  endloop
endfacet
facet normal 9.869688521332332e-15 1.554326518884931e-14 1.0
  outer loop
    vertex 4243.182726322713 229.32650824271553 576.0111213439719
    vertex 4231.064958844478 229.12844597852035 576.0111213439719
    vertex 4242.760000712391 229.17859015415675 576.0111213439719
  endloop
endfacet
facet normal 9.869688521332332e-15 1.554326518884931e-14 1.0
  outer loop
    vertex 4242.760000712391 229.17859015415675 576.0111213439719
    vertex 4231.064958844478 229.12844597852035 576.0111213439719
    vertex 4242.3149588444785 229.12844597852035 576.0111213439719
  endloop
endfacet
facet normal 9.869688521332332e-15 1.554326518884931e-14 1.0
  outer loop
    vertex 4244.314958844478 237.12844597852035 576.0111213439718
    vertex 4242.3149588444785 236.9284459785204 576.0111213439718
    vertex 4244.314958844478 231.12844597852035 576.0111213439719
  endloop
endfacet
facet normal 9.869688521332332e-15 1.554326518884931e-14 1.0
  outer loop
    vertex 4242.3149588444785 236.9284459785204 576.0111213439718
    vertex 4244.314958844478 237.12844597852035 576.0111213439718
    vertex 4239.3149588444785 236.9284459785204 576.0111213439718
  endloop
endfacet
facet normal 9.869688521332332e-15 1.554326518884931e-14 1.0
  outer loop
    vertex 4244.314958844478 231.12844597852035 576.0111213439719
    vertex 4242.3149588444785 236.9284459785204 576.0111213439718
    vertex 4242.3149588444785 231.3284459785204 576.0111213439718
  endloop
endfacet
facet normal 1.0 0.0 0.0
  outer loop
    vertex 4212.564958844478 239.12844597852015 566.0111213439721
    vertex 4212.564958844478 229.12844597852035 576.0111213439719
    vertex 4212.564958844478 229.12844597852026 566.011121343972
  endloop
endfacet
facet normal 1.0 0.0 0.0
  outer loop
    vertex 4212.564958844478 229.12844597852035 576.0111213439719
    vertex 4212.564958844478 239.12844597852015 566.0111213439721
    vertex 4212.564958844478 239.12844597852023 576.011121343972
  endloop
endfacet
facet normal -1.0 0.0 0.0
  outer loop
    vertex 4231.064958844478 229.12844597852035 576.0111213439719
    vertex 4231.064958844478 239.12844597852023 566.011121343972
    vertex 4231.064958844478 229.12844597852026 566.011121343972
  endloop
endfacet
facet normal -1.0 0.0 0.0
  outer loop
    vertex 4231.064958844478 239.12844597852023 566.011121343972
    vertex 4231.064958844478 229.12844597852035 576.0111213439719
    vertex 4231.064958844478 239.12844597852035 576.0111213439719
  endloop
endfacet
facet normal 8.021237994802728e-15 -1.0 -3.1397107136400406e-15
  outer loop
    vertex 4242.3149588444785 229.12844597852043 566.011121343972
    vertex 4231.064958844478 229.12844597852035 576.0111213439719
    vertex 4231.064958844478 229.12844597852026 566.011121343972
  endloop
endfacet
facet normal 8.021237994802728e-15 -1.0 -3.1397107136400406e-15
  outer loop
    vertex 4231.064958844478 229.12844597852035 576.0111213439719
    vertex 4242.3149588444785 229.12844597852043 566.011121343972
    vertex 4242.3149588444785 229.12844597852035 576.0111213439719
  endloop
endfacet
facet normal 0.9914448613738347 -0.1305261922198682 7.687151777783536e-16
  outer loop
    vertex 4214.866070105044 224.51667454617368 566.0111213439724
    vertex 4214.814958844478 224.12844597851986 563.4111213439724
    vertex 4214.866070105044 224.51667454617368 563.4111213439724
  endloop
endfacet
facet normal 0.9914448613738347 -0.1305261922198682 7.687151777783536e-16
  outer loop
    vertex 4214.814958844478 224.12844597851986 563.4111213439724
    vertex 4214.866070105044 224.51667454617368 566.0111213439724
    vertex 4214.814958844478 224.12844597851992 566.0111213439724
  endloop
endfacet
facet normal 0.991444861373775 0.13052619222032122 -7.667233923170172e-16
  outer loop
    vertex 4214.814958844478 224.12844597851992 566.0111213439724
    vertex 4214.866070105044 223.74021741086605 563.4111213439724
    vertex 4214.814958844478 224.12844597851986 563.4111213439724
  endloop
endfacet
facet normal 0.991444861373775 0.13052619222032122 -7.667233923170172e-16
  outer loop
    vertex 4214.866070105044 223.74021741086605 563.4111213439724
    vertex 4214.814958844478 224.12844597851992 566.0111213439724
    vertex 4214.866070105044 223.7402174108661 566.0111213439724
  endloop
endfacet
facet normal 0.9238795325112964 0.38268343236506636 -2.2517789760976868e-15
  outer loop
    vertex 4214.866070105044 223.7402174108661 566.0111213439724
    vertex 4215.015920738801 223.37844597851986 563.4111213439724
    vertex 4214.866070105044 223.74021741086605 563.4111213439724
  endloop
endfacet
facet normal 0.9238795325112964 0.38268343236506636 -2.2517789760976868e-15
  outer loop
    vertex 4215.015920738801 223.37844597851986 563.4111213439724
    vertex 4214.866070105044 223.7402174108661 566.0111213439724
    vertex 4215.015920738801 223.3784459785199 566.0111213439724
  endloop
endfacet
facet normal 0.7933533402910526 0.6087614290089584 -3.582063061444129e-15
  outer loop
    vertex 4215.015920738801 223.3784459785199 566.0111213439724
    vertex 4215.254298672698 223.06778580674006 563.4111213439724
    vertex 4215.015920738801 223.37844597851986 563.4111213439724
  endloop
endfacet
facet normal 0.7933533402910526 0.6087614290089584 -3.582063061444129e-15
  outer loop
    vertex 4215.254298672698 223.06778580674006 563.4111213439724
    vertex 4215.015920738801 223.3784459785199 566.0111213439724
    vertex 4215.254298672698 223.06778580674012 566.0111213439724
  endloop
endfacet
facet normal 0.6087614290086684 0.7933533402912755 -4.66823546878965e-15
  outer loop
    vertex 4215.564958844478 222.82940787284332 566.0111213439724
    vertex 4215.254298672698 223.06778580674006 563.4111213439724
    vertex 4215.254298672698 223.06778580674012 566.0111213439724
  endloop
endfacet
facet normal 0.6087614290086684 0.7933533402912755 -4.66823546878965e-15
  outer loop
    vertex 4215.254298672698 223.06778580674006 563.4111213439724
    vertex 4215.564958844478 222.82940787284332 566.0111213439724
    vertex 4215.564958844478 222.8294078728433 563.4111213439724
  endloop
endfacet
facet normal 0.382683432364985 0.9238795325113303 -5.436275343562225e-15
  outer loop
    vertex 4215.926730276824 222.6795572390864 566.0111213439724
    vertex 4215.564958844478 222.8294078728433 563.4111213439724
    vertex 4215.564958844478 222.82940787284332 566.0111213439724
  endloop
endfacet
facet normal 0.382683432364985 0.9238795325113303 -5.436275343562225e-15
  outer loop
    vertex 4215.564958844478 222.8294078728433 563.4111213439724
    vertex 4215.926730276824 222.6795572390864 566.0111213439724
    vertex 4215.926730276824 222.67955723908636 563.4111213439724
  endloop
endfacet
facet normal 0.130526192219898 0.9914448613738307 -5.833842037540674e-15
  outer loop
    vertex 4216.314958844478 222.62844597852006 566.0111213439724
    vertex 4215.926730276824 222.67955723908636 563.4111213439724
    vertex 4215.926730276824 222.6795572390864 566.0111213439724
  endloop
endfacet
facet normal 0.130526192219898 0.9914448613738307 -5.833842037540674e-15
  outer loop
    vertex 4215.926730276824 222.67955723908636 563.4111213439724
    vertex 4216.314958844478 222.62844597852006 566.0111213439724
    vertex 4216.314958844478 222.62844597852003 563.4111213439724
  endloop
endfacet
facet normal -0.13052619222012454 0.991444861373801 -5.833842037540499e-15
  outer loop
    vertex 4216.703187412131 222.67955723908648 566.0111213439724
    vertex 4216.314958844478 222.62844597852003 563.4111213439724
    vertex 4216.314958844478 222.62844597852006 566.0111213439724
  endloop
endfacet
facet normal -0.13052619222012454 0.991444861373801 -5.833842037540499e-15
  outer loop
    vertex 4216.314958844478 222.62844597852003 563.4111213439724
    vertex 4216.703187412131 222.67955723908648 566.0111213439724
    vertex 4216.703187412131 222.67955723908645 563.4111213439724
  endloop
endfacet
facet normal -0.38268343236518165 0.9238795325112488 -5.436275343561746e-15
  outer loop
    vertex 4217.064958844478 222.82940787284352 566.0111213439724
    vertex 4216.703187412131 222.67955723908645 563.4111213439724
    vertex 4216.703187412131 222.67955723908648 566.0111213439724
  endloop
endfacet
facet normal -0.38268343236518165 0.9238795325112488 -5.436275343561746e-15
  outer loop
    vertex 4216.703187412131 222.67955723908645 563.4111213439724
    vertex 4217.064958844478 222.82940787284352 566.0111213439724
    vertex 4217.064958844478 222.82940787284346 563.4111213439724
  endloop
endfacet
facet normal -0.6087614290088134 0.793353340291164 -4.668235468788994e-15
  outer loop
    vertex 4217.375619016258 223.06778580674037 566.0111213439724
    vertex 4217.064958844478 222.82940787284346 563.4111213439724
    vertex 4217.064958844478 222.82940787284352 566.0111213439724
  endloop
endfacet
facet normal -0.6087614290088134 0.793353340291164 -4.668235468788994e-15
  outer loop
    vertex 4217.064958844478 222.82940787284346 563.4111213439724
    vertex 4217.375619016258 223.06778580674037 566.0111213439724
    vertex 4217.375619016258 223.06778580674035 563.4111213439724
  endloop
endfacet
facet normal -0.7933533402913607 0.608761429008557 -3.582063061441767e-15
  outer loop
    vertex 4217.375619016258 223.06778580674037 566.0111213439724
    vertex 4217.613996950154 223.3784459785202 563.4111213439724
    vertex 4217.375619016258 223.06778580674035 563.4111213439724
  endloop
endfacet
facet normal -0.7933533402913607 0.608761429008557 -3.582063061441767e-15
  outer loop
    vertex 4217.613996950154 223.3784459785202 563.4111213439724
    vertex 4217.375619016258 223.06778580674037 566.0111213439724
    vertex 4217.613996950154 223.37844597852026 566.0111213439724
  endloop
endfacet
facet normal -0.9238795325112964 0.38268343236506636 -2.2517789760976868e-15
  outer loop
    vertex 4217.613996950154 223.37844597852026 566.0111213439724
    vertex 4217.763847583911 223.74021741086642 563.4111213439724
    vertex 4217.613996950154 223.3784459785202 563.4111213439724
  endloop
endfacet
facet normal -0.9238795325112964 0.38268343236506636 -2.2517789760976868e-15
  outer loop
    vertex 4217.763847583911 223.74021741086642 563.4111213439724
    vertex 4217.613996950154 223.37844597852026 566.0111213439724
    vertex 4217.763847583911 223.74021741086648 566.0111213439724
  endloop
endfacet
facet normal -0.9914448613738347 0.1305261922198682 -7.687151777783536e-16
  outer loop
    vertex 4217.763847583911 223.74021741086648 566.0111213439724
    vertex 4217.814958844478 224.12844597852023 563.4111213439724
    vertex 4217.763847583911 223.74021741086642 563.4111213439724
  endloop
endfacet
facet normal -0.9914448613738347 0.1305261922198682 -7.687151777783536e-16
  outer loop
    vertex 4217.814958844478 224.12844597852023 563.4111213439724
    vertex 4217.763847583911 223.74021741086648 566.0111213439724
    vertex 4217.814958844478 224.12844597852026 566.0111213439724
  endloop
endfacet
facet normal -0.991444861373775 -0.13052619222032122 7.693563572312685e-16
  outer loop
    vertex 4217.814958844478 224.12844597852026 566.0111213439724
    vertex 4217.763847583911 224.51667454617402 563.4111213439724
    vertex 4217.814958844478 224.12844597852023 563.4111213439724
  endloop
endfacet
facet normal -0.991444861373775 -0.13052619222032122 7.693563572312685e-16
  outer loop
    vertex 4217.763847583911 224.51667454617402 563.4111213439724
    vertex 4217.814958844478 224.12844597852026 566.0111213439724
    vertex 4217.763847583911 224.51667454617402 566.0111213439724
  endloop
endfacet
facet normal -0.9238795325112964 -0.38268343236506636 2.2517789760976868e-15
  outer loop
    vertex 4217.763847583911 224.51667454617402 566.0111213439724
    vertex 4217.613996950154 224.87844597852023 563.4111213439724
    vertex 4217.763847583911 224.51667454617402 563.4111213439724
  endloop
endfacet
facet normal -0.9238795325112964 -0.38268343236506636 2.2517789760976868e-15
  outer loop
    vertex 4217.613996950154 224.87844597852023 563.4111213439724
    vertex 4217.763847583911 224.51667454617402 566.0111213439724
    vertex 4217.613996950154 224.87844597852023 566.0111213439724
  endloop
endfacet
facet normal -0.7933533402910526 -0.6087614290089584 3.582063061444129e-15
  outer loop
    vertex 4217.613996950154 224.87844597852023 566.0111213439724
    vertex 4217.375619016258 225.18910615030003 563.4111213439724
    vertex 4217.613996950154 224.87844597852023 563.4111213439724
  endloop
endfacet
facet normal -0.7933533402910526 -0.6087614290089584 3.582063061444129e-15
  outer loop
    vertex 4217.375619016258 225.18910615030003 563.4111213439724
    vertex 4217.613996950154 224.87844597852023 566.0111213439724
    vertex 4217.375619016258 225.18910615030003 566.0111213439724
  endloop
endfacet
facet normal -0.6087614290086684 -0.7933533402912755 4.66823546878965e-15
  outer loop
    vertex 4217.375619016258 225.18910615030003 563.4111213439724
    vertex 4217.064958844478 225.4274840841968 566.0111213439724
    vertex 4217.064958844478 225.4274840841968 563.4111213439724
  endloop
endfacet
facet normal -0.6087614290086684 -0.7933533402912755 4.66823546878965e-15
  outer loop
    vertex 4217.064958844478 225.4274840841968 566.0111213439724
    vertex 4217.375619016258 225.18910615030003 563.4111213439724
    vertex 4217.375619016258 225.18910615030003 566.0111213439724
  endloop
endfacet
facet normal -0.382683432364985 -0.9238795325113303 5.436275343562225e-15
  outer loop
    vertex 4217.064958844478 225.4274840841968 563.4111213439724
    vertex 4216.703187412131 225.57733471795373 566.0111213439724
    vertex 4216.703187412131 225.57733471795373 563.4111213439724
  endloop
endfacet
facet normal -0.382683432364985 -0.9238795325113303 5.436275343562225e-15
  outer loop
    vertex 4216.703187412131 225.57733471795373 566.0111213439724
    vertex 4217.064958844478 225.4274840841968 563.4111213439724
    vertex 4217.064958844478 225.4274840841968 566.0111213439724
  endloop
endfacet
facet normal -0.130526192219898 -0.9914448613738307 5.833842037540674e-15
  outer loop
    vertex 4216.703187412131 225.57733471795373 563.4111213439724
    vertex 4216.314958844477 225.62844597852006 566.0111213439724
    vertex 4216.314958844477 225.62844597852006 563.4111213439724
  endloop
endfacet
facet normal -0.130526192219898 -0.9914448613738307 5.833842037540674e-15
  outer loop
    vertex 4216.314958844477 225.62844597852006 566.0111213439724
    vertex 4216.703187412131 225.57733471795373 563.4111213439724
    vertex 4216.703187412131 225.57733471795373 566.0111213439724
  endloop
endfacet
facet normal 0.13052619222012454 -0.991444861373801 5.833842037540499e-15
  outer loop
    vertex 4216.314958844477 225.62844597852006 563.4111213439724
    vertex 4215.926730276824 225.57733471795365 566.0111213439724
    vertex 4215.926730276824 225.57733471795365 563.4111213439724
  endloop
endfacet
facet normal 0.13052619222012454 -0.991444861373801 5.833842037540499e-15
  outer loop
    vertex 4215.926730276824 225.57733471795365 566.0111213439724
    vertex 4216.314958844477 225.62844597852006 563.4111213439724
    vertex 4216.314958844477 225.62844597852006 566.0111213439724
  endloop
endfacet
facet normal 0.38268343236518165 -0.9238795325112488 5.436275343561746e-15
  outer loop
    vertex 4215.926730276824 225.57733471795365 563.4111213439724
    vertex 4215.564958844478 225.42748408419664 566.0111213439724
    vertex 4215.564958844478 225.42748408419664 563.4111213439724
  endloop
endfacet
facet normal 0.38268343236518165 -0.9238795325112488 5.436275343561746e-15
  outer loop
    vertex 4215.564958844478 225.42748408419664 566.0111213439724
    vertex 4215.926730276824 225.57733471795365 563.4111213439724
    vertex 4215.926730276824 225.57733471795365 566.0111213439724
  endloop
endfacet
facet normal 0.6087614290088134 -0.793353340291164 4.668235468788994e-15
  outer loop
    vertex 4215.564958844478 225.42748408419664 563.4111213439724
    vertex 4215.254298672698 225.18910615029975 566.0111213439724
    vertex 4215.254298672698 225.18910615029975 563.4111213439724
  endloop
endfacet
facet normal 0.6087614290088134 -0.793353340291164 4.668235468788994e-15
  outer loop
    vertex 4215.254298672698 225.18910615029975 566.0111213439724
    vertex 4215.564958844478 225.42748408419664 563.4111213439724
    vertex 4215.564958844478 225.42748408419664 566.0111213439724
  endloop
endfacet
facet normal 0.7933533402913607 -0.608761429008557 3.582063061441767e-15
  outer loop
    vertex 4215.254298672698 225.18910615029975 566.0111213439724
    vertex 4215.015920738801 224.87844597851986 563.4111213439724
    vertex 4215.254298672698 225.18910615029975 563.4111213439724
  endloop
endfacet
facet normal 0.7933533402913607 -0.608761429008557 3.582063061441767e-15
  outer loop
    vertex 4215.015920738801 224.87844597851986 563.4111213439724
    vertex 4215.254298672698 225.18910615029975 566.0111213439724
    vertex 4215.015920738801 224.87844597851986 566.0111213439724
  endloop
endfacet
facet normal 0.9238795325112964 -0.38268343236506636 2.2517789760976868e-15
  outer loop
    vertex 4215.015920738801 224.87844597851986 566.0111213439724
    vertex 4214.866070105044 224.51667454617368 563.4111213439724
    vertex 4215.015920738801 224.87844597851986 563.4111213439724
  endloop
endfacet
facet normal 0.9238795325112964 -0.38268343236506636 2.2517789760976868e-15
  outer loop
    vertex 4214.866070105044 224.51667454617368 563.4111213439724
    vertex 4215.015920738801 224.87844597851986 566.0111213439724
    vertex 4214.866070105044 224.51667454617368 566.0111213439724
  endloop
endfacet
facet normal 0.9914448613738347 -0.13052619221986822 7.680398747713987e-16
  outer loop
    vertex 4225.866070105045 224.51667454617393 566.0111213439721
    vertex 4225.814958844478 224.12844597852015 563.4111213439724
    vertex 4225.866070105045 224.51667454617393 563.4111213439724
  endloop
endfacet
facet normal 0.9914448613738347 -0.13052619221986822 7.680398747713987e-16
  outer loop
    vertex 4225.814958844478 224.12844597852015 563.4111213439724
    vertex 4225.866070105045 224.51667454617393 566.0111213439721
    vertex 4225.814958844478 224.12844597852018 566.0111213439721
  endloop
endfacet
facet normal 0.991444861373775 0.13052619222032122 -7.673986953263631e-16
  outer loop
    vertex 4225.814958844478 224.12844597852018 566.0111213439721
    vertex 4225.866070105045 223.74021741086634 563.4111213439724
    vertex 4225.814958844478 224.12844597852015 563.4111213439724
  endloop
endfacet
facet normal 0.991444861373775 0.13052619222032122 -7.673986953263631e-16
  outer loop
    vertex 4225.866070105045 223.74021741086634 563.4111213439724
    vertex 4225.814958844478 224.12844597852018 566.0111213439721
    vertex 4225.866070105045 223.7402174108664 566.0111213439721
  endloop
endfacet
facet normal 0.9238795325112964 0.38268343236506636 -2.2517789760976868e-15
  outer loop
    vertex 4225.866070105045 223.7402174108664 566.0111213439721
    vertex 4226.015920738801 223.37844597852012 563.4111213439724
    vertex 4225.866070105045 223.74021741086634 563.4111213439724
  endloop
endfacet
facet normal 0.9238795325112964 0.38268343236506636 -2.2517789760976868e-15
  outer loop
    vertex 4226.015920738801 223.37844597852012 563.4111213439724
    vertex 4225.866070105045 223.7402174108664 566.0111213439721
    vertex 4226.015920738801 223.37844597852018 566.0111213439721
  endloop
endfacet
facet normal 0.7933533402912755 0.6087614290086684 -3.582063061442423e-15
  outer loop
    vertex 4226.015920738801 223.37844597852018 566.0111213439721
    vertex 4226.2542986726985 223.06778580674035 563.4111213439724
    vertex 4226.015920738801 223.37844597852012 563.4111213439724
  endloop
endfacet
facet normal 0.7933533402912755 0.6087614290086684 -3.582063061442423e-15
  outer loop
    vertex 4226.2542986726985 223.06778580674035 563.4111213439724
    vertex 4226.015920738801 223.37844597852018 566.0111213439721
    vertex 4226.2542986726985 223.06778580674037 566.0111213439721
  endloop
endfacet
facet normal 0.6087614290088134 0.793353340291164 -4.668235468788994e-15
  outer loop
    vertex 4226.564958844478 222.82940787284352 566.0111213439721
    vertex 4226.2542986726985 223.06778580674035 563.4111213439724
    vertex 4226.2542986726985 223.06778580674037 566.0111213439721
  endloop
endfacet
facet normal 0.6087614290088134 0.793353340291164 -4.668235468788994e-15
  outer loop
    vertex 4226.2542986726985 223.06778580674035 563.4111213439724
    vertex 4226.564958844478 222.82940787284352 566.0111213439721
    vertex 4226.564958844478 222.82940787284346 563.4111213439724
  endloop
endfacet
facet normal 0.38268343236478825 0.9238795325114116 -5.436275343562704e-15
  outer loop
    vertex 4226.926730276824 222.67955723908668 566.0111213439721
    vertex 4226.564958844478 222.82940787284346 563.4111213439724
    vertex 4226.564958844478 222.82940787284352 566.0111213439721
  endloop
endfacet
facet normal 0.38268343236478825 0.9238795325114116 -5.436275343562704e-15
  outer loop
    vertex 4226.564958844478 222.82940787284346 563.4111213439724
    vertex 4226.926730276824 222.67955723908668 566.0111213439721
    vertex 4226.926730276824 222.67955723908662 563.4111213439724
  endloop
endfacet
facet normal 0.1305261922200649 0.9914448613738087 -5.8338420375405445e-15
  outer loop
    vertex 4227.3149588444785 222.62844597852026 566.0111213439721
    vertex 4226.926730276824 222.67955723908662 563.4111213439724
    vertex 4226.926730276824 222.67955723908668 566.0111213439721
  endloop
endfacet
facet normal 0.1305261922200649 0.9914448613738087 -5.8338420375405445e-15
  outer loop
    vertex 4226.926730276824 222.67955723908662 563.4111213439724
    vertex 4227.3149588444785 222.62844597852026 566.0111213439721
    vertex 4227.3149588444785 222.6284459785202 563.4111213439724
  endloop
endfacet
facet normal -0.13052619222012454 0.991444861373801 -5.833842037540499e-15
  outer loop
    vertex 4227.703187412132 222.67955723908668 566.0111213439721
    vertex 4227.3149588444785 222.6284459785202 563.4111213439724
    vertex 4227.3149588444785 222.62844597852026 566.0111213439721
  endloop
endfacet
facet normal -0.13052619222012454 0.991444861373801 -5.833842037540499e-15
  outer loop
    vertex 4227.3149588444785 222.6284459785202 563.4111213439724
    vertex 4227.703187412132 222.67955723908668 566.0111213439721
    vertex 4227.703187412132 222.67955723908662 563.4111213439724
  endloop
endfacet
facet normal -0.38268343236514785 0.9238795325112626 -5.436275343561827e-15
  outer loop
    vertex 4228.064958844478 222.8294078728436 566.0111213439721
    vertex 4227.703187412132 222.67955723908662 563.4111213439724
    vertex 4227.703187412132 222.67955723908668 566.0111213439721
  endloop
endfacet
facet normal -0.38268343236514785 0.9238795325112626 -5.436275343561827e-15
  outer loop
    vertex 4227.703187412132 222.67955723908662 563.4111213439724
    vertex 4228.064958844478 222.8294078728436 566.0111213439721
    vertex 4228.064958844478 222.82940787284355 563.4111213439724
  endloop
endfacet
facet normal -0.6087614290085908 0.7933533402913349 -4.66823546879e-15
  outer loop
    vertex 4228.375619016258 223.06778580674046 566.0111213439721
    vertex 4228.064958844478 222.82940787284355 563.4111213439724
    vertex 4228.064958844478 222.8294078728436 566.0111213439721
  endloop
endfacet
facet normal -0.6087614290085908 0.7933533402913349 -4.66823546879e-15
  outer loop
    vertex 4228.064958844478 222.82940787284355 563.4111213439724
    vertex 4228.375619016258 223.06778580674046 566.0111213439721
    vertex 4228.375619016258 223.06778580674043 563.4111213439724
  endloop
endfacet
facet normal -0.7933533402913607 0.608761429008557 -3.582063061441767e-15
  outer loop
    vertex 4228.375619016258 223.06778580674046 566.0111213439721
    vertex 4228.613996950155 223.37844597852032 563.4111213439724
    vertex 4228.375619016258 223.06778580674043 563.4111213439724
  endloop
endfacet
facet normal -0.7933533402913607 0.608761429008557 -3.582063061441767e-15
  outer loop
    vertex 4228.613996950155 223.37844597852032 563.4111213439724
    vertex 4228.375619016258 223.06778580674046 566.0111213439721
    vertex 4228.613996950155 223.37844597852035 566.0111213439721
  endloop
endfacet
facet normal -0.9238795325112964 0.38268343236506636 -2.2517789760976868e-15
  outer loop
    vertex 4228.613996950155 223.37844597852035 566.0111213439721
    vertex 4228.763847583912 223.7402174108665 563.4111213439724
    vertex 4228.613996950155 223.37844597852032 563.4111213439724
  endloop
endfacet
facet normal -0.9238795325112964 0.38268343236506636 -2.2517789760976868e-15
  outer loop
    vertex 4228.763847583912 223.7402174108665 563.4111213439724
    vertex 4228.613996950155 223.37844597852035 566.0111213439721
    vertex 4228.763847583912 223.74021741086656 566.0111213439721
  endloop
endfacet
facet normal -0.9914448613738347 0.13052619221986822 -7.680398747715559e-16
  outer loop
    vertex 4228.763847583912 223.74021741086656 566.0111213439721
    vertex 4228.814958844478 224.12844597852032 563.4111213439724
    vertex 4228.763847583912 223.7402174108665 563.4111213439724
  endloop
endfacet
facet normal -0.9914448613738347 0.13052619221986822 -7.680398747715559e-16
  outer loop
    vertex 4228.814958844478 224.12844597852032 563.4111213439724
    vertex 4228.763847583912 223.74021741086656 566.0111213439721
    vertex 4228.814958844478 224.12844597852038 566.0111213439721
  endloop
endfacet
facet normal -0.991444861373775 -0.13052619222032122 7.686810542220799e-16
  outer loop
    vertex 4228.814958844478 224.12844597852038 566.0111213439721
    vertex 4228.763847583912 224.51667454617413 563.4111213439724
    vertex 4228.814958844478 224.12844597852032 563.4111213439724
  endloop
endfacet
facet normal -0.991444861373775 -0.13052619222032122 7.686810542220799e-16
  outer loop
    vertex 4228.763847583912 224.51667454617413 563.4111213439724
    vertex 4228.814958844478 224.12844597852038 566.0111213439721
    vertex 4228.763847583912 224.51667454617413 566.0111213439721
  endloop
endfacet
facet normal -0.9238795325112964 -0.38268343236506636 2.2517789760976868e-15
  outer loop
    vertex 4228.763847583912 224.51667454617413 566.0111213439721
    vertex 4228.613996950155 224.87844597852032 563.4111213439724
    vertex 4228.763847583912 224.51667454617413 563.4111213439724
  endloop
endfacet
facet normal -0.9238795325112964 -0.38268343236506636 2.2517789760976868e-15
  outer loop
    vertex 4228.613996950155 224.87844597852032 563.4111213439724
    vertex 4228.763847583912 224.51667454617413 566.0111213439721
    vertex 4228.613996950155 224.87844597852032 566.0111213439721
  endloop
endfacet
facet normal -0.7933533402912755 -0.6087614290086684 3.582063061442423e-15
  outer loop
    vertex 4228.613996950155 224.87844597852032 566.0111213439721
    vertex 4228.375619016258 225.18910615030012 563.4111213439724
    vertex 4228.613996950155 224.87844597852032 563.4111213439724
  endloop
endfacet
facet normal -0.7933533402912755 -0.6087614290086684 3.582063061442423e-15
  outer loop
    vertex 4228.375619016258 225.18910615030012 563.4111213439724
    vertex 4228.613996950155 224.87844597852032 566.0111213439721
    vertex 4228.375619016258 225.18910615030012 566.0111213439721
  endloop
endfacet
facet normal -0.6087614290088134 -0.793353340291164 4.668235468788994e-15
  outer loop
    vertex 4228.375619016258 225.18910615030012 563.4111213439724
    vertex 4228.064958844478 225.42748408419698 566.0111213439721
    vertex 4228.064958844478 225.42748408419698 563.4111213439724
  endloop
endfacet
facet normal -0.6087614290088134 -0.793353340291164 4.668235468788994e-15
  outer loop
    vertex 4228.064958844478 225.42748408419698 566.0111213439721
    vertex 4228.375619016258 225.18910615030012 563.4111213439724
    vertex 4228.375619016258 225.18910615030012 566.0111213439721
  endloop
endfacet
facet normal -0.38268343236478825 -0.9238795325114116 5.436275343562704e-15
  outer loop
    vertex 4228.064958844478 225.42748408419698 563.4111213439724
    vertex 4227.703187412131 225.57733471795382 566.0111213439721
    vertex 4227.703187412131 225.57733471795382 563.4111213439724
  endloop
endfacet
facet normal -0.38268343236478825 -0.9238795325114116 5.436275343562704e-15
  outer loop
    vertex 4227.703187412131 225.57733471795382 566.0111213439721
    vertex 4228.064958844478 225.42748408419698 563.4111213439724
    vertex 4228.064958844478 225.42748408419698 566.0111213439721
  endloop
endfacet
facet normal -0.1305261922200649 -0.9914448613738087 5.8338420375405445e-15
  outer loop
    vertex 4227.703187412131 225.57733471795382 563.4111213439724
    vertex 4227.314958844478 225.62844597852023 566.0111213439721
    vertex 4227.314958844478 225.62844597852023 563.4111213439724
  endloop
endfacet
facet normal -0.1305261922200649 -0.9914448613738087 5.8338420375405445e-15
  outer loop
    vertex 4227.314958844478 225.62844597852023 566.0111213439721
    vertex 4227.703187412131 225.57733471795382 563.4111213439724
    vertex 4227.703187412131 225.57733471795382 566.0111213439721
  endloop
endfacet
facet normal 0.13052619222012454 -0.991444861373801 5.833842037540499e-15
  outer loop
    vertex 4227.314958844478 225.62844597852023 563.4111213439724
    vertex 4226.926730276824 225.57733471795382 566.0111213439721
    vertex 4226.926730276824 225.57733471795382 563.4111213439724
  endloop
endfacet
facet normal 0.13052619222012454 -0.991444861373801 5.833842037540499e-15
  outer loop
    vertex 4226.926730276824 225.57733471795382 566.0111213439721
    vertex 4227.314958844478 225.62844597852023 563.4111213439724
    vertex 4227.314958844478 225.62844597852023 566.0111213439721
  endloop
endfacet
facet normal 0.38268343236514785 -0.9238795325112626 5.436275343561827e-15
  outer loop
    vertex 4226.926730276824 225.57733471795382 563.4111213439724
    vertex 4226.564958844478 225.4274840841969 566.0111213439721
    vertex 4226.564958844478 225.4274840841969 563.4111213439724
  endloop
endfacet
facet normal 0.38268343236514785 -0.9238795325112626 5.436275343561827e-15
  outer loop
    vertex 4226.564958844478 225.4274840841969 566.0111213439721
    vertex 4226.926730276824 225.57733471795382 563.4111213439724
    vertex 4226.926730276824 225.57733471795382 566.0111213439721
  endloop
endfacet
facet normal 0.6087614290085908 -0.7933533402913349 4.66823546879e-15
  outer loop
    vertex 4226.564958844478 225.4274840841969 563.4111213439724
    vertex 4226.2542986726985 225.18910615030003 566.0111213439721
    vertex 4226.2542986726985 225.18910615030003 563.4111213439724
  endloop
endfacet
facet normal 0.6087614290085908 -0.7933533402913349 4.66823546879e-15
  outer loop
    vertex 4226.2542986726985 225.18910615030003 566.0111213439721
    vertex 4226.564958844478 225.4274840841969 563.4111213439724
    vertex 4226.564958844478 225.4274840841969 566.0111213439721
  endloop
endfacet
facet normal 0.7933533402913607 -0.608761429008557 3.582063061441767e-15
  outer loop
    vertex 4226.2542986726985 225.18910615030003 566.0111213439721
    vertex 4226.015920738801 224.87844597852015 563.4111213439724
    vertex 4226.2542986726985 225.18910615030003 563.4111213439724
  endloop
endfacet
facet normal 0.7933533402913607 -0.608761429008557 3.582063061441767e-15
  outer loop
    vertex 4226.015920738801 224.87844597852015 563.4111213439724
    vertex 4226.2542986726985 225.18910615030003 566.0111213439721
    vertex 4226.015920738801 224.87844597852015 566.0111213439721
  endloop
endfacet
facet normal 0.9238795325112964 -0.38268343236506636 2.2517789760976868e-15
  outer loop
    vertex 4226.015920738801 224.87844597852015 566.0111213439721
    vertex 4225.866070105045 224.51667454617393 563.4111213439724
    vertex 4226.015920738801 224.87844597852015 563.4111213439724
  endloop
endfacet
facet normal 0.9238795325112964 -0.38268343236506636 2.2517789760976868e-15
  outer loop
    vertex 4225.866070105045 224.51667454617393 563.4111213439724
    vertex 4226.015920738801 224.87844597852015 566.0111213439721
    vertex 4225.866070105045 224.51667454617393 566.0111213439721
  endloop
endfacet
facet normal -0.1305261922201664 -0.9914448613737953 5.8338420375404656e-15
  outer loop
    vertex 4222.864958844479 205.42844597852124 560.0111213439725
    vertex 4223.395537886939 205.35859392241278 562.011121343973
    vertex 4222.864958844479 205.42844597852024 562.011121343973
  endloop
endfacet
facet normal -0.1305261922201664 -0.9914448613737953 5.8338420375404656e-15
  outer loop
    vertex 4223.395537886939 205.35859392241278 562.011121343973
    vertex 4222.864958844479 205.42844597852124 560.0111213439725
    vertex 4223.395537886939 205.35859392241375 560.0111213439725
  endloop
endfacet
facet normal -0.38268343236507074 -0.9238795325112946 5.436275343562177e-15
  outer loop
    vertex 4223.395537886939 205.35859392241375 560.0111213439725
    vertex 4223.889958844478 205.1537980562783 562.011121343973
    vertex 4223.395537886939 205.35859392241278 562.011121343973
  endloop
endfacet
facet normal -0.38268343236507074 -0.9238795325112946 5.436275343562177e-15
  outer loop
    vertex 4223.889958844478 205.1537980562783 562.011121343973
    vertex 4223.395537886939 205.35859392241375 560.0111213439725
    vertex 4223.889958844479 205.1537980562793 560.0111213439725
  endloop
endfacet
facet normal -0.6087614290088162 -0.793353340291162 4.680494927162714e-15
  outer loop
    vertex 4223.889958844479 205.1537980562793 560.0111213439725
    vertex 4224.31452774591 204.8280148799526 562.011121343973
    vertex 4223.889958844478 205.1537980562783 562.011121343973
  endloop
endfacet
facet normal -0.6087614290088162 -0.793353340291162 4.680494927162714e-15
  outer loop
    vertex 4224.31452774591 204.8280148799526 562.011121343973
    vertex 4223.889958844479 205.1537980562793 560.0111213439725
    vertex 4224.314527745911 204.8280148799536 560.0111213439725
  endloop
endfacet
facet normal -0.7933533402912053 -0.6087614290087595 3.5820630614413435e-15
  outer loop
    vertex 4224.640310922236 204.4034459785201 562.011121343973
    vertex 4224.314527745911 204.8280148799536 560.0111213439725
    vertex 4224.6403109222365 204.4034459785211 560.0111213439725
  endloop
endfacet
facet normal -0.7933533402912053 -0.6087614290087595 3.5820630614413435e-15
  outer loop
    vertex 4224.314527745911 204.8280148799536 560.0111213439725
    vertex 4224.640310922236 204.4034459785201 562.011121343973
    vertex 4224.31452774591 204.8280148799526 562.011121343973
  endloop
endfacet
facet normal -0.923879532511379 -0.38268343236486724 2.2558179688121676e-15
  outer loop
    vertex 4224.845106788371 203.9090250209802 562.011121343973
    vertex 4224.6403109222365 204.4034459785211 560.0111213439725
    vertex 4224.845106788372 203.9090250209812 560.0111213439725
  endloop
endfacet
facet normal -0.923879532511379 -0.38268343236486724 2.2558179688121676e-15
  outer loop
    vertex 4224.6403109222365 204.4034459785211 560.0111213439725
    vertex 4224.845106788371 203.9090250209802 562.011121343973
    vertex 4224.640310922236 204.4034459785201 562.011121343973
  endloop
endfacet
facet normal -0.9914448613737953 -0.1305261922201664 7.6803987477323185e-16
  outer loop
    vertex 4224.914958844478 203.37844597852006 562.011121343973
    vertex 4224.845106788372 203.9090250209812 560.0111213439725
    vertex 4224.914958844479 203.37844597852106 560.0111213439725
  endloop
endfacet
facet normal -0.9914448613737953 -0.1305261922201664 7.6803987477323185e-16
  outer loop
    vertex 4224.845106788372 203.9090250209812 560.0111213439725
    vertex 4224.914958844478 203.37844597852006 562.011121343973
    vertex 4224.845106788371 203.9090250209802 562.011121343973
  endloop
endfacet
facet normal 0.9914448613737953 -0.1305261922201664 7.6803987477323185e-16
  outer loop
    vertex 4220.884810900585 203.9090250209804 562.011121343973
    vertex 4220.8149588444785 203.37844597852126 560.0111213439725
    vertex 4220.884810900586 203.9090250209814 560.0111213439725
  endloop
endfacet
facet normal 0.9914448613737953 -0.1305261922201664 7.6803987477323185e-16
  outer loop
    vertex 4220.8149588444785 203.37844597852126 560.0111213439725
    vertex 4220.884810900585 203.9090250209804 562.011121343973
    vertex 4220.814958844478 203.37844597852026 562.011121343973
  endloop
endfacet
facet normal 0.9238795325112599 -0.38268343236515506 2.2517789760985983e-15
  outer loop
    vertex 4221.089606766719 204.4034459785203 562.011121343973
    vertex 4220.884810900586 203.9090250209814 560.0111213439725
    vertex 4221.08960676672 204.4034459785213 560.0111213439725
  endloop
endfacet
facet normal 0.9238795325112599 -0.38268343236515506 2.2517789760985983e-15
  outer loop
    vertex 4220.884810900586 203.9090250209814 560.0111213439725
    vertex 4221.089606766719 204.4034459785203 562.011121343973
    vertex 4220.884810900585 203.9090250209804 562.011121343973
  endloop
endfacet
facet normal 0.7933533402913058 -0.6087614290086286 3.582063061441569e-15
  outer loop
    vertex 4221.415389943046 204.82801487995272 562.011121343973
    vertex 4221.08960676672 204.4034459785213 560.0111213439725
    vertex 4221.415389943046 204.8280148799537 560.0111213439725
  endloop
endfacet
facet normal 0.7933533402913058 -0.6087614290086286 3.582063061441569e-15
  outer loop
    vertex 4221.08960676672 204.4034459785213 560.0111213439725
    vertex 4221.415389943046 204.82801487995272 562.011121343973
    vertex 4221.089606766719 204.4034459785203 562.011121343973
  endloop
endfacet
facet normal 0.6087614290086534 -0.7933533402912868 4.675172192133919e-15
  outer loop
    vertex 4221.415389943046 204.8280148799537 560.0111213439725
    vertex 4221.839958844478 205.1537980562784 562.011121343973
    vertex 4221.415389943046 204.82801487995272 562.011121343973
  endloop
endfacet
facet normal 0.6087614290086534 -0.7933533402912868 4.675172192133919e-15
  outer loop
    vertex 4221.839958844478 205.1537980562784 562.011121343973
    vertex 4221.415389943046 204.8280148799537 560.0111213439725
    vertex 4221.839958844479 205.15379805627938 560.0111213439725
  endloop
endfacet
facet normal 0.38268343236507074 -0.9238795325112946 5.436275343561854e-15
  outer loop
    vertex 4221.839958844479 205.15379805627938 560.0111213439725
    vertex 4222.334379802018 205.35859392241287 562.011121343973
    vertex 4221.839958844478 205.1537980562784 562.011121343973
  endloop
endfacet
facet normal 0.38268343236507074 -0.9238795325112946 5.436275343561854e-15
  outer loop
    vertex 4222.334379802018 205.35859392241287 562.011121343973
    vertex 4221.839958844479 205.15379805627938 560.0111213439725
    vertex 4222.334379802018 205.35859392241386 560.0111213439725
  endloop
endfacet
facet normal 0.130526192219957 -0.9914448613738229 5.832758444270986e-15
  outer loop
    vertex 4222.334379802018 205.35859392241386 560.0111213439725
    vertex 4222.864958844479 205.42844597852024 562.011121343973
    vertex 4222.334379802018 205.35859392241287 562.011121343973
  endloop
endfacet
facet normal 0.130526192219957 -0.9914448613738229 5.832758444270986e-15
  outer loop
    vertex 4222.864958844479 205.42844597852024 562.011121343973
    vertex 4222.334379802018 205.35859392241386 560.0111213439725
    vertex 4222.864958844479 205.42844597852124 560.0111213439725
  endloop
endfacet
facet normal -0.10971680050766712 -0.8333818386904118 0.5416981951486912
  outer loop
    vertex 4223.395537886939 205.35859392241278 562.011121343973
    vertex 4222.864958844477 207.3784459785198 565.0111213439725
    vertex 4222.864958844479 205.42844597852024 562.011121343973
  endloop
endfacet
facet normal -0.10971680050729198 -0.8333818386904162 0.5416981951487606
  outer loop
    vertex 4223.9002350248875 207.2421492836764 565.0111213439725
    vertex 4222.864958844477 207.3784459785198 565.0111213439725
    vertex 4223.395537886939 205.35859392241278 562.011121343973
  endloop
endfacet
facet normal -0.3216733828836784 -0.7765882436122515 0.5416981951487458
  outer loop
    vertex 4223.9002350248875 207.2421492836764 565.0111213439725
    vertex 4223.395537886939 205.35859392241278 562.011121343973
    vertex 4223.889958844478 205.1537980562783 562.011121343973
  endloop
endfacet
facet normal -0.3216733828832117 -0.7765882436123825 0.5416981951488354
  outer loop
    vertex 4224.864958844477 206.84254759365862 565.0111213439725
    vertex 4223.9002350248875 207.2421492836764 565.0111213439725
    vertex 4223.889958844478 205.1537980562783 562.011121343973
  endloop
endfacet
facet normal -0.5117084558067543 -0.6668714431045848 0.5416981951488077
  outer loop
    vertex 4224.864958844477 206.84254759365862 565.0111213439725
    vertex 4223.889958844478 205.1537980562783 562.011121343973
    vertex 4224.31452774591 204.8280148799526 562.011121343973
  endloop
endfacet
facet normal -0.5117084558067083 -0.6668714431046123 0.5416981951488172
  outer loop
    vertex 4225.6933859692235 206.2068731032669 565.0111213439725
    vertex 4224.864958844477 206.84254759365862 565.0111213439725
    vertex 4224.31452774591 204.8280148799526 562.011121343973
  endloop
endfacet
facet normal -0.6668714431045455 -0.5117084558066427 0.5416981951489613
  outer loop
    vertex 4226.329060459617 205.37844597852026 565.0111213439726
    vertex 4224.31452774591 204.8280148799526 562.011121343973
    vertex 4224.640310922236 204.4034459785201 562.011121343973
  endloop
endfacet
facet normal -0.6668714431041592 -0.5117084558072942 0.5416981951488214
  outer loop
    vertex 4225.6933859692235 206.2068731032669 565.0111213439725
    vertex 4224.31452774591 204.8280148799526 562.011121343973
    vertex 4226.329060459617 205.37844597852026 565.0111213439726
  endloop
endfacet
facet normal -0.7765882436121884 -0.3216733828834477 0.5416981951489735
  outer loop
    vertex 4226.728662149635 204.41372215893128 565.0111213439726
    vertex 4224.640310922236 204.4034459785201 562.011121343973
    vertex 4224.845106788371 203.9090250209802 562.011121343973
  endloop
endfacet
facet normal -0.7765882436121827 -0.32167338288346803 0.5416981951489697
  outer loop
    vertex 4226.329060459617 205.37844597852026 565.0111213439726
    vertex 4224.640310922236 204.4034459785201 562.011121343973
    vertex 4226.728662149635 204.41372215893128 565.0111213439726
  endloop
endfacet
facet normal -0.8333818386903413 -0.10971680050765457 0.5416981951488021
  outer loop
    vertex 4226.864958844478 203.37844597852106 565.0111213439726
    vertex 4224.845106788371 203.9090250209802 562.011121343973
    vertex 4224.914958844478 203.37844597852006 562.011121343973
  endloop
endfacet
facet normal -0.8333818386903465 -0.10971680050719712 0.5416981951488865
  outer loop
    vertex 4226.728662149635 204.41372215893128 565.0111213439726
    vertex 4224.845106788371 203.9090250209802 562.011121343973
    vertex 4226.864958844478 203.37844597852106 565.0111213439726
  endloop
endfacet
facet normal 0.8333818386903376 -0.10971680050765518 0.5416981951488075
  outer loop
    vertex 4219.001255539322 204.41372215893148 565.0111213439726
    vertex 4220.814958844478 203.37844597852026 562.011121343973
    vertex 4220.884810900585 203.9090250209804 562.011121343973
  endloop
endfacet
facet normal 0.8333818386903838 -0.10971680050747343 0.541698195148773
  outer loop
    vertex 4218.864958844478 203.37844597852106 565.0111213439726
    vertex 4220.814958844478 203.37844597852026 562.011121343973
    vertex 4219.001255539322 204.41372215893148 565.0111213439726
  endloop
endfacet
facet normal 0.7765882436121273 -0.32167338288370606 0.5416981951489075
  outer loop
    vertex 4219.4008572293405 205.3784459785216 565.0111213439726
    vertex 4220.884810900585 203.9090250209804 562.011121343973
    vertex 4221.089606766719 204.4034459785203 562.011121343973
  endloop
endfacet
facet normal 0.7765882436122257 -0.32167338288353065 0.5416981951488706
  outer loop
    vertex 4219.001255539322 204.41372215893148 565.0111213439726
    vertex 4220.884810900585 203.9090250209804 562.011121343973
    vertex 4219.4008572293405 205.3784459785216 565.0111213439726
  endloop
endfacet
facet normal 0.6668714431047074 -0.5117084558065886 0.5416981951488131
  outer loop
    vertex 4220.036531719732 206.2068731032669 565.0111213439725
    vertex 4221.089606766719 204.4034459785203 562.011121343973
    vertex 4221.415389943046 204.82801487995272 562.011121343973
  endloop
endfacet
facet normal 0.6668714431042603 -0.5117084558070463 0.5416981951489314
  outer loop
    vertex 4219.4008572293405 205.3784459785216 565.0111213439726
    vertex 4221.089606766719 204.4034459785203 562.011121343973
    vertex 4220.036531719732 206.2068731032669 565.0111213439725
  endloop
endfacet
facet normal 0.5117084558066056 -0.6668714431046734 0.5416981951488391
  outer loop
    vertex 4221.839958844478 205.1537980562784 562.011121343973
    vertex 4220.036531719732 206.2068731032669 565.0111213439725
    vertex 4221.415389943046 204.82801487995272 562.011121343973
  endloop
endfacet
facet normal 0.51170845580724 -0.6668714431040532 0.5416981951490033
  outer loop
    vertex 4221.839958844478 205.1537980562784 562.011121343973
    vertex 4220.864958844478 206.842547593659 565.0111213439725
    vertex 4220.036531719732 206.2068731032669 565.0111213439725
  endloop
endfacet
facet normal 0.3216733828836075 -0.7765882436120777 0.5416981951490376
  outer loop
    vertex 4222.334379802018 205.35859392241287 562.011121343973
    vertex 4220.864958844478 206.842547593659 565.0111213439725
    vertex 4221.839958844478 205.1537980562784 562.011121343973
  endloop
endfacet
facet normal 0.32167338288257796 -0.7765882436126565 0.541698195148819
  outer loop
    vertex 4222.334379802018 205.35859392241287 562.011121343973
    vertex 4221.829682664069 207.24214928367658 565.0111213439725
    vertex 4220.864958844478 206.842547593659 565.0111213439725
  endloop
endfacet
facet normal 0.10971680050748402 -0.8333818386903746 0.5416981951487851
  outer loop
    vertex 4222.864958844479 205.42844597852024 562.011121343973
    vertex 4221.829682664069 207.24214928367658 565.0111213439725
    vertex 4222.334379802018 205.35859392241287 562.011121343973
  endloop
endfacet
facet normal 0.10971680050730062 -0.8333818386904214 0.5416981951487503
  outer loop
    vertex 4222.864958844479 205.42844597852024 562.011121343973
    vertex 4222.864958844477 207.3784459785198 565.0111213439725
    vertex 4221.829682664069 207.24214928367658 565.0111213439725
  endloop
endfacet
facet normal 0.991444861373824 -0.13052619221994788 7.726049230994983e-16
  outer loop
    vertex 4219.001255539322 204.4137221589315 566.0111213439723
    vertex 4218.864958844478 203.37844597852106 565.0111213439726
    vertex 4219.001255539322 204.41372215893148 565.0111213439726
  endloop
endfacet
facet normal 0.991444861373824 -0.13052619221994788 7.726049230994983e-16
  outer loop
    vertex 4218.864958844478 203.37844597852106 565.0111213439726
    vertex 4219.001255539322 204.4137221589315 566.0111213439723
    vertex 4218.864958844478 203.3784459785211 566.0111213439723
  endloop
endfacet
facet normal 0.9238795325113506 -0.38268343236493574 -1.8718318403825928e-16
  outer loop
    vertex 4219.4008572293405 205.37844597852165 566.0111213439723
    vertex 4219.001255539322 204.41372215893148 565.0111213439726
    vertex 4219.4008572293405 205.3784459785216 565.0111213439726
  endloop
endfacet
facet normal 0.9238795325113506 -0.38268343236493574 -1.8718318403825928e-16
  outer loop
    vertex 4219.001255539322 204.41372215893148 565.0111213439726
    vertex 4219.4008572293405 205.37844597852165 566.0111213439723
    vertex 4219.001255539322 204.4137221589315 566.0111213439723
  endloop
endfacet
facet normal 0.7933533402908479 -0.6087614290092253 1.997532299149019e-15
  outer loop
    vertex 4220.036531719732 206.20687310326696 566.0111213439723
    vertex 4219.4008572293405 205.3784459785216 565.0111213439726
    vertex 4220.036531719732 206.2068731032669 565.0111213439725
  endloop
endfacet
facet normal 0.7933533402908479 -0.6087614290092253 1.997532299149019e-15
  outer loop
    vertex 4219.4008572293405 205.3784459785216 565.0111213439726
    vertex 4220.036531719732 206.20687310326696 566.0111213439723
    vertex 4219.4008572293405 205.37844597852165 566.0111213439723
  endloop
endfacet
facet normal 0.6087614290094846 -0.7933533402906491 4.046119257208935e-15
  outer loop
    vertex 4220.864958844478 206.842547593659 565.0111213439725
    vertex 4220.036531719732 206.20687310326696 566.0111213439723
    vertex 4220.036531719732 206.2068731032669 565.0111213439725
  endloop
endfacet
facet normal 0.6087614290094846 -0.7933533402906491 4.046119257208935e-15
  outer loop
    vertex 4220.036531719732 206.20687310326696 566.0111213439723
    vertex 4220.864958844478 206.842547593659 565.0111213439725
    vertex 4220.864958844478 206.84254759365902 566.0111213439723
  endloop
endfacet
facet normal 0.382683432363783 -0.923879532511828 5.818969874445824e-15
  outer loop
    vertex 4221.829682664069 207.24214928367658 565.0111213439725
    vertex 4220.864958844478 206.84254759365902 566.0111213439723
    vertex 4220.864958844478 206.842547593659 565.0111213439725
  endloop
endfacet
facet normal 0.382683432363783 -0.923879532511828 5.818969874445824e-15
  outer loop
    vertex 4220.864958844478 206.84254759365902 566.0111213439723
    vertex 4221.829682664069 207.24214928367658 565.0111213439725
    vertex 4221.829682664069 207.24214928367664 566.0111213439723
  endloop
endfacet
facet normal 0.13052619221973566 -0.991444861373852 7.195267311019283e-15
  outer loop
    vertex 4222.864958844477 207.3784459785198 565.0111213439725
    vertex 4221.829682664069 207.24214928367664 566.0111213439723
    vertex 4221.829682664069 207.24214928367658 565.0111213439725
  endloop
endfacet
facet normal 0.13052619221973566 -0.991444861373852 7.195267311019283e-15
  outer loop
    vertex 4221.829682664069 207.24214928367664 566.0111213439723
    vertex 4222.864958844477 207.3784459785198 565.0111213439725
    vertex 4222.864958844477 207.37844597851984 566.0111213439723
  endloop
endfacet
facet normal -0.1305261922197266 -0.9914448613738533 8.081219171093365e-15
  outer loop
    vertex 4223.9002350248875 207.2421492836764 565.0111213439725
    vertex 4222.864958844477 207.37844597851984 566.0111213439723
    vertex 4222.864958844477 207.3784459785198 565.0111213439725
  endloop
endfacet
facet normal -0.1305261922197266 -0.9914448613738533 8.081219171093365e-15
  outer loop
    vertex 4222.864958844477 207.37844597851984 566.0111213439723
    vertex 4223.9002350248875 207.2421492836764 565.0111213439725
    vertex 4223.9002350248875 207.24214928367644 566.0111213439723
  endloop
endfacet
facet normal -0.38268343236454166 -0.9238795325115139 8.416449299506327e-15
  outer loop
    vertex 4224.864958844477 206.84254759365862 565.0111213439725
    vertex 4223.9002350248875 207.24214928367644 566.0111213439723
    vertex 4223.9002350248875 207.2421492836764 565.0111213439725
  endloop
endfacet
facet normal -0.38268343236454166 -0.9238795325115139 8.416449299506327e-15
  outer loop
    vertex 4223.9002350248875 207.24214928367644 566.0111213439723
    vertex 4224.864958844477 206.84254759365862 565.0111213439725
    vertex 4224.864958844477 206.84254759365865 566.0111213439723
  endloop
endfacet
facet normal -0.6087614290087662 -0.7933533402912003 8.17811231699736e-15
  outer loop
    vertex 4225.6933859692235 206.2068731032669 565.0111213439725
    vertex 4224.864958844477 206.84254759365865 566.0111213439723
    vertex 4224.864958844477 206.84254759365862 565.0111213439725
  endloop
endfacet
facet normal -0.6087614290087662 -0.7933533402912003 8.17811231699736e-15
  outer loop
    vertex 4224.864958844477 206.84254759365865 566.0111213439723
    vertex 4225.6933859692235 206.2068731032669 565.0111213439725
    vertex 4225.6933859692235 206.20687310326696 566.0111213439723
  endloop
endfacet
facet normal -0.7933533402906605 -0.6087614290094695 7.382450495058566e-15
  outer loop
    vertex 4226.329060459617 205.3784459785203 566.0111213439723
    vertex 4225.6933859692235 206.2068731032669 565.0111213439725
    vertex 4226.329060459617 205.37844597852026 565.0111213439726
  endloop
endfacet
facet normal -0.7933533402906605 -0.6087614290094695 7.382450495058566e-15
  outer loop
    vertex 4225.6933859692235 206.2068731032669 565.0111213439725
    vertex 4226.329060459617 205.3784459785203 566.0111213439723
    vertex 4225.6933859692235 206.20687310326696 566.0111213439723
  endloop
endfacet
facet normal -0.9238795325113693 -0.3826834323648904 6.083686871949064e-15
  outer loop
    vertex 4226.728662149635 204.41372215893134 566.0111213439723
    vertex 4226.329060459617 205.37844597852026 565.0111213439726
    vertex 4226.728662149635 204.41372215893128 565.0111213439726
  endloop
endfacet
facet normal -0.9238795325113693 -0.3826834323648904 6.083686871949064e-15
  outer loop
    vertex 4226.329060459617 205.37844597852026 565.0111213439726
    vertex 4226.728662149635 204.41372215893134 566.0111213439723
    vertex 4226.329060459617 205.3784459785203 566.0111213439723
  endloop
endfacet
facet normal -0.991444861373866 -0.1305261922196305 7.680398747695472e-16
  outer loop
    vertex 4226.864958844478 203.3784459785211 566.0111213439723
    vertex 4226.728662149635 204.41372215893128 565.0111213439726
    vertex 4226.864958844478 203.37844597852106 565.0111213439726
  endloop
endfacet
facet normal -0.991444861373866 -0.1305261922196305 7.680398747695472e-16
  outer loop
    vertex 4226.728662149635 204.41372215893128 565.0111213439726
    vertex 4226.864958844478 203.3784459785211 566.0111213439723
    vertex 4226.728662149635 204.41372215893134 566.0111213439723
  endloop
endfacet
facet normal 0.923879532511379 0.3826834323648673 1.6448591821774349e-13
  outer loop
    vertex 4214.884810900585 231.09786693606 562.0111213439728
    vertex 4215.089606766719 230.6034459785201 560.0111213439723
    vertex 4214.884810900585 231.09786693606 560.0111213439723
  endloop
endfacet
facet normal 0.923879532511379 0.3826834323648673 1.6448591821774349e-13
  outer loop
    vertex 4215.089606766719 230.6034459785201 560.0111213439723
    vertex 4214.884810900585 231.09786693606 562.0111213439728
    vertex 4215.089606766719 230.6034459785201 562.0111213439728
  endloop
endfacet
facet normal 0.9914448613737953 0.13052619222016637 1.7816680021166747e-13
  outer loop
    vertex 4214.814958844478 231.62844597852015 562.0111213439728
    vertex 4214.884810900585 231.09786693606 560.0111213439723
    vertex 4214.814958844478 231.62844597852015 560.0111213439723
  endloop
endfacet
facet normal 0.9914448613737953 0.13052619222016637 1.7816680021166747e-13
  outer loop
    vertex 4214.884810900585 231.09786693606 560.0111213439723
    vertex 4214.814958844478 231.62844597852015 562.0111213439728
    vertex 4214.884810900585 231.09786693606 562.0111213439728
  endloop
endfacet
facet normal 0.9914448613737953 -0.13052619222016637 1.797028799612139e-13
  outer loop
    vertex 4214.884810900585 232.1590250209803 562.0111213439728
    vertex 4214.814958844478 231.62844597852015 560.0111213439723
    vertex 4214.884810900585 232.1590250209803 560.0111213439723
  endloop
endfacet
facet normal 0.9914448613737953 -0.13052619222016637 1.797028799612139e-13
  outer loop
    vertex 4214.814958844478 231.62844597852015 560.0111213439723
    vertex 4214.884810900585 232.1590250209803 562.0111213439728
    vertex 4214.814958844478 231.62844597852015 562.0111213439728
  endloop
endfacet
facet normal 0.923879532511379 -0.3826834323648671 1.6898947616993731e-13
  outer loop
    vertex 4215.089606766719 232.65344597852018 562.0111213439728
    vertex 4214.884810900585 232.1590250209803 560.0111213439723
    vertex 4215.089606766719 232.65344597852018 560.0111213439723
  endloop
endfacet
facet normal 0.923879532511379 -0.3826834323648671 1.6898947616993731e-13
  outer loop
    vertex 4214.884810900585 232.1590250209803 560.0111213439723
    vertex 4215.089606766719 232.65344597852018 562.0111213439728
    vertex 4214.884810900585 232.1590250209803 562.0111213439728
  endloop
endfacet
facet normal 0.7933533402911429 -0.6087614290088409 1.4675764689071924e-13
  outer loop
    vertex 4215.415389943046 233.0780148799526 562.0111213439728
    vertex 4215.089606766719 232.65344597852018 560.0111213439723
    vertex 4215.415389943046 233.0780148799526 560.0111213439723
  endloop
endfacet
facet normal 0.7933533402911429 -0.6087614290088409 1.4675764689071924e-13
  outer loop
    vertex 4215.089606766719 232.65344597852018 560.0111213439723
    vertex 4215.415389943046 233.0780148799526 562.0111213439728
    vertex 4215.089606766719 232.65344597852018 562.0111213439728
  endloop
endfacet
facet normal 0.6087614290086534 -0.7933533402912868 1.145349127465364e-13
  outer loop
    vertex 4215.415389943046 233.0780148799526 560.0111213439723
    vertex 4215.839958844478 233.40379805627828 562.0111213439728
    vertex 4215.415389943046 233.0780148799526 562.0111213439728
  endloop
endfacet
facet normal 0.6087614290086534 -0.7933533402912868 1.145349127465364e-13
  outer loop
    vertex 4215.839958844478 233.40379805627828 562.0111213439728
    vertex 4215.415389943046 233.0780148799526 560.0111213439723
    vertex 4215.839958844478 233.40379805627828 560.0111213439721
  endloop
endfacet
facet normal 0.3826834323652146 -0.923879532511235 7.449794486900002e-14
  outer loop
    vertex 4215.839958844478 233.40379805627828 560.0111213439721
    vertex 4216.334379802017 233.60859392241284 562.0111213439728
    vertex 4215.839958844478 233.40379805627828 562.0111213439728
  endloop
endfacet
facet normal 0.3826834323652146 -0.923879532511235 7.449794486900002e-14
  outer loop
    vertex 4216.334379802017 233.60859392241284 562.0111213439728
    vertex 4215.839958844478 233.40379805627828 560.0111213439721
    vertex 4216.334379802018 233.60859392241284 560.0111213439721
  endloop
endfacet
facet normal 0.1305261922200007 -0.9914448613738173 2.9391773929112995e-14
  outer loop
    vertex 4216.334379802018 233.60859392241284 560.0111213439721
    vertex 4216.864958844478 233.67844597852022 562.0111213439728
    vertex 4216.334379802017 233.60859392241284 562.0111213439728
  endloop
endfacet
facet normal 0.1305261922200007 -0.9914448613738173 2.9391773929112995e-14
  outer loop
    vertex 4216.864958844478 233.67844597852022 562.0111213439728
    vertex 4216.334379802018 233.60859392241284 560.0111213439721
    vertex 4216.864958844478 233.67844597852022 560.0111213439721
  endloop
endfacet
facet normal -0.1305261922200007 -0.9914448613738173 -1.7724089854031808e-14
  outer loop
    vertex 4216.864958844478 233.67844597852022 560.0111213439721
    vertex 4217.395537886938 233.60859392241284 562.0111213439728
    vertex 4216.864958844478 233.67844597852022 562.0111213439728
  endloop
endfacet
facet normal -0.1305261922200007 -0.9914448613738173 -1.7724089854031808e-14
  outer loop
    vertex 4217.395537886938 233.60859392241284 562.0111213439728
    vertex 4216.864958844478 233.67844597852022 560.0111213439721
    vertex 4217.395537886938 233.60859392241284 560.0111213439721
  endloop
endfacet
facet normal -0.38268343236509544 -0.9238795325112844 -6.36246056023845e-14
  outer loop
    vertex 4217.395537886938 233.60859392241284 560.0111213439721
    vertex 4217.889958844477 233.40379805627828 562.0111213439727
    vertex 4217.395537886938 233.60859392241284 562.0111213439728
  endloop
endfacet
facet normal -0.38268343236509544 -0.9238795325112844 -6.36246056023845e-14
  outer loop
    vertex 4217.889958844477 233.40379805627828 562.0111213439727
    vertex 4217.395537886938 233.60859392241284 560.0111213439721
    vertex 4217.889958844478 233.40379805627828 560.0111213439721
  endloop
endfacet
facet normal -0.6087614290088162 -0.793353340291162 -1.0519672431300937e-13
  outer loop
    vertex 4217.889958844478 233.40379805627828 560.0111213439721
    vertex 4218.31452774591 233.0780148799526 562.0111213439727
    vertex 4217.889958844477 233.40379805627828 562.0111213439727
  endloop
endfacet
facet normal -0.6087614290088162 -0.793353340291162 -1.0519672431300937e-13
  outer loop
    vertex 4218.31452774591 233.0780148799526 562.0111213439727
    vertex 4217.889958844478 233.40379805627828 560.0111213439721
    vertex 4218.31452774591 233.0780148799526 560.0111213439721
  endloop
endfacet
facet normal -0.7933533402911429 -0.6087614290088409 -1.3959352076783236e-13
  outer loop
    vertex 4218.640310922236 232.65344597852018 562.0111213439727
    vertex 4218.31452774591 233.0780148799526 560.0111213439721
    vertex 4218.640310922236 232.65344597852018 560.0111213439721
  endloop
endfacet
facet normal -0.7933533402911429 -0.6087614290088409 -1.3959352076783236e-13
  outer loop
    vertex 4218.31452774591 233.0780148799526 560.0111213439721
    vertex 4218.640310922236 232.65344597852018 562.0111213439727
    vertex 4218.31452774591 233.0780148799526 562.0111213439727
  endloop
endfacet
facet normal -0.923879532511379 -0.3826834323648671 -1.644859182177443e-13
  outer loop
    vertex 4218.845106788371 232.1590250209803 562.0111213439727
    vertex 4218.640310922236 232.65344597852018 560.0111213439721
    vertex 4218.845106788371 232.1590250209803 560.0111213439721
  endloop
endfacet
facet normal -0.923879532511379 -0.3826834323648671 -1.644859182177443e-13
  outer loop
    vertex 4218.640310922236 232.65344597852018 560.0111213439721
    vertex 4218.845106788371 232.1590250209803 562.0111213439727
    vertex 4218.640310922236 232.65344597852018 562.0111213439727
  endloop
endfacet
facet normal -0.9914448613737953 -0.13052619222016637 -1.7816680021166747e-13
  outer loop
    vertex 4218.914958844478 231.62844597852015 562.0111213439727
    vertex 4218.845106788371 232.1590250209803 560.0111213439721
    vertex 4218.914958844478 231.62844597852015 560.0111213439721
  endloop
endfacet
facet normal -0.9914448613737953 -0.13052619222016637 -1.7816680021166747e-13
  outer loop
    vertex 4218.845106788371 232.1590250209803 560.0111213439721
    vertex 4218.914958844478 231.62844597852015 562.0111213439727
    vertex 4218.845106788371 232.1590250209803 562.0111213439727
  endloop
endfacet
facet normal -0.9914448613737953 0.13052619222016637 -1.797028799612139e-13
  outer loop
    vertex 4218.845106788371 231.09786693606 562.0111213439727
    vertex 4218.914958844478 231.62844597852015 560.0111213439721
    vertex 4218.845106788371 231.09786693606 560.0111213439721
  endloop
endfacet
facet normal -0.9914448613737953 0.13052619222016637 -1.797028799612139e-13
  outer loop
    vertex 4218.914958844478 231.62844597852015 560.0111213439721
    vertex 4218.845106788371 231.09786693606 562.0111213439727
    vertex 4218.914958844478 231.62844597852015 562.0111213439727
  endloop
endfacet
facet normal -0.923879532511379 0.3826834323648671 -1.6898947616993355e-13
  outer loop
    vertex 4218.640310922236 230.6034459785201 562.0111213439727
    vertex 4218.845106788371 231.09786693606 560.0111213439721
    vertex 4218.640310922236 230.6034459785201 560.0111213439721
  endloop
endfacet
facet normal -0.923879532511379 0.3826834323648671 -1.6898947616993355e-13
  outer loop
    vertex 4218.845106788371 231.09786693606 560.0111213439721
    vertex 4218.640310922236 230.6034459785201 562.0111213439727
    vertex 4218.845106788371 231.09786693606 562.0111213439727
  endloop
endfacet
facet normal -0.7933533402911429 0.6087614290088409 -1.467682923607795e-13
  outer loop
    vertex 4218.31452774591 230.1788770770877 562.0111213439727
    vertex 4218.640310922236 230.6034459785201 560.0111213439721
    vertex 4218.31452774591 230.1788770770877 560.0111213439721
  endloop
endfacet
facet normal -0.7933533402911429 0.6087614290088409 -1.467682923607795e-13
  outer loop
    vertex 4218.640310922236 230.6034459785201 560.0111213439721
    vertex 4218.31452774591 230.1788770770877 562.0111213439727
    vertex 4218.640310922236 230.6034459785201 562.0111213439727
  endloop
endfacet
facet normal -0.6087614290086534 0.7933533402912868 -1.1453834773849357e-13
  outer loop
    vertex 4218.31452774591 230.1788770770877 562.0111213439727
    vertex 4217.889958844477 229.853093900762 560.0111213439721
    vertex 4217.889958844477 229.853093900762 562.0111213439728
  endloop
endfacet
facet normal -0.6087614290086534 0.7933533402912868 -1.1453834773849357e-13
  outer loop
    vertex 4217.889958844477 229.853093900762 560.0111213439721
    vertex 4218.31452774591 230.1788770770877 562.0111213439727
    vertex 4218.31452774591 230.1788770770877 560.0111213439721
  endloop
endfacet
facet normal -0.3826834323652147 0.923879532511235 -7.449794486900004e-14
  outer loop
    vertex 4217.889958844477 229.853093900762 562.0111213439728
    vertex 4217.395537886938 229.64829803462746 560.0111213439721
    vertex 4217.395537886938 229.64829803462746 562.0111213439728
  endloop
endfacet
facet normal -0.3826834323652147 0.923879532511235 -7.449794486900004e-14
  outer loop
    vertex 4217.395537886938 229.64829803462746 560.0111213439721
    vertex 4217.889958844477 229.853093900762 562.0111213439728
    vertex 4217.889958844477 229.853093900762 560.0111213439721
  endloop
endfacet
facet normal -0.1305261922200007 0.9914448613738173 -2.9391773929112995e-14
  outer loop
    vertex 4217.395537886938 229.64829803462746 562.0111213439728
    vertex 4216.864958844478 229.57844597852008 560.0111213439721
    vertex 4216.864958844478 229.57844597852008 562.0111213439728
  endloop
endfacet
facet normal -0.1305261922200007 0.9914448613738173 -2.9391773929112995e-14
  outer loop
    vertex 4216.864958844478 229.57844597852008 560.0111213439721
    vertex 4217.395537886938 229.64829803462746 562.0111213439728
    vertex 4217.395537886938 229.64829803462746 560.0111213439721
  endloop
endfacet
facet normal 0.1305261922200007 0.9914448613738173 1.7724089854031808e-14
  outer loop
    vertex 4216.864958844478 229.57844597852008 562.0111213439728
    vertex 4216.334379802018 229.64829803462746 560.0111213439721
    vertex 4216.334379802017 229.64829803462746 562.0111213439728
  endloop
endfacet
facet normal 0.1305261922200007 0.9914448613738173 1.7724089854031808e-14
  outer loop
    vertex 4216.334379802018 229.64829803462746 560.0111213439721
    vertex 4216.864958844478 229.57844597852008 562.0111213439728
    vertex 4216.864958844478 229.57844597852008 560.0111213439721
  endloop
endfacet
facet normal 0.38268343236509544 0.9238795325112844 6.362647765293694e-14
  outer loop
    vertex 4216.334379802017 229.64829803462746 562.0111213439728
    vertex 4215.839958844478 229.853093900762 560.0111213439723
    vertex 4215.839958844477 229.853093900762 562.0111213439728
  endloop
endfacet
facet normal 0.38268343236509544 0.9238795325112844 6.362647765293694e-14
  outer loop
    vertex 4215.839958844478 229.853093900762 560.0111213439723
    vertex 4216.334379802017 229.64829803462746 562.0111213439728
    vertex 4216.334379802018 229.64829803462746 560.0111213439721
  endloop
endfacet
facet normal 0.6087614290088162 0.793353340291162 1.0521059775970102e-13
  outer loop
    vertex 4215.839958844477 229.853093900762 562.0111213439728
    vertex 4215.415389943046 230.1788770770877 560.0111213439723
    vertex 4215.415389943046 230.1788770770877 562.0111213439728
  endloop
endfacet
facet normal 0.6087614290088162 0.793353340291162 1.0521059775970102e-13
  outer loop
    vertex 4215.415389943046 230.1788770770877 560.0111213439723
    vertex 4215.839958844477 229.853093900762 562.0111213439728
    vertex 4215.839958844478 229.853093900762 560.0111213439723
  endloop
endfacet
facet normal 0.7933533402911429 0.6087614290088409 1.3960045749117413e-13
  outer loop
    vertex 4215.089606766719 230.6034459785201 562.0111213439728
    vertex 4215.415389943046 230.1788770770877 560.0111213439723
    vertex 4215.089606766719 230.6034459785201 560.0111213439723
  endloop
endfacet
facet normal 0.7933533402911429 0.6087614290088409 1.3960045749117413e-13
  outer loop
    vertex 4215.415389943046 230.1788770770877 560.0111213439723
    vertex 4215.089606766719 230.6034459785201 562.0111213439728
    vertex 4215.415389943046 230.1788770770877 562.0111213439728
  endloop
endfacet
facet normal 0.8333818386890667 -0.10971680050748583 0.5416981951507972
  outer loop
    vertex 4213.001255539311 232.66372215893045 565.0111213439725
    vertex 4214.814958844478 231.62844597852015 562.0111213439728
    vertex 4214.884810900585 232.1590250209803 562.0111213439728
  endloop
endfacet
facet normal 0.8333818386888969 -0.10971680050814941 0.541698195150924
  outer loop
    vertex 4212.864958844466 231.62844597852006 565.0111213439725
    vertex 4214.814958844478 231.62844597852015 562.0111213439728
    vertex 4213.001255539311 232.66372215893045 565.0111213439725
  endloop
endfacet
facet normal 0.7765882436112866 -0.3216733828830741 0.5416981951504879
  outer loop
    vertex 4213.4008572293305 233.6284459785204 565.0111213439725
    vertex 4214.884810900585 232.1590250209803 562.0111213439728
    vertex 4215.089606766719 232.65344597852018 562.0111213439728
  endloop
endfacet
facet normal 0.7765882436108976 -0.32167338288376607 0.5416981951506346
  outer loop
    vertex 4213.001255539311 232.66372215893045 565.0111213439725
    vertex 4214.884810900585 232.1590250209803 562.0111213439728
    vertex 4213.4008572293305 233.6284459785204 565.0111213439725
  endloop
endfacet
facet normal 0.6668714431039869 -0.5117084558063243 0.5416981951499497
  outer loop
    vertex 4214.036531719724 234.456873103267 565.0111213439725
    vertex 4215.089606766719 232.65344597852018 562.0111213439728
    vertex 4215.415389943046 233.0780148799526 562.0111213439728
  endloop
endfacet
facet normal 0.6668714431030826 -0.5117084558072508 0.541698195150188
  outer loop
    vertex 4213.4008572293305 233.6284459785204 565.0111213439725
    vertex 4215.089606766719 232.65344597852018 562.0111213439728
    vertex 4214.036531719724 234.456873103267 565.0111213439725
  endloop
endfacet
facet normal 0.5117084558057007 -0.6668714431046954 0.5416981951496666
  outer loop
    vertex 4215.415389943046 233.0780148799526 562.0111213439728
    vertex 4214.864958844471 235.09254759365834 565.0111213439725
    vertex 4214.036531719724 234.456873103267 565.0111213439725
  endloop
endfacet
facet normal 0.5117084558063333 -0.6668714431043204 0.5416981951495305
  outer loop
    vertex 4215.839958844478 233.40379805627828 562.0111213439728
    vertex 4214.864958844471 235.09254759365834 565.0111213439725
    vertex 4215.415389943046 233.0780148799526 562.0111213439728
  endloop
endfacet
facet normal 0.32167338288260344 -0.7765882436123624 0.5416981951492255
  outer loop
    vertex 4215.839958844478 233.40379805627828 562.0111213439728
    vertex 4215.829682664064 235.49214928367655 565.0111213439725
    vertex 4214.864958844471 235.09254759365834 565.0111213439725
  endloop
endfacet
facet normal 0.32167338288373404 -0.7765882436120453 0.5416981951490084
  outer loop
    vertex 4216.334379802017 233.60859392241284 562.0111213439728
    vertex 4215.829682664064 235.49214928367655 565.0111213439725
    vertex 4215.839958844478 233.40379805627828 562.0111213439728
  endloop
endfacet
facet normal 0.10971680050734706 -0.8333818386903409 0.5416981951488649
  outer loop
    vertex 4216.864958844476 235.62844597852023 565.0111213439725
    vertex 4215.829682664064 235.49214928367655 565.0111213439725
    vertex 4216.334379802017 233.60859392241284 562.0111213439728
  endloop
endfacet
facet normal 0.10971680050751612 -0.8333818386903391 0.5416981951488338
  outer loop
    vertex 4216.864958844478 233.67844597852022 562.0111213439728
    vertex 4216.864958844476 235.62844597852023 565.0111213439725
    vertex 4216.334379802017 233.60859392241284 562.0111213439728
  endloop
endfacet
facet normal -0.10971680050746765 -0.8333818386903856 0.5416981951487717
  outer loop
    vertex 4217.900235024887 235.49214928367655 565.0111213439725
    vertex 4216.864958844476 235.62844597852023 565.0111213439725
    vertex 4216.864958844478 233.67844597852022 562.0111213439728
  endloop
endfacet
facet normal -0.10971680050752006 -0.8333818386903723 0.5416981951487815
  outer loop
    vertex 4217.900235024887 235.49214928367655 565.0111213439725
    vertex 4216.864958844478 233.67844597852022 562.0111213439728
    vertex 4217.395537886938 233.60859392241284 562.0111213439728
  endloop
endfacet
facet normal -0.3216733828822461 -0.7765882436127829 0.5416981951488344
  outer loop
    vertex 4218.8649588444805 235.09254759365834 565.0111213439724
    vertex 4217.900235024887 235.49214928367655 565.0111213439725
    vertex 4217.395537886938 233.60859392241284 562.0111213439728
  endloop
endfacet
facet normal -0.3216733828835264 -0.7765882436120634 0.5416981951491058
  outer loop
    vertex 4218.8649588444805 235.09254759365834 565.0111213439724
    vertex 4217.395537886938 233.60859392241284 562.0111213439728
    vertex 4217.889958844477 233.40379805627828 562.0111213439727
  endloop
endfacet
facet normal -0.511708455805703 -0.6668714431049899 0.5416981951493021
  outer loop
    vertex 4219.693385969228 234.456873103267 565.0111213439724
    vertex 4218.8649588444805 235.09254759365834 565.0111213439724
    vertex 4217.889958844477 233.40379805627828 562.0111213439727
  endloop
endfacet
facet normal -0.5117084558064807 -0.6668714431042297 0.541698195149503
  outer loop
    vertex 4219.693385969228 234.456873103267 565.0111213439724
    vertex 4217.889958844477 233.40379805627828 562.0111213439727
    vertex 4218.31452774591 233.0780148799526 562.0111213439727
  endloop
endfacet
facet normal -0.6668714431041751 -0.5117084558064648 0.5416981951495852
  outer loop
    vertex 4220.32906045962 233.6284459785204 565.0111213439724
    vertex 4218.31452774591 233.0780148799526 562.0111213439727
    vertex 4218.640310922236 232.65344597852018 562.0111213439727
  endloop
endfacet
facet normal -0.6668714431043422 -0.5117084558061834 0.5416981951496457
  outer loop
    vertex 4219.693385969228 234.456873103267 565.0111213439724
    vertex 4218.31452774591 233.0780148799526 562.0111213439727
    vertex 4220.32906045962 233.6284459785204 565.0111213439724
  endloop
endfacet
facet normal -0.7765882436115644 -0.321673382883189 0.5416981951500217
  outer loop
    vertex 4220.7286621496405 232.66372215893045 565.0111213439724
    vertex 4218.640310922236 232.65344597852018 562.0111213439727
    vertex 4218.845106788371 232.1590250209803 562.0111213439727
  endloop
endfacet
facet normal -0.7765882436112038 -0.32167338288447467 0.5416981951497749
  outer loop
    vertex 4220.32906045962 233.6284459785204 565.0111213439724
    vertex 4218.640310922236 232.65344597852018 562.0111213439727
    vertex 4220.7286621496405 232.66372215893045 565.0111213439724
  endloop
endfacet
facet normal -0.8333818386895028 -0.10971680050754397 0.5416981951501144
  outer loop
    vertex 4220.864958844485 231.62844597852006 565.0111213439724
    vertex 4218.845106788371 232.1590250209803 562.0111213439727
    vertex 4218.914958844478 231.62844597852015 562.0111213439727
  endloop
endfacet
facet normal -0.8333818386895016 -0.1097168005076479 0.5416981951500953
  outer loop
    vertex 4220.7286621496405 232.66372215893045 565.0111213439724
    vertex 4218.845106788371 232.1590250209803 562.0111213439727
    vertex 4220.864958844485 231.62844597852006 565.0111213439724
  endloop
endfacet
facet normal -0.8333818386895268 0.10971680050755274 0.5416981951500759
  outer loop
    vertex 4220.7286621496405 230.59316979811027 565.0111213439724
    vertex 4218.914958844478 231.62844597852015 562.0111213439727
    vertex 4218.845106788371 231.09786693606 562.0111213439727
  endloop
endfacet
facet normal -0.8333818386894841 0.10971680050771875 0.5416981951501076
  outer loop
    vertex 4220.864958844485 231.62844597852006 565.0111213439724
    vertex 4218.914958844478 231.62844597852015 562.0111213439727
    vertex 4220.7286621496405 230.59316979811027 565.0111213439724
  endloop
endfacet
facet normal -0.7765882436117993 0.32167338288329306 0.5416981951496228
  outer loop
    vertex 4220.32906045962 229.62844597852077 565.0111213439724
    vertex 4218.845106788371 231.09786693606 562.0111213439727
    vertex 4218.640310922236 230.6034459785201 562.0111213439727
  endloop
endfacet
facet normal -0.7765882436110767 0.3216733828845785 0.5416981951498959
  outer loop
    vertex 4220.7286621496405 230.59316979811027 565.0111213439724
    vertex 4218.845106788371 231.09786693606 562.0111213439727
    vertex 4220.32906045962 229.62844597852077 565.0111213439724
  endloop
endfacet
facet normal -0.666871443104183 0.5117084558064798 0.5416981951495615
  outer loop
    vertex 4219.693385969228 228.80001885377413 565.0111213439725
    vertex 4218.640310922236 230.6034459785201 562.0111213439727
    vertex 4218.31452774591 230.1788770770877 562.0111213439727
  endloop
endfacet
facet normal -0.666871443104445 0.5117084558062117 0.5416981951494924
  outer loop
    vertex 4220.32906045962 229.62844597852077 565.0111213439724
    vertex 4218.640310922236 230.6034459785201 562.0111213439727
    vertex 4219.693385969228 228.80001885377413 565.0111213439725
  endloop
endfacet
facet normal -0.5117084558057902 0.6668714431049952 0.5416981951492129
  outer loop
    vertex 4219.693385969228 228.80001885377413 565.0111213439725
    vertex 4217.889958844477 229.853093900762 562.0111213439728
    vertex 4218.8649588444805 228.16434436338258 565.0111213439726
  endloop
endfacet
facet normal -0.5117084558063271 0.6668714431044703 0.541698195149352
  outer loop
    vertex 4219.693385969228 228.80001885377413 565.0111213439725
    vertex 4218.31452774591 230.1788770770877 562.0111213439727
    vertex 4217.889958844477 229.853093900762 562.0111213439728
  endloop
endfacet
facet normal -0.32167338288202346 0.7765882436130078 0.5416981951486444
  outer loop
    vertex 4218.8649588444805 228.16434436338258 565.0111213439726
    vertex 4217.395537886938 229.64829803462746 562.0111213439728
    vertex 4217.900235024887 227.7647426733648 565.0111213439726
  endloop
endfacet
facet normal -0.3216733828837313 0.776588243612048 0.5416981951490062
  outer loop
    vertex 4218.8649588444805 228.16434436338258 565.0111213439726
    vertex 4217.889958844477 229.853093900762 562.0111213439728
    vertex 4217.395537886938 229.64829803462746 562.0111213439728
  endloop
endfacet
facet normal -0.10971680050776665 0.8333818386904558 0.5416981951486028
  outer loop
    vertex 4217.900235024887 227.7647426733648 565.0111213439726
    vertex 4216.864958844478 229.57844597852008 562.0111213439728
    vertex 4216.864958844476 227.62844597852077 565.0111213439726
  endloop
endfacet
facet normal -0.1097168005075386 0.8333818386905143 0.5416981951485592
  outer loop
    vertex 4217.900235024887 227.7647426733648 565.0111213439726
    vertex 4217.395537886938 229.64829803462746 562.0111213439728
    vertex 4216.864958844478 229.57844597852008 562.0111213439728
  endloop
endfacet
facet normal 0.10971680050764912 0.8333818386904345 0.5416981951486598
  outer loop
    vertex 4216.864958844476 227.62844597852077 565.0111213439726
    vertex 4216.334379802017 229.64829803462746 562.0111213439728
    vertex 4215.829682664064 227.7647426733648 565.0111213439726
  endloop
endfacet
facet normal 0.10971680050752802 0.8333818386904359 0.5416981951486821
  outer loop
    vertex 4216.864958844478 229.57844597852008 562.0111213439728
    vertex 4216.334379802017 229.64829803462746 562.0111213439728
    vertex 4216.864958844476 227.62844597852077 565.0111213439726
  endloop
endfacet
facet normal 0.32167338288222236 0.7765882436126161 0.5416981951490876
  outer loop
    vertex 4215.839958844477 229.853093900762 562.0111213439728
    vertex 4214.864958844471 228.16434436338258 565.0111213439726
    vertex 4215.829682664064 227.7647426733648 565.0111213439726
  endloop
endfacet
facet normal 0.32167338288368147 0.7765882436122071 0.5416981951488077
  outer loop
    vertex 4216.334379802017 229.64829803462746 562.0111213439728
    vertex 4215.839958844477 229.853093900762 562.0111213439728
    vertex 4215.829682664064 227.7647426733648 565.0111213439726
  endloop
endfacet
facet normal 0.5117084558059755 0.6668714431045804 0.5416981951495486
  outer loop
    vertex 4215.415389943046 230.1788770770877 562.0111213439728
    vertex 4214.036531719724 228.80001885377413 565.0111213439726
    vertex 4214.864958844471 228.16434436338258 565.0111213439726
  endloop
endfacet
facet normal 0.5117084558065041 0.6668714431042672 0.5416981951494348
  outer loop
    vertex 4215.839958844477 229.853093900762 562.0111213439728
    vertex 4215.415389943046 230.1788770770877 562.0111213439728
    vertex 4214.864958844471 228.16434436338258 565.0111213439726
  endloop
endfacet
facet normal 0.6668714431038826 0.5117084558062475 0.5416981951501507
  outer loop
    vertex 4213.4008572293305 229.62844597852077 565.0111213439725
    vertex 4215.415389943046 230.1788770770877 562.0111213439728
    vertex 4215.089606766719 230.6034459785201 562.0111213439728
  endloop
endfacet
facet normal 0.6668714431032439 0.5117084558073248 0.5416981951499193
  outer loop
    vertex 4214.036531719724 228.80001885377413 565.0111213439726
    vertex 4215.415389943046 230.1788770770877 562.0111213439728
    vertex 4213.4008572293305 229.62844597852077 565.0111213439725
  endloop
endfacet
facet normal 0.7765882436111916 0.32167338288304126 0.5416981951506438
  outer loop
    vertex 4213.001255539311 230.59316979811027 565.0111213439725
    vertex 4215.089606766719 230.6034459785201 562.0111213439728
    vertex 4214.884810900585 231.09786693606 562.0111213439728
  endloop
endfacet
facet normal 0.7765882436109394 0.3216733828839408 0.5416981951504712
  outer loop
    vertex 4213.4008572293305 229.62844597852077 565.0111213439725
    vertex 4215.089606766719 230.6034459785201 562.0111213439728
    vertex 4213.001255539311 230.59316979811027 565.0111213439725
  endloop
endfacet
facet normal 0.8333818386889564 0.10971680050747915 0.5416981951509678
  outer loop
    vertex 4212.864958844466 231.62844597852006 565.0111213439725
    vertex 4214.884810900585 231.09786693606 562.0111213439728
    vertex 4214.814958844478 231.62844597852015 562.0111213439728
  endloop
endfacet
facet normal 0.8333818386889478 0.10971680050822939 0.5416981951508293
  outer loop
    vertex 4213.001255539311 230.59316979811027 565.0111213439725
    vertex 4214.884810900585 231.09786693606 562.0111213439728
    vertex 4212.864958844466 231.62844597852006 565.0111213439725
  endloop
endfacet
facet normal -0.1305261922202765 0.991444861373781 -4.768306637819204e-15
  outer loop
    vertex 4217.900235024887 227.7647426733648 566.0111213439725
    vertex 4216.864958844476 227.62844597852077 565.0111213439726
    vertex 4216.864958844476 227.62844597852077 566.0111213439725
  endloop
endfacet
facet normal -0.1305261922202765 0.991444861373781 -4.768306637819204e-15
  outer loop
    vertex 4216.864958844476 227.62844597852077 565.0111213439726
    vertex 4217.900235024887 227.7647426733648 566.0111213439725
    vertex 4217.900235024887 227.7647426733648 565.0111213439726
  endloop
endfacet
facet normal 0.1305261922201423 0.9914448613737986 -4.03643596821283e-15
  outer loop
    vertex 4216.864958844476 227.62844597852077 566.0111213439725
    vertex 4215.829682664064 227.7647426733648 565.0111213439726
    vertex 4215.829682664064 227.7647426733648 566.0111213439725
  endloop
endfacet
facet normal 0.1305261922201423 0.9914448613737986 -4.03643596821283e-15
  outer loop
    vertex 4215.829682664064 227.7647426733648 565.0111213439726
    vertex 4216.864958844476 227.62844597852077 566.0111213439725
    vertex 4216.864958844476 227.62844597852077 565.0111213439726
  endloop
endfacet
facet normal 0.3826834323634417 0.9238795325119695 -3.029488857907327e-15
  outer loop
    vertex 4215.829682664064 227.7647426733648 566.0111213439725
    vertex 4214.864958844471 228.16434436338258 565.0111213439726
    vertex 4214.864958844471 228.16434436338258 566.0111213439725
  endloop
endfacet
facet normal 0.3826834323634417 0.9238795325119695 -3.029488857907327e-15
  outer loop
    vertex 4214.864958844471 228.16434436338258 565.0111213439726
    vertex 4215.829682664064 227.7647426733648 566.0111213439725
    vertex 4215.829682664064 227.7647426733648 565.0111213439726
  endloop
endfacet
facet normal 0.60876142900824 0.793353340291604 -1.8160870883903877e-15
  outer loop
    vertex 4214.864958844471 228.16434436338258 566.0111213439725
    vertex 4214.036531719724 228.80001885377413 565.0111213439726
    vertex 4214.036531719724 228.80001885377413 566.0111213439725
  endloop
endfacet
facet normal 0.60876142900824 0.793353340291604 -1.8160870883903877e-15
  outer loop
    vertex 4214.036531719724 228.80001885377413 565.0111213439726
    vertex 4214.864958844471 228.16434436338258 566.0111213439725
    vertex 4214.864958844471 228.16434436338258 565.0111213439726
  endloop
endfacet
facet normal 0.7933533402902432 0.6087614290100134 -4.789219850358659e-16
  outer loop
    vertex 4213.4008572293305 229.62844597852077 566.0111213439725
    vertex 4214.036531719724 228.80001885377413 565.0111213439726
    vertex 4213.4008572293305 229.62844597852077 565.0111213439725
  endloop
endfacet
facet normal 0.7933533402902432 0.6087614290100134 -4.789219850358659e-16
  outer loop
    vertex 4214.036531719724 228.80001885377413 565.0111213439726
    vertex 4213.4008572293305 229.62844597852077 566.0111213439725
    vertex 4214.036531719724 228.80001885377413 566.0111213439725
  endloop
endfacet
facet normal 0.9238795325109563 0.38268343236588725 8.908808601518581e-16
  outer loop
    vertex 4213.001255539311 230.59316979811027 566.0111213439725
    vertex 4213.4008572293305 229.62844597852077 565.0111213439725
    vertex 4213.001255539311 230.59316979811027 565.0111213439725
  endloop
endfacet
facet normal 0.9238795325109563 0.38268343236588725 8.908808601518581e-16
  outer loop
    vertex 4213.4008572293305 229.62844597852077 565.0111213439725
    vertex 4213.001255539311 230.59316979811027 566.0111213439725
    vertex 4213.4008572293305 229.62844597852077 566.0111213439725
  endloop
endfacet
facet normal 0.9914448613736797 0.13052619222104556 2.199971646965794e-15
  outer loop
    vertex 4212.864958844466 231.62844597852006 566.0111213439725
    vertex 4213.001255539311 230.59316979811027 565.0111213439725
    vertex 4212.864958844466 231.62844597852006 565.0111213439725
  endloop
endfacet
facet normal 0.9914448613736797 0.13052619222104556 2.199971646965794e-15
  outer loop
    vertex 4213.001255539311 230.59316979811027 565.0111213439725
    vertex 4212.864958844466 231.62844597852006 566.0111213439725
    vertex 4213.001255539311 230.59316979811027 566.0111213439725
  endloop
endfacet
facet normal 0.99144486137369 -0.13052619222096729 3.35913800167255e-15
  outer loop
    vertex 4213.001255539311 232.66372215893045 566.0111213439725
    vertex 4212.864958844466 231.62844597852006 565.0111213439725
    vertex 4213.001255539311 232.66372215893045 565.0111213439725
  endloop
endfacet
facet normal 0.99144486137369 -0.13052619222096729 3.35913800167255e-15
  outer loop
    vertex 4212.864958844466 231.62844597852006 565.0111213439725
    vertex 4213.001255539311 232.66372215893045 566.0111213439725
    vertex 4212.864958844466 231.62844597852006 566.0111213439725
  endloop
endfacet
facet normal 0.9238795325110197 -0.3826834323657345 4.2893846527934735e-15
  outer loop
    vertex 4213.4008572293305 233.6284459785204 566.0111213439725
    vertex 4213.001255539311 232.66372215893045 565.0111213439725
    vertex 4213.4008572293305 233.6284459785204 565.0111213439725
  endloop
endfacet
facet normal 0.9238795325110197 -0.3826834323657345 4.2893846527934735e-15
  outer loop
    vertex 4213.001255539311 232.66372215893045 565.0111213439725
    vertex 4213.4008572293305 233.6284459785204 566.0111213439725
    vertex 4213.001255539311 232.66372215893045 566.0111213439725
  endloop
endfacet
facet normal 0.7933533402902112 -0.6087614290100551 4.927316828372516e-15
  outer loop
    vertex 4214.036531719724 234.456873103267 566.0111213439725
    vertex 4213.4008572293305 233.6284459785204 565.0111213439725
    vertex 4214.036531719724 234.456873103267 565.0111213439725
  endloop
endfacet
facet normal 0.7933533402902112 -0.6087614290100551 4.927316828372516e-15
  outer loop
    vertex 4213.4008572293305 233.6284459785204 565.0111213439725
    vertex 4214.036531719724 234.456873103267 566.0111213439725
    vertex 4213.4008572293305 233.6284459785204 566.0111213439725
  endloop
endfacet
facet normal 0.6087614290079643 -0.7933533402918156 5.229460504870705e-15
  outer loop
    vertex 4214.864958844471 235.09254759365834 565.0111213439725
    vertex 4214.036531719724 234.456873103267 566.0111213439725
    vertex 4214.036531719724 234.456873103267 565.0111213439725
  endloop
endfacet
facet normal 0.6087614290079643 -0.7933533402918156 5.229460504870705e-15
  outer loop
    vertex 4214.036531719724 234.456873103267 566.0111213439725
    vertex 4214.864958844471 235.09254759365834 565.0111213439725
    vertex 4214.864958844471 235.09254759365834 566.0111213439725
  endloop
endfacet
facet normal 0.3826834323639327 -0.9238795325117659 5.175225090055109e-15
  outer loop
    vertex 4215.829682664064 235.49214928367655 565.0111213439725
    vertex 4214.864958844471 235.09254759365834 566.0111213439725
    vertex 4214.864958844471 235.09254759365834 565.0111213439725
  endloop
endfacet
facet normal 0.3826834323639327 -0.9238795325117659 5.175225090055109e-15
  outer loop
    vertex 4214.864958844471 235.09254759365834 566.0111213439725
    vertex 4215.829682664064 235.49214928367655 565.0111213439725
    vertex 4215.829682664064 235.49214928367655 566.0111213439725
  endloop
endfacet
facet normal 0.13052619221980252 -0.9914448613738432 4.7683066378181505e-15
  outer loop
    vertex 4216.864958844476 235.62844597852023 565.0111213439725
    vertex 4215.829682664064 235.49214928367655 566.0111213439725
    vertex 4215.829682664064 235.49214928367655 565.0111213439725
  endloop
endfacet
facet normal 0.13052619221980252 -0.9914448613738432 4.7683066378181505e-15
  outer loop
    vertex 4215.829682664064 235.49214928367655 566.0111213439725
    vertex 4216.864958844476 235.62844597852023 565.0111213439725
    vertex 4216.864958844476 235.62844597852023 566.0111213439725
  endloop
endfacet
facet normal -0.1305261922199367 -0.9914448613738255 4.036435968213526e-15
  outer loop
    vertex 4217.900235024887 235.49214928367655 565.0111213439725
    vertex 4216.864958844476 235.62844597852023 566.0111213439725
    vertex 4216.864958844476 235.62844597852023 565.0111213439725
  endloop
endfacet
facet normal -0.1305261922199367 -0.9914448613738255 4.036435968213526e-15
  outer loop
    vertex 4216.864958844476 235.62844597852023 566.0111213439725
    vertex 4217.900235024887 235.49214928367655 565.0111213439725
    vertex 4217.900235024887 235.49214928367655 566.0111213439725
  endloop
endfacet
facet normal -0.3826834323634439 -0.9238795325119685 3.029488857907316e-15
  outer loop
    vertex 4218.8649588444805 235.09254759365834 565.0111213439724
    vertex 4217.900235024887 235.49214928367655 566.0111213439725
    vertex 4217.900235024887 235.49214928367655 565.0111213439725
  endloop
endfacet
facet normal -0.3826834323634439 -0.9238795325119685 3.029488857907316e-15
  outer loop
    vertex 4217.900235024887 235.49214928367655 566.0111213439725
    vertex 4218.8649588444805 235.09254759365834 565.0111213439724
    vertex 4218.8649588444805 235.09254759365834 566.0111213439724
  endloop
endfacet
facet normal -0.6087614290077973 -0.7933533402919437 1.816087088393137e-15
  outer loop
    vertex 4219.693385969228 234.456873103267 565.0111213439724
    vertex 4218.8649588444805 235.09254759365834 566.0111213439724
    vertex 4218.8649588444805 235.09254759365834 565.0111213439724
  endloop
endfacet
facet normal -0.6087614290077973 -0.7933533402919437 1.816087088393137e-15
  outer loop
    vertex 4218.8649588444805 235.09254759365834 566.0111213439724
    vertex 4219.693385969228 234.456873103267 565.0111213439724
    vertex 4219.693385969228 234.456873103267 566.0111213439724
  endloop
endfacet
facet normal -0.7933533402913798 -0.6087614290085321 4.789219850261026e-16
  outer loop
    vertex 4220.32906045962 233.6284459785204 566.0111213439724
    vertex 4219.693385969228 234.456873103267 565.0111213439724
    vertex 4220.32906045962 233.6284459785204 565.0111213439724
  endloop
endfacet
facet normal -0.7933533402913798 -0.6087614290085321 4.789219850261026e-16
  outer loop
    vertex 4219.693385969228 234.456873103267 565.0111213439724
    vertex 4220.32906045962 233.6284459785204 566.0111213439724
    vertex 4219.693385969228 234.456873103267 566.0111213439724
  endloop
endfacet
facet normal -0.9238795325107754 -0.3826834323663246 -8.908808601494081e-16
  outer loop
    vertex 4220.7286621496405 232.66372215893045 566.0111213439724
    vertex 4220.32906045962 233.6284459785204 565.0111213439724
    vertex 4220.7286621496405 232.66372215893045 565.0111213439724
  endloop
endfacet
facet normal -0.9238795325107754 -0.3826834323663246 -8.908808601494081e-16
  outer loop
    vertex 4220.32906045962 233.6284459785204 565.0111213439724
    vertex 4220.7286621496405 232.66372215893045 566.0111213439724
    vertex 4220.32906045962 233.6284459785204 566.0111213439724
  endloop
endfacet
facet normal -0.9914448613737794 -0.1305261922202877 -2.1999716469694376e-15
  outer loop
    vertex 4220.864958844485 231.62844597852006 566.0111213439724
    vertex 4220.7286621496405 232.66372215893045 565.0111213439724
    vertex 4220.864958844485 231.62844597852006 565.0111213439724
  endloop
endfacet
facet normal -0.9914448613737794 -0.1305261922202877 -2.1999716469694376e-15
  outer loop
    vertex 4220.7286621496405 232.66372215893045 565.0111213439724
    vertex 4220.864958844485 231.62844597852006 566.0111213439724
    vertex 4220.7286621496405 232.66372215893045 566.0111213439724
  endloop
endfacet
facet normal -0.9914448613737692 0.130526192220366 -3.359138001670102e-15
  outer loop
    vertex 4220.7286621496405 230.59316979811027 566.0111213439724
    vertex 4220.864958844485 231.62844597852006 565.0111213439724
    vertex 4220.7286621496405 230.59316979811027 565.0111213439724
  endloop
endfacet
facet normal -0.9914448613737692 0.130526192220366 -3.359138001670102e-15
  outer loop
    vertex 4220.864958844485 231.62844597852006 565.0111213439724
    vertex 4220.7286621496405 230.59316979811027 566.0111213439724
    vertex 4220.864958844485 231.62844597852006 566.0111213439724
  endloop
endfacet
facet normal -0.9238795325107121 0.3826834323664774 -4.2893846527959095e-15
  outer loop
    vertex 4220.32906045962 229.62844597852077 566.0111213439724
    vertex 4220.7286621496405 230.59316979811027 565.0111213439724
    vertex 4220.32906045962 229.62844597852077 565.0111213439724
  endloop
endfacet
facet normal -0.9238795325107121 0.3826834323664774 -4.2893846527959095e-15
  outer loop
    vertex 4220.7286621496405 230.59316979811027 565.0111213439724
    vertex 4220.32906045962 229.62844597852077 566.0111213439724
    vertex 4220.7286621496405 230.59316979811027 566.0111213439724
  endloop
endfacet
facet normal -0.7933533402914118 0.6087614290084904 -4.927316828368934e-15
  outer loop
    vertex 4219.693385969228 228.80001885377413 566.0111213439724
    vertex 4220.32906045962 229.62844597852077 565.0111213439724
    vertex 4219.693385969228 228.80001885377413 565.0111213439725
  endloop
endfacet
facet normal -0.7933533402914118 0.6087614290084904 -4.927316828368934e-15
  outer loop
    vertex 4220.32906045962 229.62844597852077 565.0111213439724
    vertex 4219.693385969228 228.80001885377413 566.0111213439724
    vertex 4220.32906045962 229.62844597852077 566.0111213439724
  endloop
endfacet
facet normal -0.6087614290079061 0.7933533402918602 -5.22946050487074e-15
  outer loop
    vertex 4219.693385969228 228.80001885377413 566.0111213439724
    vertex 4218.8649588444805 228.16434436338258 565.0111213439726
    vertex 4218.8649588444805 228.16434436338258 566.0111213439725
  endloop
endfacet
facet normal -0.6087614290079061 0.7933533402918602 -5.22946050487074e-15
  outer loop
    vertex 4218.8649588444805 228.16434436338258 565.0111213439726
    vertex 4219.693385969228 228.80001885377413 566.0111213439724
    vertex 4219.693385969228 228.80001885377413 565.0111213439725
  endloop
endfacet
facet normal -0.38268343236307506 0.9238795325121213 -5.175225090054281e-15
  outer loop
    vertex 4218.8649588444805 228.16434436338258 566.0111213439725
    vertex 4217.900235024887 227.7647426733648 565.0111213439726
    vertex 4217.900235024887 227.7647426733648 566.0111213439725
  endloop
endfacet
facet normal -0.38268343236307506 0.9238795325121213 -5.175225090054281e-15
  outer loop
    vertex 4217.900235024887 227.7647426733648 565.0111213439726
    vertex 4218.8649588444805 228.16434436338258 566.0111213439725
    vertex 4218.8649588444805 228.16434436338258 565.0111213439726
  endloop
endfacet
facet normal -0.9914448613738182 0.13052619221999262 -7.680398747722094e-16
  outer loop
    vertex 4226.728662149632 194.22496879811018 566.0111213439724
    vertex 4226.864958844478 195.2602449785212 560.011121343973
    vertex 4226.728662149633 194.22496879811115 560.011121343973
  endloop
endfacet
facet normal -0.9914448613738182 0.13052619221999262 -7.680398747722094e-16
  outer loop
    vertex 4226.864958844478 195.2602449785212 560.011121343973
    vertex 4226.728662149632 194.22496879811018 566.0111213439724
    vertex 4226.864958844477 195.2602449785202 562.0111213439731
  endloop
endfacet
facet normal -0.9914448613738182 0.13052619221999262 -7.680398747722094e-16
  outer loop
    vertex 4226.864958844477 195.2602449785202 562.0111213439731
    vertex 4226.728662149632 194.22496879811018 566.0111213439724
    vertex 4226.864958844477 195.26024497852023 566.0111213439724
  endloop
endfacet
facet normal -0.9914448613738182 -0.13052619221999262 7.680398747722094e-16
  outer loop
    vertex 4226.864958844477 195.2602449785202 562.0111213439731
    vertex 4226.728662149633 196.29552115893122 560.011121343973
    vertex 4226.864958844478 195.2602449785212 560.011121343973
  endloop
endfacet
facet normal -0.9914448613738182 -0.13052619221999262 7.680398747722094e-16
  outer loop
    vertex 4226.728662149633 196.29552115893122 560.011121343973
    vertex 4226.864958844477 195.2602449785202 562.0111213439731
    vertex 4226.728662149632 196.29552115893026 562.0111213439731
  endloop
endfacet
facet normal -0.9238795325112642 -0.3826834323651444 2.251778976098146e-15
  outer loop
    vertex 4226.728662149632 196.29552115893026 562.0111213439731
    vertex 4226.329060459614 197.2602449785212 560.011121343973
    vertex 4226.728662149633 196.29552115893122 560.011121343973
  endloop
endfacet
facet normal -0.9238795325112642 -0.3826834323651444 2.251778976098146e-15
  outer loop
    vertex 4226.329060459614 197.2602449785212 560.011121343973
    vertex 4226.728662149632 196.29552115893026 562.0111213439731
    vertex 4226.329060459614 197.2602449785202 562.0111213439731
  endloop
endfacet
facet normal -0.7933533402912518 -0.6087614290086991 3.582063061442603e-15
  outer loop
    vertex 4226.329060459614 197.2602449785202 562.0111213439731
    vertex 4225.6933859692235 198.08867210326738 560.011121343973
    vertex 4226.329060459614 197.2602449785212 560.011121343973
  endloop
endfacet
facet normal -0.7933533402912518 -0.6087614290086991 3.582063061442603e-15
  outer loop
    vertex 4225.6933859692235 198.08867210326738 560.011121343973
    vertex 4226.329060459614 197.2602449785202 562.0111213439731
    vertex 4225.693385969223 198.0886721032664 562.0111213439731
  endloop
endfacet
facet normal -0.608761429008668 -0.7933533402912755 2.2571854187002875e-14
  outer loop
    vertex 4224.914958844479 198.68598024425884 560.0111213439727
    vertex 4225.693385969223 198.0886721032664 562.0111213439731
    vertex 4224.914958844478 198.68598024425796 562.011121343973
  endloop
endfacet
facet normal -0.608761429008668 -0.7933533402912755 2.2571854187002875e-14
  outer loop
    vertex 4225.693385969223 198.0886721032664 562.0111213439731
    vertex 4224.914958844479 198.68598024425884 560.0111213439727
    vertex 4225.6933859692235 198.08867210326738 560.011121343973
  endloop
endfacet
facet normal 0.6087614290087557 -0.7933533402912083 2.2557980740314406e-14
  outer loop
    vertex 4220.036531719731 198.08867210326738 560.011121343973
    vertex 4220.814958844478 198.68598024426004 562.011121343973
    vertex 4220.03653171973 198.0886721032664 562.0111213439731
  endloop
endfacet
facet normal 0.6087614290087557 -0.7933533402912083 2.2557980740314406e-14
  outer loop
    vertex 4220.814958844478 198.68598024426004 562.011121343973
    vertex 4220.036531719731 198.08867210326738 560.011121343973
    vertex 4220.8149588444785 198.68598024426092 560.0111213439727
  endloop
endfacet
facet normal 0.7933533402912518 -0.6087614290086991 3.582063061442603e-15
  outer loop
    vertex 4220.03653171973 198.0886721032664 562.0111213439731
    vertex 4219.40085722934 197.2602449785212 560.011121343973
    vertex 4220.036531719731 198.08867210326738 560.011121343973
  endloop
endfacet
facet normal 0.7933533402912518 -0.6087614290086991 3.582063061442603e-15
  outer loop
    vertex 4219.40085722934 197.2602449785212 560.011121343973
    vertex 4220.03653171973 198.0886721032664 562.0111213439731
    vertex 4219.400857229339 197.2602449785202 562.0111213439731
  endloop
endfacet
facet normal 0.9238795325112642 -0.3826834323651444 2.251778976098146e-15
  outer loop
    vertex 4219.400857229339 197.2602449785202 562.0111213439731
    vertex 4219.0012555393205 196.29552115893122 560.011121343973
    vertex 4219.40085722934 197.2602449785212 560.011121343973
  endloop
endfacet
facet normal 0.9238795325112642 -0.3826834323651444 2.251778976098146e-15
  outer loop
    vertex 4219.0012555393205 196.29552115893122 560.011121343973
    vertex 4219.400857229339 197.2602449785202 562.0111213439731
    vertex 4219.0012555393205 196.29552115893026 562.0111213439731
  endloop
endfacet
facet normal 0.9914448613738182 -0.13052619221999262 7.680398747722094e-16
  outer loop
    vertex 4219.0012555393205 196.29552115893026 562.0111213439731
    vertex 4218.864958844477 195.2602449785212 560.011121343973
    vertex 4219.0012555393205 196.29552115893122 560.011121343973
  endloop
endfacet
facet normal 0.9914448613738182 -0.13052619221999262 7.680398747722094e-16
  outer loop
    vertex 4218.864958844477 195.2602449785212 560.011121343973
    vertex 4219.0012555393205 196.29552115893026 562.0111213439731
    vertex 4218.864958844477 195.2602449785202 562.0111213439731
  endloop
endfacet
facet normal 0.9914448613738182 0.13052619221999262 -7.680398747722094e-16
  outer loop
    vertex 4218.864958844477 195.2602449785202 562.0111213439731
    vertex 4219.0012555393205 194.22496879811115 560.011121343973
    vertex 4218.864958844477 195.2602449785212 560.011121343973
  endloop
endfacet
facet normal 0.9914448613738182 0.13052619221999262 -7.680398747722094e-16
  outer loop
    vertex 4219.0012555393205 194.22496879811115 560.011121343973
    vertex 4218.864958844477 195.2602449785202 562.0111213439731
    vertex 4219.0012555393205 194.22496879811018 566.0111213439724
  endloop
endfacet
facet normal 0.9914448613738182 0.13052619221999262 -7.680398747722094e-16
  outer loop
    vertex 4219.0012555393205 194.22496879811018 566.0111213439724
    vertex 4218.864958844477 195.2602449785202 562.0111213439731
    vertex 4218.864958844477 195.26024497852023 566.0111213439724
  endloop
endfacet
facet normal 0.9238795325112642 0.3826834323651444 -2.251778976098146e-15
  outer loop
    vertex 4219.0012555393205 194.22496879811018 566.0111213439724
    vertex 4219.40085722934 193.2602449785212 560.011121343973
    vertex 4219.0012555393205 194.22496879811115 560.011121343973
  endloop
endfacet
facet normal 0.9238795325112642 0.3826834323651444 -2.251778976098146e-15
  outer loop
    vertex 4219.40085722934 193.2602449785212 560.011121343973
    vertex 4219.0012555393205 194.22496879811018 566.0111213439724
    vertex 4219.400857229339 193.26024497852023 566.0111213439724
  endloop
endfacet
facet normal 0.7933533402912518 0.6087614290086991 -3.582063061442603e-15
  outer loop
    vertex 4219.400857229339 193.26024497852023 566.0111213439724
    vertex 4220.036531719731 192.431817853775 560.011121343973
    vertex 4219.40085722934 193.2602449785212 560.011121343973
  endloop
endfacet
facet normal 0.7933533402912518 0.6087614290086991 -3.582063061442603e-15
  outer loop
    vertex 4220.036531719731 192.431817853775 560.011121343973
    vertex 4219.400857229339 193.26024497852023 566.0111213439724
    vertex 4220.03653171973 192.43181785377402 566.0111213439724
  endloop
endfacet
facet normal 0.6087614290086574 0.7933533402912837 -4.668235468789698e-15
  outer loop
    vertex 4220.864958844477 191.7961433633825 566.0111213439724
    vertex 4220.036531719731 192.431817853775 560.011121343973
    vertex 4220.03653171973 192.43181785377402 566.0111213439724
  endloop
endfacet
facet normal 0.6087614290086574 0.7933533402912837 -4.668235468789698e-15
  outer loop
    vertex 4220.036531719731 192.431817853775 560.011121343973
    vertex 4220.864958844477 191.7961433633825 566.0111213439724
    vertex 4220.864958844478 191.79614336338346 560.011121343973
  endloop
endfacet
facet normal 0.3826834323651317 0.9238795325112693 -5.4362753435618664e-15
  outer loop
    vertex 4221.829682664066 191.39654167336397 566.0111213439724
    vertex 4220.864958844478 191.79614336338346 560.011121343973
    vertex 4220.864958844477 191.7961433633825 566.0111213439724
  endloop
endfacet
facet normal 0.3826834323651317 0.9238795325112693 -5.4362753435618664e-15
  outer loop
    vertex 4220.864958844478 191.79614336338346 560.011121343973
    vertex 4221.829682664066 191.39654167336397 566.0111213439724
    vertex 4221.829682664067 191.39654167336494 560.011121343973
  endloop
endfacet
facet normal 0.1305261922200664 0.9914448613738085 -5.833842037540543e-15
  outer loop
    vertex 4222.864958844477 191.26024497852023 566.0111213439724
    vertex 4221.829682664067 191.39654167336494 560.011121343973
    vertex 4221.829682664066 191.39654167336397 566.0111213439724
  endloop
endfacet
facet normal 0.1305261922200664 0.9914448613738085 -5.833842037540543e-15
  outer loop
    vertex 4221.829682664067 191.39654167336494 560.011121343973
    vertex 4222.864958844477 191.26024497852023 566.0111213439724
    vertex 4222.864958844477 191.2602449785212 560.011121343973
  endloop
endfacet
facet normal -0.1305261922200664 0.9914448613738085 -5.833842037540543e-15
  outer loop
    vertex 4223.900235024887 191.39654167336397 566.0111213439724
    vertex 4222.864958844477 191.2602449785212 560.011121343973
    vertex 4222.864958844477 191.26024497852023 566.0111213439724
  endloop
endfacet
facet normal -0.1305261922200664 0.9914448613738085 -5.833842037540543e-15
  outer loop
    vertex 4222.864958844477 191.2602449785212 560.011121343973
    vertex 4223.900235024887 191.39654167336397 566.0111213439724
    vertex 4223.9002350248875 191.39654167336494 560.011121343973
  endloop
endfacet
facet normal -0.38268343236507063 0.9238795325112947 -5.436275343562016e-15
  outer loop
    vertex 4224.864958844477 191.7961433633825 566.0111213439724
    vertex 4223.9002350248875 191.39654167336494 560.011121343973
    vertex 4223.900235024887 191.39654167336397 566.0111213439724
  endloop
endfacet
facet normal -0.38268343236507063 0.9238795325112947 -5.436275343562016e-15
  outer loop
    vertex 4223.9002350248875 191.39654167336494 560.011121343973
    vertex 4224.864958844477 191.7961433633825 566.0111213439724
    vertex 4224.864958844477 191.79614336338346 560.011121343973
  endloop
endfacet
facet normal -0.6087614290087409 0.7933533402912196 -4.668235468789321e-15
  outer loop
    vertex 4225.693385969223 192.43181785377402 566.0111213439724
    vertex 4224.864958844477 191.79614336338346 560.011121343973
    vertex 4224.864958844477 191.7961433633825 566.0111213439724
  endloop
endfacet
facet normal -0.6087614290087409 0.7933533402912196 -4.668235468789321e-15
  outer loop
    vertex 4224.864958844477 191.79614336338346 560.011121343973
    vertex 4225.693385969223 192.43181785377402 566.0111213439724
    vertex 4225.6933859692235 192.431817853775 560.011121343973
  endloop
endfacet
facet normal -0.7933533402912518 0.6087614290086991 -3.582063061442603e-15
  outer loop
    vertex 4225.693385969223 192.43181785377402 566.0111213439724
    vertex 4226.329060459614 193.2602449785212 560.011121343973
    vertex 4225.6933859692235 192.431817853775 560.011121343973
  endloop
endfacet
facet normal -0.7933533402912518 0.6087614290086991 -3.582063061442603e-15
  outer loop
    vertex 4226.329060459614 193.2602449785212 560.011121343973
    vertex 4225.693385969223 192.43181785377402 566.0111213439724
    vertex 4226.329060459614 193.26024497852023 566.0111213439724
  endloop
endfacet
facet normal -0.9238795325112642 0.3826834323651444 -2.251778976098146e-15
  outer loop
    vertex 4226.329060459614 193.26024497852023 566.0111213439724
    vertex 4226.728662149633 194.22496879811115 560.011121343973
    vertex 4226.329060459614 193.2602449785212 560.011121343973
  endloop
endfacet
facet normal -0.9238795325112642 0.3826834323651444 -2.251778976098146e-15
  outer loop
    vertex 4226.728662149633 194.22496879811115 560.011121343973
    vertex 4226.329060459614 193.26024497852023 566.0111213439724
    vertex 4226.728662149632 194.22496879811018 566.0111213439724
  endloop
endfacet
facet normal 1.0 -1.8128379653586005e-13 8.429681480226943e-15
  outer loop
    vertex 4218.864958844478 203.3784459785211 566.0111213439723
    vertex 4218.864958844477 198.68598024426086 565.0111213439726
    vertex 4218.864958844478 203.37844597852106 565.0111213439726
  endloop
endfacet
facet normal 1.0 -1.8128379653586005e-13 8.429681480226943e-15
  outer loop
    vertex 4218.864958844477 198.68598024426086 565.0111213439726
    vertex 4218.864958844477 195.26024497852023 566.0111213439724
    vertex 4218.864958844477 195.2602449785202 562.0111213439731
  endloop
endfacet
facet normal 1.0 -1.8128379653586005e-13 8.429681480226943e-15
  outer loop
    vertex 4218.864958844477 195.26024497852023 566.0111213439724
    vertex 4218.864958844477 198.68598024426086 565.0111213439726
    vertex 4218.864958844478 203.3784459785211 566.0111213439723
  endloop
endfacet
facet normal -1.0 1.2805122979920937e-13 6.767807205997753e-14
  outer loop
    vertex 4226.864958844477 195.26024497852023 566.0111213439724
    vertex 4226.864958844479 198.68598024425916 565.0111213439726
    vertex 4226.864958844477 195.2602449785202 562.0111213439731
  endloop
endfacet
facet normal -1.0 1.2805122979920937e-13 6.767807205997753e-14
  outer loop
    vertex 4226.864958844479 198.68598024425916 565.0111213439726
    vertex 4226.864958844477 195.26024497852023 566.0111213439724
    vertex 4226.864958844478 203.37844597852106 565.0111213439726
  endloop
endfacet
facet normal -1.0 1.2805122979920937e-13 6.767807205997753e-14
  outer loop
    vertex 4226.864958844478 203.37844597852106 565.0111213439726
    vertex 4226.864958844477 195.26024497852023 566.0111213439724
    vertex 4226.864958844478 203.3784459785211 566.0111213439723
  endloop
endfacet
facet normal -1.0 0.0 0.0
  outer loop
    vertex 4224.914958844479 198.68598024425884 560.0111213439727
    vertex 4224.914958844478 203.37844597852006 562.011121343973
    vertex 4224.914958844479 203.37844597852106 560.0111213439725
  endloop
endfacet
facet normal -1.0 0.0 0.0
  outer loop
    vertex 4224.914958844478 203.37844597852006 562.011121343973
    vertex 4224.914958844479 198.68598024425884 560.0111213439727
    vertex 4224.914958844478 198.68598024425796 562.011121343973
  endloop
endfacet
facet normal 1.0 0.0 0.0
  outer loop
    vertex 4220.814958844478 203.37844597852026 562.011121343973
    vertex 4220.8149588444785 198.68598024426092 560.0111213439727
    vertex 4220.8149588444785 203.37844597852126 560.0111213439725
  endloop
endfacet
facet normal 1.0 0.0 0.0
  outer loop
    vertex 4220.8149588444785 198.68598024426092 560.0111213439727
    vertex 4220.814958844478 203.37844597852026 562.011121343973
    vertex 4220.814958844478 198.68598024426004 562.011121343973
  endloop
endfacet
facet normal 0.8384436163005694 -9.091522584257361e-14 0.5449883505955185
  outer loop
    vertex 4218.864958844478 203.37844597852106 565.0111213439726
    vertex 4220.814958844478 198.68598024426004 562.011121343973
    vertex 4220.814958844478 203.37844597852026 562.011121343973
  endloop
endfacet
facet normal 0.8384436163005694 -9.091522584257361e-14 0.5449883505955185
  outer loop
    vertex 4220.814958844478 198.68598024426004 562.011121343973
    vertex 4218.864958844478 203.37844597852106 565.0111213439726
    vertex 4218.864958844477 198.68598024426086 565.0111213439726
  endloop
endfacet
facet normal -0.8384436163005347 -1.070239495043915e-13 0.5449883505955716
  outer loop
    vertex 4224.914958844478 198.68598024425796 562.011121343973
    vertex 4226.864958844478 203.37844597852106 565.0111213439726
    vertex 4224.914958844478 203.37844597852006 562.011121343973
  endloop
endfacet
facet normal -0.8384436163005347 -1.070239495043915e-13 0.5449883505955716
  outer loop
    vertex 4226.864958844478 203.37844597852106 565.0111213439726
    vertex 4224.914958844478 198.68598024425796 562.011121343973
    vertex 4226.864958844479 198.68598024425916 565.0111213439726
  endloop
endfacet
facet normal -0.9806121910527921 -0.12910004411668868 0.14742085798051627
  outer loop
    vertex 4226.864958844479 198.68598024425916 565.0111213439726
    vertex 4226.728662149632 196.29552115893026 562.0111213439731
    vertex 4226.864958844477 195.2602449785202 562.0111213439731
  endloop
endfacet
facet normal -0.872850802875184 -0.36154664047920443 0.32774304367651746
  outer loop
    vertex 4226.864958844479 198.68598024425916 565.0111213439726
    vertex 4226.329060459614 197.2602449785202 562.0111213439731
    vertex 4226.728662149632 196.29552115893026 562.0111213439731
  endloop
endfacet
facet normal -0.566057209118616 -0.7377001174030496 0.3679371859276665
  outer loop
    vertex 4226.864958844479 198.68598024425916 565.0111213439726
    vertex 4224.914958844478 198.68598024425796 562.011121343973
    vertex 4225.693385969223 198.0886721032664 562.0111213439731
  endloop
endfacet
facet normal -0.7285567205078695 -0.559041233919099 0.39582572400114363
  outer loop
    vertex 4226.864958844479 198.68598024425916 565.0111213439726
    vertex 4225.693385969223 198.0886721032664 562.0111213439731
    vertex 4226.329060459614 197.2602449785202 562.0111213439731
  endloop
endfacet
facet normal 0.5660572091187198 -0.7377001174030147 0.367937185927577
  outer loop
    vertex 4220.814958844478 198.68598024426004 562.011121343973
    vertex 4218.864958844477 198.68598024426086 565.0111213439726
    vertex 4220.03653171973 198.0886721032664 562.0111213439731
  endloop
endfacet
facet normal 0.7285567205079796 -0.5590412339191835 0.3958257240008218
  outer loop
    vertex 4218.864958844477 198.68598024426086 565.0111213439726
    vertex 4219.400857229339 197.2602449785202 562.0111213439731
    vertex 4220.03653171973 198.0886721032664 562.0111213439731
  endloop
endfacet
facet normal 0.8728508028753652 -0.36154664047927976 0.32774304367595203
  outer loop
    vertex 4218.864958844477 198.68598024426086 565.0111213439726
    vertex 4219.0012555393205 196.29552115893026 562.0111213439731
    vertex 4219.400857229339 197.2602449785202 562.0111213439731
  endloop
endfacet
facet normal 0.9806121910529181 -0.12910004411670484 0.14742085797966462
  outer loop
    vertex 4218.864958844477 198.68598024426086 565.0111213439726
    vertex 4218.864958844477 195.2602449785202 562.0111213439731
    vertex 4219.0012555393205 196.29552115893026 562.0111213439731
  endloop
endfacet
facet normal -3.9990131858182315e-15 -9.530629109072022e-15 -1.0
  outer loop
    vertex 4219.114958844478 226.92844597852041 560.0111213439725
    vertex 4224.514958844478 226.9284459785203 560.0111213439724
    vertex 4219.114958844478 221.3284459785205 560.0111213439725
  endloop
endfacet
facet normal -3.9990131858182315e-15 -9.530629109072022e-15 -1.0
  outer loop
    vertex 4224.514958844478 226.9284459785203 560.0111213439724
    vertex 4219.114958844478 226.92844597852041 560.0111213439725
    vertex 4230.114958844478 226.9284459785203 560.0111213439724
  endloop
endfacet
facet normal -3.9990131858182315e-15 -9.530629109072022e-15 -1.0
  outer loop
    vertex 4219.114958844478 221.3284459785205 560.0111213439725
    vertex 4224.514958844478 226.9284459785203 560.0111213439724
    vertex 4224.514958844478 221.32844597852042 560.0111213439724
  endloop
endfacet
facet normal -3.9990131858182315e-15 -9.530629109072022e-15 -1.0
  outer loop
    vertex 4219.114958844478 221.3284459785205 560.0111213439725
    vertex 4224.514958844478 221.32844597852042 560.0111213439724
    vertex 4213.514958844477 221.3284459785205 560.0111213439725
  endloop
endfacet
facet normal -3.9990131858182315e-15 -9.530629109072022e-15 -1.0
  outer loop
    vertex 4244.314958844478 237.12844597852006 560.011121343972
    vertex 4217.395537886938 233.60859392241284 560.0111213439721
    vertex 4216.864958844478 233.67844597852022 560.0111213439721
  endloop
endfacet
facet normal -3.9990131858182315e-15 -9.530629109072022e-15 -1.0
  outer loop
    vertex 4217.395537886938 233.60859392241284 560.0111213439721
    vertex 4244.314958844478 237.12844597852006 560.011121343972
    vertex 4217.889958844478 233.40379805627828 560.0111213439721
  endloop
endfacet
facet normal -3.9990131858182315e-15 -9.530629109072022e-15 -1.0
  outer loop
    vertex 4217.889958844478 233.40379805627828 560.0111213439721
    vertex 4244.314958844478 237.12844597852006 560.011121343972
    vertex 4230.114958844478 226.9284459785203 560.0111213439724
  endloop
endfacet
facet normal -3.9990131858182315e-15 -9.530629109072022e-15 -1.0
  outer loop
    vertex 4230.114958844478 226.9284459785203 560.0111213439724
    vertex 4244.314958844478 237.12844597852006 560.011121343972
    vertex 4244.314958844478 212.12844597852043 560.0111213439723
  endloop
endfacet
facet normal -3.9990131858182315e-15 -9.530629109072022e-15 -1.0
  outer loop
    vertex 4217.889958844478 233.40379805627828 560.0111213439721
    vertex 4230.114958844478 226.9284459785203 560.0111213439724
    vertex 4218.31452774591 233.0780148799526 560.0111213439721
  endloop
endfacet
facet normal -3.9990131858182315e-15 -9.530629109072022e-15 -1.0
  outer loop
    vertex 4218.31452774591 233.0780148799526 560.0111213439721
    vertex 4230.114958844478 226.9284459785203 560.0111213439724
    vertex 4218.640310922236 232.65344597852018 560.0111213439721
  endloop
endfacet
facet normal -3.9990131858182315e-15 -9.530629109072022e-15 -1.0
  outer loop
    vertex 4218.640310922236 232.65344597852018 560.0111213439721
    vertex 4230.114958844478 226.9284459785203 560.0111213439724
    vertex 4218.845106788371 232.1590250209803 560.0111213439721
  endloop
endfacet
facet normal -3.9990131858182315e-15 -9.530629109072022e-15 -1.0
  outer loop
    vertex 4218.845106788371 232.1590250209803 560.0111213439721
    vertex 4230.114958844478 226.9284459785203 560.0111213439724
    vertex 4218.914958844478 231.62844597852015 560.0111213439721
  endloop
endfacet
facet normal -3.9990131858182315e-15 -9.530629109072022e-15 -1.0
  outer loop
    vertex 4218.914958844478 231.62844597852015 560.0111213439721
    vertex 4230.114958844478 226.9284459785203 560.0111213439724
    vertex 4218.845106788371 231.09786693606 560.0111213439721
  endloop
endfacet
facet normal -3.9990131858182315e-15 -9.530629109072022e-15 -1.0
  outer loop
    vertex 4218.845106788371 231.09786693606 560.0111213439721
    vertex 4230.114958844478 226.9284459785203 560.0111213439724
    vertex 4218.640310922236 230.6034459785201 560.0111213439721
  endloop
endfacet
facet normal -3.9990131858182315e-15 -9.530629109072022e-15 -1.0
  outer loop
    vertex 4218.640310922236 230.6034459785201 560.0111213439721
    vertex 4230.114958844478 226.9284459785203 560.0111213439724
    vertex 4218.31452774591 230.1788770770877 560.0111213439721
  endloop
endfacet
facet normal -3.9990131858182315e-15 -9.530629109072022e-15 -1.0
  outer loop
    vertex 4218.31452774591 230.1788770770877 560.0111213439721
    vertex 4230.114958844478 226.9284459785203 560.0111213439724
    vertex 4217.889958844477 229.853093900762 560.0111213439721
  endloop
endfacet
facet normal -3.9990131858182315e-15 -9.530629109072022e-15 -1.0
  outer loop
    vertex 4217.889958844477 229.853093900762 560.0111213439721
    vertex 4230.114958844478 226.9284459785203 560.0111213439724
    vertex 4217.395537886938 229.64829803462746 560.0111213439721
  endloop
endfacet
facet normal -3.9990131858182315e-15 -9.530629109072022e-15 -1.0
  outer loop
    vertex 4217.395537886938 229.64829803462746 560.0111213439721
    vertex 4230.114958844478 226.9284459785203 560.0111213439724
    vertex 4216.864958844478 229.57844597852008 560.0111213439721
  endloop
endfacet
facet normal -3.9990131858182315e-15 -9.530629109072022e-15 -1.0
  outer loop
    vertex 4216.864958844478 229.57844597852008 560.0111213439721
    vertex 4230.114958844478 226.9284459785203 560.0111213439724
    vertex 4219.114958844478 226.92844597852041 560.0111213439725
  endloop
endfacet
facet normal -3.9990131858182315e-15 -9.530629109072022e-15 -1.0
  outer loop
    vertex 4230.114958844478 226.9284459785203 560.0111213439724
    vertex 4244.314958844478 212.12844597852043 560.0111213439723
    vertex 4230.114958844478 221.32844597852042 560.0111213439724
  endloop
endfacet
facet normal -3.9990131858182315e-15 -9.530629109072022e-15 -1.0
  outer loop
    vertex 4230.114958844478 221.32844597852042 560.0111213439724
    vertex 4244.314958844478 212.12844597852043 560.0111213439723
    vertex 4224.514958844478 221.32844597852042 560.0111213439724
  endloop
endfacet
facet normal -3.9990131858182315e-15 -9.530629109072022e-15 -1.0
  outer loop
    vertex 4224.514958844478 221.32844597852042 560.0111213439724
    vertex 4244.314958844478 212.12844597852043 560.0111213439723
    vertex 4239.332596934683 213.06029763109856 560.0111213439723
  endloop
endfacet
facet normal -3.9990131858182315e-15 -9.530629109072022e-15 -1.0
  outer loop
    vertex 4224.514958844478 221.32844597852042 560.0111213439724
    vertex 4239.332596934683 213.06029763109856 560.0111213439723
    vertex 4238.814958844478 213.12844597852038 560.0111213439723
  endloop
endfacet
facet normal -3.9990131858182315e-15 -9.530629109072022e-15 -1.0
  outer loop
    vertex 4239.332596934683 213.06029763109856 560.0111213439723
    vertex 4244.314958844478 212.12844597852043 560.0111213439723
    vertex 4239.814958844478 212.86049678608924 560.0111213439723
  endloop
endfacet
facet normal -3.9990131858182315e-15 -9.530629109072022e-15 -1.0
  outer loop
    vertex 4239.814958844478 212.86049678608924 560.0111213439723
    vertex 4244.314958844478 212.12844597852043 560.0111213439723
    vertex 4240.229172406851 212.54265954089348 560.0111213439723
  endloop
endfacet
facet normal -3.9990131858182315e-15 -9.530629109072022e-15 -1.0
  outer loop
    vertex 4240.229172406851 212.54265954089348 560.0111213439723
    vertex 4244.314958844478 212.12844597852043 560.0111213439723
    vertex 4240.547009652048 212.12844597852043 560.0111213439723
  endloop
endfacet
facet normal -3.9990131858182315e-15 -9.530629109072022e-15 -1.0
  outer loop
    vertex 4238.297320754273 213.06029763109856 560.0111213439723
    vertex 4204.814958844478 213.12844597851984 560.0111213439725
    vertex 4238.814958844478 213.12844597852038 560.0111213439723
  endloop
endfacet
facet normal -3.9990131858182315e-15 -9.530629109072022e-15 -1.0
  outer loop
    vertex 4204.814958844478 213.12844597851984 560.0111213439725
    vertex 4238.297320754273 213.06029763109856 560.0111213439723
    vertex 4205.332596934683 213.06029763109802 560.0111213439725
  endloop
endfacet
facet normal -3.9990131858182315e-15 -9.530629109072022e-15 -1.0
  outer loop
    vertex 4205.332596934683 213.06029763109802 560.0111213439725
    vertex 4238.297320754273 213.06029763109856 560.0111213439723
    vertex 4237.814958844478 212.86049678608924 560.0111213439723
  endloop
endfacet
facet normal -3.9990131858182315e-15 -9.530629109072022e-15 -1.0
  outer loop
    vertex 4205.332596934683 213.06029763109802 560.0111213439725
    vertex 4237.814958844478 212.86049678608924 560.0111213439723
    vertex 4205.814958844478 212.8604967860887 560.0111213439725
  endloop
endfacet
facet normal -3.9990131858182315e-15 -9.530629109072022e-15 -1.0
  outer loop
    vertex 4205.814958844478 212.8604967860887 560.0111213439725
    vertex 4237.814958844478 212.86049678608924 560.0111213439723
    vertex 4237.400745282105 212.54265954089348 560.0111213439723
  endloop
endfacet
facet normal -3.9990131858182315e-15 -9.530629109072022e-15 -1.0
  outer loop
    vertex 4205.814958844478 212.8604967860887 560.0111213439725
    vertex 4237.400745282105 212.54265954089348 560.0111213439723
    vertex 4206.22917240685 212.54265954089294 560.0111213439725
  endloop
endfacet
facet normal -3.9990131858182315e-15 -9.530629109072022e-15 -1.0
  outer loop
    vertex 4206.22917240685 212.54265954089294 560.0111213439725
    vertex 4237.400745282105 212.54265954089348 560.0111213439723
    vertex 4237.0829080369085 212.12844597852035 560.0111213439723
  endloop
endfacet
facet normal -3.9990131858182315e-15 -9.530629109072022e-15 -1.0
  outer loop
    vertex 4206.22917240685 212.54265954089294 560.0111213439725
    vertex 4237.0829080369085 212.12844597852035 560.0111213439723
    vertex 4206.547009652047 212.1284459785199 560.0111213439725
  endloop
endfacet
facet normal -3.9990131858182315e-15 -9.530629109072022e-15 -1.0
  outer loop
    vertex 4206.547009652047 212.1284459785199 560.0111213439725
    vertex 4237.0829080369085 212.12844597852035 560.0111213439723
    vertex 4236.883107191899 211.64608406872546 560.0111213439723
  endloop
endfacet
facet normal -3.9990131858182315e-15 -9.530629109072022e-15 -1.0
  outer loop
    vertex 4206.547009652047 212.1284459785199 560.0111213439725
    vertex 4236.883107191899 211.64608406872546 560.0111213439723
    vertex 4206.746810497056 211.64608406872492 560.0111213439725
  endloop
endfacet
facet normal -3.9990131858182315e-15 -9.530629109072022e-15 -1.0
  outer loop
    vertex 4206.746810497056 211.64608406872492 560.0111213439725
    vertex 4236.883107191899 211.64608406872546 560.0111213439723
    vertex 4236.8149588444785 211.12844597852038 560.0111213439723
  endloop
endfacet
facet normal -3.9990131858182315e-15 -9.530629109072022e-15 -1.0
  outer loop
    vertex 4206.746810497056 211.64608406872492 560.0111213439725
    vertex 4236.8149588444785 211.12844597852038 560.0111213439723
    vertex 4206.814958844478 211.12844597851984 560.0111213439725
  endloop
endfacet
facet normal -3.9990131858182315e-15 -9.530629109072022e-15 -1.0
  outer loop
    vertex 4206.814958844478 211.12844597851984 560.0111213439725
    vertex 4236.8149588444785 211.12844597852038 560.0111213439723
    vertex 4236.883107191899 210.61080788831532 560.0111213439723
  endloop
endfacet
facet normal -3.9990131858182315e-15 -9.530629109072022e-15 -1.0
  outer loop
    vertex 4206.814958844478 211.12844597851984 560.0111213439725
    vertex 4236.883107191899 210.61080788831532 560.0111213439723
    vertex 4206.746810497056 210.61080788831478 560.0111213439725
  endloop
endfacet
facet normal -3.9990131858182315e-15 -9.530629109072022e-15 -1.0
  outer loop
    vertex 4206.746810497056 210.61080788831478 560.0111213439725
    vertex 4236.883107191899 210.61080788831532 560.0111213439723
    vertex 4237.0829080369085 210.12844597852035 560.0111213439723
  endloop
endfacet
facet normal -3.9990131858182315e-15 -9.530629109072022e-15 -1.0
  outer loop
    vertex 4206.746810497056 210.61080788831478 560.0111213439725
    vertex 4237.0829080369085 210.12844597852035 560.0111213439723
    vertex 4206.547009652047 210.1284459785199 560.0111213439725
  endloop
endfacet
facet normal -3.9990131858182315e-15 -9.530629109072022e-15 -1.0
  outer loop
    vertex 4206.547009652047 210.1284459785199 560.0111213439725
    vertex 4237.0829080369085 210.12844597852035 560.0111213439723
    vertex 4237.400745282105 209.7142324161473 560.0111213439723
  endloop
endfacet
facet normal -3.9990131858182315e-15 -9.530629109072022e-15 -1.0
  outer loop
    vertex 4206.547009652047 210.1284459785199 560.0111213439725
    vertex 4237.400745282105 209.7142324161473 560.0111213439723
    vertex 4206.22917240685 209.71423241614676 560.0111213439725
  endloop
endfacet
facet normal -3.9990131858182315e-15 -9.530629109072022e-15 -1.0
  outer loop
    vertex 4206.22917240685 209.71423241614676 560.0111213439725
    vertex 4237.400745282105 209.7142324161473 560.0111213439723
    vertex 4237.814958844478 209.3963951709515 560.0111213439723
  endloop
endfacet
facet normal -3.9990131858182315e-15 -9.530629109072022e-15 -1.0
  outer loop
    vertex 4206.22917240685 209.71423241614676 560.0111213439725
    vertex 4237.814958844478 209.3963951709515 560.0111213439723
    vertex 4205.814958844478 209.39639517095097 560.0111213439725
  endloop
endfacet
facet normal -3.9990131858182315e-15 -9.530629109072022e-15 -1.0
  outer loop
    vertex 4205.814958844478 209.39639517095097 560.0111213439725
    vertex 4237.814958844478 209.3963951709515 560.0111213439723
    vertex 4238.297320754273 209.19659432594221 560.0111213439723
  endloop
endfacet
facet normal -3.9990131858182315e-15 -9.530629109072022e-15 -1.0
  outer loop
    vertex 4205.814958844478 209.39639517095097 560.0111213439725
    vertex 4238.297320754273 209.19659432594221 560.0111213439723
    vertex 4205.332596934683 209.19659432594167 560.0111213439725
  endloop
endfacet
facet normal -3.9990131858182315e-15 -9.530629109072022e-15 -1.0
  outer loop
    vertex 4205.332596934683 209.19659432594167 560.0111213439725
    vertex 4238.297320754273 209.19659432594221 560.0111213439723
    vertex 4238.814958844478 209.12844597852038 560.0111213439723
  endloop
endfacet
facet normal -3.9990131858182315e-15 -9.530629109072022e-15 -1.0
  outer loop
    vertex 4205.332596934683 209.19659432594167 560.0111213439725
    vertex 4238.814958844478 209.12844597852038 560.0111213439723
    vertex 4204.814958844478 209.12844597851984 560.0111213439725
  endloop
endfacet
facet normal -3.9990131858182315e-15 -9.530629109072022e-15 -1.0
  outer loop
    vertex 4242.314958844478 239.12844597851998 560.011121343972
    vertex 4200.869916976565 239.07830180288386 560.0111213439721
    vertex 4201.314958844478 239.12844597852023 560.0111213439721
  endloop
endfacet
facet normal -3.9990131858182315e-15 -9.530629109072022e-15 -1.0
  outer loop
    vertex 4200.869916976565 239.07830180288386 560.0111213439721
    vertex 4242.314958844478 239.12844597851998 560.011121343972
    vertex 4242.760000712391 239.0783018028837 560.011121343972
  endloop
endfacet
facet normal -3.9990131858182315e-15 -9.530629109072022e-15 -1.0
  outer loop
    vertex 4200.869916976565 239.07830180288386 560.0111213439721
    vertex 4242.760000712391 239.0783018028837 560.011121343972
    vertex 4200.447191366242 238.93038371432505 560.0111213439721
  endloop
endfacet
facet normal -3.9990131858182315e-15 -9.530629109072022e-15 -1.0
  outer loop
    vertex 4200.447191366242 238.93038371432505 560.0111213439721
    vertex 4242.760000712391 239.0783018028837 560.011121343972
    vertex 4243.182726322713 238.93038371432488 560.011121343972
  endloop
endfacet
facet normal -3.9990131858182315e-15 -9.530629109072022e-15 -1.0
  outer loop
    vertex 4200.447191366242 238.93038371432505 560.0111213439721
    vertex 4243.182726322713 238.93038371432488 560.011121343972
    vertex 4200.06797924076 238.6921089434563 560.0111213439721
  endloop
endfacet
facet normal -3.9990131858182315e-15 -9.530629109072022e-15 -1.0
  outer loop
    vertex 4200.06797924076 238.6921089434563 560.0111213439721
    vertex 4243.182726322713 238.93038371432488 560.011121343972
    vertex 4243.561938448195 238.69210894345613 560.011121343972
  endloop
endfacet
facet normal -3.9990131858182315e-15 -9.530629109072022e-15 -1.0
  outer loop
    vertex 4200.06797924076 238.6921089434563 560.0111213439721
    vertex 4243.561938448195 238.69210894345613 560.011121343972
    vertex 4199.751295879541 238.37542558223774 560.0111213439721
  endloop
endfacet
facet normal -3.9990131858182315e-15 -9.530629109072022e-15 -1.0
  outer loop
    vertex 4199.751295879541 238.37542558223774 560.0111213439721
    vertex 4243.561938448195 238.69210894345613 560.011121343972
    vertex 4243.878621809414 238.37542558223754 560.011121343972
  endloop
endfacet
facet normal -3.9990131858182315e-15 -9.530629109072022e-15 -1.0
  outer loop
    vertex 4199.751295879541 238.37542558223774 560.0111213439721
    vertex 4243.878621809414 238.37542558223754 560.011121343972
    vertex 4199.513021108673 237.99621345675538 560.0111213439721
  endloop
endfacet
facet normal -3.9990131858182315e-15 -9.530629109072022e-15 -1.0
  outer loop
    vertex 4199.513021108673 237.99621345675538 560.0111213439721
    vertex 4243.878621809414 238.37542558223754 560.011121343972
    vertex 4244.116896580283 237.99621345675519 560.011121343972
  endloop
endfacet
facet normal -3.9990131858182315e-15 -9.530629109072022e-15 -1.0
  outer loop
    vertex 4199.513021108673 237.99621345675538 560.0111213439721
    vertex 4244.116896580283 237.99621345675519 560.011121343972
    vertex 4199.365103020114 237.57348784643287 560.0111213439721
  endloop
endfacet
facet normal -3.9990131858182315e-15 -9.530629109072022e-15 -1.0
  outer loop
    vertex 4199.365103020114 237.57348784643287 560.0111213439721
    vertex 4244.116896580283 237.99621345675519 560.011121343972
    vertex 4244.264814668841 237.5734878464327 560.011121343972
  endloop
endfacet
facet normal -3.9990131858182315e-15 -9.530629109072022e-15 -1.0
  outer loop
    vertex 4199.365103020114 237.57348784643287 560.0111213439721
    vertex 4244.264814668841 237.5734878464327 560.011121343972
    vertex 4199.314958844478 237.12844597852023 560.0111213439721
  endloop
endfacet
facet normal -3.9990131858182315e-15 -9.530629109072022e-15 -1.0
  outer loop
    vertex 4199.314958844478 237.12844597852023 560.0111213439721
    vertex 4244.264814668841 237.5734878464327 560.011121343972
    vertex 4244.314958844478 237.12844597852006 560.011121343972
  endloop
endfacet
facet normal -3.9990131858182315e-15 -9.530629109072022e-15 -1.0
  outer loop
    vertex 4199.314958844478 237.12844597852023 560.0111213439721
    vertex 4244.314958844478 237.12844597852006 560.011121343972
    vertex 4216.864958844478 233.67844597852022 560.0111213439721
  endloop
endfacet
facet normal -3.9990131858182315e-15 -9.530629109072022e-15 -1.0
  outer loop
    vertex 4199.314958844478 237.12844597852023 560.0111213439721
    vertex 4216.864958844478 233.67844597852022 560.0111213439721
    vertex 4216.334379802018 233.60859392241284 560.0111213439721
  endloop
endfacet
facet normal -3.9990131858182315e-15 -9.530629109072022e-15 -1.0
  outer loop
    vertex 4199.314958844478 237.12844597852023 560.0111213439721
    vertex 4216.334379802018 233.60859392241284 560.0111213439721
    vertex 4215.839958844478 233.40379805627828 560.0111213439721
  endloop
endfacet
facet normal -3.9990131858182315e-15 -9.530629109072022e-15 -1.0
  outer loop
    vertex 4199.314958844478 237.12844597852023 560.0111213439721
    vertex 4215.839958844478 233.40379805627828 560.0111213439721
    vertex 4215.415389943046 233.0780148799526 560.0111213439723
  endloop
endfacet
facet normal -3.9990131858182315e-15 -9.530629109072022e-15 -1.0
  outer loop
    vertex 4199.314958844478 237.12844597852023 560.0111213439721
    vertex 4215.415389943046 233.0780148799526 560.0111213439723
    vertex 4199.314958844478 212.1284459785198 560.0111213439725
  endloop
endfacet
facet normal -3.9990131858182315e-15 -9.530629109072022e-15 -1.0
  outer loop
    vertex 4199.314958844478 212.1284459785198 560.0111213439725
    vertex 4215.415389943046 233.0780148799526 560.0111213439723
    vertex 4215.089606766719 232.65344597852018 560.0111213439723
  endloop
endfacet
facet normal -3.9990131858182315e-15 -9.530629109072022e-15 -1.0
  outer loop
    vertex 4199.314958844478 212.1284459785198 560.0111213439725
    vertex 4215.089606766719 232.65344597852018 560.0111213439723
    vertex 4214.884810900585 232.1590250209803 560.0111213439723
  endloop
endfacet
facet normal -3.9990131858182315e-15 -9.530629109072022e-15 -1.0
  outer loop
    vertex 4199.314958844478 212.1284459785198 560.0111213439725
    vertex 4214.884810900585 232.1590250209803 560.0111213439723
    vertex 4214.814958844478 231.62844597852015 560.0111213439723
  endloop
endfacet
facet normal -3.9990131858182315e-15 -9.530629109072022e-15 -1.0
  outer loop
    vertex 4199.314958844478 212.1284459785198 560.0111213439725
    vertex 4214.814958844478 231.62844597852015 560.0111213439723
    vertex 4214.884810900585 231.09786693606 560.0111213439723
  endloop
endfacet
facet normal -3.9990131858182315e-15 -9.530629109072022e-15 -1.0
  outer loop
    vertex 4199.314958844478 212.1284459785198 560.0111213439725
    vertex 4214.884810900585 231.09786693606 560.0111213439723
    vertex 4215.089606766719 230.6034459785201 560.0111213439723
  endloop
endfacet
facet normal -3.9990131858182315e-15 -9.530629109072022e-15 -1.0
  outer loop
    vertex 4199.314958844478 212.1284459785198 560.0111213439725
    vertex 4215.089606766719 230.6034459785201 560.0111213439723
    vertex 4215.415389943046 230.1788770770877 560.0111213439723
  endloop
endfacet
facet normal -3.9990131858182315e-15 -9.530629109072022e-15 -1.0
  outer loop
    vertex 4199.314958844478 212.1284459785198 560.0111213439725
    vertex 4215.415389943046 230.1788770770877 560.0111213439723
    vertex 4215.839958844478 229.853093900762 560.0111213439723
  endloop
endfacet
facet normal -3.9990131858182315e-15 -9.530629109072022e-15 -1.0
  outer loop
    vertex 4199.314958844478 212.1284459785198 560.0111213439725
    vertex 4215.839958844478 229.853093900762 560.0111213439723
    vertex 4213.514958844477 226.92844597852041 560.0111213439725
  endloop
endfacet
facet normal -3.9990131858182315e-15 -9.530629109072022e-15 -1.0
  outer loop
    vertex 4213.514958844477 226.92844597852041 560.0111213439725
    vertex 4215.839958844478 229.853093900762 560.0111213439723
    vertex 4216.334379802018 229.64829803462746 560.0111213439721
  endloop
endfacet
facet normal -3.9990131858182315e-15 -9.530629109072022e-15 -1.0
  outer loop
    vertex 4213.514958844477 226.92844597852041 560.0111213439725
    vertex 4216.334379802018 229.64829803462746 560.0111213439721
    vertex 4216.864958844478 229.57844597852008 560.0111213439721
  endloop
endfacet
facet normal -3.9990131858182315e-15 -9.530629109072022e-15 -1.0
  outer loop
    vertex 4213.514958844477 226.92844597852041 560.0111213439725
    vertex 4216.864958844478 229.57844597852008 560.0111213439721
    vertex 4219.114958844478 226.92844597852041 560.0111213439725
  endloop
endfacet
facet normal -3.9990131858182315e-15 -9.530629109072022e-15 -1.0
  outer loop
    vertex 4199.314958844478 212.1284459785198 560.0111213439725
    vertex 4213.514958844477 226.92844597852041 560.0111213439725
    vertex 4213.514958844477 221.3284459785205 560.0111213439725
  endloop
endfacet
facet normal -3.9990131858182315e-15 -9.530629109072022e-15 -1.0
  outer loop
    vertex 4199.314958844478 212.1284459785198 560.0111213439725
    vertex 4213.514958844477 221.3284459785205 560.0111213439725
    vertex 4224.514958844478 221.32844597852042 560.0111213439724
  endloop
endfacet
facet normal -3.9990131858182315e-15 -9.530629109072022e-15 -1.0
  outer loop
    vertex 4199.314958844478 212.1284459785198 560.0111213439725
    vertex 4224.514958844478 221.32844597852042 560.0111213439724
    vertex 4204.297320754273 213.06029763109802 560.0111213439725
  endloop
endfacet
facet normal -3.9990131858182315e-15 -9.530629109072022e-15 -1.0
  outer loop
    vertex 4204.297320754273 213.06029763109802 560.0111213439725
    vertex 4224.514958844478 221.32844597852042 560.0111213439724
    vertex 4204.814958844478 213.12844597851984 560.0111213439725
  endloop
endfacet
facet normal -3.9990131858182315e-15 -9.530629109072022e-15 -1.0
  outer loop
    vertex 4204.814958844478 213.12844597851984 560.0111213439725
    vertex 4224.514958844478 221.32844597852042 560.0111213439724
    vertex 4238.814958844478 213.12844597852038 560.0111213439723
  endloop
endfacet
facet normal -3.9990131858182315e-15 -9.530629109072022e-15 -1.0
  outer loop
    vertex 4199.314958844478 212.1284459785198 560.0111213439725
    vertex 4204.297320754273 213.06029763109802 560.0111213439725
    vertex 4203.814958844478 212.8604967860887 560.0111213439725
  endloop
endfacet
facet normal -3.9990131858182315e-15 -9.530629109072022e-15 -1.0
  outer loop
    vertex 4199.314958844478 212.1284459785198 560.0111213439725
    vertex 4203.814958844478 212.8604967860887 560.0111213439725
    vertex 4203.400745282104 212.54265954089294 560.0111213439725
  endloop
endfacet
facet normal -3.9990131858182315e-15 -9.530629109072022e-15 -1.0
  outer loop
    vertex 4199.314958844478 212.1284459785198 560.0111213439725
    vertex 4203.400745282104 212.54265954089294 560.0111213439725
    vertex 4203.0829080369085 212.1284459785198 560.0111213439725
  endloop
endfacet
facet normal -3.9990131858182315e-15 -9.530629109072022e-15 -1.0
  outer loop
    vertex 4231.8149588444785 206.48844597852164 560.0111213439718
    vertex 4212.400229810528 206.43080181973139 560.0111213439718
    vertex 4211.814958844479 206.48844597852192 560.0111213439718
  endloop
endfacet
facet normal -3.9990131858182315e-15 -9.530629109072022e-15 -1.0
  outer loop
    vertex 4212.400229810528 206.43080181973139 560.0111213439718
    vertex 4231.8149588444785 206.48844597852164 560.0111213439718
    vertex 4231.229687878431 206.43080181973065 560.0111213439718
  endloop
endfacet
facet normal -3.9990131858182315e-15 -9.530629109072022e-15 -1.0
  outer loop
    vertex 4212.400229810528 206.43080181973139 560.0111213439718
    vertex 4231.229687878431 206.43080181973065 560.0111213439718
    vertex 4212.963009141575 206.26008457605565 560.0111213439718
  endloop
endfacet
facet normal -3.9990131858182315e-15 -9.530629109072022e-15 -1.0
  outer loop
    vertex 4212.963009141575 206.26008457605565 560.0111213439718
    vertex 4231.229687878431 206.43080181973065 560.0111213439718
    vertex 4230.666908547385 206.26008457605556 560.0111213439718
  endloop
endfacet
facet normal -3.9990131858182315e-15 -9.530629109072022e-15 -1.0
  outer loop
    vertex 4212.963009141575 206.26008457605565 560.0111213439718
    vertex 4230.666908547385 206.26008457605556 560.0111213439718
    vertex 4213.481669543538 205.98285481542908 560.0111213439718
  endloop
endfacet
facet normal -3.9990131858182315e-15 -9.530629109072022e-15 -1.0
  outer loop
    vertex 4213.481669543538 205.98285481542908 560.0111213439718
    vertex 4230.666908547385 206.26008457605556 560.0111213439718
    vertex 4230.14824814542 205.98285481542882 560.0111213439718
  endloop
endfacet
facet normal -3.9990131858182315e-15 -9.530629109072022e-15 -1.0
  outer loop
    vertex 4213.481669543538 205.98285481542908 560.0111213439718
    vertex 4230.14824814542 205.98285481542882 560.0111213439718
    vertex 4213.936279188039 205.60976632208147 560.0111213439718
  endloop
endfacet
facet normal -3.9990131858182315e-15 -9.530629109072022e-15 -1.0
  outer loop
    vertex 4213.936279188039 205.60976632208147 560.0111213439718
    vertex 4230.14824814542 205.98285481542882 560.0111213439718
    vertex 4229.693638500919 205.6097663220803 560.0111213439718
  endloop
endfacet
facet normal -3.9990131858182315e-15 -9.530629109072022e-15 -1.0
  outer loop
    vertex 4213.936279188039 205.60976632208147 560.0111213439718
    vertex 4229.693638500919 205.6097663220803 560.0111213439718
    vertex 4222.864958844479 205.42844597852124 560.0111213439725
  endloop
endfacet
facet normal -3.9990131858182315e-15 -9.530629109072022e-15 -1.0
  outer loop
    vertex 4213.936279188039 205.60976632208147 560.0111213439718
    vertex 4222.864958844479 205.42844597852124 560.0111213439725
    vertex 4214.309367681387 205.1551566775806 560.0111213439718
  endloop
endfacet
facet normal -3.9990131858182315e-15 -9.530629109072022e-15 -1.0
  outer loop
    vertex 4214.309367681387 205.1551566775806 560.0111213439718
    vertex 4222.864958844479 205.42844597852124 560.0111213439725
    vertex 4222.334379802018 205.35859392241386 560.0111213439725
  endloop
endfacet
facet normal -3.9990131858182315e-15 -9.530629109072022e-15 -1.0
  outer loop
    vertex 4214.309367681387 205.1551566775806 560.0111213439718
    vertex 4222.334379802018 205.35859392241386 560.0111213439725
    vertex 4221.839958844479 205.15379805627938 560.0111213439725
  endloop
endfacet
facet normal -3.9990131858182315e-15 -9.530629109072022e-15 -1.0
  outer loop
    vertex 4214.309367681387 205.1551566775806 560.0111213439718
    vertex 4221.839958844479 205.15379805627938 560.0111213439725
    vertex 4214.586597442013 204.63649627561642 560.0111213439717
  endloop
endfacet
facet normal -3.9990131858182315e-15 -9.530629109072022e-15 -1.0
  outer loop
    vertex 4214.586597442013 204.63649627561642 560.0111213439717
    vertex 4221.839958844479 205.15379805627938 560.0111213439725
    vertex 4221.415389943046 204.8280148799537 560.0111213439725
  endloop
endfacet
facet normal -3.9990131858182315e-15 -9.530629109072022e-15 -1.0
  outer loop
    vertex 4214.586597442013 204.63649627561642 560.0111213439717
    vertex 4221.415389943046 204.8280148799537 560.0111213439725
    vertex 4221.08960676672 204.4034459785213 560.0111213439725
  endloop
endfacet
facet normal -3.9990131858182315e-15 -9.530629109072022e-15 -1.0
  outer loop
    vertex 4214.586597442013 204.63649627561642 560.0111213439717
    vertex 4221.08960676672 204.4034459785213 560.0111213439725
    vertex 4214.757314685689 204.07371694457026 560.0111213439717
  endloop
endfacet
facet normal -3.9990131858182315e-15 -9.530629109072022e-15 -1.0
  outer loop
    vertex 4214.757314685689 204.07371694457026 560.0111213439717
    vertex 4221.08960676672 204.4034459785213 560.0111213439725
    vertex 4220.884810900586 203.9090250209814 560.0111213439725
  endloop
endfacet
facet normal -3.9990131858182315e-15 -9.530629109072022e-15 -1.0
  outer loop
    vertex 4214.757314685689 204.07371694457026 560.0111213439717
    vertex 4220.884810900586 203.9090250209814 560.0111213439725
    vertex 4214.8149588444785 203.48844597852187 560.0111213439717
  endloop
endfacet
facet normal -3.9990131858182315e-15 -9.530629109072022e-15 -1.0
  outer loop
    vertex 4214.8149588444785 203.48844597852187 560.0111213439717
    vertex 4220.884810900586 203.9090250209814 560.0111213439725
    vertex 4220.8149588444785 203.37844597852126 560.0111213439725
  endloop
endfacet
facet normal -3.9990131858182315e-15 -9.530629109072022e-15 -1.0
  outer loop
    vertex 4214.8149588444785 203.48844597852187 560.0111213439717
    vertex 4220.8149588444785 203.37844597852126 560.0111213439725
    vertex 4214.757314685689 202.90317501247375 560.0111213439717
  endloop
endfacet
facet normal -3.9990131858182315e-15 -9.530629109072022e-15 -1.0
  outer loop
    vertex 4214.757314685689 202.90317501247375 560.0111213439717
    vertex 4220.8149588444785 203.37844597852126 560.0111213439725
    vertex 4220.8149588444785 198.68598024426092 560.0111213439727
  endloop
endfacet
facet normal -3.9990131858182315e-15 -9.530629109072022e-15 -1.0
  outer loop
    vertex 4214.757314685689 202.90317501247375 560.0111213439717
    vertex 4220.8149588444785 198.68598024426092 560.0111213439727
    vertex 4214.586597442013 202.34039568142623 560.0111213439717
  endloop
endfacet
facet normal -3.9990131858182315e-15 -9.530629109072022e-15 -1.0
  outer loop
    vertex 4214.586597442013 202.34039568142623 560.0111213439717
    vertex 4220.8149588444785 198.68598024426092 560.0111213439727
    vertex 4214.309367681387 201.82173527946296 560.0111213439717
  endloop
endfacet
facet normal -3.9990131858182315e-15 -9.530629109072022e-15 -1.0
  outer loop
    vertex 4214.309367681387 201.82173527946296 560.0111213439717
    vertex 4220.8149588444785 198.68598024426092 560.0111213439727
    vertex 4213.936279188039 201.36712563496226 560.0111213439717
  endloop
endfacet
facet normal -3.9990131858182315e-15 -9.530629109072022e-15 -1.0
  outer loop
    vertex 4213.936279188039 201.36712563496226 560.0111213439717
    vertex 4220.8149588444785 198.68598024426092 560.0111213439727
    vertex 4213.481669543538 200.99403714161357 560.0111213439717
  endloop
endfacet
facet normal -3.9990131858182315e-15 -9.530629109072022e-15 -1.0
  outer loop
    vertex 4213.481669543538 200.99403714161357 560.0111213439717
    vertex 4220.8149588444785 198.68598024426092 560.0111213439727
    vertex 4212.963009141575 200.71680738098837 560.0111213439717
  endloop
endfacet
facet normal -3.9990131858182315e-15 -9.530629109072022e-15 -1.0
  outer loop
    vertex 4212.963009141575 200.71680738098837 560.0111213439717
    vertex 4220.8149588444785 198.68598024426092 560.0111213439727
    vertex 4212.400229810528 200.546090137312 560.0111213439717
  endloop
endfacet
facet normal -3.9990131858182315e-15 -9.530629109072022e-15 -1.0
  outer loop
    vertex 4212.400229810528 200.546090137312 560.0111213439717
    vertex 4220.8149588444785 198.68598024426092 560.0111213439727
    vertex 4211.814958844479 200.488445978522 560.0111213439717
  endloop
endfacet
facet normal -3.9990131858182315e-15 -9.530629109072022e-15 -1.0
  outer loop
    vertex 4231.229687878429 186.4308018197315 560.0111213439718
    vertex 4211.814958844478 186.48844597852167 560.0111213439717
    vertex 4231.814958844478 186.48844597852175 560.0111213439718
  endloop
endfacet
facet normal -3.9990131858182315e-15 -9.530629109072022e-15 -1.0
  outer loop
    vertex 4211.814958844478 186.48844597852167 560.0111213439717
    vertex 4231.229687878429 186.4308018197315 560.0111213439718
    vertex 4212.400229810525 186.43080181973232 560.0111213439717
  endloop
endfacet
facet normal -3.9990131858182315e-15 -9.530629109072022e-15 -1.0
  outer loop
    vertex 4212.400229810525 186.43080181973232 560.0111213439717
    vertex 4231.229687878429 186.4308018197315 560.0111213439718
    vertex 4212.963009141573 186.2600845760556 560.0111213439717
  endloop
endfacet
facet normal -3.9990131858182315e-15 -9.530629109072022e-15 -1.0
  outer loop
    vertex 4212.963009141573 186.2600845760556 560.0111213439717
    vertex 4231.229687878429 186.4308018197315 560.0111213439718
    vertex 4230.666908547382 186.2600845760555 560.0111213439718
  endloop
endfacet
facet normal -3.9990131858182315e-15 -9.530629109072022e-15 -1.0
  outer loop
    vertex 4212.963009141573 186.2600845760556 560.0111213439717
    vertex 4230.666908547382 186.2600845760555 560.0111213439718
    vertex 4213.4816695435375 185.9828548154303 560.0111213439718
  endloop
endfacet
facet normal -3.9990131858182315e-15 -9.530629109072022e-15 -1.0
  outer loop
    vertex 4213.4816695435375 185.9828548154303 560.0111213439718
    vertex 4230.666908547382 186.2600845760555 560.0111213439718
    vertex 4230.1482481454195 185.98285481542914 560.0111213439719
  endloop
endfacet
facet normal -3.9990131858182315e-15 -9.530629109072022e-15 -1.0
  outer loop
    vertex 4213.4816695435375 185.9828548154303 560.0111213439718
    vertex 4230.1482481454195 185.98285481542914 560.0111213439719
    vertex 4213.9362791880385 185.6097663220814 560.0111213439718
  endloop
endfacet
facet normal -3.9990131858182315e-15 -9.530629109072022e-15 -1.0
  outer loop
    vertex 4213.9362791880385 185.6097663220814 560.0111213439718
    vertex 4230.1482481454195 185.98285481542914 560.0111213439719
    vertex 4229.693638500918 185.60976632208116 560.0111213439719
  endloop
endfacet
facet normal -3.9990131858182315e-15 -9.530629109072022e-15 -1.0
  outer loop
    vertex 4213.9362791880385 185.6097663220814 560.0111213439718
    vertex 4229.693638500918 185.60976632208116 560.0111213439719
    vertex 4214.309367681385 185.155156677581 560.0111213439718
  endloop
endfacet
facet normal -3.9990131858182315e-15 -9.530629109072022e-15 -1.0
  outer loop
    vertex 4214.309367681385 185.155156677581 560.0111213439718
    vertex 4229.693638500918 185.60976632208116 560.0111213439719
    vertex 4229.32055000757 185.15515667758018 560.0111213439719
  endloop
endfacet
facet normal -3.9990131858182315e-15 -9.530629109072022e-15 -1.0
  outer loop
    vertex 4214.309367681385 185.155156677581 560.0111213439718
    vertex 4229.32055000757 185.15515667758018 560.0111213439719
    vertex 4214.586597442012 184.6364962756169 560.0111213439717
  endloop
endfacet
facet normal -3.9990131858182315e-15 -9.530629109072022e-15 -1.0
  outer loop
    vertex 4214.586597442012 184.6364962756169 560.0111213439717
    vertex 4229.32055000757 185.15515667758018 560.0111213439719
    vertex 4229.043320246943 184.63649627561682 560.0111213439718
  endloop
endfacet
facet normal -3.9990131858182315e-15 -9.530629109072022e-15 -1.0
  outer loop
    vertex 4214.586597442012 184.6364962756169 560.0111213439717
    vertex 4229.043320246943 184.63649627561682 560.0111213439718
    vertex 4214.7573146856885 184.0737169445702 560.0111213439717
  endloop
endfacet
facet normal -3.9990131858182315e-15 -9.530629109072022e-15 -1.0
  outer loop
    vertex 4214.7573146856885 184.0737169445702 560.0111213439717
    vertex 4229.043320246943 184.63649627561682 560.0111213439718
    vertex 4228.8726030032685 184.07371694457012 560.0111213439718
  endloop
endfacet
facet normal -3.9990131858182315e-15 -9.530629109072022e-15 -1.0
  outer loop
    vertex 4214.7573146856885 184.0737169445702 560.0111213439717
    vertex 4228.8726030032685 184.07371694457012 560.0111213439718
    vertex 4214.814958844478 183.4884459785218 560.0111213439717
  endloop
endfacet
facet normal -3.9990131858182315e-15 -9.530629109072022e-15 -1.0
  outer loop
    vertex 4214.814958844478 183.4884459785218 560.0111213439717
    vertex 4228.8726030032685 184.07371694457012 560.0111213439718
    vertex 4228.814958844478 183.48844597852155 560.0111213439718
  endloop
endfacet
facet normal -3.9990131858182315e-15 -9.530629109072022e-15 -1.0
  outer loop
    vertex 4214.814958844478 183.4884459785218 560.0111213439717
    vertex 4228.814958844478 183.48844597852155 560.0111213439718
    vertex 4214.7573146856885 182.90317501247324 560.0111213439718
  endloop
endfacet
facet normal -3.9990131858182315e-15 -9.530629109072022e-15 -1.0
  outer loop
    vertex 4214.7573146856885 182.90317501247324 560.0111213439718
    vertex 4228.814958844478 183.48844597852155 560.0111213439718
    vertex 4228.8726030032685 182.90317501247353 560.0111213439718
  endloop
endfacet
facet normal -3.9990131858182315e-15 -9.530629109072022e-15 -1.0
  outer loop
    vertex 4214.7573146856885 182.90317501247324 560.0111213439718
    vertex 4228.8726030032685 182.90317501247353 560.0111213439718
    vertex 4229.043320246943 182.34039568142592 560.0111213439718
  endloop
endfacet
facet normal -3.9990131858182315e-15 -9.530629109072022e-15 -1.0
  outer loop
    vertex 4214.7573146856885 182.90317501247324 560.0111213439718
    vertex 4229.043320246943 182.34039568142592 560.0111213439718
    vertex 4214.586597442012 182.34039568142782 560.0111213439718
  endloop
endfacet
facet normal -3.9990131858182315e-15 -9.530629109072022e-15 -1.0
  outer loop
    vertex 4214.586597442012 182.34039568142782 560.0111213439718
    vertex 4229.043320246943 182.34039568142592 560.0111213439718
    vertex 4214.309367681385 181.82173527946352 560.0111213439718
  endloop
endfacet
facet normal -3.9990131858182315e-15 -9.530629109072022e-15 -1.0
  outer loop
    vertex 4214.309367681385 181.82173527946352 560.0111213439718
    vertex 4229.043320246943 182.34039568142592 560.0111213439718
    vertex 4229.32055000757 181.8217352794629 560.0111213439718
  endloop
endfacet
facet normal -3.9990131858182315e-15 -9.530629109072022e-15 -1.0
  outer loop
    vertex 4214.309367681385 181.82173527946352 560.0111213439718
    vertex 4229.32055000757 181.8217352794629 560.0111213439718
    vertex 4213.9362791880385 181.3671256349624 560.0111213439718
  endloop
endfacet
facet normal -3.9990131858182315e-15 -9.530629109072022e-15 -1.0
  outer loop
    vertex 4213.9362791880385 181.3671256349624 560.0111213439718
    vertex 4229.32055000757 181.8217352794629 560.0111213439718
    vertex 4229.693638500918 181.36712563496195 560.0111213439718
  endloop
endfacet
facet normal -3.9990131858182315e-15 -9.530629109072022e-15 -1.0
  outer loop
    vertex 4213.9362791880385 181.3671256349624 560.0111213439718
    vertex 4229.693638500918 181.36712563496195 560.0111213439718
    vertex 4213.4816695435375 180.99403714161497 560.0111213439718
  endloop
endfacet
facet normal -3.9990131858182315e-15 -9.530629109072022e-15 -1.0
  outer loop
    vertex 4213.4816695435375 180.99403714161497 560.0111213439718
    vertex 4229.693638500918 181.36712563496195 560.0111213439718
    vertex 4230.1482481454195 180.99403714161414 560.0111213439718
  endloop
endfacet
facet normal -3.9990131858182315e-15 -9.530629109072022e-15 -1.0
  outer loop
    vertex 4213.4816695435375 180.99403714161497 560.0111213439718
    vertex 4230.1482481454195 180.99403714161414 560.0111213439718
    vertex 4212.963009141573 180.71680738098786 560.0111213439718
  endloop
endfacet
facet normal -3.9990131858182315e-15 -9.530629109072022e-15 -1.0
  outer loop
    vertex 4212.963009141573 180.71680738098786 560.0111213439718
    vertex 4230.1482481454195 180.99403714161414 560.0111213439718
    vertex 4230.666908547384 180.7168073809883 560.0111213439718
  endloop
endfacet
facet normal -3.9990131858182315e-15 -9.530629109072022e-15 -1.0
  outer loop
    vertex 4212.963009141573 180.71680738098786 560.0111213439718
    vertex 4230.666908547384 180.7168073809883 560.0111213439718
    vertex 4231.22968787843 180.54609013731212 560.0111213439718
  endloop
endfacet
facet normal -3.9990131858182315e-15 -9.530629109072022e-15 -1.0
  outer loop
    vertex 4212.963009141573 180.71680738098786 560.0111213439718
    vertex 4231.22968787843 180.54609013731212 560.0111213439718
    vertex 4212.400229810526 180.54609013731204 560.0111213439718
  endloop
endfacet
facet normal -3.9990131858182315e-15 -9.530629109072022e-15 -1.0
  outer loop
    vertex 4212.400229810526 180.54609013731204 560.0111213439718
    vertex 4231.22968787843 180.54609013731212 560.0111213439718
    vertex 4231.814958844478 180.48844597852187 560.0111213439718
  endloop
endfacet
facet normal -3.9990131858182315e-15 -9.530629109072022e-15 -1.0
  outer loop
    vertex 4212.400229810526 180.54609013731204 560.0111213439718
    vertex 4231.814958844478 180.48844597852187 560.0111213439718
    vertex 4211.8149588444785 180.48844597852178 560.0111213439718
  endloop
endfacet
facet normal -3.9990131858182315e-15 -9.530629109072022e-15 -1.0
  outer loop
    vertex 4229.320550007571 205.15515667758098 560.0111213439718
    vertex 4222.864958844479 205.42844597852124 560.0111213439725
    vertex 4229.693638500919 205.6097663220803 560.0111213439718
  endloop
endfacet
facet normal -3.9990131858182315e-15 -9.530629109072022e-15 -1.0
  outer loop
    vertex 4222.864958844479 205.42844597852124 560.0111213439725
    vertex 4229.320550007571 205.15515667758098 560.0111213439718
    vertex 4223.395537886939 205.35859392241375 560.0111213439725
  endloop
endfacet
facet normal -3.9990131858182315e-15 -9.530629109072022e-15 -1.0
  outer loop
    vertex 4223.395537886939 205.35859392241375 560.0111213439725
    vertex 4229.320550007571 205.15515667758098 560.0111213439718
    vertex 4223.889958844479 205.1537980562793 560.0111213439725
  endloop
endfacet
facet normal -3.9990131858182315e-15 -9.530629109072022e-15 -1.0
  outer loop
    vertex 4223.889958844479 205.1537980562793 560.0111213439725
    vertex 4229.320550007571 205.15515667758098 560.0111213439718
    vertex 4229.043320246946 204.63649627561597 560.0111213439717
  endloop
endfacet
facet normal -3.9990131858182315e-15 -9.530629109072022e-15 -1.0
  outer loop
    vertex 4223.889958844479 205.1537980562793 560.0111213439725
    vertex 4229.043320246946 204.63649627561597 560.0111213439717
    vertex 4224.314527745911 204.8280148799536 560.0111213439725
  endloop
endfacet
facet normal -3.9990131858182315e-15 -9.530629109072022e-15 -1.0
  outer loop
    vertex 4224.314527745911 204.8280148799536 560.0111213439725
    vertex 4229.043320246946 204.63649627561597 560.0111213439717
    vertex 4224.6403109222365 204.4034459785211 560.0111213439725
  endloop
endfacet
facet normal -3.9990131858182315e-15 -9.530629109072022e-15 -1.0
  outer loop
    vertex 4224.6403109222365 204.4034459785211 560.0111213439725
    vertex 4229.043320246946 204.63649627561597 560.0111213439717
    vertex 4228.8726030032685 204.07371694457018 560.0111213439717
  endloop
endfacet
facet normal -3.9990131858182315e-15 -9.530629109072022e-15 -1.0
  outer loop
    vertex 4224.6403109222365 204.4034459785211 560.0111213439725
    vertex 4228.8726030032685 204.07371694457018 560.0111213439717
    vertex 4224.845106788372 203.9090250209812 560.0111213439725
  endloop
endfacet
facet normal -3.9990131858182315e-15 -9.530629109072022e-15 -1.0
  outer loop
    vertex 4224.845106788372 203.9090250209812 560.0111213439725
    vertex 4228.8726030032685 204.07371694457018 560.0111213439717
    vertex 4228.8149588444785 203.4884459785207 560.0111213439717
  endloop
endfacet
facet normal -3.9990131858182315e-15 -9.530629109072022e-15 -1.0
  outer loop
    vertex 4224.845106788372 203.9090250209812 560.0111213439725
    vertex 4228.8149588444785 203.4884459785207 560.0111213439717
    vertex 4224.914958844479 203.37844597852106 560.0111213439725
  endloop
endfacet
facet normal -3.9990131858182315e-15 -9.530629109072022e-15 -1.0
  outer loop
    vertex 4224.914958844479 203.37844597852106 560.0111213439725
    vertex 4228.8149588444785 203.4884459785207 560.0111213439717
    vertex 4228.8726030032685 202.90317501247267 560.0111213439717
  endloop
endfacet
facet normal -3.9990131858182315e-15 -9.530629109072022e-15 -1.0
  outer loop
    vertex 4224.914958844479 203.37844597852106 560.0111213439725
    vertex 4228.8726030032685 202.90317501247267 560.0111213439717
    vertex 4224.914958844479 198.68598024425884 560.0111213439727
  endloop
endfacet
facet normal -3.9990131858182315e-15 -9.530629109072022e-15 -1.0
  outer loop
    vertex 4224.914958844479 198.68598024425884 560.0111213439727
    vertex 4228.8726030032685 202.90317501247267 560.0111213439717
    vertex 4229.043320246946 202.3403956814256 560.0111213439717
  endloop
endfacet
facet normal -3.9990131858182315e-15 -9.530629109072022e-15 -1.0
  outer loop
    vertex 4224.914958844479 198.68598024425884 560.0111213439727
    vertex 4229.043320246946 202.3403956814256 560.0111213439717
    vertex 4229.320550007571 201.82173527946242 560.0111213439717
  endloop
endfacet
facet normal -3.9990131858182315e-15 -9.530629109072022e-15 -1.0
  outer loop
    vertex 4224.914958844479 198.68598024425884 560.0111213439727
    vertex 4229.320550007571 201.82173527946242 560.0111213439717
    vertex 4229.693638500919 201.3671256349611 560.0111213439717
  endloop
endfacet
facet normal -3.9990131858182315e-15 -9.530629109072022e-15 -1.0
  outer loop
    vertex 4224.914958844479 198.68598024425884 560.0111213439727
    vertex 4229.693638500919 201.3671256349611 560.0111213439717
    vertex 4230.14824814542 200.9940371416133 560.0111213439717
  endloop
endfacet
facet normal -3.9990131858182315e-15 -9.530629109072022e-15 -1.0
  outer loop
    vertex 4224.914958844479 198.68598024425884 560.0111213439727
    vertex 4230.14824814542 200.9940371416133 560.0111213439717
    vertex 4230.666908547385 200.7168073809873 560.0111213439717
  endloop
endfacet
facet normal -3.9990131858182315e-15 -9.530629109072022e-15 -1.0
  outer loop
    vertex 4224.914958844479 198.68598024425884 560.0111213439727
    vertex 4230.666908547385 200.7168073809873 560.0111213439717
    vertex 4231.229687878431 200.54609013731147 560.0111213439717
  endloop
endfacet
facet normal -3.9990131858182315e-15 -9.530629109072022e-15 -1.0
  outer loop
    vertex 4224.914958844479 198.68598024425884 560.0111213439727
    vertex 4231.229687878431 200.54609013731147 560.0111213439717
    vertex 4231.8149588444785 200.48844597852084 560.0111213439717
  endloop
endfacet
facet normal -3.9990131858182315e-15 -9.530629109072022e-15 -1.0
  outer loop
    vertex 4239.314958844478 177.48844597852064 560.0111213439724
    vertex 4233.263847583911 177.37667454617403 560.0111213439723
    vertex 4233.113996950155 177.73844597852025 560.0111213439723
  endloop
endfacet
facet normal -3.9990131858182315e-15 -9.530629109072022e-15 -1.0
  outer loop
    vertex 4233.263847583911 177.37667454617403 560.0111213439723
    vertex 4239.314958844478 177.48844597852064 560.0111213439724
    vertex 4239.022323361453 177.45962389912543 560.0111213439724
  endloop
endfacet
facet normal -3.9990131858182315e-15 -9.530629109072022e-15 -1.0
  outer loop
    vertex 4233.263847583911 177.37667454617403 560.0111213439723
    vertex 4239.022323361453 177.45962389912543 560.0111213439724
    vertex 4238.74093369593 177.37426527728752 560.0111213439724
  endloop
endfacet
facet normal -3.9990131858182315e-15 -9.530629109072022e-15 -1.0
  outer loop
    vertex 4233.263847583911 177.37667454617403 560.0111213439723
    vertex 4238.74093369593 177.37426527728752 560.0111213439724
    vertex 4233.3149588444785 176.98844597852022 560.0111213439723
  endloop
endfacet
facet normal -3.9990131858182315e-15 -9.530629109072022e-15 -1.0
  outer loop
    vertex 4233.3149588444785 176.98844597852022 560.0111213439723
    vertex 4238.74093369593 177.37426527728752 560.0111213439724
    vertex 4238.481603494948 177.23565039697434 560.0111213439724
  endloop
endfacet
facet normal -3.9990131858182315e-15 -9.530629109072022e-15 -1.0
  outer loop
    vertex 4233.3149588444785 176.98844597852022 560.0111213439723
    vertex 4238.481603494948 177.23565039697434 560.0111213439724
    vertex 4238.254298672698 177.04910615030045 560.0111213439724
  endloop
endfacet
facet normal -3.9990131858182315e-15 -9.530629109072022e-15 -1.0
  outer loop
    vertex 4233.3149588444785 176.98844597852022 560.0111213439723
    vertex 4238.254298672698 177.04910615030045 560.0111213439724
    vertex 4238.067754426024 176.82180132805004 560.0111213439724
  endloop
endfacet
facet normal -3.9990131858182315e-15 -9.530629109072022e-15 -1.0
  outer loop
    vertex 4233.3149588444785 176.98844597852022 560.0111213439723
    vertex 4238.067754426024 176.82180132805004 560.0111213439724
    vertex 4233.263847583911 176.60021741086643 560.0111213439723
  endloop
endfacet
facet normal -3.9990131858182315e-15 -9.530629109072022e-15 -1.0
  outer loop
    vertex 4233.263847583911 176.60021741086643 560.0111213439723
    vertex 4238.067754426024 176.82180132805004 560.0111213439724
    vertex 4237.929139545711 176.56247112706828 560.0111213439724
  endloop
endfacet
facet normal -3.9990131858182315e-15 -9.530629109072022e-15 -1.0
  outer loop
    vertex 4233.263847583911 176.60021741086643 560.0111213439723
    vertex 4237.929139545711 176.56247112706828 560.0111213439724
    vertex 4233.113996950155 176.23844597852022 560.0111213439723
  endloop
endfacet
facet normal -3.9990131858182315e-15 -9.530629109072022e-15 -1.0
  outer loop
    vertex 4233.113996950155 176.23844597852022 560.0111213439723
    vertex 4237.929139545711 176.56247112706828 560.0111213439724
    vertex 4237.843780923873 176.28108146154483 560.0111213439724
  endloop
endfacet
facet normal -3.9990131858182315e-15 -9.530629109072022e-15 -1.0
  outer loop
    vertex 4233.113996950155 176.23844597852022 560.0111213439723
    vertex 4237.843780923873 176.28108146154483 560.0111213439724
    vertex 4237.814958844478 175.98844597852064 560.0111213439724
  endloop
endfacet
facet normal -3.9990131858182315e-15 -9.530629109072022e-15 -1.0
  outer loop
    vertex 4233.113996950155 176.23844597852022 560.0111213439723
    vertex 4237.814958844478 175.98844597852064 560.0111213439724
    vertex 4232.875619016258 175.92778580674042 560.0111213439723
  endloop
endfacet
facet normal -3.9990131858182315e-15 -9.530629109072022e-15 -1.0
  outer loop
    vertex 4232.875619016258 175.92778580674042 560.0111213439723
    vertex 4237.814958844478 175.98844597852064 560.0111213439724
    vertex 4237.843780923873 175.69581049549643 560.0111213439724
  endloop
endfacet
facet normal -3.9990131858182315e-15 -9.530629109072022e-15 -1.0
  outer loop
    vertex 4232.875619016258 175.92778580674042 560.0111213439723
    vertex 4237.843780923873 175.69581049549643 560.0111213439724
    vertex 4232.564958844478 175.68940787284356 560.0111213439723
  endloop
endfacet
facet normal -3.9990131858182315e-15 -9.530629109072022e-15 -1.0
  outer loop
    vertex 4232.564958844478 175.68940787284356 560.0111213439723
    vertex 4237.843780923873 175.69581049549643 560.0111213439724
    vertex 4237.929139545711 175.414420829973 560.0111213439723
  endloop
endfacet
facet normal -3.9990131858182315e-15 -9.530629109072022e-15 -1.0
  outer loop
    vertex 4232.564958844478 175.68940787284356 560.0111213439723
    vertex 4237.929139545711 175.414420829973 560.0111213439723
    vertex 4232.203187412132 175.53955723908663 560.0111213439723
  endloop
endfacet
facet normal -3.9990131858182315e-15 -9.530629109072022e-15 -1.0
  outer loop
    vertex 4232.203187412132 175.53955723908663 560.0111213439723
    vertex 4237.929139545711 175.414420829973 560.0111213439723
    vertex 4231.814958844478 175.48844597852022 560.0111213439723
  endloop
endfacet
facet normal -3.9990131858182315e-15 -9.530629109072022e-15 -1.0
  outer loop
    vertex 4231.814958844478 175.48844597852022 560.0111213439723
    vertex 4237.929139545711 175.414420829973 560.0111213439723
    vertex 4211.8149588444785 175.48844597852022 560.0111213439725
  endloop
endfacet
facet normal -3.9990131858182315e-15 -9.530629109072022e-15 -1.0
  outer loop
    vertex 4244.314958844478 171.98844597852028 560.0111213439725
    vertex 4240.547009652048 210.12844597852043 560.0111213439723
    vertex 4244.314958844478 210.12844597852052 560.0111213439723
  endloop
endfacet
facet normal -3.9990131858182315e-15 -9.530629109072022e-15 -1.0
  outer loop
    vertex 4240.547009652048 210.12844597852043 560.0111213439723
    vertex 4244.314958844478 171.98844597852028 560.0111213439725
    vertex 4240.229172406851 209.7142324161473 560.0111213439723
  endloop
endfacet
facet normal -3.9990131858182315e-15 -9.530629109072022e-15 -1.0
  outer loop
    vertex 4240.229172406851 209.7142324161473 560.0111213439723
    vertex 4244.314958844478 171.98844597852028 560.0111213439725
    vertex 4239.814958844478 209.3963951709515 560.0111213439723
  endloop
endfacet
facet normal -3.9990131858182315e-15 -9.530629109072022e-15 -1.0
  outer loop
    vertex 4239.814958844478 209.3963951709515 560.0111213439723
    vertex 4244.314958844478 171.98844597852028 560.0111213439725
    vertex 4239.332596934683 209.19659432594221 560.0111213439723
  endloop
endfacet
facet normal -3.9990131858182315e-15 -9.530629109072022e-15 -1.0
  outer loop
    vertex 4239.332596934683 209.19659432594221 560.0111213439723
    vertex 4244.314958844478 171.98844597852028 560.0111213439725
    vertex 4238.814958844478 209.12844597852038 560.0111213439723
  endloop
endfacet
facet normal -3.9990131858182315e-15 -9.530629109072022e-15 -1.0
  outer loop
    vertex 4238.814958844478 209.12844597852038 560.0111213439723
    vertex 4244.314958844478 171.98844597852028 560.0111213439725
    vertex 4234.7573146856885 204.07371694457018 560.0111213439717
  endloop
endfacet
facet normal -3.9990131858182315e-15 -9.530629109072022e-15 -1.0
  outer loop
    vertex 4238.814958844478 209.12844597852038 560.0111213439723
    vertex 4234.7573146856885 204.07371694457018 560.0111213439717
    vertex 4234.586597442011 204.63649627561597 560.0111213439717
  endloop
endfacet
facet normal -3.9990131858182315e-15 -9.530629109072022e-15 -1.0
  outer loop
    vertex 4238.814958844478 209.12844597852038 560.0111213439723
    vertex 4234.586597442011 204.63649627561597 560.0111213439717
    vertex 4234.309367681388 205.15515667758098 560.0111213439718
  endloop
endfacet
facet normal -3.9990131858182315e-15 -9.530629109072022e-15 -1.0
  outer loop
    vertex 4238.814958844478 209.12844597852038 560.0111213439723
    vertex 4234.309367681388 205.15515667758098 560.0111213439718
    vertex 4233.9362791880385 205.6097663220803 560.0111213439718
  endloop
endfacet
facet normal -3.9990131858182315e-15 -9.530629109072022e-15 -1.0
  outer loop
    vertex 4238.814958844478 209.12844597852038 560.0111213439723
    vertex 4233.9362791880385 205.6097663220803 560.0111213439718
    vertex 4233.4816695435375 205.98285481542882 560.0111213439718
  endloop
endfacet
facet normal -3.9990131858182315e-15 -9.530629109072022e-15 -1.0
  outer loop
    vertex 4238.814958844478 209.12844597852038 560.0111213439723
    vertex 4233.4816695435375 205.98285481542882 560.0111213439718
    vertex 4232.963009141575 206.26008457605556 560.0111213439718
  endloop
endfacet
facet normal -3.9990131858182315e-15 -9.530629109072022e-15 -1.0
  outer loop
    vertex 4238.814958844478 209.12844597852038 560.0111213439723
    vertex 4232.963009141575 206.26008457605556 560.0111213439718
    vertex 4232.400229810526 206.43080181973065 560.0111213439718
  endloop
endfacet
facet normal -3.9990131858182315e-15 -9.530629109072022e-15 -1.0
  outer loop
    vertex 4238.814958844478 209.12844597852038 560.0111213439723
    vertex 4232.400229810526 206.43080181973065 560.0111213439718
    vertex 4231.8149588444785 206.48844597852164 560.0111213439718
  endloop
endfacet
facet normal -3.9990131858182315e-15 -9.530629109072022e-15 -1.0
  outer loop
    vertex 4238.814958844478 209.12844597852038 560.0111213439723
    vertex 4231.8149588444785 206.48844597852164 560.0111213439718
    vertex 4204.814958844478 209.12844597851984 560.0111213439725
  endloop
endfacet
facet normal -3.9990131858182315e-15 -9.530629109072022e-15 -1.0
  outer loop
    vertex 4204.814958844478 209.12844597851984 560.0111213439725
    vertex 4231.8149588444785 206.48844597852164 560.0111213439718
    vertex 4211.814958844479 206.48844597852192 560.0111213439718
  endloop
endfacet
facet normal -3.9990131858182315e-15 -9.530629109072022e-15 -1.0
  outer loop
    vertex 4234.7573146856885 204.07371694457018 560.0111213439717
    vertex 4244.314958844478 171.98844597852028 560.0111213439725
    vertex 4234.8149588444785 203.4884459785207 560.0111213439717
  endloop
endfacet
facet normal -3.9990131858182315e-15 -9.530629109072022e-15 -1.0
  outer loop
    vertex 4234.8149588444785 203.4884459785207 560.0111213439717
    vertex 4244.314958844478 171.98844597852028 560.0111213439725
    vertex 4234.7573146856885 202.90317501247267 560.0111213439717
  endloop
endfacet
facet normal -3.9990131858182315e-15 -9.530629109072022e-15 -1.0
  outer loop
    vertex 4234.7573146856885 202.90317501247267 560.0111213439717
    vertex 4244.314958844478 171.98844597852028 560.0111213439725
    vertex 4234.586597442011 202.3403956814256 560.0111213439717
  endloop
endfacet
facet normal -3.9990131858182315e-15 -9.530629109072022e-15 -1.0
  outer loop
    vertex 4234.586597442011 202.3403956814256 560.0111213439717
    vertex 4244.314958844478 171.98844597852028 560.0111213439725
    vertex 4234.309367681388 201.82173527946242 560.0111213439717
  endloop
endfacet
facet normal -3.9990131858182315e-15 -9.530629109072022e-15 -1.0
  outer loop
    vertex 4234.309367681388 201.82173527946242 560.0111213439717
    vertex 4244.314958844478 171.98844597852028 560.0111213439725
    vertex 4233.9362791880385 201.3671256349611 560.0111213439717
  endloop
endfacet
facet normal -3.9990131858182315e-15 -9.530629109072022e-15 -1.0
  outer loop
    vertex 4233.9362791880385 201.3671256349611 560.0111213439717
    vertex 4244.314958844478 171.98844597852028 560.0111213439725
    vertex 4233.4816695435375 200.9940371416133 560.0111213439717
  endloop
endfacet
facet normal -3.9990131858182315e-15 -9.530629109072022e-15 -1.0
  outer loop
    vertex 4233.4816695435375 200.9940371416133 560.0111213439717
    vertex 4244.314958844478 171.98844597852028 560.0111213439725
    vertex 4232.963009141575 200.7168073809873 560.0111213439717
  endloop
endfacet
facet normal -3.9990131858182315e-15 -9.530629109072022e-15 -1.0
  outer loop
    vertex 4232.963009141575 200.7168073809873 560.0111213439717
    vertex 4244.314958844478 171.98844597852028 560.0111213439725
    vertex 4232.400229810526 200.54609013731147 560.0111213439717
  endloop
endfacet
facet normal -3.9990131858182315e-15 -9.530629109072022e-15 -1.0
  outer loop
    vertex 4232.400229810526 200.54609013731147 560.0111213439717
    vertex 4244.314958844478 171.98844597852028 560.0111213439725
    vertex 4231.8149588444785 200.48844597852084 560.0111213439717
  endloop
endfacet
facet normal -3.9990131858182315e-15 -9.530629109072022e-15 -1.0
  outer loop
    vertex 4231.8149588444785 200.48844597852084 560.0111213439717
    vertex 4244.314958844478 171.98844597852028 560.0111213439725
    vertex 4226.329060459614 197.2602449785212 560.011121343973
  endloop
endfacet
facet normal -3.9990131858182315e-15 -9.530629109072022e-15 -1.0
  outer loop
    vertex 4231.8149588444785 200.48844597852084 560.0111213439717
    vertex 4226.329060459614 197.2602449785212 560.011121343973
    vertex 4225.6933859692235 198.08867210326738 560.011121343973
  endloop
endfacet
facet normal -3.9990131858182315e-15 -9.530629109072022e-15 -1.0
  outer loop
    vertex 4231.8149588444785 200.48844597852084 560.0111213439717
    vertex 4225.6933859692235 198.08867210326738 560.011121343973
    vertex 4224.914958844479 198.68598024425884 560.0111213439727
  endloop
endfacet
facet normal -3.9990131858182315e-15 -9.530629109072022e-15 -1.0
  outer loop
    vertex 4226.329060459614 197.2602449785212 560.011121343973
    vertex 4244.314958844478 171.98844597852028 560.0111213439725
    vertex 4226.728662149633 196.29552115893122 560.011121343973
  endloop
endfacet
facet normal -3.9990131858182315e-15 -9.530629109072022e-15 -1.0
  outer loop
    vertex 4226.728662149633 196.29552115893122 560.011121343973
    vertex 4244.314958844478 171.98844597852028 560.0111213439725
    vertex 4226.864958844478 195.2602449785212 560.011121343973
  endloop
endfacet
facet normal -3.9990131858182315e-15 -9.530629109072022e-15 -1.0
  outer loop
    vertex 4226.864958844478 195.2602449785212 560.011121343973
    vertex 4244.314958844478 171.98844597852028 560.0111213439725
    vertex 4234.309367681385 185.15515667758038 560.0111213439719
  endloop
endfacet
facet normal -3.9990131858182315e-15 -9.530629109072022e-15 -1.0
  outer loop
    vertex 4226.864958844478 195.2602449785212 560.011121343973
    vertex 4234.309367681385 185.15515667758038 560.0111213439719
    vertex 4233.936279188037 185.60976632208133 560.0111213439719
  endloop
endfacet
facet normal -3.9990131858182315e-15 -9.530629109072022e-15 -1.0
  outer loop
    vertex 4226.864958844478 195.2602449785212 560.011121343973
    vertex 4233.936279188037 185.60976632208133 560.0111213439719
    vertex 4226.728662149633 194.22496879811115 560.011121343973
  endloop
endfacet
facet normal -3.9990131858182315e-15 -9.530629109072022e-15 -1.0
  outer loop
    vertex 4226.728662149633 194.22496879811115 560.011121343973
    vertex 4233.936279188037 185.60976632208133 560.0111213439719
    vertex 4226.329060459614 193.2602449785212 560.011121343973
  endloop
endfacet
facet normal -3.9990131858182315e-15 -9.530629109072022e-15 -1.0
  outer loop
    vertex 4226.329060459614 193.2602449785212 560.011121343973
    vertex 4233.936279188037 185.60976632208133 560.0111213439719
    vertex 4225.6933859692235 192.431817853775 560.011121343973
  endloop
endfacet
facet normal -3.9990131858182315e-15 -9.530629109072022e-15 -1.0
  outer loop
    vertex 4225.6933859692235 192.431817853775 560.011121343973
    vertex 4233.936279188037 185.60976632208133 560.0111213439719
    vertex 4233.481669543537 185.98285481542914 560.0111213439719
  endloop
endfacet
facet normal -3.9990131858182315e-15 -9.530629109072022e-15 -1.0
  outer loop
    vertex 4225.6933859692235 192.431817853775 560.011121343973
    vertex 4233.481669543537 185.98285481542914 560.0111213439719
    vertex 4224.864958844477 191.79614336338346 560.011121343973
  endloop
endfacet
facet normal -3.9990131858182315e-15 -9.530629109072022e-15 -1.0
  outer loop
    vertex 4224.864958844477 191.79614336338346 560.011121343973
    vertex 4233.481669543537 185.98285481542914 560.0111213439719
    vertex 4223.9002350248875 191.39654167336494 560.011121343973
  endloop
endfacet
facet normal -3.9990131858182315e-15 -9.530629109072022e-15 -1.0
  outer loop
    vertex 4223.9002350248875 191.39654167336494 560.011121343973
    vertex 4233.481669543537 185.98285481542914 560.0111213439719
    vertex 4232.963009141573 186.2600845760555 560.0111213439718
  endloop
endfacet
facet normal -3.9990131858182315e-15 -9.530629109072022e-15 -1.0
  outer loop
    vertex 4223.9002350248875 191.39654167336494 560.011121343973
    vertex 4232.963009141573 186.2600845760555 560.0111213439718
    vertex 4222.864958844477 191.2602449785212 560.011121343973
  endloop
endfacet
facet normal -3.9990131858182315e-15 -9.530629109072022e-15 -1.0
  outer loop
    vertex 4222.864958844477 191.2602449785212 560.011121343973
    vertex 4232.963009141573 186.2600845760555 560.0111213439718
    vertex 4232.400229810526 186.4308018197317 560.0111213439718
  endloop
endfacet
facet normal -3.9990131858182315e-15 -9.530629109072022e-15 -1.0
  outer loop
    vertex 4222.864958844477 191.2602449785212 560.011121343973
    vertex 4232.400229810526 186.4308018197317 560.0111213439718
    vertex 4231.814958844478 186.48844597852175 560.0111213439718
  endloop
endfacet
facet normal -3.9990131858182315e-15 -9.530629109072022e-15 -1.0
  outer loop
    vertex 4234.309367681385 185.15515667758038 560.0111213439719
    vertex 4244.314958844478 171.98844597852028 560.0111213439725
    vertex 4234.586597442011 184.63649627561716 560.0111213439718
  endloop
endfacet
facet normal -3.9990131858182315e-15 -9.530629109072022e-15 -1.0
  outer loop
    vertex 4234.586597442011 184.63649627561716 560.0111213439718
    vertex 4244.314958844478 171.98844597852028 560.0111213439725
    vertex 4240.562163262932 176.82180132805004 560.0111213439723
  endloop
endfacet
facet normal -3.9990131858182315e-15 -9.530629109072022e-15 -1.0
  outer loop
    vertex 4234.586597442011 184.63649627561716 560.0111213439718
    vertex 4240.562163262932 176.82180132805004 560.0111213439723
    vertex 4234.7573146856885 184.07371694457012 560.0111213439718
  endloop
endfacet
facet normal -3.9990131858182315e-15 -9.530629109072022e-15 -1.0
  outer loop
    vertex 4234.7573146856885 184.07371694457012 560.0111213439718
    vertex 4240.562163262932 176.82180132805004 560.0111213439723
    vertex 4240.375619016258 177.04910615030045 560.0111213439723
  endloop
endfacet
facet normal -3.9990131858182315e-15 -9.530629109072022e-15 -1.0
  outer loop
    vertex 4234.7573146856885 184.07371694457012 560.0111213439718
    vertex 4240.375619016258 177.04910615030045 560.0111213439723
    vertex 4234.814958844478 183.48844597852172 560.0111213439718
  endloop
endfacet
facet normal -3.9990131858182315e-15 -9.530629109072022e-15 -1.0
  outer loop
    vertex 4234.814958844478 183.48844597852172 560.0111213439718
    vertex 4240.375619016258 177.04910615030045 560.0111213439723
    vertex 4234.7573146856885 182.90317501247353 560.0111213439718
  endloop
endfacet
facet normal -3.9990131858182315e-15 -9.530629109072022e-15 -1.0
  outer loop
    vertex 4234.7573146856885 182.90317501247353 560.0111213439718
    vertex 4240.375619016258 177.04910615030045 560.0111213439723
    vertex 4234.586597442011 182.340395681427 560.0111213439718
  endloop
endfacet
facet normal -3.9990131858182315e-15 -9.530629109072022e-15 -1.0
  outer loop
    vertex 4234.586597442011 182.340395681427 560.0111213439718
    vertex 4240.375619016258 177.04910615030045 560.0111213439723
    vertex 4240.148314194007 177.23565039697434 560.0111213439723
  endloop
endfacet
facet normal -3.9990131858182315e-15 -9.530629109072022e-15 -1.0
  outer loop
    vertex 4234.586597442011 182.340395681427 560.0111213439718
    vertex 4240.148314194007 177.23565039697434 560.0111213439723
    vertex 4234.309367681385 181.82173527946307 560.0111213439718
  endloop
endfacet
facet normal -3.9990131858182315e-15 -9.530629109072022e-15 -1.0
  outer loop
    vertex 4234.309367681385 181.82173527946307 560.0111213439718
    vertex 4240.148314194007 177.23565039697434 560.0111213439723
    vertex 4233.936279188037 181.36712563496212 560.0111213439718
  endloop
endfacet
facet normal -3.9990131858182315e-15 -9.530629109072022e-15 -1.0
  outer loop
    vertex 4233.936279188037 181.36712563496212 560.0111213439718
    vertex 4240.148314194007 177.23565039697434 560.0111213439723
    vertex 4233.481669543537 180.99403714161414 560.0111213439718
  endloop
endfacet
facet normal -3.9990131858182315e-15 -9.530629109072022e-15 -1.0
  outer loop
    vertex 4233.481669543537 180.99403714161414 560.0111213439718
    vertex 4240.148314194007 177.23565039697434 560.0111213439723
    vertex 4239.888983993025 177.37426527728752 560.0111213439724
  endloop
endfacet
facet normal -3.9990131858182315e-15 -9.530629109072022e-15 -1.0
  outer loop
    vertex 4233.481669543537 180.99403714161414 560.0111213439718
    vertex 4239.888983993025 177.37426527728752 560.0111213439724
    vertex 4232.963009141574 180.7168073809883 560.0111213439718
  endloop
endfacet
facet normal -3.9990131858182315e-15 -9.530629109072022e-15 -1.0
  outer loop
    vertex 4232.963009141574 180.7168073809883 560.0111213439718
    vertex 4239.888983993025 177.37426527728752 560.0111213439724
    vertex 4232.400229810527 180.5460901373125 560.0111213439718
  endloop
endfacet
facet normal -3.9990131858182315e-15 -9.530629109072022e-15 -1.0
  outer loop
    vertex 4232.400229810527 180.5460901373125 560.0111213439718
    vertex 4239.888983993025 177.37426527728752 560.0111213439724
    vertex 4231.814958844478 180.48844597852187 560.0111213439718
  endloop
endfacet
facet normal -3.9990131858182315e-15 -9.530629109072022e-15 -1.0
  outer loop
    vertex 4231.814958844478 180.48844597852187 560.0111213439718
    vertex 4239.888983993025 177.37426527728752 560.0111213439724
    vertex 4239.607594327502 177.45962389912543 560.0111213439724
  endloop
endfacet
facet normal -3.9990131858182315e-15 -9.530629109072022e-15 -1.0
  outer loop
    vertex 4231.814958844478 180.48844597852187 560.0111213439718
    vertex 4239.607594327502 177.45962389912543 560.0111213439724
    vertex 4232.203187412132 178.43733471795383 560.0111213439723
  endloop
endfacet
facet normal -3.9990131858182315e-15 -9.530629109072022e-15 -1.0
  outer loop
    vertex 4231.814958844478 180.48844597852187 560.0111213439718
    vertex 4232.203187412132 178.43733471795383 560.0111213439723
    vertex 4231.814958844478 178.48844597852025 560.0111213439723
  endloop
endfacet
facet normal -3.9990131858182315e-15 -9.530629109072022e-15 -1.0
  outer loop
    vertex 4231.814958844478 180.48844597852187 560.0111213439718
    vertex 4231.814958844478 178.48844597852025 560.0111213439723
    vertex 4211.8149588444785 180.48844597852178 560.0111213439718
  endloop
endfacet
facet normal -3.9990131858182315e-15 -9.530629109072022e-15 -1.0
  outer loop
    vertex 4232.203187412132 178.43733471795383 560.0111213439723
    vertex 4239.607594327502 177.45962389912543 560.0111213439724
    vertex 4232.564958844478 178.2874840841969 560.0111213439723
  endloop
endfacet
facet normal -3.9990131858182315e-15 -9.530629109072022e-15 -1.0
  outer loop
    vertex 4232.564958844478 178.2874840841969 560.0111213439723
    vertex 4239.607594327502 177.45962389912543 560.0111213439724
    vertex 4239.314958844478 177.48844597852064 560.0111213439724
  endloop
endfacet
facet normal -3.9990131858182315e-15 -9.530629109072022e-15 -1.0
  outer loop
    vertex 4232.564958844478 178.2874840841969 560.0111213439723
    vertex 4239.314958844478 177.48844597852064 560.0111213439724
    vertex 4232.875619016258 178.04910615030002 560.0111213439723
  endloop
endfacet
facet normal -3.9990131858182315e-15 -9.530629109072022e-15 -1.0
  outer loop
    vertex 4232.875619016258 178.04910615030002 560.0111213439723
    vertex 4239.314958844478 177.48844597852064 560.0111213439724
    vertex 4233.113996950155 177.73844597852025 560.0111213439723
  endloop
endfacet
facet normal -3.9990131858182315e-15 -9.530629109072022e-15 -1.0
  outer loop
    vertex 4240.562163262932 176.82180132805004 560.0111213439723
    vertex 4244.314958844478 171.98844597852028 560.0111213439725
    vertex 4240.700778143245 176.56247112706828 560.0111213439723
  endloop
endfacet
facet normal -3.9990131858182315e-15 -9.530629109072022e-15 -1.0
  outer loop
    vertex 4240.700778143245 176.56247112706828 560.0111213439723
    vertex 4244.314958844478 171.98844597852028 560.0111213439725
    vertex 4240.786136765082 176.28108146154483 560.0111213439723
  endloop
endfacet
facet normal -3.9990131858182315e-15 -9.530629109072022e-15 -1.0
  outer loop
    vertex 4240.786136765082 176.28108146154483 560.0111213439723
    vertex 4244.314958844478 171.98844597852028 560.0111213439725
    vertex 4240.814958844478 175.98844597852064 560.0111213439723
  endloop
endfacet
facet normal -3.9990131858182315e-15 -9.530629109072022e-15 -1.0
  outer loop
    vertex 4240.814958844478 175.98844597852064 560.0111213439723
    vertex 4244.314958844478 171.98844597852028 560.0111213439725
    vertex 4240.786136765082 175.69581049549643 560.0111213439723
  endloop
endfacet
facet normal -3.9990131858182315e-15 -9.530629109072022e-15 -1.0
  outer loop
    vertex 4240.786136765082 175.69581049549643 560.0111213439723
    vertex 4244.314958844478 171.98844597852028 560.0111213439725
    vertex 4240.700778143245 175.414420829973 560.0111213439723
  endloop
endfacet
facet normal -3.9990131858182315e-15 -9.530629109072022e-15 -1.0
  outer loop
    vertex 4240.700778143245 175.414420829973 560.0111213439723
    vertex 4244.314958844478 171.98844597852028 560.0111213439725
    vertex 4240.562163262932 175.15509062899122 560.0111213439723
  endloop
endfacet
facet normal -3.9990131858182315e-15 -9.530629109072022e-15 -1.0
  outer loop
    vertex 4240.562163262932 175.15509062899122 560.0111213439723
    vertex 4244.314958844478 171.98844597852028 560.0111213439725
    vertex 4240.375619016258 174.92778580674084 560.0111213439721
  endloop
endfacet
facet normal -3.9990131858182315e-15 -9.530629109072022e-15 -1.0
  outer loop
    vertex 4240.375619016258 174.92778580674084 560.0111213439721
    vertex 4244.314958844478 171.98844597852028 560.0111213439725
    vertex 4240.148314194007 174.74124156006675 560.0111213439723
  endloop
endfacet
facet normal -3.9990131858182315e-15 -9.530629109072022e-15 -1.0
  outer loop
    vertex 4240.148314194007 174.74124156006675 560.0111213439723
    vertex 4244.314958844478 171.98844597852028 560.0111213439725
    vertex 4239.888983993025 174.60262667975374 560.0111213439723
  endloop
endfacet
facet normal -3.9990131858182315e-15 -9.530629109072022e-15 -1.0
  outer loop
    vertex 4239.888983993025 174.60262667975374 560.0111213439723
    vertex 4244.314958844478 171.98844597852028 560.0111213439725
    vertex 4239.607594327502 174.51726805791583 560.0111213439723
  endloop
endfacet
facet normal -3.9990131858182315e-15 -9.530629109072022e-15 -1.0
  outer loop
    vertex 4239.607594327502 174.51726805791583 560.0111213439723
    vertex 4244.314958844478 171.98844597852028 560.0111213439725
    vertex 4239.314958844478 174.48844597852062 560.0111213439723
  endloop
endfacet
facet normal -3.9990131858182315e-15 -9.530629109072022e-15 -1.0
  outer loop
    vertex 4239.314958844478 174.48844597852062 560.0111213439723
    vertex 4244.314958844478 171.98844597852028 560.0111213439725
    vertex 4204.314958844478 174.48844597852025 560.0111213439727
  endloop
endfacet
facet normal -3.9990131858182315e-15 -9.530629109072022e-15 -1.0
  outer loop
    vertex 4203.400745282104 209.71423241614676 560.0111213439725
    vertex 4199.314958844478 210.1284459785198 560.0111213439725
    vertex 4203.0829080369085 210.1284459785198 560.0111213439725
  endloop
endfacet
facet normal -3.9990131858182315e-15 -9.530629109072022e-15 -1.0
  outer loop
    vertex 4199.314958844478 210.1284459785198 560.0111213439725
    vertex 4203.400745282104 209.71423241614676 560.0111213439725
    vertex 4199.314958844478 171.9884459785202 560.011121343973
  endloop
endfacet
facet normal -3.9990131858182315e-15 -9.530629109072022e-15 -1.0
  outer loop
    vertex 4199.314958844478 171.9884459785202 560.011121343973
    vertex 4203.400745282104 209.71423241614676 560.0111213439725
    vertex 4203.814958844478 209.39639517095097 560.0111213439725
  endloop
endfacet
facet normal -3.9990131858182315e-15 -9.530629109072022e-15 -1.0
  outer loop
    vertex 4199.314958844478 171.9884459785202 560.011121343973
    vertex 4203.814958844478 209.39639517095097 560.0111213439725
    vertex 4204.297320754273 209.19659432594167 560.0111213439725
  endloop
endfacet
facet normal -3.9990131858182315e-15 -9.530629109072022e-15 -1.0
  outer loop
    vertex 4199.314958844478 171.9884459785202 560.011121343973
    vertex 4204.297320754273 209.19659432594167 560.0111213439725
    vertex 4204.814958844478 209.12844597851984 560.0111213439725
  endloop
endfacet
facet normal -3.9990131858182315e-15 -9.530629109072022e-15 -1.0
  outer loop
    vertex 4199.314958844478 171.9884459785202 560.011121343973
    vertex 4204.814958844478 209.12844597851984 560.0111213439725
    vertex 4208.872603003269 204.07371694457026 560.0111213439717
  endloop
endfacet
facet normal -3.9990131858182315e-15 -9.530629109072022e-15 -1.0
  outer loop
    vertex 4208.872603003269 204.07371694457026 560.0111213439717
    vertex 4204.814958844478 209.12844597851984 560.0111213439725
    vertex 4209.043320246945 204.63649627561642 560.0111213439717
  endloop
endfacet
facet normal -3.9990131858182315e-15 -9.530629109072022e-15 -1.0
  outer loop
    vertex 4209.043320246945 204.63649627561642 560.0111213439717
    vertex 4204.814958844478 209.12844597851984 560.0111213439725
    vertex 4209.320550007571 205.1551566775806 560.0111213439718
  endloop
endfacet
facet normal -3.9990131858182315e-15 -9.530629109072022e-15 -1.0
  outer loop
    vertex 4209.320550007571 205.1551566775806 560.0111213439718
    vertex 4204.814958844478 209.12844597851984 560.0111213439725
    vertex 4209.69363850092 205.60976632208147 560.0111213439718
  endloop
endfacet
facet normal -3.9990131858182315e-15 -9.530629109072022e-15 -1.0
  outer loop
    vertex 4209.69363850092 205.60976632208147 560.0111213439718
    vertex 4204.814958844478 209.12844597851984 560.0111213439725
    vertex 4210.1482481454195 205.98285481542908 560.0111213439718
  endloop
endfacet
facet normal -3.9990131858182315e-15 -9.530629109072022e-15 -1.0
  outer loop
    vertex 4210.1482481454195 205.98285481542908 560.0111213439718
    vertex 4204.814958844478 209.12844597851984 560.0111213439725
    vertex 4210.666908547384 206.26008457605565 560.0111213439718
  endloop
endfacet
facet normal -3.9990131858182315e-15 -9.530629109072022e-15 -1.0
  outer loop
    vertex 4210.666908547384 206.26008457605565 560.0111213439718
    vertex 4204.814958844478 209.12844597851984 560.0111213439725
    vertex 4211.22968787843 206.43080181973139 560.0111213439718
  endloop
endfacet
facet normal -3.9990131858182315e-15 -9.530629109072022e-15 -1.0
  outer loop
    vertex 4211.22968787843 206.43080181973139 560.0111213439718
    vertex 4204.814958844478 209.12844597851984 560.0111213439725
    vertex 4211.814958844479 206.48844597852192 560.0111213439718
  endloop
endfacet
facet normal -3.9990131858182315e-15 -9.530629109072022e-15 -1.0
  outer loop
    vertex 4199.314958844478 171.9884459785202 560.011121343973
    vertex 4208.872603003269 204.07371694457026 560.0111213439717
    vertex 4208.8149588444785 203.48844597852187 560.0111213439717
  endloop
endfacet
facet normal -3.9990131858182315e-15 -9.530629109072022e-15 -1.0
  outer loop
    vertex 4199.314958844478 171.9884459785202 560.011121343973
    vertex 4208.8149588444785 203.48844597852187 560.0111213439717
    vertex 4208.872603003269 202.90317501247375 560.0111213439717
  endloop
endfacet
facet normal -3.9990131858182315e-15 -9.530629109072022e-15 -1.0
  outer loop
    vertex 4199.314958844478 171.9884459785202 560.011121343973
    vertex 4208.872603003269 202.90317501247375 560.0111213439717
    vertex 4209.043320246945 202.34039568142623 560.0111213439717
  endloop
endfacet
facet normal -3.9990131858182315e-15 -9.530629109072022e-15 -1.0
  outer loop
    vertex 4199.314958844478 171.9884459785202 560.011121343973
    vertex 4209.043320246945 202.34039568142623 560.0111213439717
    vertex 4209.320550007571 201.82173527946296 560.0111213439717
  endloop
endfacet
facet normal -3.9990131858182315e-15 -9.530629109072022e-15 -1.0
  outer loop
    vertex 4199.314958844478 171.9884459785202 560.011121343973
    vertex 4209.320550007571 201.82173527946296 560.0111213439717
    vertex 4209.6936385009185 201.36712563496226 560.0111213439717
  endloop
endfacet
facet normal -3.9990131858182315e-15 -9.530629109072022e-15 -1.0
  outer loop
    vertex 4199.314958844478 171.9884459785202 560.011121343973
    vertex 4209.6936385009185 201.36712563496226 560.0111213439717
    vertex 4210.1482481454195 200.99403714161357 560.0111213439717
  endloop
endfacet
facet normal -3.9990131858182315e-15 -9.530629109072022e-15 -1.0
  outer loop
    vertex 4199.314958844478 171.9884459785202 560.011121343973
    vertex 4210.1482481454195 200.99403714161357 560.0111213439717
    vertex 4210.666908547384 200.71680738098837 560.0111213439717
  endloop
endfacet
facet normal -3.9990131858182315e-15 -9.530629109072022e-15 -1.0
  outer loop
    vertex 4199.314958844478 171.9884459785202 560.011121343973
    vertex 4210.666908547384 200.71680738098837 560.0111213439717
    vertex 4211.22968787843 200.546090137312 560.0111213439717
  endloop
endfacet
facet normal -3.9990131858182315e-15 -9.530629109072022e-15 -1.0
  outer loop
    vertex 4199.314958844478 171.9884459785202 560.011121343973
    vertex 4211.22968787843 200.546090137312 560.0111213439717
    vertex 4211.814958844479 200.488445978522 560.0111213439717
  endloop
endfacet
facet normal -3.9990131858182315e-15 -9.530629109072022e-15 -1.0
  outer loop
    vertex 4199.314958844478 171.9884459785202 560.011121343973
    vertex 4211.814958844479 200.488445978522 560.0111213439717
    vertex 4209.320550007569 185.155156677581 560.0111213439718
  endloop
endfacet
facet normal -3.9990131858182315e-15 -9.530629109072022e-15 -1.0
  outer loop
    vertex 4209.320550007569 185.155156677581 560.0111213439718
    vertex 4211.814958844479 200.488445978522 560.0111213439717
    vertex 4209.6936385009185 185.60976632208178 560.0111213439718
  endloop
endfacet
facet normal -3.9990131858182315e-15 -9.530629109072022e-15 -1.0
  outer loop
    vertex 4209.6936385009185 185.60976632208178 560.0111213439718
    vertex 4211.814958844479 200.488445978522 560.0111213439717
    vertex 4220.036531719731 198.08867210326738 560.011121343973
  endloop
endfacet
facet normal -3.9990131858182315e-15 -9.530629109072022e-15 -1.0
  outer loop
    vertex 4220.036531719731 198.08867210326738 560.011121343973
    vertex 4211.814958844479 200.488445978522 560.0111213439717
    vertex 4220.8149588444785 198.68598024426092 560.0111213439727
  endloop
endfacet
facet normal -3.9990131858182315e-15 -9.530629109072022e-15 -1.0
  outer loop
    vertex 4209.6936385009185 185.60976632208178 560.0111213439718
    vertex 4220.036531719731 198.08867210326738 560.011121343973
    vertex 4219.40085722934 197.2602449785212 560.011121343973
  endloop
endfacet
facet normal -3.9990131858182315e-15 -9.530629109072022e-15 -1.0
  outer loop
    vertex 4209.6936385009185 185.60976632208178 560.0111213439718
    vertex 4219.40085722934 197.2602449785212 560.011121343973
    vertex 4219.0012555393205 196.29552115893122 560.011121343973
  endloop
endfacet
facet normal -3.9990131858182315e-15 -9.530629109072022e-15 -1.0
  outer loop
    vertex 4209.6936385009185 185.60976632208178 560.0111213439718
    vertex 4219.0012555393205 196.29552115893122 560.011121343973
    vertex 4218.864958844477 195.2602449785212 560.011121343973
  endloop
endfacet
facet normal -3.9990131858182315e-15 -9.530629109072022e-15 -1.0
  outer loop
    vertex 4209.6936385009185 185.60976632208178 560.0111213439718
    vertex 4218.864958844477 195.2602449785212 560.011121343973
    vertex 4219.0012555393205 194.22496879811115 560.011121343973
  endloop
endfacet
facet normal -3.9990131858182315e-15 -9.530629109072022e-15 -1.0
  outer loop
    vertex 4209.6936385009185 185.60976632208178 560.0111213439718
    vertex 4219.0012555393205 194.22496879811115 560.011121343973
    vertex 4210.148248145418 185.9828548154303 560.0111213439718
  endloop
endfacet
facet normal -3.9990131858182315e-15 -9.530629109072022e-15 -1.0
  outer loop
    vertex 4210.148248145418 185.9828548154303 560.0111213439718
    vertex 4219.0012555393205 194.22496879811115 560.011121343973
    vertex 4219.40085722934 193.2602449785212 560.011121343973
  endloop
endfacet
facet normal -3.9990131858182315e-15 -9.530629109072022e-15 -1.0
  outer loop
    vertex 4210.148248145418 185.9828548154303 560.0111213439718
    vertex 4219.40085722934 193.2602449785212 560.011121343973
    vertex 4220.036531719731 192.431817853775 560.011121343973
  endloop
endfacet
facet normal -3.9990131858182315e-15 -9.530629109072022e-15 -1.0
  outer loop
    vertex 4210.148248145418 185.9828548154303 560.0111213439718
    vertex 4220.036531719731 192.431817853775 560.011121343973
    vertex 4220.864958844478 191.79614336338346 560.011121343973
  endloop
endfacet
facet normal -3.9990131858182315e-15 -9.530629109072022e-15 -1.0
  outer loop
    vertex 4210.148248145418 185.9828548154303 560.0111213439718
    vertex 4220.864958844478 191.79614336338346 560.011121343973
    vertex 4210.666908547382 186.2600845760556 560.0111213439717
  endloop
endfacet
facet normal -3.9990131858182315e-15 -9.530629109072022e-15 -1.0
  outer loop
    vertex 4210.666908547382 186.2600845760556 560.0111213439717
    vertex 4220.864958844478 191.79614336338346 560.011121343973
    vertex 4221.829682664067 191.39654167336494 560.011121343973
  endloop
endfacet
facet normal -3.9990131858182315e-15 -9.530629109072022e-15 -1.0
  outer loop
    vertex 4210.666908547382 186.2600845760556 560.0111213439717
    vertex 4221.829682664067 191.39654167336494 560.011121343973
    vertex 4222.864958844477 191.2602449785212 560.011121343973
  endloop
endfacet
facet normal -3.9990131858182315e-15 -9.530629109072022e-15 -1.0
  outer loop
    vertex 4210.666908547382 186.2600845760556 560.0111213439717
    vertex 4222.864958844477 191.2602449785212 560.011121343973
    vertex 4211.229687878428 186.43080181973232 560.0111213439717
  endloop
endfacet
facet normal -3.9990131858182315e-15 -9.530629109072022e-15 -1.0
  outer loop
    vertex 4211.229687878428 186.43080181973232 560.0111213439717
    vertex 4222.864958844477 191.2602449785212 560.011121343973
    vertex 4211.814958844478 186.48844597852167 560.0111213439717
  endloop
endfacet
facet normal -3.9990131858182315e-15 -9.530629109072022e-15 -1.0
  outer loop
    vertex 4211.814958844478 186.48844597852167 560.0111213439717
    vertex 4222.864958844477 191.2602449785212 560.011121343973
    vertex 4231.814958844478 186.48844597852175 560.0111213439718
  endloop
endfacet
facet normal -3.9990131858182315e-15 -9.530629109072022e-15 -1.0
  outer loop
    vertex 4199.314958844478 171.9884459785202 560.011121343973
    vertex 4209.320550007569 185.155156677581 560.0111213439718
    vertex 4209.043320246943 184.63649627561708 560.0111213439717
  endloop
endfacet
facet normal -3.9990131858182315e-15 -9.530629109072022e-15 -1.0
  outer loop
    vertex 4199.314958844478 171.9884459785202 560.011121343973
    vertex 4209.043320246943 184.63649627561708 560.0111213439717
    vertex 4203.067754426023 176.82180132804967 560.0111213439728
  endloop
endfacet
facet normal -3.9990131858182315e-15 -9.530629109072022e-15 -1.0
  outer loop
    vertex 4203.067754426023 176.82180132804967 560.0111213439728
    vertex 4209.043320246943 184.63649627561708 560.0111213439717
    vertex 4208.872603003268 184.07371694457058 560.0111213439717
  endloop
endfacet
facet normal -3.9990131858182315e-15 -9.530629109072022e-15 -1.0
  outer loop
    vertex 4203.067754426023 176.82180132804967 560.0111213439728
    vertex 4208.872603003268 184.07371694457058 560.0111213439717
    vertex 4203.254298672698 177.04910615030008 560.011121343973
  endloop
endfacet
facet normal -3.9990131858182315e-15 -9.530629109072022e-15 -1.0
  outer loop
    vertex 4203.254298672698 177.04910615030008 560.011121343973
    vertex 4208.872603003268 184.07371694457058 560.0111213439717
    vertex 4208.814958844478 183.48844597852218 560.0111213439717
  endloop
endfacet
facet normal -3.9990131858182315e-15 -9.530629109072022e-15 -1.0
  outer loop
    vertex 4203.254298672698 177.04910615030008 560.011121343973
    vertex 4208.814958844478 183.48844597852218 560.0111213439717
    vertex 4208.872603003268 182.90317501247344 560.0111213439718
  endloop
endfacet
facet normal -3.9990131858182315e-15 -9.530629109072022e-15 -1.0
  outer loop
    vertex 4203.254298672698 177.04910615030008 560.011121343973
    vertex 4208.872603003268 182.90317501247344 560.0111213439718
    vertex 4209.043320246943 182.34039568142782 560.0111213439718
  endloop
endfacet
facet normal -3.9990131858182315e-15 -9.530629109072022e-15 -1.0
  outer loop
    vertex 4203.254298672698 177.04910615030008 560.011121343973
    vertex 4209.043320246943 182.34039568142782 560.0111213439718
    vertex 4203.481603494948 177.23565039697417 560.0111213439728
  endloop
endfacet
facet normal -3.9990131858182315e-15 -9.530629109072022e-15 -1.0
  outer loop
    vertex 4203.481603494948 177.23565039697417 560.0111213439728
    vertex 4209.043320246943 182.34039568142782 560.0111213439718
    vertex 4209.320550007569 181.82173527946352 560.0111213439718
  endloop
endfacet
facet normal -3.9990131858182315e-15 -9.530629109072022e-15 -1.0
  outer loop
    vertex 4203.481603494948 177.23565039697417 560.0111213439728
    vertex 4209.320550007569 181.82173527946352 560.0111213439718
    vertex 4209.6936385009185 181.36712563496275 560.0111213439718
  endloop
endfacet
facet normal -3.9990131858182315e-15 -9.530629109072022e-15 -1.0
  outer loop
    vertex 4203.481603494948 177.23565039697417 560.0111213439728
    vertex 4209.6936385009185 181.36712563496275 560.0111213439718
    vertex 4210.148248145419 180.99403714161497 560.0111213439718
  endloop
endfacet
facet normal -3.9990131858182315e-15 -9.530629109072022e-15 -1.0
  outer loop
    vertex 4203.481603494948 177.23565039697417 560.0111213439728
    vertex 4210.148248145419 180.99403714161497 560.0111213439718
    vertex 4203.74093369593 177.37426527728715 560.0111213439728
  endloop
endfacet
facet normal -3.9990131858182315e-15 -9.530629109072022e-15 -1.0
  outer loop
    vertex 4203.74093369593 177.37426527728715 560.0111213439728
    vertex 4210.148248145419 180.99403714161497 560.0111213439718
    vertex 4210.666908547382 180.71680738098786 560.0111213439718
  endloop
endfacet
facet normal -3.9990131858182315e-15 -9.530629109072022e-15 -1.0
  outer loop
    vertex 4203.74093369593 177.37426527728715 560.0111213439728
    vertex 4210.666908547382 180.71680738098786 560.0111213439718
    vertex 4211.229687878429 180.54609013731204 560.0111213439718
  endloop
endfacet
facet normal -3.9990131858182315e-15 -9.530629109072022e-15 -1.0
  outer loop
    vertex 4203.74093369593 177.37426527728715 560.0111213439728
    vertex 4211.229687878429 180.54609013731204 560.0111213439718
    vertex 4211.8149588444785 180.48844597852178 560.0111213439718
  endloop
endfacet
facet normal -3.9990131858182315e-15 -9.530629109072022e-15 -1.0
  outer loop
    vertex 4203.74093369593 177.37426527728715 560.0111213439728
    vertex 4211.8149588444785 180.48844597852178 560.0111213439718
    vertex 4204.022323361453 177.45962389912506 560.0111213439728
  endloop
endfacet
facet normal -3.9990131858182315e-15 -9.530629109072022e-15 -1.0
  outer loop
    vertex 4204.022323361453 177.45962389912506 560.0111213439728
    vertex 4211.8149588444785 180.48844597852178 560.0111213439718
    vertex 4211.426730276824 178.43733471795383 560.0111213439725
  endloop
endfacet
facet normal -3.9990131858182315e-15 -9.530629109072022e-15 -1.0
  outer loop
    vertex 4211.426730276824 178.43733471795383 560.0111213439725
    vertex 4211.8149588444785 180.48844597852178 560.0111213439718
    vertex 4211.8149588444785 178.48844597852025 560.0111213439725
  endloop
endfacet
facet normal -3.9990131858182315e-15 -9.530629109072022e-15 -1.0
  outer loop
    vertex 4211.8149588444785 178.48844597852025 560.0111213439725
    vertex 4211.8149588444785 180.48844597852178 560.0111213439718
    vertex 4231.814958844478 178.48844597852025 560.0111213439723
  endloop
endfacet
facet normal -3.9990131858182315e-15 -9.530629109072022e-15 -1.0
  outer loop
    vertex 4204.022323361453 177.45962389912506 560.0111213439728
    vertex 4211.426730276824 178.43733471795383 560.0111213439725
    vertex 4211.0649588444785 178.2874840841969 560.0111213439725
  endloop
endfacet
facet normal -3.9990131858182315e-15 -9.530629109072022e-15 -1.0
  outer loop
    vertex 4204.022323361453 177.45962389912506 560.0111213439728
    vertex 4211.0649588444785 178.2874840841969 560.0111213439725
    vertex 4204.314958844478 177.4884459785203 560.0111213439728
  endloop
endfacet
facet normal -3.9990131858182315e-15 -9.530629109072022e-15 -1.0
  outer loop
    vertex 4204.314958844478 177.4884459785203 560.0111213439728
    vertex 4211.0649588444785 178.2874840841969 560.0111213439725
    vertex 4210.7542986726985 178.04910615030002 560.0111213439725
  endloop
endfacet
facet normal -3.9990131858182315e-15 -9.530629109072022e-15 -1.0
  outer loop
    vertex 4204.314958844478 177.4884459785203 560.0111213439728
    vertex 4210.7542986726985 178.04910615030002 560.0111213439725
    vertex 4210.5159207388015 177.73844597852025 560.0111213439725
  endloop
endfacet
facet normal -3.9990131858182315e-15 -9.530629109072022e-15 -1.0
  outer loop
    vertex 4199.314958844478 171.9884459785202 560.011121343973
    vertex 4203.067754426023 176.82180132804967 560.0111213439728
    vertex 4202.92913954571 176.5624711270679 560.0111213439728
  endloop
endfacet
facet normal -3.9990131858182315e-15 -9.530629109072022e-15 -1.0
  outer loop
    vertex 4199.314958844478 171.9884459785202 560.011121343973
    vertex 4202.92913954571 176.5624711270679 560.0111213439728
    vertex 4202.843780923873 176.28108146154446 560.0111213439728
  endloop
endfacet
facet normal -3.9990131858182315e-15 -9.530629109072022e-15 -1.0
  outer loop
    vertex 4199.314958844478 171.9884459785202 560.011121343973
    vertex 4202.843780923873 176.28108146154446 560.0111213439728
    vertex 4202.814958844478 175.98844597852028 560.0111213439728
  endloop
endfacet
facet normal -3.9990131858182315e-15 -9.530629109072022e-15 -1.0
  outer loop
    vertex 4199.314958844478 171.9884459785202 560.011121343973
    vertex 4202.814958844478 175.98844597852028 560.0111213439728
    vertex 4202.843780923873 175.6958104954961 560.0111213439728
  endloop
endfacet
facet normal -3.9990131858182315e-15 -9.530629109072022e-15 -1.0
  outer loop
    vertex 4199.314958844478 171.9884459785202 560.011121343973
    vertex 4202.843780923873 175.6958104954961 560.0111213439728
    vertex 4202.92913954571 175.41442082997264 560.0111213439728
  endloop
endfacet
facet normal -3.9990131858182315e-15 -9.530629109072022e-15 -1.0
  outer loop
    vertex 4199.314958844478 171.9884459785202 560.011121343973
    vertex 4202.92913954571 175.41442082997264 560.0111213439728
    vertex 4203.067754426023 175.15509062899085 560.0111213439728
  endloop
endfacet
facet normal -3.9990131858182315e-15 -9.530629109072022e-15 -1.0
  outer loop
    vertex 4199.314958844478 171.9884459785202 560.011121343973
    vertex 4203.067754426023 175.15509062899085 560.0111213439728
    vertex 4203.254298672698 174.92778580674047 560.0111213439728
  endloop
endfacet
facet normal -3.9990131858182315e-15 -9.530629109072022e-15 -1.0
  outer loop
    vertex 4199.314958844478 171.9884459785202 560.011121343973
    vertex 4203.254298672698 174.92778580674047 560.0111213439728
    vertex 4203.481603494948 174.74124156006658 560.0111213439728
  endloop
endfacet
facet normal -3.9990131858182315e-15 -9.530629109072022e-15 -1.0
  outer loop
    vertex 4199.314958844478 171.9884459785202 560.011121343973
    vertex 4203.481603494948 174.74124156006658 560.0111213439728
    vertex 4203.74093369593 174.6026266797534 560.0111213439727
  endloop
endfacet
facet normal -3.9990131858182315e-15 -9.530629109072022e-15 -1.0
  outer loop
    vertex 4199.314958844478 171.9884459785202 560.011121343973
    vertex 4203.74093369593 174.6026266797534 560.0111213439727
    vertex 4204.022323361453 174.5172680579155 560.0111213439727
  endloop
endfacet
facet normal -3.9990131858182315e-15 -9.530629109072022e-15 -1.0
  outer loop
    vertex 4199.314958844478 171.9884459785202 560.011121343973
    vertex 4204.022323361453 174.5172680579155 560.0111213439727
    vertex 4204.314958844478 174.48844597852025 560.0111213439727
  endloop
endfacet
facet normal -3.9990131858182315e-15 -9.530629109072022e-15 -1.0
  outer loop
    vertex 4199.314958844478 171.9884459785202 560.011121343973
    vertex 4204.314958844478 174.48844597852025 560.0111213439727
    vertex 4244.314958844478 171.98844597852028 560.0111213439725
  endloop
endfacet
facet normal -3.9990131858182315e-15 -9.530629109072022e-15 -1.0
  outer loop
    vertex 4210.366070105044 177.37667454617403 560.0111213439725
    vertex 4204.314958844478 177.4884459785203 560.0111213439728
    vertex 4210.5159207388015 177.73844597852025 560.0111213439725
  endloop
endfacet
facet normal -3.9990131858182315e-15 -9.530629109072022e-15 -1.0
  outer loop
    vertex 4204.314958844478 177.4884459785203 560.0111213439728
    vertex 4210.366070105044 177.37667454617403 560.0111213439725
    vertex 4204.607594327502 177.45962389912506 560.0111213439728
  endloop
endfacet
facet normal -3.9990131858182315e-15 -9.530629109072022e-15 -1.0
  outer loop
    vertex 4204.607594327502 177.45962389912506 560.0111213439728
    vertex 4210.366070105044 177.37667454617403 560.0111213439725
    vertex 4204.888983993025 177.37426527728715 560.0111213439728
  endloop
endfacet
facet normal -3.9990131858182315e-15 -9.530629109072022e-15 -1.0
  outer loop
    vertex 4204.888983993025 177.37426527728715 560.0111213439728
    vertex 4210.366070105044 177.37667454617403 560.0111213439725
    vertex 4210.3149588444785 176.98844597852022 560.0111213439725
  endloop
endfacet
facet normal -3.9990131858182315e-15 -9.530629109072022e-15 -1.0
  outer loop
    vertex 4204.888983993025 177.37426527728715 560.0111213439728
    vertex 4210.3149588444785 176.98844597852022 560.0111213439725
    vertex 4205.148314194007 177.23565039697417 560.0111213439728
  endloop
endfacet
facet normal -3.9990131858182315e-15 -9.530629109072022e-15 -1.0
  outer loop
    vertex 4205.148314194007 177.23565039697417 560.0111213439728
    vertex 4210.3149588444785 176.98844597852022 560.0111213439725
    vertex 4205.375619016258 177.04910615030008 560.0111213439728
  endloop
endfacet
facet normal -3.9990131858182315e-15 -9.530629109072022e-15 -1.0
  outer loop
    vertex 4205.375619016258 177.04910615030008 560.0111213439728
    vertex 4210.3149588444785 176.98844597852022 560.0111213439725
    vertex 4205.562163262932 176.82180132804967 560.0111213439728
  endloop
endfacet
facet normal -3.9990131858182315e-15 -9.530629109072022e-15 -1.0
  outer loop
    vertex 4205.562163262932 176.82180132804967 560.0111213439728
    vertex 4210.3149588444785 176.98844597852022 560.0111213439725
    vertex 4210.366070105044 176.60021741086643 560.0111213439725
  endloop
endfacet
facet normal -3.9990131858182315e-15 -9.530629109072022e-15 -1.0
  outer loop
    vertex 4205.562163262932 176.82180132804967 560.0111213439728
    vertex 4210.366070105044 176.60021741086643 560.0111213439725
    vertex 4205.700778143245 176.5624711270679 560.0111213439728
  endloop
endfacet
facet normal -3.9990131858182315e-15 -9.530629109072022e-15 -1.0
  outer loop
    vertex 4205.700778143245 176.5624711270679 560.0111213439728
    vertex 4210.366070105044 176.60021741086643 560.0111213439725
    vertex 4210.5159207388015 176.23844597852022 560.0111213439725
  endloop
endfacet
facet normal -3.9990131858182315e-15 -9.530629109072022e-15 -1.0
  outer loop
    vertex 4205.700778143245 176.5624711270679 560.0111213439728
    vertex 4210.5159207388015 176.23844597852022 560.0111213439725
    vertex 4205.786136765082 176.28108146154446 560.0111213439727
  endloop
endfacet
facet normal -3.9990131858182315e-15 -9.530629109072022e-15 -1.0
  outer loop
    vertex 4205.786136765082 176.28108146154446 560.0111213439727
    vertex 4210.5159207388015 176.23844597852022 560.0111213439725
    vertex 4205.814958844478 175.98844597852028 560.0111213439727
  endloop
endfacet
facet normal -3.9990131858182315e-15 -9.530629109072022e-15 -1.0
  outer loop
    vertex 4205.814958844478 175.98844597852028 560.0111213439727
    vertex 4210.5159207388015 176.23844597852022 560.0111213439725
    vertex 4210.7542986726985 175.92778580674042 560.0111213439725
  endloop
endfacet
facet normal -3.9990131858182315e-15 -9.530629109072022e-15 -1.0
  outer loop
    vertex 4205.814958844478 175.98844597852028 560.0111213439727
    vertex 4210.7542986726985 175.92778580674042 560.0111213439725
    vertex 4205.786136765082 175.6958104954961 560.0111213439727
  endloop
endfacet
facet normal -3.9990131858182315e-15 -9.530629109072022e-15 -1.0
  outer loop
    vertex 4205.786136765082 175.6958104954961 560.0111213439727
    vertex 4210.7542986726985 175.92778580674042 560.0111213439725
    vertex 4211.0649588444785 175.68940787284356 560.0111213439725
  endloop
endfacet
facet normal -3.9990131858182315e-15 -9.530629109072022e-15 -1.0
  outer loop
    vertex 4205.786136765082 175.6958104954961 560.0111213439727
    vertex 4211.0649588444785 175.68940787284356 560.0111213439725
    vertex 4205.700778143245 175.41442082997264 560.0111213439727
  endloop
endfacet
facet normal -3.9990131858182315e-15 -9.530629109072022e-15 -1.0
  outer loop
    vertex 4205.700778143245 175.41442082997264 560.0111213439727
    vertex 4211.0649588444785 175.68940787284356 560.0111213439725
    vertex 4211.426730276824 175.53955723908663 560.0111213439725
  endloop
endfacet
facet normal -3.9990131858182315e-15 -9.530629109072022e-15 -1.0
  outer loop
    vertex 4205.700778143245 175.41442082997264 560.0111213439727
    vertex 4211.426730276824 175.53955723908663 560.0111213439725
    vertex 4211.8149588444785 175.48844597852022 560.0111213439725
  endloop
endfacet
facet normal -3.9990131858182315e-15 -9.530629109072022e-15 -1.0
  outer loop
    vertex 4205.700778143245 175.41442082997264 560.0111213439727
    vertex 4211.8149588444785 175.48844597852022 560.0111213439725
    vertex 4237.929139545711 175.414420829973 560.0111213439723
  endloop
endfacet
facet normal -3.9990131858182315e-15 -9.530629109072022e-15 -1.0
  outer loop
    vertex 4205.700778143245 175.41442082997264 560.0111213439727
    vertex 4237.929139545711 175.414420829973 560.0111213439723
    vertex 4238.067754426024 175.15509062899122 560.0111213439723
  endloop
endfacet
facet normal -3.9990131858182315e-15 -9.530629109072022e-15 -1.0
  outer loop
    vertex 4205.700778143245 175.41442082997264 560.0111213439727
    vertex 4238.067754426024 175.15509062899122 560.0111213439723
    vertex 4205.562163262932 175.15509062899085 560.0111213439727
  endloop
endfacet
facet normal -3.9990131858182315e-15 -9.530629109072022e-15 -1.0
  outer loop
    vertex 4205.562163262932 175.15509062899085 560.0111213439727
    vertex 4238.067754426024 175.15509062899122 560.0111213439723
    vertex 4238.254298672698 174.92778580674084 560.0111213439723
  endloop
endfacet
facet normal -3.9990131858182315e-15 -9.530629109072022e-15 -1.0
  outer loop
    vertex 4205.562163262932 175.15509062899085 560.0111213439727
    vertex 4238.254298672698 174.92778580674084 560.0111213439723
    vertex 4205.375619016258 174.92778580674047 560.0111213439727
  endloop
endfacet
facet normal -3.9990131858182315e-15 -9.530629109072022e-15 -1.0
  outer loop
    vertex 4205.375619016258 174.92778580674047 560.0111213439727
    vertex 4238.254298672698 174.92778580674084 560.0111213439723
    vertex 4238.481603494948 174.74124156006675 560.0111213439723
  endloop
endfacet
facet normal -3.9990131858182315e-15 -9.530629109072022e-15 -1.0
  outer loop
    vertex 4205.375619016258 174.92778580674047 560.0111213439727
    vertex 4238.481603494948 174.74124156006675 560.0111213439723
    vertex 4205.148314194007 174.74124156006658 560.0111213439727
  endloop
endfacet
facet normal -3.9990131858182315e-15 -9.530629109072022e-15 -1.0
  outer loop
    vertex 4205.148314194007 174.74124156006658 560.0111213439727
    vertex 4238.481603494948 174.74124156006675 560.0111213439723
    vertex 4238.74093369593 174.60262667975374 560.0111213439723
  endloop
endfacet
facet normal -3.9990131858182315e-15 -9.530629109072022e-15 -1.0
  outer loop
    vertex 4205.148314194007 174.74124156006658 560.0111213439727
    vertex 4238.74093369593 174.60262667975374 560.0111213439723
    vertex 4204.888983993025 174.6026266797534 560.0111213439727
  endloop
endfacet
facet normal -3.9990131858182315e-15 -9.530629109072022e-15 -1.0
  outer loop
    vertex 4204.888983993025 174.6026266797534 560.0111213439727
    vertex 4238.74093369593 174.60262667975374 560.0111213439723
    vertex 4239.022323361453 174.51726805791583 560.0111213439723
  endloop
endfacet
facet normal -3.9990131858182315e-15 -9.530629109072022e-15 -1.0
  outer loop
    vertex 4204.888983993025 174.6026266797534 560.0111213439727
    vertex 4239.022323361453 174.51726805791583 560.0111213439723
    vertex 4204.607594327502 174.5172680579155 560.0111213439727
  endloop
endfacet
facet normal -3.9990131858182315e-15 -9.530629109072022e-15 -1.0
  outer loop
    vertex 4204.607594327502 174.5172680579155 560.0111213439727
    vertex 4239.022323361453 174.51726805791583 560.0111213439723
    vertex 4239.314958844478 174.48844597852062 560.0111213439723
  endloop
endfacet
facet normal -3.9990131858182315e-15 -9.530629109072022e-15 -1.0
  outer loop
    vertex 4204.607594327502 174.5172680579155 560.0111213439727
    vertex 4239.314958844478 174.48844597852062 560.0111213439723
    vertex 4204.314958844478 174.48844597852025 560.0111213439727
  endloop
endfacet
facet normal -3.9990131858182315e-15 -9.530629109072022e-15 -1.0
  outer loop
    vertex 4231.426730276824 178.43733471795383 560.0111213439723
    vertex 4211.8149588444785 178.48844597852025 560.0111213439725
    vertex 4231.814958844478 178.48844597852025 560.0111213439723
  endloop
endfacet
facet normal -3.9990131858182315e-15 -9.530629109072022e-15 -1.0
  outer loop
    vertex 4211.8149588444785 178.48844597852025 560.0111213439725
    vertex 4231.426730276824 178.43733471795383 560.0111213439723
    vertex 4212.203187412132 178.43733471795383 560.0111213439725
  endloop
endfacet
facet normal -3.9990131858182315e-15 -9.530629109072022e-15 -1.0
  outer loop
    vertex 4212.203187412132 178.43733471795383 560.0111213439725
    vertex 4231.426730276824 178.43733471795383 560.0111213439723
    vertex 4231.064958844478 178.2874840841969 560.0111213439723
  endloop
endfacet
facet normal -3.9990131858182315e-15 -9.530629109072022e-15 -1.0
  outer loop
    vertex 4212.203187412132 178.43733471795383 560.0111213439725
    vertex 4231.064958844478 178.2874840841969 560.0111213439723
    vertex 4212.564958844478 178.2874840841969 560.0111213439725
  endloop
endfacet
facet normal -3.9990131858182315e-15 -9.530629109072022e-15 -1.0
  outer loop
    vertex 4212.564958844478 178.2874840841969 560.0111213439725
    vertex 4231.064958844478 178.2874840841969 560.0111213439723
    vertex 4230.754298672698 178.04910615030002 560.0111213439723
  endloop
endfacet
facet normal -3.9990131858182315e-15 -9.530629109072022e-15 -1.0
  outer loop
    vertex 4212.564958844478 178.2874840841969 560.0111213439725
    vertex 4230.754298672698 178.04910615030002 560.0111213439723
    vertex 4212.875619016258 178.04910615030002 560.0111213439725
  endloop
endfacet
facet normal -3.9990131858182315e-15 -9.530629109072022e-15 -1.0
  outer loop
    vertex 4212.875619016258 178.04910615030002 560.0111213439725
    vertex 4230.754298672698 178.04910615030002 560.0111213439723
    vertex 4230.5159207388015 177.73844597852025 560.0111213439723
  endloop
endfacet
facet normal -3.9990131858182315e-15 -9.530629109072022e-15 -1.0
  outer loop
    vertex 4212.875619016258 178.04910615030002 560.0111213439725
    vertex 4230.5159207388015 177.73844597852025 560.0111213439723
    vertex 4213.113996950155 177.73844597852025 560.0111213439725
  endloop
endfacet
facet normal -3.9990131858182315e-15 -9.530629109072022e-15 -1.0
  outer loop
    vertex 4213.113996950155 177.73844597852025 560.0111213439725
    vertex 4230.5159207388015 177.73844597852025 560.0111213439723
    vertex 4230.366070105044 177.37667454617403 560.0111213439723
  endloop
endfacet
facet normal -3.9990131858182315e-15 -9.530629109072022e-15 -1.0
  outer loop
    vertex 4213.113996950155 177.73844597852025 560.0111213439725
    vertex 4230.366070105044 177.37667454617403 560.0111213439723
    vertex 4213.263847583912 177.37667454617403 560.0111213439725
  endloop
endfacet
facet normal -3.9990131858182315e-15 -9.530629109072022e-15 -1.0
  outer loop
    vertex 4213.263847583912 177.37667454617403 560.0111213439725
    vertex 4230.366070105044 177.37667454617403 560.0111213439723
    vertex 4230.3149588444785 176.98844597852022 560.0111213439723
  endloop
endfacet
facet normal -3.9990131858182315e-15 -9.530629109072022e-15 -1.0
  outer loop
    vertex 4213.263847583912 177.37667454617403 560.0111213439725
    vertex 4230.3149588444785 176.98844597852022 560.0111213439723
    vertex 4213.314958844478 176.98844597852022 560.0111213439725
  endloop
endfacet
facet normal -3.9990131858182315e-15 -9.530629109072022e-15 -1.0
  outer loop
    vertex 4213.314958844478 176.98844597852022 560.0111213439725
    vertex 4230.3149588444785 176.98844597852022 560.0111213439723
    vertex 4230.366070105044 176.60021741086643 560.0111213439723
  endloop
endfacet
facet normal -3.9990131858182315e-15 -9.530629109072022e-15 -1.0
  outer loop
    vertex 4213.314958844478 176.98844597852022 560.0111213439725
    vertex 4230.366070105044 176.60021741086643 560.0111213439723
    vertex 4213.263847583912 176.60021741086643 560.0111213439725
  endloop
endfacet
facet normal -3.9990131858182315e-15 -9.530629109072022e-15 -1.0
  outer loop
    vertex 4213.263847583912 176.60021741086643 560.0111213439725
    vertex 4230.366070105044 176.60021741086643 560.0111213439723
    vertex 4230.5159207388015 176.23844597852022 560.0111213439723
  endloop
endfacet
facet normal -3.9990131858182315e-15 -9.530629109072022e-15 -1.0
  outer loop
    vertex 4213.263847583912 176.60021741086643 560.0111213439725
    vertex 4230.5159207388015 176.23844597852022 560.0111213439723
    vertex 4213.113996950155 176.23844597852022 560.0111213439725
  endloop
endfacet
facet normal -3.9990131858182315e-15 -9.530629109072022e-15 -1.0
  outer loop
    vertex 4213.113996950155 176.23844597852022 560.0111213439725
    vertex 4230.5159207388015 176.23844597852022 560.0111213439723
    vertex 4230.754298672698 175.92778580674042 560.0111213439723
  endloop
endfacet
facet normal -3.9990131858182315e-15 -9.530629109072022e-15 -1.0
  outer loop
    vertex 4213.113996950155 176.23844597852022 560.0111213439725
    vertex 4230.754298672698 175.92778580674042 560.0111213439723
    vertex 4212.875619016258 175.92778580674042 560.0111213439725
  endloop
endfacet
facet normal -3.9990131858182315e-15 -9.530629109072022e-15 -1.0
  outer loop
    vertex 4212.875619016258 175.92778580674042 560.0111213439725
    vertex 4230.754298672698 175.92778580674042 560.0111213439723
    vertex 4231.064958844478 175.68940787284356 560.0111213439723
  endloop
endfacet
facet normal -3.9990131858182315e-15 -9.530629109072022e-15 -1.0
  outer loop
    vertex 4212.875619016258 175.92778580674042 560.0111213439725
    vertex 4231.064958844478 175.68940787284356 560.0111213439723
    vertex 4212.564958844478 175.68940787284356 560.0111213439725
  endloop
endfacet
facet normal -3.9990131858182315e-15 -9.530629109072022e-15 -1.0
  outer loop
    vertex 4212.564958844478 175.68940787284356 560.0111213439725
    vertex 4231.064958844478 175.68940787284356 560.0111213439723
    vertex 4231.426730276824 175.53955723908663 560.0111213439723
  endloop
endfacet
facet normal -3.9990131858182315e-15 -9.530629109072022e-15 -1.0
  outer loop
    vertex 4212.564958844478 175.68940787284356 560.0111213439725
    vertex 4231.426730276824 175.53955723908663 560.0111213439723
    vertex 4212.203187412132 175.53955723908663 560.0111213439725
  endloop
endfacet
facet normal -3.9990131858182315e-15 -9.530629109072022e-15 -1.0
  outer loop
    vertex 4212.203187412132 175.53955723908663 560.0111213439725
    vertex 4231.426730276824 175.53955723908663 560.0111213439723
    vertex 4231.814958844478 175.48844597852022 560.0111213439723
  endloop
endfacet
facet normal -3.9990131858182315e-15 -9.530629109072022e-15 -1.0
  outer loop
    vertex 4212.203187412132 175.53955723908663 560.0111213439725
    vertex 4231.814958844478 175.48844597852022 560.0111213439723
    vertex 4211.8149588444785 175.48844597852022 560.0111213439725
  endloop
endfacet
facet normal -0.6343932841633791 0.7730104533629557 2.4821095761065038e-14
  outer loop
    vertex 4212.875619016258 182.42778580674033 566.0111213439717
    vertex 4212.648314194007 182.2412415600665 563.0111213439719
    vertex 4212.648314194007 182.24124156006633 566.0111213439717
  endloop
endfacet
facet normal -0.6343932841633791 0.7730104533629557 2.4821095761065038e-14
  outer loop
    vertex 4212.648314194007 182.2412415600665 563.0111213439719
    vertex 4212.875619016258 182.42778580674033 566.0111213439717
    vertex 4212.875619016258 182.42778580674047 563.0111213439719
  endloop
endfacet
facet normal -0.773010453362859 0.6343932841634967 2.0370044408665767e-14
  outer loop
    vertex 4212.875619016258 182.42778580674033 566.0111213439717
    vertex 4213.062163262932 182.65509062899088 563.0111213439719
    vertex 4212.875619016258 182.42778580674047 563.0111213439719
  endloop
endfacet
facet normal -0.773010453362859 0.6343932841634967 2.0370044408665767e-14
  outer loop
    vertex 4213.062163262932 182.65509062899088 563.0111213439719
    vertex 4212.875619016258 182.42778580674033 566.0111213439717
    vertex 4213.062163262932 182.6550906289907 566.0111213439717
  endloop
endfacet
facet normal -0.8819212643482618 0.4713967368261723 1.513724994487576e-14
  outer loop
    vertex 4213.062163262932 182.6550906289907 566.0111213439717
    vertex 4213.200778143245 182.91442082997264 563.0111213439719
    vertex 4213.062163262932 182.65509062899088 563.0111213439719
  endloop
endfacet
facet normal -0.8819212643482618 0.4713967368261723 1.513724994487576e-14
  outer loop
    vertex 4213.200778143245 182.91442082997264 563.0111213439719
    vertex 4213.062163262932 182.6550906289907 566.0111213439717
    vertex 4213.200778143245 182.9144208299725 566.0111213439717
  endloop
endfacet
facet normal -0.9569403357322089 0.2902846772544625 9.320956559612904e-15
  outer loop
    vertex 4213.200778143245 182.9144208299725 566.0111213439717
    vertex 4213.286136765083 183.1958104954961 563.0111213439719
    vertex 4213.200778143245 182.91442082997264 563.0111213439719
  endloop
endfacet
facet normal -0.9569403357322089 0.2902846772544625 9.320956559612904e-15
  outer loop
    vertex 4213.286136765083 183.1958104954961 563.0111213439719
    vertex 4213.200778143245 182.9144208299725 566.0111213439717
    vertex 4213.286136765083 183.19581049549592 566.0111213439717
  endloop
endfacet
facet normal -0.9951847266722348 0.09801714032917568 3.1473458318614937e-15
  outer loop
    vertex 4213.286136765083 183.19581049549592 566.0111213439717
    vertex 4213.314958844478 183.48844597852028 563.0111213439719
    vertex 4213.286136765083 183.1958104954961 563.0111213439719
  endloop
endfacet
facet normal -0.9951847266722348 0.09801714032917568 3.1473458318614937e-15
  outer loop
    vertex 4213.314958844478 183.48844597852028 563.0111213439719
    vertex 4213.286136765083 183.19581049549592 566.0111213439717
    vertex 4213.314958844478 183.48844597852013 566.0111213439716
  endloop
endfacet
facet normal -0.9951847266722348 -0.09801714032917563 -3.1476463752225326e-15
  outer loop
    vertex 4213.314958844478 183.48844597852013 566.0111213439716
    vertex 4213.286136765083 183.7810814615445 563.0111213439719
    vertex 4213.314958844478 183.48844597852028 563.0111213439719
  endloop
endfacet
facet normal -0.9951847266722348 -0.09801714032917563 -3.1476463752225326e-15
  outer loop
    vertex 4213.286136765083 183.7810814615445 563.0111213439719
    vertex 4213.314958844478 183.48844597852013 566.0111213439716
    vertex 4213.286136765083 183.78108146154432 566.0111213439716
  endloop
endfacet
facet normal -0.9569403357322089 -0.2902846772544625 -9.321286838069069e-15
  outer loop
    vertex 4213.286136765083 183.78108146154432 566.0111213439716
    vertex 4213.200778143245 184.0624711270679 563.0111213439719
    vertex 4213.286136765083 183.7810814615445 563.0111213439719
  endloop
endfacet
facet normal -0.9569403357322089 -0.2902846772544625 -9.321286838069069e-15
  outer loop
    vertex 4213.200778143245 184.0624711270679 563.0111213439719
    vertex 4213.286136765083 183.78108146154432 566.0111213439716
    vertex 4213.200778143245 184.06247112706777 566.0111213439716
  endloop
endfacet
facet normal -0.8819212643482618 -0.4713967368261723 -1.5136055482155798e-14
  outer loop
    vertex 4213.200778143245 184.06247112706777 566.0111213439716
    vertex 4213.062163262932 184.3218013280497 563.011121343972
    vertex 4213.200778143245 184.0624711270679 563.0111213439719
  endloop
endfacet
facet normal -0.8819212643482618 -0.4713967368261723 -1.5136055482155798e-14
  outer loop
    vertex 4213.062163262932 184.3218013280497 563.011121343972
    vertex 4213.200778143245 184.06247112706777 566.0111213439716
    vertex 4213.062163262932 184.32180132804953 566.0111213439717
  endloop
endfacet
facet normal -0.773010453362859 -0.6343932841634968 -2.037107754644574e-14
  outer loop
    vertex 4213.062163262932 184.32180132804953 566.0111213439717
    vertex 4212.875619016258 184.54910615030008 563.011121343972
    vertex 4213.062163262932 184.3218013280497 563.011121343972
  endloop
endfacet
facet normal -0.773010453362859 -0.6343932841634968 -2.037107754644574e-14
  outer loop
    vertex 4212.875619016258 184.54910615030008 563.011121343972
    vertex 4213.062163262932 184.32180132804953 566.0111213439717
    vertex 4212.875619016258 184.54910615029993 566.0111213439717
  endloop
endfacet
facet normal -0.6343932841633791 -0.7730104533629557 -2.482323013611653e-14
  outer loop
    vertex 4212.875619016258 184.54910615030008 563.011121343972
    vertex 4212.648314194007 184.7356503969739 566.0111213439717
    vertex 4212.648314194007 184.73565039697408 563.011121343972
  endloop
endfacet
facet normal -0.6343932841633791 -0.7730104533629557 -2.482323013611653e-14
  outer loop
    vertex 4212.648314194007 184.7356503969739 566.0111213439717
    vertex 4212.875619016258 184.54910615030008 563.011121343972
    vertex 4212.875619016258 184.54910615029993 566.0111213439717
  endloop
endfacet
facet normal -0.4713967368259335 -0.8819212643483892 -2.8319457026434448e-14
  outer loop
    vertex 4212.648314194007 184.73565039697408 563.011121343972
    vertex 4212.388983993025 184.874265277287 566.0111213439716
    vertex 4212.388983993025 184.87426527728718 563.0111213439719
  endloop
endfacet
facet normal -0.4713967368259335 -0.8819212643483892 -2.8319457026434448e-14
  outer loop
    vertex 4212.388983993025 184.874265277287 566.0111213439716
    vertex 4212.648314194007 184.73565039697408 563.011121343972
    vertex 4212.648314194007 184.7356503969739 566.0111213439717
  endloop
endfacet
facet normal -0.2902846772544625 -0.9569403357322089 -3.072860586305222e-14
  outer loop
    vertex 4212.388983993025 184.87426527728718 563.0111213439719
    vertex 4212.107594327502 184.95962389912492 566.0111213439716
    vertex 4212.107594327502 184.9596238991251 563.0111213439719
  endloop
endfacet
facet normal -0.2902846772544625 -0.9569403357322089 -3.072860586305222e-14
  outer loop
    vertex 4212.107594327502 184.95962389912492 566.0111213439716
    vertex 4212.388983993025 184.87426527728718 563.0111213439719
    vertex 4212.388983993025 184.874265277287 566.0111213439716
  endloop
endfacet
facet normal -0.09801714032978352 -0.995184726672175 -3.1956468932927375e-14
  outer loop
    vertex 4212.107594327502 184.9596238991251 563.0111213439719
    vertex 4211.8149588444785 184.98844597852013 566.0111213439716
    vertex 4211.8149588444785 184.9884459785203 563.0111213439719
  endloop
endfacet
facet normal -0.09801714032978352 -0.995184726672175 -3.1956468932927375e-14
  outer loop
    vertex 4211.8149588444785 184.98844597852013 566.0111213439716
    vertex 4212.107594327502 184.9596238991251 563.0111213439719
    vertex 4212.107594327502 184.95962389912492 566.0111213439716
  endloop
endfacet
facet normal 0.09801714032978352 -0.995184726672175 -3.195644420840785e-14
  outer loop
    vertex 4211.8149588444785 184.9884459785203 563.0111213439719
    vertex 4211.522323361453 184.95962389912492 566.0111213439716
    vertex 4211.522323361453 184.9596238991251 563.0111213439719
  endloop
endfacet
facet normal 0.09801714032978352 -0.995184726672175 -3.195644420840785e-14
  outer loop
    vertex 4211.522323361453 184.95962389912492 566.0111213439716
    vertex 4211.8149588444785 184.9884459785203 563.0111213439719
    vertex 4211.8149588444785 184.98844597852013 566.0111213439716
  endloop
endfacet
facet normal 0.2902846772544625 -0.9569403357322089 -3.072783959058378e-14
  outer loop
    vertex 4211.522323361453 184.9596238991251 563.0111213439719
    vertex 4211.240933695931 184.874265277287 566.0111213439716
    vertex 4211.240933695931 184.87426527728718 563.0111213439719
  endloop
endfacet
facet normal 0.2902846772544625 -0.9569403357322089 -3.072783959058378e-14
  outer loop
    vertex 4211.240933695931 184.874265277287 566.0111213439716
    vertex 4211.522323361453 184.9596238991251 563.0111213439719
    vertex 4211.522323361453 184.95962389912492 566.0111213439716
  endloop
endfacet
facet normal 0.4713967368259335 -0.8819212643483892 -2.8320370185533682e-14
  outer loop
    vertex 4211.240933695931 184.87426527728718 563.0111213439719
    vertex 4210.981603494949 184.7356503969739 566.0111213439717
    vertex 4210.981603494949 184.73565039697408 563.011121343972
  endloop
endfacet
facet normal 0.4713967368259335 -0.8819212643483892 -2.8320370185533682e-14
  outer loop
    vertex 4210.981603494949 184.7356503969739 566.0111213439717
    vertex 4211.240933695931 184.87426527728718 563.0111213439719
    vertex 4211.240933695931 184.874265277287 566.0111213439716
  endloop
endfacet
facet normal 0.6343932841635579 -0.773010453362809 -3.216558978880735e-14
  outer loop
    vertex 4210.981603494949 184.73565039697408 563.011121343972
    vertex 4210.7542986726985 184.54910615029993 566.0111213439717
    vertex 4210.7542986726985 184.54910615030016 563.011121343972
  endloop
endfacet
facet normal 0.6343932841635579 -0.773010453362809 -3.216558978880735e-14
  outer loop
    vertex 4210.7542986726985 184.54910615029993 566.0111213439717
    vertex 4210.981603494949 184.73565039697408 563.011121343972
    vertex 4210.981603494949 184.7356503969739 566.0111213439717
  endloop
endfacet
facet normal 0.773010453362558 -0.6343932841638635 -3.242307795804494e-14
  outer loop
    vertex 4210.7542986726985 184.54910615029993 566.0111213439717
    vertex 4210.567754426024 184.3218013280498 563.011121343972
    vertex 4210.7542986726985 184.54910615030016 563.011121343972
  endloop
endfacet
facet normal 0.773010453362558 -0.6343932841638635 -3.242307795804494e-14
  outer loop
    vertex 4210.567754426024 184.3218013280498 563.011121343972
    vertex 4210.7542986726985 184.54910615029993 566.0111213439717
    vertex 4210.567754426024 184.32180132804953 566.0111213439717
  endloop
endfacet
facet normal 0.8819212643482618 -0.4713967368261723 -2.4092816365895125e-14
  outer loop
    vertex 4210.567754426024 184.3218013280498 563.011121343972
    vertex 4210.429139545711 184.06247112706777 566.0111213439716
    vertex 4210.429139545711 184.062471127068 563.0111213439719
  endloop
endfacet
facet normal 0.8819212643482618 -0.4713967368261723 -2.4092816365895125e-14
  outer loop
    vertex 4210.429139545711 184.06247112706777 566.0111213439716
    vertex 4210.567754426024 184.3218013280498 563.011121343972
    vertex 4210.567754426024 184.32180132804953 566.0111213439717
  endloop
endfacet
facet normal 0.9569403357322089 -0.2902846772544625 -1.4836919945930567e-14
  outer loop
    vertex 4210.429139545711 184.06247112706777 566.0111213439716
    vertex 4210.343780923872 183.78108146154457 563.0111213439719
    vertex 4210.429139545711 184.062471127068 563.0111213439719
  endloop
endfacet
facet normal 0.9569403357322089 -0.2902846772544625 -1.4836919945930567e-14
  outer loop
    vertex 4210.343780923872 183.78108146154457 563.0111213439719
    vertex 4210.429139545711 184.06247112706777 566.0111213439716
    vertex 4210.343780923872 183.78108146154432 566.0111213439716
  endloop
endfacet
facet normal 0.9951847266722949 -0.09801714032856781 -5.009439954424701e-15
  outer loop
    vertex 4210.343780923872 183.78108146154432 566.0111213439716
    vertex 4210.3149588444785 183.48844597852036 563.0111213439719
    vertex 4210.343780923872 183.78108146154457 563.0111213439719
  endloop
endfacet
facet normal 0.9951847266722949 -0.09801714032856781 -5.009439954424701e-15
  outer loop
    vertex 4210.3149588444785 183.48844597852036 563.0111213439719
    vertex 4210.343780923872 183.78108146154432 566.0111213439716
    vertex 4210.3149588444785 183.48844597852013 566.0111213439716
  endloop
endfacet
facet normal 0.9951847266722949 0.09801714032856781 5.009439954424701e-15
  outer loop
    vertex 4210.3149588444785 183.48844597852013 566.0111213439716
    vertex 4210.343780923872 183.19581049549618 563.0111213439719
    vertex 4210.3149588444785 183.48844597852036 563.0111213439719
  endloop
endfacet
facet normal 0.9951847266722949 0.09801714032856781 5.009439954424701e-15
  outer loop
    vertex 4210.343780923872 183.19581049549618 563.0111213439719
    vertex 4210.3149588444785 183.48844597852013 566.0111213439716
    vertex 4210.343780923872 183.19581049549592 566.0111213439717
  endloop
endfacet
facet normal 0.9569403357322089 0.2902846772544625 1.483725022438673e-14
  outer loop
    vertex 4210.343780923872 183.19581049549592 566.0111213439717
    vertex 4210.429139545711 182.91442082997273 563.0111213439719
    vertex 4210.343780923872 183.19581049549618 563.0111213439719
  endloop
endfacet
facet normal 0.9569403357322089 0.2902846772544625 1.483725022438673e-14
  outer loop
    vertex 4210.429139545711 182.91442082997273 563.0111213439719
    vertex 4210.343780923872 183.19581049549592 566.0111213439717
    vertex 4210.429139545711 182.9144208299725 566.0111213439717
  endloop
endfacet
facet normal 0.8819212643482618 0.4713967368261723 2.4091523214089755e-14
  outer loop
    vertex 4210.429139545711 182.9144208299725 566.0111213439717
    vertex 4210.567754426024 182.65509062899096 563.0111213439719
    vertex 4210.429139545711 182.91442082997273 563.0111213439719
  endloop
endfacet
facet normal 0.8819212643482618 0.4713967368261723 2.4091523214089755e-14
  outer loop
    vertex 4210.567754426024 182.65509062899096 563.0111213439719
    vertex 4210.429139545711 182.9144208299725 566.0111213439717
    vertex 4210.567754426024 182.6550906289907 566.0111213439717
  endloop
endfacet
facet normal 0.773010453362558 0.6343932841638634 3.242371090049986e-14
  outer loop
    vertex 4210.567754426024 182.6550906289907 566.0111213439717
    vertex 4210.7542986726985 182.42778580674056 563.0111213439719
    vertex 4210.567754426024 182.65509062899096 563.0111213439719
  endloop
endfacet
facet normal 0.773010453362558 0.6343932841638634 3.242371090049986e-14
  outer loop
    vertex 4210.7542986726985 182.42778580674056 563.0111213439719
    vertex 4210.567754426024 182.6550906289907 566.0111213439717
    vertex 4210.7542986726985 182.42778580674033 566.0111213439717
  endloop
endfacet
facet normal 0.6343932841635014 0.7730104533628552 3.216528894217988e-14
  outer loop
    vertex 4210.981603494949 182.24124156006633 566.0111213439717
    vertex 4210.7542986726985 182.42778580674056 563.0111213439719
    vertex 4210.7542986726985 182.42778580674033 566.0111213439717
  endloop
endfacet
facet normal 0.6343932841635014 0.7730104533628552 3.216528894217988e-14
  outer loop
    vertex 4210.7542986726985 182.42778580674056 563.0111213439719
    vertex 4210.981603494949 182.24124156006633 566.0111213439717
    vertex 4210.981603494949 182.2412415600665 563.0111213439719
  endloop
endfacet
facet normal 0.47139673682593364 0.8819212643483892 2.831790150713862e-14
  outer loop
    vertex 4211.240933695931 182.10262667975323 566.0111213439717
    vertex 4210.981603494949 182.2412415600665 563.0111213439719
    vertex 4210.981603494949 182.24124156006633 566.0111213439717
  endloop
endfacet
facet normal 0.47139673682593364 0.8819212643483892 2.831790150713862e-14
  outer loop
    vertex 4210.981603494949 182.2412415600665 563.0111213439719
    vertex 4211.240933695931 182.10262667975323 566.0111213439717
    vertex 4211.240933695931 182.1026266797534 563.0111213439719
  endloop
endfacet
facet normal 0.2902846772544625 0.9569403357322089 3.072783959058378e-14
  outer loop
    vertex 4211.522323361454 182.01726805791532 566.0111213439717
    vertex 4211.240933695931 182.1026266797534 563.0111213439719
    vertex 4211.240933695931 182.10262667975323 566.0111213439717
  endloop
endfacet
facet normal 0.2902846772544625 0.9569403357322089 3.072783959058378e-14
  outer loop
    vertex 4211.240933695931 182.1026266797534 563.0111213439719
    vertex 4211.522323361454 182.01726805791532 566.0111213439717
    vertex 4211.522323361454 182.0172680579155 563.0111213439719
  endloop
endfacet
facet normal 0.09801714032978352 0.995184726672175 3.195644420840773e-14
  outer loop
    vertex 4211.8149588444785 181.9884459785201 566.0111213439717
    vertex 4211.522323361454 182.0172680579155 563.0111213439719
    vertex 4211.522323361454 182.01726805791532 566.0111213439717
  endloop
endfacet
facet normal 0.09801714032978352 0.995184726672175 3.195644420840773e-14
  outer loop
    vertex 4211.522323361454 182.0172680579155 563.0111213439719
    vertex 4211.8149588444785 181.9884459785201 566.0111213439717
    vertex 4211.8149588444785 181.98844597852028 563.0111213439719
  endloop
endfacet
facet normal -0.09801714032978352 0.995184726672175 3.1956468932927375e-14
  outer loop
    vertex 4212.107594327502 182.01726805791532 566.0111213439717
    vertex 4211.8149588444785 181.98844597852028 563.0111213439719
    vertex 4211.8149588444785 181.9884459785201 566.0111213439717
  endloop
endfacet
facet normal -0.09801714032978352 0.995184726672175 3.1956468932927375e-14
  outer loop
    vertex 4211.8149588444785 181.98844597852028 563.0111213439719
    vertex 4212.107594327502 182.01726805791532 566.0111213439717
    vertex 4212.107594327502 182.0172680579155 563.0111213439719
  endloop
endfacet
facet normal -0.29028467725446255 0.9569403357322089 3.072850567417824e-14
  outer loop
    vertex 4212.388983993025 182.10262667975323 566.0111213439717
    vertex 4212.107594327502 182.0172680579155 563.0111213439719
    vertex 4212.107594327502 182.01726805791532 566.0111213439717
  endloop
endfacet
facet normal -0.29028467725446255 0.9569403357322089 3.072850567417824e-14
  outer loop
    vertex 4212.107594327502 182.0172680579155 563.0111213439719
    vertex 4212.388983993025 182.10262667975323 566.0111213439717
    vertex 4212.388983993025 182.1026266797534 563.0111213439719
  endloop
endfacet
facet normal -0.4713967368261887 0.8819212643482528 2.8318499775147712e-14
  outer loop
    vertex 4212.648314194007 182.24124156006633 566.0111213439717
    vertex 4212.388983993025 182.1026266797534 563.0111213439719
    vertex 4212.388983993025 182.10262667975323 566.0111213439717
  endloop
endfacet
facet normal -0.4713967368261887 0.8819212643482528 2.8318499775147712e-14
  outer loop
    vertex 4212.388983993025 182.1026266797534 563.0111213439719
    vertex 4212.648314194007 182.24124156006633 566.0111213439717
    vertex 4212.648314194007 182.2412415600665 563.0111213439719
  endloop
endfacet
facet normal 0.09801714032978352 0.995184726672175 3.195644420840785e-14
  outer loop
    vertex 4231.814958844478 181.9884459785201 566.0111213439717
    vertex 4231.522323361454 182.0172680579155 563.0111213439719
    vertex 4231.522323361454 182.01726805791532 566.0111213439717
  endloop
endfacet
facet normal 0.09801714032978352 0.995184726672175 3.195644420840785e-14
  outer loop
    vertex 4231.522323361454 182.0172680579155 563.0111213439719
    vertex 4231.814958844478 181.9884459785201 566.0111213439717
    vertex 4231.814958844478 181.98844597852028 563.0111213439719
  endloop
endfacet
facet normal -0.09801714033008745 0.9951847266721451 3.195664067198945e-14
  outer loop
    vertex 4232.107594327503 182.0172680579154 566.0111213439717
    vertex 4231.814958844478 181.98844597852028 563.0111213439719
    vertex 4231.814958844478 181.9884459785201 566.0111213439717
  endloop
endfacet
facet normal -0.09801714033008745 0.9951847266721451 3.195664067198945e-14
  outer loop
    vertex 4231.814958844478 181.98844597852028 563.0111213439719
    vertex 4232.107594327503 182.0172680579154 566.0111213439717
    vertex 4232.107594327503 182.01726805791557 563.0111213439719
  endloop
endfacet
facet normal -0.29028467725446255 0.9569403357322089 3.072934898957367e-14
  outer loop
    vertex 4232.388983993025 182.10262667975334 566.0111213439717
    vertex 4232.107594327503 182.01726805791557 563.0111213439719
    vertex 4232.107594327503 182.0172680579154 566.0111213439717
  endloop
endfacet
facet normal -0.29028467725446255 0.9569403357322089 3.072934898957367e-14
  outer loop
    vertex 4232.107594327503 182.01726805791557 563.0111213439719
    vertex 4232.388983993025 182.10262667975334 566.0111213439717
    vertex 4232.388983993025 182.10262667975348 563.0111213439719
  endloop
endfacet
facet normal -0.47139673682569483 0.8819212643485169 2.8319869513804133e-14
  outer loop
    vertex 4232.648314194007 182.24124156006633 566.0111213439717
    vertex 4232.388983993025 182.10262667975348 563.0111213439719
    vertex 4232.388983993025 182.10262667975334 566.0111213439717
  endloop
endfacet
facet normal -0.47139673682569483 0.8819212643485169 2.8319869513804133e-14
  outer loop
    vertex 4232.388983993025 182.10262667975348 563.0111213439719
    vertex 4232.648314194007 182.24124156006633 566.0111213439717
    vertex 4232.648314194007 182.2412415600665 563.0111213439719
  endloop
endfacet
facet normal -0.6343932841641035 0.7730104533623613 3.2165069987616507e-14
  outer loop
    vertex 4232.875619016258 182.42778580674033 566.0111213439717
    vertex 4232.648314194007 182.2412415600665 563.0111213439719
    vertex 4232.648314194007 182.24124156006633 566.0111213439717
  endloop
endfacet
facet normal -0.6343932841641035 0.7730104533623613 3.2165069987616507e-14
  outer loop
    vertex 4232.648314194007 182.2412415600665 563.0111213439719
    vertex 4232.875619016258 182.42778580674033 566.0111213439717
    vertex 4232.875619016258 182.42778580674056 563.0111213439719
  endloop
endfacet
facet normal -0.773010453362859 0.6343932841634968 3.242217821868701e-14
  outer loop
    vertex 4232.875619016258 182.42778580674033 566.0111213439717
    vertex 4233.062163262931 182.65509062899096 563.0111213439719
    vertex 4232.875619016258 182.42778580674056 563.0111213439719
  endloop
endfacet
facet normal -0.773010453362859 0.6343932841634968 3.242217821868701e-14
  outer loop
    vertex 4233.062163262931 182.65509062899096 563.0111213439719
    vertex 4232.875619016258 182.42778580674033 566.0111213439717
    vertex 4233.062163262931 182.6550906289907 566.0111213439717
  endloop
endfacet
facet normal -0.8819212643482618 0.47139673682617217 2.4094582960075614e-14
  outer loop
    vertex 4233.062163262931 182.6550906289907 566.0111213439717
    vertex 4233.200778143244 182.91442082997273 563.0111213439719
    vertex 4233.062163262931 182.65509062899096 563.0111213439719
  endloop
endfacet
facet normal -0.8819212643482618 0.47139673682617217 2.4094582960075614e-14
  outer loop
    vertex 4233.200778143244 182.91442082997273 563.0111213439719
    vertex 4233.062163262931 182.6550906289907 566.0111213439717
    vertex 4233.200778143244 182.9144208299725 566.0111213439717
  endloop
endfacet
facet normal -0.9569403357322089 0.2902846772544625 1.483625386233572e-14
  outer loop
    vertex 4233.200778143244 182.9144208299725 566.0111213439717
    vertex 4233.286136765083 183.19581049549618 563.0111213439719
    vertex 4233.200778143244 182.91442082997273 563.0111213439719
  endloop
endfacet
facet normal -0.9569403357322089 0.2902846772544625 1.483625386233572e-14
  outer loop
    vertex 4233.286136765083 183.19581049549618 563.0111213439719
    vertex 4233.200778143244 182.9144208299725 566.0111213439717
    vertex 4233.286136765083 183.19581049549592 566.0111213439717
  endloop
endfacet
facet normal -0.995184726672175 0.09801714032978354 5.0093293604346795e-15
  outer loop
    vertex 4233.286136765083 183.19581049549592 566.0111213439717
    vertex 4233.314958844478 183.48844597852036 563.0111213439719
    vertex 4233.286136765083 183.19581049549618 563.0111213439719
  endloop
endfacet
facet normal -0.995184726672175 0.09801714032978354 5.0093293604346795e-15
  outer loop
    vertex 4233.314958844478 183.48844597852036 563.0111213439719
    vertex 4233.286136765083 183.19581049549592 566.0111213439717
    vertex 4233.314958844478 183.48844597852013 566.0111213439716
  endloop
endfacet
facet normal -0.995184726672175 -0.09801714032978352 -5.009608436414159e-15
  outer loop
    vertex 4233.314958844478 183.48844597852013 566.0111213439716
    vertex 4233.286136765083 183.78108146154457 563.0111213439719
    vertex 4233.314958844478 183.48844597852036 563.0111213439719
  endloop
endfacet
facet normal -0.995184726672175 -0.09801714032978352 -5.009608436414159e-15
  outer loop
    vertex 4233.286136765083 183.78108146154457 563.0111213439719
    vertex 4233.314958844478 183.48844597852013 566.0111213439716
    vertex 4233.286136765083 183.78108146154432 566.0111213439716
  endloop
endfacet
facet normal -0.9569403357322089 -0.2902846772544625 -1.483658414079189e-14
  outer loop
    vertex 4233.286136765083 183.78108146154432 566.0111213439716
    vertex 4233.200778143244 184.062471127068 563.0111213439719
    vertex 4233.286136765083 183.78108146154457 563.0111213439719
  endloop
endfacet
facet normal -0.9569403357322089 -0.2902846772544625 -1.483658414079189e-14
  outer loop
    vertex 4233.200778143244 184.062471127068 563.0111213439719
    vertex 4233.286136765083 183.78108146154432 566.0111213439716
    vertex 4233.200778143244 184.06247112706777 566.0111213439716
  endloop
endfacet
facet normal -0.8819212643482618 -0.4713967368261723 -2.4090948028820504e-14
  outer loop
    vertex 4233.200778143244 184.06247112706777 566.0111213439716
    vertex 4233.062163262931 184.3218013280498 563.011121343972
    vertex 4233.200778143244 184.062471127068 563.0111213439719
  endloop
endfacet
facet normal -0.8819212643482618 -0.4713967368261723 -2.4090948028820504e-14
  outer loop
    vertex 4233.062163262931 184.3218013280498 563.011121343972
    vertex 4233.200778143244 184.06247112706777 566.0111213439716
    vertex 4233.062163262931 184.32180132804953 566.0111213439717
  endloop
endfacet
facet normal -0.773010453362859 -0.6343932841634967 -3.242332083373796e-14
  outer loop
    vertex 4233.062163262931 184.32180132804953 566.0111213439717
    vertex 4232.875619016258 184.54910615030016 563.011121343972
    vertex 4233.062163262931 184.3218013280498 563.011121343972
  endloop
endfacet
facet normal -0.773010453362859 -0.6343932841634967 -3.242332083373796e-14
  outer loop
    vertex 4232.875619016258 184.54910615030016 563.011121343972
    vertex 4233.062163262931 184.32180132804953 566.0111213439717
    vertex 4232.875619016258 184.54910615029993 566.0111213439717
  endloop
endfacet
facet normal -0.6343932841635579 -0.773010453362809 -3.216648952814505e-14
  outer loop
    vertex 4232.875619016258 184.54910615030016 563.011121343972
    vertex 4232.648314194007 184.7356503969739 566.0111213439717
    vertex 4232.648314194007 184.73565039697408 563.011121343972
  endloop
endfacet
facet normal -0.6343932841635579 -0.773010453362809 -3.216648952814505e-14
  outer loop
    vertex 4232.648314194007 184.7356503969739 566.0111213439717
    vertex 4232.875619016258 184.54910615030016 563.011121343972
    vertex 4232.875619016258 184.54910615029993 566.0111213439717
  endloop
endfacet
facet normal -0.4713967368261723 -0.8819212643482618 -2.8319535686579063e-14
  outer loop
    vertex 4232.648314194007 184.73565039697408 563.011121343972
    vertex 4232.388983993025 184.8742652772871 566.0111213439716
    vertex 4232.388983993025 184.87426527728726 563.0111213439719
  endloop
endfacet
facet normal -0.4713967368261723 -0.8819212643482618 -2.8319535686579063e-14
  outer loop
    vertex 4232.388983993025 184.8742652772871 566.0111213439716
    vertex 4232.648314194007 184.73565039697408 563.011121343972
    vertex 4232.648314194007 184.7356503969739 566.0111213439717
  endloop
endfacet
facet normal -0.2902846772544625 -0.9569403357322089 -3.0729348989574044e-14
  outer loop
    vertex 4232.388983993025 184.87426527728726 563.0111213439719
    vertex 4232.107594327502 184.959623899125 566.0111213439716
    vertex 4232.107594327502 184.95962389912518 563.0111213439719
  endloop
endfacet
facet normal -0.2902846772544625 -0.9569403357322089 -3.0729348989574044e-14
  outer loop
    vertex 4232.107594327502 184.959623899125 566.0111213439716
    vertex 4232.388983993025 184.87426527728726 563.0111213439719
    vertex 4232.388983993025 184.8742652772871 566.0111213439716
  endloop
endfacet
facet normal -0.09801714032947961 -0.995184726672205 -3.19565333350773e-14
  outer loop
    vertex 4232.107594327502 184.95962389912518 563.0111213439719
    vertex 4231.814958844478 184.98844597852013 566.0111213439716
    vertex 4231.814958844478 184.9884459785203 563.0111213439719
  endloop
endfacet
facet normal -0.09801714032947961 -0.995184726672205 -3.19565333350773e-14
  outer loop
    vertex 4231.814958844478 184.98844597852013 566.0111213439716
    vertex 4232.107594327502 184.95962389912518 563.0111213439719
    vertex 4232.107594327502 184.959623899125 566.0111213439716
  endloop
endfacet
facet normal 0.09801714032978352 -0.995184726672175 -3.195644420840773e-14
  outer loop
    vertex 4231.814958844478 184.9884459785203 563.0111213439719
    vertex 4231.522323361454 184.95962389912492 566.0111213439716
    vertex 4231.522323361454 184.9596238991251 563.0111213439719
  endloop
endfacet
facet normal 0.09801714032978352 -0.995184726672175 -3.195644420840773e-14
  outer loop
    vertex 4231.522323361454 184.95962389912492 566.0111213439716
    vertex 4231.814958844478 184.9884459785203 563.0111213439719
    vertex 4231.814958844478 184.98844597852013 566.0111213439716
  endloop
endfacet
facet normal 0.2902846772544625 -0.9569403357322089 -3.072783959058378e-14
  outer loop
    vertex 4231.522323361454 184.9596238991251 563.0111213439719
    vertex 4231.24093369593 184.874265277287 566.0111213439716
    vertex 4231.24093369593 184.87426527728718 563.0111213439719
  endloop
endfacet
facet normal 0.2902846772544625 -0.9569403357322089 -3.072783959058378e-14
  outer loop
    vertex 4231.24093369593 184.874265277287 566.0111213439716
    vertex 4231.522323361454 184.9596238991251 563.0111213439719
    vertex 4231.522323361454 184.95962389912492 566.0111213439716
  endloop
endfacet
facet normal 0.4713967368261887 -0.8819212643482528 -2.832102097713819e-14
  outer loop
    vertex 4231.24093369593 184.87426527728718 563.0111213439719
    vertex 4230.981603494949 184.7356503969739 566.0111213439717
    vertex 4230.981603494949 184.73565039697408 563.011121343972
  endloop
endfacet
facet normal 0.4713967368261887 -0.8819212643482528 -2.832102097713819e-14
  outer loop
    vertex 4230.981603494949 184.7356503969739 566.0111213439717
    vertex 4231.24093369593 184.87426527728718 563.0111213439719
    vertex 4231.24093369593 184.874265277287 566.0111213439716
  endloop
endfacet
facet normal 0.6343932841633791 -0.7730104533629557 -2.482410595428454e-14
  outer loop
    vertex 4230.981603494949 184.73565039697408 563.011121343972
    vertex 4230.754298672698 184.54910615029993 566.0111213439717
    vertex 4230.754298672698 184.54910615030008 563.011121343972
  endloop
endfacet
facet normal 0.6343932841633791 -0.7730104533629557 -2.482410595428454e-14
  outer loop
    vertex 4230.754298672698 184.54910615029993 566.0111213439717
    vertex 4230.981603494949 184.73565039697408 563.011121343972
    vertex 4230.981603494949 184.7356503969739 566.0111213439717
  endloop
endfacet
facet normal 0.773010453362859 -0.6343932841634967 -2.0371819966172884e-14
  outer loop
    vertex 4230.754298672698 184.54910615029993 566.0111213439717
    vertex 4230.567754426024 184.3218013280497 563.011121343972
    vertex 4230.754298672698 184.54910615030008 563.011121343972
  endloop
endfacet
facet normal 0.773010453362859 -0.6343932841634967 -2.0371819966172884e-14
  outer loop
    vertex 4230.567754426024 184.3218013280497 563.011121343972
    vertex 4230.754298672698 184.54910615029993 566.0111213439717
    vertex 4230.567754426024 184.32180132804953 566.0111213439717
  endloop
endfacet
facet normal 0.8819212643482618 -0.47139673682617217 -1.5137923819230265e-14
  outer loop
    vertex 4230.567754426024 184.3218013280497 563.011121343972
    vertex 4230.429139545711 184.06247112706777 566.0111213439716
    vertex 4230.429139545711 184.0624711270679 563.0111213439719
  endloop
endfacet
facet normal 0.8819212643482618 -0.47139673682617217 -1.5137923819230265e-14
  outer loop
    vertex 4230.429139545711 184.06247112706777 566.0111213439716
    vertex 4230.567754426024 184.3218013280497 563.011121343972
    vertex 4230.567754426024 184.32180132804953 566.0111213439717
  endloop
endfacet
facet normal 0.9569403357322089 -0.2902846772544625 -9.321887971309428e-15
  outer loop
    vertex 4230.429139545711 184.06247112706777 566.0111213439716
    vertex 4230.343780923873 183.7810814615445 563.0111213439719
    vertex 4230.429139545711 184.0624711270679 563.0111213439719
  endloop
endfacet
facet normal 0.9569403357322089 -0.2902846772544625 -9.321887971309428e-15
  outer loop
    vertex 4230.343780923873 183.7810814615445 563.0111213439719
    vertex 4230.429139545711 184.06247112706777 566.0111213439716
    vertex 4230.343780923873 183.78108146154432 566.0111213439716
  endloop
endfacet
facet normal 0.995184726672175 -0.09801714032978352 -3.147499360698208e-15
  outer loop
    vertex 4230.343780923873 183.78108146154432 566.0111213439716
    vertex 4230.3149588444785 183.48844597852028 563.0111213439719
    vertex 4230.343780923873 183.7810814615445 563.0111213439719
  endloop
endfacet
facet normal 0.995184726672175 -0.09801714032978352 -3.147499360698208e-15
  outer loop
    vertex 4230.3149588444785 183.48844597852028 563.0111213439719
    vertex 4230.343780923873 183.78108146154432 566.0111213439716
    vertex 4230.3149588444785 183.48844597852013 566.0111213439716
  endloop
endfacet
facet normal 0.995184726672175 0.09801714032978352 3.147499360698208e-15
  outer loop
    vertex 4230.3149588444785 183.48844597852013 566.0111213439716
    vertex 4230.343780923873 183.1958104954961 563.0111213439719
    vertex 4230.3149588444785 183.48844597852028 563.0111213439719
  endloop
endfacet
facet normal 0.995184726672175 0.09801714032978352 3.147499360698208e-15
  outer loop
    vertex 4230.343780923873 183.1958104954961 563.0111213439719
    vertex 4230.3149588444785 183.48844597852013 566.0111213439716
    vertex 4230.343780923873 183.19581049549592 566.0111213439717
  endloop
endfacet
facet normal 0.9569403357322089 0.2902846772544625 9.321887971309428e-15
  outer loop
    vertex 4230.343780923873 183.19581049549592 566.0111213439717
    vertex 4230.429139545711 182.91442082997264 563.0111213439719
    vertex 4230.343780923873 183.1958104954961 563.0111213439719
  endloop
endfacet
facet normal 0.9569403357322089 0.2902846772544625 9.321887971309428e-15
  outer loop
    vertex 4230.429139545711 182.91442082997264 563.0111213439719
    vertex 4230.343780923873 183.19581049549592 566.0111213439717
    vertex 4230.429139545711 182.9144208299725 566.0111213439717
  endloop
endfacet
facet normal 0.8819212643482618 0.4713967368261723 1.5135979875815396e-14
  outer loop
    vertex 4230.429139545711 182.9144208299725 566.0111213439717
    vertex 4230.567754426024 182.65509062899088 563.0111213439719
    vertex 4230.429139545711 182.91442082997264 563.0111213439719
  endloop
endfacet
facet normal 0.8819212643482618 0.4713967368261723 1.5135979875815396e-14
  outer loop
    vertex 4230.567754426024 182.65509062899088 563.0111213439719
    vertex 4230.429139545711 182.9144208299725 566.0111213439717
    vertex 4230.567754426024 182.6550906289907 566.0111213439717
  endloop
endfacet
facet normal 0.773010453362859 0.6343932841634967 2.0371819966172884e-14
  outer loop
    vertex 4230.567754426024 182.6550906289907 566.0111213439717
    vertex 4230.754298672698 182.42778580674047 563.0111213439719
    vertex 4230.567754426024 182.65509062899088 563.0111213439719
  endloop
endfacet
facet normal 0.773010453362859 0.6343932841634967 2.0371819966172884e-14
  outer loop
    vertex 4230.754298672698 182.42778580674047 563.0111213439719
    vertex 4230.567754426024 182.6550906289907 566.0111213439717
    vertex 4230.754298672698 182.42778580674033 566.0111213439717
  endloop
endfacet
facet normal 0.6343932841633791 0.7730104533629557 2.4821971579233048e-14
  outer loop
    vertex 4230.981603494949 182.24124156006633 566.0111213439717
    vertex 4230.754298672698 182.42778580674047 563.0111213439719
    vertex 4230.754298672698 182.42778580674033 566.0111213439717
  endloop
endfacet
facet normal 0.6343932841633791 0.7730104533629557 2.4821971579233048e-14
  outer loop
    vertex 4230.754298672698 182.42778580674047 563.0111213439719
    vertex 4230.981603494949 182.24124156006633 566.0111213439717
    vertex 4230.981603494949 182.2412415600665 563.0111213439719
  endloop
endfacet
facet normal 0.4713967368259335 0.8819212643483892 2.8318714996651093e-14
  outer loop
    vertex 4231.24093369593 182.10262667975323 566.0111213439717
    vertex 4230.981603494949 182.2412415600665 563.0111213439719
    vertex 4230.981603494949 182.24124156006633 566.0111213439717
  endloop
endfacet
facet normal 0.4713967368259335 0.8819212643483892 2.8318714996651093e-14
  outer loop
    vertex 4230.981603494949 182.2412415600665 563.0111213439719
    vertex 4231.24093369593 182.10262667975323 566.0111213439717
    vertex 4231.24093369593 182.1026266797534 563.0111213439719
  endloop
endfacet
facet normal 0.2902846772544625 0.9569403357322089 3.072783959058378e-14
  outer loop
    vertex 4231.522323361454 182.01726805791532 566.0111213439717
    vertex 4231.24093369593 182.1026266797534 563.0111213439719
    vertex 4231.24093369593 182.10262667975323 566.0111213439717
  endloop
endfacet
facet normal 0.2902846772544625 0.9569403357322089 3.072783959058378e-14
  outer loop
    vertex 4231.24093369593 182.1026266797534 563.0111213439719
    vertex 4231.522323361454 182.01726805791532 566.0111213439717
    vertex 4231.522323361454 182.0172680579155 563.0111213439719
  endloop
endfacet
facet normal 0.995184726672175 -0.09801714032978352 -3.14749936069827e-15
  outer loop
    vertex 4230.343780923873 203.7810814615443 566.0111213439717
    vertex 4230.3149588444785 203.48844597852025 563.011121343972
    vertex 4230.343780923873 203.78108146154443 563.011121343972
  endloop
endfacet
facet normal 0.995184726672175 -0.09801714032978352 -3.14749936069827e-15
  outer loop
    vertex 4230.3149588444785 203.48844597852025 563.011121343972
    vertex 4230.343780923873 203.7810814615443 566.0111213439717
    vertex 4230.3149588444785 203.4884459785201 566.0111213439717
  endloop
endfacet
facet normal 0.995184726672175 0.09801714032978352 3.147499360698208e-15
  outer loop
    vertex 4230.3149588444785 203.4884459785201 566.0111213439717
    vertex 4230.343780923873 203.19581049549606 563.011121343972
    vertex 4230.3149588444785 203.48844597852025 563.011121343972
  endloop
endfacet
facet normal 0.995184726672175 0.09801714032978352 3.147499360698208e-15
  outer loop
    vertex 4230.343780923873 203.19581049549606 563.011121343972
    vertex 4230.3149588444785 203.4884459785201 566.0111213439717
    vertex 4230.343780923873 203.1958104954959 566.0111213439717
  endloop
endfacet
facet normal 0.9569403357322089 0.29028467725446255 9.321887971309617e-15
  outer loop
    vertex 4230.343780923873 203.1958104954959 566.0111213439717
    vertex 4230.429139545711 202.9144208299726 563.011121343972
    vertex 4230.343780923873 203.19581049549606 563.011121343972
  endloop
endfacet
facet normal 0.9569403357322089 0.29028467725446255 9.321887971309617e-15
  outer loop
    vertex 4230.429139545711 202.9144208299726 563.011121343972
    vertex 4230.343780923873 203.1958104954959 566.0111213439717
    vertex 4230.429139545711 202.91442082997244 566.0111213439717
  endloop
endfacet
facet normal 0.8819212643482618 0.47139673682617217 1.5138420344350703e-14
  outer loop
    vertex 4230.429139545711 202.91442082997244 566.0111213439717
    vertex 4230.567754426024 202.65509062899082 563.011121343972
    vertex 4230.429139545711 202.9144208299726 563.011121343972
  endloop
endfacet
facet normal 0.8819212643482618 0.47139673682617217 1.5138420344350703e-14
  outer loop
    vertex 4230.567754426024 202.65509062899082 563.011121343972
    vertex 4230.429139545711 202.91442082997244 566.0111213439717
    vertex 4230.567754426024 202.65509062899068 566.0111213439717
  endloop
endfacet
facet normal 0.773010453362859 0.6343932841634967 2.0371819966172884e-14
  outer loop
    vertex 4230.567754426024 202.65509062899068 566.0111213439717
    vertex 4230.754298672698 202.42778580674045 563.011121343972
    vertex 4230.567754426024 202.65509062899082 563.011121343972
  endloop
endfacet
facet normal 0.773010453362859 0.6343932841634967 2.0371819966172884e-14
  outer loop
    vertex 4230.754298672698 202.42778580674045 563.011121343972
    vertex 4230.567754426024 202.65509062899068 566.0111213439717
    vertex 4230.754298672698 202.42778580674027 566.0111213439717
  endloop
endfacet
facet normal 0.6343932841633791 0.7730104533629557 2.482410595428454e-14
  outer loop
    vertex 4230.981603494949 202.2412415600663 566.0111213439717
    vertex 4230.754298672698 202.42778580674045 563.011121343972
    vertex 4230.754298672698 202.42778580674027 566.0111213439717
  endloop
endfacet
facet normal 0.6343932841633791 0.7730104533629557 2.482410595428454e-14
  outer loop
    vertex 4230.754298672698 202.42778580674045 563.011121343972
    vertex 4230.981603494949 202.2412415600663 566.0111213439717
    vertex 4230.981603494949 202.24124156006644 563.011121343972
  endloop
endfacet
facet normal 0.4713967368261887 0.8819212643482528 2.832130228075981e-14
  outer loop
    vertex 4231.24093369593 202.1026266797532 566.0111213439717
    vertex 4230.981603494949 202.24124156006644 563.011121343972
    vertex 4230.981603494949 202.2412415600663 566.0111213439717
  endloop
endfacet
facet normal 0.4713967368261887 0.8819212643482528 2.832130228075981e-14
  outer loop
    vertex 4230.981603494949 202.24124156006644 563.011121343972
    vertex 4231.24093369593 202.1026266797532 566.0111213439717
    vertex 4231.24093369593 202.10262667975337 563.011121343972
  endloop
endfacet
facet normal 0.29028467725446255 0.9569403357322089 3.072858271710523e-14
  outer loop
    vertex 4231.522323361454 202.0172680579153 566.0111213439717
    vertex 4231.24093369593 202.10262667975337 563.011121343972
    vertex 4231.24093369593 202.1026266797532 566.0111213439717
  endloop
endfacet
facet normal 0.29028467725446255 0.9569403357322089 3.072858271710523e-14
  outer loop
    vertex 4231.24093369593 202.10262667975337 563.011121343972
    vertex 4231.522323361454 202.0172680579153 566.0111213439717
    vertex 4231.522323361454 202.01726805791546 563.011121343972
  endloop
endfacet
facet normal 0.09801714032978352 0.995184726672175 3.195644420840773e-14
  outer loop
    vertex 4231.814958844478 201.98844597852008 566.0111213439717
    vertex 4231.522323361454 202.01726805791546 563.011121343972
    vertex 4231.522323361454 202.0172680579153 566.0111213439717
  endloop
endfacet
facet normal 0.09801714032978352 0.995184726672175 3.195644420840773e-14
  outer loop
    vertex 4231.522323361454 202.01726805791546 563.011121343972
    vertex 4231.814958844478 201.98844597852008 566.0111213439717
    vertex 4231.814958844478 201.98844597852022 563.011121343972
  endloop
endfacet
facet normal -0.09801714032978352 0.995184726672175 3.1956705074139247e-14
  outer loop
    vertex 4232.107594327502 202.0172680579153 566.0111213439717
    vertex 4231.814958844478 201.98844597852022 563.011121343972
    vertex 4231.814958844478 201.98844597852008 566.0111213439717
  endloop
endfacet
facet normal -0.09801714032978352 0.995184726672175 3.1956705074139247e-14
  outer loop
    vertex 4231.814958844478 201.98844597852022 563.011121343972
    vertex 4232.107594327502 202.0172680579153 566.0111213439717
    vertex 4232.107594327502 202.01726805791546 563.011121343972
  endloop
endfacet
facet normal -0.29028467725446255 0.9569403357322089 3.072850567417824e-14
  outer loop
    vertex 4232.388983993025 202.1026266797532 566.0111213439717
    vertex 4232.107594327502 202.01726805791546 563.011121343972
    vertex 4232.107594327502 202.0172680579153 566.0111213439717
  endloop
endfacet
facet normal -0.29028467725446255 0.9569403357322089 3.072850567417824e-14
  outer loop
    vertex 4232.107594327502 202.01726805791546 563.011121343972
    vertex 4232.388983993025 202.1026266797532 566.0111213439717
    vertex 4232.388983993025 202.10262667975337 563.011121343972
  endloop
endfacet
facet normal -0.47139673682567834 0.8819212643485257 2.8319953551559095e-14
  outer loop
    vertex 4232.648314194007 202.2412415600663 566.0111213439717
    vertex 4232.388983993025 202.10262667975337 563.011121343972
    vertex 4232.388983993025 202.1026266797532 566.0111213439717
  endloop
endfacet
facet normal -0.47139673682567834 0.8819212643485257 2.8319953551559095e-14
  outer loop
    vertex 4232.388983993025 202.10262667975337 563.011121343972
    vertex 4232.648314194007 202.2412415600663 566.0111213439717
    vertex 4232.648314194007 202.24124156006644 563.011121343972
  endloop
endfacet
facet normal -0.6343932841639811 0.7730104533624615 2.4823886999725854e-14
  outer loop
    vertex 4232.875619016258 202.42778580674027 566.0111213439717
    vertex 4232.648314194007 202.24124156006644 563.011121343972
    vertex 4232.648314194007 202.2412415600663 566.0111213439717
  endloop
endfacet
facet normal -0.6343932841639811 0.7730104533624615 2.4823886999725854e-14
  outer loop
    vertex 4232.648314194007 202.24124156006644 563.011121343972
    vertex 4232.875619016258 202.42778580674027 566.0111213439717
    vertex 4232.875619016258 202.42778580674045 563.011121343972
  endloop
endfacet
facet normal -0.773010453362558 0.6343932841638635 2.037107754645702e-14
  outer loop
    vertex 4232.875619016258 202.42778580674027 566.0111213439717
    vertex 4233.062163262932 202.65509062899082 563.011121343972
    vertex 4232.875619016258 202.42778580674045 563.011121343972
  endloop
endfacet
facet normal -0.773010453362558 0.6343932841638635 2.037107754645702e-14
  outer loop
    vertex 4233.062163262932 202.65509062899082 563.011121343972
    vertex 4232.875619016258 202.42778580674027 566.0111213439717
    vertex 4233.062163262932 202.65509062899068 566.0111213439717
  endloop
endfacet
facet normal -0.8819212643485169 0.4713967368256949 1.513603239939613e-14
  outer loop
    vertex 4233.062163262932 202.65509062899068 566.0111213439717
    vertex 4233.200778143244 202.9144208299726 563.011121343972
    vertex 4233.062163262932 202.65509062899082 563.011121343972
  endloop
endfacet
facet normal -0.8819212643485169 0.4713967368256949 1.513603239939613e-14
  outer loop
    vertex 4233.200778143244 202.9144208299726 563.011121343972
    vertex 4233.062163262932 202.65509062899068 566.0111213439717
    vertex 4233.200778143244 202.91442082997244 566.0111213439717
  endloop
endfacet
facet normal -0.9569403357322089 0.2902846772544625 9.320956559612904e-15
  outer loop
    vertex 4233.200778143244 202.91442082997244 566.0111213439717
    vertex 4233.286136765083 203.19581049549606 563.011121343972
    vertex 4233.200778143244 202.9144208299726 563.011121343972
  endloop
endfacet
facet normal -0.9569403357322089 0.2902846772544625 9.320956559612904e-15
  outer loop
    vertex 4233.286136765083 203.19581049549606 563.011121343972
    vertex 4233.200778143244 202.91442082997244 566.0111213439717
    vertex 4233.286136765083 203.1958104954959 566.0111213439717
  endloop
endfacet
facet normal -0.995184726672175 0.09801714032978354 3.147345831880435e-15
  outer loop
    vertex 4233.286136765083 203.1958104954959 566.0111213439717
    vertex 4233.314958844478 203.48844597852025 563.011121343972
    vertex 4233.286136765083 203.19581049549606 563.011121343972
  endloop
endfacet
facet normal -0.995184726672175 0.09801714032978354 3.147345831880435e-15
  outer loop
    vertex 4233.314958844478 203.48844597852025 563.011121343972
    vertex 4233.286136765083 203.1958104954959 566.0111213439717
    vertex 4233.314958844478 203.4884459785201 566.0111213439717
  endloop
endfacet
facet normal -0.995184726672175 -0.09801714032978352 -3.147624907859851e-15
  outer loop
    vertex 4233.314958844478 203.4884459785201 566.0111213439717
    vertex 4233.286136765083 203.78108146154443 563.011121343972
    vertex 4233.314958844478 203.48844597852025 563.011121343972
  endloop
endfacet
facet normal -0.995184726672175 -0.09801714032978352 -3.147624907859851e-15
  outer loop
    vertex 4233.286136765083 203.78108146154443 563.011121343972
    vertex 4233.314958844478 203.4884459785201 566.0111213439717
    vertex 4233.286136765083 203.7810814615443 566.0111213439717
  endloop
endfacet
facet normal -0.9569403357322089 -0.2902846772544625 -9.321387026942854e-15
  outer loop
    vertex 4233.286136765083 203.7810814615443 566.0111213439717
    vertex 4233.200778143244 204.06247112706788 563.011121343972
    vertex 4233.286136765083 203.78108146154443 563.011121343972
  endloop
endfacet
facet normal -0.9569403357322089 -0.2902846772544625 -9.321387026942854e-15
  outer loop
    vertex 4233.200778143244 204.06247112706788 563.011121343972
    vertex 4233.286136765083 203.7810814615443 566.0111213439717
    vertex 4233.200778143244 204.06247112706774 566.0111213439717
  endloop
endfacet
facet normal -0.8819212643487719 -0.47139673682521754 -1.5138905133728973e-14
  outer loop
    vertex 4233.200778143244 204.06247112706774 566.0111213439717
    vertex 4233.062163262932 204.32180132804967 563.0111213439721
    vertex 4233.200778143244 204.06247112706788 563.011121343972
  endloop
endfacet
facet normal -0.8819212643487719 -0.47139673682521754 -1.5138905133728973e-14
  outer loop
    vertex 4233.062163262932 204.32180132804967 563.0111213439721
    vertex 4233.200778143244 204.06247112706774 566.0111213439717
    vertex 4233.062163262932 204.32180132804953 566.0111213439718
  endloop
endfacet
facet normal -0.7730104533622569 -0.6343932841642304 -2.0370311205571693e-14
  outer loop
    vertex 4233.062163262932 204.32180132804953 566.0111213439718
    vertex 4232.875619016258 204.54910615030005 563.0111213439721
    vertex 4233.062163262932 204.32180132804967 563.0111213439721
  endloop
endfacet
facet normal -0.7730104533622569 -0.6343932841642304 -2.0370311205571693e-14
  outer loop
    vertex 4232.875619016258 204.54910615030005 563.0111213439721
    vertex 4233.062163262932 204.32180132804953 566.0111213439718
    vertex 4232.875619016258 204.5491061502999 566.0111213439718
  endloop
endfacet
facet normal -0.6343932841639811 -0.7730104533624615 -2.4823230136101475e-14
  outer loop
    vertex 4232.875619016258 204.54910615030005 563.0111213439721
    vertex 4232.648314194007 204.7356503969739 566.0111213439718
    vertex 4232.648314194007 204.73565039697402 563.0111213439721
  endloop
endfacet
facet normal -0.6343932841639811 -0.7730104533624615 -2.4823230136101475e-14
  outer loop
    vertex 4232.648314194007 204.7356503969739 566.0111213439718
    vertex 4232.875619016258 204.54910615030005 563.0111213439721
    vertex 4232.875619016258 204.5491061502999 566.0111213439718
  endloop
endfacet
facet normal -0.47139673682567845 -0.8819212643485257 -2.8320598965563355e-14
  outer loop
    vertex 4232.648314194007 204.73565039697402 563.0111213439721
    vertex 4232.388983993025 204.87426527728698 566.0111213439718
    vertex 4232.388983993025 204.87426527728712 563.0111213439721
  endloop
endfacet
facet normal -0.47139673682567845 -0.8819212643485257 -2.8320598965563355e-14
  outer loop
    vertex 4232.388983993025 204.87426527728698 566.0111213439718
    vertex 4232.648314194007 204.73565039697402 563.0111213439721
    vertex 4232.648314194007 204.7356503969739 566.0111213439718
  endloop
endfacet
facet normal -0.2902846772544625 -0.9569403357322089 -3.0729348989574044e-14
  outer loop
    vertex 4232.388983993025 204.87426527728712 563.0111213439721
    vertex 4232.107594327502 204.95962389912492 566.0111213439718
    vertex 4232.107594327502 204.95962389912503 563.0111213439721
  endloop
endfacet
facet normal -0.2902846772544625 -0.9569403357322089 -3.0729348989574044e-14
  outer loop
    vertex 4232.107594327502 204.95962389912492 566.0111213439718
    vertex 4232.388983993025 204.87426527728712 563.0111213439721
    vertex 4232.388983993025 204.87426527728698 566.0111213439718
  endloop
endfacet
facet normal -0.09801714032978352 -0.995184726672175 -3.1956468932927495e-14
  outer loop
    vertex 4232.107594327502 204.95962389912503 563.0111213439721
    vertex 4231.814958844478 204.98844597852013 566.0111213439718
    vertex 4231.814958844478 204.98844597852028 563.0111213439721
  endloop
endfacet
facet normal -0.09801714032978352 -0.995184726672175 -3.1956468932927495e-14
  outer loop
    vertex 4231.814958844478 204.98844597852013 566.0111213439718
    vertex 4232.107594327502 204.95962389912503 563.0111213439721
    vertex 4232.107594327502 204.95962389912492 566.0111213439718
  endloop
endfacet
facet normal 0.09801714032978354 -0.995184726672175 -3.1956530077939726e-14
  outer loop
    vertex 4231.814958844478 204.98844597852028 563.0111213439721
    vertex 4231.522323361454 204.95962389912492 566.0111213439718
    vertex 4231.522323361454 204.95962389912503 563.0111213439721
  endloop
endfacet
facet normal 0.09801714032978354 -0.995184726672175 -3.1956530077939726e-14
  outer loop
    vertex 4231.522323361454 204.95962389912492 566.0111213439718
    vertex 4231.814958844478 204.98844597852028 563.0111213439721
    vertex 4231.814958844478 204.98844597852013 566.0111213439718
  endloop
endfacet
facet normal 0.2902846772544625 -0.9569403357322089 -3.072783959058378e-14
  outer loop
    vertex 4231.522323361454 204.95962389912503 563.0111213439721
    vertex 4231.24093369593 204.87426527728698 566.0111213439718
    vertex 4231.24093369593 204.87426527728712 563.0111213439721
  endloop
endfacet
facet normal 0.2902846772544625 -0.9569403357322089 -3.072783959058378e-14
  outer loop
    vertex 4231.24093369593 204.87426527728698 566.0111213439718
    vertex 4231.522323361454 204.95962389912503 563.0111213439721
    vertex 4231.522323361454 204.95962389912492 566.0111213439718
  endloop
endfacet
facet normal 0.4713967368261887 -0.8819212643482528 -2.832130228075981e-14
  outer loop
    vertex 4231.24093369593 204.87426527728712 563.0111213439721
    vertex 4230.981603494949 204.7356503969739 566.0111213439718
    vertex 4230.981603494949 204.73565039697402 563.0111213439721
  endloop
endfacet
facet normal 0.4713967368261887 -0.8819212643482528 -2.832130228075981e-14
  outer loop
    vertex 4230.981603494949 204.7356503969739 566.0111213439718
    vertex 4231.24093369593 204.87426527728712 563.0111213439721
    vertex 4231.24093369593 204.87426527728698 566.0111213439718
  endloop
endfacet
facet normal 0.6343932841633791 -0.7730104533629557 -2.482410595428454e-14
  outer loop
    vertex 4230.981603494949 204.73565039697402 563.0111213439721
    vertex 4230.754298672698 204.5491061502999 566.0111213439718
    vertex 4230.754298672698 204.54910615030005 563.0111213439721
  endloop
endfacet
facet normal 0.6343932841633791 -0.7730104533629557 -2.482410595428454e-14
  outer loop
    vertex 4230.754298672698 204.5491061502999 566.0111213439718
    vertex 4230.981603494949 204.73565039697402 563.0111213439721
    vertex 4230.981603494949 204.7356503969739 566.0111213439718
  endloop
endfacet
facet normal 0.773010453362859 -0.6343932841634967 -2.037083467073346e-14
  outer loop
    vertex 4230.754298672698 204.5491061502999 566.0111213439718
    vertex 4230.567754426024 204.32180132804967 563.0111213439721
    vertex 4230.754298672698 204.54910615030005 563.0111213439721
  endloop
endfacet
facet normal 0.773010453362859 -0.6343932841634967 -2.037083467073346e-14
  outer loop
    vertex 4230.567754426024 204.32180132804967 563.0111213439721
    vertex 4230.754298672698 204.5491061502999 566.0111213439718
    vertex 4230.567754426024 204.32180132804953 566.0111213439718
  endloop
endfacet
facet normal 0.8819212643482618 -0.4713967368261723 -1.513792381923057e-14
  outer loop
    vertex 4230.567754426024 204.32180132804967 563.0111213439721
    vertex 4230.429139545711 204.06247112706774 566.0111213439717
    vertex 4230.429139545711 204.06247112706788 563.011121343972
  endloop
endfacet
facet normal 0.8819212643482618 -0.4713967368261723 -1.513792381923057e-14
  outer loop
    vertex 4230.429139545711 204.06247112706774 566.0111213439717
    vertex 4230.567754426024 204.32180132804967 563.0111213439721
    vertex 4230.567754426024 204.32180132804953 566.0111213439718
  endloop
endfacet
facet normal 0.9569403357322089 -0.2902846772544625 -9.321887971309428e-15
  outer loop
    vertex 4230.429139545711 204.06247112706774 566.0111213439717
    vertex 4230.343780923873 203.78108146154443 563.011121343972
    vertex 4230.429139545711 204.06247112706788 563.011121343972
  endloop
endfacet
facet normal 0.9569403357322089 -0.2902846772544625 -9.321887971309428e-15
  outer loop
    vertex 4230.343780923873 203.78108146154443 563.011121343972
    vertex 4230.429139545711 204.06247112706774 566.0111213439717
    vertex 4230.343780923873 203.7810814615443 566.0111213439717
  endloop
endfacet
facet normal -0.9569403357322089 0.2902846772544625 9.320956559612904e-15
  outer loop
    vertex 4213.200778143245 202.91442082997244 566.0111213439717
    vertex 4213.286136765083 203.19581049549606 563.011121343972
    vertex 4213.200778143245 202.9144208299726 563.011121343972
  endloop
endfacet
facet normal -0.9569403357322089 0.2902846772544625 9.320956559612904e-15
  outer loop
    vertex 4213.286136765083 203.19581049549606 563.011121343972
    vertex 4213.200778143245 202.91442082997244 566.0111213439717
    vertex 4213.286136765083 203.1958104954959 566.0111213439717
  endloop
endfacet
facet normal -0.9951847266722348 0.09801714032917568 3.147345831861556e-15
  outer loop
    vertex 4213.286136765083 203.1958104954959 566.0111213439717
    vertex 4213.314958844478 203.48844597852025 563.011121343972
    vertex 4213.286136765083 203.19581049549606 563.011121343972
  endloop
endfacet
facet normal -0.9951847266722348 0.09801714032917568 3.147345831861556e-15
  outer loop
    vertex 4213.314958844478 203.48844597852025 563.011121343972
    vertex 4213.286136765083 203.1958104954959 566.0111213439717
    vertex 4213.314958844478 203.4884459785201 566.0111213439717
  endloop
endfacet
facet normal -0.9951847266722348 -0.09801714032917563 -3.1476463752225326e-15
  outer loop
    vertex 4213.314958844478 203.4884459785201 566.0111213439717
    vertex 4213.286136765083 203.78108146154443 563.011121343972
    vertex 4213.314958844478 203.48844597852025 563.011121343972
  endloop
endfacet
facet normal -0.9951847266722348 -0.09801714032917563 -3.1476463752225326e-15
  outer loop
    vertex 4213.286136765083 203.78108146154443 563.011121343972
    vertex 4213.314958844478 203.4884459785201 566.0111213439717
    vertex 4213.286136765083 203.7810814615443 566.0111213439717
  endloop
endfacet
facet normal -0.9569403357322089 -0.2902846772544625 -9.321387026942854e-15
  outer loop
    vertex 4213.286136765083 203.7810814615443 566.0111213439717
    vertex 4213.200778143245 204.06247112706788 563.011121343972
    vertex 4213.286136765083 203.78108146154443 563.011121343972
  endloop
endfacet
facet normal -0.9569403357322089 -0.2902846772544625 -9.321387026942854e-15
  outer loop
    vertex 4213.200778143245 204.06247112706788 563.011121343972
    vertex 4213.286136765083 203.7810814615443 566.0111213439717
    vertex 4213.200778143245 204.06247112706774 566.0111213439717
  endloop
endfacet
facet normal -0.8819212643482618 -0.4713967368261723 -1.513540469054645e-14
  outer loop
    vertex 4213.200778143245 204.06247112706774 566.0111213439717
    vertex 4213.062163262932 204.32180132804967 563.0111213439721
    vertex 4213.200778143245 204.06247112706788 563.011121343972
  endloop
endfacet
facet normal -0.8819212643482618 -0.4713967368261723 -1.513540469054645e-14
  outer loop
    vertex 4213.062163262932 204.32180132804967 563.0111213439721
    vertex 4213.200778143245 204.06247112706774 566.0111213439717
    vertex 4213.062163262932 204.32180132804953 566.0111213439718
  endloop
endfacet
facet normal -0.773010453362859 -0.6343932841634967 -2.0370311205549132e-14
  outer loop
    vertex 4213.062163262932 204.32180132804953 566.0111213439718
    vertex 4212.875619016258 204.54910615030005 563.0111213439721
    vertex 4213.062163262932 204.32180132804967 563.0111213439721
  endloop
endfacet
facet normal -0.773010453362859 -0.6343932841634967 -2.0370311205549132e-14
  outer loop
    vertex 4212.875619016258 204.54910615030005 563.0111213439721
    vertex 4213.062163262932 204.32180132804953 566.0111213439718
    vertex 4212.875619016258 204.5491061502999 566.0111213439718
  endloop
endfacet
facet normal -0.6343932841633791 -0.7730104533629557 -2.482323013611653e-14
  outer loop
    vertex 4212.875619016258 204.54910615030005 563.0111213439721
    vertex 4212.648314194007 204.7356503969739 566.0111213439718
    vertex 4212.648314194007 204.73565039697402 563.0111213439721
  endloop
endfacet
facet normal -0.6343932841633791 -0.7730104533629557 -2.482323013611653e-14
  outer loop
    vertex 4212.648314194007 204.7356503969739 566.0111213439718
    vertex 4212.875619016258 204.54910615030005 563.0111213439721
    vertex 4212.875619016258 204.5491061502999 566.0111213439718
  endloop
endfacet
facet normal -0.4713967368261887 -0.8819212643482528 -2.832108705926111e-14
  outer loop
    vertex 4212.648314194007 204.73565039697402 563.0111213439721
    vertex 4212.388983993025 204.87426527728698 566.0111213439718
    vertex 4212.388983993025 204.87426527728712 563.0111213439721
  endloop
endfacet
facet normal -0.4713967368261887 -0.8819212643482528 -2.832108705926111e-14
  outer loop
    vertex 4212.388983993025 204.87426527728698 566.0111213439718
    vertex 4212.648314194007 204.73565039697402 563.0111213439721
    vertex 4212.648314194007 204.7356503969739 566.0111213439718
  endloop
endfacet
facet normal -0.2902846772544625 -0.9569403357322089 -3.0729348989574044e-14
  outer loop
    vertex 4212.388983993025 204.87426527728712 563.0111213439721
    vertex 4212.107594327502 204.95962389912492 566.0111213439718
    vertex 4212.107594327502 204.95962389912503 563.0111213439721
  endloop
endfacet
facet normal -0.2902846772544625 -0.9569403357322089 -3.0729348989574044e-14
  outer loop
    vertex 4212.107594327502 204.95962389912492 566.0111213439718
    vertex 4212.388983993025 204.87426527728712 563.0111213439721
    vertex 4212.388983993025 204.87426527728698 566.0111213439718
  endloop
endfacet
facet normal -0.09801714032978352 -0.995184726672175 -3.1956468932927495e-14
  outer loop
    vertex 4212.107594327502 204.95962389912503 563.0111213439721
    vertex 4211.8149588444785 204.98844597852013 566.0111213439718
    vertex 4211.8149588444785 204.98844597852028 563.0111213439721
  endloop
endfacet
facet normal -0.09801714032978352 -0.995184726672175 -3.1956468932927495e-14
  outer loop
    vertex 4211.8149588444785 204.98844597852013 566.0111213439718
    vertex 4212.107594327502 204.95962389912503 563.0111213439721
    vertex 4212.107594327502 204.95962389912492 566.0111213439718
  endloop
endfacet
facet normal 0.09801714032978354 -0.995184726672175 -3.1956530077939726e-14
  outer loop
    vertex 4211.8149588444785 204.98844597852028 563.0111213439721
    vertex 4211.522323361454 204.95962389912492 566.0111213439718
    vertex 4211.522323361454 204.95962389912503 563.0111213439721
  endloop
endfacet
facet normal 0.09801714032978354 -0.995184726672175 -3.1956530077939726e-14
  outer loop
    vertex 4211.522323361454 204.95962389912492 566.0111213439718
    vertex 4211.8149588444785 204.98844597852028 563.0111213439721
    vertex 4211.8149588444785 204.98844597852013 566.0111213439718
  endloop
endfacet
facet normal 0.2902846772544625 -0.9569403357322089 -3.072783959058378e-14
  outer loop
    vertex 4211.522323361454 204.95962389912503 563.0111213439721
    vertex 4211.240933695931 204.87426527728698 566.0111213439718
    vertex 4211.240933695931 204.87426527728712 563.0111213439721
  endloop
endfacet
facet normal 0.2902846772544625 -0.9569403357322089 -3.072783959058378e-14
  outer loop
    vertex 4211.240933695931 204.87426527728698 566.0111213439718
    vertex 4211.522323361454 204.95962389912503 563.0111213439721
    vertex 4211.522323361454 204.95962389912492 566.0111213439718
  endloop
endfacet
facet normal 0.4713967368256783 -0.8819212643485257 -2.8320488791256707e-14
  outer loop
    vertex 4211.240933695931 204.87426527728712 563.0111213439721
    vertex 4210.981603494949 204.7356503969739 566.0111213439718
    vertex 4210.981603494949 204.73565039697402 563.0111213439721
  endloop
endfacet
facet normal 0.4713967368256783 -0.8819212643485257 -2.8320488791256707e-14
  outer loop
    vertex 4210.981603494949 204.7356503969739 566.0111213439718
    vertex 4211.240933695931 204.87426527728712 563.0111213439721
    vertex 4211.240933695931 204.87426527728698 566.0111213439718
  endloop
endfacet
facet normal 0.6343932841639811 -0.7730104533624615 -2.4823339613371663e-14
  outer loop
    vertex 4210.981603494949 204.73565039697402 563.0111213439721
    vertex 4210.7542986726985 204.5491061502999 566.0111213439718
    vertex 4210.7542986726985 204.54910615030005 563.0111213439721
  endloop
endfacet
facet normal 0.6343932841639811 -0.7730104533624615 -2.4823339613371663e-14
  outer loop
    vertex 4210.7542986726985 204.5491061502999 566.0111213439718
    vertex 4210.981603494949 204.73565039697402 563.0111213439721
    vertex 4210.981603494949 204.7356503969739 566.0111213439718
  endloop
endfacet
facet normal 0.7730104533622569 -0.6343932841642304 -2.0370701272316327e-14
  outer loop
    vertex 4210.7542986726985 204.5491061502999 566.0111213439718
    vertex 4210.567754426024 204.32180132804967 563.0111213439721
    vertex 4210.7542986726985 204.54910615030005 563.0111213439721
  endloop
endfacet
facet normal 0.7730104533622569 -0.6343932841642304 -2.0370701272316327e-14
  outer loop
    vertex 4210.567754426024 204.32180132804967 563.0111213439721
    vertex 4210.7542986726985 204.5491061502999 566.0111213439718
    vertex 4210.567754426024 204.32180132804953 566.0111213439718
  endloop
endfacet
facet normal 0.8819212643485169 -0.4713967368256949 -1.513792381921553e-14
  outer loop
    vertex 4210.567754426024 204.32180132804967 563.0111213439721
    vertex 4210.429139545711 204.06247112706774 566.0111213439717
    vertex 4210.429139545711 204.06247112706788 563.011121343972
  endloop
endfacet
facet normal 0.8819212643485169 -0.4713967368256949 -1.513792381921553e-14
  outer loop
    vertex 4210.429139545711 204.06247112706774 566.0111213439717
    vertex 4210.567754426024 204.32180132804967 563.0111213439721
    vertex 4210.567754426024 204.32180132804953 566.0111213439718
  endloop
endfacet
facet normal 0.9569403357322089 -0.2902846772544625 -9.321887971309428e-15
  outer loop
    vertex 4210.429139545711 204.06247112706774 566.0111213439717
    vertex 4210.343780923873 203.78108146154443 563.011121343972
    vertex 4210.429139545711 204.06247112706788 563.011121343972
  endloop
endfacet
facet normal 0.9569403357322089 -0.2902846772544625 -9.321887971309428e-15
  outer loop
    vertex 4210.343780923873 203.78108146154443 563.011121343972
    vertex 4210.429139545711 204.06247112706774 566.0111213439717
    vertex 4210.343780923873 203.7810814615443 566.0111213439717
  endloop
endfacet
facet normal 0.9951847266722348 -0.09801714032917565 -3.1473276216153894e-15
  outer loop
    vertex 4210.343780923873 203.7810814615443 566.0111213439717
    vertex 4210.3149588444785 203.48844597852025 563.011121343972
    vertex 4210.343780923873 203.78108146154443 563.011121343972
  endloop
endfacet
facet normal 0.9951847266722348 -0.09801714032917565 -3.1473276216153894e-15
  outer loop
    vertex 4210.3149588444785 203.48844597852025 563.011121343972
    vertex 4210.343780923873 203.7810814615443 566.0111213439717
    vertex 4210.3149588444785 203.4884459785201 566.0111213439717
  endloop
endfacet
facet normal 0.9951847266722348 0.09801714032917563 3.1473276216153263e-15
  outer loop
    vertex 4210.3149588444785 203.4884459785201 566.0111213439717
    vertex 4210.343780923873 203.19581049549606 563.011121343972
    vertex 4210.3149588444785 203.48844597852025 563.011121343972
  endloop
endfacet
facet normal 0.9951847266722348 0.09801714032917563 3.1473276216153263e-15
  outer loop
    vertex 4210.343780923873 203.19581049549606 563.011121343972
    vertex 4210.3149588444785 203.4884459785201 566.0111213439717
    vertex 4210.343780923873 203.1958104954959 566.0111213439717
  endloop
endfacet
facet normal 0.9569403357322089 0.29028467725446255 9.321887971309617e-15
  outer loop
    vertex 4210.343780923873 203.1958104954959 566.0111213439717
    vertex 4210.429139545711 202.9144208299726 563.011121343972
    vertex 4210.343780923873 203.19581049549606 563.011121343972
  endloop
endfacet
facet normal 0.9569403357322089 0.29028467725446255 9.321887971309617e-15
  outer loop
    vertex 4210.429139545711 202.9144208299726 563.011121343972
    vertex 4210.343780923873 203.1958104954959 566.0111213439717
    vertex 4210.429139545711 202.91442082997244 566.0111213439717
  endloop
endfacet
facet normal 0.8819212643485169 0.47139673682569483 1.5138572537519046e-14
  outer loop
    vertex 4210.429139545711 202.91442082997244 566.0111213439717
    vertex 4210.567754426024 202.65509062899082 563.011121343972
    vertex 4210.429139545711 202.9144208299726 563.011121343972
  endloop
endfacet
facet normal 0.8819212643485169 0.47139673682569483 1.5138572537519046e-14
  outer loop
    vertex 4210.567754426024 202.65509062899082 563.011121343972
    vertex 4210.429139545711 202.91442082997244 566.0111213439717
    vertex 4210.567754426024 202.65509062899068 566.0111213439717
  endloop
endfacet
facet normal 0.773010453362558 0.6343932841638635 2.0371686567743476e-14
  outer loop
    vertex 4210.567754426024 202.65509062899068 566.0111213439717
    vertex 4210.7542986726985 202.42778580674045 563.011121343972
    vertex 4210.567754426024 202.65509062899082 563.011121343972
  endloop
endfacet
facet normal 0.773010453362558 0.6343932841638635 2.0371686567743476e-14
  outer loop
    vertex 4210.7542986726985 202.42778580674045 563.011121343972
    vertex 4210.567754426024 202.65509062899068 566.0111213439717
    vertex 4210.7542986726985 202.42778580674027 566.0111213439717
  endloop
endfacet
facet normal 0.6343932841636801 0.7730104533627085 2.4823339613379996e-14
  outer loop
    vertex 4210.981603494949 202.2412415600663 566.0111213439717
    vertex 4210.7542986726985 202.42778580674045 563.011121343972
    vertex 4210.7542986726985 202.42778580674027 566.0111213439717
  endloop
endfacet
facet normal 0.6343932841636801 0.7730104533627085 2.4823339613379996e-14
  outer loop
    vertex 4210.7542986726985 202.42778580674045 563.011121343972
    vertex 4210.981603494949 202.2412415600663 566.0111213439717
    vertex 4210.981603494949 202.24124156006644 563.011121343972
  endloop
endfacet
facet normal 0.4713967368256783 0.8819212643485257 2.8320488791256707e-14
  outer loop
    vertex 4211.240933695931 202.1026266797532 566.0111213439717
    vertex 4210.981603494949 202.24124156006644 563.011121343972
    vertex 4210.981603494949 202.2412415600663 566.0111213439717
  endloop
endfacet
facet normal 0.4713967368256783 0.8819212643485257 2.8320488791256707e-14
  outer loop
    vertex 4210.981603494949 202.24124156006644 563.011121343972
    vertex 4211.240933695931 202.1026266797532 566.0111213439717
    vertex 4211.240933695931 202.10262667975337 563.011121343972
  endloop
endfacet
facet normal 0.29028467725446255 0.9569403357322089 3.072858271710523e-14
  outer loop
    vertex 4211.522323361454 202.0172680579153 566.0111213439717
    vertex 4211.240933695931 202.10262667975337 563.011121343972
    vertex 4211.240933695931 202.1026266797532 566.0111213439717
  endloop
endfacet
facet normal 0.29028467725446255 0.9569403357322089 3.072858271710523e-14
  outer loop
    vertex 4211.240933695931 202.10262667975337 563.011121343972
    vertex 4211.522323361454 202.0172680579153 566.0111213439717
    vertex 4211.522323361454 202.01726805791546 563.011121343972
  endloop
endfacet
facet normal 0.09801714032978352 0.995184726672175 3.195644420840773e-14
  outer loop
    vertex 4211.8149588444785 201.98844597852008 566.0111213439717
    vertex 4211.522323361454 202.01726805791546 563.011121343972
    vertex 4211.522323361454 202.0172680579153 566.0111213439717
  endloop
endfacet
facet normal 0.09801714032978352 0.995184726672175 3.195644420840773e-14
  outer loop
    vertex 4211.522323361454 202.01726805791546 563.011121343972
    vertex 4211.8149588444785 201.98844597852008 566.0111213439717
    vertex 4211.8149588444785 201.98844597852022 563.011121343972
  endloop
endfacet
facet normal -0.09801714032978352 0.995184726672175 3.1956705074139247e-14
  outer loop
    vertex 4212.107594327502 202.0172680579153 566.0111213439717
    vertex 4211.8149588444785 201.98844597852022 563.011121343972
    vertex 4211.8149588444785 201.98844597852008 566.0111213439717
  endloop
endfacet
facet normal -0.09801714032978352 0.995184726672175 3.1956705074139247e-14
  outer loop
    vertex 4211.8149588444785 201.98844597852022 563.011121343972
    vertex 4212.107594327502 202.0172680579153 566.0111213439717
    vertex 4212.107594327502 202.01726805791546 563.011121343972
  endloop
endfacet
facet normal -0.29028467725446255 0.9569403357322089 3.072850567417824e-14
  outer loop
    vertex 4212.388983993025 202.1026266797532 566.0111213439717
    vertex 4212.107594327502 202.01726805791546 563.011121343972
    vertex 4212.107594327502 202.0172680579153 566.0111213439717
  endloop
endfacet
facet normal -0.29028467725446255 0.9569403357322089 3.072850567417824e-14
  outer loop
    vertex 4212.107594327502 202.01726805791546 563.011121343972
    vertex 4212.388983993025 202.1026266797532 566.0111213439717
    vertex 4212.388983993025 202.10262667975337 563.011121343972
  endloop
endfacet
facet normal -0.4713967368261887 0.8819212643482528 2.8318651968331945e-14
  outer loop
    vertex 4212.648314194007 202.2412415600663 566.0111213439717
    vertex 4212.388983993025 202.10262667975337 563.011121343972
    vertex 4212.388983993025 202.1026266797532 566.0111213439717
  endloop
endfacet
facet normal -0.4713967368261887 0.8819212643482528 2.8318651968331945e-14
  outer loop
    vertex 4212.388983993025 202.10262667975337 563.011121343972
    vertex 4212.648314194007 202.2412415600663 566.0111213439717
    vertex 4212.648314194007 202.24124156006644 563.011121343972
  endloop
endfacet
facet normal -0.6343932841633791 0.7730104533629557 2.482323013611653e-14
  outer loop
    vertex 4212.875619016258 202.42778580674027 566.0111213439717
    vertex 4212.648314194007 202.24124156006644 563.011121343972
    vertex 4212.648314194007 202.2412415600663 566.0111213439717
  endloop
endfacet
facet normal -0.6343932841633791 0.7730104533629557 2.482323013611653e-14
  outer loop
    vertex 4212.648314194007 202.24124156006644 563.011121343972
    vertex 4212.875619016258 202.42778580674027 566.0111213439717
    vertex 4212.875619016258 202.42778580674045 563.011121343972
  endloop
endfacet
facet normal -0.773010453362859 0.6343932841634968 2.0370810749562375e-14
  outer loop
    vertex 4212.875619016258 202.42778580674027 566.0111213439717
    vertex 4213.062163262932 202.65509062899082 563.011121343972
    vertex 4212.875619016258 202.42778580674045 563.011121343972
  endloop
endfacet
facet normal -0.773010453362859 0.6343932841634968 2.0370810749562375e-14
  outer loop
    vertex 4213.062163262932 202.65509062899082 563.011121343972
    vertex 4212.875619016258 202.42778580674027 566.0111213439717
    vertex 4213.062163262932 202.65509062899068 566.0111213439717
  endloop
endfacet
facet normal -0.8819212643482618 0.4713967368261723 1.513724994487576e-14
  outer loop
    vertex 4213.062163262932 202.65509062899068 566.0111213439717
    vertex 4213.200778143245 202.9144208299726 563.011121343972
    vertex 4213.062163262932 202.65509062899082 563.011121343972
  endloop
endfacet
facet normal -0.8819212643482618 0.4713967368261723 1.513724994487576e-14
  outer loop
    vertex 4213.200778143245 202.9144208299726 563.011121343972
    vertex 4213.062163262932 202.65509062899068 566.0111213439717
    vertex 4213.200778143245 202.91442082997244 566.0111213439717
  endloop
endfacet
facet normal -0.3777712444817745 0.7067602881849714 -0.5981461208495694
  outer loop
    vertex 4212.648314194007 202.24124156006644 563.011121343972
    vertex 4212.963009141574 200.71680738098738 561.0111213439716
    vertex 4212.388983993025 202.10262667975337 563.011121343972
  endloop
endfacet
facet normal -0.3777712444817745 0.7067602881849714 -0.5981461208495694
  outer loop
    vertex 4212.963009141574 200.71680738098738 561.0111213439716
    vertex 4212.648314194007 202.24124156006644 563.011121343972
    vertex 4213.4816695435375 200.99403714161258 561.0111213439716
  endloop
endfacet
facet normal -0.5083945681583782 0.6194805736902325 -0.5981461208496439
  outer loop
    vertex 4212.875619016258 202.42778580674045 563.011121343972
    vertex 4213.4816695435375 200.99403714161258 561.0111213439716
    vertex 4212.648314194007 202.24124156006644 563.011121343972
  endloop
endfacet
facet normal -0.5083945681583782 0.6194805736902325 -0.5981461208496439
  outer loop
    vertex 4213.4816695435375 200.99403714161258 561.0111213439716
    vertex 4212.875619016258 202.42778580674045 563.011121343972
    vertex 4213.9362791880385 201.36712563496127 561.0111213439716
  endloop
endfacet
facet normal -0.6194805736905067 0.5083945681580496 -0.598146120849639
  outer loop
    vertex 4212.875619016258 202.42778580674045 563.011121343972
    vertex 4214.309367681386 201.82173527946196 561.0111213439716
    vertex 4213.9362791880385 201.36712563496127 561.0111213439716
  endloop
endfacet
facet normal -0.6194805736905067 0.5083945681580496 -0.598146120849639
  outer loop
    vertex 4214.309367681386 201.82173527946196 561.0111213439716
    vertex 4212.875619016258 202.42778580674045 563.011121343972
    vertex 4213.062163262932 202.65509062899082 563.011121343972
  endloop
endfacet
facet normal -0.7067602881843752 0.377771244482673 -0.5981461208497064
  outer loop
    vertex 4213.062163262932 202.65509062899082 563.011121343972
    vertex 4214.586597442012 202.34039568142524 561.0111213439716
    vertex 4214.309367681386 201.82173527946196 561.0111213439716
  endloop
endfacet
facet normal -0.7067602881843752 0.377771244482673 -0.5981461208497064
  outer loop
    vertex 4214.586597442012 202.34039568142524 561.0111213439716
    vertex 4213.062163262932 202.65509062899082 563.011121343972
    vertex 4213.200778143245 202.9144208299726 563.011121343972
  endloop
endfacet
facet normal -0.7668796011594624 0.23263038373763179 -0.5981461208497352
  outer loop
    vertex 4213.200778143245 202.9144208299726 563.011121343972
    vertex 4214.7573146856885 202.90317501247276 561.0111213439716
    vertex 4214.586597442012 202.34039568142524 561.0111213439716
  endloop
endfacet
facet normal -0.7668796011594624 0.23263038373763179 -0.5981461208497352
  outer loop
    vertex 4214.7573146856885 202.90317501247276 561.0111213439716
    vertex 4213.200778143245 202.9144208299726 563.011121343972
    vertex 4213.286136765083 203.19581049549606 563.011121343972
  endloop
endfacet
facet normal -0.7975281611329516 0.0785496678057703 -0.5981461208496599
  outer loop
    vertex 4213.286136765083 203.19581049549606 563.011121343972
    vertex 4214.8149588444785 203.48844597852087 561.0111213439716
    vertex 4214.7573146856885 202.90317501247276 561.0111213439716
  endloop
endfacet
facet normal -0.7975281611329516 0.0785496678057703 -0.5981461208496599
  outer loop
    vertex 4214.8149588444785 203.48844597852087 561.0111213439716
    vertex 4213.286136765083 203.19581049549606 563.011121343972
    vertex 4213.314958844478 203.48844597852025 563.011121343972
  endloop
endfacet
facet normal -0.7975281611329281 -0.07854966780574575 -0.5981461208496944
  outer loop
    vertex 4213.314958844478 203.48844597852025 563.011121343972
    vertex 4214.7573146856885 204.07371694456927 561.0111213439716
    vertex 4214.8149588444785 203.48844597852087 561.0111213439716
  endloop
endfacet
facet normal -0.7975281611329281 -0.07854966780574575 -0.5981461208496944
  outer loop
    vertex 4214.7573146856885 204.07371694456927 561.0111213439716
    vertex 4213.314958844478 203.48844597852025 563.011121343972
    vertex 4213.286136765083 203.78108146154443 563.011121343972
  endloop
endfacet
facet normal -0.7668796011592924 -0.23263038373803488 -0.5981461208497966
  outer loop
    vertex 4213.286136765083 203.78108146154443 563.011121343972
    vertex 4214.586597442012 204.63649627561543 561.0111213439716
    vertex 4214.7573146856885 204.07371694456927 561.0111213439716
  endloop
endfacet
facet normal -0.7668796011592924 -0.23263038373803488 -0.5981461208497966
  outer loop
    vertex 4214.586597442012 204.63649627561543 561.0111213439716
    vertex 4213.286136765083 203.78108146154443 563.011121343972
    vertex 4213.200778143245 204.06247112706788 563.011121343972
  endloop
endfacet
facet normal -0.7067602881845951 -0.37777124448214705 -0.5981461208497787
  outer loop
    vertex 4213.200778143245 204.06247112706788 563.011121343972
    vertex 4214.309367681386 205.1551566775796 561.0111213439717
    vertex 4214.586597442012 204.63649627561543 561.0111213439716
  endloop
endfacet
facet normal -0.7067602881845951 -0.37777124448214705 -0.5981461208497787
  outer loop
    vertex 4214.309367681386 205.1551566775796 561.0111213439717
    vertex 4213.200778143245 204.06247112706788 563.011121343972
    vertex 4213.062163262932 204.32180132804967 563.0111213439721
  endloop
endfacet
facet normal -0.6194805736904768 -0.508394568157868 -0.5981461208498244
  outer loop
    vertex 4213.062163262932 204.32180132804967 563.0111213439721
    vertex 4213.9362791880385 205.60976632208047 561.0111213439717
    vertex 4214.309367681386 205.1551566775796 561.0111213439717
  endloop
endfacet
facet normal -0.6194805736904768 -0.508394568157868 -0.5981461208498244
  outer loop
    vertex 4213.9362791880385 205.60976632208047 561.0111213439717
    vertex 4213.062163262932 204.32180132804967 563.0111213439721
    vertex 4212.875619016258 204.54910615030005 563.0111213439721
  endloop
endfacet
facet normal -0.508394568157605 -0.6194805736907354 -0.5981461208497801
  outer loop
    vertex 4213.4816695435375 205.98285481542808 561.0111213439717
    vertex 4212.875619016258 204.54910615030005 563.0111213439721
    vertex 4212.648314194007 204.73565039697402 563.0111213439721
  endloop
endfacet
facet normal -0.508394568157605 -0.6194805736907354 -0.5981461208497801
  outer loop
    vertex 4212.875619016258 204.54910615030005 563.0111213439721
    vertex 4213.4816695435375 205.98285481542808 561.0111213439717
    vertex 4213.9362791880385 205.60976632208047 561.0111213439717
  endloop
endfacet
facet normal -0.3777712444828541 -0.7067602881842366 -0.5981461208497557
  outer loop
    vertex 4212.963009141574 206.26008457605465 561.0111213439717
    vertex 4212.648314194007 204.73565039697402 563.0111213439721
    vertex 4212.388983993025 204.87426527728712 563.0111213439721
  endloop
endfacet
facet normal -0.3777712444828541 -0.7067602881842366 -0.5981461208497557
  outer loop
    vertex 4212.648314194007 204.73565039697402 563.0111213439721
    vertex 4212.963009141574 206.26008457605465 561.0111213439717
    vertex 4213.4816695435375 205.98285481542808 561.0111213439717
  endloop
endfacet
facet normal -0.2326303837377296 -0.7668796011594113 -0.5981461208497627
  outer loop
    vertex 4212.400229810527 206.4308018197304 561.0111213439717
    vertex 4212.388983993025 204.87426527728712 563.0111213439721
    vertex 4212.107594327502 204.95962389912503 563.0111213439721
  endloop
endfacet
facet normal -0.2326303837377296 -0.7668796011594113 -0.5981461208497627
  outer loop
    vertex 4212.388983993025 204.87426527728712 563.0111213439721
    vertex 4212.400229810527 206.4308018197304 561.0111213439717
    vertex 4212.963009141574 206.26008457605465 561.0111213439717
  endloop
endfacet
facet normal -0.07854966780710351 -0.7975281611327665 -0.5981461208497316
  outer loop
    vertex 4211.8149588444785 206.48844597852093 561.0111213439717
    vertex 4212.107594327502 204.95962389912503 563.0111213439721
    vertex 4211.8149588444785 204.98844597852028 563.0111213439721
  endloop
endfacet
facet normal -0.07854966780710351 -0.7975281611327665 -0.5981461208497316
  outer loop
    vertex 4212.107594327502 204.95962389912503 563.0111213439721
    vertex 4211.8149588444785 206.48844597852093 561.0111213439717
    vertex 4212.400229810527 206.4308018197304 561.0111213439717
  endloop
endfacet
facet normal 0.07854966780706785 -0.7975281611328006 -0.5981461208496907
  outer loop
    vertex 4211.8149588444785 206.48844597852093 561.0111213439717
    vertex 4211.522323361454 204.95962389912503 563.0111213439721
    vertex 4211.22968787843 206.4308018197304 561.0111213439717
  endloop
endfacet
facet normal 0.07854966780706785 -0.7975281611328006 -0.5981461208496907
  outer loop
    vertex 4211.522323361454 204.95962389912503 563.0111213439721
    vertex 4211.8149588444785 206.48844597852093 561.0111213439717
    vertex 4211.8149588444785 204.98844597852028 563.0111213439721
  endloop
endfacet
facet normal 0.23263038373797756 -0.7668796011594413 -0.5981461208496279
  outer loop
    vertex 4211.22968787843 206.4308018197304 561.0111213439717
    vertex 4211.240933695931 204.87426527728712 563.0111213439721
    vertex 4210.666908547384 206.26008457605465 561.0111213439717
  endloop
endfacet
facet normal 0.23263038373797756 -0.7668796011594413 -0.5981461208496279
  outer loop
    vertex 4211.240933695931 204.87426527728712 563.0111213439721
    vertex 4211.22968787843 206.4308018197304 561.0111213439717
    vertex 4211.522323361454 204.95962389912503 563.0111213439721
  endloop
endfacet
facet normal 0.3777712444821857 -0.7067602881847607 -0.5981461208495586
  outer loop
    vertex 4210.666908547384 206.26008457605465 561.0111213439717
    vertex 4210.981603494949 204.73565039697402 563.0111213439721
    vertex 4210.1482481454195 205.98285481542808 561.0111213439717
  endloop
endfacet
facet normal 0.3777712444821857 -0.7067602881847607 -0.5981461208495586
  outer loop
    vertex 4210.981603494949 204.73565039697402 563.0111213439721
    vertex 4210.666908547384 206.26008457605465 561.0111213439717
    vertex 4211.240933695931 204.87426527728712 563.0111213439721
  endloop
endfacet
facet normal 0.5083945681583907 -0.6194805736903184 -0.5981461208495443
  outer loop
    vertex 4210.1482481454195 205.98285481542808 561.0111213439717
    vertex 4210.7542986726985 204.54910615030005 563.0111213439721
    vertex 4209.693638500919 205.60976632208047 561.0111213439717
  endloop
endfacet
facet normal 0.5083945681583907 -0.6194805736903184 -0.5981461208495443
  outer loop
    vertex 4210.7542986726985 204.54910615030005 563.0111213439721
    vertex 4210.1482481454195 205.98285481542808 561.0111213439717
    vertex 4210.981603494949 204.73565039697402 563.0111213439721
  endloop
endfacet
facet normal 0.6194805736901805 -0.5083945681586087 -0.5981461208495016
  outer loop
    vertex 4210.7542986726985 204.54910615030005 563.0111213439721
    vertex 4209.320550007571 205.1551566775796 561.0111213439717
    vertex 4209.693638500919 205.60976632208047 561.0111213439717
  endloop
endfacet
facet normal 0.6194805736901805 -0.5083945681586087 -0.5981461208495016
  outer loop
    vertex 4209.320550007571 205.1551566775796 561.0111213439717
    vertex 4210.7542986726985 204.54910615030005 563.0111213439721
    vertex 4210.567754426024 204.32180132804967 563.0111213439721
  endloop
endfacet
facet normal 0.7067602881850285 -0.3777712444818876 -0.5981461208494306
  outer loop
    vertex 4209.320550007571 205.1551566775796 561.0111213439717
    vertex 4210.429139545711 204.06247112706788 563.011121343972
    vertex 4209.043320246945 204.63649627561543 561.0111213439716
  endloop
endfacet
facet normal 0.7067602881850285 -0.3777712444818876 -0.5981461208494306
  outer loop
    vertex 4210.429139545711 204.06247112706788 563.011121343972
    vertex 4209.320550007571 205.1551566775796 561.0111213439717
    vertex 4210.567754426024 204.32180132804967 563.0111213439721
  endloop
endfacet
facet normal 0.7668796011594372 -0.23263038373847247 -0.598146120849441
  outer loop
    vertex 4210.429139545711 204.06247112706788 563.011121343972
    vertex 4208.8726030032685 204.07371694456927 561.0111213439716
    vertex 4209.043320246945 204.63649627561543 561.0111213439716
  endloop
endfacet
facet normal 0.7668796011594372 -0.23263038373847247 -0.598146120849441
  outer loop
    vertex 4208.8726030032685 204.07371694456927 561.0111213439716
    vertex 4210.429139545711 204.06247112706788 563.011121343972
    vertex 4210.343780923873 203.78108146154443 563.011121343972
  endloop
endfacet
facet normal 0.797528161133023 -0.07854966780654211 -0.5981461208494633
  outer loop
    vertex 4210.343780923873 203.78108146154443 563.011121343972
    vertex 4208.8149588444785 203.48844597852087 561.0111213439716
    vertex 4208.8726030032685 204.07371694456927 561.0111213439716
  endloop
endfacet
facet normal 0.797528161133023 -0.07854966780654211 -0.5981461208494633
  outer loop
    vertex 4208.8149588444785 203.48844597852087 561.0111213439716
    vertex 4210.343780923873 203.78108146154443 563.011121343972
    vertex 4210.3149588444785 203.48844597852025 563.011121343972
  endloop
endfacet
facet normal 0.7975281611330464 0.07854966780656636 -0.5981461208494289
  outer loop
    vertex 4210.3149588444785 203.48844597852025 563.011121343972
    vertex 4208.8726030032685 202.90317501247276 561.0111213439716
    vertex 4208.8149588444785 203.48844597852087 561.0111213439716
  endloop
endfacet
facet normal 0.7975281611330464 0.07854966780656636 -0.5981461208494289
  outer loop
    vertex 4208.8726030032685 202.90317501247276 561.0111213439716
    vertex 4210.3149588444785 203.48844597852025 563.011121343972
    vertex 4210.343780923873 203.19581049549606 563.011121343972
  endloop
endfacet
facet normal 0.766879601159607 0.2326303837380698 -0.5981461208493796
  outer loop
    vertex 4210.343780923873 203.19581049549606 563.011121343972
    vertex 4209.043320246945 202.34039568142524 561.0111213439716
    vertex 4208.8726030032685 202.90317501247276 561.0111213439716
  endloop
endfacet
facet normal 0.766879601159607 0.2326303837380698 -0.5981461208493796
  outer loop
    vertex 4209.043320246945 202.34039568142524 561.0111213439716
    vertex 4210.343780923873 203.19581049549606 563.011121343972
    vertex 4210.429139545711 202.9144208299726 563.011121343972
  endloop
endfacet
facet normal 0.706760288184809 0.3777712444824129 -0.5981461208493583
  outer loop
    vertex 4210.429139545711 202.9144208299726 563.011121343972
    vertex 4209.320550007571 201.82173527946196 561.0111213439716
    vertex 4209.043320246945 202.34039568142524 561.0111213439716
  endloop
endfacet
facet normal 0.706760288184809 0.3777712444824129 -0.5981461208493583
  outer loop
    vertex 4209.320550007571 201.82173527946196 561.0111213439716
    vertex 4210.429139545711 202.9144208299726 563.011121343972
    vertex 4210.567754426024 202.65509062899082 563.011121343972
  endloop
endfacet
facet normal 0.6194805736907871 0.5083945681579823 -0.598146120849406
  outer loop
    vertex 4210.567754426024 202.65509062899082 563.011121343972
    vertex 4209.6936385009185 201.36712563496127 561.0111213439716
    vertex 4209.320550007571 201.82173527946196 561.0111213439716
  endloop
endfacet
facet normal 0.6194805736907871 0.5083945681579823 -0.598146120849406
  outer loop
    vertex 4209.6936385009185 201.36712563496127 561.0111213439716
    vertex 4210.567754426024 202.65509062899082 563.011121343972
    vertex 4210.7542986726985 202.42778580674045 563.011121343972
  endloop
endfacet
facet normal 0.5083945681585033 0.6194805736902865 -0.5981461208494817
  outer loop
    vertex 4210.7542986726985 202.42778580674045 563.011121343972
    vertex 4210.1482481454195 200.99403714161258 561.0111213439716
    vertex 4209.6936385009185 201.36712563496127 561.0111213439716
  endloop
endfacet
facet normal 0.5083945681585033 0.6194805736902865 -0.5981461208494817
  outer loop
    vertex 4210.1482481454195 200.99403714161258 561.0111213439716
    vertex 4210.7542986726985 202.42778580674045 563.011121343972
    vertex 4210.981603494949 202.24124156006644 563.011121343972
  endloop
endfacet
facet normal 0.3777712444811085 0.7067602881854942 -0.5981461208493724
  outer loop
    vertex 4210.981603494949 202.24124156006644 563.011121343972
    vertex 4210.666908547384 200.71680738098738 561.0111213439716
    vertex 4210.1482481454195 200.99403714161258 561.0111213439716
  endloop
endfacet
facet normal 0.3777712444811085 0.7067602881854942 -0.5981461208493724
  outer loop
    vertex 4210.666908547384 200.71680738098738 561.0111213439716
    vertex 4210.981603494949 202.24124156006644 563.011121343972
    vertex 4211.240933695931 202.10262667975337 563.011121343972
  endloop
endfacet
facet normal 0.23263038373867295 0.7668796011594573 -0.598146120849337
  outer loop
    vertex 4211.240933695931 202.10262667975337 563.011121343972
    vertex 4211.22968787843 200.546090137311 561.0111213439716
    vertex 4210.666908547384 200.71680738098738 561.0111213439716
  endloop
endfacet
facet normal 0.23263038373867295 0.7668796011594573 -0.598146120849337
  outer loop
    vertex 4211.22968787843 200.546090137311 561.0111213439716
    vertex 4211.240933695931 202.10262667975337 563.011121343972
    vertex 4211.522323361454 202.01726805791546 563.011121343972
  endloop
endfacet
facet normal 0.07854966780650524 0.7975281611330747 -0.5981461208493997
  outer loop
    vertex 4211.522323361454 202.01726805791546 563.011121343972
    vertex 4211.8149588444785 200.488445978521 561.0111213439716
    vertex 4211.22968787843 200.546090137311 561.0111213439716
  endloop
endfacet
facet normal 0.07854966780650524 0.7975281611330747 -0.5981461208493997
  outer loop
    vertex 4211.8149588444785 200.488445978521 561.0111213439716
    vertex 4211.522323361454 202.01726805791546 563.011121343972
    vertex 4211.8149588444785 201.98844597852022 563.011121343972
  endloop
endfacet
facet normal -0.07854966780654048 0.7975281611330403 -0.5981461208494405
  outer loop
    vertex 4212.107594327502 202.01726805791546 563.011121343972
    vertex 4211.8149588444785 200.488445978521 561.0111213439716
    vertex 4211.8149588444785 201.98844597852022 563.011121343972
  endloop
endfacet
facet normal -0.07854966780654048 0.7975281611330403 -0.5981461208494405
  outer loop
    vertex 4211.8149588444785 200.488445978521 561.0111213439716
    vertex 4212.107594327502 202.01726805791546 563.011121343972
    vertex 4212.400229810527 200.546090137311 561.0111213439716
  endloop
endfacet
facet normal -0.23263038373842537 0.7668796011594272 -0.5981461208494716
  outer loop
    vertex 4212.388983993025 202.10262667975337 563.011121343972
    vertex 4212.400229810527 200.546090137311 561.0111213439716
    vertex 4212.107594327502 202.01726805791546 563.011121343972
  endloop
endfacet
facet normal -0.23263038373842537 0.7668796011594272 -0.5981461208494716
  outer loop
    vertex 4212.400229810527 200.546090137311 561.0111213439716
    vertex 4212.388983993025 202.10262667975337 563.011121343972
    vertex 4212.963009141574 200.71680738098738 561.0111213439716
  endloop
endfacet
facet normal -0.3777712444811474 -0.7067602881851321 -0.5981461208497756
  outer loop
    vertex 4212.963009141573 186.2600845760546 561.0111213439716
    vertex 4212.648314194007 184.73565039697408 563.011121343972
    vertex 4212.388983993025 184.87426527728718 563.0111213439719
  endloop
endfacet
facet normal -0.3777712444811474 -0.7067602881851321 -0.5981461208497756
  outer loop
    vertex 4212.648314194007 184.73565039697408 563.011121343972
    vertex 4212.963009141573 186.2600845760546 561.0111213439716
    vertex 4213.481669543537 185.9828548154293 561.0111213439717
  endloop
endfacet
facet normal -0.5083945681586168 -0.6194805736898983 -0.5981461208497869
  outer loop
    vertex 4213.481669543537 185.9828548154293 561.0111213439717
    vertex 4212.875619016258 184.54910615030008 563.011121343972
    vertex 4212.648314194007 184.73565039697408 563.011121343972
  endloop
endfacet
facet normal -0.5083945681586168 -0.6194805736898983 -0.5981461208497869
  outer loop
    vertex 4212.875619016258 184.54910615030008 563.011121343972
    vertex 4213.481669543537 185.9828548154293 561.0111213439717
    vertex 4213.936279188038 185.60976632208042 561.0111213439717
  endloop
endfacet
facet normal -0.7067602881849092 -0.37777124448197325 -0.5981461208495173
  outer loop
    vertex 4213.200778143245 184.0624711270679 563.0111213439719
    vertex 4214.309367681385 185.15515667758 561.0111213439717
    vertex 4214.586597442011 184.6364962756159 561.0111213439716
  endloop
endfacet
facet normal -0.7067602881849092 -0.37777124448197325 -0.5981461208495173
  outer loop
    vertex 4214.309367681385 185.15515667758 561.0111213439717
    vertex 4213.200778143245 184.0624711270679 563.0111213439719
    vertex 4213.062163262932 184.3218013280497 563.011121343972
  endloop
endfacet
facet normal -0.6194805736905739 -0.5083945681579566 -0.5981461208496487
  outer loop
    vertex 4213.062163262932 184.3218013280497 563.011121343972
    vertex 4213.936279188038 185.60976632208042 561.0111213439717
    vertex 4214.309367681385 185.15515667758 561.0111213439717
  endloop
endfacet
facet normal -0.6194805736905739 -0.5083945681579566 -0.5981461208496487
  outer loop
    vertex 4213.936279188038 185.60976632208042 561.0111213439717
    vertex 4213.062163262932 184.3218013280497 563.011121343972
    vertex 4212.875619016258 184.54910615030008 563.011121343972
  endloop
endfacet
facet normal -0.7668796011593236 -0.23263038373865283 -0.5981461208495163
  outer loop
    vertex 4213.286136765083 183.7810814615445 563.0111213439719
    vertex 4214.586597442011 184.6364962756159 561.0111213439716
    vertex 4214.757314685688 184.0737169445692 561.0111213439716
  endloop
endfacet
facet normal -0.7668796011593236 -0.23263038373865283 -0.5981461208495163
  outer loop
    vertex 4214.586597442011 184.6364962756159 561.0111213439716
    vertex 4213.286136765083 183.7810814615445 563.0111213439719
    vertex 4213.200778143245 184.0624711270679 563.0111213439719
  endloop
endfacet
facet normal -0.7975281611330888 -0.07854966780576159 -0.5981461208494784
  outer loop
    vertex 4213.314958844478 183.48844597852028 563.0111213439719
    vertex 4214.757314685688 184.0737169445692 561.0111213439716
    vertex 4214.814958844478 183.48844597852082 561.0111213439716
  endloop
endfacet
facet normal -0.7975281611330888 -0.07854966780576159 -0.5981461208494784
  outer loop
    vertex 4214.757314685688 184.0737169445692 561.0111213439716
    vertex 4213.314958844478 183.48844597852028 563.0111213439719
    vertex 4213.286136765083 183.7810814615445 563.0111213439719
  endloop
endfacet
facet normal -0.7975281611331091 0.07854966780573706 -0.5981461208494542
  outer loop
    vertex 4213.286136765083 183.1958104954961 563.0111213439719
    vertex 4214.814958844478 183.48844597852082 561.0111213439716
    vertex 4214.757314685688 182.90317501247225 561.0111213439717
  endloop
endfacet
facet normal -0.7975281611331091 0.07854966780573706 -0.5981461208494542
  outer loop
    vertex 4214.814958844478 183.48844597852082 561.0111213439716
    vertex 4213.286136765083 183.1958104954961 563.0111213439719
    vertex 4213.314958844478 183.48844597852028 563.0111213439719
  endloop
endfacet
facet normal -0.7668796011592893 0.23263038373905293 -0.5981461208494043
  outer loop
    vertex 4213.200778143245 182.91442082997264 563.0111213439719
    vertex 4214.757314685688 182.90317501247225 561.0111213439717
    vertex 4214.586597442011 182.34039568142683 561.0111213439717
  endloop
endfacet
facet normal -0.7668796011592893 0.23263038373905293 -0.5981461208494043
  outer loop
    vertex 4214.757314685688 182.90317501247225 561.0111213439717
    vertex 4213.200778143245 182.91442082997264 563.0111213439719
    vertex 4213.286136765083 183.1958104954961 563.0111213439719
  endloop
endfacet
facet normal -0.7067602881850665 0.3777712444820703 -0.5981461208492701
  outer loop
    vertex 4213.062163262932 182.65509062899088 563.0111213439719
    vertex 4214.586597442011 182.34039568142683 561.0111213439717
    vertex 4214.309367681385 181.82173527946253 561.0111213439717
  endloop
endfacet
facet normal -0.7067602881850665 0.3777712444820703 -0.5981461208492701
  outer loop
    vertex 4214.586597442011 182.34039568142683 561.0111213439717
    vertex 4213.062163262932 182.65509062899088 563.0111213439719
    vertex 4213.200778143245 182.91442082997264 563.0111213439719
  endloop
endfacet
facet normal -0.6194805736910434 0.5083945681576896 -0.5981461208493895
  outer loop
    vertex 4212.875619016258 182.42778580674047 563.0111213439719
    vertex 4214.309367681385 181.82173527946253 561.0111213439717
    vertex 4213.936279188038 181.3671256349614 561.0111213439717
  endloop
endfacet
facet normal -0.6194805736910434 0.5083945681576896 -0.5981461208493895
  outer loop
    vertex 4214.309367681385 181.82173527946253 561.0111213439717
    vertex 4212.875619016258 182.42778580674047 563.0111213439719
    vertex 4213.062163262932 182.65509062899088 563.0111213439719
  endloop
endfacet
facet normal -0.5083945681578621 0.6194805736908917 -0.5981461208493997
  outer loop
    vertex 4212.875619016258 182.42778580674047 563.0111213439719
    vertex 4213.481669543537 180.99403714161397 561.0111213439717
    vertex 4212.648314194007 182.2412415600665 563.0111213439719
  endloop
endfacet
facet normal -0.5083945681578621 0.6194805736908917 -0.5981461208493997
  outer loop
    vertex 4213.481669543537 180.99403714161397 561.0111213439717
    vertex 4212.875619016258 182.42778580674047 563.0111213439719
    vertex 4213.936279188038 181.3671256349614 561.0111213439717
  endloop
endfacet
facet normal -0.37777124448296284 0.706760288184511 -0.5981461208493629
  outer loop
    vertex 4212.648314194007 182.2412415600665 563.0111213439719
    vertex 4212.963009141573 180.71680738098686 561.0111213439717
    vertex 4212.388983993025 182.1026266797534 563.0111213439719
  endloop
endfacet
facet normal -0.37777124448296284 0.706760288184511 -0.5981461208493629
  outer loop
    vertex 4212.963009141573 180.71680738098686 561.0111213439717
    vertex 4212.648314194007 182.2412415600665 563.0111213439719
    vertex 4213.481669543537 180.99403714161397 561.0111213439717
  endloop
endfacet
facet normal -0.23263038373778608 0.7668796011596609 -0.598146120849421
  outer loop
    vertex 4212.388983993025 182.1026266797534 563.0111213439719
    vertex 4212.400229810526 180.54609013731104 561.0111213439717
    vertex 4212.107594327502 182.0172680579155 563.0111213439719
  endloop
endfacet
facet normal -0.23263038373778608 0.7668796011596609 -0.598146120849421
  outer loop
    vertex 4212.400229810526 180.54609013731104 561.0111213439717
    vertex 4212.388983993025 182.1026266797534 563.0111213439719
    vertex 4212.963009141573 180.71680738098686 561.0111213439717
  endloop
endfacet
facet normal -0.07854966780687075 0.7975281611330028 -0.598146120849447
  outer loop
    vertex 4211.8149588444785 181.98844597852028 563.0111213439719
    vertex 4212.400229810526 180.54609013731104 561.0111213439717
    vertex 4211.814958844478 180.4884459785208 561.0111213439717
  endloop
endfacet
facet normal -0.07854966780687075 0.7975281611330028 -0.598146120849447
  outer loop
    vertex 4212.400229810526 180.54609013731104 561.0111213439717
    vertex 4211.8149588444785 181.98844597852028 563.0111213439719
    vertex 4212.107594327502 182.0172680579155 563.0111213439719
  endloop
endfacet
facet normal 0.07854966780675177 0.7975281611329772 -0.5981461208494971
  outer loop
    vertex 4211.522323361454 182.0172680579155 563.0111213439719
    vertex 4211.814958844478 180.4884459785208 561.0111213439717
    vertex 4211.229687878428 180.54609013731104 561.0111213439717
  endloop
endfacet
facet normal 0.07854966780675177 0.7975281611329772 -0.5981461208494971
  outer loop
    vertex 4211.814958844478 180.4884459785208 561.0111213439717
    vertex 4211.522323361454 182.0172680579155 563.0111213439719
    vertex 4211.8149588444785 181.98844597852028 563.0111213439719
  endloop
endfacet
facet normal 0.23263038373797 0.7668796011594788 -0.5981461208495825
  outer loop
    vertex 4211.240933695931 182.1026266797534 563.0111213439719
    vertex 4211.229687878428 180.54609013731104 561.0111213439717
    vertex 4210.666908547381 180.71680738098686 561.0111213439717
  endloop
endfacet
facet normal 0.23263038373797 0.7668796011594788 -0.5981461208495825
  outer loop
    vertex 4211.229687878428 180.54609013731104 561.0111213439717
    vertex 4211.240933695931 182.1026266797534 563.0111213439719
    vertex 4211.522323361454 182.0172680579155 563.0111213439719
  endloop
endfacet
facet normal 0.5083945681580978 0.619480573690639 -0.598146120849461
  outer loop
    vertex 4210.7542986726985 182.42778580674056 563.0111213439719
    vertex 4210.148248145418 180.99403714161397 561.0111213439717
    vertex 4209.693638500918 181.36712563496175 561.0111213439717
  endloop
endfacet
facet normal 0.5083945681580978 0.619480573690639 -0.598146120849461
  outer loop
    vertex 4210.148248145418 180.99403714161397 561.0111213439717
    vertex 4210.7542986726985 182.42778580674056 563.0111213439719
    vertex 4210.981603494949 182.2412415600665 563.0111213439719
  endloop
endfacet
facet normal 0.37777124448336213 0.706760288184177 -0.5981461208495055
  outer loop
    vertex 4210.981603494949 182.2412415600665 563.0111213439719
    vertex 4210.666908547381 180.71680738098686 561.0111213439717
    vertex 4210.148248145418 180.99403714161397 561.0111213439717
  endloop
endfacet
facet normal 0.37777124448336213 0.706760288184177 -0.5981461208495055
  outer loop
    vertex 4210.666908547381 180.71680738098686 561.0111213439717
    vertex 4210.981603494949 182.2412415600665 563.0111213439719
    vertex 4211.240933695931 182.1026266797534 563.0111213439719
  endloop
endfacet
facet normal 0.6194805736899393 0.5083945681587778 -0.5981461208496078
  outer loop
    vertex 4210.567754426024 182.65509062899096 563.0111213439719
    vertex 4209.693638500918 181.36712563496175 561.0111213439717
    vertex 4209.320550007568 181.82173527946253 561.0111213439717
  endloop
endfacet
facet normal 0.6194805736899393 0.5083945681587778 -0.5981461208496078
  outer loop
    vertex 4209.693638500918 181.36712563496175 561.0111213439717
    vertex 4210.567754426024 182.65509062899096 563.0111213439719
    vertex 4210.7542986726985 182.42778580674056 563.0111213439719
  endloop
endfacet
facet normal 0.7067602881844085 0.37777124448250554 -0.5981461208497728
  outer loop
    vertex 4210.429139545711 182.91442082997273 563.0111213439719
    vertex 4209.320550007568 181.82173527946253 561.0111213439717
    vertex 4209.043320246942 182.34039568142683 561.0111213439717
  endloop
endfacet
facet normal 0.7067602881844085 0.37777124448250554 -0.5981461208497728
  outer loop
    vertex 4209.320550007568 181.82173527946253 561.0111213439717
    vertex 4210.429139545711 182.91442082997273 563.0111213439719
    vertex 4210.567754426024 182.65509062899096 563.0111213439719
  endloop
endfacet
facet normal 0.766879601159426 0.23263038373746026 -0.5981461208498488
  outer loop
    vertex 4210.343780923872 183.19581049549618 563.0111213439719
    vertex 4209.043320246942 182.34039568142683 561.0111213439717
    vertex 4208.872603003267 182.90317501247245 561.0111213439717
  endloop
endfacet
facet normal 0.766879601159426 0.23263038373746026 -0.5981461208498488
  outer loop
    vertex 4209.043320246942 182.34039568142683 561.0111213439717
    vertex 4210.343780923872 183.19581049549618 563.0111213439719
    vertex 4210.429139545711 182.91442082997273 563.0111213439719
  endloop
endfacet
facet normal 0.7975281611326829 0.07854966780675801 -0.5981461208498887
  outer loop
    vertex 4210.3149588444785 183.48844597852036 563.0111213439719
    vertex 4208.872603003267 182.90317501247245 561.0111213439717
    vertex 4208.814958844477 183.48844597852118 561.0111213439716
  endloop
endfacet
facet normal 0.7975281611326829 0.07854966780675801 -0.5981461208498887
  outer loop
    vertex 4208.872603003267 182.90317501247245 561.0111213439717
    vertex 4210.3149588444785 183.48844597852036 563.0111213439719
    vertex 4210.343780923872 183.19581049549618 563.0111213439719
  endloop
endfacet
facet normal 0.7975281611326519 -0.07854966780680052 -0.5981461208499242
  outer loop
    vertex 4210.343780923872 183.78108146154457 563.0111213439719
    vertex 4208.814958844477 183.48844597852118 561.0111213439716
    vertex 4208.872603003267 184.07371694456958 561.0111213439716
  endloop
endfacet
facet normal 0.7975281611326519 -0.07854966780680052 -0.5981461208499242
  outer loop
    vertex 4208.814958844477 183.48844597852118 561.0111213439716
    vertex 4210.343780923872 183.78108146154457 563.0111213439719
    vertex 4210.3149588444785 183.48844597852036 563.0111213439719
  endloop
endfacet
facet normal 0.7668796011594171 -0.23263038373716663 -0.598146120849974
  outer loop
    vertex 4210.429139545711 184.062471127068 563.0111213439719
    vertex 4208.872603003267 184.07371694456958 561.0111213439716
    vertex 4209.043320246942 184.63649627561608 561.0111213439716
  endloop
endfacet
facet normal 0.7668796011594171 -0.23263038373716663 -0.598146120849974
  outer loop
    vertex 4208.872603003267 184.07371694456958 561.0111213439716
    vertex 4210.429139545711 184.062471127068 563.0111213439719
    vertex 4210.343780923872 183.78108146154457 563.0111213439719
  endloop
endfacet
facet normal 0.7067602881842141 -0.37777124448249483 -0.5981461208500091
  outer loop
    vertex 4209.320550007568 185.15515667758 561.0111213439717
    vertex 4210.429139545711 184.062471127068 563.0111213439719
    vertex 4209.043320246942 184.63649627561608 561.0111213439716
  endloop
endfacet
facet normal 0.7067602881842141 -0.37777124448249483 -0.5981461208500091
  outer loop
    vertex 4210.429139545711 184.062471127068 563.0111213439719
    vertex 4209.320550007568 185.15515667758 561.0111213439717
    vertex 4210.567754426024 184.3218013280498 563.011121343972
  endloop
endfacet
facet normal 0.6194805736897683 -0.5083945681586463 -0.5981461208498967
  outer loop
    vertex 4210.7542986726985 184.54910615030016 563.011121343972
    vertex 4209.320550007568 185.15515667758 561.0111213439717
    vertex 4209.693638500918 185.6097663220808 561.0111213439717
  endloop
endfacet
facet normal 0.6194805736897683 -0.5083945681586463 -0.5981461208498967
  outer loop
    vertex 4209.320550007568 185.15515667758 561.0111213439717
    vertex 4210.7542986726985 184.54910615030016 563.011121343972
    vertex 4210.567754426024 184.3218013280498 563.011121343972
  endloop
endfacet
facet normal 0.5083945681588895 -0.6194805736894923 -0.598146120849976
  outer loop
    vertex 4210.148248145418 185.9828548154293 561.0111213439717
    vertex 4210.7542986726985 184.54910615030016 563.011121343972
    vertex 4209.693638500918 185.6097663220808 561.0111213439717
  endloop
endfacet
facet normal 0.5083945681588895 -0.6194805736894923 -0.598146120849976
  outer loop
    vertex 4210.7542986726985 184.54910615030016 563.011121343972
    vertex 4210.148248145418 185.9828548154293 561.0111213439717
    vertex 4210.981603494949 184.73565039697408 563.011121343972
  endloop
endfacet
facet normal 0.37777124448124033 -0.7067602881849158 -0.5981461208499725
  outer loop
    vertex 4210.666908547381 186.2600845760546 561.0111213439716
    vertex 4210.981603494949 184.73565039697408 563.011121343972
    vertex 4210.148248145418 185.9828548154293 561.0111213439717
  endloop
endfacet
facet normal 0.37777124448124033 -0.7067602881849158 -0.5981461208499725
  outer loop
    vertex 4210.981603494949 184.73565039697408 563.011121343972
    vertex 4210.666908547381 186.2600845760546 561.0111213439716
    vertex 4211.240933695931 184.87426527728718 563.0111213439719
  endloop
endfacet
facet normal 0.2326303837387953 -0.766879601158965 -0.5981461208499204
  outer loop
    vertex 4211.229687878427 186.43080181973133 561.0111213439716
    vertex 4211.240933695931 184.87426527728718 563.0111213439719
    vertex 4210.666908547381 186.2600845760546 561.0111213439716
  endloop
endfacet
facet normal 0.2326303837387953 -0.766879601158965 -0.5981461208499204
  outer loop
    vertex 4211.240933695931 184.87426527728718 563.0111213439719
    vertex 4211.229687878427 186.43080181973133 561.0111213439716
    vertex 4211.522323361453 184.9596238991251 563.0111213439719
  endloop
endfacet
facet normal 0.07854966780575195 -0.7975281611328191 -0.5981461208498389
  outer loop
    vertex 4211.814958844477 186.48844597852067 561.0111213439716
    vertex 4211.522323361453 184.9596238991251 563.0111213439719
    vertex 4211.229687878427 186.43080181973133 561.0111213439716
  endloop
endfacet
facet normal 0.07854966780575195 -0.7975281611328191 -0.5981461208498389
  outer loop
    vertex 4211.522323361453 184.9596238991251 563.0111213439719
    vertex 4211.814958844477 186.48844597852067 561.0111213439716
    vertex 4211.8149588444785 184.9884459785203 563.0111213439719
  endloop
endfacet
facet normal -0.07854966780590987 -0.7975281611328515 -0.5981461208497751
  outer loop
    vertex 4212.400229810524 186.43080181973133 561.0111213439716
    vertex 4211.8149588444785 184.9884459785203 563.0111213439719
    vertex 4211.814958844477 186.48844597852067 561.0111213439716
  endloop
endfacet
facet normal -0.07854966780590987 -0.7975281611328515 -0.5981461208497751
  outer loop
    vertex 4211.8149588444785 184.9884459785203 563.0111213439719
    vertex 4212.400229810524 186.43080181973133 561.0111213439716
    vertex 4212.107594327502 184.9596238991251 563.0111213439719
  endloop
endfacet
facet normal -0.23263038373839864 -0.7668796011592326 -0.5981461208497316
  outer loop
    vertex 4212.400229810524 186.43080181973133 561.0111213439716
    vertex 4212.388983993025 184.87426527728718 563.0111213439719
    vertex 4212.107594327502 184.9596238991251 563.0111213439719
  endloop
endfacet
facet normal -0.23263038373839864 -0.7668796011592326 -0.5981461208497316
  outer loop
    vertex 4212.388983993025 184.87426527728718 563.0111213439719
    vertex 4212.400229810524 186.43080181973133 561.0111213439716
    vertex 4212.963009141573 186.2600845760546 561.0111213439716
  endloop
endfacet
facet normal -0.3777712444826604 -0.7067602881844831 -0.5981461208495867
  outer loop
    vertex 4232.963009141573 186.2600845760545 561.0111213439717
    vertex 4232.648314194007 184.73565039697408 563.011121343972
    vertex 4232.388983993025 184.87426527728726 563.0111213439719
  endloop
endfacet
facet normal -0.3777712444826604 -0.7067602881844831 -0.5981461208495867
  outer loop
    vertex 4232.648314194007 184.73565039697408 563.011121343972
    vertex 4232.963009141573 186.2600845760545 561.0111213439717
    vertex 4233.481669543537 185.98285481542814 561.0111213439718
  endloop
endfacet
facet normal -0.5083945681582596 -0.6194805736904699 -0.5981461208494988
  outer loop
    vertex 4233.481669543537 185.98285481542814 561.0111213439718
    vertex 4232.875619016258 184.54910615030016 563.011121343972
    vertex 4232.648314194007 184.73565039697408 563.011121343972
  endloop
endfacet
facet normal -0.5083945681582596 -0.6194805736904699 -0.5981461208494988
  outer loop
    vertex 4232.875619016258 184.54910615030016 563.011121343972
    vertex 4233.481669543537 185.98285481542814 561.0111213439718
    vertex 4233.936279188036 185.60976632208033 561.0111213439718
  endloop
endfacet
facet normal -0.6194805736905453 -0.5083945681582368 -0.5981461208494401
  outer loop
    vertex 4233.062163262931 184.3218013280498 563.011121343972
    vertex 4233.936279188036 185.60976632208033 561.0111213439718
    vertex 4234.309367681384 185.15515667757938 561.0111213439718
  endloop
endfacet
facet normal -0.6194805736905453 -0.5083945681582368 -0.5981461208494401
  outer loop
    vertex 4233.936279188036 185.60976632208033 561.0111213439718
    vertex 4233.062163262931 184.3218013280498 563.011121343972
    vertex 4232.875619016258 184.54910615030016 563.011121343972
  endloop
endfacet
facet normal -0.7067602881843797 -0.37777124448300164 -0.5981461208494935
  outer loop
    vertex 4233.200778143244 184.062471127068 563.0111213439719
    vertex 4234.309367681384 185.15515667757938 561.0111213439718
    vertex 4234.586597442011 184.63649627561617 561.0111213439717
  endloop
endfacet
facet normal -0.7067602881843797 -0.37777124448300164 -0.5981461208494935
  outer loop
    vertex 4234.309367681384 185.15515667757938 561.0111213439718
    vertex 4233.200778143244 184.062471127068 563.0111213439719
    vertex 4233.062163262931 184.3218013280498 563.011121343972
  endloop
endfacet
facet normal -0.7668796011594279 -0.23263038373817183 -0.5981461208495693
  outer loop
    vertex 4233.286136765083 183.78108146154457 563.0111213439719
    vertex 4234.586597442011 184.63649627561617 561.0111213439717
    vertex 4234.757314685688 184.07371694456913 561.0111213439717
  endloop
endfacet
facet normal -0.7668796011594279 -0.23263038373817183 -0.5981461208495693
  outer loop
    vertex 4234.586597442011 184.63649627561617 561.0111213439717
    vertex 4233.286136765083 183.78108146154457 563.0111213439719
    vertex 4233.200778143244 184.062471127068 563.0111213439719
  endloop
endfacet
facet normal -0.7975281611329478 -0.078549667806633 -0.5981461208495518
  outer loop
    vertex 4233.314958844478 183.48844597852036 563.0111213439719
    vertex 4234.757314685688 184.07371694456913 561.0111213439717
    vertex 4234.814958844478 183.48844597852073 561.0111213439717
  endloop
endfacet
facet normal -0.7975281611329478 -0.078549667806633 -0.5981461208495518
  outer loop
    vertex 4234.757314685688 184.07371694456913 561.0111213439717
    vertex 4233.314958844478 183.48844597852036 563.0111213439719
    vertex 4233.286136765083 183.78108146154457 563.0111213439719
  endloop
endfacet
facet normal -0.7975281611329611 0.07854966780664656 -0.5981461208495321
  outer loop
    vertex 4233.286136765083 183.19581049549618 563.0111213439719
    vertex 4234.814958844478 183.48844597852073 561.0111213439717
    vertex 4234.757314685688 182.90317501247253 561.0111213439717
  endloop
endfacet
facet normal -0.7975281611329611 0.07854966780664656 -0.5981461208495321
  outer loop
    vertex 4234.814958844478 183.48844597852073 561.0111213439717
    vertex 4233.286136765083 183.19581049549618 563.0111213439719
    vertex 4233.314958844478 183.48844597852036 563.0111213439719
  endloop
endfacet
facet normal -0.7668796011594408 0.23263038373834785 -0.5981461208494845
  outer loop
    vertex 4233.200778143244 182.91442082997273 563.0111213439719
    vertex 4234.757314685688 182.90317501247253 561.0111213439717
    vertex 4234.586597442011 182.340395681426 561.0111213439717
  endloop
endfacet
facet normal -0.7668796011594408 0.23263038373834785 -0.5981461208494845
  outer loop
    vertex 4234.757314685688 182.90317501247253 561.0111213439717
    vertex 4233.200778143244 182.91442082997273 563.0111213439719
    vertex 4233.286136765083 183.19581049549618 563.0111213439719
  endloop
endfacet
facet normal -0.7067602881845889 0.3777712444828112 -0.5981461208493665
  outer loop
    vertex 4233.062163262931 182.65509062899096 563.0111213439719
    vertex 4234.586597442011 182.340395681426 561.0111213439717
    vertex 4234.309367681384 181.82173527946208 561.0111213439717
  endloop
endfacet
facet normal -0.7067602881845889 0.3777712444828112 -0.5981461208493665
  outer loop
    vertex 4234.586597442011 182.340395681426 561.0111213439717
    vertex 4233.062163262931 182.65509062899096 563.0111213439719
    vertex 4233.200778143244 182.91442082997273 563.0111213439719
  endloop
endfacet
facet normal -0.6194805736906126 0.5083945681582865 -0.598146120849328
  outer loop
    vertex 4232.875619016258 182.42778580674056 563.0111213439719
    vertex 4234.309367681384 181.82173527946208 561.0111213439717
    vertex 4233.936279188036 181.36712563496113 561.0111213439717
  endloop
endfacet
facet normal -0.6194805736906126 0.5083945681582865 -0.598146120849328
  outer loop
    vertex 4234.309367681384 181.82173527946208 561.0111213439717
    vertex 4232.875619016258 182.42778580674056 563.0111213439719
    vertex 4233.062163262931 182.65509062899096 563.0111213439719
  endloop
endfacet
facet normal -0.5083945681585599 0.619480573690369 -0.598146120849348
  outer loop
    vertex 4232.875619016258 182.42778580674056 563.0111213439719
    vertex 4233.481669543537 180.99403714161315 561.0111213439717
    vertex 4232.648314194007 182.2412415600665 563.0111213439719
  endloop
endfacet
facet normal -0.5083945681585599 0.619480573690369 -0.598146120849348
  outer loop
    vertex 4233.481669543537 180.99403714161315 561.0111213439717
    vertex 4232.875619016258 182.42778580674056 563.0111213439719
    vertex 4233.936279188036 181.36712563496113 561.0111213439717
  endloop
endfacet
facet normal -0.37777124448245686 0.7067602881847581 -0.5981461208493903
  outer loop
    vertex 4232.648314194007 182.2412415600665 563.0111213439719
    vertex 4232.963009141573 180.71680738098732 561.0111213439717
    vertex 4232.388983993025 182.10262667975348 563.0111213439719
  endloop
endfacet
facet normal -0.37777124448245686 0.7067602881847581 -0.5981461208493903
  outer loop
    vertex 4232.963009141573 180.71680738098732 561.0111213439717
    vertex 4232.648314194007 182.2412415600665 563.0111213439719
    vertex 4233.481669543537 180.99403714161315 561.0111213439717
  endloop
endfacet
facet normal -0.23263038373790113 0.7668796011596464 -0.5981461208493947
  outer loop
    vertex 4232.388983993025 182.10262667975348 563.0111213439719
    vertex 4232.400229810526 180.5460901373115 561.0111213439717
    vertex 4232.107594327503 182.01726805791557 563.0111213439719
  endloop
endfacet
facet normal -0.23263038373790113 0.7668796011596464 -0.5981461208493947
  outer loop
    vertex 4232.400229810526 180.5460901373115 561.0111213439717
    vertex 4232.388983993025 182.10262667975348 563.0111213439719
    vertex 4232.963009141573 180.71680738098732 561.0111213439717
  endloop
endfacet
facet normal -0.07854966780723535 0.7975281611329937 -0.5981461208494115
  outer loop
    vertex 4231.814958844478 181.98844597852028 563.0111213439719
    vertex 4232.400229810526 180.5460901373115 561.0111213439717
    vertex 4231.814958844478 180.48844597852087 561.0111213439717
  endloop
endfacet
facet normal -0.07854966780723535 0.7975281611329937 -0.5981461208494115
  outer loop
    vertex 4232.400229810526 180.5460901373115 561.0111213439717
    vertex 4231.814958844478 181.98844597852028 563.0111213439719
    vertex 4232.107594327503 182.01726805791557 563.0111213439719
  endloop
endfacet
facet normal 0.07854966780686941 0.7975281611329899 -0.5981461208494644
  outer loop
    vertex 4231.522323361454 182.0172680579155 563.0111213439719
    vertex 4231.814958844478 180.48844597852087 561.0111213439717
    vertex 4231.229687878429 180.54609013731113 561.0111213439717
  endloop
endfacet
facet normal 0.07854966780686941 0.7975281611329899 -0.5981461208494644
  outer loop
    vertex 4231.814958844478 180.48844597852087 561.0111213439717
    vertex 4231.522323361454 182.0172680579155 563.0111213439719
    vertex 4231.814958844478 181.98844597852028 563.0111213439719
  endloop
endfacet
facet normal 0.23263038373847586 0.7668796011594546 -0.5981461208494169
  outer loop
    vertex 4231.24093369593 182.1026266797534 563.0111213439719
    vertex 4231.229687878429 180.54609013731113 561.0111213439717
    vertex 4230.666908547383 180.71680738098732 561.0111213439717
  endloop
endfacet
facet normal 0.23263038373847586 0.7668796011594546 -0.5981461208494169
  outer loop
    vertex 4231.229687878429 180.54609013731113 561.0111213439717
    vertex 4231.24093369593 182.1026266797534 563.0111213439719
    vertex 4231.522323361454 182.0172680579155 563.0111213439719
  endloop
endfacet
facet normal 0.3777712444818291 0.7067602881850651 -0.5981461208494241
  outer loop
    vertex 4230.981603494949 182.2412415600665 563.0111213439719
    vertex 4230.666908547383 180.71680738098732 561.0111213439717
    vertex 4230.1482481454195 180.99403714161315 561.0111213439717
  endloop
endfacet
facet normal 0.3777712444818291 0.7067602881850651 -0.5981461208494241
  outer loop
    vertex 4230.666908547383 180.71680738098732 561.0111213439717
    vertex 4230.981603494949 182.2412415600665 563.0111213439719
    vertex 4231.24093369593 182.1026266797534 563.0111213439719
  endloop
endfacet
facet normal 0.5083945681574127 0.6194805736910456 -0.5981461208496223
  outer loop
    vertex 4230.754298672698 182.42778580674047 563.0111213439719
    vertex 4230.1482481454195 180.99403714161315 561.0111213439717
    vertex 4229.693638500917 181.36712563496096 561.0111213439717
  endloop
endfacet
facet normal 0.5083945681574127 0.6194805736910456 -0.5981461208496223
  outer loop
    vertex 4230.1482481454195 180.99403714161315 561.0111213439717
    vertex 4230.754298672698 182.42778580674047 563.0111213439719
    vertex 4230.981603494949 182.2412415600665 563.0111213439719
  endloop
endfacet
facet normal 0.6194805736905693 0.5083945681578572 -0.5981461208497377
  outer loop
    vertex 4230.567754426024 182.65509062899088 563.0111213439719
    vertex 4229.693638500917 181.36712563496096 561.0111213439717
    vertex 4229.32055000757 181.8217352794619 561.0111213439717
  endloop
endfacet
facet normal 0.6194805736905693 0.5083945681578572 -0.5981461208497377
  outer loop
    vertex 4229.693638500917 181.36712563496096 561.0111213439717
    vertex 4230.567754426024 182.65509062899088 563.0111213439719
    vertex 4230.754298672698 182.42778580674047 563.0111213439719
  endloop
endfacet
facet normal 0.7067602881840569 0.37777124448305394 -0.5981461208498419
  outer loop
    vertex 4230.429139545711 182.91442082997264 563.0111213439719
    vertex 4229.32055000757 181.8217352794619 561.0111213439717
    vertex 4229.043320246943 182.34039568142492 561.0111213439717
  endloop
endfacet
facet normal 0.7067602881840569 0.37777124448305394 -0.5981461208498419
  outer loop
    vertex 4229.32055000757 181.8217352794619 561.0111213439717
    vertex 4230.429139545711 182.91442082997264 563.0111213439719
    vertex 4230.567754426024 182.65509062899088 563.0111213439719
  endloop
endfacet
facet normal 0.7668796011597634 0.23263038373651312 -0.5981461208497848
  outer loop
    vertex 4230.343780923873 183.1958104954961 563.0111213439719
    vertex 4229.043320246943 182.34039568142492 561.0111213439717
    vertex 4228.8726030032685 182.90317501247253 561.0111213439717
  endloop
endfacet
facet normal 0.7668796011597634 0.23263038373651312 -0.5981461208497848
  outer loop
    vertex 4229.043320246943 182.34039568142492 561.0111213439717
    vertex 4230.343780923873 183.1958104954961 563.0111213439719
    vertex 4230.429139545711 182.91442082997264 563.0111213439719
  endloop
endfacet
facet normal 0.7975281611327452 0.0785496678074318 -0.598146120849717
  outer loop
    vertex 4230.3149588444785 183.48844597852028 563.0111213439719
    vertex 4228.8726030032685 182.90317501247253 561.0111213439717
    vertex 4228.814958844477 183.48844597852056 561.0111213439717
  endloop
endfacet
facet normal 0.7975281611327452 0.0785496678074318 -0.598146120849717
  outer loop
    vertex 4228.8726030032685 182.90317501247253 561.0111213439717
    vertex 4230.3149588444785 183.48844597852028 563.0111213439719
    vertex 4230.343780923873 183.1958104954961 563.0111213439719
  endloop
endfacet
facet normal 0.7975281611327356 -0.07854966780737978 -0.5981461208497367
  outer loop
    vertex 4230.343780923873 183.7810814615445 563.0111213439719
    vertex 4228.814958844477 183.48844597852056 561.0111213439717
    vertex 4228.8726030032685 184.07371694456913 561.0111213439717
  endloop
endfacet
facet normal 0.7975281611327356 -0.07854966780737978 -0.5981461208497367
  outer loop
    vertex 4228.814958844477 183.48844597852056 561.0111213439717
    vertex 4230.343780923873 183.7810814615445 563.0111213439719
    vertex 4230.3149588444785 183.48844597852028 563.0111213439719
  endloop
endfacet
facet normal 0.7668796011596464 -0.23263038373678385 -0.5981461208498293
  outer loop
    vertex 4230.429139545711 184.0624711270679 563.0111213439719
    vertex 4228.8726030032685 184.07371694456913 561.0111213439717
    vertex 4229.043320246943 184.63649627561583 561.0111213439717
  endloop
endfacet
facet normal 0.7668796011596464 -0.23263038373678385 -0.5981461208498293
  outer loop
    vertex 4228.8726030032685 184.07371694456913 561.0111213439717
    vertex 4230.429139545711 184.0624711270679 563.0111213439719
    vertex 4230.343780923873 183.7810814615445 563.0111213439719
  endloop
endfacet
facet normal 0.7067602881841673 -0.3777712444827856 -0.5981461208498811
  outer loop
    vertex 4229.32055000757 185.1551566775792 561.0111213439718
    vertex 4230.429139545711 184.0624711270679 563.0111213439719
    vertex 4229.043320246943 184.63649627561583 561.0111213439717
  endloop
endfacet
facet normal 0.7067602881841673 -0.3777712444827856 -0.5981461208498811
  outer loop
    vertex 4230.429139545711 184.0624711270679 563.0111213439719
    vertex 4229.32055000757 185.1551566775792 561.0111213439718
    vertex 4230.567754426024 184.3218013280497 563.011121343972
  endloop
endfacet
facet normal 0.6194805736905189 -0.5083945681578222 -0.5981461208498199
  outer loop
    vertex 4230.754298672698 184.54910615030008 563.011121343972
    vertex 4229.32055000757 185.1551566775792 561.0111213439718
    vertex 4229.693638500917 185.60976632208016 561.0111213439718
  endloop
endfacet
facet normal 0.6194805736905189 -0.5083945681578222 -0.5981461208498199
  outer loop
    vertex 4229.32055000757 185.1551566775792 561.0111213439718
    vertex 4230.754298672698 184.54910615030008 563.011121343972
    vertex 4230.567754426024 184.3218013280497 563.011121343972
  endloop
endfacet
facet normal 0.5083945681574719 -0.6194805736908829 -0.5981461208497405
  outer loop
    vertex 4230.1482481454195 185.98285481542814 561.0111213439718
    vertex 4230.754298672698 184.54910615030008 563.011121343972
    vertex 4229.693638500917 185.60976632208016 561.0111213439718
  endloop
endfacet
facet normal 0.5083945681574719 -0.6194805736908829 -0.5981461208497405
  outer loop
    vertex 4230.754298672698 184.54910615030008 563.011121343972
    vertex 4230.1482481454195 185.98285481542814 561.0111213439718
    vertex 4230.981603494949 184.73565039697408 563.011121343972
  endloop
endfacet
facet normal 0.3777712444826236 -0.7067602881844108 -0.5981461208496955
  outer loop
    vertex 4230.666908547382 186.2600845760545 561.0111213439717
    vertex 4230.981603494949 184.73565039697408 563.011121343972
    vertex 4230.1482481454195 185.98285481542814 561.0111213439718
  endloop
endfacet
facet normal 0.3777712444826236 -0.7067602881844108 -0.5981461208496955
  outer loop
    vertex 4230.981603494949 184.73565039697408 563.011121343972
    vertex 4230.666908547382 186.2600845760545 561.0111213439717
    vertex 4231.24093369593 184.87426527728718 563.0111213439719
  endloop
endfacet
facet normal 0.2326303837382179 -0.7668796011592621 -0.5981461208497642
  outer loop
    vertex 4231.229687878429 186.4308018197305 561.0111213439717
    vertex 4231.24093369593 184.87426527728718 563.0111213439719
    vertex 4230.666908547382 186.2600845760545 561.0111213439717
  endloop
endfacet
facet normal 0.2326303837382179 -0.7668796011592621 -0.5981461208497642
  outer loop
    vertex 4231.24093369593 184.87426527728718 563.0111213439719
    vertex 4231.229687878429 186.4308018197305 561.0111213439717
    vertex 4231.522323361454 184.9596238991251 563.0111213439719
  endloop
endfacet
facet normal 0.0785496678067715 -0.7975281611327883 -0.598146120849746
  outer loop
    vertex 4231.814958844477 186.4884459785208 561.0111213439717
    vertex 4231.522323361454 184.9596238991251 563.0111213439719
    vertex 4231.229687878429 186.4308018197305 561.0111213439717
  endloop
endfacet
facet normal 0.0785496678067715 -0.7975281611327883 -0.598146120849746
  outer loop
    vertex 4231.522323361454 184.9596238991251 563.0111213439719
    vertex 4231.814958844477 186.4884459785208 561.0111213439717
    vertex 4231.814958844478 184.9884459785203 563.0111213439719
  endloop
endfacet
facet normal -0.07854966780652985 -0.7975281611328309 -0.5981461208497213
  outer loop
    vertex 4232.400229810525 186.4308018197307 561.0111213439717
    vertex 4231.814958844478 184.9884459785203 563.0111213439719
    vertex 4231.814958844477 186.4884459785208 561.0111213439717
  endloop
endfacet
facet normal -0.07854966780652985 -0.7975281611328309 -0.5981461208497213
  outer loop
    vertex 4231.814958844478 184.9884459785203 563.0111213439719
    vertex 4232.400229810525 186.4308018197307 561.0111213439717
    vertex 4232.107594327502 184.95962389912518 563.0111213439719
  endloop
endfacet
facet normal -0.2326303837381969 -0.7668796011593316 -0.5981461208496833
  outer loop
    vertex 4232.400229810525 186.4308018197307 561.0111213439717
    vertex 4232.388983993025 184.87426527728726 563.0111213439719
    vertex 4232.107594327502 184.95962389912518 563.0111213439719
  endloop
endfacet
facet normal -0.2326303837381969 -0.7668796011593316 -0.5981461208496833
  outer loop
    vertex 4232.388983993025 184.87426527728726 563.0111213439719
    vertex 4232.400229810525 186.4308018197307 561.0111213439717
    vertex 4232.963009141573 186.2600845760545 561.0111213439717
  endloop
endfacet
facet normal -0.0785496678072467 0.7975281611328264 -0.5981461208496328
  outer loop
    vertex 4232.107594327502 202.01726805791546 563.011121343972
    vertex 4231.814958844478 200.48844597851985 561.0111213439716
    vertex 4231.814958844478 201.98844597852022 563.011121343972
  endloop
endfacet
facet normal -0.0785496678072467 0.7975281611328264 -0.5981461208496328
  outer loop
    vertex 4231.814958844478 200.48844597851985 561.0111213439716
    vertex 4232.107594327502 202.01726805791546 563.011121343972
    vertex 4232.400229810525 200.54609013731047 561.0111213439716
  endloop
endfacet
facet normal -0.2326303837374128 0.7668796011596098 -0.5981461208496314
  outer loop
    vertex 4232.388983993025 202.10262667975337 563.011121343972
    vertex 4232.400229810525 200.54609013731047 561.0111213439716
    vertex 4232.107594327502 202.01726805791546 563.011121343972
  endloop
endfacet
facet normal -0.2326303837374128 0.7668796011596098 -0.5981461208496314
  outer loop
    vertex 4232.400229810525 200.54609013731047 561.0111213439716
    vertex 4232.388983993025 202.10262667975337 563.011121343972
    vertex 4232.963009141575 200.7168073809863 561.0111213439716
  endloop
endfacet
facet normal -0.3777712444823272 0.7067602881845456 -0.5981461208497232
  outer loop
    vertex 4232.648314194007 202.24124156006644 563.011121343972
    vertex 4232.963009141575 200.7168073809863 561.0111213439716
    vertex 4232.388983993025 202.10262667975337 563.011121343972
  endloop
endfacet
facet normal -0.3777712444823272 0.7067602881845456 -0.5981461208497232
  outer loop
    vertex 4232.963009141575 200.7168073809863 561.0111213439716
    vertex 4232.648314194007 202.24124156006644 563.011121343972
    vertex 4233.4816695435375 200.9940371416123 561.0111213439716
  endloop
endfacet
facet normal -0.5083945681578185 0.619480573690553 -0.5981461208497876
  outer loop
    vertex 4232.875619016258 202.42778580674045 563.011121343972
    vertex 4233.4816695435375 200.9940371416123 561.0111213439716
    vertex 4232.648314194007 202.24124156006644 563.011121343972
  endloop
endfacet
facet normal -0.5083945681578185 0.619480573690553 -0.5981461208497876
  outer loop
    vertex 4233.4816695435375 200.9940371416123 561.0111213439716
    vertex 4232.875619016258 202.42778580674045 563.011121343972
    vertex 4233.9362791880385 201.3671256349601 561.0111213439716
  endloop
endfacet
facet normal -0.6194805736904311 0.508394568157914 -0.5981461208498328
  outer loop
    vertex 4232.875619016258 202.42778580674045 563.011121343972
    vertex 4234.309367681387 201.82173527946142 561.0111213439716
    vertex 4233.9362791880385 201.3671256349601 561.0111213439716
  endloop
endfacet
facet normal -0.6194805736904311 0.508394568157914 -0.5981461208498328
  outer loop
    vertex 4234.309367681387 201.82173527946142 561.0111213439716
    vertex 4232.875619016258 202.42778580674045 563.011121343972
    vertex 4233.062163262932 202.65509062899082 563.011121343972
  endloop
endfacet
facet normal -0.7067602881852318 0.3777712444811194 -0.5981461208496753
  outer loop
    vertex 4233.062163262932 202.65509062899082 563.011121343972
    vertex 4234.586597442011 202.3403956814246 561.0111213439716
    vertex 4234.309367681387 201.82173527946142 561.0111213439716
  endloop
endfacet
facet normal -0.7067602881852318 0.3777712444811194 -0.5981461208496753
  outer loop
    vertex 4234.586597442011 202.3403956814246 561.0111213439716
    vertex 4233.062163262932 202.65509062899082 563.011121343972
    vertex 4233.200778143244 202.9144208299726 563.011121343972
  endloop
endfacet
facet normal -0.7668796011593152 0.2326303837385239 -0.598146120849577
  outer loop
    vertex 4233.200778143244 202.9144208299726 563.011121343972
    vertex 4234.757314685688 202.90317501247168 561.0111213439716
    vertex 4234.586597442011 202.3403956814246 561.0111213439716
  endloop
endfacet
facet normal -0.7668796011593152 0.2326303837385239 -0.598146120849577
  outer loop
    vertex 4234.757314685688 202.90317501247168 561.0111213439716
    vertex 4233.200778143244 202.9144208299726 563.011121343972
    vertex 4233.286136765083 203.19581049549606 563.011121343972
  endloop
endfacet
facet normal -0.7975281611328218 0.07854966780704589 -0.5981461208496653
  outer loop
    vertex 4233.286136765083 203.19581049549606 563.011121343972
    vertex 4234.8149588444785 203.4884459785197 561.0111213439716
    vertex 4234.757314685688 202.90317501247168 561.0111213439716
  endloop
endfacet
facet normal -0.7975281611328218 0.07854966780704589 -0.5981461208496653
  outer loop
    vertex 4234.8149588444785 203.4884459785197 561.0111213439716
    vertex 4233.286136765083 203.19581049549606 563.011121343972
    vertex 4233.314958844478 203.48844597852025 563.011121343972
  endloop
endfacet
facet normal -0.7975281611328439 -0.07854966780690004 -0.5981461208496555
  outer loop
    vertex 4233.314958844478 203.48844597852025 563.011121343972
    vertex 4234.757314685688 204.07371694456918 561.0111213439716
    vertex 4234.8149588444785 203.4884459785197 561.0111213439716
  endloop
endfacet
facet normal -0.7975281611328439 -0.07854966780690004 -0.5981461208496555
  outer loop
    vertex 4234.757314685688 204.07371694456918 561.0111213439716
    vertex 4233.314958844478 203.48844597852025 563.011121343972
    vertex 4233.286136765083 203.78108146154443 563.011121343972
  endloop
endfacet
facet normal -0.7668796011592137 -0.2326303837389173 -0.5981461208495541
  outer loop
    vertex 4233.286136765083 203.78108146154443 563.011121343972
    vertex 4234.586597442011 204.63649627561497 561.0111213439716
    vertex 4234.757314685688 204.07371694456918 561.0111213439716
  endloop
endfacet
facet normal -0.7668796011592137 -0.2326303837389173 -0.5981461208495541
  outer loop
    vertex 4234.586597442011 204.63649627561497 561.0111213439716
    vertex 4233.286136765083 203.78108146154443 563.011121343972
    vertex 4233.200778143244 204.06247112706788 563.011121343972
  endloop
endfacet
facet normal -0.7067602881860496 -0.37777124447949917 -0.5981461208497324
  outer loop
    vertex 4233.200778143244 204.06247112706788 563.011121343972
    vertex 4234.309367681388 205.15515667757998 561.0111213439717
    vertex 4234.586597442011 204.63649627561497 561.0111213439716
  endloop
endfacet
facet normal -0.7067602881860496 -0.37777124447949917 -0.5981461208497324
  outer loop
    vertex 4234.309367681388 205.15515667757998 561.0111213439717
    vertex 4233.200778143244 204.06247112706788 563.011121343972
    vertex 4233.062163262932 204.32180132804967 563.0111213439721
  endloop
endfacet
facet normal -0.6194805736891031 -0.5083945681594927 -0.5981461208498662
  outer loop
    vertex 4233.062163262932 204.32180132804967 563.0111213439721
    vertex 4233.9362791880385 205.6097663220793 561.0111213439717
    vertex 4234.309367681388 205.15515667757998 561.0111213439717
  endloop
endfacet
facet normal -0.6194805736891031 -0.5083945681594927 -0.5981461208498662
  outer loop
    vertex 4233.9362791880385 205.6097663220793 561.0111213439717
    vertex 4233.062163262932 204.32180132804967 563.0111213439721
    vertex 4232.875619016258 204.54910615030005 563.0111213439721
  endloop
endfacet
facet normal -0.5083945681583574 -0.6194805736902568 -0.5981461208496363
  outer loop
    vertex 4233.4816695435375 205.98285481542783 561.0111213439717
    vertex 4232.875619016258 204.54910615030005 563.0111213439721
    vertex 4232.648314194007 204.73565039697402 563.0111213439721
  endloop
endfacet
facet normal -0.5083945681583574 -0.6194805736902568 -0.5981461208496363
  outer loop
    vertex 4232.875619016258 204.54910615030005 563.0111213439721
    vertex 4233.4816695435375 205.98285481542783 561.0111213439717
    vertex 4233.9362791880385 205.6097663220793 561.0111213439717
  endloop
endfacet
facet normal -0.23263038373669168 -0.7668796011598358 -0.5981461208496223
  outer loop
    vertex 4232.400229810525 206.43080181972965 561.0111213439717
    vertex 4232.388983993025 204.87426527728712 563.0111213439721
    vertex 4232.107594327502 204.95962389912503 563.0111213439721
  endloop
endfacet
facet normal -0.23263038373669168 -0.7668796011598358 -0.5981461208496223
  outer loop
    vertex 4232.388983993025 204.87426527728712 563.0111213439721
    vertex 4232.400229810525 206.43080181972965 561.0111213439717
    vertex 4232.963009141575 206.26008457605457 561.0111213439717
  endloop
endfacet
facet normal -0.3777712444829395 -0.7067602881842256 -0.5981461208497149
  outer loop
    vertex 4232.963009141575 206.26008457605457 561.0111213439717
    vertex 4232.648314194007 204.73565039697402 563.0111213439721
    vertex 4232.388983993025 204.87426527728712 563.0111213439721
  endloop
endfacet
facet normal -0.3777712444829395 -0.7067602881842256 -0.5981461208497149
  outer loop
    vertex 4232.648314194007 204.73565039697402 563.0111213439721
    vertex 4232.963009141575 206.26008457605457 561.0111213439717
    vertex 4233.4816695435375 205.98285481542783 561.0111213439717
  endloop
endfacet
facet normal -0.07854966780764007 -0.7975281611328294 -0.5981461208495773
  outer loop
    vertex 4232.400229810525 206.43080181972965 561.0111213439717
    vertex 4231.814958844478 204.98844597852028 563.0111213439721
    vertex 4231.814958844478 206.48844597852064 561.0111213439717
  endloop
endfacet
facet normal -0.07854966780764007 -0.7975281611328294 -0.5981461208495773
  outer loop
    vertex 4231.814958844478 204.98844597852028 563.0111213439721
    vertex 4232.400229810525 206.43080181972965 561.0111213439717
    vertex 4232.107594327502 204.95962389912503 563.0111213439721
  endloop
endfacet
facet normal 0.07854966780771763 -0.7975281611328287 -0.5981461208495683
  outer loop
    vertex 4231.814958844478 206.48844597852064 561.0111213439717
    vertex 4231.522323361454 204.95962389912503 563.0111213439721
    vertex 4231.22968787843 206.43080181972965 561.0111213439717
  endloop
endfacet
facet normal 0.07854966780771763 -0.7975281611328287 -0.5981461208495683
  outer loop
    vertex 4231.522323361454 204.95962389912503 563.0111213439721
    vertex 4231.814958844478 206.48844597852064 561.0111213439717
    vertex 4231.814958844478 204.98844597852028 563.0111213439721
  endloop
endfacet
facet normal 0.2326303837372655 -0.7668796011597563 -0.5981461208495008
  outer loop
    vertex 4231.22968787843 206.43080181972965 561.0111213439717
    vertex 4231.24093369593 204.87426527728712 563.0111213439721
    vertex 4230.666908547384 206.26008457605457 561.0111213439717
  endloop
endfacet
facet normal 0.2326303837372655 -0.7668796011597563 -0.5981461208495008
  outer loop
    vertex 4231.24093369593 204.87426527728712 563.0111213439721
    vertex 4231.22968787843 206.43080181972965 561.0111213439717
    vertex 4231.522323361454 204.95962389912503 563.0111213439721
  endloop
endfacet
facet normal 0.37777124448277893 -0.7067602881845152 -0.5981461208494739
  outer loop
    vertex 4230.666908547384 206.26008457605457 561.0111213439717
    vertex 4230.981603494949 204.73565039697402 563.0111213439721
    vertex 4230.14824814542 205.98285481542783 561.0111213439717
  endloop
endfacet
facet normal 0.37777124448277893 -0.7067602881845152 -0.5981461208494739
  outer loop
    vertex 4230.981603494949 204.73565039697402 563.0111213439721
    vertex 4230.666908547384 206.26008457605457 561.0111213439717
    vertex 4231.24093369593 204.87426527728712 563.0111213439721
  endloop
endfacet
facet normal 0.5083945681585933 -0.6194805736903478 -0.5981461208493415
  outer loop
    vertex 4230.14824814542 205.98285481542783 561.0111213439717
    vertex 4230.754298672698 204.54910615030005 563.0111213439721
    vertex 4229.693638500919 205.6097663220793 561.0111213439717
  endloop
endfacet
facet normal 0.5083945681585933 -0.6194805736903478 -0.5981461208493415
  outer loop
    vertex 4230.754298672698 204.54910615030005 563.0111213439721
    vertex 4230.14824814542 205.98285481542783 561.0111213439717
    vertex 4230.981603494949 204.73565039697402 563.0111213439721
  endloop
endfacet
facet normal 0.6194805736896424 -0.5083945681593427 -0.5981461208494353
  outer loop
    vertex 4230.754298672698 204.54910615030005 563.0111213439721
    vertex 4229.320550007571 205.15515667757998 561.0111213439717
    vertex 4229.693638500919 205.6097663220793 561.0111213439717
  endloop
endfacet
facet normal 0.6194805736896424 -0.5083945681593427 -0.5981461208494353
  outer loop
    vertex 4229.320550007571 205.15515667757998 561.0111213439717
    vertex 4230.754298672698 204.54910615030005 563.0111213439721
    vertex 4230.567754426024 204.32180132804967 563.0111213439721
  endloop
endfacet
facet normal 0.7067602881851743 -0.3777712444815906 -0.5981461208494456
  outer loop
    vertex 4229.320550007571 205.15515667757998 561.0111213439717
    vertex 4230.429139545711 204.06247112706788 563.011121343972
    vertex 4229.043320246945 204.63649627561497 561.0111213439716
  endloop
endfacet
facet normal 0.7067602881851743 -0.3777712444815906 -0.5981461208494456
  outer loop
    vertex 4230.429139545711 204.06247112706788 563.011121343972
    vertex 4229.320550007571 205.15515667757998 561.0111213439717
    vertex 4230.567754426024 204.32180132804967 563.0111213439721
  endloop
endfacet
facet normal 0.7668796011589951 -0.2326303837396381 -0.5981461208495541
  outer loop
    vertex 4230.429139545711 204.06247112706788 563.011121343972
    vertex 4228.872603003268 204.07371694456918 561.0111213439716
    vertex 4229.043320246945 204.63649627561497 561.0111213439716
  endloop
endfacet
facet normal 0.7668796011589951 -0.2326303837396381 -0.5981461208495541
  outer loop
    vertex 4228.872603003268 204.07371694456918 561.0111213439716
    vertex 4230.429139545711 204.06247112706788 563.011121343972
    vertex 4230.343780923873 203.78108146154443 563.011121343972
  endloop
endfacet
facet normal 0.7975281611329933 -0.07854966780573433 -0.5981461208496092
  outer loop
    vertex 4230.343780923873 203.78108146154443 563.011121343972
    vertex 4228.8149588444785 203.4884459785197 561.0111213439716
    vertex 4228.872603003268 204.07371694456918 561.0111213439716
  endloop
endfacet
facet normal 0.7975281611329933 -0.07854966780573433 -0.5981461208496092
  outer loop
    vertex 4228.8149588444785 203.4884459785197 561.0111213439716
    vertex 4230.343780923873 203.78108146154443 563.011121343972
    vertex 4230.3149588444785 203.48844597852025 563.011121343972
  endloop
endfacet
facet normal 0.7975281611329714 0.07854966780588016 -0.5981461208496193
  outer loop
    vertex 4230.3149588444785 203.48844597852025 563.011121343972
    vertex 4228.872603003268 202.90317501247168 561.0111213439716
    vertex 4228.8149588444785 203.4884459785197 561.0111213439716
  endloop
endfacet
facet normal 0.7975281611329714 0.07854966780588016 -0.5981461208496193
  outer loop
    vertex 4228.872603003268 202.90317501247168 561.0111213439716
    vertex 4230.3149588444785 203.48844597852025 563.011121343972
    vertex 4230.343780923873 203.19581049549606 563.011121343972
  endloop
endfacet
facet normal 0.7668796011590968 0.2326303837392443 -0.5981461208495769
  outer loop
    vertex 4230.343780923873 203.19581049549606 563.011121343972
    vertex 4229.043320246945 202.3403956814246 561.0111213439716
    vertex 4228.872603003268 202.90317501247168 561.0111213439716
  endloop
endfacet
facet normal 0.7668796011590968 0.2326303837392443 -0.5981461208495769
  outer loop
    vertex 4229.043320246945 202.3403956814246 561.0111213439716
    vertex 4230.343780923873 203.19581049549606 563.011121343972
    vertex 4230.429139545711 202.9144208299726 563.011121343972
  endloop
endfacet
facet normal 0.7067602881846855 0.3777712444824984 -0.59814612084945
  outer loop
    vertex 4230.429139545711 202.9144208299726 563.011121343972
    vertex 4229.320550007571 201.82173527946142 561.0111213439716
    vertex 4229.043320246945 202.3403956814246 561.0111213439716
  endloop
endfacet
facet normal 0.7067602881846855 0.3777712444824984 -0.59814612084945
  outer loop
    vertex 4229.320550007571 201.82173527946142 561.0111213439716
    vertex 4230.429139545711 202.9144208299726 563.011121343972
    vertex 4230.567754426024 202.65509062899082 563.011121343972
  endloop
endfacet
facet normal 0.6194805736905051 0.5083945681582668 -0.5981461208494563
  outer loop
    vertex 4230.567754426024 202.65509062899082 563.011121343972
    vertex 4229.693638500919 201.3671256349601 561.0111213439716
    vertex 4229.320550007571 201.82173527946142 561.0111213439716
  endloop
endfacet
facet normal 0.6194805736905051 0.5083945681582668 -0.5981461208494563
  outer loop
    vertex 4229.693638500919 201.3671256349601 561.0111213439716
    vertex 4230.567754426024 202.65509062899082 563.011121343972
    vertex 4230.754298672698 202.42778580674045 563.011121343972
  endloop
endfacet
facet normal 0.5083945681580544 0.6194805736906442 -0.5981461208494927
  outer loop
    vertex 4230.754298672698 202.42778580674045 563.011121343972
    vertex 4230.14824814542 200.9940371416123 561.0111213439716
    vertex 4229.693638500919 201.3671256349601 561.0111213439716
  endloop
endfacet
facet normal 0.5083945681580544 0.6194805736906442 -0.5981461208494927
  outer loop
    vertex 4230.14824814542 200.9940371416123 561.0111213439716
    vertex 4230.754298672698 202.42778580674045 563.011121343972
    vertex 4230.981603494949 202.24124156006644 563.011121343972
  endloop
endfacet
facet normal 0.37777124448216676 0.7067602881848354 -0.5981461208494825
  outer loop
    vertex 4230.981603494949 202.24124156006644 563.011121343972
    vertex 4230.666908547384 200.7168073809863 561.0111213439716
    vertex 4230.14824814542 200.9940371416123 561.0111213439716
  endloop
endfacet
facet normal 0.37777124448216676 0.7067602881848354 -0.5981461208494825
  outer loop
    vertex 4230.666908547384 200.7168073809863 561.0111213439716
    vertex 4230.981603494949 202.24124156006644 563.011121343972
    vertex 4231.24093369593 202.10262667975337 563.011121343972
  endloop
endfacet
facet normal 0.23263038373798625 0.7668796011595306 -0.59814612084951
  outer loop
    vertex 4231.24093369593 202.10262667975337 563.011121343972
    vertex 4231.22968787843 200.54609013731047 561.0111213439716
    vertex 4230.666908547384 200.7168073809863 561.0111213439716
  endloop
endfacet
facet normal 0.23263038373798625 0.7668796011595306 -0.59814612084951
  outer loop
    vertex 4231.22968787843 200.54609013731047 561.0111213439716
    vertex 4231.24093369593 202.10262667975337 563.011121343972
    vertex 4231.522323361454 202.01726805791546 563.011121343972
  endloop
endfacet
facet normal 0.07854966780732452 0.7975281611328258 -0.5981461208496238
  outer loop
    vertex 4231.522323361454 202.01726805791546 563.011121343972
    vertex 4231.814958844478 200.48844597851985 561.0111213439716
    vertex 4231.22968787843 200.54609013731047 561.0111213439716
  endloop
endfacet
facet normal 0.07854966780732452 0.7975281611328258 -0.5981461208496238
  outer loop
    vertex 4231.814958844478 200.48844597851985 561.0111213439716
    vertex 4231.522323361454 202.01726805791546 563.011121343972
    vertex 4231.814958844478 201.98844597852022 563.011121343972
  endloop
endfacet
facet normal 0.09801714032953947 0.9951847266721989 -1.5462696284404518e-14
  outer loop
    vertex 4231.814958844478 180.48844597852087 561.0111213439717
    vertex 4231.22968787843 180.54609013731212 560.0111213439718
    vertex 4231.229687878429 180.54609013731113 561.0111213439717
  endloop
endfacet
facet normal 0.09801714032953947 0.9951847266721989 -1.5462696284404518e-14
  outer loop
    vertex 4231.22968787843 180.54609013731212 560.0111213439718
    vertex 4231.814958844478 180.48844597852087 561.0111213439717
    vertex 4231.814958844478 180.48844597852187 560.0111213439718
  endloop
endfacet
facet normal -0.09801714033002759 0.9951847266721509 -1.444136678888667e-14
  outer loop
    vertex 4232.400229810526 180.5460901373115 561.0111213439717
    vertex 4231.814958844478 180.48844597852187 560.0111213439718
    vertex 4231.814958844478 180.48844597852087 561.0111213439717
  endloop
endfacet
facet normal -0.09801714033002759 0.9951847266721509 -1.444136678888667e-14
  outer loop
    vertex 4231.814958844478 180.48844597852187 560.0111213439718
    vertex 4232.400229810526 180.5460901373115 561.0111213439717
    vertex 4232.400229810527 180.5460901373125 560.0111213439718
  endloop
endfacet
facet normal -0.29028467725446244 0.9569403357322088 -1.2865063666489752e-14
  outer loop
    vertex 4232.963009141573 180.71680738098732 561.0111213439717
    vertex 4232.400229810527 180.5460901373125 560.0111213439718
    vertex 4232.400229810526 180.5460901373115 561.0111213439717
  endloop
endfacet
facet normal -0.29028467725446244 0.9569403357322088 -1.2865063666489752e-14
  outer loop
    vertex 4232.400229810527 180.5460901373125 560.0111213439718
    vertex 4232.963009141573 180.71680738098732 561.0111213439717
    vertex 4232.963009141574 180.7168073809883 560.0111213439718
  endloop
endfacet
facet normal -0.4713967368259665 0.8819212643483717 -1.0794363362197745e-14
  outer loop
    vertex 4233.481669543537 180.99403714161315 561.0111213439717
    vertex 4232.963009141574 180.7168073809883 560.0111213439718
    vertex 4232.963009141573 180.71680738098732 561.0111213439717
  endloop
endfacet
facet normal -0.4713967368259665 0.8819212643483717 -1.0794363362197745e-14
  outer loop
    vertex 4232.963009141574 180.7168073809883 560.0111213439718
    vertex 4233.481669543537 180.99403714161315 561.0111213439717
    vertex 4233.481669543537 180.99403714161414 560.0111213439718
  endloop
endfacet
facet normal -0.6343932841639812 0.7730104533624615 -8.308841727438498e-15
  outer loop
    vertex 4233.936279188036 181.36712563496113 561.0111213439717
    vertex 4233.481669543537 180.99403714161414 560.0111213439718
    vertex 4233.481669543537 180.99403714161315 561.0111213439717
  endloop
endfacet
facet normal -0.6343932841639812 0.7730104533624615 -8.308841727438498e-15
  outer loop
    vertex 4233.481669543537 180.99403714161414 560.0111213439718
    vertex 4233.936279188036 181.36712563496113 561.0111213439717
    vertex 4233.936279188037 181.36712563496212 560.0111213439718
  endloop
endfacet
facet normal -0.7730104533626815 0.634393284163713 -5.5040159647591755e-15
  outer loop
    vertex 4233.936279188036 181.36712563496113 561.0111213439717
    vertex 4234.309367681385 181.82173527946307 560.0111213439718
    vertex 4233.936279188037 181.36712563496212 560.0111213439718
  endloop
endfacet
facet normal -0.7730104533626815 0.634393284163713 -5.5040159647591755e-15
  outer loop
    vertex 4234.309367681385 181.82173527946307 560.0111213439718
    vertex 4233.936279188036 181.36712563496113 561.0111213439717
    vertex 4234.309367681384 181.82173527946208 561.0111213439717
  endloop
endfacet
facet normal -0.881921264348143 0.4713967368263945 -2.4876739552404954e-15
  outer loop
    vertex 4234.309367681384 181.82173527946208 561.0111213439717
    vertex 4234.586597442011 182.340395681427 560.0111213439718
    vertex 4234.309367681385 181.82173527946307 560.0111213439718
  endloop
endfacet
facet normal -0.881921264348143 0.4713967368263945 -2.4876739552404954e-15
  outer loop
    vertex 4234.586597442011 182.340395681427 560.0111213439718
    vertex 4234.309367681384 181.82173527946208 561.0111213439717
    vertex 4234.586597442011 182.340395681426 561.0111213439717
  endloop
endfacet
facet normal -0.9569403357319868 0.2902846772551951 6.242679692748428e-16
  outer loop
    vertex 4234.586597442011 182.340395681426 561.0111213439717
    vertex 4234.7573146856885 182.90317501247353 560.0111213439718
    vertex 4234.586597442011 182.340395681427 560.0111213439718
  endloop
endfacet
facet normal -0.9569403357319868 0.2902846772551951 6.242679692748428e-16
  outer loop
    vertex 4234.7573146856885 182.90317501247353 560.0111213439718
    vertex 4234.586597442011 182.340395681426 561.0111213439717
    vertex 4234.757314685688 182.90317501247253 561.0111213439717
  endloop
endfacet
facet normal -0.9951847266722319 0.09801714032920562 3.712219625846772e-15
  outer loop
    vertex 4234.757314685688 182.90317501247253 561.0111213439717
    vertex 4234.814958844478 183.48844597852172 560.0111213439718
    vertex 4234.7573146856885 182.90317501247353 560.0111213439718
  endloop
endfacet
facet normal -0.9951847266722319 0.09801714032920562 3.712219625846772e-15
  outer loop
    vertex 4234.814958844478 183.48844597852172 560.0111213439718
    vertex 4234.757314685688 182.90317501247253 561.0111213439717
    vertex 4234.814958844478 183.48844597852073 561.0111213439717
  endloop
endfacet
facet normal -0.9951847266722348 -0.09801714032917566 6.657512764005589e-15
  outer loop
    vertex 4234.814958844478 183.48844597852073 561.0111213439717
    vertex 4234.7573146856885 184.07371694457012 560.0111213439718
    vertex 4234.814958844478 183.48844597852172 560.0111213439718
  endloop
endfacet
facet normal -0.9951847266722348 -0.09801714032917566 6.657512764005589e-15
  outer loop
    vertex 4234.7573146856885 184.07371694457012 560.0111213439718
    vertex 4234.814958844478 183.48844597852073 561.0111213439717
    vertex 4234.757314685688 184.07371694456913 561.0111213439717
  endloop
endfacet
facet normal -0.9569403357320642 -0.2902846772549393 9.346961420242728e-15
  outer loop
    vertex 4234.757314685688 184.07371694456913 561.0111213439717
    vertex 4234.586597442011 184.63649627561716 560.0111213439718
    vertex 4234.7573146856885 184.07371694457012 560.0111213439718
  endloop
endfacet
facet normal -0.9569403357320642 -0.2902846772549393 9.346961420242728e-15
  outer loop
    vertex 4234.586597442011 184.63649627561716 560.0111213439718
    vertex 4234.757314685688 184.07371694456913 561.0111213439717
    vertex 4234.586597442011 184.63649627561617 561.0111213439717
  endloop
endfacet
facet normal -0.8819212643478702 -0.47139673682690475 1.1677211590929233e-14
  outer loop
    vertex 4234.586597442011 184.63649627561617 561.0111213439717
    vertex 4234.309367681385 185.15515667758038 560.0111213439719
    vertex 4234.586597442011 184.63649627561716 560.0111213439718
  endloop
endfacet
facet normal -0.8819212643478702 -0.47139673682690475 1.1677211590929233e-14
  outer loop
    vertex 4234.309367681385 185.15515667758038 560.0111213439719
    vertex 4234.586597442011 184.63649627561617 561.0111213439717
    vertex 4234.309367681384 185.15515667757938 561.0111213439718
  endloop
endfacet
facet normal -0.7730104533626815 -0.634393284163713 1.3558713068817391e-14
  outer loop
    vertex 4234.309367681384 185.15515667757938 561.0111213439718
    vertex 4233.936279188037 185.60976632208133 560.0111213439719
    vertex 4234.309367681385 185.15515667758038 560.0111213439719
  endloop
endfacet
facet normal -0.7730104533626815 -0.634393284163713 1.3558713068817391e-14
  outer loop
    vertex 4233.936279188037 185.60976632208133 560.0111213439719
    vertex 4234.309367681384 185.15515667757938 561.0111213439718
    vertex 4233.936279188036 185.60976632208033 561.0111213439718
  endloop
endfacet
facet normal -0.6343932841637977 -0.773010453362612 1.4919160807293383e-14
  outer loop
    vertex 4233.481669543537 185.98285481542914 560.0111213439719
    vertex 4233.936279188036 185.60976632208033 561.0111213439718
    vertex 4233.481669543537 185.98285481542814 561.0111213439718
  endloop
endfacet
facet normal -0.6343932841637977 -0.773010453362612 1.4919160807293383e-14
  outer loop
    vertex 4233.936279188036 185.60976632208033 561.0111213439718
    vertex 4233.481669543537 185.98285481542914 560.0111213439719
    vertex 4233.936279188037 185.60976632208133 560.0111213439719
  endloop
endfacet
facet normal -0.4713967368264274 -0.8819212643481253 1.5706273562708502e-14
  outer loop
    vertex 4232.963009141573 186.2600845760555 560.0111213439718
    vertex 4233.481669543537 185.98285481542814 561.0111213439718
    vertex 4232.963009141573 186.2600845760545 561.0111213439717
  endloop
endfacet
facet normal -0.4713967368264274 -0.8819212643481253 1.5706273562708502e-14
  outer loop
    vertex 4233.481669543537 185.98285481542814 561.0111213439718
    vertex 4232.963009141573 186.2600845760555 560.0111213439718
    vertex 4233.481669543537 185.98285481542914 560.0111213439719
  endloop
endfacet
facet normal -0.2902846772550245 -0.9569403357320383 1.588980303329008e-14
  outer loop
    vertex 4232.400229810526 186.4308018197317 560.0111213439718
    vertex 4232.963009141573 186.2600845760545 561.0111213439717
    vertex 4232.400229810525 186.4308018197307 561.0111213439717
  endloop
endfacet
facet normal -0.2902846772550245 -0.9569403357320383 1.588980303329008e-14
  outer loop
    vertex 4232.963009141573 186.2600845760545 561.0111213439717
    vertex 4232.400229810526 186.4308018197317 560.0111213439718
    vertex 4232.963009141573 186.2600845760555 560.0111213439718
  endloop
endfacet
facet normal -0.09801714032911582 -0.9951847266722408 1.546269628440294e-14
  outer loop
    vertex 4231.814958844478 186.48844597852175 560.0111213439718
    vertex 4232.400229810525 186.4308018197307 561.0111213439717
    vertex 4231.814958844477 186.4884459785208 561.0111213439717
  endloop
endfacet
facet normal -0.09801714032911582 -0.9951847266722408 1.546269628440294e-14
  outer loop
    vertex 4232.400229810525 186.4308018197307 561.0111213439717
    vertex 4231.814958844478 186.48844597852175 560.0111213439718
    vertex 4232.400229810526 186.4308018197317 560.0111213439718
  endloop
endfacet
facet normal 0.09801714032941973 -0.9951847266722108 1.4441366788890737e-14
  outer loop
    vertex 4231.229687878429 186.4308018197315 560.0111213439718
    vertex 4231.814958844477 186.4884459785208 561.0111213439717
    vertex 4231.229687878429 186.4308018197305 561.0111213439717
  endloop
endfacet
facet normal 0.09801714032941973 -0.9951847266722108 1.4441366788890737e-14
  outer loop
    vertex 4231.814958844477 186.4884459785208 561.0111213439717
    vertex 4231.229687878429 186.4308018197315 560.0111213439718
    vertex 4231.814958844478 186.48844597852175 560.0111213439718
  endloop
endfacet
facet normal 0.2902846772550845 -0.9569403357320202 1.2865063666483675e-14
  outer loop
    vertex 4230.666908547382 186.2600845760555 560.0111213439718
    vertex 4231.229687878429 186.4308018197305 561.0111213439717
    vertex 4230.666908547382 186.2600845760545 561.0111213439717
  endloop
endfacet
facet normal 0.2902846772550845 -0.9569403357320202 1.2865063666483675e-14
  outer loop
    vertex 4231.229687878429 186.4308018197305 561.0111213439717
    vertex 4230.666908547382 186.2600845760555 560.0111213439718
    vertex 4231.229687878429 186.4308018197315 560.0111213439718
  endloop
endfacet
facet normal 0.4713967368264274 -0.8819212643481253 1.0794363362191642e-14
  outer loop
    vertex 4230.1482481454195 185.98285481542914 560.0111213439719
    vertex 4230.666908547382 186.2600845760545 561.0111213439717
    vertex 4230.1482481454195 185.98285481542814 561.0111213439718
  endloop
endfacet
facet normal 0.4713967368264274 -0.8819212643481253 1.0794363362191642e-14
  outer loop
    vertex 4230.666908547382 186.2600845760545 561.0111213439717
    vertex 4230.1482481454195 185.98285481542914 560.0111213439719
    vertex 4230.666908547382 186.2600845760555 560.0111213439718
  endloop
endfacet
facet normal 0.6343932841627772 -0.7730104533634495 8.308841727459615e-15
  outer loop
    vertex 4229.693638500918 185.60976632208116 560.0111213439719
    vertex 4230.1482481454195 185.98285481542814 561.0111213439718
    vertex 4229.693638500917 185.60976632208016 561.0111213439718
  endloop
endfacet
facet normal 0.6343932841627772 -0.7730104533634495 8.308841727459615e-15
  outer loop
    vertex 4230.1482481454195 185.98285481542814 561.0111213439718
    vertex 4229.693638500918 185.60976632208116 560.0111213439719
    vertex 4230.1482481454195 185.98285481542914 560.0111213439719
  endloop
endfacet
facet normal 0.7730104533629825 -0.6343932841633463 5.504015964752096e-15
  outer loop
    vertex 4229.693638500917 185.60976632208016 561.0111213439718
    vertex 4229.32055000757 185.15515667758018 560.0111213439719
    vertex 4229.693638500918 185.60976632208116 560.0111213439719
  endloop
endfacet
facet normal 0.7730104533629825 -0.6343932841633463 5.504015964752096e-15
  outer loop
    vertex 4229.32055000757 185.15515667758018 560.0111213439719
    vertex 4229.693638500917 185.60976632208016 561.0111213439718
    vertex 4229.32055000757 185.1551566775792 561.0111213439718
  endloop
endfacet
facet normal 0.8819212643479384 -0.4713967368267772 2.4876739552473116e-15
  outer loop
    vertex 4229.32055000757 185.15515667758018 560.0111213439719
    vertex 4229.043320246943 184.63649627561583 561.0111213439717
    vertex 4229.043320246943 184.63649627561682 560.0111213439718
  endloop
endfacet
facet normal 0.8819212643479384 -0.4713967368267772 2.4876739552473116e-15
  outer loop
    vertex 4229.043320246943 184.63649627561583 561.0111213439717
    vertex 4229.32055000757 185.15515667758018 560.0111213439719
    vertex 4229.32055000757 185.1551566775792 561.0111213439718
  endloop
endfacet
facet normal 0.9569403357326944 -0.2902846772528616 -6.242679693135892e-16
  outer loop
    vertex 4229.043320246943 184.63649627561583 561.0111213439717
    vertex 4228.8726030032685 184.07371694457012 560.0111213439718
    vertex 4229.043320246943 184.63649627561682 560.0111213439718
  endloop
endfacet
facet normal 0.9569403357326944 -0.2902846772528616 -6.242679693135892e-16
  outer loop
    vertex 4228.8726030032685 184.07371694457012 560.0111213439718
    vertex 4229.043320246943 184.63649627561583 561.0111213439717
    vertex 4228.8726030032685 184.07371694456913 561.0111213439717
  endloop
endfacet
facet normal 0.9951847266721181 -0.09801714033036149 -3.712219625828813e-15
  outer loop
    vertex 4228.8726030032685 184.07371694456913 561.0111213439717
    vertex 4228.814958844478 183.48844597852155 560.0111213439718
    vertex 4228.8726030032685 184.07371694457012 560.0111213439718
  endloop
endfacet
facet normal 0.9951847266721181 -0.09801714033036149 -3.712219625828813e-15
  outer loop
    vertex 4228.814958844478 183.48844597852155 560.0111213439718
    vertex 4228.8726030032685 184.07371694456913 561.0111213439717
    vertex 4228.814958844477 183.48844597852056 561.0111213439717
  endloop
endfacet
facet normal 0.9951847266721092 0.09801714033045128 -6.657512764024101e-15
  outer loop
    vertex 4228.814958844477 183.48844597852056 561.0111213439717
    vertex 4228.8726030032685 182.90317501247353 560.0111213439718
    vertex 4228.814958844478 183.48844597852155 560.0111213439718
  endloop
endfacet
facet normal 0.9951847266721092 0.09801714033045128 -6.657512764024101e-15
  outer loop
    vertex 4228.8726030032685 182.90317501247353 560.0111213439718
    vertex 4228.814958844477 183.48844597852056 561.0111213439717
    vertex 4228.8726030032685 182.90317501247253 561.0111213439717
  endloop
endfacet
facet normal 0.9569403357328238 0.29028467725243534 -9.346961420209064e-15
  outer loop
    vertex 4228.8726030032685 182.90317501247253 561.0111213439717
    vertex 4229.043320246943 182.34039568142592 560.0111213439718
    vertex 4228.8726030032685 182.90317501247353 560.0111213439718
  endloop
endfacet
facet normal 0.9569403357328238 0.29028467725243534 -9.346961420209064e-15
  outer loop
    vertex 4229.043320246943 182.34039568142592 560.0111213439718
    vertex 4228.8726030032685 182.90317501247253 561.0111213439717
    vertex 4229.043320246943 182.34039568142492 561.0111213439717
  endloop
endfacet
facet normal 0.8819212643478019 0.4713967368270323 -1.1677211590930792e-14
  outer loop
    vertex 4229.043320246943 182.34039568142492 561.0111213439717
    vertex 4229.32055000757 181.8217352794629 560.0111213439718
    vertex 4229.043320246943 182.34039568142592 560.0111213439718
  endloop
endfacet
facet normal 0.8819212643478019 0.4713967368270323 -1.1677211590930792e-14
  outer loop
    vertex 4229.32055000757 181.8217352794629 560.0111213439718
    vertex 4229.043320246943 182.34039568142492 561.0111213439717
    vertex 4229.32055000757 181.8217352794619 561.0111213439717
  endloop
endfacet
facet normal 0.7730104533629825 0.6343932841633463 -1.3558713068813447e-14
  outer loop
    vertex 4229.32055000757 181.8217352794619 561.0111213439717
    vertex 4229.693638500918 181.36712563496195 560.0111213439718
    vertex 4229.32055000757 181.8217352794629 560.0111213439718
  endloop
endfacet
facet normal 0.7730104533629825 0.6343932841633463 -1.3558713068813447e-14
  outer loop
    vertex 4229.693638500918 181.36712563496195 560.0111213439718
    vertex 4229.32055000757 181.8217352794619 561.0111213439717
    vertex 4229.693638500917 181.36712563496096 561.0111213439717
  endloop
endfacet
facet normal 0.6343932841625939 0.7730104533636001 -1.4919160807301956e-14
  outer loop
    vertex 4230.1482481454195 180.99403714161315 561.0111213439717
    vertex 4229.693638500918 181.36712563496195 560.0111213439718
    vertex 4229.693638500917 181.36712563496096 561.0111213439717
  endloop
endfacet
facet normal 0.6343932841625939 0.7730104533636001 -1.4919160807301956e-14
  outer loop
    vertex 4229.693638500918 181.36712563496195 560.0111213439718
    vertex 4230.1482481454195 180.99403714161315 561.0111213439717
    vertex 4230.1482481454195 180.99403714161414 560.0111213439718
  endloop
endfacet
facet normal 0.4713967368249458 0.8819212643489173 -1.5706273562712683e-14
  outer loop
    vertex 4230.666908547383 180.71680738098732 561.0111213439717
    vertex 4230.1482481454195 180.99403714161414 560.0111213439718
    vertex 4230.1482481454195 180.99403714161315 561.0111213439717
  endloop
endfacet
facet normal 0.4713967368249458 0.8819212643489173 -1.5706273562712683e-14
  outer loop
    vertex 4230.1482481454195 180.99403714161414 560.0111213439718
    vertex 4230.666908547383 180.71680738098732 561.0111213439717
    vertex 4230.666908547384 180.7168073809883 560.0111213439718
  endloop
endfacet
facet normal 0.29028467725536555 0.956940335731935 -1.588980303329031e-14
  outer loop
    vertex 4231.229687878429 180.54609013731113 561.0111213439717
    vertex 4230.666908547384 180.7168073809883 560.0111213439718
    vertex 4230.666908547383 180.71680738098732 561.0111213439717
  endloop
endfacet
facet normal 0.29028467725536555 0.956940335731935 -1.588980303329031e-14
  outer loop
    vertex 4230.666908547384 180.7168073809883 560.0111213439718
    vertex 4231.229687878429 180.54609013731113 561.0111213439717
    vertex 4231.22968787843 180.54609013731212 560.0111213439718
  endloop
endfacet
facet normal -0.09801714032993551 -0.9951847266721601 1.5462696284406e-14
  outer loop
    vertex 4211.814958844479 206.48844597852192 560.0111213439718
    vertex 4212.400229810527 206.4308018197304 561.0111213439717
    vertex 4211.8149588444785 206.48844597852093 561.0111213439717
  endloop
endfacet
facet normal -0.09801714032993551 -0.9951847266721601 1.5462696284406e-14
  outer loop
    vertex 4212.400229810527 206.4308018197304 561.0111213439717
    vertex 4211.814958844479 206.48844597852192 560.0111213439718
    vertex 4212.400229810528 206.43080181973139 560.0111213439718
  endloop
endfacet
facet normal 0.09801714032987564 -0.995184726672166 1.4441366788887688e-14
  outer loop
    vertex 4211.22968787843 206.43080181973139 560.0111213439718
    vertex 4211.8149588444785 206.48844597852093 561.0111213439717
    vertex 4211.22968787843 206.4308018197304 561.0111213439717
  endloop
endfacet
facet normal 0.09801714032987564 -0.995184726672166 1.4441366788887688e-14
  outer loop
    vertex 4211.8149588444785 206.48844597852093 561.0111213439717
    vertex 4211.22968787843 206.43080181973139 560.0111213439718
    vertex 4211.814958844479 206.48844597852192 560.0111213439718
  endloop
endfacet
facet normal 0.29028467725466295 -0.956940335732148 1.2865063666487791e-14
  outer loop
    vertex 4210.666908547384 206.26008457605565 560.0111213439718
    vertex 4211.22968787843 206.4308018197304 561.0111213439717
    vertex 4210.666908547384 206.26008457605465 561.0111213439717
  endloop
endfacet
facet normal 0.29028467725466295 -0.956940335732148 1.2865063666487791e-14
  outer loop
    vertex 4211.22968787843 206.4308018197304 561.0111213439717
    vertex 4210.666908547384 206.26008457605565 560.0111213439718
    vertex 4211.22968787843 206.43080181973139 560.0111213439718
  endloop
endfacet
facet normal 0.47139673682564537 -0.8819212643485432 1.0794363362201995e-14
  outer loop
    vertex 4210.1482481454195 205.98285481542908 560.0111213439718
    vertex 4210.666908547384 206.26008457605465 561.0111213439717
    vertex 4210.1482481454195 205.98285481542808 561.0111213439717
  endloop
endfacet
facet normal 0.47139673682564537 -0.8819212643485432 1.0794363362201995e-14
  outer loop
    vertex 4210.666908547384 206.26008457605465 561.0111213439717
    vertex 4210.1482481454195 205.98285481542908 560.0111213439718
    vertex 4210.666908547384 206.26008457605565 560.0111213439718
  endloop
endfacet
facet normal 0.6343932841639154 -0.7730104533625154 8.308841727439651e-15
  outer loop
    vertex 4209.69363850092 205.60976632208147 560.0111213439718
    vertex 4210.1482481454195 205.98285481542808 561.0111213439717
    vertex 4209.693638500919 205.60976632208047 561.0111213439717
  endloop
endfacet
facet normal 0.6343932841639154 -0.7730104533625154 8.308841727439651e-15
  outer loop
    vertex 4210.1482481454195 205.98285481542808 561.0111213439717
    vertex 4209.69363850092 205.60976632208147 560.0111213439718
    vertex 4210.1482481454195 205.98285481542908 560.0111213439718
  endloop
endfacet
facet normal 0.7730104533623188 -0.6343932841641551 5.504015964767706e-15
  outer loop
    vertex 4209.693638500919 205.60976632208047 561.0111213439717
    vertex 4209.320550007571 205.1551566775806 560.0111213439718
    vertex 4209.69363850092 205.60976632208147 560.0111213439718
  endloop
endfacet
facet normal 0.7730104533623188 -0.6343932841641551 5.504015964767706e-15
  outer loop
    vertex 4209.320550007571 205.1551566775806 560.0111213439718
    vertex 4209.693638500919 205.60976632208047 561.0111213439717
    vertex 4209.320550007571 205.1551566775796 561.0111213439717
  endloop
endfacet
facet normal 0.8819212643487556 -0.47139673682524835 2.487673955220084e-15
  outer loop
    vertex 4209.320550007571 205.1551566775806 560.0111213439718
    vertex 4209.043320246945 204.63649627561543 561.0111213439716
    vertex 4209.043320246945 204.63649627561642 560.0111213439717
  endloop
endfacet
facet normal 0.8819212643487556 -0.47139673682524835 2.487673955220084e-15
  outer loop
    vertex 4209.043320246945 204.63649627561543 561.0111213439716
    vertex 4209.320550007571 205.1551566775806 560.0111213439718
    vertex 4209.320550007571 205.1551566775796 561.0111213439717
  endloop
endfacet
facet normal 0.956940335731935 -0.29028467725536555 -6.242679692720123e-16
  outer loop
    vertex 4209.043320246945 204.63649627561543 561.0111213439716
    vertex 4208.872603003269 204.07371694457026 560.0111213439717
    vertex 4209.043320246945 204.63649627561642 560.0111213439717
  endloop
endfacet
facet normal 0.956940335731935 -0.29028467725536555 -6.242679692720123e-16
  outer loop
    vertex 4208.872603003269 204.07371694457026 560.0111213439717
    vertex 4209.043320246945 204.63649627561543 561.0111213439716
    vertex 4208.8726030032685 204.07371694456927 561.0111213439716
  endloop
endfacet
facet normal 0.9951847266722348 -0.09801714032917566 -3.712219625847237e-15
  outer loop
    vertex 4208.8726030032685 204.07371694456927 561.0111213439716
    vertex 4208.8149588444785 203.48844597852187 560.0111213439717
    vertex 4208.872603003269 204.07371694457026 560.0111213439717
  endloop
endfacet
facet normal 0.9951847266722348 -0.09801714032917566 -3.712219625847237e-15
  outer loop
    vertex 4208.8149588444785 203.48844597852187 560.0111213439717
    vertex 4208.8726030032685 204.07371694456927 561.0111213439716
    vertex 4208.8149588444785 203.48844597852087 561.0111213439716
  endloop
endfacet
facet normal 0.9951847266722305 0.09801714032922058 -6.657512764006242e-15
  outer loop
    vertex 4208.8149588444785 203.48844597852087 561.0111213439716
    vertex 4208.872603003269 202.90317501247375 560.0111213439717
    vertex 4208.8149588444785 203.48844597852187 560.0111213439717
  endloop
endfacet
facet normal 0.9951847266722305 0.09801714032922058 -6.657512764006242e-15
  outer loop
    vertex 4208.872603003269 202.90317501247375 560.0111213439717
    vertex 4208.8149588444785 203.48844597852087 561.0111213439716
    vertex 4208.8726030032685 202.90317501247276 561.0111213439716
  endloop
endfacet
facet normal 0.9569403357321288 0.2902846772547261 -9.346961420239863e-15
  outer loop
    vertex 4208.8726030032685 202.90317501247276 561.0111213439716
    vertex 4209.043320246945 202.34039568142623 560.0111213439717
    vertex 4208.872603003269 202.90317501247375 560.0111213439717
  endloop
endfacet
facet normal 0.9569403357321288 0.2902846772547261 -9.346961420239863e-15
  outer loop
    vertex 4209.043320246945 202.34039568142623 560.0111213439717
    vertex 4208.8726030032685 202.90317501247276 561.0111213439716
    vertex 4209.043320246945 202.34039568142524 561.0111213439716
  endloop
endfacet
facet normal 0.8819212643484147 0.47139673682588623 -1.1677211590916766e-14
  outer loop
    vertex 4209.043320246945 202.34039568142524 561.0111213439716
    vertex 4209.320550007571 201.82173527946296 560.0111213439717
    vertex 4209.043320246945 202.34039568142623 560.0111213439717
  endloop
endfacet
facet normal 0.8819212643484147 0.47139673682588623 -1.1677211590916766e-14
  outer loop
    vertex 4209.320550007571 201.82173527946296 560.0111213439717
    vertex 4209.043320246945 202.34039568142524 561.0111213439716
    vertex 4209.320550007571 201.82173527946196 561.0111213439716
  endloop
endfacet
facet normal 0.7730104533630984 0.6343932841632053 -1.3558713068811935e-14
  outer loop
    vertex 4209.320550007571 201.82173527946196 561.0111213439716
    vertex 4209.6936385009185 201.36712563496226 560.0111213439717
    vertex 4209.320550007571 201.82173527946296 560.0111213439717
  endloop
endfacet
facet normal 0.7730104533630984 0.6343932841632053 -1.3558713068811935e-14
  outer loop
    vertex 4209.6936385009185 201.36712563496226 560.0111213439717
    vertex 4209.320550007571 201.82173527946196 561.0111213439716
    vertex 4209.6936385009185 201.36712563496127 561.0111213439716
  endloop
endfacet
facet normal 0.6343932841641127 0.7730104533623535 -1.491916080729114e-14
  outer loop
    vertex 4210.1482481454195 200.99403714161258 561.0111213439716
    vertex 4209.6936385009185 201.36712563496226 560.0111213439717
    vertex 4209.6936385009185 201.36712563496127 561.0111213439716
  endloop
endfacet
facet normal 0.6343932841641127 0.7730104533623535 -1.491916080729114e-14
  outer loop
    vertex 4209.6936385009185 201.36712563496226 560.0111213439717
    vertex 4210.1482481454195 200.99403714161258 561.0111213439716
    vertex 4210.1482481454195 200.99403714161357 560.0111213439717
  endloop
endfacet
facet normal 0.47139673682385524 0.8819212643495001 -1.5706273562715757e-14
  outer loop
    vertex 4210.666908547384 200.71680738098738 561.0111213439716
    vertex 4210.1482481454195 200.99403714161357 560.0111213439717
    vertex 4210.1482481454195 200.99403714161258 561.0111213439716
  endloop
endfacet
facet normal 0.47139673682385524 0.8819212643495001 -1.5706273562715757e-14
  outer loop
    vertex 4210.1482481454195 200.99403714161357 560.0111213439717
    vertex 4210.666908547384 200.71680738098738 561.0111213439716
    vertex 4210.666908547384 200.71680738098837 560.0111213439717
  endloop
endfacet
facet normal 0.29028467725564655 0.9569403357318498 -1.5889803033290492e-14
  outer loop
    vertex 4211.22968787843 200.546090137311 561.0111213439716
    vertex 4210.666908547384 200.71680738098837 560.0111213439717
    vertex 4210.666908547384 200.71680738098738 561.0111213439716
  endloop
endfacet
facet normal 0.29028467725564655 0.9569403357318498 -1.5889803033290492e-14
  outer loop
    vertex 4210.666908547384 200.71680738098837 560.0111213439717
    vertex 4211.22968787843 200.546090137311 561.0111213439716
    vertex 4211.22968787843 200.546090137312 560.0111213439717
  endloop
endfacet
facet normal 0.09801714032896383 0.9951847266722557 -1.5462696284402372e-14
  outer loop
    vertex 4211.8149588444785 200.488445978521 561.0111213439716
    vertex 4211.22968787843 200.546090137312 560.0111213439717
    vertex 4211.22968787843 200.546090137311 561.0111213439716
  endloop
endfacet
facet normal 0.09801714032896383 0.9951847266722557 -1.5462696284402372e-14
  outer loop
    vertex 4211.22968787843 200.546090137312 560.0111213439717
    vertex 4211.8149588444785 200.488445978521 561.0111213439716
    vertex 4211.814958844479 200.488445978522 560.0111213439717
  endloop
endfacet
facet normal -0.0980171403290237 0.9951847266722498 -1.4441366788893387e-14
  outer loop
    vertex 4212.400229810527 200.546090137311 561.0111213439716
    vertex 4211.814958844479 200.488445978522 560.0111213439717
    vertex 4211.8149588444785 200.488445978521 561.0111213439716
  endloop
endfacet
facet normal -0.0980171403290237 0.9951847266722498 -1.4441366788893387e-14
  outer loop
    vertex 4211.814958844479 200.488445978522 560.0111213439717
    vertex 4212.400229810527 200.546090137311 561.0111213439716
    vertex 4212.400229810528 200.546090137312 560.0111213439717
  endloop
endfacet
facet normal -0.29028467725530555 0.9569403357319531 -1.2865063666481516e-14
  outer loop
    vertex 4212.963009141574 200.71680738098738 561.0111213439716
    vertex 4212.400229810528 200.546090137312 560.0111213439717
    vertex 4212.400229810527 200.546090137311 561.0111213439716
  endloop
endfacet
facet normal -0.29028467725530555 0.9569403357319531 -1.2865063666481516e-14
  outer loop
    vertex 4212.400229810528 200.546090137312 560.0111213439717
    vertex 4212.963009141574 200.71680738098738 561.0111213439716
    vertex 4212.963009141575 200.71680738098837 560.0111213439717
  endloop
endfacet
facet normal -0.47139673682487593 0.8819212643489546 -1.0794363362212184e-14
  outer loop
    vertex 4213.4816695435375 200.99403714161258 561.0111213439716
    vertex 4212.963009141575 200.71680738098837 560.0111213439717
    vertex 4212.963009141574 200.71680738098738 561.0111213439716
  endloop
endfacet
facet normal -0.47139673682487593 0.8819212643489546 -1.0794363362212184e-14
  outer loop
    vertex 4212.963009141575 200.71680738098837 560.0111213439717
    vertex 4213.4816695435375 200.99403714161258 561.0111213439716
    vertex 4213.481669543538 200.99403714161357 560.0111213439717
  endloop
endfacet
facet normal -0.6343932841641127 0.7730104533623535 -8.30884172743619e-15
  outer loop
    vertex 4213.9362791880385 201.36712563496127 561.0111213439716
    vertex 4213.481669543538 200.99403714161357 560.0111213439717
    vertex 4213.4816695435375 200.99403714161258 561.0111213439716
  endloop
endfacet
facet normal -0.6343932841641127 0.7730104533623535 -8.30884172743619e-15
  outer loop
    vertex 4213.481669543538 200.99403714161357 560.0111213439717
    vertex 4213.9362791880385 201.36712563496127 561.0111213439716
    vertex 4213.936279188039 201.36712563496226 560.0111213439717
  endloop
endfacet
facet normal -0.7730104533627973 0.634393284163572 -5.504015964756454e-15
  outer loop
    vertex 4213.9362791880385 201.36712563496127 561.0111213439716
    vertex 4214.309367681387 201.82173527946296 560.0111213439717
    vertex 4213.936279188039 201.36712563496226 560.0111213439717
  endloop
endfacet
facet normal -0.7730104533627973 0.634393284163572 -5.504015964756454e-15
  outer loop
    vertex 4214.309367681387 201.82173527946296 560.0111213439717
    vertex 4213.9362791880385 201.36712563496127 561.0111213439716
    vertex 4214.309367681386 201.82173527946196 561.0111213439716
  endloop
endfacet
facet normal -0.8819212643481594 0.47139673682636357 -2.487673955239946e-15
  outer loop
    vertex 4214.309367681386 201.82173527946196 561.0111213439716
    vertex 4214.586597442013 202.34039568142623 560.0111213439717
    vertex 4214.309367681387 201.82173527946296 560.0111213439717
  endloop
endfacet
facet normal -0.8819212643481594 0.47139673682636357 -2.487673955239946e-15
  outer loop
    vertex 4214.586597442013 202.34039568142623 560.0111213439717
    vertex 4214.309367681386 201.82173527946196 561.0111213439716
    vertex 4214.586597442012 202.34039568142524 561.0111213439716
  endloop
endfacet
facet normal -0.9569403357322994 0.2902846772541641 6.242679692919606e-16
  outer loop
    vertex 4214.586597442012 202.34039568142524 561.0111213439716
    vertex 4214.757314685689 202.90317501247375 560.0111213439717
    vertex 4214.586597442013 202.34039568142623 560.0111213439717
  endloop
endfacet
facet normal -0.9569403357322994 0.2902846772541641 6.242679692919606e-16
  outer loop
    vertex 4214.757314685689 202.90317501247375 560.0111213439717
    vertex 4214.586597442012 202.34039568142524 561.0111213439716
    vertex 4214.7573146856885 202.90317501247276 561.0111213439716
  endloop
endfacet
facet normal -0.9951847266723503 0.09801714032800486 3.7122196258654296e-15
  outer loop
    vertex 4214.7573146856885 202.90317501247276 561.0111213439716
    vertex 4214.8149588444785 203.48844597852187 560.0111213439717
    vertex 4214.757314685689 202.90317501247375 560.0111213439717
  endloop
endfacet
facet normal -0.9951847266723503 0.09801714032800486 3.7122196258654296e-15
  outer loop
    vertex 4214.8149588444785 203.48844597852187 560.0111213439717
    vertex 4214.7573146856885 202.90317501247276 561.0111213439716
    vertex 4214.8149588444785 203.48844597852087 561.0111213439716
  endloop
endfacet
facet normal -0.9951847266723547 -0.09801714032795995 6.657512763987948e-15
  outer loop
    vertex 4214.8149588444785 203.48844597852087 561.0111213439716
    vertex 4214.757314685689 204.07371694457026 560.0111213439717
    vertex 4214.8149588444785 203.48844597852187 560.0111213439717
  endloop
endfacet
facet normal -0.9951847266723547 -0.09801714032795995 6.657512763987948e-15
  outer loop
    vertex 4214.757314685689 204.07371694457026 560.0111213439717
    vertex 4214.8149588444785 203.48844597852087 561.0111213439716
    vertex 4214.7573146856885 204.07371694456927 561.0111213439716
  endloop
endfacet
facet normal -0.9569403357321054 -0.29028467725480345 9.346961420240901e-15
  outer loop
    vertex 4214.7573146856885 204.07371694456927 561.0111213439716
    vertex 4214.586597442013 204.63649627561642 560.0111213439717
    vertex 4214.757314685689 204.07371694457026 560.0111213439717
  endloop
endfacet
facet normal -0.9569403357321054 -0.29028467725480345 9.346961420240901e-15
  outer loop
    vertex 4214.586597442013 204.63649627561642 560.0111213439717
    vertex 4214.7573146856885 204.07371694456927 561.0111213439716
    vertex 4214.586597442012 204.63649627561543 561.0111213439716
  endloop
endfacet
facet normal -0.8819212643485005 -0.47139673682572575 1.1677211590914802e-14
  outer loop
    vertex 4214.586597442012 204.63649627561543 561.0111213439716
    vertex 4214.309367681387 205.1551566775806 560.0111213439718
    vertex 4214.586597442013 204.63649627561642 560.0111213439717
  endloop
endfacet
facet normal -0.8819212643485005 -0.47139673682572575 1.1677211590914802e-14
  outer loop
    vertex 4214.309367681387 205.1551566775806 560.0111213439718
    vertex 4214.586597442012 204.63649627561543 561.0111213439716
    vertex 4214.309367681386 205.1551566775796 561.0111213439717
  endloop
endfacet
facet normal -0.7730104533629207 -0.6343932841634216 1.3558713068814258e-14
  outer loop
    vertex 4214.309367681386 205.1551566775796 561.0111213439717
    vertex 4213.936279188039 205.60976632208147 560.0111213439718
    vertex 4214.309367681387 205.1551566775806 560.0111213439718
  endloop
endfacet
facet normal -0.7730104533629207 -0.6343932841634216 1.3558713068814258e-14
  outer loop
    vertex 4213.936279188039 205.60976632208147 560.0111213439718
    vertex 4214.309367681386 205.1551566775796 561.0111213439717
    vertex 4213.9362791880385 205.60976632208047 561.0111213439717
  endloop
endfacet
facet normal -0.6343932841630123 -0.7730104533632565 1.4919160807298974e-14
  outer loop
    vertex 4213.481669543538 205.98285481542908 560.0111213439718
    vertex 4213.9362791880385 205.60976632208047 561.0111213439717
    vertex 4213.4816695435375 205.98285481542808 561.0111213439717
  endloop
endfacet
facet normal -0.6343932841630123 -0.7730104533632565 1.4919160807298974e-14
  outer loop
    vertex 4213.9362791880385 205.60976632208047 561.0111213439717
    vertex 4213.481669543538 205.98285481542908 560.0111213439718
    vertex 4213.936279188039 205.60976632208147 560.0111213439718
  endloop
endfacet
facet normal -0.47139673682666616 -0.8819212643479979 1.570627356270783e-14
  outer loop
    vertex 4212.963009141575 206.26008457605565 560.0111213439718
    vertex 4213.4816695435375 205.98285481542808 561.0111213439717
    vertex 4212.963009141574 206.26008457605465 561.0111213439717
  endloop
endfacet
facet normal -0.47139673682666616 -0.8819212643479979 1.570627356270783e-14
  outer loop
    vertex 4213.4816695435375 205.98285481542808 561.0111213439717
    vertex 4212.963009141575 206.26008457605565 560.0111213439718
    vertex 4213.481669543538 205.98285481542908 560.0111213439718
  endloop
endfacet
facet normal -0.29028467725432194 -0.9569403357322515 1.5889803033289627e-14
  outer loop
    vertex 4212.400229810528 206.43080181973139 560.0111213439718
    vertex 4212.963009141574 206.26008457605465 561.0111213439717
    vertex 4212.400229810527 206.4308018197304 561.0111213439717
  endloop
endfacet
facet normal -0.29028467725432194 -0.9569403357322515 1.5889803033289627e-14
  outer loop
    vertex 4212.963009141574 206.26008457605465 561.0111213439717
    vertex 4212.400229810528 206.43080181973139 560.0111213439718
    vertex 4212.963009141575 206.26008457605565 560.0111213439718
  endloop
endfacet
facet normal 0.29028467725463303 0.9569403357321572 -1.588980303328983e-14
  outer loop
    vertex 4231.22968787843 200.54609013731047 561.0111213439716
    vertex 4230.666908547385 200.7168073809873 560.0111213439717
    vertex 4230.666908547384 200.7168073809863 561.0111213439716
  endloop
endfacet
facet normal 0.29028467725463303 0.9569403357321572 -1.588980303328983e-14
  outer loop
    vertex 4230.666908547385 200.7168073809873 560.0111213439717
    vertex 4231.22968787843 200.54609013731047 561.0111213439716
    vertex 4231.229687878431 200.54609013731147 560.0111213439717
  endloop
endfacet
facet normal 0.09801714033026708 0.9951847266721273 -1.5462696284407235e-14
  outer loop
    vertex 4231.814958844478 200.48844597851985 561.0111213439716
    vertex 4231.229687878431 200.54609013731147 560.0111213439717
    vertex 4231.22968787843 200.54609013731047 561.0111213439716
  endloop
endfacet
facet normal 0.09801714033026708 0.9951847266721273 -1.5462696284407235e-14
  outer loop
    vertex 4231.229687878431 200.54609013731147 560.0111213439717
    vertex 4231.814958844478 200.48844597851985 561.0111213439716
    vertex 4231.8149588444785 200.48844597852084 560.0111213439717
  endloop
endfacet
facet normal -0.09801714033014736 0.9951847266721392 -1.444136678888587e-14
  outer loop
    vertex 4232.400229810525 200.54609013731047 561.0111213439716
    vertex 4231.8149588444785 200.48844597852084 560.0111213439717
    vertex 4231.814958844478 200.48844597851985 561.0111213439716
  endloop
endfacet
facet normal -0.09801714033014736 0.9951847266721392 -1.444136678888587e-14
  outer loop
    vertex 4231.8149588444785 200.48844597852084 560.0111213439717
    vertex 4232.400229810525 200.54609013731047 561.0111213439716
    vertex 4232.400229810526 200.54609013731147 560.0111213439717
  endloop
endfacet
facet normal -0.2902846772537805 0.9569403357324158 -1.2865063666496412e-14
  outer loop
    vertex 4232.963009141575 200.7168073809863 561.0111213439716
    vertex 4232.400229810526 200.54609013731147 560.0111213439717
    vertex 4232.400229810525 200.54609013731047 561.0111213439716
  endloop
endfacet
facet normal -0.2902846772537805 0.9569403357324158 -1.2865063666496412e-14
  outer loop
    vertex 4232.400229810526 200.54609013731147 560.0111213439717
    vertex 4232.963009141575 200.7168073809863 561.0111213439716
    vertex 4232.963009141575 200.7168073809873 560.0111213439717
  endloop
endfacet
facet normal -0.47139673682595 0.8819212643483805 -1.0794363362197963e-14
  outer loop
    vertex 4233.4816695435375 200.9940371416123 561.0111213439716
    vertex 4232.963009141575 200.7168073809873 560.0111213439717
    vertex 4232.963009141575 200.7168073809863 561.0111213439716
  endloop
endfacet
facet normal -0.47139673682595 0.8819212643483805 -1.0794363362197963e-14
  outer loop
    vertex 4232.963009141575 200.7168073809873 560.0111213439717
    vertex 4233.4816695435375 200.9940371416123 561.0111213439716
    vertex 4233.4816695435375 200.9940371416133 560.0111213439717
  endloop
endfacet
facet normal -0.6343932841631958 0.7730104533631061 -8.308841727452273e-15
  outer loop
    vertex 4233.9362791880385 201.3671256349601 561.0111213439716
    vertex 4233.4816695435375 200.9940371416133 560.0111213439717
    vertex 4233.4816695435375 200.9940371416123 561.0111213439716
  endloop
endfacet
facet normal -0.6343932841631958 0.7730104533631061 -8.308841727452273e-15
  outer loop
    vertex 4233.4816695435375 200.9940371416133 560.0111213439717
    vertex 4233.9362791880385 201.3671256349601 561.0111213439716
    vertex 4233.9362791880385 201.3671256349611 560.0111213439717
  endloop
endfacet
facet normal -0.7730104533629286 0.6343932841634121 -5.504015964753366e-15
  outer loop
    vertex 4233.9362791880385 201.3671256349601 561.0111213439716
    vertex 4234.309367681388 201.82173527946242 560.0111213439717
    vertex 4233.9362791880385 201.3671256349611 560.0111213439717
  endloop
endfacet
facet normal -0.7730104533629286 0.6343932841634121 -5.504015964753366e-15
  outer loop
    vertex 4234.309367681388 201.82173527946242 560.0111213439717
    vertex 4233.9362791880385 201.3671256349601 561.0111213439716
    vertex 4234.309367681387 201.82173527946142 561.0111213439716
  endloop
endfacet
facet normal -0.8819212643494012 0.47139673682404054 -2.487673955198574e-15
  outer loop
    vertex 4234.309367681387 201.82173527946142 561.0111213439716
    vertex 4234.586597442011 202.3403956814256 560.0111213439717
    vertex 4234.309367681388 201.82173527946242 560.0111213439717
  endloop
endfacet
facet normal -0.8819212643494012 0.47139673682404054 -2.487673955198574e-15
  outer loop
    vertex 4234.586597442011 202.3403956814256 560.0111213439717
    vertex 4234.309367681387 201.82173527946142 561.0111213439716
    vertex 4234.586597442011 202.3403956814246 561.0111213439716
  endloop
endfacet
facet normal -0.9569403357318939 0.2902846772555014 6.242679692697567e-16
  outer loop
    vertex 4234.586597442011 202.3403956814246 561.0111213439716
    vertex 4234.7573146856885 202.90317501247267 560.0111213439717
    vertex 4234.586597442011 202.3403956814256 560.0111213439717
  endloop
endfacet
facet normal -0.9569403357318939 0.2902846772555014 6.242679692697567e-16
  outer loop
    vertex 4234.7573146856885 202.90317501247267 560.0111213439717
    vertex 4234.586597442011 202.3403956814246 561.0111213439716
    vertex 4234.757314685688 202.90317501247168 561.0111213439716
  endloop
endfacet
facet normal -0.9951847266721692 0.09801714032984342 3.7122196258368626e-15
  outer loop
    vertex 4234.757314685688 202.90317501247168 561.0111213439716
    vertex 4234.8149588444785 203.4884459785207 560.0111213439717
    vertex 4234.7573146856885 202.90317501247267 560.0111213439717
  endloop
endfacet
facet normal -0.9951847266721692 0.09801714032984342 3.7122196258368626e-15
  outer loop
    vertex 4234.8149588444785 203.4884459785207 560.0111213439717
    vertex 4234.757314685688 202.90317501247168 561.0111213439716
    vertex 4234.8149588444785 203.4884459785197 561.0111213439716
  endloop
endfacet
facet normal -0.9951847266721927 -0.09801714032960394 6.657512764011806e-15
  outer loop
    vertex 4234.8149588444785 203.4884459785197 561.0111213439716
    vertex 4234.7573146856885 204.07371694457018 560.0111213439717
    vertex 4234.8149588444785 203.4884459785207 560.0111213439717
  endloop
endfacet
facet normal -0.9951847266721927 -0.09801714032960394 6.657512764011806e-15
  outer loop
    vertex 4234.7573146856885 204.07371694457018 560.0111213439717
    vertex 4234.8149588444785 203.4884459785197 561.0111213439716
    vertex 4234.757314685688 204.07371694456918 561.0111213439716
  endloop
endfacet
facet normal -0.9569403357317128 -0.2902846772560981 9.346961420258307e-15
  outer loop
    vertex 4234.757314685688 204.07371694456918 561.0111213439716
    vertex 4234.586597442011 204.63649627561597 560.0111213439717
    vertex 4234.7573146856885 204.07371694457018 560.0111213439717
  endloop
endfacet
facet normal -0.9569403357317128 -0.2902846772560981 9.346961420258307e-15
  outer loop
    vertex 4234.586597442011 204.63649627561597 560.0111213439717
    vertex 4234.757314685688 204.07371694456918 561.0111213439716
    vertex 4234.586597442011 204.63649627561497 561.0111213439716
  endloop
endfacet
facet normal -0.8819212643505934 -0.47139673682180994 1.1677211590866875e-14
  outer loop
    vertex 4234.586597442011 204.63649627561497 561.0111213439716
    vertex 4234.309367681388 205.15515667758098 560.0111213439718
    vertex 4234.586597442011 204.63649627561597 560.0111213439717
  endloop
endfacet
facet normal -0.8819212643505934 -0.47139673682180994 1.1677211590866875e-14
  outer loop
    vertex 4234.309367681388 205.15515667758098 560.0111213439718
    vertex 4234.586597442011 204.63649627561497 561.0111213439716
    vertex 4234.309367681388 205.15515667757998 561.0111213439717
  endloop
endfacet
facet normal -0.773010453360968 -0.6343932841658009 1.3558713068839833e-14
  outer loop
    vertex 4234.309367681388 205.15515667757998 561.0111213439717
    vertex 4233.9362791880385 205.6097663220803 560.0111213439718
    vertex 4234.309367681388 205.15515667758098 560.0111213439718
  endloop
endfacet
facet normal -0.773010453360968 -0.6343932841658009 1.3558713068839833e-14
  outer loop
    vertex 4233.9362791880385 205.6097663220803 560.0111213439718
    vertex 4234.309367681388 205.15515667757998 561.0111213439717
    vertex 4233.9362791880385 205.6097663220793 561.0111213439717
  endloop
endfacet
facet normal -0.6343932841639293 -0.7730104533625041 1.4919160807292445e-14
  outer loop
    vertex 4233.4816695435375 205.98285481542882 560.0111213439718
    vertex 4233.9362791880385 205.6097663220793 561.0111213439717
    vertex 4233.4816695435375 205.98285481542783 561.0111213439717
  endloop
endfacet
facet normal -0.6343932841639293 -0.7730104533625041 1.4919160807292445e-14
  outer loop
    vertex 4233.9362791880385 205.6097663220793 561.0111213439717
    vertex 4233.4816695435375 205.98285481542882 560.0111213439718
    vertex 4233.9362791880385 205.6097663220803 560.0111213439718
  endloop
endfacet
facet normal -0.47139673682690475 -0.8819212643478702 1.5706273562707155e-14
  outer loop
    vertex 4232.963009141575 206.26008457605556 560.0111213439718
    vertex 4233.4816695435375 205.98285481542783 561.0111213439717
    vertex 4232.963009141575 206.26008457605457 561.0111213439717
  endloop
endfacet
facet normal -0.47139673682690475 -0.8819212643478702 1.5706273562707155e-14
  outer loop
    vertex 4233.4816695435375 205.98285481542783 561.0111213439717
    vertex 4232.963009141575 206.26008457605556 560.0111213439718
    vertex 4233.4816695435375 205.98285481542882 560.0111213439718
  endloop
endfacet
facet normal -0.29028467725265644 -0.9569403357327567 1.588980303328854e-14
  outer loop
    vertex 4232.400229810526 206.43080181973065 560.0111213439718
    vertex 4232.963009141575 206.26008457605457 561.0111213439717
    vertex 4232.400229810525 206.43080181972965 561.0111213439717
  endloop
endfacet
facet normal -0.29028467725265644 -0.9569403357327567 1.588980303328854e-14
  outer loop
    vertex 4232.963009141575 206.26008457605457 561.0111213439717
    vertex 4232.400229810526 206.43080181973065 560.0111213439718
    vertex 4232.963009141575 206.26008457605556 560.0111213439718
  endloop
endfacet
facet normal -0.0980171403307552 -0.9951847266720792 1.5462696284409056e-14
  outer loop
    vertex 4231.8149588444785 206.48844597852164 560.0111213439718
    vertex 4232.400229810525 206.43080181972965 561.0111213439717
    vertex 4231.814958844478 206.48844597852064 561.0111213439717
  endloop
endfacet
facet normal -0.0980171403307552 -0.9951847266720792 1.5462696284409056e-14
  outer loop
    vertex 4232.400229810525 206.43080181972965 561.0111213439717
    vertex 4231.8149588444785 206.48844597852164 560.0111213439718
    vertex 4232.400229810526 206.43080181973065 560.0111213439718
  endloop
endfacet
facet normal 0.09801714033087496 -0.9951847266720675 1.4441366788881002e-14
  outer loop
    vertex 4231.229687878431 206.43080181973065 560.0111213439718
    vertex 4231.814958844478 206.48844597852064 561.0111213439717
    vertex 4231.22968787843 206.43080181972965 561.0111213439717
  endloop
endfacet
facet normal 0.09801714033087496 -0.9951847266720675 1.4441366788881002e-14
  outer loop
    vertex 4231.814958844478 206.48844597852064 561.0111213439717
    vertex 4231.229687878431 206.43080181973065 560.0111213439718
    vertex 4231.8149588444785 206.48844597852164 560.0111213439718
  endloop
endfacet
facet normal 0.2902846772535089 -0.9569403357324983 1.2865063666499067e-14
  outer loop
    vertex 4230.666908547385 206.26008457605556 560.0111213439718
    vertex 4231.22968787843 206.43080181972965 561.0111213439717
    vertex 4230.666908547384 206.26008457605457 561.0111213439717
  endloop
endfacet
facet normal 0.2902846772535089 -0.9569403357324983 1.2865063666499067e-14
  outer loop
    vertex 4231.22968787843 206.43080181972965 561.0111213439717
    vertex 4230.666908547385 206.26008457605556 560.0111213439718
    vertex 4231.229687878431 206.43080181973065 560.0111213439718
  endloop
endfacet
facet normal 0.4713967368263945 -0.881921264348143 1.0794363362192081e-14
  outer loop
    vertex 4230.14824814542 205.98285481542882 560.0111213439718
    vertex 4230.666908547384 206.26008457605457 561.0111213439717
    vertex 4230.14824814542 205.98285481542783 561.0111213439717
  endloop
endfacet
facet normal 0.4713967368263945 -0.881921264348143 1.0794363362192081e-14
  outer loop
    vertex 4230.666908547384 206.26008457605457 561.0111213439717
    vertex 4230.14824814542 205.98285481542882 560.0111213439718
    vertex 4230.666908547385 206.26008457605556 560.0111213439718
  endloop
endfacet
facet normal 0.6343932841642304 -0.773010453362257 8.308841727434127e-15
  outer loop
    vertex 4229.693638500919 205.6097663220803 560.0111213439718
    vertex 4230.14824814542 205.98285481542783 561.0111213439717
    vertex 4229.693638500919 205.6097663220793 561.0111213439717
  endloop
endfacet
facet normal 0.6343932841642304 -0.773010453362257 8.308841727434127e-15
  outer loop
    vertex 4230.14824814542 205.98285481542783 561.0111213439717
    vertex 4229.693638500919 205.6097663220803 560.0111213439718
    vertex 4230.14824814542 205.98285481542882 560.0111213439718
  endloop
endfacet
facet normal 0.7730104533612691 -0.6343932841654343 5.504015964792395e-15
  outer loop
    vertex 4229.693638500919 205.6097663220793 561.0111213439717
    vertex 4229.320550007571 205.15515667758098 560.0111213439718
    vertex 4229.693638500919 205.6097663220803 560.0111213439718
  endloop
endfacet
facet normal 0.7730104533612691 -0.6343932841654343 5.504015964792395e-15
  outer loop
    vertex 4229.320550007571 205.15515667758098 560.0111213439718
    vertex 4229.693638500919 205.6097663220793 561.0111213439717
    vertex 4229.320550007571 205.15515667757998 561.0111213439717
  endloop
endfacet
facet normal 0.8819212643490624 -0.4713967368246742 2.4876739552098592e-15
  outer loop
    vertex 4229.320550007571 205.15515667758098 560.0111213439718
    vertex 4229.043320246945 204.63649627561497 561.0111213439716
    vertex 4229.043320246946 204.63649627561597 560.0111213439717
  endloop
endfacet
facet normal 0.8819212643490624 -0.4713967368246742 2.4876739552098592e-15
  outer loop
    vertex 4229.043320246945 204.63649627561497 561.0111213439716
    vertex 4229.320550007571 205.15515667758098 560.0111213439718
    vertex 4229.320550007571 205.15515667757998 561.0111213439717
  endloop
endfacet
facet normal 0.9569403357313718 -0.2902846772572222 -6.242679692411822e-16
  outer loop
    vertex 4229.043320246945 204.63649627561497 561.0111213439716
    vertex 4228.8726030032685 204.07371694457018 560.0111213439717
    vertex 4229.043320246946 204.63649627561597 560.0111213439717
  endloop
endfacet
facet normal 0.9569403357313718 -0.2902846772572222 -6.242679692411822e-16
  outer loop
    vertex 4228.8726030032685 204.07371694457018 560.0111213439717
    vertex 4229.043320246945 204.63649627561497 561.0111213439716
    vertex 4228.872603003268 204.07371694456918 561.0111213439716
  endloop
endfacet
facet normal 0.9951847266723723 -0.09801714032778033 -3.712219625868918e-15
  outer loop
    vertex 4228.872603003268 204.07371694456918 561.0111213439716
    vertex 4228.8149588444785 203.4884459785207 560.0111213439717
    vertex 4228.8726030032685 204.07371694457018 560.0111213439717
  endloop
endfacet
facet normal 0.9951847266723723 -0.09801714032778033 -3.712219625868918e-15
  outer loop
    vertex 4228.8149588444785 203.4884459785207 560.0111213439717
    vertex 4228.872603003268 204.07371694456918 561.0111213439716
    vertex 4228.8149588444785 203.4884459785197 561.0111213439716
  endloop
endfacet
facet normal 0.9951847266723486 0.0980171403280198 -6.657512763988817e-15
  outer loop
    vertex 4228.8149588444785 203.4884459785197 561.0111213439716
    vertex 4228.8726030032685 202.90317501247267 560.0111213439717
    vertex 4228.8149588444785 203.4884459785207 560.0111213439717
  endloop
endfacet
facet normal 0.9951847266723486 0.0980171403280198 -6.657512763988817e-15
  outer loop
    vertex 4228.8726030032685 202.90317501247267 560.0111213439717
    vertex 4228.8149588444785 203.4884459785197 561.0111213439716
    vertex 4228.872603003268 202.90317501247168 561.0111213439716
  endloop
endfacet
facet normal 0.9569403357315527 0.2902846772566254 -9.346961420265395e-15
  outer loop
    vertex 4228.872603003268 202.90317501247168 561.0111213439716
    vertex 4229.043320246946 202.3403956814256 560.0111213439717
    vertex 4228.8726030032685 202.90317501247267 560.0111213439717
  endloop
endfacet
facet normal 0.9569403357315527 0.2902846772566254 -9.346961420265395e-15
  outer loop
    vertex 4229.043320246946 202.3403956814256 560.0111213439717
    vertex 4228.872603003268 202.90317501247168 561.0111213439716
    vertex 4229.043320246945 202.3403956814246 561.0111213439716
  endloop
endfacet
facet normal 0.8819212643483805 0.47139673682595 -1.1677211590917545e-14
  outer loop
    vertex 4229.043320246945 202.3403956814246 561.0111213439716
    vertex 4229.320550007571 201.82173527946242 560.0111213439717
    vertex 4229.043320246946 202.3403956814256 560.0111213439717
  endloop
endfacet
facet normal 0.8819212643483805 0.47139673682595 -1.1677211590917545e-14
  outer loop
    vertex 4229.320550007571 201.82173527946242 560.0111213439717
    vertex 4229.043320246945 202.3403956814246 561.0111213439716
    vertex 4229.320550007571 201.82173527946142 561.0111213439716
  endloop
endfacet
facet normal 0.7730104533626275 0.6343932841637788 -1.35587130688181e-14
  outer loop
    vertex 4229.320550007571 201.82173527946142 561.0111213439716
    vertex 4229.693638500919 201.3671256349611 560.0111213439717
    vertex 4229.320550007571 201.82173527946242 560.0111213439717
  endloop
endfacet
facet normal 0.7730104533626275 0.6343932841637788 -1.35587130688181e-14
  outer loop
    vertex 4229.693638500919 201.3671256349611 560.0111213439717
    vertex 4229.320550007571 201.82173527946142 561.0111213439716
    vertex 4229.693638500919 201.3671256349601 561.0111213439716
  endloop
endfacet
facet normal 0.6343932841634967 0.773010453362859 -1.4919160807295525e-14
  outer loop
    vertex 4230.14824814542 200.9940371416123 561.0111213439716
    vertex 4229.693638500919 201.3671256349611 560.0111213439717
    vertex 4229.693638500919 201.3671256349601 561.0111213439716
  endloop
endfacet
facet normal 0.6343932841634967 0.773010453362859 -1.4919160807295525e-14
  outer loop
    vertex 4229.693638500919 201.3671256349611 560.0111213439717
    vertex 4230.14824814542 200.9940371416123 561.0111213439716
    vertex 4230.14824814542 200.9940371416133 560.0111213439717
  endloop
endfacet
facet normal 0.47139673682543975 0.8819212643486535 -1.5706273562711292e-14
  outer loop
    vertex 4230.666908547384 200.7168073809863 561.0111213439716
    vertex 4230.14824814542 200.9940371416133 560.0111213439717
    vertex 4230.14824814542 200.9940371416123 561.0111213439716
  endloop
endfacet
facet normal 0.47139673682543975 0.8819212643486535 -1.5706273562711292e-14
  outer loop
    vertex 4230.14824814542 200.9940371416133 560.0111213439717
    vertex 4230.666908547384 200.7168073809863 561.0111213439716
    vertex 4230.666908547385 200.7168073809873 560.0111213439717
  endloop
endfacet
facet normal -0.09801714032953947 0.9951847266721989 -1.4441366788889935e-14
  outer loop
    vertex 4212.400229810526 180.54609013731104 561.0111213439717
    vertex 4211.8149588444785 180.48844597852178 560.0111213439718
    vertex 4211.814958844478 180.4884459785208 561.0111213439717
  endloop
endfacet
facet normal -0.09801714032953947 0.9951847266721989 -1.4441366788889935e-14
  outer loop
    vertex 4211.8149588444785 180.48844597852178 560.0111213439718
    vertex 4212.400229810526 180.54609013731104 561.0111213439717
    vertex 4212.400229810526 180.54609013731204 560.0111213439718
  endloop
endfacet
facet normal -0.290284677254292 0.9569403357322607 -1.2865063666491418e-14
  outer loop
    vertex 4212.963009141573 180.71680738098686 561.0111213439717
    vertex 4212.400229810526 180.54609013731204 560.0111213439718
    vertex 4212.400229810526 180.54609013731104 561.0111213439717
  endloop
endfacet
facet normal -0.290284677254292 0.9569403357322607 -1.2865063666491418e-14
  outer loop
    vertex 4212.400229810526 180.54609013731204 560.0111213439718
    vertex 4212.963009141573 180.71680738098686 561.0111213439717
    vertex 4212.963009141573 180.71680738098786 560.0111213439718
  endloop
endfacet
facet normal -0.4713967368266167 0.8819212643480243 -1.0794363362189139e-14
  outer loop
    vertex 4213.481669543537 180.99403714161397 561.0111213439717
    vertex 4212.963009141573 180.71680738098786 560.0111213439718
    vertex 4212.963009141573 180.71680738098686 561.0111213439717
  endloop
endfacet
facet normal -0.4713967368266167 0.8819212643480243 -1.0794363362189139e-14
  outer loop
    vertex 4212.963009141573 180.71680738098786 560.0111213439718
    vertex 4213.481669543537 180.99403714161397 561.0111213439717
    vertex 4213.4816695435375 180.99403714161497 560.0111213439718
  endloop
endfacet
facet normal -0.63439328416313 0.77301045336316 -8.308841727453426e-15
  outer loop
    vertex 4213.936279188038 181.3671256349614 561.0111213439717
    vertex 4213.4816695435375 180.99403714161497 560.0111213439718
    vertex 4213.481669543537 180.99403714161397 561.0111213439717
  endloop
endfacet
facet normal -0.63439328416313 0.77301045336316 -8.308841727453426e-15
  outer loop
    vertex 4213.4816695435375 180.99403714161497 560.0111213439718
    vertex 4213.936279188038 181.3671256349614 561.0111213439717
    vertex 4213.9362791880385 181.3671256349624 560.0111213439718
  endloop
endfacet
facet normal -0.773010453363407 0.634393284162829 -5.504015964742115e-15
  outer loop
    vertex 4213.936279188038 181.3671256349614 561.0111213439717
    vertex 4214.309367681385 181.82173527946352 560.0111213439718
    vertex 4213.9362791880385 181.3671256349624 560.0111213439718
  endloop
endfacet
facet normal -0.773010453363407 0.634393284162829 -5.504015964742115e-15
  outer loop
    vertex 4214.309367681385 181.82173527946352 560.0111213439718
    vertex 4213.936279188038 181.3671256349614 561.0111213439717
    vertex 4214.309367681385 181.82173527946253 561.0111213439717
  endloop
endfacet
facet normal -0.8819212643487897 0.47139673682518457 -2.487673955218948e-15
  outer loop
    vertex 4214.309367681385 181.82173527946253 561.0111213439717
    vertex 4214.586597442012 182.34039568142782 560.0111213439718
    vertex 4214.309367681385 181.82173527946352 560.0111213439718
  endloop
endfacet
facet normal -0.8819212643487897 0.47139673682518457 -2.487673955218948e-15
  outer loop
    vertex 4214.586597442012 182.34039568142782 560.0111213439718
    vertex 4214.309367681385 181.82173527946253 561.0111213439717
    vertex 4214.586597442011 182.34039568142683 561.0111213439717
  endloop
endfacet
facet normal -0.956940335731661 0.29028467725626855 6.242679692570172e-16
  outer loop
    vertex 4214.586597442011 182.34039568142683 561.0111213439717
    vertex 4214.7573146856885 182.90317501247324 560.0111213439718
    vertex 4214.586597442012 182.34039568142782 560.0111213439718
  endloop
endfacet
facet normal -0.956940335731661 0.29028467725626855 6.242679692570172e-16
  outer loop
    vertex 4214.7573146856885 182.90317501247324 560.0111213439718
    vertex 4214.586597442011 182.34039568142683 561.0111213439717
    vertex 4214.757314685688 182.90317501247225 561.0111213439717
  endloop
endfacet
facet normal -0.9951847266723575 0.09801714032792999 3.7122196258665916e-15
  outer loop
    vertex 4214.757314685688 182.90317501247225 561.0111213439717
    vertex 4214.814958844478 183.4884459785218 560.0111213439717
    vertex 4214.7573146856885 182.90317501247324 560.0111213439718
  endloop
endfacet
facet normal -0.9951847266723575 0.09801714032792999 3.7122196258665916e-15
  outer loop
    vertex 4214.814958844478 183.4884459785218 560.0111213439717
    vertex 4214.757314685688 182.90317501247225 561.0111213439717
    vertex 4214.814958844478 183.48844597852082 561.0111213439716
  endloop
endfacet
facet normal -0.9951847266723547 -0.09801714032795995 6.657512763987948e-15
  outer loop
    vertex 4214.814958844478 183.48844597852082 561.0111213439716
    vertex 4214.7573146856885 184.0737169445702 560.0111213439717
    vertex 4214.814958844478 183.4884459785218 560.0111213439717
  endloop
endfacet
facet normal -0.9951847266723547 -0.09801714032795995 6.657512763987948e-15
  outer loop
    vertex 4214.7573146856885 184.0737169445702 560.0111213439717
    vertex 4214.814958844478 183.48844597852082 561.0111213439716
    vertex 4214.757314685688 184.0737169445692 561.0111213439716
  endloop
endfacet
facet normal -0.9569403357318421 -0.29028467725567186 9.346961420252578e-15
  outer loop
    vertex 4214.757314685688 184.0737169445692 561.0111213439716
    vertex 4214.586597442012 184.6364962756169 560.0111213439717
    vertex 4214.7573146856885 184.0737169445702 560.0111213439717
  endloop
endfacet
facet normal -0.9569403357318421 -0.29028467725567186 9.346961420252578e-15
  outer loop
    vertex 4214.586597442012 184.6364962756169 560.0111213439717
    vertex 4214.757314685688 184.0737169445692 561.0111213439716
    vertex 4214.586597442011 184.6364962756159 561.0111213439716
  endloop
endfacet
facet normal -0.8819212643487215 -0.47139673682531213 1.1677211590909739e-14
  outer loop
    vertex 4214.586597442011 184.6364962756159 561.0111213439716
    vertex 4214.309367681385 185.155156677581 560.0111213439718
    vertex 4214.586597442012 184.6364962756169 560.0111213439717
  endloop
endfacet
facet normal -0.8819212643487215 -0.47139673682531213 1.1677211590909739e-14
  outer loop
    vertex 4214.309367681385 185.155156677581 560.0111213439718
    vertex 4214.586597442011 184.6364962756159 561.0111213439716
    vertex 4214.309367681385 185.15515667758 561.0111213439717
  endloop
endfacet
facet normal -0.7730104533629131 -0.6343932841634311 1.3558713068814362e-14
  outer loop
    vertex 4214.309367681385 185.15515667758 561.0111213439717
    vertex 4213.9362791880385 185.6097663220814 560.0111213439718
    vertex 4214.309367681385 185.155156677581 560.0111213439718
  endloop
endfacet
facet normal -0.7730104533629131 -0.6343932841634311 1.3558713068814362e-14
  outer loop
    vertex 4213.9362791880385 185.6097663220814 560.0111213439718
    vertex 4214.309367681385 185.15515667758 561.0111213439717
    vertex 4213.936279188038 185.60976632208042 561.0111213439717
  endloop
endfacet
facet normal -0.6343932841645971 -0.7730104533619561 1.4919160807287693e-14
  outer loop
    vertex 4213.4816695435375 185.9828548154303 560.0111213439718
    vertex 4213.936279188038 185.60976632208042 561.0111213439717
    vertex 4213.481669543537 185.9828548154293 561.0111213439717
  endloop
endfacet
facet normal -0.6343932841645971 -0.7730104533619561 1.4919160807287693e-14
  outer loop
    vertex 4213.936279188038 185.60976632208042 561.0111213439717
    vertex 4213.4816695435375 185.9828548154303 560.0111213439718
    vertex 4213.9362791880385 185.6097663220814 560.0111213439718
  endloop
endfacet
facet normal -0.4713967368242298 -0.8819212643493 1.5706273562714703e-14
  outer loop
    vertex 4212.963009141573 186.2600845760556 560.0111213439717
    vertex 4213.481669543537 185.9828548154293 561.0111213439717
    vertex 4212.963009141573 186.2600845760546 561.0111213439716
  endloop
endfacet
facet normal -0.4713967368242298 -0.8819212643493 1.5706273562714703e-14
  outer loop
    vertex 4213.481669543537 185.9828548154293 561.0111213439717
    vertex 4212.963009141573 186.2600845760556 560.0111213439717
    vertex 4213.4816695435375 185.9828548154303 560.0111213439718
  endloop
endfacet
facet normal -0.29028467725535606 -0.9569403357319377 1.58898030332903e-14
  outer loop
    vertex 4212.400229810525 186.43080181973232 560.0111213439717
    vertex 4212.963009141573 186.2600845760546 561.0111213439716
    vertex 4212.400229810524 186.43080181973133 561.0111213439716
  endloop
endfacet
facet normal -0.29028467725535606 -0.9569403357319377 1.58898030332903e-14
  outer loop
    vertex 4212.963009141573 186.2600845760546 561.0111213439716
    vertex 4212.400229810525 186.43080181973232 560.0111213439717
    vertex 4212.963009141573 186.2600845760556 560.0111213439717
  endloop
endfacet
facet normal -0.09801714032807968 -0.9951847266723427 1.5462696284399075e-14
  outer loop
    vertex 4211.814958844478 186.48844597852167 560.0111213439717
    vertex 4212.400229810524 186.43080181973133 561.0111213439716
    vertex 4211.814958844477 186.48844597852067 561.0111213439716
  endloop
endfacet
facet normal -0.09801714032807968 -0.9951847266723427 1.5462696284399075e-14
  outer loop
    vertex 4212.400229810524 186.43080181973133 561.0111213439716
    vertex 4211.814958844478 186.48844597852167 560.0111213439717
    vertex 4212.400229810525 186.43080181973232 560.0111213439717
  endloop
endfacet
facet normal 0.09801714032784022 -0.9951847266723665 1.4441366788901307e-14
  outer loop
    vertex 4211.229687878428 186.43080181973232 560.0111213439717
    vertex 4211.814958844477 186.48844597852067 561.0111213439716
    vertex 4211.229687878427 186.43080181973133 561.0111213439716
  endloop
endfacet
facet normal 0.09801714032784022 -0.9951847266723665 1.4441366788901307e-14
  outer loop
    vertex 4211.814958844477 186.48844597852067 561.0111213439716
    vertex 4211.229687878428 186.43080181973232 560.0111213439717
    vertex 4211.814958844478 186.48844597852167 560.0111213439717
  endloop
endfacet
facet normal 0.29028467725603807 -0.9569403357317309 1.286506366647436e-14
  outer loop
    vertex 4210.666908547382 186.2600845760556 560.0111213439717
    vertex 4211.229687878427 186.43080181973133 561.0111213439716
    vertex 4210.666908547381 186.2600845760546 561.0111213439716
  endloop
endfacet
facet normal 0.29028467725603807 -0.9569403357317309 1.286506366647436e-14
  outer loop
    vertex 4211.229687878427 186.43080181973133 561.0111213439716
    vertex 4210.666908547382 186.2600845760556 560.0111213439717
    vertex 4211.229687878428 186.43080181973232 560.0111213439717
  endloop
endfacet
facet normal 0.4713967368244849 -0.8819212643491636 1.0794363362217363e-14
  outer loop
    vertex 4210.148248145418 185.9828548154303 560.0111213439718
    vertex 4210.666908547381 186.2600845760546 561.0111213439716
    vertex 4210.148248145418 185.9828548154293 561.0111213439717
  endloop
endfacet
facet normal 0.4713967368244849 -0.8819212643491636 1.0794363362217363e-14
  outer loop
    vertex 4210.666908547381 186.2600845760546 561.0111213439716
    vertex 4210.148248145418 185.9828548154303 560.0111213439718
    vertex 4210.666908547382 186.2600845760556 560.0111213439717
  endloop
endfacet
facet normal 0.6343932841651333 -0.7730104533615161 8.30884172741829e-15
  outer loop
    vertex 4209.6936385009185 185.60976632208178 560.0111213439718
    vertex 4210.148248145418 185.9828548154293 561.0111213439717
    vertex 4209.693638500918 185.6097663220808 561.0111213439717
  endloop
endfacet
facet normal 0.6343932841651333 -0.7730104533615161 8.30884172741829e-15
  outer loop
    vertex 4210.148248145418 185.9828548154293 561.0111213439717
    vertex 4209.6936385009185 185.60976632208178 560.0111213439718
    vertex 4210.148248145418 185.9828548154303 560.0111213439718
  endloop
endfacet
facet normal 0.7730104533619561 -0.6343932841645971 5.504015964776237e-15
  outer loop
    vertex 4209.693638500918 185.6097663220808 561.0111213439717
    vertex 4209.320550007569 185.155156677581 560.0111213439718
    vertex 4209.6936385009185 185.60976632208178 560.0111213439718
  endloop
endfacet
facet normal 0.7730104533619561 -0.6343932841645971 5.504015964776237e-15
  outer loop
    vertex 4209.320550007569 185.155156677581 560.0111213439718
    vertex 4209.693638500918 185.6097663220808 561.0111213439717
    vertex 4209.320550007568 185.15515667758 561.0111213439717
  endloop
endfacet
facet normal 0.881921264348143 -0.4713967368263945 2.4876739552404954e-15
  outer loop
    vertex 4209.320550007569 185.155156677581 560.0111213439718
    vertex 4209.043320246942 184.63649627561608 561.0111213439716
    vertex 4209.043320246943 184.63649627561708 560.0111213439717
  endloop
endfacet
facet normal 0.881921264348143 -0.4713967368263945 2.4876739552404954e-15
  outer loop
    vertex 4209.043320246942 184.63649627561608 561.0111213439716
    vertex 4209.320550007569 185.155156677581 560.0111213439718
    vertex 4209.320550007568 185.15515667758 561.0111213439717
  endloop
endfacet
facet normal 0.9569403357324983 -0.2902846772535089 -6.242679693028408e-16
  outer loop
    vertex 4209.043320246942 184.63649627561608 561.0111213439716
    vertex 4208.872603003268 184.07371694457058 560.0111213439717
    vertex 4209.043320246943 184.63649627561708 560.0111213439717
  endloop
endfacet
facet normal 0.9569403357324983 -0.2902846772535089 -6.242679693028408e-16
  outer loop
    vertex 4208.872603003268 184.07371694457058 560.0111213439717
    vertex 4209.043320246942 184.63649627561608 561.0111213439716
    vertex 4208.872603003267 184.07371694456958 561.0111213439716
  endloop
endfacet
facet normal 0.995184726672175 -0.09801714032978354 -3.712219625837793e-15
  outer loop
    vertex 4208.872603003267 184.07371694456958 561.0111213439716
    vertex 4208.814958844478 183.48844597852218 560.0111213439717
    vertex 4208.872603003268 184.07371694457058 560.0111213439717
  endloop
endfacet
facet normal 0.995184726672175 -0.09801714032978354 -3.712219625837793e-15
  outer loop
    vertex 4208.814958844478 183.48844597852218 560.0111213439717
    vertex 4208.872603003267 184.07371694456958 561.0111213439716
    vertex 4208.814958844477 183.48844597852118 561.0111213439716
  endloop
endfacet
facet normal 0.9951847266721808 0.09801714032972367 -6.657512764013543e-15
  outer loop
    vertex 4208.814958844477 183.48844597852118 561.0111213439716
    vertex 4208.872603003268 182.90317501247344 560.0111213439718
    vertex 4208.814958844478 183.48844597852218 560.0111213439717
  endloop
endfacet
facet normal 0.9951847266721808 0.09801714032972367 -6.657512764013543e-15
  outer loop
    vertex 4208.872603003268 182.90317501247344 560.0111213439718
    vertex 4208.814958844477 183.48844597852118 561.0111213439716
    vertex 4208.872603003267 182.90317501247245 561.0111213439717
  endloop
endfacet
facet normal 0.9569403357323689 0.29028467725393514 -9.34696142022923e-15
  outer loop
    vertex 4208.872603003267 182.90317501247245 561.0111213439717
    vertex 4209.043320246943 182.34039568142782 560.0111213439718
    vertex 4208.872603003268 182.90317501247344 560.0111213439718
  endloop
endfacet
facet normal 0.9569403357323689 0.29028467725393514 -9.34696142022923e-15
  outer loop
    vertex 4209.043320246943 182.34039568142782 560.0111213439718
    vertex 4208.872603003267 182.90317501247245 561.0111213439717
    vertex 4209.043320246942 182.34039568142683 561.0111213439717
  endloop
endfacet
facet normal 0.8819212643482794 0.47139673682613936 -1.1677211590919866e-14
  outer loop
    vertex 4209.043320246942 182.34039568142683 561.0111213439717
    vertex 4209.320550007569 181.82173527946352 560.0111213439718
    vertex 4209.043320246943 182.34039568142782 560.0111213439718
  endloop
endfacet
facet normal 0.8819212643482794 0.47139673682613936 -1.1677211590919866e-14
  outer loop
    vertex 4209.320550007569 181.82173527946352 560.0111213439718
    vertex 4209.043320246942 182.34039568142683 561.0111213439717
    vertex 4209.320550007568 181.82173527946253 561.0111213439717
  endloop
endfacet
facet normal 0.7730104533619561 0.6343932841645971 -1.3558713068826895e-14
  outer loop
    vertex 4209.320550007568 181.82173527946253 561.0111213439717
    vertex 4209.6936385009185 181.36712563496275 560.0111213439718
    vertex 4209.320550007569 181.82173527946352 560.0111213439718
  endloop
endfacet
facet normal 0.7730104533619561 0.6343932841645971 -1.3558713068826895e-14
  outer loop
    vertex 4209.6936385009185 181.36712563496275 560.0111213439718
    vertex 4209.320550007568 181.82173527946253 561.0111213439717
    vertex 4209.693638500918 181.36712563496175 561.0111213439717
  endloop
endfacet
facet normal 0.6343932841634967 0.773010453362859 -1.4919160807295525e-14
  outer loop
    vertex 4210.148248145418 180.99403714161397 561.0111213439717
    vertex 4209.6936385009185 181.36712563496275 560.0111213439718
    vertex 4209.693638500918 181.36712563496175 561.0111213439717
  endloop
endfacet
facet normal 0.6343932841634967 0.773010453362859 -1.4919160807295525e-14
  outer loop
    vertex 4209.6936385009185 181.36712563496275 560.0111213439718
    vertex 4210.148248145418 180.99403714161397 561.0111213439717
    vertex 4210.148248145419 180.99403714161497 560.0111213439718
  endloop
endfacet
facet normal 0.4713967368273822 0.8819212643476151 -1.570627356270581e-14
  outer loop
    vertex 4210.666908547381 180.71680738098686 561.0111213439717
    vertex 4210.148248145419 180.99403714161497 560.0111213439718
    vertex 4210.148248145418 180.99403714161397 561.0111213439717
  endloop
endfacet
facet normal 0.4713967368273822 0.8819212643476151 -1.570627356270581e-14
  outer loop
    vertex 4210.148248145419 180.99403714161497 560.0111213439718
    vertex 4210.666908547381 180.71680738098686 561.0111213439717
    vertex 4210.666908547382 180.71680738098786 560.0111213439718
  endloop
endfacet
facet normal 0.29028467725463303 0.9569403357321572 -1.588980303328983e-14
  outer loop
    vertex 4211.229687878428 180.54609013731104 561.0111213439717
    vertex 4210.666908547382 180.71680738098786 560.0111213439718
    vertex 4210.666908547381 180.71680738098686 561.0111213439717
  endloop
endfacet
facet normal 0.29028467725463303 0.9569403357321572 -1.588980303328983e-14
  outer loop
    vertex 4210.666908547382 180.71680738098786 560.0111213439718
    vertex 4211.229687878428 180.54609013731104 561.0111213439717
    vertex 4211.229687878429 180.54609013731204 560.0111213439718
  endloop
endfacet
facet normal 0.09801714032935986 0.9951847266722167 -1.5462696284403852e-14
  outer loop
    vertex 4211.814958844478 180.4884459785208 561.0111213439717
    vertex 4211.229687878429 180.54609013731204 560.0111213439718
    vertex 4211.229687878428 180.54609013731104 561.0111213439717
  endloop
endfacet
facet normal 0.09801714032935986 0.9951847266722167 -1.5462696284403852e-14
  outer loop
    vertex 4211.229687878429 180.54609013731204 560.0111213439718
    vertex 4211.814958844478 180.4884459785208 561.0111213439717
    vertex 4211.8149588444785 180.48844597852178 560.0111213439718
  endloop
endfacet
facet normal 0.0 -5.88418203051333e-15 -1.0
  outer loop
    vertex 4219.114958844478 221.3284459785205 563.0111213439724
    vertex 4217.814958844478 226.92844597852041 563.0111213439724
    vertex 4219.114958844478 226.92844597852041 563.0111213439724
  endloop
endfacet
facet normal 0.0 -5.88418203051333e-15 -1.0
  outer loop
    vertex 4217.814958844478 226.92844597852041 563.0111213439724
    vertex 4219.114958844478 221.3284459785205 563.0111213439724
    vertex 4217.814958844478 224.12844597852023 563.0111213439724
  endloop
endfacet
facet normal 0.0 -5.88418203051333e-15 -1.0
  outer loop
    vertex 4217.814958844478 224.12844597852023 563.0111213439724
    vertex 4219.114958844478 221.3284459785205 563.0111213439724
    vertex 4217.814958844478 221.32844597852042 563.0111213439724
  endloop
endfacet
facet normal 1.0 0.0 0.0
  outer loop
    vertex 4213.514958844477 226.92844597852041 563.0111213439724
    vertex 4213.514958844477 221.3284459785205 560.0111213439725
    vertex 4213.514958844477 226.92844597852041 560.0111213439725
  endloop
endfacet
facet normal 1.0 0.0 0.0
  outer loop
    vertex 4213.514958844477 221.3284459785205 560.0111213439725
    vertex 4213.514958844477 226.92844597852041 563.0111213439724
    vertex 4213.514958844477 221.3284459785205 563.0111213439724
  endloop
endfacet
facet normal 0.0 -1.0 5.88418203051333e-15
  outer loop
    vertex 4219.114958844478 226.92844597852041 560.0111213439725
    vertex 4213.514958844477 226.92844597852041 563.0111213439724
    vertex 4213.514958844477 226.92844597852041 560.0111213439725
  endloop
endfacet
facet normal 0.0 -1.0 5.88418203051333e-15
  outer loop
    vertex 4213.514958844477 226.92844597852041 563.0111213439724
    vertex 4219.114958844478 226.92844597852041 560.0111213439725
    vertex 4214.814958844478 226.92844597852041 563.0111213439724
  endloop
endfacet
facet normal 0.0 -1.0 5.88418203051333e-15
  outer loop
    vertex 4214.814958844478 226.92844597852041 563.0111213439724
    vertex 4219.114958844478 226.92844597852041 560.0111213439725
    vertex 4214.814958844478 226.92844597852041 563.4111213439724
  endloop
endfacet
facet normal 0.0 -1.0 5.88418203051333e-15
  outer loop
    vertex 4214.814958844478 226.92844597852041 563.4111213439724
    vertex 4219.114958844478 226.92844597852041 560.0111213439725
    vertex 4217.814958844478 226.92844597852041 563.0111213439724
  endloop
endfacet
facet normal 0.0 -1.0 5.88418203051333e-15
  outer loop
    vertex 4217.814958844478 226.92844597852041 563.0111213439724
    vertex 4219.114958844478 226.92844597852041 560.0111213439725
    vertex 4219.114958844478 226.92844597852041 563.0111213439724
  endloop
endfacet
facet normal 0.0 -1.0 5.88418203051333e-15
  outer loop
    vertex 4217.814958844478 226.92844597852041 563.4111213439724
    vertex 4214.814958844478 226.92844597852041 563.4111213439724
    vertex 4217.814958844478 226.92844597852041 563.0111213439724
  endloop
endfacet
facet normal -1.0 0.0 0.0
  outer loop
    vertex 4219.114958844478 221.3284459785205 563.0111213439724
    vertex 4219.114958844478 226.92844597852041 560.0111213439725
    vertex 4219.114958844478 221.3284459785205 560.0111213439725
  endloop
endfacet
facet normal -1.0 0.0 0.0
  outer loop
    vertex 4219.114958844478 226.92844597852041 560.0111213439725
    vertex 4219.114958844478 221.3284459785205 563.0111213439724
    vertex 4219.114958844478 226.92844597852041 563.0111213439724
  endloop
endfacet
facet normal 0.0 1.0 -5.88418203051333e-15
  outer loop
    vertex 4217.814958844478 221.32844597852042 563.4111213439725
    vertex 4214.814958844478 221.3284459785205 563.0111213439724
    vertex 4214.814958844478 221.3284459785205 563.4111213439725
  endloop
endfacet
facet normal 0.0 1.0 -5.88418203051333e-15
  outer loop
    vertex 4214.814958844478 221.3284459785205 563.0111213439724
    vertex 4213.514958844477 221.3284459785205 560.0111213439725
    vertex 4213.514958844477 221.3284459785205 563.0111213439724
  endloop
endfacet
facet normal 0.0 1.0 -5.88418203051333e-15
  outer loop
    vertex 4213.514958844477 221.3284459785205 560.0111213439725
    vertex 4214.814958844478 221.3284459785205 563.0111213439724
    vertex 4219.114958844478 221.3284459785205 560.0111213439725
  endloop
endfacet
facet normal 0.0 1.0 -5.88418203051333e-15
  outer loop
    vertex 4219.114958844478 221.3284459785205 560.0111213439725
    vertex 4214.814958844478 221.3284459785205 563.0111213439724
    vertex 4217.814958844478 221.32844597852042 563.0111213439724
  endloop
endfacet
facet normal 0.0 1.0 -5.88418203051333e-15
  outer loop
    vertex 4217.814958844478 221.32844597852042 563.0111213439724
    vertex 4214.814958844478 221.3284459785205 563.0111213439724
    vertex 4217.814958844478 221.32844597852042 563.4111213439725
  endloop
endfacet
facet normal 0.0 1.0 -5.88418203051333e-15
  outer loop
    vertex 4219.114958844478 221.3284459785205 560.0111213439725
    vertex 4217.814958844478 221.32844597852042 563.0111213439724
    vertex 4219.114958844478 221.3284459785205 563.0111213439724
  endloop
endfacet
facet normal 0.0 -5.88418203051333e-15 -1.0
  outer loop
    vertex 4230.114958844478 221.32844597852042 563.0111213439724
    vertex 4228.814958844478 226.9284459785203 563.0111213439723
    vertex 4230.114958844478 226.9284459785203 563.0111213439723
  endloop
endfacet
facet normal 0.0 -5.88418203051333e-15 -1.0
  outer loop
    vertex 4228.814958844478 226.9284459785203 563.0111213439723
    vertex 4230.114958844478 221.32844597852042 563.0111213439724
    vertex 4228.814958844478 224.12844597852032 563.0111213439723
  endloop
endfacet
facet normal 0.0 -5.88418203051333e-15 -1.0
  outer loop
    vertex 4228.814958844478 224.12844597852032 563.0111213439723
    vertex 4230.114958844478 221.32844597852042 563.0111213439724
    vertex 4228.814958844478 221.32844597852042 563.0111213439724
  endloop
endfacet
facet normal 1.0 0.0 0.0
  outer loop
    vertex 4224.514958844478 226.9284459785203 563.0111213439723
    vertex 4224.514958844478 221.32844597852042 560.0111213439724
    vertex 4224.514958844478 226.9284459785203 560.0111213439724
  endloop
endfacet
facet normal 1.0 0.0 0.0
  outer loop
    vertex 4224.514958844478 221.32844597852042 560.0111213439724
    vertex 4224.514958844478 226.9284459785203 563.0111213439723
    vertex 4224.514958844478 221.32844597852042 563.0111213439724
  endloop
endfacet
facet normal 0.0 -1.0 5.88418203051333e-15
  outer loop
    vertex 4230.114958844478 226.9284459785203 560.0111213439724
    vertex 4224.514958844478 226.9284459785203 563.0111213439723
    vertex 4224.514958844478 226.9284459785203 560.0111213439724
  endloop
endfacet
facet normal 0.0 -1.0 5.88418203051333e-15
  outer loop
    vertex 4224.514958844478 226.9284459785203 563.0111213439723
    vertex 4230.114958844478 226.9284459785203 560.0111213439724
    vertex 4225.814958844478 226.9284459785203 563.0111213439723
  endloop
endfacet
facet normal 0.0 -1.0 5.88418203051333e-15
  outer loop
    vertex 4225.814958844478 226.9284459785203 563.0111213439723
    vertex 4230.114958844478 226.9284459785203 560.0111213439724
    vertex 4225.814958844478 226.9284459785203 563.4111213439724
  endloop
endfacet
facet normal 0.0 -1.0 5.88418203051333e-15
  outer loop
    vertex 4225.814958844478 226.9284459785203 563.4111213439724
    vertex 4230.114958844478 226.9284459785203 560.0111213439724
    vertex 4228.814958844478 226.9284459785203 563.0111213439723
  endloop
endfacet
facet normal 0.0 -1.0 5.88418203051333e-15
  outer loop
    vertex 4228.814958844478 226.9284459785203 563.0111213439723
    vertex 4230.114958844478 226.9284459785203 560.0111213439724
    vertex 4230.114958844478 226.9284459785203 563.0111213439723
  endloop
endfacet
facet normal 0.0 -1.0 5.88418203051333e-15
  outer loop
    vertex 4228.814958844478 226.9284459785203 563.4111213439724
    vertex 4225.814958844478 226.9284459785203 563.4111213439724
    vertex 4228.814958844478 226.9284459785203 563.0111213439723
  endloop
endfacet
facet normal -1.0 0.0 0.0
  outer loop
    vertex 4230.114958844478 221.32844597852042 563.0111213439724
    vertex 4230.114958844478 226.9284459785203 560.0111213439724
    vertex 4230.114958844478 221.32844597852042 560.0111213439724
  endloop
endfacet
facet normal -1.0 0.0 0.0
  outer loop
    vertex 4230.114958844478 226.9284459785203 560.0111213439724
    vertex 4230.114958844478 221.32844597852042 563.0111213439724
    vertex 4230.114958844478 226.9284459785203 563.0111213439723
  endloop
endfacet
facet normal 0.0 1.0 -5.88418203051333e-15
  outer loop
    vertex 4228.814958844478 221.32844597852042 563.4111213439724
    vertex 4225.814958844478 221.32844597852042 563.0111213439724
    vertex 4225.814958844478 221.32844597852042 563.4111213439724
  endloop
endfacet
facet normal 0.0 1.0 -5.88418203051333e-15
  outer loop
    vertex 4225.814958844478 221.32844597852042 563.0111213439724
    vertex 4224.514958844478 221.32844597852042 560.0111213439724
    vertex 4224.514958844478 221.32844597852042 563.0111213439724
  endloop
endfacet
facet normal 0.0 1.0 -5.88418203051333e-15
  outer loop
    vertex 4224.514958844478 221.32844597852042 560.0111213439724
    vertex 4225.814958844478 221.32844597852042 563.0111213439724
    vertex 4230.114958844478 221.32844597852042 560.0111213439724
  endloop
endfacet
facet normal 0.0 1.0 -5.88418203051333e-15
  outer loop
    vertex 4230.114958844478 221.32844597852042 560.0111213439724
    vertex 4225.814958844478 221.32844597852042 563.0111213439724
    vertex 4228.814958844478 221.32844597852042 563.0111213439724
  endloop
endfacet
facet normal 0.0 1.0 -5.88418203051333e-15
  outer loop
    vertex 4228.814958844478 221.32844597852042 563.0111213439724
    vertex 4225.814958844478 221.32844597852042 563.0111213439724
    vertex 4228.814958844478 221.32844597852042 563.4111213439724
  endloop
endfacet
facet normal 0.0 1.0 -5.88418203051333e-15
  outer loop
    vertex 4230.114958844478 221.32844597852042 560.0111213439724
    vertex 4228.814958844478 221.32844597852042 563.0111213439724
    vertex 4230.114958844478 221.32844597852042 563.0111213439724
  endloop
endfacet
facet normal 0.0 -5.88418203051333e-15 -1.0
  outer loop
    vertex 4225.814958844478 224.12844597852015 563.0111213439723
    vertex 4224.514958844478 226.9284459785203 563.0111213439723
    vertex 4225.814958844478 226.9284459785203 563.0111213439723
  endloop
endfacet
facet normal 0.0 -5.88418203051333e-15 -1.0
  outer loop
    vertex 4224.514958844478 226.9284459785203 563.0111213439723
    vertex 4225.814958844478 224.12844597852015 563.0111213439723
    vertex 4224.514958844478 221.32844597852042 563.0111213439724
  endloop
endfacet
facet normal 0.0 -5.88418203051333e-15 -1.0
  outer loop
    vertex 4224.514958844478 221.32844597852042 563.0111213439724
    vertex 4225.814958844478 224.12844597852015 563.0111213439723
    vertex 4225.814958844478 221.32844597852042 563.0111213439724
  endloop
endfacet
facet normal 0.0 -5.88418203051333e-15 -1.0
  outer loop
    vertex 4214.814958844478 224.12844597851986 563.0111213439724
    vertex 4213.514958844477 226.92844597852041 563.0111213439724
    vertex 4214.814958844478 226.92844597852041 563.0111213439724
  endloop
endfacet
facet normal 0.0 -5.88418203051333e-15 -1.0
  outer loop
    vertex 4213.514958844477 226.92844597852041 563.0111213439724
    vertex 4214.814958844478 224.12844597851986 563.0111213439724
    vertex 4213.514958844477 221.3284459785205 563.0111213439724
  endloop
endfacet
facet normal 0.0 -5.88418203051333e-15 -1.0
  outer loop
    vertex 4213.514958844477 221.3284459785205 563.0111213439724
    vertex 4214.814958844478 224.12844597851986 563.0111213439724
    vertex 4214.814958844478 221.3284459785205 563.0111213439724
  endloop
endfacet
facet normal 0.0 -5.88418203051333e-15 -1.0
  outer loop
    vertex 4217.814958844478 226.92844597852041 563.4111213439724
    vertex 4217.064958844478 225.4274840841968 563.4111213439724
    vertex 4214.814958844478 226.92844597852041 563.4111213439724
  endloop
endfacet
facet normal 0.0 -5.88418203051333e-15 -1.0
  outer loop
    vertex 4217.064958844478 225.4274840841968 563.4111213439724
    vertex 4217.814958844478 226.92844597852041 563.4111213439724
    vertex 4217.375619016258 225.18910615030003 563.4111213439724
  endloop
endfacet
facet normal 0.0 -5.88418203051333e-15 -1.0
  outer loop
    vertex 4217.375619016258 225.18910615030003 563.4111213439724
    vertex 4217.814958844478 226.92844597852041 563.4111213439724
    vertex 4217.613996950154 224.87844597852023 563.4111213439724
  endloop
endfacet
facet normal 0.0 -5.88418203051333e-15 -1.0
  outer loop
    vertex 4217.613996950154 224.87844597852023 563.4111213439724
    vertex 4217.814958844478 226.92844597852041 563.4111213439724
    vertex 4217.763847583911 224.51667454617402 563.4111213439724
  endloop
endfacet
facet normal 0.0 -5.88418203051333e-15 -1.0
  outer loop
    vertex 4217.763847583911 224.51667454617402 563.4111213439724
    vertex 4217.814958844478 226.92844597852041 563.4111213439724
    vertex 4217.814958844478 224.12844597852023 563.4111213439724
  endloop
endfacet
facet normal 0.0 -5.88418203051333e-15 -1.0
  outer loop
    vertex 4214.814958844478 226.92844597852041 563.4111213439724
    vertex 4217.064958844478 225.4274840841968 563.4111213439724
    vertex 4216.703187412131 225.57733471795373 563.4111213439724
  endloop
endfacet
facet normal 0.0 -5.88418203051333e-15 -1.0
  outer loop
    vertex 4214.814958844478 226.92844597852041 563.4111213439724
    vertex 4216.703187412131 225.57733471795373 563.4111213439724
    vertex 4216.314958844477 225.62844597852006 563.4111213439724
  endloop
endfacet
facet normal 0.0 -5.88418203051333e-15 -1.0
  outer loop
    vertex 4214.814958844478 226.92844597852041 563.4111213439724
    vertex 4214.866070105044 224.51667454617368 563.4111213439724
    vertex 4214.814958844478 224.12844597851986 563.4111213439724
  endloop
endfacet
facet normal 0.0 -5.88418203051333e-15 -1.0
  outer loop
    vertex 4214.866070105044 224.51667454617368 563.4111213439724
    vertex 4214.814958844478 226.92844597852041 563.4111213439724
    vertex 4215.015920738801 224.87844597851986 563.4111213439724
  endloop
endfacet
facet normal 0.0 -5.88418203051333e-15 -1.0
  outer loop
    vertex 4215.015920738801 224.87844597851986 563.4111213439724
    vertex 4214.814958844478 226.92844597852041 563.4111213439724
    vertex 4215.254298672698 225.18910615029975 563.4111213439724
  endloop
endfacet
facet normal 0.0 -5.88418203051333e-15 -1.0
  outer loop
    vertex 4215.254298672698 225.18910615029975 563.4111213439724
    vertex 4214.814958844478 226.92844597852041 563.4111213439724
    vertex 4215.564958844478 225.42748408419664 563.4111213439724
  endloop
endfacet
facet normal 0.0 -5.88418203051333e-15 -1.0
  outer loop
    vertex 4215.564958844478 225.42748408419664 563.4111213439724
    vertex 4214.814958844478 226.92844597852041 563.4111213439724
    vertex 4215.926730276824 225.57733471795365 563.4111213439724
  endloop
endfacet
facet normal 0.0 -5.88418203051333e-15 -1.0
  outer loop
    vertex 4215.926730276824 225.57733471795365 563.4111213439724
    vertex 4214.814958844478 226.92844597852041 563.4111213439724
    vertex 4216.314958844477 225.62844597852006 563.4111213439724
  endloop
endfacet
facet normal 1.0 0.0 0.0
  outer loop
    vertex 4214.814958844478 226.92844597852041 563.4111213439724
    vertex 4214.814958844478 224.12844597851986 563.0111213439724
    vertex 4214.814958844478 226.92844597852041 563.0111213439724
  endloop
endfacet
facet normal 1.0 0.0 0.0
  outer loop
    vertex 4214.814958844478 224.12844597851986 563.0111213439724
    vertex 4214.814958844478 226.92844597852041 563.4111213439724
    vertex 4214.814958844478 224.12844597851986 563.4111213439724
  endloop
endfacet
facet normal -1.0 0.0 0.0
  outer loop
    vertex 4217.814958844478 224.12844597852023 563.4111213439724
    vertex 4217.814958844478 226.92844597852041 563.0111213439724
    vertex 4217.814958844478 224.12844597852023 563.0111213439724
  endloop
endfacet
facet normal -1.0 0.0 0.0
  outer loop
    vertex 4217.814958844478 226.92844597852041 563.0111213439724
    vertex 4217.814958844478 224.12844597852023 563.4111213439724
    vertex 4217.814958844478 226.92844597852041 563.4111213439724
  endloop
endfacet
facet normal 0.0 -5.88418203051333e-15 -1.0
  outer loop
    vertex 4217.814958844478 221.32844597852042 563.4111213439725
    vertex 4217.763847583911 223.74021741086642 563.4111213439724
    vertex 4217.814958844478 224.12844597852023 563.4111213439724
  endloop
endfacet
facet normal 0.0 -5.88418203051333e-15 -1.0
  outer loop
    vertex 4217.763847583911 223.74021741086642 563.4111213439724
    vertex 4217.814958844478 221.32844597852042 563.4111213439725
    vertex 4217.613996950154 223.3784459785202 563.4111213439724
  endloop
endfacet
facet normal 0.0 -5.88418203051333e-15 -1.0
  outer loop
    vertex 4217.613996950154 223.3784459785202 563.4111213439724
    vertex 4217.814958844478 221.32844597852042 563.4111213439725
    vertex 4217.375619016258 223.06778580674035 563.4111213439724
  endloop
endfacet
facet normal 0.0 -5.88418203051333e-15 -1.0
  outer loop
    vertex 4217.375619016258 223.06778580674035 563.4111213439724
    vertex 4217.814958844478 221.32844597852042 563.4111213439725
    vertex 4217.064958844478 222.82940787284346 563.4111213439724
  endloop
endfacet
facet normal 0.0 -5.88418203051333e-15 -1.0
  outer loop
    vertex 4217.064958844478 222.82940787284346 563.4111213439724
    vertex 4217.814958844478 221.32844597852042 563.4111213439725
    vertex 4216.703187412131 222.67955723908645 563.4111213439724
  endloop
endfacet
facet normal 0.0 -5.88418203051333e-15 -1.0
  outer loop
    vertex 4216.703187412131 222.67955723908645 563.4111213439724
    vertex 4217.814958844478 221.32844597852042 563.4111213439725
    vertex 4216.314958844478 222.62844597852003 563.4111213439724
  endloop
endfacet
facet normal 0.0 -5.88418203051333e-15 -1.0
  outer loop
    vertex 4216.314958844478 222.62844597852003 563.4111213439724
    vertex 4217.814958844478 221.32844597852042 563.4111213439725
    vertex 4214.814958844478 221.3284459785205 563.4111213439725
  endloop
endfacet
facet normal 0.0 -5.88418203051333e-15 -1.0
  outer loop
    vertex 4214.866070105044 223.74021741086605 563.4111213439724
    vertex 4214.814958844478 221.3284459785205 563.4111213439725
    vertex 4214.814958844478 224.12844597851986 563.4111213439724
  endloop
endfacet
facet normal 0.0 -5.88418203051333e-15 -1.0
  outer loop
    vertex 4214.814958844478 221.3284459785205 563.4111213439725
    vertex 4214.866070105044 223.74021741086605 563.4111213439724
    vertex 4215.015920738801 223.37844597851986 563.4111213439724
  endloop
endfacet
facet normal 0.0 -5.88418203051333e-15 -1.0
  outer loop
    vertex 4214.814958844478 221.3284459785205 563.4111213439725
    vertex 4215.015920738801 223.37844597851986 563.4111213439724
    vertex 4215.254298672698 223.06778580674006 563.4111213439724
  endloop
endfacet
facet normal 0.0 -5.88418203051333e-15 -1.0
  outer loop
    vertex 4214.814958844478 221.3284459785205 563.4111213439725
    vertex 4215.254298672698 223.06778580674006 563.4111213439724
    vertex 4215.564958844478 222.8294078728433 563.4111213439724
  endloop
endfacet
facet normal 0.0 -5.88418203051333e-15 -1.0
  outer loop
    vertex 4214.814958844478 221.3284459785205 563.4111213439725
    vertex 4215.564958844478 222.8294078728433 563.4111213439724
    vertex 4215.926730276824 222.67955723908636 563.4111213439724
  endloop
endfacet
facet normal 0.0 -5.88418203051333e-15 -1.0
  outer loop
    vertex 4214.814958844478 221.3284459785205 563.4111213439725
    vertex 4215.926730276824 222.67955723908636 563.4111213439724
    vertex 4216.314958844478 222.62844597852003 563.4111213439724
  endloop
endfacet
facet normal 1.0 0.0 0.0
  outer loop
    vertex 4214.814958844478 224.12844597851986 563.4111213439724
    vertex 4214.814958844478 221.3284459785205 563.0111213439724
    vertex 4214.814958844478 224.12844597851986 563.0111213439724
  endloop
endfacet
facet normal 1.0 0.0 0.0
  outer loop
    vertex 4214.814958844478 221.3284459785205 563.0111213439724
    vertex 4214.814958844478 224.12844597851986 563.4111213439724
    vertex 4214.814958844478 221.3284459785205 563.4111213439725
  endloop
endfacet
facet normal -1.0 0.0 0.0
  outer loop
    vertex 4217.814958844478 221.32844597852042 563.4111213439725
    vertex 4217.814958844478 224.12844597852023 563.0111213439724
    vertex 4217.814958844478 221.32844597852042 563.0111213439724
  endloop
endfacet
facet normal -1.0 0.0 0.0
  outer loop
    vertex 4217.814958844478 224.12844597852023 563.0111213439724
    vertex 4217.814958844478 221.32844597852042 563.4111213439725
    vertex 4217.814958844478 224.12844597852023 563.4111213439724
  endloop
endfacet
facet normal 0.0 -5.88418203051333e-15 -1.0
  outer loop
    vertex 4228.814958844478 221.32844597852042 563.4111213439724
    vertex 4228.763847583912 223.7402174108665 563.4111213439724
    vertex 4228.814958844478 224.12844597852032 563.4111213439724
  endloop
endfacet
facet normal 0.0 -5.88418203051333e-15 -1.0
  outer loop
    vertex 4228.763847583912 223.7402174108665 563.4111213439724
    vertex 4228.814958844478 221.32844597852042 563.4111213439724
    vertex 4228.613996950155 223.37844597852032 563.4111213439724
  endloop
endfacet
facet normal 0.0 -5.88418203051333e-15 -1.0
  outer loop
    vertex 4228.613996950155 223.37844597852032 563.4111213439724
    vertex 4228.814958844478 221.32844597852042 563.4111213439724
    vertex 4228.375619016258 223.06778580674043 563.4111213439724
  endloop
endfacet
facet normal 0.0 -5.88418203051333e-15 -1.0
  outer loop
    vertex 4228.375619016258 223.06778580674043 563.4111213439724
    vertex 4228.814958844478 221.32844597852042 563.4111213439724
    vertex 4228.064958844478 222.82940787284355 563.4111213439724
  endloop
endfacet
facet normal 0.0 -5.88418203051333e-15 -1.0
  outer loop
    vertex 4228.064958844478 222.82940787284355 563.4111213439724
    vertex 4228.814958844478 221.32844597852042 563.4111213439724
    vertex 4227.703187412132 222.67955723908662 563.4111213439724
  endloop
endfacet
facet normal 0.0 -5.88418203051333e-15 -1.0
  outer loop
    vertex 4227.703187412132 222.67955723908662 563.4111213439724
    vertex 4228.814958844478 221.32844597852042 563.4111213439724
    vertex 4227.3149588444785 222.6284459785202 563.4111213439724
  endloop
endfacet
facet normal 0.0 -5.88418203051333e-15 -1.0
  outer loop
    vertex 4225.866070105045 223.74021741086634 563.4111213439724
    vertex 4225.814958844478 221.32844597852042 563.4111213439724
    vertex 4225.814958844478 224.12844597852015 563.4111213439724
  endloop
endfacet
facet normal 0.0 -5.88418203051333e-15 -1.0
  outer loop
    vertex 4225.814958844478 221.32844597852042 563.4111213439724
    vertex 4225.866070105045 223.74021741086634 563.4111213439724
    vertex 4226.015920738801 223.37844597852012 563.4111213439724
  endloop
endfacet
facet normal 0.0 -5.88418203051333e-15 -1.0
  outer loop
    vertex 4225.814958844478 221.32844597852042 563.4111213439724
    vertex 4226.015920738801 223.37844597852012 563.4111213439724
    vertex 4226.2542986726985 223.06778580674035 563.4111213439724
  endloop
endfacet
facet normal 0.0 -5.88418203051333e-15 -1.0
  outer loop
    vertex 4225.814958844478 221.32844597852042 563.4111213439724
    vertex 4226.2542986726985 223.06778580674035 563.4111213439724
    vertex 4226.564958844478 222.82940787284346 563.4111213439724
  endloop
endfacet
facet normal 0.0 -5.88418203051333e-15 -1.0
  outer loop
    vertex 4225.814958844478 221.32844597852042 563.4111213439724
    vertex 4226.564958844478 222.82940787284346 563.4111213439724
    vertex 4226.926730276824 222.67955723908662 563.4111213439724
  endloop
endfacet
facet normal 0.0 -5.88418203051333e-15 -1.0
  outer loop
    vertex 4225.814958844478 221.32844597852042 563.4111213439724
    vertex 4226.926730276824 222.67955723908662 563.4111213439724
    vertex 4227.3149588444785 222.6284459785202 563.4111213439724
  endloop
endfacet
facet normal 0.0 -5.88418203051333e-15 -1.0
  outer loop
    vertex 4225.814958844478 221.32844597852042 563.4111213439724
    vertex 4227.3149588444785 222.6284459785202 563.4111213439724
    vertex 4228.814958844478 221.32844597852042 563.4111213439724
  endloop
endfacet
facet normal 1.0 0.0 0.0
  outer loop
    vertex 4225.814958844478 224.12844597852015 563.4111213439724
    vertex 4225.814958844478 221.32844597852042 563.0111213439724
    vertex 4225.814958844478 224.12844597852015 563.0111213439723
  endloop
endfacet
facet normal 1.0 0.0 0.0
  outer loop
    vertex 4225.814958844478 221.32844597852042 563.0111213439724
    vertex 4225.814958844478 224.12844597852015 563.4111213439724
    vertex 4225.814958844478 221.32844597852042 563.4111213439724
  endloop
endfacet
facet normal -1.0 0.0 0.0
  outer loop
    vertex 4228.814958844478 221.32844597852042 563.4111213439724
    vertex 4228.814958844478 224.12844597852032 563.0111213439723
    vertex 4228.814958844478 221.32844597852042 563.0111213439724
  endloop
endfacet
facet normal -1.0 0.0 0.0
  outer loop
    vertex 4228.814958844478 224.12844597852032 563.0111213439723
    vertex 4228.814958844478 221.32844597852042 563.4111213439724
    vertex 4228.814958844478 224.12844597852032 563.4111213439724
  endloop
endfacet
facet normal 0.0 -5.88418203051333e-15 -1.0
  outer loop
    vertex 4228.814958844478 226.9284459785203 563.4111213439724
    vertex 4228.064958844478 225.42748408419698 563.4111213439724
    vertex 4225.814958844478 226.9284459785203 563.4111213439724
  endloop
endfacet
facet normal 0.0 -5.88418203051333e-15 -1.0
  outer loop
    vertex 4228.064958844478 225.42748408419698 563.4111213439724
    vertex 4228.814958844478 226.9284459785203 563.4111213439724
    vertex 4228.375619016258 225.18910615030012 563.4111213439724
  endloop
endfacet
facet normal 0.0 -5.88418203051333e-15 -1.0
  outer loop
    vertex 4228.375619016258 225.18910615030012 563.4111213439724
    vertex 4228.814958844478 226.9284459785203 563.4111213439724
    vertex 4228.613996950155 224.87844597852032 563.4111213439724
  endloop
endfacet
facet normal 0.0 -5.88418203051333e-15 -1.0
  outer loop
    vertex 4228.613996950155 224.87844597852032 563.4111213439724
    vertex 4228.814958844478 226.9284459785203 563.4111213439724
    vertex 4228.763847583912 224.51667454617413 563.4111213439724
  endloop
endfacet
facet normal 0.0 -5.88418203051333e-15 -1.0
  outer loop
    vertex 4228.763847583912 224.51667454617413 563.4111213439724
    vertex 4228.814958844478 226.9284459785203 563.4111213439724
    vertex 4228.814958844478 224.12844597852032 563.4111213439724
  endloop
endfacet
facet normal 0.0 -5.88418203051333e-15 -1.0
  outer loop
    vertex 4225.814958844478 226.9284459785203 563.4111213439724
    vertex 4228.064958844478 225.42748408419698 563.4111213439724
    vertex 4227.703187412131 225.57733471795382 563.4111213439724
  endloop
endfacet
facet normal 0.0 -5.88418203051333e-15 -1.0
  outer loop
    vertex 4225.814958844478 226.9284459785203 563.4111213439724
    vertex 4227.703187412131 225.57733471795382 563.4111213439724
    vertex 4227.314958844478 225.62844597852023 563.4111213439724
  endloop
endfacet
facet normal 0.0 -5.88418203051333e-15 -1.0
  outer loop
    vertex 4225.814958844478 226.9284459785203 563.4111213439724
    vertex 4225.866070105045 224.51667454617393 563.4111213439724
    vertex 4225.814958844478 224.12844597852015 563.4111213439724
  endloop
endfacet
facet normal 0.0 -5.88418203051333e-15 -1.0
  outer loop
    vertex 4225.866070105045 224.51667454617393 563.4111213439724
    vertex 4225.814958844478 226.9284459785203 563.4111213439724
    vertex 4226.015920738801 224.87844597852015 563.4111213439724
  endloop
endfacet
facet normal 0.0 -5.88418203051333e-15 -1.0
  outer loop
    vertex 4226.015920738801 224.87844597852015 563.4111213439724
    vertex 4225.814958844478 226.9284459785203 563.4111213439724
    vertex 4226.2542986726985 225.18910615030003 563.4111213439724
  endloop
endfacet
facet normal 0.0 -5.88418203051333e-15 -1.0
  outer loop
    vertex 4226.2542986726985 225.18910615030003 563.4111213439724
    vertex 4225.814958844478 226.9284459785203 563.4111213439724
    vertex 4226.564958844478 225.4274840841969 563.4111213439724
  endloop
endfacet
facet normal 0.0 -5.88418203051333e-15 -1.0
  outer loop
    vertex 4226.564958844478 225.4274840841969 563.4111213439724
    vertex 4225.814958844478 226.9284459785203 563.4111213439724
    vertex 4226.926730276824 225.57733471795382 563.4111213439724
  endloop
endfacet
facet normal 0.0 -5.88418203051333e-15 -1.0
  outer loop
    vertex 4226.926730276824 225.57733471795382 563.4111213439724
    vertex 4225.814958844478 226.9284459785203 563.4111213439724
    vertex 4227.314958844478 225.62844597852023 563.4111213439724
  endloop
endfacet
facet normal 1.0 0.0 0.0
  outer loop
    vertex 4225.814958844478 226.9284459785203 563.4111213439724
    vertex 4225.814958844478 224.12844597852015 563.0111213439723
    vertex 4225.814958844478 226.9284459785203 563.0111213439723
  endloop
endfacet
facet normal 1.0 0.0 0.0
  outer loop
    vertex 4225.814958844478 224.12844597852015 563.0111213439723
    vertex 4225.814958844478 226.9284459785203 563.4111213439724
    vertex 4225.814958844478 224.12844597852015 563.4111213439724
  endloop
endfacet
facet normal -1.0 0.0 0.0
  outer loop
    vertex 4228.814958844478 224.12844597852032 563.4111213439724
    vertex 4228.814958844478 226.9284459785203 563.0111213439723
    vertex 4228.814958844478 224.12844597852032 563.0111213439723
  endloop
endfacet
facet normal -1.0 0.0 0.0
  outer loop
    vertex 4228.814958844478 226.9284459785203 563.0111213439723
    vertex 4228.814958844478 224.12844597852032 563.4111213439724
    vertex 4228.814958844478 226.9284459785203 563.4111213439724
  endloop
endfacet
facet normal 4.2661126321961995e-15 8.745783365613584e-15 1.0
  outer loop
    vertex 4216.314958844477 225.62844597852006 566.0111213439724
    vertex 4226.926730276824 225.57733471795382 566.0111213439721
    vertex 4227.314958844478 225.62844597852023 566.0111213439721
  endloop
endfacet
facet normal 4.2661126321961995e-15 8.745783365613584e-15 1.0
  outer loop
    vertex 4226.926730276824 225.57733471795382 566.0111213439721
    vertex 4216.314958844477 225.62844597852006 566.0111213439724
    vertex 4216.703187412131 225.57733471795373 566.0111213439724
  endloop
endfacet
facet normal 4.2661126321961995e-15 8.745783365613584e-15 1.0
  outer loop
    vertex 4226.926730276824 225.57733471795382 566.0111213439721
    vertex 4216.703187412131 225.57733471795373 566.0111213439724
    vertex 4226.564958844478 225.4274840841969 566.0111213439721
  endloop
endfacet
facet normal 4.2661126321961995e-15 8.745783365613584e-15 1.0
  outer loop
    vertex 4226.564958844478 225.4274840841969 566.0111213439721
    vertex 4216.703187412131 225.57733471795373 566.0111213439724
    vertex 4217.064958844478 225.4274840841968 566.0111213439724
  endloop
endfacet
facet normal 4.2661126321961995e-15 8.745783365613584e-15 1.0
  outer loop
    vertex 4226.564958844478 225.4274840841969 566.0111213439721
    vertex 4217.064958844478 225.4274840841968 566.0111213439724
    vertex 4226.2542986726985 225.18910615030003 566.0111213439721
  endloop
endfacet
facet normal 4.2661126321961995e-15 8.745783365613584e-15 1.0
  outer loop
    vertex 4226.2542986726985 225.18910615030003 566.0111213439721
    vertex 4217.064958844478 225.4274840841968 566.0111213439724
    vertex 4217.375619016258 225.18910615030003 566.0111213439724
  endloop
endfacet
facet normal 4.2661126321961995e-15 8.745783365613584e-15 1.0
  outer loop
    vertex 4226.2542986726985 225.18910615030003 566.0111213439721
    vertex 4217.375619016258 225.18910615030003 566.0111213439724
    vertex 4217.613996950154 224.87844597852023 566.0111213439724
  endloop
endfacet
facet normal 4.2661126321961995e-15 8.745783365613584e-15 1.0
  outer loop
    vertex 4226.2542986726985 225.18910615030003 566.0111213439721
    vertex 4217.613996950154 224.87844597852023 566.0111213439724
    vertex 4226.015920738801 224.87844597852015 566.0111213439721
  endloop
endfacet
facet normal 4.2661126321961995e-15 8.745783365613584e-15 1.0
  outer loop
    vertex 4226.015920738801 224.87844597852015 566.0111213439721
    vertex 4217.613996950154 224.87844597852023 566.0111213439724
    vertex 4217.763847583911 224.51667454617402 566.0111213439724
  endloop
endfacet
facet normal 4.2661126321961995e-15 8.745783365613584e-15 1.0
  outer loop
    vertex 4226.015920738801 224.87844597852015 566.0111213439721
    vertex 4217.763847583911 224.51667454617402 566.0111213439724
    vertex 4225.866070105045 224.51667454617393 566.0111213439721
  endloop
endfacet
facet normal 4.2661126321961995e-15 8.745783365613584e-15 1.0
  outer loop
    vertex 4225.866070105045 224.51667454617393 566.0111213439721
    vertex 4217.763847583911 224.51667454617402 566.0111213439724
    vertex 4217.814958844478 224.12844597852026 566.0111213439724
  endloop
endfacet
facet normal 4.2661126321961995e-15 8.745783365613584e-15 1.0
  outer loop
    vertex 4225.866070105045 224.51667454617393 566.0111213439721
    vertex 4217.814958844478 224.12844597852026 566.0111213439724
    vertex 4225.814958844478 224.12844597852018 566.0111213439721
  endloop
endfacet
facet normal 4.2661126321961995e-15 8.745783365613584e-15 1.0
  outer loop
    vertex 4225.814958844478 224.12844597852018 566.0111213439721
    vertex 4217.814958844478 224.12844597852026 566.0111213439724
    vertex 4217.763847583911 223.74021741086648 566.0111213439724
  endloop
endfacet
facet normal 4.2661126321961995e-15 8.745783365613584e-15 1.0
  outer loop
    vertex 4225.814958844478 224.12844597852018 566.0111213439721
    vertex 4217.763847583911 223.74021741086648 566.0111213439724
    vertex 4225.866070105045 223.7402174108664 566.0111213439721
  endloop
endfacet
facet normal 4.2661126321961995e-15 8.745783365613584e-15 1.0
  outer loop
    vertex 4225.866070105045 223.7402174108664 566.0111213439721
    vertex 4217.763847583911 223.74021741086648 566.0111213439724
    vertex 4217.613996950154 223.37844597852026 566.0111213439724
  endloop
endfacet
facet normal 4.2661126321961995e-15 8.745783365613584e-15 1.0
  outer loop
    vertex 4225.866070105045 223.7402174108664 566.0111213439721
    vertex 4217.613996950154 223.37844597852026 566.0111213439724
    vertex 4226.015920738801 223.37844597852018 566.0111213439721
  endloop
endfacet
facet normal 4.2661126321961995e-15 8.745783365613584e-15 1.0
  outer loop
    vertex 4226.015920738801 223.37844597852018 566.0111213439721
    vertex 4217.613996950154 223.37844597852026 566.0111213439724
    vertex 4217.375619016258 223.06778580674037 566.0111213439724
  endloop
endfacet
facet normal 4.2661126321961995e-15 8.745783365613584e-15 1.0
  outer loop
    vertex 4226.015920738801 223.37844597852018 566.0111213439721
    vertex 4217.375619016258 223.06778580674037 566.0111213439724
    vertex 4226.2542986726985 223.06778580674037 566.0111213439721
  endloop
endfacet
facet normal 4.2661126321961995e-15 8.745783365613584e-15 1.0
  outer loop
    vertex 4226.2542986726985 223.06778580674037 566.0111213439721
    vertex 4217.375619016258 223.06778580674037 566.0111213439724
    vertex 4217.064958844478 222.82940787284352 566.0111213439724
  endloop
endfacet
facet normal 4.2661126321961995e-15 8.745783365613584e-15 1.0
  outer loop
    vertex 4226.2542986726985 223.06778580674037 566.0111213439721
    vertex 4217.064958844478 222.82940787284352 566.0111213439724
    vertex 4226.564958844478 222.82940787284352 566.0111213439721
  endloop
endfacet
facet normal 4.2661126321961995e-15 8.745783365613584e-15 1.0
  outer loop
    vertex 4226.564958844478 222.82940787284352 566.0111213439721
    vertex 4217.064958844478 222.82940787284352 566.0111213439724
    vertex 4216.703187412131 222.67955723908648 566.0111213439724
  endloop
endfacet
facet normal 4.2661126321961995e-15 8.745783365613584e-15 1.0
  outer loop
    vertex 4226.564958844478 222.82940787284352 566.0111213439721
    vertex 4216.703187412131 222.67955723908648 566.0111213439724
    vertex 4226.926730276824 222.67955723908668 566.0111213439721
  endloop
endfacet
facet normal 4.2661126321961995e-15 8.745783365613584e-15 1.0
  outer loop
    vertex 4226.926730276824 222.67955723908668 566.0111213439721
    vertex 4216.703187412131 222.67955723908648 566.0111213439724
    vertex 4227.3149588444785 222.62844597852026 566.0111213439721
  endloop
endfacet
facet normal 4.2661126321961995e-15 8.745783365613584e-15 1.0
  outer loop
    vertex 4227.3149588444785 222.62844597852026 566.0111213439721
    vertex 4216.703187412131 222.67955723908648 566.0111213439724
    vertex 4216.314958844478 222.62844597852006 566.0111213439724
  endloop
endfacet
facet normal 4.2661126321961995e-15 8.745783365613584e-15 1.0
  outer loop
    vertex 4199.314958844478 212.12844597851984 566.0111213439725
    vertex 4199.3651030201145 230.683404110608 566.0111213439721
    vertex 4199.314958844478 231.12844597852063 566.0111213439721
  endloop
endfacet
facet normal 4.2661126321961995e-15 8.745783365613584e-15 1.0
  outer loop
    vertex 4199.3651030201145 230.683404110608 566.0111213439721
    vertex 4199.314958844478 212.12844597851984 566.0111213439725
    vertex 4199.5130211086735 230.2606785002855 566.0111213439721
  endloop
endfacet
facet normal 4.2661126321961995e-15 8.745783365613584e-15 1.0
  outer loop
    vertex 4199.5130211086735 230.2606785002855 566.0111213439721
    vertex 4199.314958844478 212.12844597851984 566.0111213439725
    vertex 4199.751295879541 229.88146637480313 566.0111213439721
  endloop
endfacet
facet normal 4.2661126321961995e-15 8.745783365613584e-15 1.0
  outer loop
    vertex 4199.751295879541 229.88146637480313 566.0111213439721
    vertex 4199.314958844478 212.12844597851984 566.0111213439725
    vertex 4200.067979240761 229.56478301358456 566.0111213439721
  endloop
endfacet
facet normal 4.2661126321961995e-15 8.745783365613584e-15 1.0
  outer loop
    vertex 4200.067979240761 229.56478301358456 566.0111213439721
    vertex 4199.314958844478 212.12844597851984 566.0111213439725
    vertex 4200.447191366242 229.32650824271582 566.011121343972
  endloop
endfacet
facet normal 4.2661126321961995e-15 8.745783365613584e-15 1.0
  outer loop
    vertex 4200.447191366242 229.32650824271582 566.011121343972
    vertex 4199.314958844478 212.12844597851984 566.0111213439725
    vertex 4200.869916976565 229.178590154157 566.011121343972
  endloop
endfacet
facet normal 4.2661126321961995e-15 8.745783365613584e-15 1.0
  outer loop
    vertex 4200.869916976565 229.178590154157 566.011121343972
    vertex 4199.314958844478 212.12844597851984 566.0111213439725
    vertex 4201.314958844478 229.12844597852063 566.011121343972
  endloop
endfacet
facet normal 4.2661126321961995e-15 8.745783365613584e-15 1.0
  outer loop
    vertex 4201.314958844478 229.12844597852063 566.011121343972
    vertex 4199.314958844478 212.12844597851984 566.0111213439725
    vertex 4212.564958844478 229.12844597852026 566.011121343972
  endloop
endfacet
facet normal 4.2661126321961995e-15 8.745783365613584e-15 1.0
  outer loop
    vertex 4212.564958844478 229.12844597852026 566.011121343972
    vertex 4199.314958844478 212.12844597851984 566.0111213439725
    vertex 4214.036531719724 228.80001885377413 566.0111213439725
  endloop
endfacet
facet normal 4.2661126321961995e-15 8.745783365613584e-15 1.0
  outer loop
    vertex 4214.036531719724 228.80001885377413 566.0111213439725
    vertex 4199.314958844478 212.12844597851984 566.0111213439725
    vertex 4214.864958844471 228.16434436338258 566.0111213439725
  endloop
endfacet
facet normal 4.2661126321961995e-15 8.745783365613584e-15 1.0
  outer loop
    vertex 4214.864958844471 228.16434436338258 566.0111213439725
    vertex 4199.314958844478 212.12844597851984 566.0111213439725
    vertex 4215.829682664064 227.7647426733648 566.0111213439725
  endloop
endfacet
facet normal 4.2661126321961995e-15 8.745783365613584e-15 1.0
  outer loop
    vertex 4215.829682664064 227.7647426733648 566.0111213439725
    vertex 4199.314958844478 212.12844597851984 566.0111213439725
    vertex 4216.864958844476 227.62844597852077 566.0111213439725
  endloop
endfacet
facet normal 4.2661126321961995e-15 8.745783365613584e-15 1.0
  outer loop
    vertex 4216.864958844476 227.62844597852077 566.0111213439725
    vertex 4199.314958844478 212.12844597851984 566.0111213439725
    vertex 4215.254298672698 225.18910615029975 566.0111213439724
  endloop
endfacet
facet normal 4.2661126321961995e-15 8.745783365613584e-15 1.0
  outer loop
    vertex 4216.864958844476 227.62844597852077 566.0111213439725
    vertex 4215.254298672698 225.18910615029975 566.0111213439724
    vertex 4215.564958844478 225.42748408419664 566.0111213439724
  endloop
endfacet
facet normal 4.2661126321961995e-15 8.745783365613584e-15 1.0
  outer loop
    vertex 4216.864958844476 227.62844597852077 566.0111213439725
    vertex 4215.564958844478 225.42748408419664 566.0111213439724
    vertex 4215.926730276824 225.57733471795365 566.0111213439724
  endloop
endfacet
facet normal 4.2661126321961995e-15 8.745783365613584e-15 1.0
  outer loop
    vertex 4216.864958844476 227.62844597852077 566.0111213439725
    vertex 4215.926730276824 225.57733471795365 566.0111213439724
    vertex 4216.314958844477 225.62844597852006 566.0111213439724
  endloop
endfacet
facet normal 4.2661126321961995e-15 8.745783365613584e-15 1.0
  outer loop
    vertex 4216.864958844476 227.62844597852077 566.0111213439725
    vertex 4216.314958844477 225.62844597852006 566.0111213439724
    vertex 4227.314958844478 225.62844597852023 566.0111213439721
  endloop
endfacet
facet normal 4.2661126321961995e-15 8.745783365613584e-15 1.0
  outer loop
    vertex 4215.254298672698 225.18910615029975 566.0111213439724
    vertex 4199.314958844478 212.12844597851984 566.0111213439725
    vertex 4215.015920738801 224.87844597851986 566.0111213439724
  endloop
endfacet
facet normal 4.2661126321961995e-15 8.745783365613584e-15 1.0
  outer loop
    vertex 4215.015920738801 224.87844597851986 566.0111213439724
    vertex 4199.314958844478 212.12844597851984 566.0111213439725
    vertex 4214.866070105044 224.51667454617368 566.0111213439724
  endloop
endfacet
facet normal 4.2661126321961995e-15 8.745783365613584e-15 1.0
  outer loop
    vertex 4214.866070105044 224.51667454617368 566.0111213439724
    vertex 4199.314958844478 212.12844597851984 566.0111213439725
    vertex 4214.814958844478 224.12844597851992 566.0111213439724
  endloop
endfacet
facet normal 4.2661126321961995e-15 8.745783365613584e-15 1.0
  outer loop
    vertex 4214.814958844478 224.12844597851992 566.0111213439724
    vertex 4199.314958844478 212.12844597851984 566.0111213439725
    vertex 4214.866070105044 223.7402174108661 566.0111213439724
  endloop
endfacet
facet normal 4.2661126321961995e-15 8.745783365613584e-15 1.0
  outer loop
    vertex 4214.866070105044 223.7402174108661 566.0111213439724
    vertex 4199.314958844478 212.12844597851984 566.0111213439725
    vertex 4215.015920738801 223.3784459785199 566.0111213439724
  endloop
endfacet
facet normal 4.2661126321961995e-15 8.745783365613584e-15 1.0
  outer loop
    vertex 4215.015920738801 223.3784459785199 566.0111213439724
    vertex 4199.314958844478 212.12844597851984 566.0111213439725
    vertex 4215.254298672698 223.06778580674012 566.0111213439724
  endloop
endfacet
facet normal 4.2661126321961995e-15 8.745783365613584e-15 1.0
  outer loop
    vertex 4215.254298672698 223.06778580674012 566.0111213439724
    vertex 4199.314958844478 212.12844597851984 566.0111213439725
    vertex 4215.564958844478 222.82940787284332 566.0111213439724
  endloop
endfacet
facet normal 4.2661126321961995e-15 8.745783365613584e-15 1.0
  outer loop
    vertex 4215.564958844478 222.82940787284332 566.0111213439724
    vertex 4199.314958844478 212.12844597851984 566.0111213439725
    vertex 4215.926730276824 222.6795572390864 566.0111213439724
  endloop
endfacet
facet normal 4.2661126321961995e-15 8.745783365613584e-15 1.0
  outer loop
    vertex 4215.926730276824 222.6795572390864 566.0111213439724
    vertex 4199.314958844478 212.12844597851984 566.0111213439725
    vertex 4216.314958844478 222.62844597852006 566.0111213439724
  endloop
endfacet
facet normal 4.2661126321961995e-15 8.745783365613584e-15 1.0
  outer loop
    vertex 4216.314958844478 222.62844597852006 566.0111213439724
    vertex 4199.314958844478 212.12844597851984 566.0111213439725
    vertex 4204.297320754273 213.06029763109805 566.0111213439725
  endloop
endfacet
facet normal 4.2661126321961995e-15 8.745783365613584e-15 1.0
  outer loop
    vertex 4216.314958844478 222.62844597852006 566.0111213439724
    vertex 4204.297320754273 213.06029763109805 566.0111213439725
    vertex 4204.814958844478 213.1284459785199 566.0111213439725
  endloop
endfacet
facet normal 4.2661126321961995e-15 8.745783365613584e-15 1.0
  outer loop
    vertex 4216.314958844478 222.62844597852006 566.0111213439724
    vertex 4204.814958844478 213.1284459785199 566.0111213439725
    vertex 4238.814958844478 213.12844597852043 566.0111213439723
  endloop
endfacet
facet normal 4.2661126321961995e-15 8.745783365613584e-15 1.0
  outer loop
    vertex 4204.297320754273 213.06029763109805 566.0111213439725
    vertex 4199.314958844478 212.12844597851984 566.0111213439725
    vertex 4203.814958844478 212.86049678608876 566.0111213439725
  endloop
endfacet
facet normal 4.2661126321961995e-15 8.745783365613584e-15 1.0
  outer loop
    vertex 4203.814958844478 212.86049678608876 566.0111213439725
    vertex 4199.314958844478 212.12844597851984 566.0111213439725
    vertex 4203.400745282104 212.542659540893 566.0111213439725
  endloop
endfacet
facet normal 4.2661126321961995e-15 8.745783365613584e-15 1.0
  outer loop
    vertex 4203.400745282104 212.542659540893 566.0111213439725
    vertex 4199.314958844478 212.12844597851984 566.0111213439725
    vertex 4203.0829080369085 212.12844597851984 566.0111213439725
  endloop
endfacet
facet normal 4.2661126321961995e-15 8.745783365613584e-15 1.0
  outer loop
    vertex 4204.814958844478 213.1284459785199 566.0111213439725
    vertex 4238.297320754273 213.0602976310986 566.0111213439723
    vertex 4238.814958844478 213.12844597852043 566.0111213439723
  endloop
endfacet
facet normal 4.2661126321961995e-15 8.745783365613584e-15 1.0
  outer loop
    vertex 4238.297320754273 213.0602976310986 566.0111213439723
    vertex 4204.814958844478 213.1284459785199 566.0111213439725
    vertex 4205.332596934683 213.06029763109805 566.0111213439725
  endloop
endfacet
facet normal 4.2661126321961995e-15 8.745783365613584e-15 1.0
  outer loop
    vertex 4238.297320754273 213.0602976310986 566.0111213439723
    vertex 4205.332596934683 213.06029763109805 566.0111213439725
    vertex 4237.814958844478 212.8604967860893 566.0111213439723
  endloop
endfacet
facet normal 4.2661126321961995e-15 8.745783365613584e-15 1.0
  outer loop
    vertex 4237.814958844478 212.8604967860893 566.0111213439723
    vertex 4205.332596934683 213.06029763109805 566.0111213439725
    vertex 4205.814958844478 212.86049678608876 566.0111213439725
  endloop
endfacet
facet normal 4.2661126321961995e-15 8.745783365613584e-15 1.0
  outer loop
    vertex 4237.814958844478 212.8604967860893 566.0111213439723
    vertex 4205.814958844478 212.86049678608876 566.0111213439725
    vertex 4237.400745282105 212.54265954089354 566.0111213439723
  endloop
endfacet
facet normal 4.2661126321961995e-15 8.745783365613584e-15 1.0
  outer loop
    vertex 4237.400745282105 212.54265954089354 566.0111213439723
    vertex 4205.814958844478 212.86049678608876 566.0111213439725
    vertex 4206.22917240685 212.542659540893 566.0111213439725
  endloop
endfacet
facet normal 4.2661126321961995e-15 8.745783365613584e-15 1.0
  outer loop
    vertex 4237.400745282105 212.54265954089354 566.0111213439723
    vertex 4206.22917240685 212.542659540893 566.0111213439725
    vertex 4237.0829080369085 212.12844597852038 566.0111213439723
  endloop
endfacet
facet normal 4.2661126321961995e-15 8.745783365613584e-15 1.0
  outer loop
    vertex 4237.0829080369085 212.12844597852038 566.0111213439723
    vertex 4206.22917240685 212.542659540893 566.0111213439725
    vertex 4206.547009652047 212.12844597851992 566.0111213439725
  endloop
endfacet
facet normal 4.2661126321961995e-15 8.745783365613584e-15 1.0
  outer loop
    vertex 4237.0829080369085 212.12844597852038 566.0111213439723
    vertex 4206.547009652047 212.12844597851992 566.0111213439725
    vertex 4236.883107191899 211.6460840687255 566.0111213439723
  endloop
endfacet
facet normal 4.2661126321961995e-15 8.745783365613584e-15 1.0
  outer loop
    vertex 4236.883107191899 211.6460840687255 566.0111213439723
    vertex 4206.547009652047 212.12844597851992 566.0111213439725
    vertex 4206.746810497056 211.64608406872495 566.0111213439725
  endloop
endfacet
facet normal 4.2661126321961995e-15 8.745783365613584e-15 1.0
  outer loop
    vertex 4236.883107191899 211.6460840687255 566.0111213439723
    vertex 4206.746810497056 211.64608406872495 566.0111213439725
    vertex 4236.8149588444785 211.12844597852043 566.0111213439723
  endloop
endfacet
facet normal 4.2661126321961995e-15 8.745783365613584e-15 1.0
  outer loop
    vertex 4236.8149588444785 211.12844597852043 566.0111213439723
    vertex 4206.746810497056 211.64608406872495 566.0111213439725
    vertex 4206.814958844478 211.1284459785199 566.0111213439725
  endloop
endfacet
facet normal 4.2661126321961995e-15 8.745783365613584e-15 1.0
  outer loop
    vertex 4236.8149588444785 211.12844597852043 566.0111213439723
    vertex 4206.814958844478 211.1284459785199 566.0111213439725
    vertex 4236.883107191899 210.61080788831535 566.0111213439723
  endloop
endfacet
facet normal 4.2661126321961995e-15 8.745783365613584e-15 1.0
  outer loop
    vertex 4236.883107191899 210.61080788831535 566.0111213439723
    vertex 4206.814958844478 211.1284459785199 566.0111213439725
    vertex 4206.746810497056 210.6108078883148 566.0111213439725
  endloop
endfacet
facet normal 4.2661126321961995e-15 8.745783365613584e-15 1.0
  outer loop
    vertex 4236.883107191899 210.61080788831535 566.0111213439723
    vertex 4206.746810497056 210.6108078883148 566.0111213439725
    vertex 4237.0829080369085 210.12844597852038 566.0111213439723
  endloop
endfacet
facet normal 4.2661126321961995e-15 8.745783365613584e-15 1.0
  outer loop
    vertex 4237.0829080369085 210.12844597852038 566.0111213439723
    vertex 4206.746810497056 210.6108078883148 566.0111213439725
    vertex 4206.547009652047 210.12844597851995 566.0111213439725
  endloop
endfacet
facet normal 4.2661126321961995e-15 8.745783365613584e-15 1.0
  outer loop
    vertex 4237.0829080369085 210.12844597852038 566.0111213439723
    vertex 4206.547009652047 210.12844597851995 566.0111213439725
    vertex 4237.400745282105 209.71423241614733 566.0111213439723
  endloop
endfacet
facet normal 4.2661126321961995e-15 8.745783365613584e-15 1.0
  outer loop
    vertex 4237.400745282105 209.71423241614733 566.0111213439723
    vertex 4206.547009652047 210.12844597851995 566.0111213439725
    vertex 4206.22917240685 209.71423241614679 566.0111213439725
  endloop
endfacet
facet normal 4.2661126321961995e-15 8.745783365613584e-15 1.0
  outer loop
    vertex 4237.400745282105 209.71423241614733 566.0111213439723
    vertex 4206.22917240685 209.71423241614679 566.0111213439725
    vertex 4237.814958844478 209.39639517095156 566.0111213439723
  endloop
endfacet
facet normal 4.2661126321961995e-15 8.745783365613584e-15 1.0
  outer loop
    vertex 4237.814958844478 209.39639517095156 566.0111213439723
    vertex 4206.22917240685 209.71423241614679 566.0111213439725
    vertex 4205.814958844478 209.39639517095102 566.0111213439725
  endloop
endfacet
facet normal 4.2661126321961995e-15 8.745783365613584e-15 1.0
  outer loop
    vertex 4237.814958844478 209.39639517095156 566.0111213439723
    vertex 4205.814958844478 209.39639517095102 566.0111213439725
    vertex 4238.297320754273 209.19659432594227 566.0111213439723
  endloop
endfacet
facet normal 4.2661126321961995e-15 8.745783365613584e-15 1.0
  outer loop
    vertex 4238.297320754273 209.19659432594227 566.0111213439723
    vertex 4205.814958844478 209.39639517095102 566.0111213439725
    vertex 4205.332596934683 209.19659432594173 566.0111213439725
  endloop
endfacet
facet normal 4.2661126321961995e-15 8.745783365613584e-15 1.0
  outer loop
    vertex 4238.297320754273 209.19659432594227 566.0111213439723
    vertex 4205.332596934683 209.19659432594173 566.0111213439725
    vertex 4238.814958844478 209.12844597852043 566.0111213439723
  endloop
endfacet
facet normal 4.2661126321961995e-15 8.745783365613584e-15 1.0
  outer loop
    vertex 4238.814958844478 209.12844597852043 566.0111213439723
    vertex 4205.332596934683 209.19659432594173 566.0111213439725
    vertex 4204.814958844478 209.1284459785199 566.0111213439725
  endloop
endfacet
facet normal 4.2661126321961995e-15 8.745783365613584e-15 1.0
  outer loop
    vertex 4244.264814668841 230.68340411060782 566.011121343972
    vertex 4244.314958844478 212.12844597852046 566.0111213439723
    vertex 4244.314958844478 231.12844597852043 566.011121343972
  endloop
endfacet
facet normal 4.2661126321961995e-15 8.745783365613584e-15 1.0
  outer loop
    vertex 4244.314958844478 212.12844597852046 566.0111213439723
    vertex 4244.264814668841 230.68340411060782 566.011121343972
    vertex 4244.116896580283 230.2606785002853 566.011121343972
  endloop
endfacet
facet normal 4.2661126321961995e-15 8.745783365613584e-15 1.0
  outer loop
    vertex 4244.314958844478 212.12844597852046 566.0111213439723
    vertex 4244.116896580283 230.2606785002853 566.011121343972
    vertex 4243.878621809415 229.88146637480295 566.011121343972
  endloop
endfacet
facet normal 4.2661126321961995e-15 8.745783365613584e-15 1.0
  outer loop
    vertex 4244.314958844478 212.12844597852046 566.0111213439723
    vertex 4243.878621809415 229.88146637480295 566.011121343972
    vertex 4243.561938448195 229.5647830135844 566.011121343972
  endloop
endfacet
facet normal 4.2661126321961995e-15 8.745783365613584e-15 1.0
  outer loop
    vertex 4244.314958844478 212.12844597852046 566.0111213439723
    vertex 4243.561938448195 229.5647830135844 566.011121343972
    vertex 4243.182726322713 229.32650824271562 566.011121343972
  endloop
endfacet
facet normal 4.2661126321961995e-15 8.745783365613584e-15 1.0
  outer loop
    vertex 4244.314958844478 212.12844597852046 566.0111213439723
    vertex 4243.182726322713 229.32650824271562 566.011121343972
    vertex 4242.760000712391 229.17859015415684 566.011121343972
  endloop
endfacet
facet normal 4.2661126321961995e-15 8.745783365613584e-15 1.0
  outer loop
    vertex 4244.314958844478 212.12844597852046 566.0111213439723
    vertex 4242.760000712391 229.17859015415684 566.011121343972
    vertex 4242.3149588444785 229.12844597852043 566.011121343972
  endloop
endfacet
facet normal 4.2661126321961995e-15 8.745783365613584e-15 1.0
  outer loop
    vertex 4244.314958844478 212.12844597852046 566.0111213439723
    vertex 4242.3149588444785 229.12844597852043 566.011121343972
    vertex 4231.064958844478 229.12844597852026 566.011121343972
  endloop
endfacet
facet normal 4.2661126321961995e-15 8.745783365613584e-15 1.0
  outer loop
    vertex 4244.314958844478 212.12844597852046 566.0111213439723
    vertex 4231.064958844478 229.12844597852026 566.011121343972
    vertex 4228.375619016258 225.18910615030012 566.0111213439721
  endloop
endfacet
facet normal 4.2661126321961995e-15 8.745783365613584e-15 1.0
  outer loop
    vertex 4228.375619016258 225.18910615030012 566.0111213439721
    vertex 4231.064958844478 229.12844597852026 566.011121343972
    vertex 4228.064958844478 225.42748408419698 566.0111213439721
  endloop
endfacet
facet normal 4.2661126321961995e-15 8.745783365613584e-15 1.0
  outer loop
    vertex 4228.064958844478 225.42748408419698 566.0111213439721
    vertex 4231.064958844478 229.12844597852026 566.011121343972
    vertex 4227.703187412131 225.57733471795382 566.0111213439721
  endloop
endfacet
facet normal 4.2661126321961995e-15 8.745783365613584e-15 1.0
  outer loop
    vertex 4227.703187412131 225.57733471795382 566.0111213439721
    vertex 4231.064958844478 229.12844597852026 566.011121343972
    vertex 4219.693385969228 228.80001885377413 566.0111213439724
  endloop
endfacet
facet normal 4.2661126321961995e-15 8.745783365613584e-15 1.0
  outer loop
    vertex 4227.703187412131 225.57733471795382 566.0111213439721
    vertex 4219.693385969228 228.80001885377413 566.0111213439724
    vertex 4218.8649588444805 228.16434436338258 566.0111213439725
  endloop
endfacet
facet normal 4.2661126321961995e-15 8.745783365613584e-15 1.0
  outer loop
    vertex 4227.703187412131 225.57733471795382 566.0111213439721
    vertex 4218.8649588444805 228.16434436338258 566.0111213439725
    vertex 4217.900235024887 227.7647426733648 566.0111213439725
  endloop
endfacet
facet normal 4.2661126321961995e-15 8.745783365613584e-15 1.0
  outer loop
    vertex 4227.703187412131 225.57733471795382 566.0111213439721
    vertex 4217.900235024887 227.7647426733648 566.0111213439725
    vertex 4216.864958844476 227.62844597852077 566.0111213439725
  endloop
endfacet
facet normal 4.2661126321961995e-15 8.745783365613584e-15 1.0
  outer loop
    vertex 4227.703187412131 225.57733471795382 566.0111213439721
    vertex 4216.864958844476 227.62844597852077 566.0111213439725
    vertex 4227.314958844478 225.62844597852023 566.0111213439721
  endloop
endfacet
facet normal 4.2661126321961995e-15 8.745783365613584e-15 1.0
  outer loop
    vertex 4244.314958844478 212.12844597852046 566.0111213439723
    vertex 4228.375619016258 225.18910615030012 566.0111213439721
    vertex 4228.613996950155 224.87844597852032 566.0111213439721
  endloop
endfacet
facet normal 4.2661126321961995e-15 8.745783365613584e-15 1.0
  outer loop
    vertex 4244.314958844478 212.12844597852046 566.0111213439723
    vertex 4228.613996950155 224.87844597852032 566.0111213439721
    vertex 4228.763847583912 224.51667454617413 566.0111213439721
  endloop
endfacet
facet normal 4.2661126321961995e-15 8.745783365613584e-15 1.0
  outer loop
    vertex 4244.314958844478 212.12844597852046 566.0111213439723
    vertex 4228.763847583912 224.51667454617413 566.0111213439721
    vertex 4228.814958844478 224.12844597852038 566.0111213439721
  endloop
endfacet
facet normal 4.2661126321961995e-15 8.745783365613584e-15 1.0
  outer loop
    vertex 4244.314958844478 212.12844597852046 566.0111213439723
    vertex 4228.814958844478 224.12844597852038 566.0111213439721
    vertex 4228.763847583912 223.74021741086656 566.0111213439721
  endloop
endfacet
facet normal 4.2661126321961995e-15 8.745783365613584e-15 1.0
  outer loop
    vertex 4244.314958844478 212.12844597852046 566.0111213439723
    vertex 4228.763847583912 223.74021741086656 566.0111213439721
    vertex 4228.613996950155 223.37844597852035 566.0111213439721
  endloop
endfacet
facet normal 4.2661126321961995e-15 8.745783365613584e-15 1.0
  outer loop
    vertex 4244.314958844478 212.12844597852046 566.0111213439723
    vertex 4228.613996950155 223.37844597852035 566.0111213439721
    vertex 4228.375619016258 223.06778580674046 566.0111213439721
  endloop
endfacet
facet normal 4.2661126321961995e-15 8.745783365613584e-15 1.0
  outer loop
    vertex 4244.314958844478 212.12844597852046 566.0111213439723
    vertex 4228.375619016258 223.06778580674046 566.0111213439721
    vertex 4228.064958844478 222.8294078728436 566.0111213439721
  endloop
endfacet
facet normal 4.2661126321961995e-15 8.745783365613584e-15 1.0
  outer loop
    vertex 4244.314958844478 212.12844597852046 566.0111213439723
    vertex 4228.064958844478 222.8294078728436 566.0111213439721
    vertex 4227.703187412132 222.67955723908668 566.0111213439721
  endloop
endfacet
facet normal 4.2661126321961995e-15 8.745783365613584e-15 1.0
  outer loop
    vertex 4244.314958844478 212.12844597852046 566.0111213439723
    vertex 4227.703187412132 222.67955723908668 566.0111213439721
    vertex 4227.3149588444785 222.62844597852026 566.0111213439721
  endloop
endfacet
facet normal 4.2661126321961995e-15 8.745783365613584e-15 1.0
  outer loop
    vertex 4244.314958844478 212.12844597852046 566.0111213439723
    vertex 4227.3149588444785 222.62844597852026 566.0111213439721
    vertex 4216.314958844478 222.62844597852006 566.0111213439724
  endloop
endfacet
facet normal 4.2661126321961995e-15 8.745783365613584e-15 1.0
  outer loop
    vertex 4244.314958844478 212.12844597852046 566.0111213439723
    vertex 4216.314958844478 222.62844597852006 566.0111213439724
    vertex 4239.332596934683 213.0602976310986 566.0111213439723
  endloop
endfacet
facet normal 4.2661126321961995e-15 8.745783365613584e-15 1.0
  outer loop
    vertex 4239.332596934683 213.0602976310986 566.0111213439723
    vertex 4216.314958844478 222.62844597852006 566.0111213439724
    vertex 4238.814958844478 213.12844597852043 566.0111213439723
  endloop
endfacet
facet normal 4.2661126321961995e-15 8.745783365613584e-15 1.0
  outer loop
    vertex 4244.314958844478 212.12844597852046 566.0111213439723
    vertex 4239.332596934683 213.0602976310986 566.0111213439723
    vertex 4239.814958844478 212.8604967860893 566.0111213439723
  endloop
endfacet
facet normal 4.2661126321961995e-15 8.745783365613584e-15 1.0
  outer loop
    vertex 4244.314958844478 212.12844597852046 566.0111213439723
    vertex 4239.814958844478 212.8604967860893 566.0111213439723
    vertex 4240.229172406851 212.54265954089354 566.0111213439723
  endloop
endfacet
facet normal 4.2661126321961995e-15 8.745783365613584e-15 1.0
  outer loop
    vertex 4244.314958844478 212.12844597852046 566.0111213439723
    vertex 4240.229172406851 212.54265954089354 566.0111213439723
    vertex 4240.547009652048 212.12844597852046 566.0111213439723
  endloop
endfacet
facet normal 4.2661126321961995e-15 8.745783365613584e-15 1.0
  outer loop
    vertex 4234.614958844478 179.78844597852026 566.0111213439725
    vertex 4239.022323361453 177.45962389912518 566.011121343972
    vertex 4239.314958844478 177.48844597852042 566.011121343972
  endloop
endfacet
facet normal 4.2661126321961995e-15 8.745783365613584e-15 1.0
  outer loop
    vertex 4239.022323361453 177.45962389912518 566.011121343972
    vertex 4234.614958844478 179.78844597852026 566.0111213439725
    vertex 4238.740933695931 177.37426527728726 566.011121343972
  endloop
endfacet
facet normal 4.2661126321961995e-15 8.745783365613584e-15 1.0
  outer loop
    vertex 4238.740933695931 177.37426527728726 566.011121343972
    vertex 4234.614958844478 179.78844597852026 566.0111213439725
    vertex 4238.481603494948 177.23565039697417 566.011121343972
  endloop
endfacet
facet normal 4.2661126321961995e-15 8.745783365613584e-15 1.0
  outer loop
    vertex 4238.481603494948 177.23565039697417 566.011121343972
    vertex 4234.614958844478 179.78844597852026 566.0111213439725
    vertex 4234.614958844478 174.18844597852026 566.0111213439725
  endloop
endfacet
facet normal 4.2661126321961995e-15 8.745783365613584e-15 1.0
  outer loop
    vertex 4238.481603494948 177.23565039697417 566.011121343972
    vertex 4234.614958844478 174.18844597852026 566.0111213439725
    vertex 4238.2542986726985 177.0491061503002 566.011121343972
  endloop
endfacet
facet normal 4.2661126321961995e-15 8.745783365613584e-15 1.0
  outer loop
    vertex 4238.2542986726985 177.0491061503002 566.011121343972
    vertex 4234.614958844478 174.18844597852026 566.0111213439725
    vertex 4238.067754426024 176.8218013280498 566.011121343972
  endloop
endfacet
facet normal 4.2661126321961995e-15 8.745783365613584e-15 1.0
  outer loop
    vertex 4238.067754426024 176.8218013280498 566.011121343972
    vertex 4234.614958844478 174.18844597852026 566.0111213439725
    vertex 4237.929139545711 176.56247112706802 566.011121343972
  endloop
endfacet
facet normal 4.2661126321961995e-15 8.745783365613584e-15 1.0
  outer loop
    vertex 4237.929139545711 176.56247112706802 566.011121343972
    vertex 4234.614958844478 174.18844597852026 566.0111213439725
    vertex 4237.843780923873 176.28108146154457 566.011121343972
  endloop
endfacet
facet normal 4.2661126321961995e-15 8.745783365613584e-15 1.0
  outer loop
    vertex 4237.843780923873 176.28108146154457 566.011121343972
    vertex 4234.614958844478 174.18844597852026 566.0111213439725
    vertex 4237.814958844478 175.9884459785204 566.011121343972
  endloop
endfacet
facet normal 4.2661126321961995e-15 8.745783365613584e-15 1.0
  outer loop
    vertex 4237.814958844478 175.9884459785204 566.011121343972
    vertex 4234.614958844478 174.18844597852026 566.0111213439725
    vertex 4237.843780923873 175.6958104954962 566.011121343972
  endloop
endfacet
facet normal 4.2661126321961995e-15 8.745783365613584e-15 1.0
  outer loop
    vertex 4237.843780923873 175.6958104954962 566.011121343972
    vertex 4234.614958844478 174.18844597852026 566.0111213439725
    vertex 4237.929139545711 175.41442082997276 566.011121343972
  endloop
endfacet
facet normal 4.2661126321961995e-15 8.745783365613584e-15 1.0
  outer loop
    vertex 4237.929139545711 175.41442082997276 566.011121343972
    vertex 4234.614958844478 174.18844597852026 566.0111213439725
    vertex 4238.067754426024 175.15509062899096 566.011121343972
  endloop
endfacet
facet normal 4.2661126321961995e-15 8.745783365613584e-15 1.0
  outer loop
    vertex 4238.067754426024 175.15509062899096 566.011121343972
    vertex 4234.614958844478 174.18844597852026 566.0111213439725
    vertex 4238.2542986726985 174.9277858067406 566.011121343972
  endloop
endfacet
facet normal 4.2661126321961995e-15 8.745783365613584e-15 1.0
  outer loop
    vertex 4238.2542986726985 174.9277858067406 566.011121343972
    vertex 4234.614958844478 174.18844597852026 566.0111213439725
    vertex 4238.481603494948 174.74124156006658 566.011121343972
  endloop
endfacet
facet normal 4.2661126321961995e-15 8.745783365613584e-15 1.0
  outer loop
    vertex 4238.481603494948 174.74124156006658 566.011121343972
    vertex 4234.614958844478 174.18844597852026 566.0111213439725
    vertex 4238.740933695931 174.6026266797535 566.011121343972
  endloop
endfacet
facet normal 4.2661126321961995e-15 8.745783365613584e-15 1.0
  outer loop
    vertex 4238.740933695931 174.6026266797535 566.011121343972
    vertex 4234.614958844478 174.18844597852026 566.0111213439725
    vertex 4239.022323361453 174.5172680579156 566.011121343972
  endloop
endfacet
facet normal 4.2661126321961995e-15 8.745783365613584e-15 1.0
  outer loop
    vertex 4239.022323361453 174.5172680579156 566.011121343972
    vertex 4234.614958844478 174.18844597852026 566.0111213439725
    vertex 4239.314958844478 174.48844597852036 566.011121343972
  endloop
endfacet
facet normal 4.2661126321961995e-15 8.745783365613584e-15 1.0
  outer loop
    vertex 4199.314958844478 171.98844597852022 566.0111213439727
    vertex 4203.0829080369085 210.12844597851984 566.0111213439725
    vertex 4199.314958844478 210.12844597851984 566.0111213439725
  endloop
endfacet
facet normal 4.2661126321961995e-15 8.745783365613584e-15 1.0
  outer loop
    vertex 4203.0829080369085 210.12844597851984 566.0111213439725
    vertex 4199.314958844478 171.98844597852022 566.0111213439727
    vertex 4203.400745282104 209.71423241614679 566.0111213439725
  endloop
endfacet
facet normal 4.2661126321961995e-15 8.745783365613584e-15 1.0
  outer loop
    vertex 4203.400745282104 209.71423241614679 566.0111213439725
    vertex 4199.314958844478 171.98844597852022 566.0111213439727
    vertex 4203.814958844478 209.39639517095102 566.0111213439725
  endloop
endfacet
facet normal 4.2661126321961995e-15 8.745783365613584e-15 1.0
  outer loop
    vertex 4203.814958844478 209.39639517095102 566.0111213439725
    vertex 4199.314958844478 171.98844597852022 566.0111213439727
    vertex 4204.297320754273 209.19659432594173 566.0111213439725
  endloop
endfacet
facet normal 4.2661126321961995e-15 8.745783365613584e-15 1.0
  outer loop
    vertex 4204.297320754273 209.19659432594173 566.0111213439725
    vertex 4199.314958844478 171.98844597852022 566.0111213439727
    vertex 4204.814958844478 209.1284459785199 566.0111213439725
  endloop
endfacet
facet normal 4.2661126321961995e-15 8.745783365613584e-15 1.0
  outer loop
    vertex 4204.814958844478 209.1284459785199 566.0111213439725
    vertex 4199.314958844478 171.98844597852022 566.0111213439727
    vertex 4210.429139545711 204.06247112706774 566.0111213439717
  endloop
endfacet
facet normal 4.2661126321961995e-15 8.745783365613584e-15 1.0
  outer loop
    vertex 4204.814958844478 209.1284459785199 566.0111213439725
    vertex 4210.429139545711 204.06247112706774 566.0111213439717
    vertex 4210.567754426024 204.32180132804953 566.0111213439718
  endloop
endfacet
facet normal 4.2661126321961995e-15 8.745783365613584e-15 1.0
  outer loop
    vertex 4204.814958844478 209.1284459785199 566.0111213439725
    vertex 4210.567754426024 204.32180132804953 566.0111213439718
    vertex 4210.7542986726985 204.5491061502999 566.0111213439718
  endloop
endfacet
facet normal 4.2661126321961995e-15 8.745783365613584e-15 1.0
  outer loop
    vertex 4204.814958844478 209.1284459785199 566.0111213439725
    vertex 4210.7542986726985 204.5491061502999 566.0111213439718
    vertex 4210.981603494949 204.7356503969739 566.0111213439718
  endloop
endfacet
facet normal 4.2661126321961995e-15 8.745783365613584e-15 1.0
  outer loop
    vertex 4204.814958844478 209.1284459785199 566.0111213439725
    vertex 4210.981603494949 204.7356503969739 566.0111213439718
    vertex 4211.240933695931 204.87426527728698 566.0111213439718
  endloop
endfacet
facet normal 4.2661126321961995e-15 8.745783365613584e-15 1.0
  outer loop
    vertex 4204.814958844478 209.1284459785199 566.0111213439725
    vertex 4211.240933695931 204.87426527728698 566.0111213439718
    vertex 4211.522323361454 204.95962389912492 566.0111213439718
  endloop
endfacet
facet normal 4.2661126321961995e-15 8.745783365613584e-15 1.0
  outer loop
    vertex 4204.814958844478 209.1284459785199 566.0111213439725
    vertex 4211.522323361454 204.95962389912492 566.0111213439718
    vertex 4221.829682664069 207.24214928367664 566.0111213439723
  endloop
endfacet
facet normal 4.2661126321961995e-15 8.745783365613584e-15 1.0
  outer loop
    vertex 4204.814958844478 209.1284459785199 566.0111213439725
    vertex 4221.829682664069 207.24214928367664 566.0111213439723
    vertex 4222.864958844477 207.37844597851984 566.0111213439723
  endloop
endfacet
facet normal 4.2661126321961995e-15 8.745783365613584e-15 1.0
  outer loop
    vertex 4221.829682664069 207.24214928367664 566.0111213439723
    vertex 4211.522323361454 204.95962389912492 566.0111213439718
    vertex 4220.864958844478 206.84254759365902 566.0111213439723
  endloop
endfacet
facet normal 4.2661126321961995e-15 8.745783365613584e-15 1.0
  outer loop
    vertex 4220.864958844478 206.84254759365902 566.0111213439723
    vertex 4211.522323361454 204.95962389912492 566.0111213439718
    vertex 4220.036531719732 206.20687310326696 566.0111213439723
  endloop
endfacet
facet normal 4.2661126321961995e-15 8.745783365613584e-15 1.0
  outer loop
    vertex 4220.036531719732 206.20687310326696 566.0111213439723
    vertex 4211.522323361454 204.95962389912492 566.0111213439718
    vertex 4211.8149588444785 204.98844597852013 566.0111213439718
  endloop
endfacet
facet normal 4.2661126321961995e-15 8.745783365613584e-15 1.0
  outer loop
    vertex 4220.036531719732 206.20687310326696 566.0111213439723
    vertex 4211.8149588444785 204.98844597852013 566.0111213439718
    vertex 4219.4008572293405 205.37844597852165 566.0111213439723
  endloop
endfacet
facet normal 4.2661126321961995e-15 8.745783365613584e-15 1.0
  outer loop
    vertex 4210.429139545711 204.06247112706774 566.0111213439717
    vertex 4199.314958844478 171.98844597852022 566.0111213439727
    vertex 4210.343780923873 203.7810814615443 566.0111213439717
  endloop
endfacet
facet normal 4.2661126321961995e-15 8.745783365613584e-15 1.0
  outer loop
    vertex 4210.343780923873 203.7810814615443 566.0111213439717
    vertex 4199.314958844478 171.98844597852022 566.0111213439727
    vertex 4210.3149588444785 203.4884459785201 566.0111213439717
  endloop
endfacet
facet normal 4.2661126321961995e-15 8.745783365613584e-15 1.0
  outer loop
    vertex 4210.3149588444785 203.4884459785201 566.0111213439717
    vertex 4199.314958844478 171.98844597852022 566.0111213439727
    vertex 4210.343780923873 203.1958104954959 566.0111213439717
  endloop
endfacet
facet normal 4.2661126321961995e-15 8.745783365613584e-15 1.0
  outer loop
    vertex 4210.343780923873 203.1958104954959 566.0111213439717
    vertex 4199.314958844478 171.98844597852022 566.0111213439727
    vertex 4210.429139545711 202.91442082997244 566.0111213439717
  endloop
endfacet
facet normal 4.2661126321961995e-15 8.745783365613584e-15 1.0
  outer loop
    vertex 4210.429139545711 202.91442082997244 566.0111213439717
    vertex 4199.314958844478 171.98844597852022 566.0111213439727
    vertex 4210.567754426024 202.65509062899068 566.0111213439717
  endloop
endfacet
facet normal 4.2661126321961995e-15 8.745783365613584e-15 1.0
  outer loop
    vertex 4210.567754426024 202.65509062899068 566.0111213439717
    vertex 4199.314958844478 171.98844597852022 566.0111213439727
    vertex 4210.7542986726985 202.42778580674027 566.0111213439717
  endloop
endfacet
facet normal 4.2661126321961995e-15 8.745783365613584e-15 1.0
  outer loop
    vertex 4210.7542986726985 202.42778580674027 566.0111213439717
    vertex 4199.314958844478 171.98844597852022 566.0111213439727
    vertex 4210.981603494949 202.2412415600663 566.0111213439717
  endloop
endfacet
facet normal 4.2661126321961995e-15 8.745783365613584e-15 1.0
  outer loop
    vertex 4210.981603494949 202.2412415600663 566.0111213439717
    vertex 4199.314958844478 171.98844597852022 566.0111213439727
    vertex 4211.240933695931 202.1026266797532 566.0111213439717
  endloop
endfacet
facet normal 4.2661126321961995e-15 8.745783365613584e-15 1.0
  outer loop
    vertex 4211.240933695931 202.1026266797532 566.0111213439717
    vertex 4199.314958844478 171.98844597852022 566.0111213439727
    vertex 4211.522323361454 202.0172680579153 566.0111213439717
  endloop
endfacet
facet normal 4.2661126321961995e-15 8.745783365613584e-15 1.0
  outer loop
    vertex 4211.522323361454 202.0172680579153 566.0111213439717
    vertex 4199.314958844478 171.98844597852022 566.0111213439727
    vertex 4211.8149588444785 201.98844597852008 566.0111213439717
  endloop
endfacet
facet normal 4.2661126321961995e-15 8.745783365613584e-15 1.0
  outer loop
    vertex 4211.8149588444785 201.98844597852008 566.0111213439717
    vertex 4199.314958844478 171.98844597852022 566.0111213439727
    vertex 4203.067754426023 176.8218013280498 566.0111213439726
  endloop
endfacet
facet normal 4.2661126321961995e-15 8.745783365613584e-15 1.0
  outer loop
    vertex 4211.8149588444785 201.98844597852008 566.0111213439717
    vertex 4203.067754426023 176.8218013280498 566.0111213439726
    vertex 4203.254298672698 177.0491061503002 566.0111213439727
  endloop
endfacet
facet normal 4.2661126321961995e-15 8.745783365613584e-15 1.0
  outer loop
    vertex 4211.8149588444785 201.98844597852008 566.0111213439717
    vertex 4203.254298672698 177.0491061503002 566.0111213439727
    vertex 4218.864958844477 195.26024497852023 566.0111213439724
  endloop
endfacet
facet normal 4.2661126321961995e-15 8.745783365613584e-15 1.0
  outer loop
    vertex 4218.864958844477 195.26024497852023 566.0111213439724
    vertex 4203.254298672698 177.0491061503002 566.0111213439727
    vertex 4219.0012555393205 194.22496879811018 566.0111213439724
  endloop
endfacet
facet normal 4.2661126321961995e-15 8.745783365613584e-15 1.0
  outer loop
    vertex 4219.0012555393205 194.22496879811018 566.0111213439724
    vertex 4203.254298672698 177.0491061503002 566.0111213439727
    vertex 4219.400857229339 193.26024497852023 566.0111213439724
  endloop
endfacet
facet normal 4.2661126321961995e-15 8.745783365613584e-15 1.0
  outer loop
    vertex 4219.400857229339 193.26024497852023 566.0111213439724
    vertex 4203.254298672698 177.0491061503002 566.0111213439727
    vertex 4210.7542986726985 184.54910615029993 566.0111213439717
  endloop
endfacet
facet normal 4.2661126321961995e-15 8.745783365613584e-15 1.0
  outer loop
    vertex 4219.400857229339 193.26024497852023 566.0111213439724
    vertex 4210.7542986726985 184.54910615029993 566.0111213439717
    vertex 4220.03653171973 192.43181785377402 566.0111213439724
  endloop
endfacet
facet normal 4.2661126321961995e-15 8.745783365613584e-15 1.0
  outer loop
    vertex 4220.03653171973 192.43181785377402 566.0111213439724
    vertex 4210.7542986726985 184.54910615029993 566.0111213439717
    vertex 4210.981603494949 184.7356503969739 566.0111213439717
  endloop
endfacet
facet normal 4.2661126321961995e-15 8.745783365613584e-15 1.0
  outer loop
    vertex 4220.03653171973 192.43181785377402 566.0111213439724
    vertex 4210.981603494949 184.7356503969739 566.0111213439717
    vertex 4220.864958844477 191.7961433633825 566.0111213439724
  endloop
endfacet
facet normal 4.2661126321961995e-15 8.745783365613584e-15 1.0
  outer loop
    vertex 4220.864958844477 191.7961433633825 566.0111213439724
    vertex 4210.981603494949 184.7356503969739 566.0111213439717
    vertex 4221.829682664066 191.39654167336397 566.0111213439724
  endloop
endfacet
facet normal 4.2661126321961995e-15 8.745783365613584e-15 1.0
  outer loop
    vertex 4221.829682664066 191.39654167336397 566.0111213439724
    vertex 4210.981603494949 184.7356503969739 566.0111213439717
    vertex 4222.864958844477 191.26024497852023 566.0111213439724
  endloop
endfacet
facet normal 4.2661126321961995e-15 8.745783365613584e-15 1.0
  outer loop
    vertex 4222.864958844477 191.26024497852023 566.0111213439724
    vertex 4210.981603494949 184.7356503969739 566.0111213439717
    vertex 4211.240933695931 184.874265277287 566.0111213439716
  endloop
endfacet
facet normal 4.2661126321961995e-15 8.745783365613584e-15 1.0
  outer loop
    vertex 4222.864958844477 191.26024497852023 566.0111213439724
    vertex 4211.240933695931 184.874265277287 566.0111213439716
    vertex 4211.522323361453 184.95962389912492 566.0111213439716
  endloop
endfacet
facet normal 4.2661126321961995e-15 8.745783365613584e-15 1.0
  outer loop
    vertex 4222.864958844477 191.26024497852023 566.0111213439724
    vertex 4211.522323361453 184.95962389912492 566.0111213439716
    vertex 4211.8149588444785 184.98844597852013 566.0111213439716
  endloop
endfacet
facet normal 4.2661126321961995e-15 8.745783365613584e-15 1.0
  outer loop
    vertex 4210.7542986726985 184.54910615029993 566.0111213439717
    vertex 4203.254298672698 177.0491061503002 566.0111213439727
    vertex 4210.567754426024 184.32180132804953 566.0111213439717
  endloop
endfacet
facet normal 4.2661126321961995e-15 8.745783365613584e-15 1.0
  outer loop
    vertex 4210.567754426024 184.32180132804953 566.0111213439717
    vertex 4203.254298672698 177.0491061503002 566.0111213439727
    vertex 4210.429139545711 184.06247112706777 566.0111213439716
  endloop
endfacet
facet normal 4.2661126321961995e-15 8.745783365613584e-15 1.0
  outer loop
    vertex 4210.429139545711 184.06247112706777 566.0111213439716
    vertex 4203.254298672698 177.0491061503002 566.0111213439727
    vertex 4210.343780923872 183.78108146154432 566.0111213439716
  endloop
endfacet
facet normal 4.2661126321961995e-15 8.745783365613584e-15 1.0
  outer loop
    vertex 4210.343780923872 183.78108146154432 566.0111213439716
    vertex 4203.254298672698 177.0491061503002 566.0111213439727
    vertex 4210.3149588444785 183.48844597852013 566.0111213439716
  endloop
endfacet
facet normal 4.2661126321961995e-15 8.745783365613584e-15 1.0
  outer loop
    vertex 4210.3149588444785 183.48844597852013 566.0111213439716
    vertex 4203.254298672698 177.0491061503002 566.0111213439727
    vertex 4210.343780923872 183.19581049549592 566.0111213439717
  endloop
endfacet
facet normal 4.2661126321961995e-15 8.745783365613584e-15 1.0
  outer loop
    vertex 4210.343780923872 183.19581049549592 566.0111213439717
    vertex 4203.254298672698 177.0491061503002 566.0111213439727
    vertex 4203.481603494948 177.23565039697417 566.0111213439726
  endloop
endfacet
facet normal 4.2661126321961995e-15 8.745783365613584e-15 1.0
  outer loop
    vertex 4210.343780923872 183.19581049549592 566.0111213439717
    vertex 4203.481603494948 177.23565039697417 566.0111213439726
    vertex 4210.429139545711 182.9144208299725 566.0111213439717
  endloop
endfacet
facet normal 4.2661126321961995e-15 8.745783365613584e-15 1.0
  outer loop
    vertex 4210.429139545711 182.9144208299725 566.0111213439717
    vertex 4203.481603494948 177.23565039697417 566.0111213439726
    vertex 4210.567754426024 182.6550906289907 566.0111213439717
  endloop
endfacet
facet normal 4.2661126321961995e-15 8.745783365613584e-15 1.0
  outer loop
    vertex 4210.567754426024 182.6550906289907 566.0111213439717
    vertex 4203.481603494948 177.23565039697417 566.0111213439726
    vertex 4210.7542986726985 182.42778580674033 566.0111213439717
  endloop
endfacet
facet normal 4.2661126321961995e-15 8.745783365613584e-15 1.0
  outer loop
    vertex 4210.7542986726985 182.42778580674033 566.0111213439717
    vertex 4203.481603494948 177.23565039697417 566.0111213439726
    vertex 4210.981603494949 182.24124156006633 566.0111213439717
  endloop
endfacet
facet normal 4.2661126321961995e-15 8.745783365613584e-15 1.0
  outer loop
    vertex 4210.981603494949 182.24124156006633 566.0111213439717
    vertex 4203.481603494948 177.23565039697417 566.0111213439726
    vertex 4211.240933695931 182.10262667975323 566.0111213439717
  endloop
endfacet
facet normal 4.2661126321961995e-15 8.745783365613584e-15 1.0
  outer loop
    vertex 4211.240933695931 182.10262667975323 566.0111213439717
    vertex 4203.481603494948 177.23565039697417 566.0111213439726
    vertex 4211.522323361454 182.01726805791532 566.0111213439717
  endloop
endfacet
facet normal 4.2661126321961995e-15 8.745783365613584e-15 1.0
  outer loop
    vertex 4211.522323361454 182.01726805791532 566.0111213439717
    vertex 4203.481603494948 177.23565039697417 566.0111213439726
    vertex 4211.8149588444785 181.9884459785201 566.0111213439717
  endloop
endfacet
facet normal 4.2661126321961995e-15 8.745783365613584e-15 1.0
  outer loop
    vertex 4211.8149588444785 181.9884459785201 566.0111213439717
    vertex 4203.481603494948 177.23565039697417 566.0111213439726
    vertex 4203.74093369593 177.37426527728726 566.0111213439726
  endloop
endfacet
facet normal 4.2661126321961995e-15 8.745783365613584e-15 1.0
  outer loop
    vertex 4211.8149588444785 181.9884459785201 566.0111213439717
    vertex 4203.74093369593 177.37426527728726 566.0111213439726
    vertex 4209.014958844478 179.78844597852026 566.0111213439726
  endloop
endfacet
facet normal 4.2661126321961995e-15 8.745783365613584e-15 1.0
  outer loop
    vertex 4211.8149588444785 181.9884459785201 566.0111213439717
    vertex 4209.014958844478 179.78844597852026 566.0111213439726
    vertex 4231.814958844478 181.9884459785201 566.0111213439717
  endloop
endfacet
facet normal 4.2661126321961995e-15 8.745783365613584e-15 1.0
  outer loop
    vertex 4209.014958844478 179.78844597852026 566.0111213439726
    vertex 4203.74093369593 177.37426527728726 566.0111213439726
    vertex 4204.022323361453 177.45962389912518 566.0111213439726
  endloop
endfacet
facet normal 4.2661126321961995e-15 8.745783365613584e-15 1.0
  outer loop
    vertex 4209.014958844478 179.78844597852026 566.0111213439726
    vertex 4204.022323361453 177.45962389912518 566.0111213439726
    vertex 4204.314958844478 177.48844597852042 566.0111213439726
  endloop
endfacet
facet normal 4.2661126321961995e-15 8.745783365613584e-15 1.0
  outer loop
    vertex 4203.067754426023 176.8218013280498 566.0111213439726
    vertex 4199.314958844478 171.98844597852022 566.0111213439727
    vertex 4202.929139545711 176.56247112706802 566.0111213439726
  endloop
endfacet
facet normal 4.2661126321961995e-15 8.745783365613584e-15 1.0
  outer loop
    vertex 4202.929139545711 176.56247112706802 566.0111213439726
    vertex 4199.314958844478 171.98844597852022 566.0111213439727
    vertex 4202.843780923873 176.28108146154457 566.0111213439726
  endloop
endfacet
facet normal 4.2661126321961995e-15 8.745783365613584e-15 1.0
  outer loop
    vertex 4202.843780923873 176.28108146154457 566.0111213439726
    vertex 4199.314958844478 171.98844597852022 566.0111213439727
    vertex 4202.814958844478 175.9884459785204 566.0111213439726
  endloop
endfacet
facet normal 4.2661126321961995e-15 8.745783365613584e-15 1.0
  outer loop
    vertex 4202.814958844478 175.9884459785204 566.0111213439726
    vertex 4199.314958844478 171.98844597852022 566.0111213439727
    vertex 4202.843780923873 175.6958104954962 566.0111213439726
  endloop
endfacet
facet normal 4.2661126321961995e-15 8.745783365613584e-15 1.0
  outer loop
    vertex 4202.843780923873 175.6958104954962 566.0111213439726
    vertex 4199.314958844478 171.98844597852022 566.0111213439727
    vertex 4202.929139545711 175.41442082997276 566.0111213439726
  endloop
endfacet
facet normal 4.2661126321961995e-15 8.745783365613584e-15 1.0
  outer loop
    vertex 4202.929139545711 175.41442082997276 566.0111213439726
    vertex 4199.314958844478 171.98844597852022 566.0111213439727
    vertex 4203.067754426023 175.15509062899096 566.0111213439726
  endloop
endfacet
facet normal 4.2661126321961995e-15 8.745783365613584e-15 1.0
  outer loop
    vertex 4203.067754426023 175.15509062899096 566.0111213439726
    vertex 4199.314958844478 171.98844597852022 566.0111213439727
    vertex 4203.254298672698 174.9277858067406 566.0111213439726
  endloop
endfacet
facet normal 4.2661126321961995e-15 8.745783365613584e-15 1.0
  outer loop
    vertex 4203.254298672698 174.9277858067406 566.0111213439726
    vertex 4199.314958844478 171.98844597852022 566.0111213439727
    vertex 4203.481603494948 174.74124156006658 566.0111213439726
  endloop
endfacet
facet normal 4.2661126321961995e-15 8.745783365613584e-15 1.0
  outer loop
    vertex 4203.481603494948 174.74124156006658 566.0111213439726
    vertex 4199.314958844478 171.98844597852022 566.0111213439727
    vertex 4203.74093369593 174.6026266797535 566.0111213439725
  endloop
endfacet
facet normal 4.2661126321961995e-15 8.745783365613584e-15 1.0
  outer loop
    vertex 4203.74093369593 174.6026266797535 566.0111213439725
    vertex 4199.314958844478 171.98844597852022 566.0111213439727
    vertex 4204.022323361453 174.5172680579156 566.0111213439725
  endloop
endfacet
facet normal 4.2661126321961995e-15 8.745783365613584e-15 1.0
  outer loop
    vertex 4204.022323361453 174.5172680579156 566.0111213439725
    vertex 4199.314958844478 171.98844597852022 566.0111213439727
    vertex 4204.314958844478 174.48844597852036 566.0111213439725
  endloop
endfacet
facet normal 4.2661126321961995e-15 8.745783365613584e-15 1.0
  outer loop
    vertex 4204.314958844478 174.48844597852036 566.0111213439725
    vertex 4199.314958844478 171.98844597852022 566.0111213439727
    vertex 4209.014958844478 174.18844597852026 566.0111213439726
  endloop
endfacet
facet normal 4.2661126321961995e-15 8.745783365613584e-15 1.0
  outer loop
    vertex 4209.014958844478 174.18844597852026 566.0111213439726
    vertex 4199.314958844478 171.98844597852022 566.0111213439727
    vertex 4214.614958844478 174.18844597852026 566.0111213439726
  endloop
endfacet
facet normal 4.2661126321961995e-15 8.745783365613584e-15 1.0
  outer loop
    vertex 4214.614958844478 174.18844597852026 566.0111213439726
    vertex 4199.314958844478 171.98844597852022 566.0111213439727
    vertex 4229.014958844477 174.18844597852026 566.0111213439725
  endloop
endfacet
facet normal 4.2661126321961995e-15 8.745783365613584e-15 1.0
  outer loop
    vertex 4229.014958844477 174.18844597852026 566.0111213439725
    vertex 4199.314958844478 171.98844597852022 566.0111213439727
    vertex 4234.614958844478 174.18844597852026 566.0111213439725
  endloop
endfacet
facet normal 4.2661126321961995e-15 8.745783365613584e-15 1.0
  outer loop
    vertex 4234.614958844478 174.18844597852026 566.0111213439725
    vertex 4199.314958844478 171.98844597852022 566.0111213439727
    vertex 4244.314958844478 171.9884459785203 566.0111213439725
  endloop
endfacet
facet normal 4.2661126321961995e-15 8.745783365613584e-15 1.0
  outer loop
    vertex 4240.547009652048 210.1284459785205 566.0111213439723
    vertex 4244.314958844478 171.9884459785203 566.0111213439725
    vertex 4244.314958844478 210.12844597852057 566.0111213439723
  endloop
endfacet
facet normal 4.2661126321961995e-15 8.745783365613584e-15 1.0
  outer loop
    vertex 4244.314958844478 171.9884459785203 566.0111213439725
    vertex 4240.547009652048 210.1284459785205 566.0111213439723
    vertex 4240.229172406851 209.71423241614733 566.0111213439723
  endloop
endfacet
facet normal 4.2661126321961995e-15 8.745783365613584e-15 1.0
  outer loop
    vertex 4244.314958844478 171.9884459785203 566.0111213439725
    vertex 4240.229172406851 209.71423241614733 566.0111213439723
    vertex 4239.814958844478 209.39639517095156 566.0111213439723
  endloop
endfacet
facet normal 4.2661126321961995e-15 8.745783365613584e-15 1.0
  outer loop
    vertex 4244.314958844478 171.9884459785203 566.0111213439725
    vertex 4239.814958844478 209.39639517095156 566.0111213439723
    vertex 4239.332596934683 209.19659432594227 566.0111213439723
  endloop
endfacet
facet normal 4.2661126321961995e-15 8.745783365613584e-15 1.0
  outer loop
    vertex 4244.314958844478 171.9884459785203 566.0111213439725
    vertex 4239.332596934683 209.19659432594227 566.0111213439723
    vertex 4238.814958844478 209.12844597852043 566.0111213439723
  endloop
endfacet
facet normal 4.2661126321961995e-15 8.745783365613584e-15 1.0
  outer loop
    vertex 4244.314958844478 171.9884459785203 566.0111213439725
    vertex 4238.814958844478 209.12844597852043 566.0111213439723
    vertex 4233.200778143244 204.06247112706774 566.0111213439717
  endloop
endfacet
facet normal 4.2661126321961995e-15 8.745783365613584e-15 1.0
  outer loop
    vertex 4233.200778143244 204.06247112706774 566.0111213439717
    vertex 4238.814958844478 209.12844597852043 566.0111213439723
    vertex 4233.062163262932 204.32180132804953 566.0111213439718
  endloop
endfacet
facet normal 4.2661126321961995e-15 8.745783365613584e-15 1.0
  outer loop
    vertex 4233.062163262932 204.32180132804953 566.0111213439718
    vertex 4238.814958844478 209.12844597852043 566.0111213439723
    vertex 4232.875619016258 204.5491061502999 566.0111213439718
  endloop
endfacet
facet normal 4.2661126321961995e-15 8.745783365613584e-15 1.0
  outer loop
    vertex 4232.875619016258 204.5491061502999 566.0111213439718
    vertex 4238.814958844478 209.12844597852043 566.0111213439723
    vertex 4232.648314194007 204.7356503969739 566.0111213439718
  endloop
endfacet
facet normal 4.2661126321961995e-15 8.745783365613584e-15 1.0
  outer loop
    vertex 4232.648314194007 204.7356503969739 566.0111213439718
    vertex 4238.814958844478 209.12844597852043 566.0111213439723
    vertex 4232.388983993025 204.87426527728698 566.0111213439718
  endloop
endfacet
facet normal 4.2661126321961995e-15 8.745783365613584e-15 1.0
  outer loop
    vertex 4232.388983993025 204.87426527728698 566.0111213439718
    vertex 4238.814958844478 209.12844597852043 566.0111213439723
    vertex 4232.107594327502 204.95962389912492 566.0111213439718
  endloop
endfacet
facet normal 4.2661126321961995e-15 8.745783365613584e-15 1.0
  outer loop
    vertex 4232.107594327502 204.95962389912492 566.0111213439718
    vertex 4238.814958844478 209.12844597852043 566.0111213439723
    vertex 4223.9002350248875 207.24214928367644 566.0111213439723
  endloop
endfacet
facet normal 4.2661126321961995e-15 8.745783365613584e-15 1.0
  outer loop
    vertex 4223.9002350248875 207.24214928367644 566.0111213439723
    vertex 4238.814958844478 209.12844597852043 566.0111213439723
    vertex 4222.864958844477 207.37844597851984 566.0111213439723
  endloop
endfacet
facet normal 4.2661126321961995e-15 8.745783365613584e-15 1.0
  outer loop
    vertex 4222.864958844477 207.37844597851984 566.0111213439723
    vertex 4238.814958844478 209.12844597852043 566.0111213439723
    vertex 4204.814958844478 209.1284459785199 566.0111213439725
  endloop
endfacet
facet normal 4.2661126321961995e-15 8.745783365613584e-15 1.0
  outer loop
    vertex 4232.107594327502 204.95962389912492 566.0111213439718
    vertex 4223.9002350248875 207.24214928367644 566.0111213439723
    vertex 4224.864958844477 206.84254759365865 566.0111213439723
  endloop
endfacet
facet normal 4.2661126321961995e-15 8.745783365613584e-15 1.0
  outer loop
    vertex 4232.107594327502 204.95962389912492 566.0111213439718
    vertex 4224.864958844477 206.84254759365865 566.0111213439723
    vertex 4225.6933859692235 206.20687310326696 566.0111213439723
  endloop
endfacet
facet normal 4.2661126321961995e-15 8.745783365613584e-15 1.0
  outer loop
    vertex 4232.107594327502 204.95962389912492 566.0111213439718
    vertex 4225.6933859692235 206.20687310326696 566.0111213439723
    vertex 4231.814958844478 204.98844597852013 566.0111213439718
  endloop
endfacet
facet normal 4.2661126321961995e-15 8.745783365613584e-15 1.0
  outer loop
    vertex 4231.814958844478 204.98844597852013 566.0111213439718
    vertex 4225.6933859692235 206.20687310326696 566.0111213439723
    vertex 4226.329060459617 205.3784459785203 566.0111213439723
  endloop
endfacet
facet normal 4.2661126321961995e-15 8.745783365613584e-15 1.0
  outer loop
    vertex 4244.314958844478 171.9884459785203 566.0111213439725
    vertex 4233.200778143244 204.06247112706774 566.0111213439717
    vertex 4233.286136765083 203.7810814615443 566.0111213439717
  endloop
endfacet
facet normal 4.2661126321961995e-15 8.745783365613584e-15 1.0
  outer loop
    vertex 4244.314958844478 171.9884459785203 566.0111213439725
    vertex 4233.286136765083 203.7810814615443 566.0111213439717
    vertex 4233.314958844478 203.4884459785201 566.0111213439717
  endloop
endfacet
facet normal 4.2661126321961995e-15 8.745783365613584e-15 1.0
  outer loop
    vertex 4244.314958844478 171.9884459785203 566.0111213439725
    vertex 4233.314958844478 203.4884459785201 566.0111213439717
    vertex 4233.286136765083 203.1958104954959 566.0111213439717
  endloop
endfacet
facet normal 4.2661126321961995e-15 8.745783365613584e-15 1.0
  outer loop
    vertex 4244.314958844478 171.9884459785203 566.0111213439725
    vertex 4233.286136765083 203.1958104954959 566.0111213439717
    vertex 4233.200778143244 202.91442082997244 566.0111213439717
  endloop
endfacet
facet normal 4.2661126321961995e-15 8.745783365613584e-15 1.0
  outer loop
    vertex 4244.314958844478 171.9884459785203 566.0111213439725
    vertex 4233.200778143244 202.91442082997244 566.0111213439717
    vertex 4233.062163262932 202.65509062899068 566.0111213439717
  endloop
endfacet
facet normal 4.2661126321961995e-15 8.745783365613584e-15 1.0
  outer loop
    vertex 4244.314958844478 171.9884459785203 566.0111213439725
    vertex 4233.062163262932 202.65509062899068 566.0111213439717
    vertex 4232.875619016258 202.42778580674027 566.0111213439717
  endloop
endfacet
facet normal 4.2661126321961995e-15 8.745783365613584e-15 1.0
  outer loop
    vertex 4244.314958844478 171.9884459785203 566.0111213439725
    vertex 4232.875619016258 202.42778580674027 566.0111213439717
    vertex 4232.648314194007 202.2412415600663 566.0111213439717
  endloop
endfacet
facet normal 4.2661126321961995e-15 8.745783365613584e-15 1.0
  outer loop
    vertex 4244.314958844478 171.9884459785203 566.0111213439725
    vertex 4232.648314194007 202.2412415600663 566.0111213439717
    vertex 4232.388983993025 202.1026266797532 566.0111213439717
  endloop
endfacet
facet normal 4.2661126321961995e-15 8.745783365613584e-15 1.0
  outer loop
    vertex 4244.314958844478 171.9884459785203 566.0111213439725
    vertex 4232.388983993025 202.1026266797532 566.0111213439717
    vertex 4232.107594327502 202.0172680579153 566.0111213439717
  endloop
endfacet
facet normal 4.2661126321961995e-15 8.745783365613584e-15 1.0
  outer loop
    vertex 4244.314958844478 171.9884459785203 566.0111213439725
    vertex 4232.107594327502 202.0172680579153 566.0111213439717
    vertex 4231.814958844478 201.98844597852008 566.0111213439717
  endloop
endfacet
facet normal 4.2661126321961995e-15 8.745783365613584e-15 1.0
  outer loop
    vertex 4244.314958844478 171.9884459785203 566.0111213439725
    vertex 4231.814958844478 201.98844597852008 566.0111213439717
    vertex 4226.864958844477 195.26024497852023 566.0111213439724
  endloop
endfacet
facet normal 4.2661126321961995e-15 8.745783365613584e-15 1.0
  outer loop
    vertex 4244.314958844478 171.9884459785203 566.0111213439725
    vertex 4226.864958844477 195.26024497852023 566.0111213439724
    vertex 4240.562163262932 176.8218013280498 566.011121343972
  endloop
endfacet
facet normal 4.2661126321961995e-15 8.745783365613584e-15 1.0
  outer loop
    vertex 4240.562163262932 176.8218013280498 566.011121343972
    vertex 4226.864958844477 195.26024497852023 566.0111213439724
    vertex 4226.728662149632 194.22496879811018 566.0111213439724
  endloop
endfacet
facet normal 4.2661126321961995e-15 8.745783365613584e-15 1.0
  outer loop
    vertex 4240.562163262932 176.8218013280498 566.011121343972
    vertex 4226.728662149632 194.22496879811018 566.0111213439724
    vertex 4240.3756190162585 177.0491061503002 566.011121343972
  endloop
endfacet
facet normal 4.2661126321961995e-15 8.745783365613584e-15 1.0
  outer loop
    vertex 4240.3756190162585 177.0491061503002 566.011121343972
    vertex 4226.728662149632 194.22496879811018 566.0111213439724
    vertex 4226.329060459614 193.26024497852023 566.0111213439724
  endloop
endfacet
facet normal 4.2661126321961995e-15 8.745783365613584e-15 1.0
  outer loop
    vertex 4240.3756190162585 177.0491061503002 566.011121343972
    vertex 4226.329060459614 193.26024497852023 566.0111213439724
    vertex 4225.693385969223 192.43181785377402 566.0111213439724
  endloop
endfacet
facet normal 4.2661126321961995e-15 8.745783365613584e-15 1.0
  outer loop
    vertex 4240.3756190162585 177.0491061503002 566.011121343972
    vertex 4225.693385969223 192.43181785377402 566.0111213439724
    vertex 4232.875619016258 184.54910615029993 566.0111213439717
  endloop
endfacet
facet normal 4.2661126321961995e-15 8.745783365613584e-15 1.0
  outer loop
    vertex 4232.875619016258 184.54910615029993 566.0111213439717
    vertex 4225.693385969223 192.43181785377402 566.0111213439724
    vertex 4224.864958844477 191.7961433633825 566.0111213439724
  endloop
endfacet
facet normal 4.2661126321961995e-15 8.745783365613584e-15 1.0
  outer loop
    vertex 4232.875619016258 184.54910615029993 566.0111213439717
    vertex 4224.864958844477 191.7961433633825 566.0111213439724
    vertex 4232.648314194007 184.7356503969739 566.0111213439717
  endloop
endfacet
facet normal 4.2661126321961995e-15 8.745783365613584e-15 1.0
  outer loop
    vertex 4232.648314194007 184.7356503969739 566.0111213439717
    vertex 4224.864958844477 191.7961433633825 566.0111213439724
    vertex 4223.900235024887 191.39654167336397 566.0111213439724
  endloop
endfacet
facet normal 4.2661126321961995e-15 8.745783365613584e-15 1.0
  outer loop
    vertex 4232.648314194007 184.7356503969739 566.0111213439717
    vertex 4223.900235024887 191.39654167336397 566.0111213439724
    vertex 4222.864958844477 191.26024497852023 566.0111213439724
  endloop
endfacet
facet normal 4.2661126321961995e-15 8.745783365613584e-15 1.0
  outer loop
    vertex 4232.648314194007 184.7356503969739 566.0111213439717
    vertex 4222.864958844477 191.26024497852023 566.0111213439724
    vertex 4232.388983993025 184.8742652772871 566.0111213439716
  endloop
endfacet
facet normal 4.2661126321961995e-15 8.745783365613584e-15 1.0
  outer loop
    vertex 4232.388983993025 184.8742652772871 566.0111213439716
    vertex 4222.864958844477 191.26024497852023 566.0111213439724
    vertex 4232.107594327502 184.959623899125 566.0111213439716
  endloop
endfacet
facet normal 4.2661126321961995e-15 8.745783365613584e-15 1.0
  outer loop
    vertex 4232.107594327502 184.959623899125 566.0111213439716
    vertex 4222.864958844477 191.26024497852023 566.0111213439724
    vertex 4231.814958844478 184.98844597852013 566.0111213439716
  endloop
endfacet
facet normal 4.2661126321961995e-15 8.745783365613584e-15 1.0
  outer loop
    vertex 4231.814958844478 184.98844597852013 566.0111213439716
    vertex 4222.864958844477 191.26024497852023 566.0111213439724
    vertex 4211.8149588444785 184.98844597852013 566.0111213439716
  endloop
endfacet
facet normal 4.2661126321961995e-15 8.745783365613584e-15 1.0
  outer loop
    vertex 4240.3756190162585 177.0491061503002 566.011121343972
    vertex 4232.875619016258 184.54910615029993 566.0111213439717
    vertex 4233.062163262931 184.32180132804953 566.0111213439717
  endloop
endfacet
facet normal 4.2661126321961995e-15 8.745783365613584e-15 1.0
  outer loop
    vertex 4240.3756190162585 177.0491061503002 566.011121343972
    vertex 4233.062163262931 184.32180132804953 566.0111213439717
    vertex 4233.200778143244 184.06247112706777 566.0111213439716
  endloop
endfacet
facet normal 4.2661126321961995e-15 8.745783365613584e-15 1.0
  outer loop
    vertex 4240.3756190162585 177.0491061503002 566.011121343972
    vertex 4233.200778143244 184.06247112706777 566.0111213439716
    vertex 4233.286136765083 183.78108146154432 566.0111213439716
  endloop
endfacet
facet normal 4.2661126321961995e-15 8.745783365613584e-15 1.0
  outer loop
    vertex 4240.3756190162585 177.0491061503002 566.011121343972
    vertex 4233.286136765083 183.78108146154432 566.0111213439716
    vertex 4233.314958844478 183.48844597852013 566.0111213439716
  endloop
endfacet
facet normal 4.2661126321961995e-15 8.745783365613584e-15 1.0
  outer loop
    vertex 4240.3756190162585 177.0491061503002 566.011121343972
    vertex 4233.314958844478 183.48844597852013 566.0111213439716
    vertex 4233.286136765083 183.19581049549592 566.0111213439717
  endloop
endfacet
facet normal 4.2661126321961995e-15 8.745783365613584e-15 1.0
  outer loop
    vertex 4240.3756190162585 177.0491061503002 566.011121343972
    vertex 4233.286136765083 183.19581049549592 566.0111213439717
    vertex 4240.148314194007 177.23565039697417 566.011121343972
  endloop
endfacet
facet normal 4.2661126321961995e-15 8.745783365613584e-15 1.0
  outer loop
    vertex 4240.148314194007 177.23565039697417 566.011121343972
    vertex 4233.286136765083 183.19581049549592 566.0111213439717
    vertex 4233.200778143244 182.9144208299725 566.0111213439717
  endloop
endfacet
facet normal 4.2661126321961995e-15 8.745783365613584e-15 1.0
  outer loop
    vertex 4240.148314194007 177.23565039697417 566.011121343972
    vertex 4233.200778143244 182.9144208299725 566.0111213439717
    vertex 4233.062163262931 182.6550906289907 566.0111213439717
  endloop
endfacet
facet normal 4.2661126321961995e-15 8.745783365613584e-15 1.0
  outer loop
    vertex 4240.148314194007 177.23565039697417 566.011121343972
    vertex 4233.062163262931 182.6550906289907 566.0111213439717
    vertex 4232.875619016258 182.42778580674033 566.0111213439717
  endloop
endfacet
facet normal 4.2661126321961995e-15 8.745783365613584e-15 1.0
  outer loop
    vertex 4240.148314194007 177.23565039697417 566.011121343972
    vertex 4232.875619016258 182.42778580674033 566.0111213439717
    vertex 4232.648314194007 182.24124156006633 566.0111213439717
  endloop
endfacet
facet normal 4.2661126321961995e-15 8.745783365613584e-15 1.0
  outer loop
    vertex 4240.148314194007 177.23565039697417 566.011121343972
    vertex 4232.648314194007 182.24124156006633 566.0111213439717
    vertex 4232.388983993025 182.10262667975334 566.0111213439717
  endloop
endfacet
facet normal 4.2661126321961995e-15 8.745783365613584e-15 1.0
  outer loop
    vertex 4240.148314194007 177.23565039697417 566.011121343972
    vertex 4232.388983993025 182.10262667975334 566.0111213439717
    vertex 4232.107594327503 182.0172680579154 566.0111213439717
  endloop
endfacet
facet normal 4.2661126321961995e-15 8.745783365613584e-15 1.0
  outer loop
    vertex 4240.148314194007 177.23565039697417 566.011121343972
    vertex 4232.107594327503 182.0172680579154 566.0111213439717
    vertex 4231.814958844478 181.9884459785201 566.0111213439717
  endloop
endfacet
facet normal 4.2661126321961995e-15 8.745783365613584e-15 1.0
  outer loop
    vertex 4240.148314194007 177.23565039697417 566.011121343972
    vertex 4231.814958844478 181.9884459785201 566.0111213439717
    vertex 4239.888983993026 177.37426527728726 566.011121343972
  endloop
endfacet
facet normal 4.2661126321961995e-15 8.745783365613584e-15 1.0
  outer loop
    vertex 4239.888983993026 177.37426527728726 566.011121343972
    vertex 4231.814958844478 181.9884459785201 566.0111213439717
    vertex 4234.614958844478 179.78844597852026 566.0111213439725
  endloop
endfacet
facet normal 4.2661126321961995e-15 8.745783365613584e-15 1.0
  outer loop
    vertex 4234.614958844478 179.78844597852026 566.0111213439725
    vertex 4231.814958844478 181.9884459785201 566.0111213439717
    vertex 4209.014958844478 179.78844597852026 566.0111213439726
  endloop
endfacet
facet normal 4.2661126321961995e-15 8.745783365613584e-15 1.0
  outer loop
    vertex 4234.614958844478 179.78844597852026 566.0111213439725
    vertex 4209.014958844478 179.78844597852026 566.0111213439726
    vertex 4214.614958844478 179.78844597852026 566.0111213439726
  endloop
endfacet
facet normal 4.2661126321961995e-15 8.745783365613584e-15 1.0
  outer loop
    vertex 4234.614958844478 179.78844597852026 566.0111213439725
    vertex 4214.614958844478 179.78844597852026 566.0111213439726
    vertex 4229.014958844477 179.78844597852026 566.0111213439725
  endloop
endfacet
facet normal 4.2661126321961995e-15 8.745783365613584e-15 1.0
  outer loop
    vertex 4239.888983993026 177.37426527728726 566.011121343972
    vertex 4234.614958844478 179.78844597852026 566.0111213439725
    vertex 4239.607594327502 177.45962389912518 566.011121343972
  endloop
endfacet
facet normal 4.2661126321961995e-15 8.745783365613584e-15 1.0
  outer loop
    vertex 4239.607594327502 177.45962389912518 566.011121343972
    vertex 4234.614958844478 179.78844597852026 566.0111213439725
    vertex 4239.314958844478 177.48844597852042 566.011121343972
  endloop
endfacet
facet normal 4.2661126321961995e-15 8.745783365613584e-15 1.0
  outer loop
    vertex 4244.314958844478 171.9884459785203 566.0111213439725
    vertex 4240.562163262932 176.8218013280498 566.011121343972
    vertex 4240.700778143245 176.56247112706802 566.011121343972
  endloop
endfacet
facet normal 4.2661126321961995e-15 8.745783365613584e-15 1.0
  outer loop
    vertex 4244.314958844478 171.9884459785203 566.0111213439725
    vertex 4240.700778143245 176.56247112706802 566.011121343972
    vertex 4240.786136765083 176.28108146154457 566.011121343972
  endloop
endfacet
facet normal 4.2661126321961995e-15 8.745783365613584e-15 1.0
  outer loop
    vertex 4244.314958844478 171.9884459785203 566.0111213439725
    vertex 4240.786136765083 176.28108146154457 566.011121343972
    vertex 4240.814958844478 175.9884459785204 566.011121343972
  endloop
endfacet
facet normal 4.2661126321961995e-15 8.745783365613584e-15 1.0
  outer loop
    vertex 4244.314958844478 171.9884459785203 566.0111213439725
    vertex 4240.814958844478 175.9884459785204 566.011121343972
    vertex 4240.786136765083 175.6958104954962 566.011121343972
  endloop
endfacet
facet normal 4.2661126321961995e-15 8.745783365613584e-15 1.0
  outer loop
    vertex 4244.314958844478 171.9884459785203 566.0111213439725
    vertex 4240.786136765083 175.6958104954962 566.011121343972
    vertex 4240.700778143245 175.41442082997276 566.011121343972
  endloop
endfacet
facet normal 4.2661126321961995e-15 8.745783365613584e-15 1.0
  outer loop
    vertex 4244.314958844478 171.9884459785203 566.0111213439725
    vertex 4240.700778143245 175.41442082997276 566.011121343972
    vertex 4240.562163262932 175.15509062899096 566.011121343972
  endloop
endfacet
facet normal 4.2661126321961995e-15 8.745783365613584e-15 1.0
  outer loop
    vertex 4244.314958844478 171.9884459785203 566.0111213439725
    vertex 4240.562163262932 175.15509062899096 566.011121343972
    vertex 4240.3756190162585 174.9277858067406 566.0111213439719
  endloop
endfacet
facet normal 4.2661126321961995e-15 8.745783365613584e-15 1.0
  outer loop
    vertex 4244.314958844478 171.9884459785203 566.0111213439725
    vertex 4240.3756190162585 174.9277858067406 566.0111213439719
    vertex 4240.148314194007 174.74124156006658 566.011121343972
  endloop
endfacet
facet normal 4.2661126321961995e-15 8.745783365613584e-15 1.0
  outer loop
    vertex 4244.314958844478 171.9884459785203 566.0111213439725
    vertex 4240.148314194007 174.74124156006658 566.011121343972
    vertex 4239.888983993026 174.6026266797535 566.011121343972
  endloop
endfacet
facet normal 4.2661126321961995e-15 8.745783365613584e-15 1.0
  outer loop
    vertex 4244.314958844478 171.9884459785203 566.0111213439725
    vertex 4239.888983993026 174.6026266797535 566.011121343972
    vertex 4239.607594327502 174.5172680579156 566.011121343972
  endloop
endfacet
facet normal 4.2661126321961995e-15 8.745783365613584e-15 1.0
  outer loop
    vertex 4244.314958844478 171.9884459785203 566.0111213439725
    vertex 4239.607594327502 174.5172680579156 566.011121343972
    vertex 4239.314958844478 174.48844597852036 566.011121343972
  endloop
endfacet
facet normal 4.2661126321961995e-15 8.745783365613584e-15 1.0
  outer loop
    vertex 4244.314958844478 171.9884459785203 566.0111213439725
    vertex 4239.314958844478 174.48844597852036 566.011121343972
    vertex 4234.614958844478 174.18844597852026 566.0111213439725
  endloop
endfacet
facet normal 4.2661126321961995e-15 8.745783365613584e-15 1.0
  outer loop
    vertex 4214.614958844478 174.18844597852026 566.0111213439726
    vertex 4229.014958844477 179.78844597852026 566.0111213439725
    vertex 4214.614958844478 179.78844597852026 566.0111213439726
  endloop
endfacet
facet normal 4.2661126321961995e-15 8.745783365613584e-15 1.0
  outer loop
    vertex 4229.014958844477 179.78844597852026 566.0111213439725
    vertex 4214.614958844478 174.18844597852026 566.0111213439726
    vertex 4229.014958844477 174.18844597852026 566.0111213439725
  endloop
endfacet
facet normal 4.2661126321961995e-15 8.745783365613584e-15 1.0
  outer loop
    vertex 4209.014958844478 179.78844597852026 566.0111213439726
    vertex 4205.148314194008 177.23565039697417 566.0111213439726
    vertex 4209.014958844478 174.18844597852026 566.0111213439726
  endloop
endfacet
facet normal 4.2661126321961995e-15 8.745783365613584e-15 1.0
  outer loop
    vertex 4205.148314194008 177.23565039697417 566.0111213439726
    vertex 4209.014958844478 179.78844597852026 566.0111213439726
    vertex 4204.888983993025 177.37426527728726 566.0111213439726
  endloop
endfacet
facet normal 4.2661126321961995e-15 8.745783365613584e-15 1.0
  outer loop
    vertex 4204.888983993025 177.37426527728726 566.0111213439726
    vertex 4209.014958844478 179.78844597852026 566.0111213439726
    vertex 4204.607594327502 177.45962389912518 566.0111213439726
  endloop
endfacet
facet normal 4.2661126321961995e-15 8.745783365613584e-15 1.0
  outer loop
    vertex 4204.607594327502 177.45962389912518 566.0111213439726
    vertex 4209.014958844478 179.78844597852026 566.0111213439726
    vertex 4204.314958844478 177.48844597852042 566.0111213439726
  endloop
endfacet
facet normal 4.2661126321961995e-15 8.745783365613584e-15 1.0
  outer loop
    vertex 4209.014958844478 174.18844597852026 566.0111213439726
    vertex 4205.148314194008 177.23565039697417 566.0111213439726
    vertex 4205.375619016258 177.0491061503002 566.0111213439726
  endloop
endfacet
facet normal 4.2661126321961995e-15 8.745783365613584e-15 1.0
  outer loop
    vertex 4209.014958844478 174.18844597852026 566.0111213439726
    vertex 4205.375619016258 177.0491061503002 566.0111213439726
    vertex 4205.562163262932 176.8218013280498 566.0111213439726
  endloop
endfacet
facet normal 4.2661126321961995e-15 8.745783365613584e-15 1.0
  outer loop
    vertex 4209.014958844478 174.18844597852026 566.0111213439726
    vertex 4205.562163262932 176.8218013280498 566.0111213439726
    vertex 4205.700778143245 176.56247112706802 566.0111213439726
  endloop
endfacet
facet normal 4.2661126321961995e-15 8.745783365613584e-15 1.0
  outer loop
    vertex 4209.014958844478 174.18844597852026 566.0111213439726
    vertex 4205.700778143245 176.56247112706802 566.0111213439726
    vertex 4205.786136765082 176.28108146154457 566.0111213439725
  endloop
endfacet
facet normal 4.2661126321961995e-15 8.745783365613584e-15 1.0
  outer loop
    vertex 4209.014958844478 174.18844597852026 566.0111213439726
    vertex 4205.786136765082 176.28108146154457 566.0111213439725
    vertex 4205.814958844478 175.9884459785204 566.0111213439725
  endloop
endfacet
facet normal 4.2661126321961995e-15 8.745783365613584e-15 1.0
  outer loop
    vertex 4209.014958844478 174.18844597852026 566.0111213439726
    vertex 4205.814958844478 175.9884459785204 566.0111213439725
    vertex 4205.786136765082 175.6958104954962 566.0111213439725
  endloop
endfacet
facet normal 4.2661126321961995e-15 8.745783365613584e-15 1.0
  outer loop
    vertex 4209.014958844478 174.18844597852026 566.0111213439726
    vertex 4205.786136765082 175.6958104954962 566.0111213439725
    vertex 4205.700778143245 175.41442082997276 566.0111213439725
  endloop
endfacet
facet normal 4.2661126321961995e-15 8.745783365613584e-15 1.0
  outer loop
    vertex 4209.014958844478 174.18844597852026 566.0111213439726
    vertex 4205.700778143245 175.41442082997276 566.0111213439725
    vertex 4205.562163262932 175.15509062899096 566.0111213439725
  endloop
endfacet
facet normal 4.2661126321961995e-15 8.745783365613584e-15 1.0
  outer loop
    vertex 4209.014958844478 174.18844597852026 566.0111213439726
    vertex 4205.562163262932 175.15509062899096 566.0111213439725
    vertex 4205.375619016258 174.9277858067406 566.0111213439725
  endloop
endfacet
facet normal 4.2661126321961995e-15 8.745783365613584e-15 1.0
  outer loop
    vertex 4209.014958844478 174.18844597852026 566.0111213439726
    vertex 4205.375619016258 174.9277858067406 566.0111213439725
    vertex 4205.148314194008 174.74124156006658 566.0111213439725
  endloop
endfacet
facet normal 4.2661126321961995e-15 8.745783365613584e-15 1.0
  outer loop
    vertex 4209.014958844478 174.18844597852026 566.0111213439726
    vertex 4205.148314194008 174.74124156006658 566.0111213439725
    vertex 4204.888983993025 174.6026266797535 566.0111213439725
  endloop
endfacet
facet normal 4.2661126321961995e-15 8.745783365613584e-15 1.0
  outer loop
    vertex 4209.014958844478 174.18844597852026 566.0111213439726
    vertex 4204.888983993025 174.6026266797535 566.0111213439725
    vertex 4204.607594327502 174.5172680579156 566.0111213439725
  endloop
endfacet
facet normal 4.2661126321961995e-15 8.745783365613584e-15 1.0
  outer loop
    vertex 4209.014958844478 174.18844597852026 566.0111213439726
    vertex 4204.607594327502 174.5172680579156 566.0111213439725
    vertex 4204.314958844478 174.48844597852036 566.0111213439725
  endloop
endfacet
facet normal 4.2661126321961995e-15 8.745783365613584e-15 1.0
  outer loop
    vertex 4226.329060459617 205.3784459785203 566.0111213439723
    vertex 4231.522323361454 204.95962389912492 566.0111213439718
    vertex 4231.814958844478 204.98844597852013 566.0111213439718
  endloop
endfacet
facet normal 4.2661126321961995e-15 8.745783365613584e-15 1.0
  outer loop
    vertex 4231.522323361454 204.95962389912492 566.0111213439718
    vertex 4226.329060459617 205.3784459785203 566.0111213439723
    vertex 4226.728662149635 204.41372215893134 566.0111213439723
  endloop
endfacet
facet normal 4.2661126321961995e-15 8.745783365613584e-15 1.0
  outer loop
    vertex 4231.522323361454 204.95962389912492 566.0111213439718
    vertex 4226.728662149635 204.41372215893134 566.0111213439723
    vertex 4231.24093369593 204.87426527728698 566.0111213439718
  endloop
endfacet
facet normal 4.2661126321961995e-15 8.745783365613584e-15 1.0
  outer loop
    vertex 4231.24093369593 204.87426527728698 566.0111213439718
    vertex 4226.728662149635 204.41372215893134 566.0111213439723
    vertex 4230.981603494949 204.7356503969739 566.0111213439718
  endloop
endfacet
facet normal 4.2661126321961995e-15 8.745783365613584e-15 1.0
  outer loop
    vertex 4230.981603494949 204.7356503969739 566.0111213439718
    vertex 4226.728662149635 204.41372215893134 566.0111213439723
    vertex 4230.754298672698 204.5491061502999 566.0111213439718
  endloop
endfacet
facet normal 4.2661126321961995e-15 8.745783365613584e-15 1.0
  outer loop
    vertex 4230.754298672698 204.5491061502999 566.0111213439718
    vertex 4226.728662149635 204.41372215893134 566.0111213439723
    vertex 4230.567754426024 204.32180132804953 566.0111213439718
  endloop
endfacet
facet normal 4.2661126321961995e-15 8.745783365613584e-15 1.0
  outer loop
    vertex 4230.567754426024 204.32180132804953 566.0111213439718
    vertex 4226.728662149635 204.41372215893134 566.0111213439723
    vertex 4226.864958844478 203.3784459785211 566.0111213439723
  endloop
endfacet
facet normal 4.2661126321961995e-15 8.745783365613584e-15 1.0
  outer loop
    vertex 4230.567754426024 204.32180132804953 566.0111213439718
    vertex 4226.864958844478 203.3784459785211 566.0111213439723
    vertex 4230.429139545711 204.06247112706774 566.0111213439717
  endloop
endfacet
facet normal 4.2661126321961995e-15 8.745783365613584e-15 1.0
  outer loop
    vertex 4230.429139545711 204.06247112706774 566.0111213439717
    vertex 4226.864958844478 203.3784459785211 566.0111213439723
    vertex 4230.343780923873 203.7810814615443 566.0111213439717
  endloop
endfacet
facet normal 4.2661126321961995e-15 8.745783365613584e-15 1.0
  outer loop
    vertex 4230.343780923873 203.7810814615443 566.0111213439717
    vertex 4226.864958844478 203.3784459785211 566.0111213439723
    vertex 4230.3149588444785 203.4884459785201 566.0111213439717
  endloop
endfacet
facet normal 4.2661126321961995e-15 8.745783365613584e-15 1.0
  outer loop
    vertex 4230.3149588444785 203.4884459785201 566.0111213439717
    vertex 4226.864958844478 203.3784459785211 566.0111213439723
    vertex 4230.343780923873 203.1958104954959 566.0111213439717
  endloop
endfacet
facet normal 4.2661126321961995e-15 8.745783365613584e-15 1.0
  outer loop
    vertex 4230.343780923873 203.1958104954959 566.0111213439717
    vertex 4226.864958844478 203.3784459785211 566.0111213439723
    vertex 4226.864958844477 195.26024497852023 566.0111213439724
  endloop
endfacet
facet normal 4.2661126321961995e-15 8.745783365613584e-15 1.0
  outer loop
    vertex 4230.343780923873 203.1958104954959 566.0111213439717
    vertex 4226.864958844477 195.26024497852023 566.0111213439724
    vertex 4230.429139545711 202.91442082997244 566.0111213439717
  endloop
endfacet
facet normal 4.2661126321961995e-15 8.745783365613584e-15 1.0
  outer loop
    vertex 4230.429139545711 202.91442082997244 566.0111213439717
    vertex 4226.864958844477 195.26024497852023 566.0111213439724
    vertex 4230.567754426024 202.65509062899068 566.0111213439717
  endloop
endfacet
facet normal 4.2661126321961995e-15 8.745783365613584e-15 1.0
  outer loop
    vertex 4230.567754426024 202.65509062899068 566.0111213439717
    vertex 4226.864958844477 195.26024497852023 566.0111213439724
    vertex 4230.754298672698 202.42778580674027 566.0111213439717
  endloop
endfacet
facet normal 4.2661126321961995e-15 8.745783365613584e-15 1.0
  outer loop
    vertex 4230.754298672698 202.42778580674027 566.0111213439717
    vertex 4226.864958844477 195.26024497852023 566.0111213439724
    vertex 4230.981603494949 202.2412415600663 566.0111213439717
  endloop
endfacet
facet normal 4.2661126321961995e-15 8.745783365613584e-15 1.0
  outer loop
    vertex 4230.981603494949 202.2412415600663 566.0111213439717
    vertex 4226.864958844477 195.26024497852023 566.0111213439724
    vertex 4231.24093369593 202.1026266797532 566.0111213439717
  endloop
endfacet
facet normal 4.2661126321961995e-15 8.745783365613584e-15 1.0
  outer loop
    vertex 4231.24093369593 202.1026266797532 566.0111213439717
    vertex 4226.864958844477 195.26024497852023 566.0111213439724
    vertex 4231.522323361454 202.0172680579153 566.0111213439717
  endloop
endfacet
facet normal 4.2661126321961995e-15 8.745783365613584e-15 1.0
  outer loop
    vertex 4231.522323361454 202.0172680579153 566.0111213439717
    vertex 4226.864958844477 195.26024497852023 566.0111213439724
    vertex 4231.814958844478 201.98844597852008 566.0111213439717
  endloop
endfacet
facet normal 4.2661126321961995e-15 8.745783365613584e-15 1.0
  outer loop
    vertex 4212.107594327502 184.95962389912492 566.0111213439716
    vertex 4231.814958844478 184.98844597852013 566.0111213439716
    vertex 4211.8149588444785 184.98844597852013 566.0111213439716
  endloop
endfacet
facet normal 4.2661126321961995e-15 8.745783365613584e-15 1.0
  outer loop
    vertex 4231.814958844478 184.98844597852013 566.0111213439716
    vertex 4212.107594327502 184.95962389912492 566.0111213439716
    vertex 4231.522323361454 184.95962389912492 566.0111213439716
  endloop
endfacet
facet normal 4.2661126321961995e-15 8.745783365613584e-15 1.0
  outer loop
    vertex 4231.522323361454 184.95962389912492 566.0111213439716
    vertex 4212.107594327502 184.95962389912492 566.0111213439716
    vertex 4212.388983993025 184.874265277287 566.0111213439716
  endloop
endfacet
facet normal 4.2661126321961995e-15 8.745783365613584e-15 1.0
  outer loop
    vertex 4231.522323361454 184.95962389912492 566.0111213439716
    vertex 4212.388983993025 184.874265277287 566.0111213439716
    vertex 4231.24093369593 184.874265277287 566.0111213439716
  endloop
endfacet
facet normal 4.2661126321961995e-15 8.745783365613584e-15 1.0
  outer loop
    vertex 4231.24093369593 184.874265277287 566.0111213439716
    vertex 4212.388983993025 184.874265277287 566.0111213439716
    vertex 4212.648314194007 184.7356503969739 566.0111213439717
  endloop
endfacet
facet normal 4.2661126321961995e-15 8.745783365613584e-15 1.0
  outer loop
    vertex 4231.24093369593 184.874265277287 566.0111213439716
    vertex 4212.648314194007 184.7356503969739 566.0111213439717
    vertex 4230.981603494949 184.7356503969739 566.0111213439717
  endloop
endfacet
facet normal 4.2661126321961995e-15 8.745783365613584e-15 1.0
  outer loop
    vertex 4230.981603494949 184.7356503969739 566.0111213439717
    vertex 4212.648314194007 184.7356503969739 566.0111213439717
    vertex 4212.875619016258 184.54910615029993 566.0111213439717
  endloop
endfacet
facet normal 4.2661126321961995e-15 8.745783365613584e-15 1.0
  outer loop
    vertex 4230.981603494949 184.7356503969739 566.0111213439717
    vertex 4212.875619016258 184.54910615029993 566.0111213439717
    vertex 4230.754298672698 184.54910615029993 566.0111213439717
  endloop
endfacet
facet normal 4.2661126321961995e-15 8.745783365613584e-15 1.0
  outer loop
    vertex 4230.754298672698 184.54910615029993 566.0111213439717
    vertex 4212.875619016258 184.54910615029993 566.0111213439717
    vertex 4213.062163262932 184.32180132804953 566.0111213439717
  endloop
endfacet
facet normal 4.2661126321961995e-15 8.745783365613584e-15 1.0
  outer loop
    vertex 4230.754298672698 184.54910615029993 566.0111213439717
    vertex 4213.062163262932 184.32180132804953 566.0111213439717
    vertex 4230.567754426024 184.32180132804953 566.0111213439717
  endloop
endfacet
facet normal 4.2661126321961995e-15 8.745783365613584e-15 1.0
  outer loop
    vertex 4230.567754426024 184.32180132804953 566.0111213439717
    vertex 4213.062163262932 184.32180132804953 566.0111213439717
    vertex 4213.200778143245 184.06247112706777 566.0111213439716
  endloop
endfacet
facet normal 4.2661126321961995e-15 8.745783365613584e-15 1.0
  outer loop
    vertex 4230.567754426024 184.32180132804953 566.0111213439717
    vertex 4213.200778143245 184.06247112706777 566.0111213439716
    vertex 4230.429139545711 184.06247112706777 566.0111213439716
  endloop
endfacet
facet normal 4.2661126321961995e-15 8.745783365613584e-15 1.0
  outer loop
    vertex 4230.429139545711 184.06247112706777 566.0111213439716
    vertex 4213.200778143245 184.06247112706777 566.0111213439716
    vertex 4213.286136765083 183.78108146154432 566.0111213439716
  endloop
endfacet
facet normal 4.2661126321961995e-15 8.745783365613584e-15 1.0
  outer loop
    vertex 4230.429139545711 184.06247112706777 566.0111213439716
    vertex 4213.286136765083 183.78108146154432 566.0111213439716
    vertex 4230.343780923873 183.78108146154432 566.0111213439716
  endloop
endfacet
facet normal 4.2661126321961995e-15 8.745783365613584e-15 1.0
  outer loop
    vertex 4230.343780923873 183.78108146154432 566.0111213439716
    vertex 4213.286136765083 183.78108146154432 566.0111213439716
    vertex 4213.314958844478 183.48844597852013 566.0111213439716
  endloop
endfacet
facet normal 4.2661126321961995e-15 8.745783365613584e-15 1.0
  outer loop
    vertex 4230.343780923873 183.78108146154432 566.0111213439716
    vertex 4213.314958844478 183.48844597852013 566.0111213439716
    vertex 4230.3149588444785 183.48844597852013 566.0111213439716
  endloop
endfacet
facet normal 4.2661126321961995e-15 8.745783365613584e-15 1.0
  outer loop
    vertex 4230.3149588444785 183.48844597852013 566.0111213439716
    vertex 4213.314958844478 183.48844597852013 566.0111213439716
    vertex 4213.286136765083 183.19581049549592 566.0111213439717
  endloop
endfacet
facet normal 4.2661126321961995e-15 8.745783365613584e-15 1.0
  outer loop
    vertex 4230.3149588444785 183.48844597852013 566.0111213439716
    vertex 4213.286136765083 183.19581049549592 566.0111213439717
    vertex 4230.343780923873 183.19581049549592 566.0111213439717
  endloop
endfacet
facet normal 4.2661126321961995e-15 8.745783365613584e-15 1.0
  outer loop
    vertex 4230.343780923873 183.19581049549592 566.0111213439717
    vertex 4213.286136765083 183.19581049549592 566.0111213439717
    vertex 4213.200778143245 182.9144208299725 566.0111213439717
  endloop
endfacet
facet normal 4.2661126321961995e-15 8.745783365613584e-15 1.0
  outer loop
    vertex 4230.343780923873 183.19581049549592 566.0111213439717
    vertex 4213.200778143245 182.9144208299725 566.0111213439717
    vertex 4230.429139545711 182.9144208299725 566.0111213439717
  endloop
endfacet
facet normal 4.2661126321961995e-15 8.745783365613584e-15 1.0
  outer loop
    vertex 4230.429139545711 182.9144208299725 566.0111213439717
    vertex 4213.200778143245 182.9144208299725 566.0111213439717
    vertex 4213.062163262932 182.6550906289907 566.0111213439717
  endloop
endfacet
facet normal 4.2661126321961995e-15 8.745783365613584e-15 1.0
  outer loop
    vertex 4230.429139545711 182.9144208299725 566.0111213439717
    vertex 4213.062163262932 182.6550906289907 566.0111213439717
    vertex 4230.567754426024 182.6550906289907 566.0111213439717
  endloop
endfacet
facet normal 4.2661126321961995e-15 8.745783365613584e-15 1.0
  outer loop
    vertex 4230.567754426024 182.6550906289907 566.0111213439717
    vertex 4213.062163262932 182.6550906289907 566.0111213439717
    vertex 4212.875619016258 182.42778580674033 566.0111213439717
  endloop
endfacet
facet normal 4.2661126321961995e-15 8.745783365613584e-15 1.0
  outer loop
    vertex 4230.567754426024 182.6550906289907 566.0111213439717
    vertex 4212.875619016258 182.42778580674033 566.0111213439717
    vertex 4230.754298672698 182.42778580674033 566.0111213439717
  endloop
endfacet
facet normal 4.2661126321961995e-15 8.745783365613584e-15 1.0
  outer loop
    vertex 4230.754298672698 182.42778580674033 566.0111213439717
    vertex 4212.875619016258 182.42778580674033 566.0111213439717
    vertex 4212.648314194007 182.24124156006633 566.0111213439717
  endloop
endfacet
facet normal 4.2661126321961995e-15 8.745783365613584e-15 1.0
  outer loop
    vertex 4230.754298672698 182.42778580674033 566.0111213439717
    vertex 4212.648314194007 182.24124156006633 566.0111213439717
    vertex 4230.981603494949 182.24124156006633 566.0111213439717
  endloop
endfacet
facet normal 4.2661126321961995e-15 8.745783365613584e-15 1.0
  outer loop
    vertex 4230.981603494949 182.24124156006633 566.0111213439717
    vertex 4212.648314194007 182.24124156006633 566.0111213439717
    vertex 4212.388983993025 182.10262667975323 566.0111213439717
  endloop
endfacet
facet normal 4.2661126321961995e-15 8.745783365613584e-15 1.0
  outer loop
    vertex 4230.981603494949 182.24124156006633 566.0111213439717
    vertex 4212.388983993025 182.10262667975323 566.0111213439717
    vertex 4231.24093369593 182.10262667975323 566.0111213439717
  endloop
endfacet
facet normal 4.2661126321961995e-15 8.745783365613584e-15 1.0
  outer loop
    vertex 4231.24093369593 182.10262667975323 566.0111213439717
    vertex 4212.388983993025 182.10262667975323 566.0111213439717
    vertex 4212.107594327502 182.01726805791532 566.0111213439717
  endloop
endfacet
facet normal 4.2661126321961995e-15 8.745783365613584e-15 1.0
  outer loop
    vertex 4231.24093369593 182.10262667975323 566.0111213439717
    vertex 4212.107594327502 182.01726805791532 566.0111213439717
    vertex 4231.522323361454 182.01726805791532 566.0111213439717
  endloop
endfacet
facet normal 4.2661126321961995e-15 8.745783365613584e-15 1.0
  outer loop
    vertex 4231.522323361454 182.01726805791532 566.0111213439717
    vertex 4212.107594327502 182.01726805791532 566.0111213439717
    vertex 4211.8149588444785 181.9884459785201 566.0111213439717
  endloop
endfacet
facet normal 4.2661126321961995e-15 8.745783365613584e-15 1.0
  outer loop
    vertex 4231.522323361454 182.01726805791532 566.0111213439717
    vertex 4211.8149588444785 181.9884459785201 566.0111213439717
    vertex 4231.814958844478 181.9884459785201 566.0111213439717
  endloop
endfacet
facet normal 4.2661126321961995e-15 8.745783365613584e-15 1.0
  outer loop
    vertex 4211.8149588444785 204.98844597852013 566.0111213439718
    vertex 4219.001255539322 204.4137221589315 566.0111213439723
    vertex 4219.4008572293405 205.37844597852165 566.0111213439723
  endloop
endfacet
facet normal 4.2661126321961995e-15 8.745783365613584e-15 1.0
  outer loop
    vertex 4219.001255539322 204.4137221589315 566.0111213439723
    vertex 4211.8149588444785 204.98844597852013 566.0111213439718
    vertex 4212.107594327502 204.95962389912492 566.0111213439718
  endloop
endfacet
facet normal 4.2661126321961995e-15 8.745783365613584e-15 1.0
  outer loop
    vertex 4219.001255539322 204.4137221589315 566.0111213439723
    vertex 4212.107594327502 204.95962389912492 566.0111213439718
    vertex 4212.388983993025 204.87426527728698 566.0111213439718
  endloop
endfacet
facet normal 4.2661126321961995e-15 8.745783365613584e-15 1.0
  outer loop
    vertex 4219.001255539322 204.4137221589315 566.0111213439723
    vertex 4212.388983993025 204.87426527728698 566.0111213439718
    vertex 4212.648314194007 204.7356503969739 566.0111213439718
  endloop
endfacet
facet normal 4.2661126321961995e-15 8.745783365613584e-15 1.0
  outer loop
    vertex 4219.001255539322 204.4137221589315 566.0111213439723
    vertex 4212.648314194007 204.7356503969739 566.0111213439718
    vertex 4212.875619016258 204.5491061502999 566.0111213439718
  endloop
endfacet
facet normal 4.2661126321961995e-15 8.745783365613584e-15 1.0
  outer loop
    vertex 4219.001255539322 204.4137221589315 566.0111213439723
    vertex 4212.875619016258 204.5491061502999 566.0111213439718
    vertex 4213.062163262932 204.32180132804953 566.0111213439718
  endloop
endfacet
facet normal 4.2661126321961995e-15 8.745783365613584e-15 1.0
  outer loop
    vertex 4219.001255539322 204.4137221589315 566.0111213439723
    vertex 4213.062163262932 204.32180132804953 566.0111213439718
    vertex 4218.864958844478 203.3784459785211 566.0111213439723
  endloop
endfacet
facet normal 4.2661126321961995e-15 8.745783365613584e-15 1.0
  outer loop
    vertex 4218.864958844478 203.3784459785211 566.0111213439723
    vertex 4213.062163262932 204.32180132804953 566.0111213439718
    vertex 4213.200778143245 204.06247112706774 566.0111213439717
  endloop
endfacet
facet normal 4.2661126321961995e-15 8.745783365613584e-15 1.0
  outer loop
    vertex 4218.864958844478 203.3784459785211 566.0111213439723
    vertex 4213.200778143245 204.06247112706774 566.0111213439717
    vertex 4213.286136765083 203.7810814615443 566.0111213439717
  endloop
endfacet
facet normal 4.2661126321961995e-15 8.745783365613584e-15 1.0
  outer loop
    vertex 4218.864958844478 203.3784459785211 566.0111213439723
    vertex 4213.286136765083 203.7810814615443 566.0111213439717
    vertex 4213.314958844478 203.4884459785201 566.0111213439717
  endloop
endfacet
facet normal 4.2661126321961995e-15 8.745783365613584e-15 1.0
  outer loop
    vertex 4218.864958844478 203.3784459785211 566.0111213439723
    vertex 4213.314958844478 203.4884459785201 566.0111213439717
    vertex 4213.286136765083 203.1958104954959 566.0111213439717
  endloop
endfacet
facet normal 4.2661126321961995e-15 8.745783365613584e-15 1.0
  outer loop
    vertex 4218.864958844478 203.3784459785211 566.0111213439723
    vertex 4213.286136765083 203.1958104954959 566.0111213439717
    vertex 4218.864958844477 195.26024497852023 566.0111213439724
  endloop
endfacet
facet normal 4.2661126321961995e-15 8.745783365613584e-15 1.0
  outer loop
    vertex 4218.864958844477 195.26024497852023 566.0111213439724
    vertex 4213.286136765083 203.1958104954959 566.0111213439717
    vertex 4213.200778143245 202.91442082997244 566.0111213439717
  endloop
endfacet
facet normal 4.2661126321961995e-15 8.745783365613584e-15 1.0
  outer loop
    vertex 4218.864958844477 195.26024497852023 566.0111213439724
    vertex 4213.200778143245 202.91442082997244 566.0111213439717
    vertex 4213.062163262932 202.65509062899068 566.0111213439717
  endloop
endfacet
facet normal 4.2661126321961995e-15 8.745783365613584e-15 1.0
  outer loop
    vertex 4218.864958844477 195.26024497852023 566.0111213439724
    vertex 4213.062163262932 202.65509062899068 566.0111213439717
    vertex 4212.875619016258 202.42778580674027 566.0111213439717
  endloop
endfacet
facet normal 4.2661126321961995e-15 8.745783365613584e-15 1.0
  outer loop
    vertex 4218.864958844477 195.26024497852023 566.0111213439724
    vertex 4212.875619016258 202.42778580674027 566.0111213439717
    vertex 4212.648314194007 202.2412415600663 566.0111213439717
  endloop
endfacet
facet normal 4.2661126321961995e-15 8.745783365613584e-15 1.0
  outer loop
    vertex 4218.864958844477 195.26024497852023 566.0111213439724
    vertex 4212.648314194007 202.2412415600663 566.0111213439717
    vertex 4212.388983993025 202.1026266797532 566.0111213439717
  endloop
endfacet
facet normal 4.2661126321961995e-15 8.745783365613584e-15 1.0
  outer loop
    vertex 4218.864958844477 195.26024497852023 566.0111213439724
    vertex 4212.388983993025 202.1026266797532 566.0111213439717
    vertex 4212.107594327502 202.0172680579153 566.0111213439717
  endloop
endfacet
facet normal 4.2661126321961995e-15 8.745783365613584e-15 1.0
  outer loop
    vertex 4218.864958844477 195.26024497852023 566.0111213439724
    vertex 4212.107594327502 202.0172680579153 566.0111213439717
    vertex 4211.8149588444785 201.98844597852008 566.0111213439717
  endloop
endfacet
facet normal 4.2661126321961995e-15 8.745783365613584e-15 1.0
  outer loop
    vertex 4212.564958844478 239.12844597852015 566.0111213439721
    vertex 4231.064958844478 229.12844597852026 566.011121343972
    vertex 4231.064958844478 239.12844597852023 566.011121343972
  endloop
endfacet
facet normal 4.2661126321961995e-15 8.745783365613584e-15 1.0
  outer loop
    vertex 4231.064958844478 229.12844597852026 566.011121343972
    vertex 4212.564958844478 239.12844597852015 566.0111213439721
    vertex 4218.8649588444805 235.09254759365834 566.0111213439724
  endloop
endfacet
facet normal 4.2661126321961995e-15 8.745783365613584e-15 1.0
  outer loop
    vertex 4218.8649588444805 235.09254759365834 566.0111213439724
    vertex 4212.564958844478 239.12844597852015 566.0111213439721
    vertex 4217.900235024887 235.49214928367655 566.0111213439725
  endloop
endfacet
facet normal 4.2661126321961995e-15 8.745783365613584e-15 1.0
  outer loop
    vertex 4217.900235024887 235.49214928367655 566.0111213439725
    vertex 4212.564958844478 239.12844597852015 566.0111213439721
    vertex 4216.864958844476 235.62844597852023 566.0111213439725
  endloop
endfacet
facet normal 4.2661126321961995e-15 8.745783365613584e-15 1.0
  outer loop
    vertex 4231.064958844478 229.12844597852026 566.011121343972
    vertex 4218.8649588444805 235.09254759365834 566.0111213439724
    vertex 4219.693385969228 234.456873103267 566.0111213439724
  endloop
endfacet
facet normal 4.2661126321961995e-15 8.745783365613584e-15 1.0
  outer loop
    vertex 4231.064958844478 229.12844597852026 566.011121343972
    vertex 4219.693385969228 234.456873103267 566.0111213439724
    vertex 4220.32906045962 233.6284459785204 566.0111213439724
  endloop
endfacet
facet normal 4.2661126321961995e-15 8.745783365613584e-15 1.0
  outer loop
    vertex 4231.064958844478 229.12844597852026 566.011121343972
    vertex 4220.32906045962 233.6284459785204 566.0111213439724
    vertex 4220.7286621496405 232.66372215893045 566.0111213439724
  endloop
endfacet
facet normal 4.2661126321961995e-15 8.745783365613584e-15 1.0
  outer loop
    vertex 4231.064958844478 229.12844597852026 566.011121343972
    vertex 4220.7286621496405 232.66372215893045 566.0111213439724
    vertex 4220.864958844485 231.62844597852006 566.0111213439724
  endloop
endfacet
facet normal 4.2661126321961995e-15 8.745783365613584e-15 1.0
  outer loop
    vertex 4231.064958844478 229.12844597852026 566.011121343972
    vertex 4220.864958844485 231.62844597852006 566.0111213439724
    vertex 4220.7286621496405 230.59316979811027 566.0111213439724
  endloop
endfacet
facet normal 4.2661126321961995e-15 8.745783365613584e-15 1.0
  outer loop
    vertex 4231.064958844478 229.12844597852026 566.011121343972
    vertex 4220.7286621496405 230.59316979811027 566.0111213439724
    vertex 4220.32906045962 229.62844597852077 566.0111213439724
  endloop
endfacet
facet normal 4.2661126321961995e-15 8.745783365613584e-15 1.0
  outer loop
    vertex 4231.064958844478 229.12844597852026 566.011121343972
    vertex 4220.32906045962 229.62844597852077 566.0111213439724
    vertex 4219.693385969228 228.80001885377413 566.0111213439724
  endloop
endfacet
facet normal 4.2661126321961995e-15 8.745783365613584e-15 1.0
  outer loop
    vertex 4212.564958844478 239.12844597852015 566.0111213439721
    vertex 4215.829682664064 235.49214928367655 566.0111213439725
    vertex 4216.864958844476 235.62844597852023 566.0111213439725
  endloop
endfacet
facet normal 4.2661126321961995e-15 8.745783365613584e-15 1.0
  outer loop
    vertex 4215.829682664064 235.49214928367655 566.0111213439725
    vertex 4212.564958844478 239.12844597852015 566.0111213439721
    vertex 4214.864958844471 235.09254759365834 566.0111213439725
  endloop
endfacet
facet normal 4.2661126321961995e-15 8.745783365613584e-15 1.0
  outer loop
    vertex 4214.864958844471 235.09254759365834 566.0111213439725
    vertex 4212.564958844478 239.12844597852015 566.0111213439721
    vertex 4214.036531719724 234.456873103267 566.0111213439725
  endloop
endfacet
facet normal 4.2661126321961995e-15 8.745783365613584e-15 1.0
  outer loop
    vertex 4214.036531719724 234.456873103267 566.0111213439725
    vertex 4212.564958844478 239.12844597852015 566.0111213439721
    vertex 4213.4008572293305 233.6284459785204 566.0111213439725
  endloop
endfacet
facet normal 4.2661126321961995e-15 8.745783365613584e-15 1.0
  outer loop
    vertex 4213.4008572293305 233.6284459785204 566.0111213439725
    vertex 4212.564958844478 239.12844597852015 566.0111213439721
    vertex 4213.001255539311 232.66372215893045 566.0111213439725
  endloop
endfacet
facet normal 4.2661126321961995e-15 8.745783365613584e-15 1.0
  outer loop
    vertex 4213.001255539311 232.66372215893045 566.0111213439725
    vertex 4212.564958844478 239.12844597852015 566.0111213439721
    vertex 4212.864958844466 231.62844597852006 566.0111213439725
  endloop
endfacet
facet normal 4.2661126321961995e-15 8.745783365613584e-15 1.0
  outer loop
    vertex 4212.864958844466 231.62844597852006 566.0111213439725
    vertex 4212.564958844478 239.12844597852015 566.0111213439721
    vertex 4212.564958844478 229.12844597852026 566.011121343972
  endloop
endfacet
facet normal 4.2661126321961995e-15 8.745783365613584e-15 1.0
  outer loop
    vertex 4212.864958844466 231.62844597852006 566.0111213439725
    vertex 4212.564958844478 229.12844597852026 566.011121343972
    vertex 4213.001255539311 230.59316979811027 566.0111213439725
  endloop
endfacet
facet normal 4.2661126321961995e-15 8.745783365613584e-15 1.0
  outer loop
    vertex 4213.001255539311 230.59316979811027 566.0111213439725
    vertex 4212.564958844478 229.12844597852026 566.011121343972
    vertex 4213.4008572293305 229.62844597852077 566.0111213439725
  endloop
endfacet
facet normal 4.2661126321961995e-15 8.745783365613584e-15 1.0
  outer loop
    vertex 4213.4008572293305 229.62844597852077 566.0111213439725
    vertex 4212.564958844478 229.12844597852026 566.011121343972
    vertex 4214.036531719724 228.80001885377413 566.0111213439725
  endloop
endfacet
facet normal 0.7933533402911168 -0.608761429008875 1.0569661829739869e-15
  outer loop
    vertex 4203.400745282104 212.542659540893 566.0111213439725
    vertex 4203.0829080369085 212.1284459785198 560.0111213439725
    vertex 4203.400745282104 212.54265954089294 560.0111213439725
  endloop
endfacet
facet normal 0.7933533402911168 -0.608761429008875 1.0569661829739869e-15
  outer loop
    vertex 4203.0829080369085 212.1284459785198 560.0111213439725
    vertex 4203.400745282104 212.542659540893 566.0111213439725
    vertex 4203.0829080369085 212.12844597851984 566.0111213439725
  endloop
endfacet
facet normal 0.0 -1.0 5.88418203051333e-15
  outer loop
    vertex 4203.0829080369085 212.1284459785198 560.0111213439725
    vertex 4199.314958844478 212.12844597851984 566.0111213439725
    vertex 4199.314958844478 212.1284459785198 560.0111213439725
  endloop
endfacet
facet normal 0.0 -1.0 5.88418203051333e-15
  outer loop
    vertex 4199.314958844478 212.12844597851984 566.0111213439725
    vertex 4203.0829080369085 212.1284459785198 560.0111213439725
    vertex 4203.0829080369085 212.12844597851984 566.0111213439725
  endloop
endfacet
facet normal 0.0 1.0 -5.88418203051333e-15
  outer loop
    vertex 4203.0829080369085 210.12844597851984 566.0111213439725
    vertex 4199.314958844478 210.1284459785198 560.0111213439725
    vertex 4199.314958844478 210.12844597851984 566.0111213439725
  endloop
endfacet
facet normal 0.0 1.0 -5.88418203051333e-15
  outer loop
    vertex 4199.314958844478 210.1284459785198 560.0111213439725
    vertex 4203.0829080369085 210.12844597851984 566.0111213439725
    vertex 4203.0829080369085 210.1284459785198 560.0111213439725
  endloop
endfacet
facet normal 0.7933533402910526 0.6087614290089584 -4.9965771813514546e-15
  outer loop
    vertex 4203.0829080369085 210.12844597851984 566.0111213439725
    vertex 4203.400745282104 209.71423241614676 560.0111213439725
    vertex 4203.0829080369085 210.1284459785198 560.0111213439725
  endloop
endfacet
facet normal 0.7933533402910526 0.6087614290089584 -4.9965771813514546e-15
  outer loop
    vertex 4203.400745282104 209.71423241614676 560.0111213439725
    vertex 4203.0829080369085 210.12844597851984 566.0111213439725
    vertex 4203.400745282104 209.71423241614679 566.0111213439725
  endloop
endfacet
facet normal 0.6087614290087409 0.7933533402912196 -5.456050574587532e-15
  outer loop
    vertex 4203.814958844478 209.39639517095102 566.0111213439725
    vertex 4203.400745282104 209.71423241614676 560.0111213439725
    vertex 4203.400745282104 209.71423241614679 566.0111213439725
  endloop
endfacet
facet normal 0.6087614290087409 0.7933533402912196 -5.456050574587532e-15
  outer loop
    vertex 4203.400745282104 209.71423241614676 560.0111213439725
    vertex 4203.814958844478 209.39639517095102 566.0111213439725
    vertex 4203.814958844478 209.39639517095097 560.0111213439725
  endloop
endfacet
facet normal 0.3826834323652056 0.923879532511239 -5.543703137716193e-15
  outer loop
    vertex 4204.297320754273 209.19659432594173 566.0111213439725
    vertex 4203.814958844478 209.39639517095097 560.0111213439725
    vertex 4203.814958844478 209.39639517095102 566.0111213439725
  endloop
endfacet
facet normal 0.3826834323652056 0.923879532511239 -5.543703137716193e-15
  outer loop
    vertex 4203.814958844478 209.39639517095097 560.0111213439725
    vertex 4204.297320754273 209.19659432594173 566.0111213439725
    vertex 4204.297320754273 209.19659432594167 560.0111213439725
  endloop
endfacet
facet normal 0.13052619221998144 0.9914448613738197 -5.2535614934118446e-15
  outer loop
    vertex 4204.814958844478 209.1284459785199 566.0111213439725
    vertex 4204.297320754273 209.19659432594167 560.0111213439725
    vertex 4204.297320754273 209.19659432594173 566.0111213439725
  endloop
endfacet
facet normal 0.13052619221998144 0.9914448613738197 -5.2535614934118446e-15
  outer loop
    vertex 4204.297320754273 209.19659432594167 560.0111213439725
    vertex 4204.814958844478 209.1284459785199 566.0111213439725
    vertex 4204.814958844478 209.12844597851984 560.0111213439725
  endloop
endfacet
facet normal -0.13052619221998144 0.9914448613738197 -4.60539831525286e-15
  outer loop
    vertex 4205.332596934683 209.19659432594173 566.0111213439725
    vertex 4204.814958844478 209.12844597851984 560.0111213439725
    vertex 4204.814958844478 209.1284459785199 566.0111213439725
  endloop
endfacet
facet normal -0.13052619221998144 0.9914448613738197 -4.60539831525286e-15
  outer loop
    vertex 4204.814958844478 209.12844597851984 560.0111213439725
    vertex 4205.332596934683 209.19659432594173 566.0111213439725
    vertex 4205.332596934683 209.19659432594167 560.0111213439725
  endloop
endfacet
facet normal -0.3826834323652056 0.923879532511239 -3.643384852688879e-15
  outer loop
    vertex 4205.814958844478 209.39639517095102 566.0111213439725
    vertex 4205.332596934683 209.19659432594167 560.0111213439725
    vertex 4205.332596934683 209.19659432594173 566.0111213439725
  endloop
endfacet
facet normal -0.3826834323652056 0.923879532511239 -3.643384852688879e-15
  outer loop
    vertex 4205.332596934683 209.19659432594167 560.0111213439725
    vertex 4205.814958844478 209.39639517095102 566.0111213439725
    vertex 4205.814958844478 209.39639517095097 560.0111213439725
  endloop
endfacet
facet normal -0.6087614290087409 0.7933533402912196 -2.4330807333934106e-15
  outer loop
    vertex 4206.22917240685 209.71423241614679 566.0111213439725
    vertex 4205.814958844478 209.39639517095097 560.0111213439725
    vertex 4205.814958844478 209.39639517095102 566.0111213439725
  endloop
endfacet
facet normal -0.6087614290087409 0.7933533402912196 -2.4330807333934106e-15
  outer loop
    vertex 4205.814958844478 209.39639517095097 560.0111213439725
    vertex 4206.22917240685 209.71423241614679 566.0111213439725
    vertex 4206.22917240685 209.71423241614676 560.0111213439725
  endloop
endfacet
facet normal -0.7933533402911168 0.608761429008875 -1.0569661829739869e-15
  outer loop
    vertex 4206.22917240685 209.71423241614679 566.0111213439725
    vertex 4206.547009652047 210.1284459785199 560.0111213439725
    vertex 4206.22917240685 209.71423241614676 560.0111213439725
  endloop
endfacet
facet normal -0.7933533402911168 0.608761429008875 -1.0569661829739869e-15
  outer loop
    vertex 4206.547009652047 210.1284459785199 560.0111213439725
    vertex 4206.22917240685 209.71423241614679 566.0111213439725
    vertex 4206.547009652047 210.12844597851995 566.0111213439725
  endloop
endfacet
facet normal -0.923879532511361 0.3826834323649104 3.911788660991616e-16
  outer loop
    vertex 4206.547009652047 210.12844597851995 566.0111213439725
    vertex 4206.746810497056 210.61080788831478 560.0111213439725
    vertex 4206.547009652047 210.1284459785199 560.0111213439725
  endloop
endfacet
facet normal -0.923879532511361 0.3826834323649104 3.911788660991616e-16
  outer loop
    vertex 4206.746810497056 210.61080788831478 560.0111213439725
    vertex 4206.547009652047 210.12844597851995 566.0111213439725
    vertex 4206.746810497056 210.6108078883148 566.0111213439725
  endloop
endfacet
facet normal -0.991444861373775 0.13052619222032125 1.812665721896726e-15
  outer loop
    vertex 4206.746810497056 210.6108078883148 566.0111213439725
    vertex 4206.814958844478 211.12844597851984 560.0111213439725
    vertex 4206.746810497056 210.61080788831478 560.0111213439725
  endloop
endfacet
facet normal -0.991444861373775 0.13052619222032125 1.812665721896726e-15
  outer loop
    vertex 4206.814958844478 211.12844597851984 560.0111213439725
    vertex 4206.746810497056 210.6108078883148 566.0111213439725
    vertex 4206.814958844478 211.1284459785199 566.0111213439725
  endloop
endfacet
facet normal -0.991444861373775 -0.13052619222032125 3.110622404323858e-15
  outer loop
    vertex 4206.814958844478 211.1284459785199 566.0111213439725
    vertex 4206.746810497056 211.64608406872492 560.0111213439725
    vertex 4206.814958844478 211.12844597851984 560.0111213439725
  endloop
endfacet
facet normal -0.991444861373775 -0.13052619222032125 3.110622404323858e-15
  outer loop
    vertex 4206.746810497056 211.64608406872492 560.0111213439725
    vertex 4206.814958844478 211.1284459785199 566.0111213439725
    vertex 4206.746810497056 211.64608406872495 566.0111213439725
  endloop
endfacet
facet normal -0.9238795325113863 -0.3826834323648493 4.196595310438099e-15
  outer loop
    vertex 4206.746810497056 211.64608406872495 566.0111213439725
    vertex 4206.547009652047 212.1284459785199 560.0111213439725
    vertex 4206.746810497056 211.64608406872492 560.0111213439725
  endloop
endfacet
facet normal -0.9238795325113863 -0.3826834323648493 4.196595310438099e-15
  outer loop
    vertex 4206.547009652047 212.1284459785199 560.0111213439725
    vertex 4206.746810497056 211.64608406872495 566.0111213439725
    vertex 4206.547009652047 212.12844597851992 566.0111213439725
  endloop
endfacet
facet normal -0.7933533402910526 -0.6087614290089584 4.9965771813514546e-15
  outer loop
    vertex 4206.547009652047 212.12844597851992 566.0111213439725
    vertex 4206.22917240685 212.54265954089294 560.0111213439725
    vertex 4206.547009652047 212.1284459785199 560.0111213439725
  endloop
endfacet
facet normal -0.7933533402910526 -0.6087614290089584 4.9965771813514546e-15
  outer loop
    vertex 4206.22917240685 212.54265954089294 560.0111213439725
    vertex 4206.547009652047 212.12844597851992 566.0111213439725
    vertex 4206.22917240685 212.542659540893 566.0111213439725
  endloop
endfacet
facet normal -0.6087614290087409 -0.7933533402912196 5.456050574587532e-15
  outer loop
    vertex 4206.22917240685 212.54265954089294 560.0111213439725
    vertex 4205.814958844478 212.86049678608876 566.0111213439725
    vertex 4205.814958844478 212.8604967860887 560.0111213439725
  endloop
endfacet
facet normal -0.6087614290087409 -0.7933533402912196 5.456050574587532e-15
  outer loop
    vertex 4205.814958844478 212.86049678608876 566.0111213439725
    vertex 4206.22917240685 212.54265954089294 560.0111213439725
    vertex 4206.22917240685 212.542659540893 566.0111213439725
  endloop
endfacet
facet normal -0.3826834323652056 -0.923879532511239 5.543703137716193e-15
  outer loop
    vertex 4205.814958844478 212.8604967860887 560.0111213439725
    vertex 4205.332596934683 213.06029763109805 566.0111213439725
    vertex 4205.332596934683 213.06029763109802 560.0111213439725
  endloop
endfacet
facet normal -0.3826834323652056 -0.923879532511239 5.543703137716193e-15
  outer loop
    vertex 4205.332596934683 213.06029763109805 566.0111213439725
    vertex 4205.814958844478 212.8604967860887 560.0111213439725
    vertex 4205.814958844478 212.86049678608876 566.0111213439725
  endloop
endfacet
facet normal -0.13052619221998144 -0.9914448613738197 5.2535614934118446e-15
  outer loop
    vertex 4205.332596934683 213.06029763109802 560.0111213439725
    vertex 4204.814958844478 213.1284459785199 566.0111213439725
    vertex 4204.814958844478 213.12844597851984 560.0111213439725
  endloop
endfacet
facet normal -0.13052619221998144 -0.9914448613738197 5.2535614934118446e-15
  outer loop
    vertex 4204.814958844478 213.1284459785199 566.0111213439725
    vertex 4205.332596934683 213.06029763109802 560.0111213439725
    vertex 4205.332596934683 213.06029763109805 566.0111213439725
  endloop
endfacet
facet normal 0.13052619221998144 -0.9914448613738197 4.60539831525286e-15
  outer loop
    vertex 4204.814958844478 213.12844597851984 560.0111213439725
    vertex 4204.297320754273 213.06029763109805 566.0111213439725
    vertex 4204.297320754273 213.06029763109802 560.0111213439725
  endloop
endfacet
facet normal 0.13052619221998144 -0.9914448613738197 4.60539831525286e-15
  outer loop
    vertex 4204.297320754273 213.06029763109805 566.0111213439725
    vertex 4204.814958844478 213.12844597851984 560.0111213439725
    vertex 4204.814958844478 213.1284459785199 566.0111213439725
  endloop
endfacet
facet normal 0.3826834323652056 -0.923879532511239 3.643384852688879e-15
  outer loop
    vertex 4204.297320754273 213.06029763109802 560.0111213439725
    vertex 4203.814958844478 212.86049678608876 566.0111213439725
    vertex 4203.814958844478 212.8604967860887 560.0111213439725
  endloop
endfacet
facet normal 0.3826834323652056 -0.923879532511239 3.643384852688879e-15
  outer loop
    vertex 4203.814958844478 212.86049678608876 566.0111213439725
    vertex 4204.297320754273 213.06029763109802 560.0111213439725
    vertex 4204.297320754273 213.06029763109805 566.0111213439725
  endloop
endfacet
facet normal 0.6087614290087409 -0.7933533402912196 2.4330807333934106e-15
  outer loop
    vertex 4203.814958844478 212.8604967860887 560.0111213439725
    vertex 4203.400745282104 212.542659540893 566.0111213439725
    vertex 4203.400745282104 212.54265954089294 560.0111213439725
  endloop
endfacet
facet normal 0.6087614290087409 -0.7933533402912196 2.4330807333934106e-15
  outer loop
    vertex 4203.400745282104 212.542659540893 566.0111213439725
    vertex 4203.814958844478 212.8604967860887 560.0111213439725
    vertex 4203.814958844478 212.86049678608876 566.0111213439725
  endloop
endfacet
facet normal -1.0 3.373248552629055e-28 3.0079642480511186e-14
  outer loop
    vertex 4199.314958844478 171.9884459785202 560.011121343973
    vertex 4199.314958844478 210.12844597851984 566.0111213439725
    vertex 4199.314958844478 210.1284459785198 560.0111213439725
  endloop
endfacet
facet normal -1.0 3.373248552629055e-28 3.0079642480511186e-14
  outer loop
    vertex 4199.314958844478 210.12844597851984 566.0111213439725
    vertex 4199.314958844478 171.9884459785202 560.011121343973
    vertex 4199.314958844478 171.98844597852022 566.0111213439727
  endloop
endfacet
facet normal -0.7933533402911168 0.608761429008875 -3.582063061443638e-15
  outer loop
    vertex 4240.229172406851 209.71423241614733 566.0111213439723
    vertex 4240.547009652048 210.12844597852043 560.0111213439723
    vertex 4240.229172406851 209.7142324161473 560.0111213439723
  endloop
endfacet
facet normal -0.7933533402911168 0.608761429008875 -3.582063061443638e-15
  outer loop
    vertex 4240.547009652048 210.12844597852043 560.0111213439723
    vertex 4240.229172406851 209.71423241614733 566.0111213439723
    vertex 4240.547009652048 210.1284459785205 566.0111213439723
  endloop
endfacet
facet normal -2.394908286523661e-14 1.0 -5.88418203051333e-15
  outer loop
    vertex 4244.314958844478 210.12844597852057 566.0111213439723
    vertex 4240.547009652048 210.12844597852043 560.0111213439723
    vertex 4240.547009652048 210.1284459785205 566.0111213439723
  endloop
endfacet
facet normal -2.394908286523661e-14 1.0 -5.88418203051333e-15
  outer loop
    vertex 4240.547009652048 210.12844597852043 560.0111213439723
    vertex 4244.314958844478 210.12844597852057 566.0111213439723
    vertex 4244.314958844478 210.12844597852052 560.0111213439723
  endloop
endfacet
facet normal 0.0 -1.0 5.88418203051333e-15
  outer loop
    vertex 4244.314958844478 212.12844597852043 560.0111213439723
    vertex 4240.547009652048 212.12844597852046 566.0111213439723
    vertex 4240.547009652048 212.12844597852043 560.0111213439723
  endloop
endfacet
facet normal 0.0 -1.0 5.88418203051333e-15
  outer loop
    vertex 4240.547009652048 212.12844597852046 566.0111213439723
    vertex 4244.314958844478 212.12844597852043 560.0111213439723
    vertex 4244.314958844478 212.12844597852046 566.0111213439723
  endloop
endfacet
facet normal -0.7933533402910526 -0.6087614290089584 3.582063061444129e-15
  outer loop
    vertex 4240.547009652048 212.12844597852046 566.0111213439723
    vertex 4240.229172406851 212.54265954089348 560.0111213439723
    vertex 4240.547009652048 212.12844597852043 560.0111213439723
  endloop
endfacet
facet normal -0.7933533402910526 -0.6087614290089584 3.582063061444129e-15
  outer loop
    vertex 4240.229172406851 212.54265954089348 560.0111213439723
    vertex 4240.547009652048 212.12844597852046 566.0111213439723
    vertex 4240.229172406851 212.54265954089354 566.0111213439723
  endloop
endfacet
facet normal -0.6087614290087409 -0.7933533402912196 4.668235468789321e-15
  outer loop
    vertex 4240.229172406851 212.54265954089348 560.0111213439723
    vertex 4239.814958844478 212.8604967860893 566.0111213439723
    vertex 4239.814958844478 212.86049678608924 560.0111213439723
  endloop
endfacet
facet normal -0.6087614290087409 -0.7933533402912196 4.668235468789321e-15
  outer loop
    vertex 4239.814958844478 212.8604967860893 566.0111213439723
    vertex 4240.229172406851 212.54265954089348 560.0111213439723
    vertex 4240.229172406851 212.54265954089354 566.0111213439723
  endloop
endfacet
facet normal -0.3826834323652056 -0.923879532511239 5.436275343561688e-15
  outer loop
    vertex 4239.814958844478 212.86049678608924 560.0111213439723
    vertex 4239.332596934683 213.0602976310986 566.0111213439723
    vertex 4239.332596934683 213.06029763109856 560.0111213439723
  endloop
endfacet
facet normal -0.3826834323652056 -0.923879532511239 5.436275343561688e-15
  outer loop
    vertex 4239.332596934683 213.0602976310986 566.0111213439723
    vertex 4239.814958844478 212.86049678608924 560.0111213439723
    vertex 4239.814958844478 212.8604967860893 566.0111213439723
  endloop
endfacet
facet normal -0.13052619221998144 -0.9914448613738197 5.833842037540609e-15
  outer loop
    vertex 4239.332596934683 213.06029763109856 560.0111213439723
    vertex 4238.814958844478 213.12844597852043 566.0111213439723
    vertex 4238.814958844478 213.12844597852038 560.0111213439723
  endloop
endfacet
facet normal -0.13052619221998144 -0.9914448613738197 5.833842037540609e-15
  outer loop
    vertex 4238.814958844478 213.12844597852043 566.0111213439723
    vertex 4239.332596934683 213.06029763109856 560.0111213439723
    vertex 4239.332596934683 213.0602976310986 566.0111213439723
  endloop
endfacet
facet normal 0.13052619221998144 -0.9914448613738197 5.833842037540609e-15
  outer loop
    vertex 4238.814958844478 213.12844597852038 560.0111213439723
    vertex 4238.297320754273 213.0602976310986 566.0111213439723
    vertex 4238.297320754273 213.06029763109856 560.0111213439723
  endloop
endfacet
facet normal 0.13052619221998144 -0.9914448613738197 5.833842037540609e-15
  outer loop
    vertex 4238.297320754273 213.0602976310986 566.0111213439723
    vertex 4238.814958844478 213.12844597852038 560.0111213439723
    vertex 4238.814958844478 213.12844597852043 566.0111213439723
  endloop
endfacet
facet normal 0.3826834323652056 -0.923879532511239 5.436275343561688e-15
  outer loop
    vertex 4238.297320754273 213.06029763109856 560.0111213439723
    vertex 4237.814958844478 212.8604967860893 566.0111213439723
    vertex 4237.814958844478 212.86049678608924 560.0111213439723
  endloop
endfacet
facet normal 0.3826834323652056 -0.923879532511239 5.436275343561688e-15
  outer loop
    vertex 4237.814958844478 212.8604967860893 566.0111213439723
    vertex 4238.297320754273 213.06029763109856 560.0111213439723
    vertex 4238.297320754273 213.0602976310986 566.0111213439723
  endloop
endfacet
facet normal 0.6087614290087409 -0.7933533402912196 4.668235468789321e-15
  outer loop
    vertex 4237.814958844478 212.86049678608924 560.0111213439723
    vertex 4237.400745282105 212.54265954089354 566.0111213439723
    vertex 4237.400745282105 212.54265954089348 560.0111213439723
  endloop
endfacet
facet normal 0.6087614290087409 -0.7933533402912196 4.668235468789321e-15
  outer loop
    vertex 4237.400745282105 212.54265954089354 566.0111213439723
    vertex 4237.814958844478 212.86049678608924 560.0111213439723
    vertex 4237.814958844478 212.8604967860893 566.0111213439723
  endloop
endfacet
facet normal 0.7933533402911168 -0.608761429008875 3.582063061443638e-15
  outer loop
    vertex 4237.400745282105 212.54265954089354 566.0111213439723
    vertex 4237.0829080369085 212.12844597852035 560.0111213439723
    vertex 4237.400745282105 212.54265954089348 560.0111213439723
  endloop
endfacet
facet normal 0.7933533402911168 -0.608761429008875 3.582063061443638e-15
  outer loop
    vertex 4237.0829080369085 212.12844597852035 560.0111213439723
    vertex 4237.400745282105 212.54265954089354 566.0111213439723
    vertex 4237.0829080369085 212.12844597852038 566.0111213439723
  endloop
endfacet
facet normal 0.923879532511361 -0.3826834323649104 2.2517789760967694e-15
  outer loop
    vertex 4237.0829080369085 212.12844597852038 566.0111213439723
    vertex 4236.883107191899 211.64608406872546 560.0111213439723
    vertex 4237.0829080369085 212.12844597852035 560.0111213439723
  endloop
endfacet
facet normal 0.923879532511361 -0.3826834323649104 2.2517789760967694e-15
  outer loop
    vertex 4236.883107191899 211.64608406872546 560.0111213439723
    vertex 4237.0829080369085 212.12844597852038 566.0111213439723
    vertex 4236.883107191899 211.6460840687255 566.0111213439723
  endloop
endfacet
facet normal 0.991444861373775 -0.13052619222032125 7.680398747741431e-16
  outer loop
    vertex 4236.883107191899 211.6460840687255 566.0111213439723
    vertex 4236.8149588444785 211.12844597852038 560.0111213439723
    vertex 4236.883107191899 211.64608406872546 560.0111213439723
  endloop
endfacet
facet normal 0.991444861373775 -0.13052619222032125 7.680398747741431e-16
  outer loop
    vertex 4236.8149588444785 211.12844597852038 560.0111213439723
    vertex 4236.883107191899 211.6460840687255 566.0111213439723
    vertex 4236.8149588444785 211.12844597852043 566.0111213439723
  endloop
endfacet
facet normal 0.991444861373775 0.13052619222032125 -7.680398747741431e-16
  outer loop
    vertex 4236.8149588444785 211.12844597852043 566.0111213439723
    vertex 4236.883107191899 210.61080788831532 560.0111213439723
    vertex 4236.8149588444785 211.12844597852038 560.0111213439723
  endloop
endfacet
facet normal 0.991444861373775 0.13052619222032125 -7.680398747741431e-16
  outer loop
    vertex 4236.883107191899 210.61080788831532 560.0111213439723
    vertex 4236.8149588444785 211.12844597852043 566.0111213439723
    vertex 4236.883107191899 210.61080788831535 566.0111213439723
  endloop
endfacet
facet normal 0.9238795325113863 0.3826834323648493 -2.2517789760964096e-15
  outer loop
    vertex 4236.883107191899 210.61080788831535 566.0111213439723
    vertex 4237.0829080369085 210.12844597852035 560.0111213439723
    vertex 4236.883107191899 210.61080788831532 560.0111213439723
  endloop
endfacet
facet normal 0.9238795325113863 0.3826834323648493 -2.2517789760964096e-15
  outer loop
    vertex 4237.0829080369085 210.12844597852035 560.0111213439723
    vertex 4236.883107191899 210.61080788831535 566.0111213439723
    vertex 4237.0829080369085 210.12844597852038 566.0111213439723
  endloop
endfacet
facet normal 0.7933533402910526 0.6087614290089584 -3.582063061444129e-15
  outer loop
    vertex 4237.0829080369085 210.12844597852038 566.0111213439723
    vertex 4237.400745282105 209.7142324161473 560.0111213439723
    vertex 4237.0829080369085 210.12844597852035 560.0111213439723
  endloop
endfacet
facet normal 0.7933533402910526 0.6087614290089584 -3.582063061444129e-15
  outer loop
    vertex 4237.400745282105 209.7142324161473 560.0111213439723
    vertex 4237.0829080369085 210.12844597852038 566.0111213439723
    vertex 4237.400745282105 209.71423241614733 566.0111213439723
  endloop
endfacet
facet normal 0.6087614290087409 0.7933533402912196 -4.668235468789321e-15
  outer loop
    vertex 4237.814958844478 209.39639517095156 566.0111213439723
    vertex 4237.400745282105 209.7142324161473 560.0111213439723
    vertex 4237.400745282105 209.71423241614733 566.0111213439723
  endloop
endfacet
facet normal 0.6087614290087409 0.7933533402912196 -4.668235468789321e-15
  outer loop
    vertex 4237.400745282105 209.7142324161473 560.0111213439723
    vertex 4237.814958844478 209.39639517095156 566.0111213439723
    vertex 4237.814958844478 209.3963951709515 560.0111213439723
  endloop
endfacet
facet normal 0.3826834323652056 0.923879532511239 -5.436275343561688e-15
  outer loop
    vertex 4238.297320754273 209.19659432594227 566.0111213439723
    vertex 4237.814958844478 209.3963951709515 560.0111213439723
    vertex 4237.814958844478 209.39639517095156 566.0111213439723
  endloop
endfacet
facet normal 0.3826834323652056 0.923879532511239 -5.436275343561688e-15
  outer loop
    vertex 4237.814958844478 209.3963951709515 560.0111213439723
    vertex 4238.297320754273 209.19659432594227 566.0111213439723
    vertex 4238.297320754273 209.19659432594221 560.0111213439723
  endloop
endfacet
facet normal 0.13052619221998144 0.9914448613738197 -5.833842037540609e-15
  outer loop
    vertex 4238.814958844478 209.12844597852043 566.0111213439723
    vertex 4238.297320754273 209.19659432594221 560.0111213439723
    vertex 4238.297320754273 209.19659432594227 566.0111213439723
  endloop
endfacet
facet normal 0.13052619221998144 0.9914448613738197 -5.833842037540609e-15
  outer loop
    vertex 4238.297320754273 209.19659432594221 560.0111213439723
    vertex 4238.814958844478 209.12844597852043 566.0111213439723
    vertex 4238.814958844478 209.12844597852038 560.0111213439723
  endloop
endfacet
facet normal -0.13052619221998144 0.9914448613738197 -5.833842037540609e-15
  outer loop
    vertex 4239.332596934683 209.19659432594227 566.0111213439723
    vertex 4238.814958844478 209.12844597852038 560.0111213439723
    vertex 4238.814958844478 209.12844597852043 566.0111213439723
  endloop
endfacet
facet normal -0.13052619221998144 0.9914448613738197 -5.833842037540609e-15
  outer loop
    vertex 4238.814958844478 209.12844597852038 560.0111213439723
    vertex 4239.332596934683 209.19659432594227 566.0111213439723
    vertex 4239.332596934683 209.19659432594221 560.0111213439723
  endloop
endfacet
facet normal -0.3826834323652056 0.923879532511239 -5.436275343561688e-15
  outer loop
    vertex 4239.814958844478 209.39639517095156 566.0111213439723
    vertex 4239.332596934683 209.19659432594221 560.0111213439723
    vertex 4239.332596934683 209.19659432594227 566.0111213439723
  endloop
endfacet
facet normal -0.3826834323652056 0.923879532511239 -5.436275343561688e-15
  outer loop
    vertex 4239.332596934683 209.19659432594221 560.0111213439723
    vertex 4239.814958844478 209.39639517095156 566.0111213439723
    vertex 4239.814958844478 209.3963951709515 560.0111213439723
  endloop
endfacet
facet normal -0.6087614290087409 0.7933533402912196 -4.668235468789321e-15
  outer loop
    vertex 4240.229172406851 209.71423241614733 566.0111213439723
    vertex 4239.814958844478 209.3963951709515 560.0111213439723
    vertex 4239.814958844478 209.39639517095156 566.0111213439723
  endloop
endfacet
facet normal -0.6087614290087409 0.7933533402912196 -4.668235468789321e-15
  outer loop
    vertex 4239.814958844478 209.3963951709515 560.0111213439723
    vertex 4240.229172406851 209.71423241614733 566.0111213439723
    vertex 4240.229172406851 209.7142324161473 560.0111213439723
  endloop
endfacet
facet normal 1.0 3.3634354369694316e-15 -1.3271934426961032e-14
  outer loop
    vertex 4244.314958844478 237.12844597852006 560.011121343972
    vertex 4244.314958844478 231.12844597852043 566.011121343972
    vertex 4244.314958844478 212.12844597852043 560.0111213439723
  endloop
endfacet
facet normal 1.0 3.3634354369694316e-15 -1.3271934426961032e-14
  outer loop
    vertex 4244.314958844478 231.12844597852043 566.011121343972
    vertex 4244.314958844478 237.12844597852006 560.011121343972
    vertex 4244.314958844478 235.18910615030006 569.9504611721919
  endloop
endfacet
facet normal 1.0 3.3634354369694316e-15 -1.3271934426961032e-14
  outer loop
    vertex 4244.314958844478 235.18910615030006 569.9504611721919
    vertex 4244.314958844478 237.12844597852006 560.011121343972
    vertex 4244.314958844478 235.42748408419692 570.2611213439717
  endloop
endfacet
facet normal 1.0 3.3634354369694316e-15 -1.3271934426961032e-14
  outer loop
    vertex 4244.314958844478 235.42748408419692 570.2611213439717
    vertex 4244.314958844478 237.12844597852006 560.011121343972
    vertex 4244.314958844478 235.57733471795385 570.6228927763179
  endloop
endfacet
facet normal 1.0 3.3634354369694316e-15 -1.3271934426961032e-14
  outer loop
    vertex 4244.314958844478 235.57733471795385 570.6228927763179
    vertex 4244.314958844478 237.12844597852006 560.011121343972
    vertex 4244.314958844478 237.12844597852035 576.0111213439718
  endloop
endfacet
facet normal 1.0 3.3634354369694316e-15 -1.3271934426961032e-14
  outer loop
    vertex 4244.314958844478 231.12844597852043 566.011121343972
    vertex 4244.314958844478 235.18910615030006 569.9504611721919
    vertex 4244.314958844478 234.87844597852018 569.7120832382951
  endloop
endfacet
facet normal 1.0 3.3634354369694316e-15 -1.3271934426961032e-14
  outer loop
    vertex 4244.314958844478 231.12844597852043 566.011121343972
    vertex 4244.314958844478 234.87844597852018 569.7120832382951
    vertex 4244.314958844478 234.51667454617396 569.5622326045382
  endloop
endfacet
facet normal 1.0 3.3634354369694316e-15 -1.3271934426961032e-14
  outer loop
    vertex 4244.314958844478 231.12844597852043 566.011121343972
    vertex 4244.314958844478 234.51667454617396 569.5622326045382
    vertex 4244.314958844478 234.12844597852018 569.5111213439718
  endloop
endfacet
facet normal 1.0 3.3634354369694316e-15 -1.3271934426961032e-14
  outer loop
    vertex 4244.314958844478 235.57733471795385 570.6228927763179
    vertex 4244.314958844478 237.12844597852035 576.0111213439718
    vertex 4244.314958844478 235.62844597852026 571.0111213439718
  endloop
endfacet
facet normal 1.0 3.3634354369694316e-15 -1.3271934426961032e-14
  outer loop
    vertex 4244.314958844478 235.62844597852026 571.0111213439718
    vertex 4244.314958844478 237.12844597852035 576.0111213439718
    vertex 4244.314958844478 235.57733471795385 571.3993499116256
  endloop
endfacet
facet normal 1.0 3.3634354369694316e-15 -1.3271934426961032e-14
  outer loop
    vertex 4244.314958844478 235.57733471795385 571.3993499116256
    vertex 4244.314958844478 237.12844597852035 576.0111213439718
    vertex 4244.314958844478 235.427484084197 571.7611213439718
  endloop
endfacet
facet normal 1.0 3.3634354369694316e-15 -1.3271934426961032e-14
  outer loop
    vertex 4244.314958844478 235.427484084197 571.7611213439718
    vertex 4244.314958844478 237.12844597852035 576.0111213439718
    vertex 4244.314958844478 235.18910615030015 572.0717815157516
  endloop
endfacet
facet normal 1.0 3.3634354369694316e-15 -1.3271934426961032e-14
  outer loop
    vertex 4244.314958844478 235.18910615030015 572.0717815157516
    vertex 4244.314958844478 237.12844597852035 576.0111213439718
    vertex 4244.314958844478 234.87844597852035 572.3101594496484
  endloop
endfacet
facet normal 1.0 3.3634354369694316e-15 -1.3271934426961032e-14
  outer loop
    vertex 4244.314958844478 234.87844597852035 572.3101594496484
    vertex 4244.314958844478 237.12844597852035 576.0111213439718
    vertex 4244.314958844478 234.51667454617413 572.4600100834055
  endloop
endfacet
facet normal 1.0 3.3634354369694316e-15 -1.3271934426961032e-14
  outer loop
    vertex 4244.314958844478 234.51667454617413 572.4600100834055
    vertex 4244.314958844478 237.12844597852035 576.0111213439718
    vertex 4244.314958844478 234.12844597852035 572.5111213439718
  endloop
endfacet
facet normal 1.0 3.3634354369694316e-15 -1.3271934426961032e-14
  outer loop
    vertex 4244.314958844478 231.12844597852043 566.011121343972
    vertex 4244.314958844478 232.67955723908665 570.6228927763182
    vertex 4244.314958844478 231.12844597852035 576.0111213439719
  endloop
endfacet
facet normal 1.0 3.3634354369694316e-15 -1.3271934426961032e-14
  outer loop
    vertex 4244.314958844478 232.67955723908665 570.6228927763182
    vertex 4244.314958844478 231.12844597852043 566.011121343972
    vertex 4244.314958844478 232.8294078728435 570.2611213439719
  endloop
endfacet
facet normal 1.0 3.3634354369694316e-15 -1.3271934426961032e-14
  outer loop
    vertex 4244.314958844478 232.8294078728435 570.2611213439719
    vertex 4244.314958844478 231.12844597852043 566.011121343972
    vertex 4244.314958844478 233.06778580674037 569.950461172192
  endloop
endfacet
facet normal 1.0 3.3634354369694316e-15 -1.3271934426961032e-14
  outer loop
    vertex 4244.314958844478 233.06778580674037 569.950461172192
    vertex 4244.314958844478 231.12844597852043 566.011121343972
    vertex 4244.314958844478 233.37844597852015 569.7120832382951
  endloop
endfacet
facet normal 1.0 3.3634354369694316e-15 -1.3271934426961032e-14
  outer loop
    vertex 4244.314958844478 233.37844597852015 569.7120832382951
    vertex 4244.314958844478 231.12844597852043 566.011121343972
    vertex 4244.314958844478 233.74021741086636 569.5622326045383
  endloop
endfacet
facet normal 1.0 3.3634354369694316e-15 -1.3271934426961032e-14
  outer loop
    vertex 4244.314958844478 233.74021741086636 569.5622326045383
    vertex 4244.314958844478 231.12844597852043 566.011121343972
    vertex 4244.314958844478 234.12844597852018 569.5111213439718
  endloop
endfacet
facet normal 1.0 3.3634354369694316e-15 -1.3271934426961032e-14
  outer loop
    vertex 4244.314958844478 231.12844597852035 576.0111213439719
    vertex 4244.314958844478 232.67955723908665 570.6228927763182
    vertex 4244.314958844478 232.62844597852023 571.0111213439719
  endloop
endfacet
facet normal 1.0 3.3634354369694316e-15 -1.3271934426961032e-14
  outer loop
    vertex 4244.314958844478 231.12844597852035 576.0111213439719
    vertex 4244.314958844478 232.62844597852023 571.0111213439719
    vertex 4244.314958844478 232.67955723908665 571.3993499116258
  endloop
endfacet
facet normal 1.0 3.3634354369694316e-15 -1.3271934426961032e-14
  outer loop
    vertex 4244.314958844478 231.12844597852035 576.0111213439719
    vertex 4244.314958844478 232.67955723908665 571.3993499116258
    vertex 4244.314958844478 232.82940787284357 571.7611213439719
  endloop
endfacet
facet normal 1.0 3.3634354369694316e-15 -1.3271934426961032e-14
  outer loop
    vertex 4244.314958844478 231.12844597852035 576.0111213439719
    vertex 4244.314958844478 232.82940787284357 571.7611213439719
    vertex 4244.314958844478 233.06778580674046 572.0717815157517
  endloop
endfacet
facet normal 1.0 3.3634354369694316e-15 -1.3271934426961032e-14
  outer loop
    vertex 4244.314958844478 231.12844597852035 576.0111213439719
    vertex 4244.314958844478 233.06778580674046 572.0717815157517
    vertex 4244.314958844478 233.37844597852035 572.3101594496485
  endloop
endfacet
facet normal 1.0 3.3634354369694316e-15 -1.3271934426961032e-14
  outer loop
    vertex 4244.314958844478 231.12844597852035 576.0111213439719
    vertex 4244.314958844478 233.37844597852035 572.3101594496485
    vertex 4244.314958844478 233.74021741086653 572.4600100834055
  endloop
endfacet
facet normal 1.0 3.3634354369694316e-15 -1.3271934426961032e-14
  outer loop
    vertex 4244.314958844478 231.12844597852035 576.0111213439719
    vertex 4244.314958844478 233.74021741086653 572.4600100834055
    vertex 4244.314958844478 234.12844597852035 572.5111213439718
  endloop
endfacet
facet normal 1.0 3.3634354369694316e-15 -1.3271934426961032e-14
  outer loop
    vertex 4244.314958844478 231.12844597852035 576.0111213439719
    vertex 4244.314958844478 234.12844597852035 572.5111213439718
    vertex 4244.314958844478 237.12844597852035 576.0111213439718
  endloop
endfacet
facet normal 1.0 3.3634354369694316e-15 -1.3271934426961032e-14
  outer loop
    vertex 4244.314958844478 212.12844597852046 566.0111213439723
    vertex 4244.314958844478 212.12844597852043 560.0111213439723
    vertex 4244.314958844478 231.12844597852043 566.011121343972
  endloop
endfacet
endsolid flsun-cube-linear-rail-xy-gantry
