solid flsun-cube-linear-rail-xy-gantry
facet normal 0.7361676277719227 4.090604861556009e-17 0.676799249276076
  outer loop
    vertex 948.0630642537382 254.74998190527876 573.1499942780243
    vertex 933.8130642537385 247.74998260586645 588.649994768525
    vertex 948.0630642537382 247.74998205750543 573.1499942780242
  endloop
endfacet
facet normal 0.7361676277719227 4.090604861556009e-17 0.676799249276076
  outer loop
    vertex 933.8130642537385 247.74998260586645 588.649994768525
    vertex 948.0630642537382 254.74998190527876 573.1499942780243
    vertex 933.8130642537385 254.7499824536397 588.6499947685248
  endloop
endfacet
facet normal -1.8147595166821932e-11 -1.282971691506015e-10 1.0
  outer loop
    vertex 918.8130642281329 254.74998088987127 588.6499947685246
    vertex 921.3367502816566 250.02498260586646 588.649994768525
    vertex 924.8130642353686 254.74998088728725 588.6499947721178
  endloop
endfacet
facet normal -1.8147595166821932e-11 -1.282971691506015e-10 1.0
  outer loop
    vertex 921.3367502816566 250.02498260586646 588.649994768525
    vertex 918.8130642281329 254.74998088987127 588.6499947685246
    vertex 921.2818050492793 249.89233308067284 588.649994768525
  endloop
endfacet
facet normal -1.8147595166821932e-11 -1.282971691506015e-10 1.0
  outer loop
    vertex 921.2818050492793 249.89233308067284 588.649994768525
    vertex 918.8130642281329 254.74998088987127 588.6499947685246
    vertex 921.2630642537385 249.74998260586645 588.649994768525
  endloop
endfacet
facet normal -1.8147595166821932e-11 -1.282971691506015e-10 1.0
  outer loop
    vertex 924.8130642353686 254.74998088728725 588.6499947721178
    vertex 921.3367502816566 250.02498260586646 588.649994768525
    vertex 921.4241555240859 250.13889133551908 588.649994768525
  endloop
endfacet
facet normal -1.8147595166821932e-11 -1.282971691506015e-10 1.0
  outer loop
    vertex 924.8130642353686 254.74998088728725 588.6499947721178
    vertex 921.4241555240859 250.13889133551908 588.649994768525
    vertex 921.5380642537384 250.22629657794792 588.649994768525
  endloop
endfacet
facet normal -1.8147595166821932e-11 -1.282971691506015e-10 1.0
  outer loop
    vertex 924.8130642353686 254.74998088728725 588.6499947721178
    vertex 921.5380642537384 250.22629657794792 588.649994768525
    vertex 921.6707137789318 250.28124181032547 588.649994768525
  endloop
endfacet
facet normal -1.8147595166821932e-11 -1.282971691506015e-10 1.0
  outer loop
    vertex 924.8130642353686 254.74998088728725 588.6499947721178
    vertex 921.6707137789318 250.28124181032547 588.649994768525
    vertex 921.8130642537384 250.29998260586646 588.649994768525
  endloop
endfacet
facet normal -1.8147595166821932e-11 -1.282971691506015e-10 1.0
  outer loop
    vertex 924.8130642353686 254.74998088728725 588.6499947721178
    vertex 921.8130642537384 250.29998260586646 588.649994768525
    vertex 921.9554147285451 250.28124181032547 588.649994768525
  endloop
endfacet
facet normal -1.8147595166821932e-11 -1.282971691506015e-10 1.0
  outer loop
    vertex 924.8130642353686 254.74998088728725 588.6499947721178
    vertex 921.9554147285451 250.28124181032547 588.649994768525
    vertex 922.0880642537384 250.22629657794792 588.649994768525
  endloop
endfacet
facet normal -1.8147595166821932e-11 -1.282971691506015e-10 1.0
  outer loop
    vertex 924.8130642353686 254.74998088728725 588.6499947721178
    vertex 922.0880642537384 250.22629657794792 588.649994768525
    vertex 922.2019729833909 250.13889133551908 588.649994768525
  endloop
endfacet
facet normal -1.8147595166821932e-11 -1.282971691506015e-10 1.0
  outer loop
    vertex 924.8130642353686 254.74998088728725 588.6499947721178
    vertex 922.2019729833909 250.13889133551908 588.649994768525
    vertex 922.2893782258202 250.02498260586648 588.649994768525
  endloop
endfacet
facet normal -1.8147595166821932e-11 -1.282971691506015e-10 1.0
  outer loop
    vertex 924.8130642353686 254.74998088728725 588.6499947721178
    vertex 922.2893782258202 250.02498260586648 588.649994768525
    vertex 922.3443234581974 249.89233308067284 588.649994768525
  endloop
endfacet
facet normal -1.8147595166821932e-11 -1.282971691506015e-10 1.0
  outer loop
    vertex 924.8130642353686 254.74998088728725 588.6499947721178
    vertex 922.3443234581974 249.89233308067284 588.649994768525
    vertex 922.3630642537382 249.74998260586645 588.649994768525
  endloop
endfacet
facet normal -1.8147595166821932e-11 -1.282971691506015e-10 1.0
  outer loop
    vertex 909.813064253739 247.74998260586645 588.649994768525
    vertex 912.214988042385 249.74998241339287 588.649994768525
    vertex 909.813064253739 254.7499824536397 588.6499947685248
  endloop
endfacet
facet normal -1.8147595166821932e-11 -1.282971691506015e-10 1.0
  outer loop
    vertex 912.214988042385 249.74998241339287 588.649994768525
    vertex 909.813064253739 247.74998260586645 588.649994768525
    vertex 912.691743910179 249.1286620698332 588.649994768525
  endloop
endfacet
facet normal -1.8147595166821932e-11 -1.282971691506015e-10 1.0
  outer loop
    vertex 912.691743910179 249.1286620698332 588.649994768525
    vertex 909.813064253739 247.74998260586645 588.649994768525
    vertex 913.3130642537382 248.65190620203956 588.649994768525
  endloop
endfacet
facet normal -1.8147595166821932e-11 -1.282971691506015e-10 1.0
  outer loop
    vertex 913.3130642537382 248.65190620203956 588.649994768525
    vertex 909.813064253739 247.74998260586645 588.649994768525
    vertex 914.0366071184308 248.35220493452564 588.649994768525
  endloop
endfacet
facet normal -1.8147595166821932e-11 -1.282971691506015e-10 1.0
  outer loop
    vertex 914.0366071184308 248.35220493452564 588.649994768525
    vertex 909.813064253739 247.74998260586645 588.649994768525
    vertex 914.8130642537385 248.24998241339284 588.649994768525
  endloop
endfacet
facet normal -1.8147595166821932e-11 -1.282971691506015e-10 1.0
  outer loop
    vertex 914.8130642537385 248.24998241339284 588.649994768525
    vertex 909.813064253739 247.74998260586645 588.649994768525
    vertex 933.8130642537385 247.74998260586645 588.649994768525
  endloop
endfacet
facet normal -1.8147595166821932e-11 -1.282971691506015e-10 1.0
  outer loop
    vertex 909.813064253739 254.7499824536397 588.6499947685248
    vertex 912.214988042385 249.74998241339287 588.649994768525
    vertex 911.9152867748711 250.47352527808533 588.649994768525
  endloop
endfacet
facet normal -1.8147595166821932e-11 -1.282971691506015e-10 1.0
  outer loop
    vertex 909.813064253739 254.7499824536397 588.6499947685248
    vertex 911.9152867748711 250.47352527808533 588.649994768525
    vertex 911.8130642537385 251.2499824133929 588.649994768525
  endloop
endfacet
facet normal -1.8147595166821932e-11 -1.282971691506015e-10 1.0
  outer loop
    vertex 914.8130642537385 248.24998241339284 588.649994768525
    vertex 933.8130642537385 247.74998260586645 588.649994768525
    vertex 915.5895213890464 248.35220493452564 588.649994768525
  endloop
endfacet
facet normal -1.8147595166821932e-11 -1.282971691506015e-10 1.0
  outer loop
    vertex 915.5895213890464 248.35220493452564 588.649994768525
    vertex 933.8130642537385 247.74998260586645 588.649994768525
    vertex 916.313064253739 248.65190620203956 588.649994768525
  endloop
endfacet
facet normal -1.8147595166821932e-11 -1.282971691506015e-10 1.0
  outer loop
    vertex 916.313064253739 248.65190620203956 588.649994768525
    vertex 933.8130642537385 247.74998260586645 588.649994768525
    vertex 916.9343845972982 249.12866206983324 588.649994768525
  endloop
endfacet
facet normal -1.8147595166821932e-11 -1.282971691506015e-10 1.0
  outer loop
    vertex 916.9343845972982 249.12866206983324 588.649994768525
    vertex 933.8130642537385 247.74998260586645 588.649994768525
    vertex 928.8130642537383 248.24998241339276 588.6499947685248
  endloop
endfacet
facet normal -1.8147595166821932e-11 -1.282971691506015e-10 1.0
  outer loop
    vertex 916.9343845972982 249.12866206983324 588.649994768525
    vertex 928.8130642537383 248.24998241339276 588.6499947685248
    vertex 917.4111404650921 249.74998241339287 588.649994768525
  endloop
endfacet
facet normal -1.8147595166821932e-11 -1.282971691506015e-10 1.0
  outer loop
    vertex 917.4111404650921 249.74998241339287 588.649994768525
    vertex 928.8130642537383 248.24998241339276 588.6499947685248
    vertex 928.0366071184312 248.35220493452556 588.6499947685248
  endloop
endfacet
facet normal -1.8147595166821932e-11 -1.282971691506015e-10 1.0
  outer loop
    vertex 917.4111404650921 249.74998241339287 588.649994768525
    vertex 928.0366071184312 248.35220493452556 588.6499947685248
    vertex 921.6707137789318 249.21872340140746 588.649994768525
  endloop
endfacet
facet normal -1.8147595166821932e-11 -1.282971691506015e-10 1.0
  outer loop
    vertex 917.4111404650921 249.74998241339287 588.649994768525
    vertex 921.6707137789318 249.21872340140746 588.649994768525
    vertex 917.7108417326059 250.47352527808533 588.649994768525
  endloop
endfacet
facet normal -1.8147595166821932e-11 -1.282971691506015e-10 1.0
  outer loop
    vertex 917.7108417326059 250.47352527808533 588.649994768525
    vertex 921.6707137789318 249.21872340140746 588.649994768525
    vertex 921.5380642537384 249.27366863378498 588.649994768525
  endloop
endfacet
facet normal -1.8147595166821932e-11 -1.282971691506015e-10 1.0
  outer loop
    vertex 917.7108417326059 250.47352527808533 588.649994768525
    vertex 921.5380642537384 249.27366863378498 588.649994768525
    vertex 917.8130642537386 251.2499824133929 588.649994768525
  endloop
endfacet
facet normal -1.8147595166821932e-11 -1.282971691506015e-10 1.0
  outer loop
    vertex 917.8130642537386 251.2499824133929 588.649994768525
    vertex 921.5380642537384 249.27366863378498 588.649994768525
    vertex 921.4241555240859 249.36107387621385 588.649994768525
  endloop
endfacet
facet normal -1.8147595166821932e-11 -1.282971691506015e-10 1.0
  outer loop
    vertex 917.8130642537386 251.2499824133929 588.649994768525
    vertex 921.4241555240859 249.36107387621385 588.649994768525
    vertex 921.3367502816566 249.47498260586644 588.649994768525
  endloop
endfacet
facet normal -1.8147595166821932e-11 -1.282971691506015e-10 1.0
  outer loop
    vertex 917.8130642537386 251.2499824133929 588.649994768525
    vertex 921.3367502816566 249.47498260586644 588.649994768525
    vertex 918.8130642281329 254.74998088987127 588.6499947685246
  endloop
endfacet
facet normal -1.8147595166821932e-11 -1.282971691506015e-10 1.0
  outer loop
    vertex 918.8130642281329 254.74998088987127 588.6499947685246
    vertex 921.3367502816566 249.47498260586644 588.649994768525
    vertex 921.2818050492793 249.60763213106006 588.649994768525
  endloop
endfacet
facet normal -1.8147595166821932e-11 -1.282971691506015e-10 1.0
  outer loop
    vertex 918.8130642281329 254.74998088987127 588.6499947685246
    vertex 921.2818050492793 249.60763213106006 588.649994768525
    vertex 921.2630642537385 249.74998260586645 588.649994768525
  endloop
endfacet
facet normal -1.8147595166821932e-11 -1.282971691506015e-10 1.0
  outer loop
    vertex 921.6707137789318 249.21872340140746 588.649994768525
    vertex 928.0366071184312 248.35220493452556 588.6499947685248
    vertex 921.8130642537384 249.19998260586644 588.649994768525
  endloop
endfacet
facet normal -1.8147595166821932e-11 -1.282971691506015e-10 1.0
  outer loop
    vertex 921.8130642537384 249.19998260586644 588.649994768525
    vertex 928.0366071184312 248.35220493452556 588.6499947685248
    vertex 921.9554147285451 249.21872340140746 588.649994768525
  endloop
endfacet
facet normal -1.8147595166821932e-11 -1.282971691506015e-10 1.0
  outer loop
    vertex 921.9554147285451 249.21872340140746 588.649994768525
    vertex 928.0366071184312 248.35220493452556 588.6499947685248
    vertex 922.0880642537384 249.27366863378498 588.649994768525
  endloop
endfacet
facet normal -1.8147595166821932e-11 -1.282971691506015e-10 1.0
  outer loop
    vertex 922.0880642537384 249.27366863378498 588.649994768525
    vertex 928.0366071184312 248.35220493452556 588.6499947685248
    vertex 922.2019729833909 249.36107387621385 588.649994768525
  endloop
endfacet
facet normal -1.8147595166821932e-11 -1.282971691506015e-10 1.0
  outer loop
    vertex 922.2019729833909 249.36107387621385 588.649994768525
    vertex 928.0366071184312 248.35220493452556 588.6499947685248
    vertex 922.2893782258202 249.47498260586647 588.649994768525
  endloop
endfacet
facet normal -1.8147595166821932e-11 -1.282971691506015e-10 1.0
  outer loop
    vertex 922.2893782258202 249.47498260586647 588.649994768525
    vertex 928.0366071184312 248.35220493452556 588.6499947685248
    vertex 922.3443234581974 249.60763213106006 588.649994768525
  endloop
endfacet
facet normal -1.8147595166821932e-11 -1.282971691506015e-10 1.0
  outer loop
    vertex 922.3443234581974 249.60763213106006 588.649994768525
    vertex 928.0366071184312 248.35220493452556 588.6499947685248
    vertex 922.3630642537382 249.74998260586645 588.649994768525
  endloop
endfacet
facet normal -1.8147595166821932e-11 -1.282971691506015e-10 1.0
  outer loop
    vertex 922.3630642537382 249.74998260586645 588.649994768525
    vertex 928.0366071184312 248.35220493452556 588.6499947685248
    vertex 927.3130642537386 248.65190620203947 588.6499947685248
  endloop
endfacet
facet normal -1.8147595166821932e-11 -1.282971691506015e-10 1.0
  outer loop
    vertex 922.3630642537382 249.74998260586645 588.649994768525
    vertex 927.3130642537386 248.65190620203947 588.6499947685248
    vertex 926.6917439101786 249.1286620698331 588.6499947685248
  endloop
endfacet
facet normal -1.8147595166821932e-11 -1.282971691506015e-10 1.0
  outer loop
    vertex 922.3630642537382 249.74998260586645 588.649994768525
    vertex 926.6917439101786 249.1286620698331 588.6499947685248
    vertex 926.2149880423847 249.7499824133928 588.6499947685248
  endloop
endfacet
facet normal -1.8147595166821932e-11 -1.282971691506015e-10 1.0
  outer loop
    vertex 922.3630642537382 249.74998260586645 588.649994768525
    vertex 926.2149880423847 249.7499824133928 588.6499947685248
    vertex 925.9152867748716 250.47352527808525 588.6499947685248
  endloop
endfacet
facet normal -1.8147595166821932e-11 -1.282971691506015e-10 1.0
  outer loop
    vertex 922.3630642537382 249.74998260586645 588.649994768525
    vertex 925.9152867748716 250.47352527808525 588.6499947685248
    vertex 924.8130642353686 254.74998088728725 588.6499947721178
  endloop
endfacet
facet normal -1.8147595166821932e-11 -1.282971691506015e-10 1.0
  outer loop
    vertex 924.8130642353686 254.74998088728725 588.6499947721178
    vertex 925.9152867748716 250.47352527808525 588.6499947685248
    vertex 925.8130642537382 251.24998241339281 588.6499947685248
  endloop
endfacet
facet normal -1.8147595166821932e-11 -1.282971691506015e-10 1.0
  outer loop
    vertex 928.8130642537383 248.24998241339276 588.6499947685248
    vertex 933.8130642537385 247.74998260586645 588.649994768525
    vertex 929.589521389046 248.35220493452556 588.6499947685248
  endloop
endfacet
facet normal -1.8147595166821932e-11 -1.282971691506015e-10 1.0
  outer loop
    vertex 929.589521389046 248.35220493452556 588.6499947685248
    vertex 933.8130642537385 247.74998260586645 588.649994768525
    vertex 930.3130642537386 248.65190620203947 588.6499947685248
  endloop
endfacet
facet normal -1.8147595166821932e-11 -1.282971691506015e-10 1.0
  outer loop
    vertex 930.3130642537386 248.65190620203947 588.6499947685248
    vertex 933.8130642537385 247.74998260586645 588.649994768525
    vertex 930.9343845972978 249.12866206983315 588.6499947685248
  endloop
endfacet
facet normal -1.8147595166821932e-11 -1.282971691506015e-10 1.0
  outer loop
    vertex 930.9343845972978 249.12866206983315 588.6499947685248
    vertex 933.8130642537385 247.74998260586645 588.649994768525
    vertex 931.4111404650918 249.7499824133928 588.6499947685248
  endloop
endfacet
facet normal -1.8147595166821932e-11 -1.282971691506015e-10 1.0
  outer loop
    vertex 931.4111404650918 249.7499824133928 588.6499947685248
    vertex 933.8130642537385 247.74998260586645 588.649994768525
    vertex 931.7108417326057 250.47352527808525 588.6499947685248
  endloop
endfacet
facet normal -1.8147595166821932e-11 -1.282971691506015e-10 1.0
  outer loop
    vertex 931.7108417326057 250.47352527808525 588.6499947685248
    vertex 933.8130642537385 247.74998260586645 588.649994768525
    vertex 931.8130642537383 251.24998241339281 588.6499947685248
  endloop
endfacet
facet normal -1.8147595166821932e-11 -1.282971691506015e-10 1.0
  outer loop
    vertex 924.8130642353686 254.74998088728725 588.6499947721178
    vertex 928.8130642537383 254.24998241339284 588.6499947685248
    vertex 933.8130642537385 254.7499824536397 588.6499947685248
  endloop
endfacet
facet normal -1.8147595166821932e-11 -1.282971691506015e-10 1.0
  outer loop
    vertex 928.8130642537383 254.24998241339284 588.6499947685248
    vertex 924.8130642353686 254.74998088728725 588.6499947721178
    vertex 928.0366071184312 254.14775989226004 588.6499947685248
  endloop
endfacet
facet normal -1.8147595166821932e-11 -1.282971691506015e-10 1.0
  outer loop
    vertex 928.0366071184312 254.14775989226004 588.6499947685248
    vertex 924.8130642353686 254.74998088728725 588.6499947721178
    vertex 927.3130642537386 253.84805862474616 588.6499947685248
  endloop
endfacet
facet normal -1.8147595166821932e-11 -1.282971691506015e-10 1.0
  outer loop
    vertex 927.3130642537386 253.84805862474616 588.6499947685248
    vertex 924.8130642353686 254.74998088728725 588.6499947721178
    vertex 926.6917439101786 253.37130275695245 588.6499947685248
  endloop
endfacet
facet normal -1.8147595166821932e-11 -1.282971691506015e-10 1.0
  outer loop
    vertex 926.6917439101786 253.37130275695245 588.6499947685248
    vertex 924.8130642353686 254.74998088728725 588.6499947721178
    vertex 926.2149880423847 252.74998241339281 588.6499947685248
  endloop
endfacet
facet normal -1.8147595166821932e-11 -1.282971691506015e-10 1.0
  outer loop
    vertex 926.2149880423847 252.74998241339281 588.6499947685248
    vertex 924.8130642353686 254.74998088728725 588.6499947721178
    vertex 925.9152867748716 252.02643954870035 588.6499947685248
  endloop
endfacet
facet normal -1.8147595166821932e-11 -1.282971691506015e-10 1.0
  outer loop
    vertex 925.9152867748716 252.02643954870035 588.6499947685248
    vertex 924.8130642353686 254.74998088728725 588.6499947721178
    vertex 925.8130642537382 251.24998241339281 588.6499947685248
  endloop
endfacet
facet normal -1.8147595166821932e-11 -1.282971691506015e-10 1.0
  outer loop
    vertex 933.8130642537385 254.7499824536397 588.6499947685248
    vertex 928.8130642537383 254.24998241339284 588.6499947685248
    vertex 929.589521389046 254.14775989226004 588.6499947685248
  endloop
endfacet
facet normal -1.8147595166821932e-11 -1.282971691506015e-10 1.0
  outer loop
    vertex 933.8130642537385 254.7499824536397 588.6499947685248
    vertex 929.589521389046 254.14775989226004 588.6499947685248
    vertex 930.3130642537386 253.84805862474616 588.6499947685248
  endloop
endfacet
facet normal -1.8147595166821932e-11 -1.282971691506015e-10 1.0
  outer loop
    vertex 933.8130642537385 254.7499824536397 588.6499947685248
    vertex 930.3130642537386 253.84805862474616 588.6499947685248
    vertex 930.9343845972978 253.3713027569525 588.6499947685248
  endloop
endfacet
facet normal -1.8147595166821932e-11 -1.282971691506015e-10 1.0
  outer loop
    vertex 933.8130642537385 254.7499824536397 588.6499947685248
    vertex 930.9343845972978 253.3713027569525 588.6499947685248
    vertex 931.4111404650918 252.74998241339281 588.6499947685248
  endloop
endfacet
facet normal -1.8147595166821932e-11 -1.282971691506015e-10 1.0
  outer loop
    vertex 933.8130642537385 254.7499824536397 588.6499947685248
    vertex 931.4111404650918 252.74998241339281 588.6499947685248
    vertex 931.7108417326057 252.02643954870035 588.6499947685248
  endloop
endfacet
facet normal -1.8147595166821932e-11 -1.282971691506015e-10 1.0
  outer loop
    vertex 933.8130642537385 254.7499824536397 588.6499947685248
    vertex 931.7108417326057 252.02643954870035 588.6499947685248
    vertex 931.8130642537383 251.24998241339281 588.6499947685248
  endloop
endfacet
facet normal -1.8147595166821932e-11 -1.282971691506015e-10 1.0
  outer loop
    vertex 933.8130642537385 254.7499824536397 588.6499947685248
    vertex 931.8130642537383 251.24998241339281 588.6499947685248
    vertex 933.8130642537385 247.74998260586645 588.649994768525
  endloop
endfacet
facet normal -1.8147595166821932e-11 -1.282971691506015e-10 1.0
  outer loop
    vertex 909.813064253739 254.7499824536397 588.6499947685248
    vertex 914.8130642537385 254.24998241339293 588.649994768525
    vertex 918.8130642281329 254.74998088987127 588.6499947685246
  endloop
endfacet
facet normal -1.8147595166821932e-11 -1.282971691506015e-10 1.0
  outer loop
    vertex 914.8130642537385 254.24998241339293 588.649994768525
    vertex 909.813064253739 254.7499824536397 588.6499947685248
    vertex 914.0366071184308 254.14775989226015 588.649994768525
  endloop
endfacet
facet normal -1.8147595166821932e-11 -1.282971691506015e-10 1.0
  outer loop
    vertex 914.0366071184308 254.14775989226015 588.649994768525
    vertex 909.813064253739 254.7499824536397 588.6499947685248
    vertex 913.3130642537382 253.84805862474624 588.649994768525
  endloop
endfacet
facet normal -1.8147595166821932e-11 -1.282971691506015e-10 1.0
  outer loop
    vertex 913.3130642537382 253.84805862474624 588.649994768525
    vertex 909.813064253739 254.7499824536397 588.6499947685248
    vertex 912.691743910179 253.37130275695253 588.649994768525
  endloop
endfacet
facet normal -1.8147595166821932e-11 -1.282971691506015e-10 1.0
  outer loop
    vertex 912.691743910179 253.37130275695253 588.649994768525
    vertex 909.813064253739 254.7499824536397 588.6499947685248
    vertex 912.214988042385 252.7499824133929 588.649994768525
  endloop
endfacet
facet normal -1.8147595166821932e-11 -1.282971691506015e-10 1.0
  outer loop
    vertex 912.214988042385 252.7499824133929 588.649994768525
    vertex 909.813064253739 254.7499824536397 588.6499947685248
    vertex 911.9152867748711 252.02643954870044 588.649994768525
  endloop
endfacet
facet normal -1.8147595166821932e-11 -1.282971691506015e-10 1.0
  outer loop
    vertex 911.9152867748711 252.02643954870044 588.649994768525
    vertex 909.813064253739 254.7499824536397 588.6499947685248
    vertex 911.8130642537385 251.2499824133929 588.649994768525
  endloop
endfacet
facet normal -1.8147595166821932e-11 -1.282971691506015e-10 1.0
  outer loop
    vertex 918.8130642281329 254.74998088987127 588.6499947685246
    vertex 914.8130642537385 254.24998241339293 588.649994768525
    vertex 915.5895213890464 254.14775989226015 588.649994768525
  endloop
endfacet
facet normal -1.8147595166821932e-11 -1.282971691506015e-10 1.0
  outer loop
    vertex 918.8130642281329 254.74998088987127 588.6499947685246
    vertex 915.5895213890464 254.14775989226015 588.649994768525
    vertex 916.313064253739 253.84805862474624 588.649994768525
  endloop
endfacet
facet normal -1.8147595166821932e-11 -1.282971691506015e-10 1.0
  outer loop
    vertex 918.8130642281329 254.74998088987127 588.6499947685246
    vertex 916.313064253739 253.84805862474624 588.649994768525
    vertex 916.9343845972982 253.3713027569526 588.649994768525
  endloop
endfacet
facet normal -1.8147595166821932e-11 -1.282971691506015e-10 1.0
  outer loop
    vertex 918.8130642281329 254.74998088987127 588.6499947685246
    vertex 916.9343845972982 253.3713027569526 588.649994768525
    vertex 917.4111404650921 252.7499824133929 588.649994768525
  endloop
endfacet
facet normal -1.8147595166821932e-11 -1.282971691506015e-10 1.0
  outer loop
    vertex 918.8130642281329 254.74998088987127 588.6499947685246
    vertex 917.4111404650921 252.7499824133929 588.649994768525
    vertex 917.7108417326059 252.02643954870044 588.649994768525
  endloop
endfacet
facet normal -1.8147595166821932e-11 -1.282971691506015e-10 1.0
  outer loop
    vertex 918.8130642281329 254.74998088987127 588.6499947685246
    vertex 917.7108417326059 252.02643954870044 588.649994768525
    vertex 917.8130642537386 251.2499824133929 588.649994768525
  endloop
endfacet
facet normal -0.7361676277719056 -7.845606498874287e-17 0.6767992492760946
  outer loop
    vertex 909.813064253739 247.74998260586645 588.649994768525
    vertex 895.5630642537386 254.74998190528305 573.1499942780243
    vertex 895.5630642537386 247.74998205750973 573.1499942780242
  endloop
endfacet
facet normal -0.7361676277719056 -7.845606498874287e-17 0.6767992492760946
  outer loop
    vertex 895.5630642537386 254.74998190528305 573.1499942780243
    vertex 909.813064253739 247.74998260586645 588.649994768525
    vertex 909.813064253739 254.7499824536397 588.6499947685248
  endloop
endfacet
facet normal -0.9999999999999998 -2.227608409850448e-08 2.8588753548348977e-09
  outer loop
    vertex 895.5630642537386 247.74998205750973 573.1499942780242
    vertex 895.563064589387 245.7499847650319 567.8999944268409
    vertex 895.563064589387 245.74998205750978 573.1499943757829
  endloop
endfacet
facet normal -0.9999999999999998 -2.227608409850448e-08 2.8588753548348977e-09
  outer loop
    vertex 895.563064589387 245.7499847650319 567.8999944268409
    vertex 895.5630642537386 247.74998205750973 573.1499942780242
    vertex 895.5630642537386 247.7499827173937 565.8999942780238
  endloop
endfacet
facet normal -0.9999999999999998 -2.227608409850448e-08 2.8588753548348977e-09
  outer loop
    vertex 895.5630642537386 247.7499827173937 565.8999942780238
    vertex 895.5630642537386 247.74998205750973 573.1499942780242
    vertex 895.5630642537386 254.74998190528305 573.1499942780243
  endloop
endfacet
facet normal -0.9999999999999998 -2.227608409850448e-08 2.8588753548348977e-09
  outer loop
    vertex 895.5630642537386 247.7499827173937 565.8999942780238
    vertex 895.5630642599564 254.74998231883677 546.6499942780242
    vertex 895.5630642599564 247.7499824710633 546.6499942780243
  endloop
endfacet
facet normal -0.9999999999999998 -2.227608409850448e-08 2.8588753548348977e-09
  outer loop
    vertex 895.5630642599564 254.74998231883677 546.6499942780242
    vertex 895.5630642537386 247.7499827173937 565.8999942780238
    vertex 895.5630642537386 254.74998190528305 573.1499942780243
  endloop
endfacet
facet normal -6.964476501711747e-05 6.597873293326653e-05 -0.9999999953982068
  outer loop
    vertex 924.8130644423169 254.7499830636556 546.6499943861587
    vertex 924.8130642599563 247.74998259800483 546.6499942780243
    vertex 924.8130642005112 264.9999830047011 546.6499944333302
  endloop
endfacet
facet normal -6.964476501711747e-05 6.597873293326653e-05 -0.9999999953982068
  outer loop
    vertex 924.8130642599563 247.74998259800483 546.6499942780243
    vertex 924.8130644423169 254.7499830636556 546.6499943861587
    vertex 927.4707248840903 250.47498231883228 546.6499942800367
  endloop
endfacet
facet normal -6.964476501711747e-05 6.597873293326653e-05 -0.9999999953982068
  outer loop
    vertex 924.8130642599563 247.74998259800483 546.6499942780243
    vertex 927.4707248840903 250.47498231883228 546.6499942800367
    vertex 927.7170487491168 250.15396680799313 546.6499942800367
  endloop
endfacet
facet normal -6.964476501711747e-05 6.597873293326653e-05 -0.9999999953982068
  outer loop
    vertex 924.8130642599563 247.74998259800483 546.6499942780243
    vertex 927.7170487491168 250.15396680799313 546.6499942800367
    vertex 928.0380642599563 249.90764294296648 546.6499942800366
  endloop
endfacet
facet normal -6.964476501711747e-05 6.597873293326653e-05 -0.9999999953982068
  outer loop
    vertex 924.8130642599563 247.74998259800483 546.6499942780243
    vertex 928.0380642599563 249.90764294296648 546.6499942800366
    vertex 928.411894740047 249.7527972880845 546.6499942800366
  endloop
endfacet
facet normal -6.964476501711747e-05 6.597873293326653e-05 -0.9999999953982068
  outer loop
    vertex 924.8130642599563 247.74998259800483 546.6499942780243
    vertex 928.411894740047 249.7527972880845 546.6499942800366
    vertex 939.0630642606764 247.74998245727218 546.6499942780243
  endloop
endfacet
facet normal -6.964476501711747e-05 6.597873293326653e-05 -0.9999999953982068
  outer loop
    vertex 927.4707248840903 250.47498231883228 546.6499942800367
    vertex 924.8130644423169 254.7499830636556 546.6499943861587
    vertex 927.3158792292086 250.8488127989235 546.6499942800365
  endloop
endfacet
facet normal -6.964476501711747e-05 6.597873293326653e-05 -0.9999999953982068
  outer loop
    vertex 927.3158792292086 250.8488127989235 546.6499942800365
    vertex 924.8130644423169 254.7499830636556 546.6499943861587
    vertex 927.2630642599564 251.24998231883248 546.6499942800368
  endloop
endfacet
facet normal -6.964476501711747e-05 6.597873293326653e-05 -0.9999999953982068
  outer loop
    vertex 939.0630642606764 247.74998245727218 546.6499942780243
    vertex 928.411894740047 249.7527972880845 546.6499942800366
    vertex 928.813064259956 249.69998231883218 546.6499942800366
  endloop
endfacet
facet normal -6.964476501711747e-05 6.597873293326653e-05 -0.9999999953982068
  outer loop
    vertex 939.0630642606764 247.74998245727218 546.6499942780243
    vertex 928.813064259956 249.69998231883218 546.6499942800366
    vertex 929.214233779865 249.7527972880845 546.6499942800366
  endloop
endfacet
facet normal -6.964476501711747e-05 6.597873293326653e-05 -0.9999999953982068
  outer loop
    vertex 939.0630642606764 247.74998245727218 546.6499942780243
    vertex 929.214233779865 249.7527972880845 546.6499942800366
    vertex 929.5880642599559 249.90764294296648 546.6499942800366
  endloop
endfacet
facet normal -6.964476501711747e-05 6.597873293326653e-05 -0.9999999953982068
  outer loop
    vertex 939.0630642606764 247.74998245727218 546.6499942780243
    vertex 929.5880642599559 249.90764294296648 546.6499942800366
    vertex 929.9090797707953 250.15396680799313 546.6499942800367
  endloop
endfacet
facet normal -6.964476501711747e-05 6.597873293326653e-05 -0.9999999953982068
  outer loop
    vertex 939.0630642606764 247.74998245727218 546.6499942780243
    vertex 929.9090797707953 250.15396680799313 546.6499942800367
    vertex 930.1554036358219 250.47498231883228 546.6499942800367
  endloop
endfacet
facet normal -6.964476501711747e-05 6.597873293326653e-05 -0.9999999953982068
  outer loop
    vertex 939.0630642606764 247.74998245727218 546.6499942780243
    vertex 930.1554036358219 250.47498231883228 546.6499942800367
    vertex 930.3102492907043 250.8488127989235 546.6499942800365
  endloop
endfacet
facet normal -6.964476501711747e-05 6.597873293326653e-05 -0.9999999953982068
  outer loop
    vertex 939.0630642606764 247.74998245727218 546.6499942780243
    vertex 930.3102492907043 250.8488127989235 546.6499942800365
    vertex 930.3630642599564 251.24998231883248 546.6499942800368
  endloop
endfacet
facet normal -6.964476501711747e-05 6.597873293326653e-05 -0.9999999953982068
  outer loop
    vertex 918.81306432793 242.24998286221182 546.6499942317643
    vertex 924.8130642599563 247.74998259800483 546.6499942780243
    vertex 924.81306432793 242.2499829392185 546.6499942317643
  endloop
endfacet
facet normal -6.964476501711747e-05 6.597873293326653e-05 -0.9999999953982068
  outer loop
    vertex 924.8130642599563 247.74998259800483 546.6499942780243
    vertex 918.81306432793 242.24998286221182 546.6499942317643
    vertex 924.8130642005112 264.9999830047011 546.6499944333302
  endloop
endfacet
facet normal -6.964476501711747e-05 6.597873293326653e-05 -0.9999999953982068
  outer loop
    vertex 904.5630641407033 242.2499824061148 546.6499943950151
    vertex 904.5630641857924 254.74998290906157 546.6499943064861
    vertex 904.5630642624724 247.74998240611484 546.6499942780243
  endloop
endfacet
facet normal -6.964476501711747e-05 6.597873293326653e-05 -0.9999999953982068
  outer loop
    vertex 904.5630641857924 254.74998290906157 546.6499943064861
    vertex 904.5630641407033 242.2499824061148 546.6499943950151
    vertex 904.5630641857924 264.9999825269879 546.6499943236635
  endloop
endfacet
facet normal -6.964476501711747e-05 6.597873293326653e-05 -0.9999999953982068
  outer loop
    vertex 904.5630642624724 247.74998240611484 546.6499942780243
    vertex 904.5630641857924 254.74998290906157 546.6499943064861
    vertex 914.0380642599565 252.5923216946982 546.6499942800365
  endloop
endfacet
facet normal -6.964476501711747e-05 6.597873293326653e-05 -0.9999999953982068
  outer loop
    vertex 914.0380642599565 252.5923216946982 546.6499942800365
    vertex 904.5630641857924 254.74998290906157 546.6499943064861
    vertex 918.8130643055695 254.74998290906157 546.6499943064861
  endloop
endfacet
facet normal -6.964476501711747e-05 6.597873293326653e-05 -0.9999999953982068
  outer loop
    vertex 904.5630642624724 247.74998240611484 546.6499942780243
    vertex 914.0380642599565 252.5923216946982 546.6499942800365
    vertex 913.7170487491171 252.34599782967155 546.6499942800366
  endloop
endfacet
facet normal -6.964476501711747e-05 6.597873293326653e-05 -0.9999999953982068
  outer loop
    vertex 904.5630642624724 247.74998240611484 546.6499942780243
    vertex 913.7170487491171 252.34599782967155 546.6499942800366
    vertex 913.4707248840905 252.02498231883243 546.6499942800365
  endloop
endfacet
facet normal -6.964476501711747e-05 6.597873293326653e-05 -0.9999999953982068
  outer loop
    vertex 904.5630642624724 247.74998240611484 546.6499942780243
    vertex 913.4707248840905 252.02498231883243 546.6499942800365
    vertex 913.3158792292081 251.65115183874127 546.6499942800368
  endloop
endfacet
facet normal -6.964476501711747e-05 6.597873293326653e-05 -0.9999999953982068
  outer loop
    vertex 904.5630642624724 247.74998240611484 546.6499942780243
    vertex 913.3158792292081 251.65115183874127 546.6499942800368
    vertex 913.263064259956 251.24998231883248 546.6499942800368
  endloop
endfacet
facet normal -6.964476501711747e-05 6.597873293326653e-05 -0.9999999953982068
  outer loop
    vertex 914.0380642599565 252.5923216946982 546.6499942800365
    vertex 918.8130643055695 254.74998290906157 546.6499943064861
    vertex 914.4118947400474 252.7471673495805 546.6499942800367
  endloop
endfacet
facet normal -6.964476501711747e-05 6.597873293326653e-05 -0.9999999953982068
  outer loop
    vertex 914.4118947400474 252.7471673495805 546.6499942800367
    vertex 918.8130643055695 254.74998290906157 546.6499943064861
    vertex 914.8130642599564 252.79998231883235 546.6499942800365
  endloop
endfacet
facet normal -6.964476501711747e-05 6.597873293326653e-05 -0.9999999953982068
  outer loop
    vertex 914.8130642599564 252.79998231883235 546.6499942800365
    vertex 918.8130643055695 254.74998290906157 546.6499943064861
    vertex 915.2142337798654 252.7471673495805 546.6499942800367
  endloop
endfacet
facet normal -6.964476501711747e-05 6.597873293326653e-05 -0.9999999953982068
  outer loop
    vertex 915.2142337798654 252.7471673495805 546.6499942800367
    vertex 918.8130643055695 254.74998290906157 546.6499943064861
    vertex 915.5880642599562 252.5923216946982 546.6499942800365
  endloop
endfacet
facet normal -6.964476501711747e-05 6.597873293326653e-05 -0.9999999953982068
  outer loop
    vertex 915.5880642599562 252.5923216946982 546.6499942800365
    vertex 918.8130643055695 254.74998290906157 546.6499943064861
    vertex 915.9090797707956 252.34599782967155 546.6499942800366
  endloop
endfacet
facet normal -6.964476501711747e-05 6.597873293326653e-05 -0.9999999953982068
  outer loop
    vertex 915.9090797707956 252.34599782967155 546.6499942800366
    vertex 918.8130643055695 254.74998290906157 546.6499943064861
    vertex 916.1554036358223 252.02498231883243 546.6499942800365
  endloop
endfacet
facet normal -6.964476501711747e-05 6.597873293326653e-05 -0.9999999953982068
  outer loop
    vertex 916.1554036358223 252.02498231883243 546.6499942800365
    vertex 918.8130643055695 254.74998290906157 546.6499943064861
    vertex 916.3102492907046 251.65115183874127 546.6499942800368
  endloop
endfacet
facet normal -6.964476501711747e-05 6.597873293326653e-05 -0.9999999953982068
  outer loop
    vertex 916.3102492907046 251.65115183874127 546.6499942800368
    vertex 918.8130643055695 254.74998290906157 546.6499943064861
    vertex 916.3630642599568 251.24998231883248 546.6499942800368
  endloop
endfacet
facet normal -6.964476501711747e-05 6.597873293326653e-05 -0.9999999953982068
  outer loop
    vertex 916.3630642599568 251.24998231883248 546.6499942800368
    vertex 918.8130643055695 254.74998290906157 546.6499943064861
    vertex 918.8130642599561 247.74998252099812 546.6499942780243
  endloop
endfacet
facet normal -6.964476501711747e-05 6.597873293326653e-05 -0.9999999953982068
  outer loop
    vertex 918.8130642599561 247.74998252099812 546.6499942780243
    vertex 918.8130643055695 254.74998290906157 546.6499943064861
    vertex 918.81306432793 242.24998286221182 546.6499942317643
  endloop
endfacet
facet normal -6.964476501711747e-05 6.597873293326653e-05 -0.9999999953982068
  outer loop
    vertex 904.5630642624724 247.74998240611484 546.6499942780243
    vertex 914.0380642599565 249.90764294296648 546.6499942800366
    vertex 918.8130642599561 247.74998252099812 546.6499942780243
  endloop
endfacet
facet normal -6.964476501711747e-05 6.597873293326653e-05 -0.9999999953982068
  outer loop
    vertex 914.0380642599565 249.90764294296648 546.6499942800366
    vertex 904.5630642624724 247.74998240611484 546.6499942780243
    vertex 913.7170487491171 250.15396680799313 546.6499942800367
  endloop
endfacet
facet normal -6.964476501711747e-05 6.597873293326653e-05 -0.9999999953982068
  outer loop
    vertex 913.7170487491171 250.15396680799313 546.6499942800367
    vertex 904.5630642624724 247.74998240611484 546.6499942780243
    vertex 913.4707248840905 250.47498231883228 546.6499942800367
  endloop
endfacet
facet normal -6.964476501711747e-05 6.597873293326653e-05 -0.9999999953982068
  outer loop
    vertex 913.4707248840905 250.47498231883228 546.6499942800367
    vertex 904.5630642624724 247.74998240611484 546.6499942780243
    vertex 913.3158792292081 250.8488127989235 546.6499942800365
  endloop
endfacet
facet normal -6.964476501711747e-05 6.597873293326653e-05 -0.9999999953982068
  outer loop
    vertex 913.3158792292081 250.8488127989235 546.6499942800365
    vertex 904.5630642624724 247.74998240611484 546.6499942780243
    vertex 913.263064259956 251.24998231883248 546.6499942800368
  endloop
endfacet
facet normal -6.964476501711747e-05 6.597873293326653e-05 -0.9999999953982068
  outer loop
    vertex 918.8130642599561 247.74998252099812 546.6499942780243
    vertex 914.0380642599565 249.90764294296648 546.6499942800366
    vertex 914.4118947400474 249.7527972880845 546.6499942800366
  endloop
endfacet
facet normal -6.964476501711747e-05 6.597873293326653e-05 -0.9999999953982068
  outer loop
    vertex 918.8130642599561 247.74998252099812 546.6499942780243
    vertex 914.4118947400474 249.7527972880845 546.6499942800366
    vertex 914.8130642599564 249.69998231883218 546.6499942800366
  endloop
endfacet
facet normal -6.964476501711747e-05 6.597873293326653e-05 -0.9999999953982068
  outer loop
    vertex 918.8130642599561 247.74998252099812 546.6499942780243
    vertex 914.8130642599564 249.69998231883218 546.6499942800366
    vertex 915.2142337798654 249.7527972880845 546.6499942800366
  endloop
endfacet
facet normal -6.964476501711747e-05 6.597873293326653e-05 -0.9999999953982068
  outer loop
    vertex 918.8130642599561 247.74998252099812 546.6499942780243
    vertex 915.2142337798654 249.7527972880845 546.6499942800366
    vertex 915.5880642599562 249.90764294296648 546.6499942800366
  endloop
endfacet
facet normal -6.964476501711747e-05 6.597873293326653e-05 -0.9999999953982068
  outer loop
    vertex 918.8130642599561 247.74998252099812 546.6499942780243
    vertex 915.5880642599562 249.90764294296648 546.6499942800366
    vertex 915.9090797707956 250.15396680799313 546.6499942800367
  endloop
endfacet
facet normal -6.964476501711747e-05 6.597873293326653e-05 -0.9999999953982068
  outer loop
    vertex 918.8130642599561 247.74998252099812 546.6499942780243
    vertex 915.9090797707956 250.15396680799313 546.6499942800367
    vertex 916.1554036358223 250.47498231883228 546.6499942800367
  endloop
endfacet
facet normal -6.964476501711747e-05 6.597873293326653e-05 -0.9999999953982068
  outer loop
    vertex 918.8130642599561 247.74998252099812 546.6499942780243
    vertex 916.1554036358223 250.47498231883228 546.6499942800367
    vertex 916.3102492907046 250.8488127989235 546.6499942800365
  endloop
endfacet
facet normal -6.964476501711747e-05 6.597873293326653e-05 -0.9999999953982068
  outer loop
    vertex 918.8130642599561 247.74998252099812 546.6499942780243
    vertex 916.3102492907046 250.8488127989235 546.6499942800365
    vertex 916.3630642599568 251.24998231883248 546.6499942800368
  endloop
endfacet
facet normal -6.964476501711747e-05 6.597873293326653e-05 -0.9999999953982068
  outer loop
    vertex 899.313064160487 254.7499824066739 546.6698823155174
    vertex 895.5630642599564 247.7499824710633 546.6499942780243
    vertex 895.5630642599564 254.74998231883677 546.6499942780242
  endloop
endfacet
facet normal -6.964476501711747e-05 6.597873293326653e-05 -0.9999999953982068
  outer loop
    vertex 895.5630642599564 247.7499824710633 546.6499942780243
    vertex 899.313064160487 254.7499824066739 546.6698823155174
    vertex 899.3130639330633 247.74998263933955 546.6499942780243
  endloop
endfacet
facet normal -6.964476501711747e-05 6.597873293326653e-05 -0.9999999953982068
  outer loop
    vertex 899.3130639330633 247.74998263933955 546.6499942780243
    vertex 904.5630641407033 242.2499824061148 546.6499943950151
    vertex 899.3130638112941 242.24998263933958 546.6499943950151
  endloop
endfacet
facet normal -6.964476501711747e-05 6.597873293326653e-05 -0.9999999953982068
  outer loop
    vertex 904.5630641407033 242.2499824061148 546.6499943950151
    vertex 899.3130639330633 247.74998263933955 546.6499942780243
    vertex 899.313064160487 254.7499824066739 546.6698823155174
  endloop
endfacet
facet normal -6.964476501711747e-05 6.597873293326653e-05 -0.9999999953982068
  outer loop
    vertex 924.8130644423169 254.7499830636556 546.6499943861587
    vertex 927.3158792292086 251.65115183874127 546.6499942800368
    vertex 927.2630642599564 251.24998231883248 546.6499942800368
  endloop
endfacet
facet normal -6.964476501711747e-05 6.597873293326653e-05 -0.9999999953982068
  outer loop
    vertex 927.3158792292086 251.65115183874127 546.6499942800368
    vertex 924.8130644423169 254.7499830636556 546.6499943861587
    vertex 927.4707248840903 252.02498231883243 546.6499942800365
  endloop
endfacet
facet normal -6.964476501711747e-05 6.597873293326653e-05 -0.9999999953982068
  outer loop
    vertex 927.4707248840903 252.02498231883243 546.6499942800365
    vertex 924.8130644423169 254.7499830636556 546.6499943861587
    vertex 927.7170487491168 252.34599782967155 546.6499942800366
  endloop
endfacet
facet normal -6.964476501711747e-05 6.597873293326653e-05 -0.9999999953982068
  outer loop
    vertex 927.7170487491168 252.34599782967155 546.6499942800366
    vertex 924.8130644423169 254.7499830636556 546.6499943861587
    vertex 928.0380642599563 252.5923216946982 546.6499942800365
  endloop
endfacet
facet normal -6.964476501711747e-05 6.597873293326653e-05 -0.9999999953982068
  outer loop
    vertex 928.0380642599563 252.5923216946982 546.6499942800365
    vertex 924.8130644423169 254.7499830636556 546.6499943861587
    vertex 928.411894740047 252.7471673495805 546.6499942800367
  endloop
endfacet
facet normal -6.964476501711747e-05 6.597873293326653e-05 -0.9999999953982068
  outer loop
    vertex 928.411894740047 252.7471673495805 546.6499942800367
    vertex 924.8130644423169 254.7499830636556 546.6499943861587
    vertex 939.063064443255 254.74998339982415 546.6499945405046
  endloop
endfacet
facet normal -6.964476501711747e-05 6.597873293326653e-05 -0.9999999953982068
  outer loop
    vertex 928.411894740047 252.7471673495805 546.6499942800367
    vertex 939.063064443255 254.74998339982415 546.6499945405046
    vertex 928.813064259956 252.79998231883235 546.6499942800365
  endloop
endfacet
facet normal -6.964476501711747e-05 6.597873293326653e-05 -0.9999999953982068
  outer loop
    vertex 928.813064259956 252.79998231883235 546.6499942800365
    vertex 939.063064443255 254.74998339982415 546.6499945405046
    vertex 929.214233779865 252.7471673495805 546.6499942800367
  endloop
endfacet
facet normal -6.964476501711747e-05 6.597873293326653e-05 -0.9999999953982068
  outer loop
    vertex 929.214233779865 252.7471673495805 546.6499942800367
    vertex 939.063064443255 254.74998339982415 546.6499945405046
    vertex 929.5880642599559 252.5923216946982 546.6499942800365
  endloop
endfacet
facet normal -6.964476501711747e-05 6.597873293326653e-05 -0.9999999953982068
  outer loop
    vertex 929.5880642599559 252.5923216946982 546.6499942800365
    vertex 939.063064443255 254.74998339982415 546.6499945405046
    vertex 929.9090797707953 252.34599782967155 546.6499942800366
  endloop
endfacet
facet normal -6.964476501711747e-05 6.597873293326653e-05 -0.9999999953982068
  outer loop
    vertex 929.9090797707953 252.34599782967155 546.6499942800366
    vertex 939.063064443255 254.74998339982415 546.6499945405046
    vertex 930.1554036358219 252.02498231883243 546.6499942800365
  endloop
endfacet
facet normal -6.964476501711747e-05 6.597873293326653e-05 -0.9999999953982068
  outer loop
    vertex 930.1554036358219 252.02498231883243 546.6499942800365
    vertex 939.063064443255 254.74998339982415 546.6499945405046
    vertex 930.3102492907043 251.65115183874127 546.6499942800368
  endloop
endfacet
facet normal -6.964476501711747e-05 6.597873293326653e-05 -0.9999999953982068
  outer loop
    vertex 930.3102492907043 251.65115183874127 546.6499942800368
    vertex 939.063064443255 254.74998339982415 546.6499945405046
    vertex 930.3630642599564 251.24998231883248 546.6499942800368
  endloop
endfacet
facet normal -6.964476501711747e-05 6.597873293326653e-05 -0.9999999953982068
  outer loop
    vertex 930.3630642599564 251.24998231883248 546.6499942800368
    vertex 939.063064443255 254.74998339982415 546.6499945405046
    vertex 939.0630642606764 247.74998245727218 546.6499942780243
  endloop
endfacet
facet normal -6.964476501711747e-05 6.597873293326653e-05 -0.9999999953982068
  outer loop
    vertex 899.3130639339981 269.2499824031363 546.649994292358
    vertex 904.5630641857924 264.9999825269879 546.6499943236635
    vertex 899.313064160487 254.7499824066739 546.6698823155174
  endloop
endfacet
facet normal -6.964476501711747e-05 6.597873293326653e-05 -0.9999999953982068
  outer loop
    vertex 904.5630641857924 264.9999825269879 546.6499943236635
    vertex 899.3130639339981 269.2499824031363 546.649994292358
    vertex 944.3130642187848 269.24998346472114 546.649994779766
  endloop
endfacet
facet normal -6.964476501711747e-05 6.597873293326653e-05 -0.9999999953982068
  outer loop
    vertex 899.313064160487 254.7499824066739 546.6698823155174
    vertex 904.5630641857924 264.9999825269879 546.6499943236635
    vertex 904.5630641407033 242.2499824061148 546.6499943950151
  endloop
endfacet
facet normal -6.964476501711747e-05 6.597873293326653e-05 -0.9999999953982068
  outer loop
    vertex 904.5630641857924 264.9999825269879 546.6499943236635
    vertex 944.3130642187848 269.24998346472114 546.649994779766
    vertex 918.8130643055695 264.9999825269879 546.6499943226124
  endloop
endfacet
facet normal -6.964476501711747e-05 6.597873293326653e-05 -0.9999999953982068
  outer loop
    vertex 918.8130643055695 264.9999825269879 546.6499943226124
    vertex 944.3130642187848 269.24998346472114 546.649994779766
    vertex 924.8130642005112 264.9999830047011 546.6499944333302
  endloop
endfacet
facet normal -6.964476501711747e-05 6.597873293326653e-05 -0.9999999953982068
  outer loop
    vertex 918.8130643055695 264.9999825269879 546.6499943226124
    vertex 924.8130642005112 264.9999830047011 546.6499944333302
    vertex 918.8130643055695 254.74998290906157 546.6499943064861
  endloop
endfacet
facet normal -6.964476501711747e-05 6.597873293326653e-05 -0.9999999953982068
  outer loop
    vertex 918.8130643055695 254.74998290906157 546.6499943064861
    vertex 924.8130642005112 264.9999830047011 546.6499944333302
    vertex 918.81306432793 242.24998286221182 546.6499942317643
  endloop
endfacet
facet normal -6.964476501711747e-05 6.597873293326653e-05 -0.9999999953982068
  outer loop
    vertex 924.8130642005112 264.9999830047011 546.6499944333302
    vertex 944.3130642187848 269.24998346472114 546.649994779766
    vertex 939.0630642014493 264.9999833408696 546.6499945174725
  endloop
endfacet
facet normal -6.964476501711747e-05 6.597873293326653e-05 -0.9999999953982068
  outer loop
    vertex 939.0630642014493 264.9999833408696 546.6499945174725
    vertex 944.3130642187848 269.24998346472114 546.649994779766
    vertex 939.063064443255 254.74998339982415 546.6499945405046
  endloop
endfacet
facet normal -6.964476501711747e-05 6.597873293326653e-05 -0.9999999953982068
  outer loop
    vertex 939.0630642606764 247.74998245727218 546.6499942780243
    vertex 944.3130642190938 242.24998248129657 546.6499942534551
    vertex 939.0630642601053 242.24998245727218 546.6499942534551
  endloop
endfacet
facet normal -6.964476501711747e-05 6.597873293326653e-05 -0.9999999953982068
  outer loop
    vertex 944.3130642190938 242.24998248129657 546.6499942534551
    vertex 939.0630642606764 247.74998245727218 546.6499942780243
    vertex 939.063064443255 254.74998339982415 546.6499945405046
  endloop
endfacet
facet normal -6.964476501711747e-05 6.597873293326653e-05 -0.9999999953982068
  outer loop
    vertex 944.3130642190938 242.24998248129657 546.6499942534551
    vertex 939.063064443255 254.74998339982415 546.6499945405046
    vertex 944.3130642187848 269.24998346472114 546.649994779766
  endloop
endfacet
facet normal -6.964476501711747e-05 6.597873293326653e-05 -0.9999999953982068
  outer loop
    vertex 944.3130642190938 242.24998248129657 546.6499942534551
    vertex 944.3130642187848 269.24998346472114 546.649994779766
    vertex 944.3130642196649 247.7499824812966 546.6499942780243
  endloop
endfacet
facet normal -6.964476501711747e-05 6.597873293326653e-05 -0.9999999953982068
  outer loop
    vertex 944.3130642196649 247.7499824812966 546.6499942780243
    vertex 944.3130642187848 269.24998346472114 546.649994779766
    vertex 944.3130642599561 254.74998341473105 546.6499947654321
  endloop
endfacet
facet normal -6.964476501711747e-05 6.597873293326653e-05 -0.9999999953982068
  outer loop
    vertex 944.3130642196649 247.7499824812966 546.6499942780243
    vertex 944.3130642599561 254.74998341473105 546.6499947654321
    vertex 948.063064259956 247.749982471059 546.6499942780243
  endloop
endfacet
facet normal -6.964476501711747e-05 6.597873293326653e-05 -0.9999999953982068
  outer loop
    vertex 948.063064259956 247.749982471059 546.6499942780243
    vertex 944.3130642599561 254.74998341473105 546.6499947654321
    vertex 948.063064259956 254.74998231883248 546.6499942780242
  endloop
endfacet
facet normal -0.9914448613738683 -4.119731362505479e-08 0.13052619221960576
  outer loop
    vertex 901.6130643383373 251.7499824820748 569.649994362623
    vertex 901.5602496201349 245.74998241112482 569.2488248558741
    vertex 901.613064589387 245.7499824111246 569.6499943757833
  endloop
endfacet
facet normal -0.9914448613738683 -4.119731362505479e-08 0.13052619221960576
  outer loop
    vertex 901.5602496201349 245.74998241112482 569.2488248558741
    vertex 901.6130643383373 251.7499824820748 569.649994362623
    vertex 901.5602493690859 251.74998248207493 569.248824842714
  endloop
endfacet
facet normal -0.9238795325110986 -3.781715156305138e-08 0.3826834323655423
  outer loop
    vertex 901.5602496201349 245.74998241112482 569.2488248558741
    vertex 901.4054037142035 251.74998248207498 568.8749943626229
    vertex 901.4054039652525 245.74998241112476 568.8749943757831
  endloop
endfacet
facet normal -0.9238795325110986 -3.781715156305138e-08 0.3826834323655423
  outer loop
    vertex 901.4054037142035 251.74998248207498 568.8749943626229
    vertex 901.5602496201349 245.74998241112482 569.2488248558741
    vertex 901.5602493690859 251.74998248207493 569.248824842714
  endloop
endfacet
facet normal -0.7933533402908735 -3.185991950918287e-08 0.6087614290091913
  outer loop
    vertex 901.4054039652525 245.74998241112476 568.8749943757831
    vertex 901.1590798491761 251.749982482075 568.5539788517839
    vertex 901.1590801002259 245.74998241112473 568.553978864944
  endloop
endfacet
facet normal -0.7933533402908735 -3.185991950918287e-08 0.6087614290091913
  outer loop
    vertex 901.1590798491761 251.749982482075 568.5539788517839
    vertex 901.4054039652525 245.74998241112476 568.8749943757831
    vertex 901.4054037142035 251.74998248207498 568.8749943626229
  endloop
endfacet
facet normal -0.6087614290093414 -2.3731467636563106e-08 0.7933533402907585
  outer loop
    vertex 900.8380645893873 245.74998241112465 568.3076549999172
    vertex 901.1590798491761 251.749982482075 568.5539788517839
    vertex 900.8380643383375 251.7499824820748 568.3076549867571
  endloop
endfacet
facet normal -0.6087614290093414 -2.3731467636563106e-08 0.7933533402907585
  outer loop
    vertex 901.1590798491761 251.749982482075 568.5539788517839
    vertex 900.8380645893873 245.74998241112465 568.3076549999172
    vertex 901.1590801002259 245.74998241112473 568.553978864944
  endloop
endfacet
facet normal -0.3826834323655099 -1.3985707732191111e-08 0.9238795325111125
  outer loop
    vertex 900.4642341092964 245.74998241112482 568.1528093450349
    vertex 900.8380643383375 251.7499824820748 568.3076549867571
    vertex 900.4642338582466 251.74998248207476 568.1528093318749
  endloop
endfacet
facet normal -0.3826834323655099 -1.3985707732191111e-08 0.9238795325111125
  outer loop
    vertex 900.8380643383375 251.7499824820748 568.3076549867571
    vertex 900.4642341092964 245.74998241112482 568.1528093450349
    vertex 900.8380645893873 245.74998241112465 568.3076549999172
  endloop
endfacet
facet normal -0.13052619221975295 -3.2868221954621268e-09 0.9914448613738498
  outer loop
    vertex 900.0630645893867 245.74998241112465 568.0999943757831
    vertex 900.4642338582466 251.74998248207476 568.1528093318749
    vertex 900.0630643383377 251.7499824820748 568.0999943626229
  endloop
endfacet
facet normal -0.13052619221975295 -3.2868221954621268e-09 0.9914448613738498
  outer loop
    vertex 900.4642338582466 251.74998248207476 568.1528093318749
    vertex 900.0630645893867 245.74998241112465 568.0999943757831
    vertex 900.4642341092964 245.74998241112482 568.1528093450349
  endloop
endfacet
facet normal 0.13052619221998382 7.63601792498925e-09 0.9914448613738195
  outer loop
    vertex 899.6618950694784 245.74998241112482 568.1528093450349
    vertex 900.0630643383377 251.7499824820748 568.0999943626229
    vertex 899.6618948184287 251.74998248207476 568.1528093318749
  endloop
endfacet
facet normal 0.13052619221998382 7.63601792498925e-09 0.9914448613738195
  outer loop
    vertex 900.0630643383377 251.7499824820748 568.0999943626229
    vertex 899.6618950694784 245.74998241112482 568.1528093450349
    vertex 900.0630645893867 245.74998241112465 568.0999943757831
  endloop
endfacet
facet normal 0.3826834323648792 1.8038485169941674e-08 0.9238795325113739
  outer loop
    vertex 899.2880645893869 245.74998241112465 568.3076549999172
    vertex 899.6618948184287 251.74998248207476 568.1528093318749
    vertex 899.2880643383371 251.7499824820748 568.3076549867571
  endloop
endfacet
facet normal 0.3826834323648792 1.8038485169941674e-08 0.9238795325113739
  outer loop
    vertex 899.6618948184287 251.74998248207476 568.1528093318749
    vertex 899.2880645893869 245.74998241112465 568.3076549999172
    vertex 899.6618950694784 245.74998241112482 568.1528093450349
  endloop
endfacet
facet normal 0.6087614290093413 2.7211666518686887e-08 0.7933533402907584
  outer loop
    vertex 898.9670490785481 245.74998241112473 568.553978864944
    vertex 899.2880643383371 251.7499824820748 568.3076549867571
    vertex 898.9670488274984 251.749982482075 568.5539788517839
  endloop
endfacet
facet normal 0.6087614290093413 2.7211666518686887e-08 0.7933533402907584
  outer loop
    vertex 899.2880643383371 251.7499824820748 568.3076549867571
    vertex 898.9670490785481 245.74998241112473 568.553978864944
    vertex 899.2880645893869 245.74998241112465 568.3076549999172
  endloop
endfacet
facet normal 0.7933533402908735 3.453037003841696e-08 0.6087614290091912
  outer loop
    vertex 898.9670488274984 251.749982482075 568.5539788517839
    vertex 898.7207252135208 245.74998241112476 568.8749943757831
    vertex 898.9670490785481 245.74998241112473 568.553978864944
  endloop
endfacet
facet normal 0.7933533402908735 3.453037003841696e-08 0.6087614290091912
  outer loop
    vertex 898.7207252135208 245.74998241112476 568.8749943757831
    vertex 898.9670488274984 251.749982482075 568.5539788517839
    vertex 898.7207249624718 251.74998248207498 568.8749943626229
  endloop
endfacet
facet normal 0.9238795325114139 3.949592252401666e-08 0.3826834323647808
  outer loop
    vertex 898.7207249624718 251.74998248207498 568.8749943626229
    vertex 898.5658795586392 245.74998241112482 569.2488248558741
    vertex 898.7207252135208 245.74998241112476 568.8749943757831
  endloop
endfacet
facet normal 0.9238795325114139 3.949592252401666e-08 0.3826834323647808
  outer loop
    vertex 898.5658795586392 245.74998241112482 569.2488248558741
    vertex 898.7207249624718 251.74998248207498 568.8749943626229
    vertex 898.5658793075894 251.74998248207493 569.248824842714
  endloop
endfacet
facet normal 0.9914448613737529 4.176995378744371e-08 0.13052619222048265
  outer loop
    vertex 898.5658795586392 245.74998241112482 569.2488248558741
    vertex 898.5130643383372 251.7499824820748 569.649994362623
    vertex 898.513064589387 245.7499824111246 569.6499943757833
  endloop
endfacet
facet normal 0.9914448613737529 4.176995378744371e-08 0.13052619222048265
  outer loop
    vertex 898.5130643383372 251.7499824820748 569.649994362623
    vertex 898.5658795586392 245.74998241112482 569.2488248558741
    vertex 898.5658793075894 251.74998248207493 569.248824842714
  endloop
endfacet
facet normal 0.9914448613737395 4.119737425094722e-08 -0.13052619222058365
  outer loop
    vertex 898.5130643383372 251.7499824820748 569.649994362623
    vertex 898.5658795586392 245.74998241112473 570.051163895692
    vertex 898.513064589387 245.7499824111246 569.6499943757833
  endloop
endfacet
facet normal 0.9914448613737395 4.119737425094722e-08 -0.13052619222058365
  outer loop
    vertex 898.5658795586392 245.74998241112473 570.051163895692
    vertex 898.5130643383372 251.7499824820748 569.649994362623
    vertex 898.5658793075894 251.74998248207498 570.0511638825319
  endloop
endfacet
facet normal 0.9238795325114139 3.781720714436339e-08 -0.38268343236478086
  outer loop
    vertex 898.5658793075894 251.74998248207498 570.0511638825319
    vertex 898.7207252135208 245.7499824111249 570.4249943757831
    vertex 898.5658795586392 245.74998241112473 570.051163895692
  endloop
endfacet
facet normal 0.9238795325114139 3.781720714436339e-08 -0.38268343236478086
  outer loop
    vertex 898.7207252135208 245.7499824111249 570.4249943757831
    vertex 898.5658793075894 251.74998248207498 570.0511638825319
    vertex 898.7207249624718 251.74998248207498 570.4249943626229
  endloop
endfacet
facet normal 0.7933533402909562 3.185991951037132e-08 -0.6087614290090835
  outer loop
    vertex 898.7207249624718 251.74998248207498 570.4249943626229
    vertex 898.9670490785481 245.7499824111249 570.7460098866221
    vertex 898.7207252135208 245.7499824111249 570.4249943757831
  endloop
endfacet
facet normal 0.7933533402909562 3.185991951037132e-08 -0.6087614290090835
  outer loop
    vertex 898.9670490785481 245.7499824111249 570.7460098866221
    vertex 898.7207249624718 251.74998248207498 570.4249943626229
    vertex 898.9670488274984 251.74998248207498 570.7460098734622
  endloop
endfacet
facet normal 0.6087614290094117 2.3731473600944787e-08 -0.7933533402907046
  outer loop
    vertex 899.2880643383371 251.7499824820748 570.9923337384889
    vertex 898.9670490785481 245.7499824111249 570.7460098866221
    vertex 898.9670488274984 251.74998248207498 570.7460098734622
  endloop
endfacet
facet normal 0.6087614290094117 2.3731473600944787e-08 -0.7933533402907046
  outer loop
    vertex 898.9670490785481 245.7499824111249 570.7460098866221
    vertex 899.2880643383371 251.7499824820748 570.9923337384889
    vertex 899.2880645893869 245.7499824111249 570.992333751649
  endloop
endfacet
facet normal 0.3826834323645935 1.3985714678733274e-08 -0.9238795325114921
  outer loop
    vertex 899.6618948184287 251.74998248207498 571.1471793933712
    vertex 899.2880645893869 245.7499824111249 570.992333751649
    vertex 899.2880643383371 251.7499824820748 570.9923337384889
  endloop
endfacet
facet normal 0.3826834323645935 1.3985714678733274e-08 -0.9238795325114921
  outer loop
    vertex 899.2880645893869 245.7499824111249 570.992333751649
    vertex 899.6618948184287 251.74998248207498 571.1471793933712
    vertex 899.6618950694784 245.74998241112482 571.1471794065311
  endloop
endfacet
facet normal 0.13052619221987422 3.2868445618865246e-09 -0.9914448613738339
  outer loop
    vertex 900.0630643383377 251.7499824820748 571.1999943626229
    vertex 899.6618950694784 245.74998241112482 571.1471794065311
    vertex 899.6618948184287 251.74998248207498 571.1471793933712
  endloop
endfacet
facet normal 0.13052619221987422 3.2868445618865246e-09 -0.9914448613738339
  outer loop
    vertex 899.6618950694784 245.74998241112482 571.1471794065311
    vertex 900.0630643383377 251.7499824820748 571.1999943626229
    vertex 900.0630645893867 245.7499824111249 571.199994375783
  endloop
endfacet
facet normal -0.13052619221964332 -7.635995558302282e-09 -0.9914448613738642
  outer loop
    vertex 900.4642338582466 251.74998248207498 571.1471793933712
    vertex 900.0630645893867 245.7499824111249 571.199994375783
    vertex 900.0630643383377 251.7499824820748 571.1999943626229
  endloop
endfacet
facet normal -0.13052619221964332 -7.635995558302282e-09 -0.9914448613738642
  outer loop
    vertex 900.0630645893867 245.7499824111249 571.199994375783
    vertex 900.4642338582466 251.74998248207498 571.1471793933712
    vertex 900.4642341092964 245.74998241112482 571.1471794065311
  endloop
endfacet
facet normal -0.3826834323652244 -1.80384782217336e-08 -0.923879532511231
  outer loop
    vertex 900.8380643383375 251.7499824820748 570.9923337384889
    vertex 900.4642341092964 245.74998241112482 571.1471794065311
    vertex 900.4642338582466 251.74998248207498 571.1471793933712
  endloop
endfacet
facet normal -0.3826834323652244 -1.80384782217336e-08 -0.923879532511231
  outer loop
    vertex 900.4642341092964 245.74998241112482 571.1471794065311
    vertex 900.8380643383375 251.7499824820748 570.9923337384889
    vertex 900.8380645893873 245.7499824111249 570.992333751649
  endloop
endfacet
facet normal -0.6087614290094114 -2.7211660554315298e-08 -0.7933533402907048
  outer loop
    vertex 901.1590798491761 251.74998248207498 570.7460098734622
    vertex 900.8380645893873 245.7499824111249 570.992333751649
    vertex 900.8380643383375 251.7499824820748 570.9923337384889
  endloop
endfacet
facet normal -0.6087614290094114 -2.7211660554315298e-08 -0.7933533402907048
  outer loop
    vertex 900.8380645893873 245.7499824111249 570.992333751649
    vertex 901.1590798491761 251.74998248207498 570.7460098734622
    vertex 901.1590801002259 245.7499824111249 570.7460098866221
  endloop
endfacet
facet normal -0.793353340290956 -3.4530370037239424e-08 -0.6087614290090835
  outer loop
    vertex 901.1590798491761 251.74998248207498 570.7460098734622
    vertex 901.4054039652525 245.7499824111249 570.4249943757831
    vertex 901.1590801002259 245.7499824111249 570.7460098866221
  endloop
endfacet
facet normal -0.793353340290956 -3.4530370037239424e-08 -0.6087614290090835
  outer loop
    vertex 901.4054039652525 245.7499824111249 570.4249943757831
    vertex 901.1590798491761 251.74998248207498 570.7460098734622
    vertex 901.4054037142035 251.74998248207498 570.4249943626229
  endloop
endfacet
facet normal -0.9238795325110986 -3.949586694360556e-08 -0.38268343236554225
  outer loop
    vertex 901.4054039652525 245.7499824111249 570.4249943757831
    vertex 901.5602493690859 251.74998248207498 570.0511638825319
    vertex 901.5602496201349 245.74998241112473 570.051163895692
  endloop
endfacet
facet normal -0.9238795325110986 -3.949586694360556e-08 -0.38268343236554225
  outer loop
    vertex 901.5602493690859 251.74998248207498 570.0511638825319
    vertex 901.4054039652525 245.7499824111249 570.4249943757831
    vertex 901.4054037142035 251.74998248207498 570.4249943626229
  endloop
endfacet
facet normal -0.991444861373855 -4.1769893160327645e-08 -0.13052619221970677
  outer loop
    vertex 901.5602496201349 245.74998241112473 570.051163895692
    vertex 901.6130643383373 251.7499824820748 569.649994362623
    vertex 901.613064589387 245.7499824111246 569.6499943757833
  endloop
endfacet
facet normal -0.991444861373855 -4.1769893160327645e-08 -0.13052619221970677
  outer loop
    vertex 901.6130643383373 251.7499824820748 569.649994362623
    vertex 901.5602496201349 245.74998241112473 570.051163895692
    vertex 901.5602493690859 251.74998248207498 570.0511638825319
  endloop
endfacet
facet normal 0.9914448613738557 -6.437083739593593e-08 -0.13052619221969217
  outer loop
    vertex 942.0130642341952 251.7499824820703 569.6499942584812
    vertex 942.0658788360544 245.74998236636176 570.0511639467509
    vertex 942.013063866803 245.74998236636162 569.6499944268421
  endloop
endfacet
facet normal 0.9914448613738557 -6.437083739593593e-08 -0.13052619221969217
  outer loop
    vertex 942.0658788360544 245.74998236636176 570.0511639467509
    vertex 942.0130642341952 251.7499824820703 569.6499942584812
    vertex 942.0658792034474 251.74998248207024 570.0511637783902
  endloop
endfacet
facet normal 0.9238795325110809 -6.730929124083678e-08 -0.3826834323655811
  outer loop
    vertex 942.0658792034474 251.74998248207024 570.0511637783902
    vertex 942.2207244909367 245.74998236636193 570.424994426842
    vertex 942.0658788360544 245.74998236636176 570.0511639467509
  endloop
endfacet
facet normal 0.9238795325110809 -6.730929124083678e-08 -0.3826834323655811
  outer loop
    vertex 942.2207244909367 245.74998236636193 570.424994426842
    vertex 942.0658792034474 251.74998248207024 570.0511637783902
    vertex 942.2207248583297 251.74998248207032 570.4249942584811
  endloop
endfacet
facet normal 0.7933533402913856 -6.566067305463005e-08 -0.6087614290085209
  outer loop
    vertex 942.2207248583297 251.74998248207032 570.4249942584811
    vertex 942.4670483559634 245.74998236636193 570.746009937681
    vertex 942.2207244909367 245.74998236636193 570.424994426842
  endloop
endfacet
facet normal 0.7933533402913856 -6.566067305463005e-08 -0.6087614290085209
  outer loop
    vertex 942.4670483559634 245.74998236636193 570.746009937681
    vertex 942.2207248583297 251.74998248207032 570.4249942584811
    vertex 942.4670487233564 251.74998248207024 570.7460097693203
  endloop
endfacet
facet normal 0.6087614290086192 -5.953737370047023e-08 -0.7933533402913109
  outer loop
    vertex 942.4670487233564 251.74998248207024 570.7460097693203
    vertex 942.7880638668029 245.74998236636193 570.9923338027079
    vertex 942.4670483559634 245.74998236636193 570.746009937681
  endloop
endfacet
facet normal 0.6087614290086192 -5.953737370047023e-08 -0.7933533402913109
  outer loop
    vertex 942.7880638668029 245.74998236636193 570.9923338027079
    vertex 942.4670487233564 251.74998248207024 570.7460097693203
    vertex 942.7880642341958 251.74998248207032 570.9923336343471
  endloop
endfacet
facet normal 0.38268343236512875 -4.935670987377645e-08 -0.9238795325112693
  outer loop
    vertex 942.7880642341958 251.74998248207032 570.9923336343471
    vertex 943.1618943468936 245.74998236636185 571.14717945759
    vertex 942.7880638668029 245.74998236636193 570.9923338027079
  endloop
endfacet
facet normal 0.38268343236512875 -4.935670987377645e-08 -0.9238795325112693
  outer loop
    vertex 943.1618943468936 245.74998236636185 571.14717945759
    vertex 942.7880642341958 251.74998248207032 570.9923336343471
    vertex 943.1618947142866 251.74998248207044 571.1471792892293
  endloop
endfacet
facet normal 0.13052619221986825 -3.5812467834842174e-08 -0.9914448613738339
  outer loop
    vertex 943.1618947142866 251.74998248207044 571.1471792892293
    vertex 943.5630638668026 245.74998236636193 571.1999944268418
    vertex 943.1618943468936 245.74998236636185 571.14717945759
  endloop
endfacet
facet normal 0.13052619221986825 -3.5812467834842174e-08 -0.9914448613738339
  outer loop
    vertex 943.5630638668026 245.74998236636193 571.1999944268418
    vertex 943.1618947142866 251.74998248207044 571.1471792892293
    vertex 943.5630642341956 251.74998248207015 571.1999942584812
  endloop
endfacet
facet normal -0.13052619221986833 -1.982766529580054e-08 -0.9914448613738344
  outer loop
    vertex 943.5630642341956 251.74998248207015 571.1999942584812
    vertex 943.9642333867116 245.74998236636185 571.14717945759
    vertex 943.5630638668026 245.74998236636193 571.1999944268418
  endloop
endfacet
facet normal -0.13052619221986833 -1.982766529580054e-08 -0.9914448613738344
  outer loop
    vertex 943.9642333867116 245.74998236636185 571.14717945759
    vertex 943.5630642341956 251.74998248207015 571.1999942584812
    vertex 943.9642337541046 251.74998248207044 571.1471792892293
  endloop
endfacet
facet normal -0.3826834323651292 -2.491640133482833e-09 -0.9238795325112704
  outer loop
    vertex 943.9642337541046 251.74998248207044 571.1471792892293
    vertex 944.3380638668025 245.74998236636193 570.9923338027079
    vertex 943.9642333867116 245.74998236636185 571.14717945759
  endloop
endfacet
facet normal -0.3826834323651292 -2.491640133482833e-09 -0.9238795325112704
  outer loop
    vertex 944.3380638668025 245.74998236636193 570.9923338027079
    vertex 943.9642337541046 251.74998248207044 571.1471792892293
    vertex 944.3380642341955 251.74998248207032 570.9923336343471
  endloop
endfacet
facet normal -0.6087614290086202 1.5014186186423757e-08 -0.7933533402913121
  outer loop
    vertex 944.3380642341955 251.74998248207032 570.9923336343471
    vertex 944.6590793776419 245.74998236636193 570.746009937681
    vertex 944.3380638668025 245.74998236636193 570.9923338027079
  endloop
endfacet
facet normal -0.6087614290086202 1.5014186186423757e-08 -0.7933533402913121
  outer loop
    vertex 944.6590793776419 245.74998236636193 570.746009937681
    vertex 944.3380642341955 251.74998248207032 570.9923336343471
    vertex 944.6590797450349 251.74998248207024 570.7460097693203
  endloop
endfacet
facet normal -0.793353340291387 3.14968113718125e-08 -0.608761429008522
  outer loop
    vertex 944.6590797450349 251.74998248207024 570.7460097693203
    vertex 944.9054032426685 245.74998236636193 570.424994426842
    vertex 944.6590793776419 245.74998236636193 570.746009937681
  endloop
endfacet
facet normal -0.793353340291387 3.14968113718125e-08 -0.608761429008522
  outer loop
    vertex 944.9054032426685 245.74998236636193 570.424994426842
    vertex 944.6590797450349 251.74998248207024 570.7460097693203
    vertex 944.9054036100615 251.74998248207032 570.4249942584811
  endloop
endfacet
facet normal -0.9238795325113974 4.583294014672137e-08 -0.3826834323648202
  outer loop
    vertex 944.9054032426685 245.74998236636193 570.424994426842
    vertex 945.0602492649431 251.74998248207024 570.0511637783902
    vertex 945.0602488975509 245.74998236636176 570.0511639467509
  endloop
endfacet
facet normal -0.9238795325113974 4.583294014672137e-08 -0.3826834323648202
  outer loop
    vertex 945.0602492649431 251.74998248207024 570.0511637783902
    vertex 944.9054032426685 245.74998236636193 570.424994426842
    vertex 944.9054036100615 251.74998248207032 570.4249942584811
  endloop
endfacet
facet normal -0.9914448613738561 5.7045672939911455e-08 -0.1305261922196922
  outer loop
    vertex 945.0602488975509 245.74998236636176 570.0511639467509
    vertex 945.1130642341952 251.7499824820703 569.6499942584812
    vertex 945.1130638668022 245.74998236636162 569.6499944268421
  endloop
endfacet
facet normal -0.9914448613738561 5.7045672939911455e-08 -0.1305261922196922
  outer loop
    vertex 945.1130642341952 251.7499824820703 569.6499942584812
    vertex 945.0602488975509 245.74998236636176 570.0511639467509
    vertex 945.0602492649431 251.74998248207024 570.0511637783902
  endloop
endfacet
facet normal -0.9914448613738653 6.437083837772628e-08 0.13052619221962
  outer loop
    vertex 945.1130642341952 251.7499824820703 569.6499942584812
    vertex 945.0602488975509 245.74998236636185 569.248824906933
    vertex 945.1130638668022 245.74998236636162 569.6499944268421
  endloop
endfacet
facet normal -0.9914448613738653 6.437083837772628e-08 0.13052619221962
  outer loop
    vertex 945.0602488975509 245.74998236636185 569.248824906933
    vertex 945.1130642341952 251.7499824820703 569.6499942584812
    vertex 945.0602492649431 251.7499824820703 569.2488247385722
  endloop
endfacet
facet normal -0.92387953251138 6.730922702774066e-08 0.3826834323648591
  outer loop
    vertex 945.0602488975509 245.74998236636185 569.248824906933
    vertex 944.9054036100615 251.7499824820703 568.8749942584814
    vertex 944.9054032426685 245.7499823663618 568.874994426842
  endloop
endfacet
facet normal -0.92387953251138 6.730922702774066e-08 0.3826834323648591
  outer loop
    vertex 944.9054036100615 251.7499824820703 568.8749942584814
    vertex 945.0602488975509 245.74998236636185 569.248824906933
    vertex 945.0602492649431 251.7499824820703 569.2488247385722
  endloop
endfacet
facet normal -0.7933533402913856 6.566065474379293e-08 0.608761429008521
  outer loop
    vertex 944.9054032426685 245.7499823663618 568.874994426842
    vertex 944.6590797450349 251.7499824820703 568.5539787476422
    vertex 944.6590793776419 245.74998236636176 568.553978916003
  endloop
endfacet
facet normal -0.7933533402913856 6.566065474379293e-08 0.608761429008521
  outer loop
    vertex 944.6590797450349 251.7499824820703 568.5539787476422
    vertex 944.9054032426685 245.7499823663618 568.874994426842
    vertex 944.9054036100615 251.7499824820703 568.8749942584814
  endloop
endfacet
facet normal -0.6087614290084788 5.953737370046017e-08 0.7933533402914186
  outer loop
    vertex 944.6590793776419 245.74998236636176 568.553978916003
    vertex 944.3380642341955 251.7499824820703 568.3076548826153
    vertex 944.3380638668025 245.74998236636165 568.3076550509761
  endloop
endfacet
facet normal -0.6087614290084788 5.953737370046017e-08 0.7933533402914186
  outer loop
    vertex 944.3380642341955 251.7499824820703 568.3076548826153
    vertex 944.6590793776419 245.74998236636176 568.553978916003
    vertex 944.6590797450349 251.7499824820703 568.5539787476422
  endloop
endfacet
facet normal -0.38268343236541424 4.935670292703671e-08 0.923879532511151
  outer loop
    vertex 944.3380638668025 245.74998236636165 568.3076550509761
    vertex 943.9642337541046 251.7499824820702 568.1528092277332
    vertex 943.9642333867116 245.74998236636185 568.1528093960939
  endloop
endfacet
facet normal -0.38268343236541424 4.935670292703671e-08 0.923879532511151
  outer loop
    vertex 943.9642337541046 251.7499824820702 568.1528092277332
    vertex 944.3380638668025 245.74998236636165 568.3076550509761
    vertex 944.3380642341955 251.7499824820703 568.3076548826153
  endloop
endfacet
facet normal -0.13052619221986828 3.581246783437995e-08 0.9914448613738339
  outer loop
    vertex 943.9642333867116 245.74998236636185 568.1528093960939
    vertex 943.5630642341956 251.7499824820702 568.0999942584812
    vertex 943.5630638668026 245.74998236636165 568.099994426842
  endloop
endfacet
facet normal -0.13052619221986828 3.581246783437995e-08 0.9914448613738339
  outer loop
    vertex 943.5630642341956 251.7499824820702 568.0999942584812
    vertex 943.9642333867116 245.74998236636185 568.1528093960939
    vertex 943.9642337541046 251.7499824820702 568.1528092277332
  endloop
endfacet
facet normal 0.1305261922198683 1.982766529533856e-08 0.9914448613738344
  outer loop
    vertex 943.5630638668026 245.74998236636165 568.099994426842
    vertex 943.1618947142866 251.7499824820702 568.1528092277332
    vertex 943.1618943468936 245.74998236636185 568.1528093960939
  endloop
endfacet
facet normal 0.1305261922198683 1.982766529533856e-08 0.9914448613738344
  outer loop
    vertex 943.1618947142866 251.7499824820702 568.1528092277332
    vertex 943.5630638668026 245.74998236636165 568.099994426842
    vertex 943.5630642341956 251.7499824820702 568.0999942584812
  endloop
endfacet
facet normal 0.3826834323654147 2.491633186708136e-09 0.9238795325111522
  outer loop
    vertex 943.1618943468936 245.74998236636185 568.1528093960939
    vertex 942.7880642341958 251.7499824820703 568.3076548826153
    vertex 942.7880638668029 245.74998236636165 568.3076550509761
  endloop
endfacet
facet normal 0.3826834323654147 2.491633186708136e-09 0.9238795325111522
  outer loop
    vertex 942.7880642341958 251.7499824820703 568.3076548826153
    vertex 943.1618943468936 245.74998236636185 568.1528093960939
    vertex 943.1618947142866 251.7499824820702 568.1528092277332
  endloop
endfacet
facet normal 0.6087614290084797 -1.5014186186411012e-08 0.7933533402914199
  outer loop
    vertex 942.7880638668029 245.74998236636165 568.3076550509761
    vertex 942.4670487233564 251.7499824820703 568.5539787476422
    vertex 942.4670483559634 245.74998236636176 568.553978916003
  endloop
endfacet
facet normal 0.6087614290084797 -1.5014186186411012e-08 0.7933533402914199
  outer loop
    vertex 942.4670487233564 251.7499824820703 568.5539787476422
    vertex 942.7880638668029 245.74998236636165 568.3076550509761
    vertex 942.7880642341958 251.7499824820703 568.3076548826153
  endloop
endfacet
facet normal 0.793353340291387 -3.149682968572752e-08 0.6087614290085219
  outer loop
    vertex 942.4670487233564 251.7499824820703 568.5539787476422
    vertex 942.2207244909367 245.7499823663618 568.874994426842
    vertex 942.4670483559634 245.74998236636176 568.553978916003
  endloop
endfacet
facet normal 0.793353340291387 -3.149682968572752e-08 0.6087614290085219
  outer loop
    vertex 942.2207244909367 245.7499823663618 568.874994426842
    vertex 942.4670487233564 251.7499824820703 568.5539787476422
    vertex 942.2207248583297 251.7499824820703 568.8749942584814
  endloop
endfacet
facet normal 0.9238795325110656 -4.5833004358874326e-08 0.38268343236562097
  outer loop
    vertex 942.2207248583297 251.7499824820703 568.8749942584814
    vertex 942.0658788360544 245.74998236636185 569.248824906933
    vertex 942.2207244909367 245.7499823663618 568.874994426842
  endloop
endfacet
facet normal 0.9238795325110656 -4.5833004358874326e-08 0.38268343236562097
  outer loop
    vertex 942.0658788360544 245.74998236636185 569.248824906933
    vertex 942.2207248583297 251.7499824820703 568.8749942584814
    vertex 942.0658792034474 251.7499824820703 569.2488247385722
  endloop
endfacet
facet normal 0.9914448613738656 -5.704567195837681e-08 0.13052619221962006
  outer loop
    vertex 942.0658788360544 245.74998236636185 569.248824906933
    vertex 942.0130642341952 251.7499824820703 569.6499942584812
    vertex 942.013063866803 245.74998236636162 569.6499944268421
  endloop
endfacet
facet normal 0.9914448613738656 -5.704567195837681e-08 0.13052619221962006
  outer loop
    vertex 942.0130642341952 251.7499824820703 569.6499942584812
    vertex 942.0658788360544 245.74998236636185 569.248824906933
    vertex 942.0658792034474 251.7499824820703 569.2488247385722
  endloop
endfacet
facet normal 0.9914448613738018 0.13052619222011647 5.889081216592664e-15
  outer loop
    vertex 927.3158792292086 250.8488127989235 546.6499942800365
    vertex 927.2630642599564 251.2499823188321 551.649994278024
    vertex 927.3158792292086 250.84881279892332 551.649994278024
  endloop
endfacet
facet normal 0.9914448613738018 0.13052619222011647 5.889081216592664e-15
  outer loop
    vertex 927.2630642599564 251.2499823188321 551.649994278024
    vertex 927.3158792292086 250.8488127989235 546.6499942800365
    vertex 927.2630642599564 251.24998231883248 546.6499942800368
  endloop
endfacet
facet normal 0.9914448613738001 -0.1305261922201309 -6.870716184365584e-15
  outer loop
    vertex 927.2630642599564 251.24998231883248 546.6499942800368
    vertex 927.3158792292086 251.651151838741 551.6499942780241
    vertex 927.2630642599564 251.2499823188321 551.649994278024
  endloop
endfacet
facet normal 0.9914448613738001 -0.1305261922201309 -6.870716184365584e-15
  outer loop
    vertex 927.3158792292086 251.651151838741 551.6499942780241
    vertex 927.2630642599564 251.24998231883248 546.6499942800368
    vertex 927.3158792292086 251.65115183874127 546.6499942800368
  endloop
endfacet
facet normal 0.923879532511314 -0.3826834323650239 -1.5828077371751032e-14
  outer loop
    vertex 927.3158792292086 251.65115183874127 546.6499942800368
    vertex 927.4707248840903 252.0249823188322 551.6499942780241
    vertex 927.3158792292086 251.651151838741 551.6499942780241
  endloop
endfacet
facet normal 0.923879532511314 -0.3826834323650239 -1.5828077371751032e-14
  outer loop
    vertex 927.4707248840903 252.0249823188322 551.6499942780241
    vertex 927.3158792292086 251.65115183874127 546.6499942800368
    vertex 927.4707248840903 252.02498231883243 546.6499942800365
  endloop
endfacet
facet normal 0.7933533402911306 -0.608761429008857 -2.2892171295320655e-14
  outer loop
    vertex 927.4707248840903 252.02498231883243 546.6499942800365
    vertex 927.7170487491168 252.34599782967132 551.6499942780242
    vertex 927.4707248840903 252.0249823188322 551.6499942780241
  endloop
endfacet
facet normal 0.7933533402911306 -0.608761429008857 -2.2892171295320655e-14
  outer loop
    vertex 927.7170487491168 252.34599782967132 551.6499942780242
    vertex 927.4707248840903 252.02498231883243 546.6499942800365
    vertex 927.7170487491168 252.34599782967155 546.6499942800366
  endloop
endfacet
facet normal 0.6087614290087353 -0.793353340291224 -2.684350894351584e-14
  outer loop
    vertex 928.0380642599563 252.592321694698 551.649994278024
    vertex 927.7170487491168 252.34599782967155 546.6499942800366
    vertex 928.0380642599563 252.5923216946982 546.6499942800365
  endloop
endfacet
facet normal 0.6087614290087353 -0.793353340291224 -2.684350894351584e-14
  outer loop
    vertex 927.7170487491168 252.34599782967155 546.6499942800366
    vertex 928.0380642599563 252.592321694698 551.649994278024
    vertex 927.7170487491168 252.34599782967132 551.6499942780242
  endloop
endfacet
facet normal 0.38268343236525704 -0.9238795325112176 -4.168490114148246e-14
  outer loop
    vertex 928.411894740047 252.7471673495805 546.6499942800367
    vertex 928.0380642599563 252.592321694698 551.649994278024
    vertex 928.0380642599563 252.5923216946982 546.6499942800365
  endloop
endfacet
facet normal 0.38268343236525704 -0.9238795325112176 -4.168490114148246e-14
  outer loop
    vertex 928.0380642599563 252.592321694698 551.649994278024
    vertex 928.411894740047 252.7471673495805 546.6499942800367
    vertex 928.411894740047 252.74716734958014 551.6499942780241
  endloop
endfacet
facet normal 0.13052619222003278 -0.9914448613738129 -4.100574617846646e-14
  outer loop
    vertex 928.813064259956 252.7999823188322 551.649994278024
    vertex 928.411894740047 252.7471673495805 546.6499942800367
    vertex 928.813064259956 252.79998231883235 546.6499942800365
  endloop
endfacet
facet normal 0.13052619222003278 -0.9914448613738129 -4.100574617846646e-14
  outer loop
    vertex 928.411894740047 252.7471673495805 546.6499942800367
    vertex 928.813064259956 252.7999823188322 551.649994278024
    vertex 928.411894740047 252.74716734958014 551.6499942780241
  endloop
endfacet
facet normal -0.13052619222003278 -0.9914448613738129 -4.100574617846646e-14
  outer loop
    vertex 929.214233779865 252.7471673495805 546.6499942800367
    vertex 928.813064259956 252.7999823188322 551.649994278024
    vertex 928.813064259956 252.79998231883235 546.6499942800365
  endloop
endfacet
facet normal -0.13052619222003278 -0.9914448613738129 -4.100574617846646e-14
  outer loop
    vertex 928.813064259956 252.7999823188322 551.649994278024
    vertex 929.214233779865 252.7471673495805 546.6499942800367
    vertex 929.214233779865 252.74716734958014 551.6499942780241
  endloop
endfacet
facet normal -0.38268343236525704 -0.9238795325112176 -4.168490114148246e-14
  outer loop
    vertex 929.5880642599559 252.592321694698 551.649994278024
    vertex 929.214233779865 252.7471673495805 546.6499942800367
    vertex 929.5880642599559 252.5923216946982 546.6499942800365
  endloop
endfacet
facet normal -0.38268343236525704 -0.9238795325112176 -4.168490114148246e-14
  outer loop
    vertex 929.214233779865 252.7471673495805 546.6499942800367
    vertex 929.5880642599559 252.592321694698 551.649994278024
    vertex 929.214233779865 252.74716734958014 551.6499942780241
  endloop
endfacet
facet normal -0.6087614290087353 -0.793353340291224 -2.684350894351584e-14
  outer loop
    vertex 929.9090797707953 252.34599782967155 546.6499942800366
    vertex 929.5880642599559 252.592321694698 551.649994278024
    vertex 929.5880642599559 252.5923216946982 546.6499942800365
  endloop
endfacet
facet normal -0.6087614290087353 -0.793353340291224 -2.684350894351584e-14
  outer loop
    vertex 929.5880642599559 252.592321694698 551.649994278024
    vertex 929.9090797707953 252.34599782967155 546.6499942800366
    vertex 929.9090797707953 252.34599782967132 551.6499942780242
  endloop
endfacet
facet normal -0.7933533402911306 -0.6087614290088569 -2.2889088307164253e-14
  outer loop
    vertex 929.9090797707953 252.34599782967132 551.6499942780242
    vertex 930.1554036358219 252.02498231883243 546.6499942800365
    vertex 930.1554036358219 252.0249823188322 551.6499942780241
  endloop
endfacet
facet normal -0.7933533402911306 -0.6087614290088569 -2.2889088307164253e-14
  outer loop
    vertex 930.1554036358219 252.02498231883243 546.6499942800365
    vertex 929.9090797707953 252.34599782967132 551.6499942780242
    vertex 929.9090797707953 252.34599782967155 546.6499942800366
  endloop
endfacet
facet normal -0.923879532511314 -0.38268343236502383 -1.5828077371751032e-14
  outer loop
    vertex 930.1554036358219 252.0249823188322 551.6499942780241
    vertex 930.3102492907043 251.65115183874127 546.6499942800368
    vertex 930.3102492907043 251.651151838741 551.6499942780241
  endloop
endfacet
facet normal -0.923879532511314 -0.38268343236502383 -1.5828077371751032e-14
  outer loop
    vertex 930.3102492907043 251.65115183874127 546.6499942800368
    vertex 930.1554036358219 252.0249823188322 551.6499942780241
    vertex 930.1554036358219 252.02498231883243 546.6499942800365
  endloop
endfacet
facet normal -0.9914448613738001 -0.13052619222013087 -6.870716184365584e-15
  outer loop
    vertex 930.3102492907043 251.651151838741 551.6499942780241
    vertex 930.3630642599564 251.24998231883248 546.6499942800368
    vertex 930.3630642599564 251.2499823188321 551.649994278024
  endloop
endfacet
facet normal -0.9914448613738001 -0.13052619222013087 -6.870716184365584e-15
  outer loop
    vertex 930.3630642599564 251.24998231883248 546.6499942800368
    vertex 930.3102492907043 251.651151838741 551.6499942780241
    vertex 930.3102492907043 251.65115183874127 546.6499942800368
  endloop
endfacet
facet normal -0.9914448613738018 0.13052619222011647 5.889081216592664e-15
  outer loop
    vertex 930.3630642599564 251.2499823188321 551.649994278024
    vertex 930.3102492907043 250.8488127989235 546.6499942800365
    vertex 930.3102492907043 250.84881279892332 551.649994278024
  endloop
endfacet
facet normal -0.9914448613738018 0.13052619222011647 5.889081216592664e-15
  outer loop
    vertex 930.3102492907043 250.8488127989235 546.6499942800365
    vertex 930.3630642599564 251.2499823188321 551.649994278024
    vertex 930.3630642599564 251.24998231883248 546.6499942800368
  endloop
endfacet
facet normal -0.923879532511314 0.38268343236502383 1.007176442752953e-14
  outer loop
    vertex 930.3102492907043 250.84881279892332 551.649994278024
    vertex 930.1554036358219 250.47498231883228 546.6499942800367
    vertex 930.1554036358219 250.47498231883216 551.649994278024
  endloop
endfacet
facet normal -0.923879532511314 0.38268343236502383 1.007176442752953e-14
  outer loop
    vertex 930.1554036358219 250.47498231883228 546.6499942800367
    vertex 930.3102492907043 250.84881279892332 551.649994278024
    vertex 930.3102492907043 250.8488127989235 546.6499942800365
  endloop
endfacet
facet normal -0.7933533402911926 0.6087614290087761 1.602404986016414e-14
  outer loop
    vertex 930.1554036358219 250.47498231883216 551.649994278024
    vertex 929.9090797707953 250.15396680799313 546.6499942800367
    vertex 929.9090797707953 250.15396680799296 551.6499942780239
  endloop
endfacet
facet normal -0.7933533402911926 0.6087614290087761 1.602404986016414e-14
  outer loop
    vertex 929.9090797707953 250.15396680799313 546.6499942800367
    vertex 930.1554036358219 250.47498231883216 551.649994278024
    vertex 930.1554036358219 250.47498231883228 546.6499942800367
  endloop
endfacet
facet normal -0.6087614290086651 0.7933533402912779 2.088107877657407e-14
  outer loop
    vertex 929.5880642599559 249.90764294296633 551.649994278024
    vertex 929.9090797707953 250.15396680799313 546.6499942800367
    vertex 929.5880642599559 249.90764294296648 546.6499942800366
  endloop
endfacet
facet normal -0.6087614290086651 0.7933533402912779 2.088107877657407e-14
  outer loop
    vertex 929.9090797707953 250.15396680799313 546.6499942800367
    vertex 929.5880642599559 249.90764294296633 551.649994278024
    vertex 929.9090797707953 250.15396680799296 551.6499942780239
  endloop
endfacet
facet normal -0.3826834323649239 0.9238795325113555 3.821125045324621e-14
  outer loop
    vertex 929.214233779865 249.75279728808417 551.6499942780239
    vertex 929.5880642599559 249.90764294296648 546.6499942800366
    vertex 929.214233779865 249.7527972880845 546.6499942800366
  endloop
endfacet
facet normal -0.3826834323649239 0.9238795325113555 3.821125045324621e-14
  outer loop
    vertex 929.5880642599559 249.90764294296648 546.6499942800366
    vertex 929.214233779865 249.75279728808417 551.6499942780239
    vertex 929.5880642599559 249.90764294296633 551.649994278024
  endloop
endfacet
facet normal -0.1305261922206356 0.9914448613737337 3.727763890015342e-14
  outer loop
    vertex 928.813064259956 249.6999823188321 551.6499942780241
    vertex 929.214233779865 249.7527972880845 546.6499942800366
    vertex 928.813064259956 249.69998231883218 546.6499942800366
  endloop
endfacet
facet normal -0.1305261922206356 0.9914448613737337 3.727763890015342e-14
  outer loop
    vertex 929.214233779865 249.7527972880845 546.6499942800366
    vertex 928.813064259956 249.6999823188321 551.6499942780241
    vertex 929.214233779865 249.75279728808417 551.6499942780239
  endloop
endfacet
facet normal 0.1305261922206356 0.9914448613737337 3.727763890015342e-14
  outer loop
    vertex 928.411894740047 249.75279728808417 551.6499942780239
    vertex 928.813064259956 249.69998231883218 546.6499942800366
    vertex 928.411894740047 249.7527972880845 546.6499942800366
  endloop
endfacet
facet normal 0.1305261922206356 0.9914448613737337 3.727763890015342e-14
  outer loop
    vertex 928.813064259956 249.69998231883218 546.6499942800366
    vertex 928.411894740047 249.75279728808417 551.6499942780239
    vertex 928.813064259956 249.6999823188321 551.6499942780241
  endloop
endfacet
facet normal 0.38268343236492386 0.9238795325113555 3.821125045324621e-14
  outer loop
    vertex 928.0380642599563 249.90764294296633 551.649994278024
    vertex 928.411894740047 249.7527972880845 546.6499942800366
    vertex 928.0380642599563 249.90764294296648 546.6499942800366
  endloop
endfacet
facet normal 0.38268343236492386 0.9238795325113555 3.821125045324621e-14
  outer loop
    vertex 928.411894740047 249.7527972880845 546.6499942800366
    vertex 928.0380642599563 249.90764294296633 551.649994278024
    vertex 928.411894740047 249.75279728808417 551.6499942780239
  endloop
endfacet
facet normal 0.6087614290086651 0.7933533402912779 2.0881078776574072e-14
  outer loop
    vertex 927.7170487491168 250.15396680799313 546.6499942800367
    vertex 928.0380642599563 249.90764294296633 551.649994278024
    vertex 928.0380642599563 249.90764294296648 546.6499942800366
  endloop
endfacet
facet normal 0.6087614290086651 0.7933533402912779 2.0881078776574072e-14
  outer loop
    vertex 928.0380642599563 249.90764294296633 551.649994278024
    vertex 927.7170487491168 250.15396680799313 546.6499942800367
    vertex 927.7170487491168 250.15396680799296 551.6499942780239
  endloop
endfacet
facet normal 0.7933533402911926 0.6087614290087762 1.6024049860163424e-14
  outer loop
    vertex 927.7170487491168 250.15396680799313 546.6499942800367
    vertex 927.4707248840903 250.47498231883216 551.649994278024
    vertex 927.7170487491168 250.15396680799296 551.6499942780239
  endloop
endfacet
facet normal 0.7933533402911926 0.6087614290087762 1.6024049860163424e-14
  outer loop
    vertex 927.4707248840903 250.47498231883216 551.649994278024
    vertex 927.7170487491168 250.15396680799313 546.6499942800367
    vertex 927.4707248840903 250.47498231883228 546.6499942800367
  endloop
endfacet
facet normal 0.923879532511314 0.3826834323650238 1.0071764427529528e-14
  outer loop
    vertex 927.4707248840903 250.47498231883228 546.6499942800367
    vertex 927.3158792292086 250.84881279892332 551.649994278024
    vertex 927.4707248840903 250.47498231883216 551.649994278024
  endloop
endfacet
facet normal 0.923879532511314 0.3826834323650238 1.0071764427529528e-14
  outer loop
    vertex 927.3158792292086 250.84881279892332 551.649994278024
    vertex 927.4707248840903 250.47498231883228 546.6499942800367
    vertex 927.3158792292086 250.8488127989235 546.6499942800365
  endloop
endfacet
facet normal -0.9914448613738018 -0.13052619222011647 -3.926299214664226e-15
  outer loop
    vertex 916.3102492907046 251.65115183874116 551.6499942780243
    vertex 916.3630642599568 251.24998231883248 546.6499942800368
    vertex 916.3630642599568 251.2499823188322 551.6499942780241
  endloop
endfacet
facet normal -0.9914448613738018 -0.13052619222011647 -3.926299214664226e-15
  outer loop
    vertex 916.3630642599568 251.24998231883248 546.6499942800368
    vertex 916.3102492907046 251.65115183874116 551.6499942780243
    vertex 916.3102492907046 251.65115183874127 546.6499942800368
  endloop
endfacet
facet normal -0.9914448613738018 0.13052619222011644 3.926364048453205e-15
  outer loop
    vertex 916.3630642599568 251.2499823188322 551.6499942780241
    vertex 916.3102492907046 250.8488127989235 546.6499942800365
    vertex 916.3102492907046 250.8488127989234 551.6499942780241
  endloop
endfacet
facet normal -0.9914448613738018 0.13052619222011644 3.926364048453205e-15
  outer loop
    vertex 916.3102492907046 250.8488127989235 546.6499942800365
    vertex 916.3630642599568 251.2499823188322 551.6499942780241
    vertex 916.3630642599568 251.24998231883248 546.6499942800368
  endloop
endfacet
facet normal -0.9238795325112895 0.38268343236508295 5.842511236920019e-19
  outer loop
    vertex 916.1554036358223 250.47498231883236 551.649994278024
    vertex 916.3102492907046 250.8488127989235 546.6499942800365
    vertex 916.1554036358223 250.47498231883228 546.6499942800367
  endloop
endfacet
facet normal -0.9238795325112895 0.38268343236508295 5.842511236920019e-19
  outer loop
    vertex 916.3102492907046 250.8488127989235 546.6499942800365
    vertex 916.1554036358223 250.47498231883236 551.649994278024
    vertex 916.3102492907046 250.8488127989234 551.6499942780241
  endloop
endfacet
facet normal -0.7933533402912547 0.6087614290086953 0.0
  outer loop
    vertex 916.1554036358223 250.47498231883236 551.649994278024
    vertex 915.9090797707956 250.15396680799313 546.6499942800367
    vertex 915.9090797707956 250.15396680799304 551.649994278024
  endloop
endfacet
facet normal -0.7933533402912547 0.6087614290086953 0.0
  outer loop
    vertex 915.9090797707956 250.15396680799313 546.6499942800367
    vertex 916.1554036358223 250.47498231883236 551.649994278024
    vertex 916.1554036358223 250.47498231883228 546.6499942800367
  endloop
endfacet
facet normal -0.6087614290086651 0.7933533402912777 8.948121374294543e-15
  outer loop
    vertex 915.5880642599562 249.90764294296642 551.649994278024
    vertex 915.9090797707956 250.15396680799313 546.6499942800367
    vertex 915.5880642599562 249.90764294296648 546.6499942800366
  endloop
endfacet
facet normal -0.6087614290086651 0.7933533402912777 8.948121374294543e-15
  outer loop
    vertex 915.9090797707956 250.15396680799313 546.6499942800367
    vertex 915.5880642599562 249.90764294296642 551.649994278024
    vertex 915.9090797707956 250.15396680799304 551.649994278024
  endloop
endfacet
facet normal -0.3826834323649715 0.9238795325113358 2.7790378297411163e-14
  outer loop
    vertex 915.2142337798654 249.7527972880842 551.6499942780241
    vertex 915.5880642599562 249.90764294296648 546.6499942800366
    vertex 915.2142337798654 249.7527972880845 546.6499942800366
  endloop
endfacet
facet normal -0.3826834323649715 0.9238795325113358 2.7790378297411163e-14
  outer loop
    vertex 915.5880642599562 249.90764294296648 546.6499942800366
    vertex 915.2142337798654 249.7527972880842 551.6499942780241
    vertex 915.5880642599562 249.90764294296642 551.649994278024
  endloop
endfacet
facet normal -0.1305261922204712 0.9914448613737553 1.8639249028588884e-14
  outer loop
    vertex 914.8130642599564 249.69998231883227 551.6499942780241
    vertex 915.2142337798654 249.7527972880845 546.6499942800366
    vertex 914.8130642599564 249.69998231883218 546.6499942800366
  endloop
endfacet
facet normal -0.1305261922204712 0.9914448613737553 1.8639249028588884e-14
  outer loop
    vertex 915.2142337798654 249.7527972880845 546.6499942800366
    vertex 914.8130642599564 249.69998231883227 551.6499942780241
    vertex 915.2142337798654 249.7527972880842 551.6499942780241
  endloop
endfacet
facet normal 0.1305261922204712 0.9914448613737553 1.8639249028588884e-14
  outer loop
    vertex 914.4118947400474 249.7527972880842 551.6499942780241
    vertex 914.8130642599564 249.69998231883218 546.6499942800366
    vertex 914.4118947400474 249.7527972880845 546.6499942800366
  endloop
endfacet
facet normal 0.1305261922204712 0.9914448613737553 1.8639249028588884e-14
  outer loop
    vertex 914.8130642599564 249.69998231883218 546.6499942800366
    vertex 914.4118947400474 249.7527972880842 551.6499942780241
    vertex 914.8130642599564 249.69998231883227 551.6499942780241
  endloop
endfacet
facet normal 0.3826834323649715 0.9238795325113358 2.7790378297411163e-14
  outer loop
    vertex 914.0380642599565 249.90764294296642 551.649994278024
    vertex 914.4118947400474 249.7527972880845 546.6499942800366
    vertex 914.0380642599565 249.90764294296648 546.6499942800366
  endloop
endfacet
facet normal 0.3826834323649715 0.9238795325113358 2.7790378297411163e-14
  outer loop
    vertex 914.4118947400474 249.7527972880845 546.6499942800366
    vertex 914.0380642599565 249.90764294296642 551.649994278024
    vertex 914.4118947400474 249.7527972880842 551.6499942780241
  endloop
endfacet
facet normal 0.6087614290086651 0.7933533402912777 8.948121374294543e-15
  outer loop
    vertex 913.7170487491171 250.15396680799313 546.6499942800367
    vertex 914.0380642599565 249.90764294296642 551.649994278024
    vertex 914.0380642599565 249.90764294296648 546.6499942800366
  endloop
endfacet
facet normal 0.6087614290086651 0.7933533402912777 8.948121374294543e-15
  outer loop
    vertex 914.0380642599565 249.90764294296642 551.649994278024
    vertex 913.7170487491171 250.15396680799313 546.6499942800367
    vertex 913.7170487491171 250.15396680799304 551.649994278024
  endloop
endfacet
facet normal 0.7933533402912547 0.6087614290086953 0.0
  outer loop
    vertex 913.7170487491171 250.15396680799313 546.6499942800367
    vertex 913.4707248840905 250.47498231883236 551.649994278024
    vertex 913.7170487491171 250.15396680799304 551.649994278024
  endloop
endfacet
facet normal 0.7933533402912547 0.6087614290086953 0.0
  outer loop
    vertex 913.4707248840905 250.47498231883236 551.649994278024
    vertex 913.7170487491171 250.15396680799313 546.6499942800367
    vertex 913.4707248840905 250.47498231883228 546.6499942800367
  endloop
endfacet
facet normal 0.9238795325112895 0.38268343236508295 5.842511236920019e-19
  outer loop
    vertex 913.3158792292081 250.8488127989235 546.6499942800365
    vertex 913.4707248840905 250.47498231883236 551.649994278024
    vertex 913.4707248840905 250.47498231883228 546.6499942800367
  endloop
endfacet
facet normal 0.9238795325112895 0.38268343236508295 5.842511236920019e-19
  outer loop
    vertex 913.4707248840905 250.47498231883236 551.649994278024
    vertex 913.3158792292081 250.8488127989235 546.6499942800365
    vertex 913.3158792292081 250.8488127989234 551.6499942780241
  endloop
endfacet
facet normal 0.9914448613738018 0.13052619222011644 3.926364048453205e-15
  outer loop
    vertex 913.3158792292081 250.8488127989235 546.6499942800365
    vertex 913.263064259956 251.2499823188322 551.6499942780241
    vertex 913.3158792292081 250.8488127989234 551.6499942780241
  endloop
endfacet
facet normal 0.9914448613738018 0.13052619222011644 3.926364048453205e-15
  outer loop
    vertex 913.263064259956 251.2499823188322 551.6499942780241
    vertex 913.3158792292081 250.8488127989235 546.6499942800365
    vertex 913.263064259956 251.24998231883248 546.6499942800368
  endloop
endfacet
facet normal 0.9914448613738018 -0.13052619222011644 -3.926299214663329e-15
  outer loop
    vertex 913.263064259956 251.24998231883248 546.6499942800368
    vertex 913.3158792292081 251.65115183874116 551.6499942780243
    vertex 913.263064259956 251.2499823188322 551.6499942780241
  endloop
endfacet
facet normal 0.9914448613738018 -0.13052619222011644 -3.926299214663329e-15
  outer loop
    vertex 913.3158792292081 251.65115183874116 551.6499942780243
    vertex 913.263064259956 251.24998231883248 546.6499942800368
    vertex 913.3158792292081 251.65115183874127 546.6499942800368
  endloop
endfacet
facet normal 0.9238795325112977 -0.38268343236506325 -7.193414260503892e-15
  outer loop
    vertex 913.3158792292081 251.65115183874127 546.6499942800368
    vertex 913.4707248840905 252.0249823188323 551.6499942780242
    vertex 913.3158792292081 251.65115183874116 551.6499942780243
  endloop
endfacet
facet normal 0.9238795325112977 -0.38268343236506325 -7.193414260503892e-15
  outer loop
    vertex 913.4707248840905 252.0249823188323 551.6499942780242
    vertex 913.3158792292081 251.65115183874127 546.6499942800368
    vertex 913.4707248840905 252.02498231883243 546.6499942800365
  endloop
endfacet
facet normal 0.7933533402911306 -0.6087614290088568 -1.3733984048092818e-14
  outer loop
    vertex 913.4707248840905 252.02498231883243 546.6499942800365
    vertex 913.7170487491171 252.3459978296714 551.6499942780243
    vertex 913.4707248840905 252.0249823188323 551.6499942780242
  endloop
endfacet
facet normal 0.7933533402911306 -0.6087614290088568 -1.3733984048092818e-14
  outer loop
    vertex 913.7170487491171 252.3459978296714 551.6499942780243
    vertex 913.4707248840905 252.02498231883243 546.6499942800365
    vertex 913.7170487491171 252.34599782967155 546.6499942800366
  endloop
endfacet
facet normal 0.6087614290087001 -0.7933533402912509 -1.7895135822447394e-14
  outer loop
    vertex 914.0380642599565 252.59232169469806 551.6499942780241
    vertex 913.7170487491171 252.34599782967155 546.6499942800366
    vertex 914.0380642599565 252.5923216946982 546.6499942800365
  endloop
endfacet
facet normal 0.6087614290087001 -0.7933533402912509 -1.7895135822447394e-14
  outer loop
    vertex 913.7170487491171 252.34599782967155 546.6499942800366
    vertex 914.0380642599565 252.59232169469806 551.6499942780241
    vertex 913.7170487491171 252.3459978296714 551.6499942780243
  endloop
endfacet
facet normal 0.3826834323653998 -0.9238795325111584 -2.4316217955940724e-14
  outer loop
    vertex 914.4118947400474 252.7471673495805 546.6499942800367
    vertex 914.0380642599565 252.59232169469806 551.6499942780241
    vertex 914.0380642599565 252.5923216946982 546.6499942800365
  endloop
endfacet
facet normal 0.3826834323653998 -0.9238795325111584 -2.4316217955940724e-14
  outer loop
    vertex 914.0380642599565 252.59232169469806 551.6499942780241
    vertex 914.4118947400474 252.7471673495805 546.6499942800367
    vertex 914.4118947400474 252.74716734958034 551.649994278024
  endloop
endfacet
facet normal 0.13052619222003278 -0.9914448613738129 -1.1183710570344283e-14
  outer loop
    vertex 914.8130642599564 252.79998231883238 551.6499942780241
    vertex 914.4118947400474 252.7471673495805 546.6499942800367
    vertex 914.8130642599564 252.79998231883235 546.6499942800365
  endloop
endfacet
facet normal 0.13052619222003278 -0.9914448613738129 -1.1183710570344283e-14
  outer loop
    vertex 914.4118947400474 252.7471673495805 546.6499942800367
    vertex 914.8130642599564 252.79998231883238 551.6499942780241
    vertex 914.4118947400474 252.74716734958034 551.649994278024
  endloop
endfacet
facet normal -0.13052619222003278 -0.9914448613738129 -1.1183710570344283e-14
  outer loop
    vertex 915.2142337798654 252.7471673495805 546.6499942800367
    vertex 914.8130642599564 252.79998231883238 551.6499942780241
    vertex 914.8130642599564 252.79998231883235 546.6499942800365
  endloop
endfacet
facet normal -0.13052619222003278 -0.9914448613738129 -1.1183710570344283e-14
  outer loop
    vertex 914.8130642599564 252.79998231883238 551.6499942780241
    vertex 915.2142337798654 252.7471673495805 546.6499942800367
    vertex 915.2142337798654 252.74716734958034 551.649994278024
  endloop
endfacet
facet normal -0.38268343236539987 -0.9238795325111584 -2.4316217955940724e-14
  outer loop
    vertex 915.5880642599562 252.59232169469806 551.6499942780241
    vertex 915.2142337798654 252.7471673495805 546.6499942800367
    vertex 915.5880642599562 252.5923216946982 546.6499942800365
  endloop
endfacet
facet normal -0.38268343236539987 -0.9238795325111584 -2.4316217955940724e-14
  outer loop
    vertex 915.2142337798654 252.7471673495805 546.6499942800367
    vertex 915.5880642599562 252.59232169469806 551.6499942780241
    vertex 915.2142337798654 252.74716734958034 551.649994278024
  endloop
endfacet
facet normal -0.6087614290087003 -0.7933533402912509 -1.7896318652454755e-14
  outer loop
    vertex 915.9090797707956 252.34599782967155 546.6499942800366
    vertex 915.5880642599562 252.59232169469806 551.6499942780241
    vertex 915.5880642599562 252.5923216946982 546.6499942800365
  endloop
endfacet
facet normal -0.6087614290087003 -0.7933533402912509 -1.7896318652454755e-14
  outer loop
    vertex 915.5880642599562 252.59232169469806 551.6499942780241
    vertex 915.9090797707956 252.34599782967155 546.6499942800366
    vertex 915.9090797707956 252.3459978296714 551.6499942780243
  endloop
endfacet
facet normal -0.7933533402911306 -0.6087614290088568 -1.3733984048092818e-14
  outer loop
    vertex 915.9090797707956 252.3459978296714 551.6499942780243
    vertex 916.1554036358223 252.02498231883243 546.6499942800365
    vertex 916.1554036358223 252.0249823188323 551.6499942780242
  endloop
endfacet
facet normal -0.7933533402911306 -0.6087614290088568 -1.3733984048092818e-14
  outer loop
    vertex 916.1554036358223 252.02498231883243 546.6499942800365
    vertex 915.9090797707956 252.3459978296714 551.6499942780243
    vertex 915.9090797707956 252.34599782967155 546.6499942800366
  endloop
endfacet
facet normal -0.9238795325112977 -0.38268343236506325 -7.193414260503892e-15
  outer loop
    vertex 916.1554036358223 252.0249823188323 551.6499942780242
    vertex 916.3102492907046 251.65115183874127 546.6499942800368
    vertex 916.3102492907046 251.65115183874116 551.6499942780243
  endloop
endfacet
facet normal -0.9238795325112977 -0.38268343236506325 -7.193414260503892e-15
  outer loop
    vertex 916.3102492907046 251.65115183874127 546.6499942800368
    vertex 916.1554036358223 252.0249823188323 551.6499942780242
    vertex 916.1554036358223 252.02498231883243 546.6499942800365
  endloop
endfacet
facet normal -3.358471239902598e-11 6.445637814561267e-15 1.0
  outer loop
    vertex 904.5630642598886 247.74998242420784 554.6499942599906
    vertex 913.3130642598882 248.6519061074789 554.6499942599905
    vertex 904.5630642598886 254.7499822719811 554.6499942599905
  endloop
endfacet
facet normal -3.358471239902598e-11 6.445637814561267e-15 1.0
  outer loop
    vertex 913.3130642598882 248.6519061074789 554.6499942599905
    vertex 904.5630642598886 247.74998242420784 554.6499942599906
    vertex 914.0366071245808 248.35220483996494 554.6499942599905
  endloop
endfacet
facet normal -3.358471239902598e-11 6.445637814561267e-15 1.0
  outer loop
    vertex 914.0366071245808 248.35220483996494 554.6499942599905
    vertex 904.5630642598886 247.74998242420784 554.6499942599906
    vertex 914.8130642598885 248.2499823188322 554.6499942599905
  endloop
endfacet
facet normal -3.358471239902598e-11 6.445637814561267e-15 1.0
  outer loop
    vertex 914.8130642598885 248.2499823188322 554.6499942599905
    vertex 904.5630642598886 247.74998242420784 554.6499942599906
    vertex 918.8130642598883 247.74998241484366 554.6499942604692
  endloop
endfacet
facet normal -3.358471239902598e-11 6.445637814561267e-15 1.0
  outer loop
    vertex 904.5630642598886 254.7499822719811 554.6499942599905
    vertex 913.3130642598882 248.6519061074789 554.6499942599905
    vertex 912.691743916329 249.12866197527254 554.6499942599905
  endloop
endfacet
facet normal -3.358471239902598e-11 6.445637814561267e-15 1.0
  outer loop
    vertex 904.5630642598886 254.7499822719811 554.6499942599905
    vertex 912.691743916329 249.12866197527254 554.6499942599905
    vertex 912.214988048535 249.74998231883222 554.6499942599905
  endloop
endfacet
facet normal -3.358471239902598e-11 6.445637814561267e-15 1.0
  outer loop
    vertex 904.5630642598886 254.7499822719811 554.6499942599905
    vertex 912.214988048535 249.74998231883222 554.6499942599905
    vertex 911.9152867810211 250.47352518352463 554.6499942599905
  endloop
endfacet
facet normal -3.358471239902598e-11 6.445637814561267e-15 1.0
  outer loop
    vertex 904.5630642598886 254.7499822719811 554.6499942599905
    vertex 911.9152867810211 250.47352518352463 554.6499942599905
    vertex 911.8130642598885 251.24998231883225 554.6499942599905
  endloop
endfacet
facet normal -3.358471239902598e-11 6.445637814561267e-15 1.0
  outer loop
    vertex 914.8130642598885 248.2499823188322 554.6499942599905
    vertex 918.8130642598883 247.74998241484366 554.6499942604692
    vertex 915.5895213951962 248.35220483996494 554.6499942599905
  endloop
endfacet
facet normal -3.358471239902598e-11 6.445637814561267e-15 1.0
  outer loop
    vertex 915.5895213951962 248.35220483996494 554.6499942599905
    vertex 918.8130642598883 247.74998241484366 554.6499942604692
    vertex 916.3130642598888 248.6519061074789 554.6499942599905
  endloop
endfacet
facet normal -3.358471239902598e-11 6.445637814561267e-15 1.0
  outer loop
    vertex 916.3130642598888 248.6519061074789 554.6499942599905
    vertex 918.8130642598883 247.74998241484366 554.6499942604692
    vertex 916.934384603448 249.12866197527254 554.6499942599905
  endloop
endfacet
facet normal -3.358471239902598e-11 6.445637814561267e-15 1.0
  outer loop
    vertex 916.934384603448 249.12866197527254 554.6499942599905
    vertex 918.8130642598883 247.74998241484366 554.6499942604692
    vertex 917.411140471242 249.74998231883222 554.6499942599905
  endloop
endfacet
facet normal -3.358471239902598e-11 6.445637814561267e-15 1.0
  outer loop
    vertex 917.411140471242 249.74998231883222 554.6499942599905
    vertex 918.8130642598883 247.74998241484366 554.6499942604692
    vertex 917.7108417387559 250.47352518352463 554.6499942599905
  endloop
endfacet
facet normal -3.358471239902598e-11 6.445637814561267e-15 1.0
  outer loop
    vertex 917.7108417387559 250.47352518352463 554.6499942599905
    vertex 918.8130642598883 247.74998241484366 554.6499942604692
    vertex 917.8130642598885 251.24998231883225 554.6499942599905
  endloop
endfacet
facet normal -3.358471239902598e-11 6.445637814561267e-15 1.0
  outer loop
    vertex 904.5630642598886 254.7499822719811 554.6499942599905
    vertex 914.8130642598885 254.24998231883228 554.6499942599905
    vertex 918.8130642598883 254.74998226261692 554.6499942604692
  endloop
endfacet
facet normal -3.358471239902598e-11 6.445637814561267e-15 1.0
  outer loop
    vertex 914.8130642598885 254.24998231883228 554.6499942599905
    vertex 904.5630642598886 254.7499822719811 554.6499942599905
    vertex 914.0366071245808 254.14775979769945 554.6499942599905
  endloop
endfacet
facet normal -3.358471239902598e-11 6.445637814561267e-15 1.0
  outer loop
    vertex 914.0366071245808 254.14775979769945 554.6499942599905
    vertex 904.5630642598886 254.7499822719811 554.6499942599905
    vertex 913.3130642598882 253.8480585301856 554.6499942599905
  endloop
endfacet
facet normal -3.358471239902598e-11 6.445637814561267e-15 1.0
  outer loop
    vertex 913.3130642598882 253.8480585301856 554.6499942599905
    vertex 904.5630642598886 254.7499822719811 554.6499942599905
    vertex 912.691743916329 253.37130266239194 554.6499942599905
  endloop
endfacet
facet normal -3.358471239902598e-11 6.445637814561267e-15 1.0
  outer loop
    vertex 912.691743916329 253.37130266239194 554.6499942599905
    vertex 904.5630642598886 254.7499822719811 554.6499942599905
    vertex 912.214988048535 252.74998231883225 554.6499942599905
  endloop
endfacet
facet normal -3.358471239902598e-11 6.445637814561267e-15 1.0
  outer loop
    vertex 912.214988048535 252.74998231883225 554.6499942599905
    vertex 904.5630642598886 254.7499822719811 554.6499942599905
    vertex 911.9152867810211 252.02643945413976 554.6499942599905
  endloop
endfacet
facet normal -3.358471239902598e-11 6.445637814561267e-15 1.0
  outer loop
    vertex 911.9152867810211 252.02643945413976 554.6499942599905
    vertex 904.5630642598886 254.7499822719811 554.6499942599905
    vertex 911.8130642598885 251.24998231883225 554.6499942599905
  endloop
endfacet
facet normal -3.358471239902598e-11 6.445637814561267e-15 1.0
  outer loop
    vertex 918.8130642598883 254.74998226261692 554.6499942604692
    vertex 914.8130642598885 254.24998231883228 554.6499942599905
    vertex 915.5895213951962 254.14775979769945 554.6499942599905
  endloop
endfacet
facet normal -3.358471239902598e-11 6.445637814561267e-15 1.0
  outer loop
    vertex 918.8130642598883 254.74998226261692 554.6499942604692
    vertex 915.5895213951962 254.14775979769945 554.6499942599905
    vertex 916.3130642598888 253.8480585301856 554.6499942599905
  endloop
endfacet
facet normal -3.358471239902598e-11 6.445637814561267e-15 1.0
  outer loop
    vertex 918.8130642598883 254.74998226261692 554.6499942604692
    vertex 916.3130642598888 253.8480585301856 554.6499942599905
    vertex 916.934384603448 253.37130266239186 554.6499942599905
  endloop
endfacet
facet normal -3.358471239902598e-11 6.445637814561267e-15 1.0
  outer loop
    vertex 918.8130642598883 254.74998226261692 554.6499942604692
    vertex 916.934384603448 253.37130266239186 554.6499942599905
    vertex 917.411140471242 252.74998231883225 554.6499942599905
  endloop
endfacet
facet normal -3.358471239902598e-11 6.445637814561267e-15 1.0
  outer loop
    vertex 918.8130642598883 254.74998226261692 554.6499942604692
    vertex 917.411140471242 252.74998231883225 554.6499942599905
    vertex 917.7108417387559 252.02643945413976 554.6499942599905
  endloop
endfacet
facet normal -3.358471239902598e-11 6.445637814561267e-15 1.0
  outer loop
    vertex 918.8130642598883 254.74998226261692 554.6499942604692
    vertex 917.7108417387559 252.02643945413976 554.6499942599905
    vertex 917.8130642598885 251.24998231883225 554.6499942599905
  endloop
endfacet
facet normal -3.358471239902598e-11 6.445637814561267e-15 1.0
  outer loop
    vertex 918.8130642598883 254.74998226261692 554.6499942604692
    vertex 917.8130642598885 251.24998231883225 554.6499942599905
    vertex 918.8130642598883 247.74998241484366 554.6499942604692
  endloop
endfacet
facet normal -4.421390817900533e-11 2.2000983892953936e-20 1.0
  outer loop
    vertex 924.813064259869 247.749982406107 554.6499942762281
    vertex 925.915286781002 250.47352518352454 554.6499942768579
    vertex 924.8130642668353 254.74998225388032 554.6499942762281
  endloop
endfacet
facet normal -4.421390817900533e-11 2.2000983892953936e-20 1.0
  outer loop
    vertex 925.915286781002 250.47352518352454 554.6499942768579
    vertex 924.813064259869 247.749982406107 554.6499942762281
    vertex 926.2149880485152 249.74998231883208 554.6499942768579
  endloop
endfacet
facet normal -4.421390817900533e-11 2.2000983892953936e-20 1.0
  outer loop
    vertex 926.2149880485152 249.74998231883208 554.6499942768579
    vertex 924.813064259869 247.749982406107 554.6499942762281
    vertex 926.6917439163091 249.12866197527245 554.6499942768579
  endloop
endfacet
facet normal -4.421390817900533e-11 2.2000983892953936e-20 1.0
  outer loop
    vertex 926.6917439163091 249.12866197527245 554.6499942768579
    vertex 924.813064259869 247.749982406107 554.6499942762281
    vertex 927.3130642598691 248.65190610747877 554.6499942768579
  endloop
endfacet
facet normal -4.421390817900533e-11 2.2000983892953936e-20 1.0
  outer loop
    vertex 927.3130642598691 248.65190610747877 554.6499942768579
    vertex 924.813064259869 247.749982406107 554.6499942762281
    vertex 928.0366071245617 248.35220483996486 554.6499942768579
  endloop
endfacet
facet normal -4.421390817900533e-11 2.2000983892953936e-20 1.0
  outer loop
    vertex 928.0366071245617 248.35220483996486 554.6499942768579
    vertex 924.813064259869 247.749982406107 554.6499942762281
    vertex 928.8130642598687 248.24998231883205 554.6499942768579
  endloop
endfacet
facet normal -4.421390817900533e-11 2.2000983892953936e-20 1.0
  outer loop
    vertex 928.8130642598687 248.24998231883205 554.6499942768579
    vertex 924.813064259869 247.749982406107 554.6499942762281
    vertex 939.0630642598685 247.74998239633726 554.6499942768581
  endloop
endfacet
facet normal -4.421390817900533e-11 2.2000983892953936e-20 1.0
  outer loop
    vertex 924.8130642668353 254.74998225388032 554.6499942762281
    vertex 925.915286781002 250.47352518352454 554.6499942768579
    vertex 925.8130642598687 251.2499823188321 554.6499942768579
  endloop
endfacet
facet normal -4.421390817900533e-11 2.2000983892953936e-20 1.0
  outer loop
    vertex 928.8130642598687 248.24998231883205 554.6499942768579
    vertex 939.0630642598685 247.74998239633726 554.6499942768581
    vertex 929.5895213951765 248.35220483996486 554.6499942768579
  endloop
endfacet
facet normal -4.421390817900533e-11 2.2000983892953936e-20 1.0
  outer loop
    vertex 929.5895213951765 248.35220483996486 554.6499942768579
    vertex 939.0630642598685 247.74998239633726 554.6499942768581
    vertex 930.3130642598691 248.65190610747877 554.6499942768579
  endloop
endfacet
facet normal -4.421390817900533e-11 2.2000983892953936e-20 1.0
  outer loop
    vertex 930.3130642598691 248.65190610747877 554.6499942768579
    vertex 939.0630642598685 247.74998239633726 554.6499942768581
    vertex 930.9343846034283 249.12866197527242 554.6499942768579
  endloop
endfacet
facet normal -4.421390817900533e-11 2.2000983892953936e-20 1.0
  outer loop
    vertex 930.9343846034283 249.12866197527242 554.6499942768579
    vertex 939.0630642598685 247.74998239633726 554.6499942768581
    vertex 931.4111404712222 249.74998231883208 554.6499942768579
  endloop
endfacet
facet normal -4.421390817900533e-11 2.2000983892953936e-20 1.0
  outer loop
    vertex 931.4111404712222 249.74998231883208 554.6499942768579
    vertex 939.0630642598685 247.74998239633726 554.6499942768581
    vertex 931.7108417387361 250.47352518352454 554.6499942768579
  endloop
endfacet
facet normal -4.421390817900533e-11 2.2000983892953936e-20 1.0
  outer loop
    vertex 931.7108417387361 250.47352518352454 554.6499942768579
    vertex 939.0630642598685 247.74998239633726 554.6499942768581
    vertex 931.8130642598687 251.2499823188321 554.6499942768579
  endloop
endfacet
facet normal -4.421390817900533e-11 2.2000983892953936e-20 1.0
  outer loop
    vertex 924.8130642668353 254.74998225388032 554.6499942762281
    vertex 928.8130642598687 254.24998231883214 554.6499942768579
    vertex 939.0630642598685 254.74998224411056 554.6499942768581
  endloop
endfacet
facet normal -4.421390817900533e-11 2.2000983892953936e-20 1.0
  outer loop
    vertex 928.8130642598687 254.24998231883214 554.6499942768579
    vertex 924.8130642668353 254.74998225388032 554.6499942762281
    vertex 928.0366071245617 254.14775979769936 554.6499942768579
  endloop
endfacet
facet normal -4.421390817900533e-11 2.2000983892953936e-20 1.0
  outer loop
    vertex 928.0366071245617 254.14775979769936 554.6499942768579
    vertex 924.8130642668353 254.74998225388032 554.6499942762281
    vertex 927.3130642598691 253.84805853018545 554.6499942768579
  endloop
endfacet
facet normal -4.421390817900533e-11 2.2000983892953936e-20 1.0
  outer loop
    vertex 927.3130642598691 253.84805853018545 554.6499942768579
    vertex 924.8130642668353 254.74998225388032 554.6499942762281
    vertex 926.6917439163091 253.3713026623918 554.6499942768579
  endloop
endfacet
facet normal -4.421390817900533e-11 2.2000983892953936e-20 1.0
  outer loop
    vertex 926.6917439163091 253.3713026623918 554.6499942768579
    vertex 924.8130642668353 254.74998225388032 554.6499942762281
    vertex 926.2149880485152 252.74998231883214 554.6499942768579
  endloop
endfacet
facet normal -4.421390817900533e-11 2.2000983892953936e-20 1.0
  outer loop
    vertex 926.2149880485152 252.74998231883214 554.6499942768579
    vertex 924.8130642668353 254.74998225388032 554.6499942762281
    vertex 925.915286781002 252.02643945413968 554.6499942768579
  endloop
endfacet
facet normal -4.421390817900533e-11 2.2000983892953936e-20 1.0
  outer loop
    vertex 925.915286781002 252.02643945413968 554.6499942768579
    vertex 924.8130642668353 254.74998225388032 554.6499942762281
    vertex 925.8130642598687 251.2499823188321 554.6499942768579
  endloop
endfacet
facet normal -4.421390817900533e-11 2.2000983892953936e-20 1.0
  outer loop
    vertex 939.0630642598685 254.74998224411056 554.6499942768581
    vertex 928.8130642598687 254.24998231883214 554.6499942768579
    vertex 929.5895213951765 254.14775979769936 554.6499942768579
  endloop
endfacet
facet normal -4.421390817900533e-11 2.2000983892953936e-20 1.0
  outer loop
    vertex 939.0630642598685 254.74998224411056 554.6499942768581
    vertex 929.5895213951765 254.14775979769936 554.6499942768579
    vertex 930.3130642598691 253.84805853018545 554.6499942768579
  endloop
endfacet
facet normal -4.421390817900533e-11 2.2000983892953936e-20 1.0
  outer loop
    vertex 939.0630642598685 254.74998224411056 554.6499942768581
    vertex 930.3130642598691 253.84805853018545 554.6499942768579
    vertex 930.9343846034283 253.37130266239174 554.6499942768579
  endloop
endfacet
facet normal -4.421390817900533e-11 2.2000983892953936e-20 1.0
  outer loop
    vertex 939.0630642598685 254.74998224411056 554.6499942768581
    vertex 930.9343846034283 253.37130266239174 554.6499942768579
    vertex 931.4111404712222 252.74998231883214 554.6499942768579
  endloop
endfacet
facet normal -4.421390817900533e-11 2.2000983892953936e-20 1.0
  outer loop
    vertex 939.0630642598685 254.74998224411056 554.6499942768581
    vertex 931.4111404712222 252.74998231883214 554.6499942768579
    vertex 931.7108417387361 252.02643945413968 554.6499942768579
  endloop
endfacet
facet normal -4.421390817900533e-11 2.2000983892953936e-20 1.0
  outer loop
    vertex 939.0630642598685 254.74998224411056 554.6499942768581
    vertex 931.7108417387361 252.02643945413968 554.6499942768579
    vertex 931.8130642598687 251.2499823188321 554.6499942768579
  endloop
endfacet
facet normal -4.421390817900533e-11 2.2000983892953936e-20 1.0
  outer loop
    vertex 939.0630642598685 254.74998224411056 554.6499942768581
    vertex 931.8130642598687 251.2499823188321 554.6499942768579
    vertex 939.0630642598685 247.74998239633726 554.6499942768581
  endloop
endfacet
facet normal 1.0 5.3325923253651514e-09 2.1544829233354834e-09
  outer loop
    vertex 924.813064259869 247.749982406107 554.6499942762281
    vertex 924.8130642317259 254.74998025288718 582.6499957088291
    vertex 924.8130642537384 247.74998118555962 582.6499952127313
  endloop
endfacet
facet normal 1.0 5.3325923253651514e-09 2.1544829233354834e-09
  outer loop
    vertex 924.8130642317259 254.74998025288718 582.6499957088291
    vertex 924.813064259869 247.749982406107 554.6499942762281
    vertex 924.8130642668353 254.74998225388032 554.6499942762281
  endloop
endfacet
facet normal 1.0 5.3325923253651514e-09 2.1544829233354834e-09
  outer loop
    vertex 924.8130642317259 254.74998025288718 582.6499957088291
    vertex 924.8130642668353 254.74998225388032 554.6499942762281
    vertex 924.8130642353686 254.74998088728725 588.6499947721178
  endloop
endfacet
facet normal 1.0 5.3325923253651514e-09 2.1544829233354834e-09
  outer loop
    vertex 924.8130642353686 254.74998088728725 588.6499947721178
    vertex 924.8130642668353 254.74998225388032 554.6499942762281
    vertex 924.8130642687918 269.2499830575866 549.649994504408
  endloop
endfacet
facet normal 1.0 5.3325923253651514e-09 2.1544829233354834e-09
  outer loop
    vertex 924.8130642687918 269.2499830575866 549.649994504408
    vertex 924.8130642668353 254.74998225388032 554.6499942762281
    vertex 924.8130641724057 264.99998301117813 549.6499944333303
  endloop
endfacet
facet normal 1.0 5.3325923253651514e-09 2.1544829233354834e-09
  outer loop
    vertex 924.8130641724057 264.99998301117813 549.6499944333303
    vertex 924.8130642668353 254.74998225388032 554.6499942762281
    vertex 924.8130644423169 254.7499830636556 546.6499943861587
  endloop
endfacet
facet normal 1.0 5.3325923253651514e-09 2.1544829233354834e-09
  outer loop
    vertex 924.8130641724057 264.99998301117813 549.6499944333303
    vertex 924.8130644423169 254.7499830636556 546.6499943861587
    vertex 924.8130642005112 264.9999830047011 546.6499944333302
  endloop
endfacet
facet normal -2.8199612454671986e-08 0.9999999999999993 -2.8199604397625807e-08
  outer loop
    vertex 897.2630643383376 251.74998206025217 566.8499943626231
    vertex 899.6618948184287 251.74998248207476 568.1528093318749
    vertex 902.8630643383377 251.74998237608781 566.8499943626231
  endloop
endfacet
facet normal -2.8199612454671986e-08 0.9999999999999993 -2.8199604397625807e-08
  outer loop
    vertex 899.6618948184287 251.74998248207476 568.1528093318749
    vertex 897.2630643383376 251.74998206025217 566.8499943626231
    vertex 899.2880643383371 251.7499824820748 568.3076549867571
  endloop
endfacet
facet normal -2.8199612454671986e-08 0.9999999999999993 -2.8199604397625807e-08
  outer loop
    vertex 899.2880643383371 251.7499824820748 568.3076549867571
    vertex 897.2630643383376 251.74998206025217 566.8499943626231
    vertex 898.9670488274984 251.749982482075 568.5539788517839
  endloop
endfacet
facet normal -2.8199612454671986e-08 0.9999999999999993 -2.8199604397625807e-08
  outer loop
    vertex 898.9670488274984 251.749982482075 568.5539788517839
    vertex 897.2630643383376 251.74998206025217 566.8499943626231
    vertex 898.7207249624718 251.74998248207498 568.8749943626229
  endloop
endfacet
facet normal -2.8199612454671986e-08 0.9999999999999993 -2.8199604397625807e-08
  outer loop
    vertex 898.7207249624718 251.74998248207498 568.8749943626229
    vertex 897.2630643383376 251.74998206025217 566.8499943626231
    vertex 898.5658793075894 251.74998248207493 569.248824842714
  endloop
endfacet
facet normal -2.8199612454671986e-08 0.9999999999999993 -2.8199604397625807e-08
  outer loop
    vertex 898.5658793075894 251.74998248207493 569.248824842714
    vertex 897.2630643383376 251.74998206025217 566.8499943626231
    vertex 897.2630643383376 251.7499823760878 572.4499943626231
  endloop
endfacet
facet normal -2.8199612454671986e-08 0.9999999999999993 -2.8199604397625807e-08
  outer loop
    vertex 902.8630643383377 251.74998237608781 566.8499943626231
    vertex 899.6618948184287 251.74998248207476 568.1528093318749
    vertex 900.0630643383377 251.7499824820748 568.0999943626229
  endloop
endfacet
facet normal -2.8199612454671986e-08 0.9999999999999993 -2.8199604397625807e-08
  outer loop
    vertex 898.5658793075894 251.74998248207493 569.248824842714
    vertex 897.2630643383376 251.7499823760878 572.4499943626231
    vertex 898.5130643383372 251.7499824820748 569.649994362623
  endloop
endfacet
facet normal -2.8199612454671986e-08 0.9999999999999993 -2.8199604397625807e-08
  outer loop
    vertex 898.5130643383372 251.7499824820748 569.649994362623
    vertex 897.2630643383376 251.7499823760878 572.4499943626231
    vertex 898.5658793075894 251.74998248207498 570.0511638825319
  endloop
endfacet
facet normal -2.8199612454671986e-08 0.9999999999999993 -2.8199604397625807e-08
  outer loop
    vertex 898.5658793075894 251.74998248207498 570.0511638825319
    vertex 897.2630643383376 251.7499823760878 572.4499943626231
    vertex 898.7207249624718 251.74998248207498 570.4249943626229
  endloop
endfacet
facet normal -2.8199612454671986e-08 0.9999999999999993 -2.8199604397625807e-08
  outer loop
    vertex 898.7207249624718 251.74998248207498 570.4249943626229
    vertex 897.2630643383376 251.7499823760878 572.4499943626231
    vertex 898.9670488274984 251.74998248207498 570.7460098734622
  endloop
endfacet
facet normal -2.8199612454671986e-08 0.9999999999999993 -2.8199604397625807e-08
  outer loop
    vertex 898.9670488274984 251.74998248207498 570.7460098734622
    vertex 897.2630643383376 251.7499823760878 572.4499943626231
    vertex 899.2880643383371 251.7499824820748 570.9923337384889
  endloop
endfacet
facet normal -2.8199612454671986e-08 0.9999999999999993 -2.8199604397625807e-08
  outer loop
    vertex 899.2880643383371 251.7499824820748 570.9923337384889
    vertex 897.2630643383376 251.7499823760878 572.4499943626231
    vertex 899.6618948184287 251.74998248207498 571.1471793933712
  endloop
endfacet
facet normal -2.8199612454671986e-08 0.9999999999999993 -2.8199604397625807e-08
  outer loop
    vertex 899.6618948184287 251.74998248207498 571.1471793933712
    vertex 897.2630643383376 251.7499823760878 572.4499943626231
    vertex 900.0630643383377 251.7499824820748 571.1999943626229
  endloop
endfacet
facet normal -2.8199612454671986e-08 0.9999999999999993 -2.8199604397625807e-08
  outer loop
    vertex 902.8630643383377 251.74998237608781 566.8499943626231
    vertex 901.5602493690859 251.74998248207493 569.248824842714
    vertex 902.8630643383377 251.7499823760878 572.4499943626231
  endloop
endfacet
facet normal -2.8199612454671986e-08 0.9999999999999993 -2.8199604397625807e-08
  outer loop
    vertex 901.5602493690859 251.74998248207493 569.248824842714
    vertex 902.8630643383377 251.74998237608781 566.8499943626231
    vertex 901.4054037142035 251.74998248207498 568.8749943626229
  endloop
endfacet
facet normal -2.8199612454671986e-08 0.9999999999999993 -2.8199604397625807e-08
  outer loop
    vertex 901.4054037142035 251.74998248207498 568.8749943626229
    vertex 902.8630643383377 251.74998237608781 566.8499943626231
    vertex 901.1590798491761 251.749982482075 568.5539788517839
  endloop
endfacet
facet normal -2.8199612454671986e-08 0.9999999999999993 -2.8199604397625807e-08
  outer loop
    vertex 901.1590798491761 251.749982482075 568.5539788517839
    vertex 902.8630643383377 251.74998237608781 566.8499943626231
    vertex 900.8380643383375 251.7499824820748 568.3076549867571
  endloop
endfacet
facet normal -2.8199612454671986e-08 0.9999999999999993 -2.8199604397625807e-08
  outer loop
    vertex 900.8380643383375 251.7499824820748 568.3076549867571
    vertex 902.8630643383377 251.74998237608781 566.8499943626231
    vertex 900.4642338582466 251.74998248207476 568.1528093318749
  endloop
endfacet
facet normal -2.8199612454671986e-08 0.9999999999999993 -2.8199604397625807e-08
  outer loop
    vertex 900.4642338582466 251.74998248207476 568.1528093318749
    vertex 902.8630643383377 251.74998237608781 566.8499943626231
    vertex 900.0630643383377 251.7499824820748 568.0999943626229
  endloop
endfacet
facet normal -2.8199612454671986e-08 0.9999999999999993 -2.8199604397625807e-08
  outer loop
    vertex 902.8630643383377 251.7499823760878 572.4499943626231
    vertex 901.5602493690859 251.74998248207493 569.248824842714
    vertex 901.6130643383373 251.7499824820748 569.649994362623
  endloop
endfacet
facet normal -2.8199612454671986e-08 0.9999999999999993 -2.8199604397625807e-08
  outer loop
    vertex 902.8630643383377 251.7499823760878 572.4499943626231
    vertex 901.6130643383373 251.7499824820748 569.649994362623
    vertex 901.5602493690859 251.74998248207498 570.0511638825319
  endloop
endfacet
facet normal -2.8199612454671986e-08 0.9999999999999993 -2.8199604397625807e-08
  outer loop
    vertex 902.8630643383377 251.7499823760878 572.4499943626231
    vertex 901.5602493690859 251.74998248207498 570.0511638825319
    vertex 901.4054037142035 251.74998248207498 570.4249943626229
  endloop
endfacet
facet normal -2.8199612454671986e-08 0.9999999999999993 -2.8199604397625807e-08
  outer loop
    vertex 902.8630643383377 251.7499823760878 572.4499943626231
    vertex 901.4054037142035 251.74998248207498 570.4249943626229
    vertex 901.1590798491761 251.74998248207498 570.7460098734622
  endloop
endfacet
facet normal -2.8199612454671986e-08 0.9999999999999993 -2.8199604397625807e-08
  outer loop
    vertex 902.8630643383377 251.7499823760878 572.4499943626231
    vertex 901.1590798491761 251.74998248207498 570.7460098734622
    vertex 900.8380643383375 251.7499824820748 570.9923337384889
  endloop
endfacet
facet normal -2.8199612454671986e-08 0.9999999999999993 -2.8199604397625807e-08
  outer loop
    vertex 902.8630643383377 251.7499823760878 572.4499943626231
    vertex 900.8380643383375 251.7499824820748 570.9923337384889
    vertex 900.4642338582466 251.74998248207498 571.1471793933712
  endloop
endfacet
facet normal -2.8199612454671986e-08 0.9999999999999993 -2.8199604397625807e-08
  outer loop
    vertex 902.8630643383377 251.7499823760878 572.4499943626231
    vertex 900.4642338582466 251.74998248207498 571.1471793933712
    vertex 900.0630643383377 251.7499824820748 571.1999943626229
  endloop
endfacet
facet normal -2.8199612454671986e-08 0.9999999999999993 -2.8199604397625807e-08
  outer loop
    vertex 902.8630643383377 251.7499823760878 572.4499943626231
    vertex 900.0630643383377 251.7499824820748 571.1999943626229
    vertex 897.2630643383376 251.7499823760878 572.4499943626231
  endloop
endfacet
facet normal -0.9999999999999996 -2.8199544506909095e-08 -2.265702658999532e-22
  outer loop
    vertex 902.8630642537391 254.7499823760878 572.4499942780243
    vertex 902.8630643383377 251.74998237608781 566.8499943626231
    vertex 902.8630643383377 251.7499823760878 572.4499943626231
  endloop
endfacet
facet normal -0.9999999999999996 -2.8199544506909095e-08 -2.265702658999532e-22
  outer loop
    vertex 902.8630643383377 251.74998237608781 566.8499943626231
    vertex 902.8630642537391 254.7499823760878 572.4499942780243
    vertex 902.8630642537391 254.74998237608781 566.8499942780243
  endloop
endfacet
facet normal -1.5904358462489601e-15 2.8199604666194004e-08 0.9999999999999996
  outer loop
    vertex 897.2630643383376 251.74998206025217 566.8499943626231
    vertex 902.8630642537391 254.74998237608781 566.8499942780243
    vertex 897.2630642537389 254.74998206025217 566.8499942780243
  endloop
endfacet
facet normal -1.5904358462489601e-15 2.8199604666194004e-08 0.9999999999999996
  outer loop
    vertex 902.8630642537391 254.74998237608781 566.8499942780243
    vertex 897.2630643383376 251.74998206025217 566.8499943626231
    vertex 902.8630643383377 251.74998237608781 566.8499943626231
  endloop
endfacet
facet normal 0.9999999999999996 2.8199544506909052e-08 -1.590432226150545e-15
  outer loop
    vertex 897.2630642537389 254.74998206025217 566.8499942780243
    vertex 897.2630643383376 251.7499823760878 572.4499943626231
    vertex 897.2630643383376 251.74998206025217 566.8499943626231
  endloop
endfacet
facet normal 0.9999999999999996 2.8199544506909052e-08 -1.590432226150545e-15
  outer loop
    vertex 897.2630643383376 251.7499823760878 572.4499943626231
    vertex 897.2630642537389 254.74998206025217 566.8499942780243
    vertex 897.2630642537389 254.7499823760878 572.4499942780243
  endloop
endfacet
facet normal 5.912096981918908e-25 -2.8199604666194047e-08 -0.9999999999999996
  outer loop
    vertex 902.8630642537391 254.7499823760878 572.4499942780243
    vertex 897.2630643383376 251.7499823760878 572.4499943626231
    vertex 897.2630642537389 254.7499823760878 572.4499942780243
  endloop
endfacet
facet normal 5.912096981918908e-25 -2.8199604666194047e-08 -0.9999999999999996
  outer loop
    vertex 897.2630643383376 251.7499823760878 572.4499943626231
    vertex 902.8630642537391 254.7499823760878 572.4499942780243
    vertex 902.8630643383377 251.7499823760878 572.4499943626231
  endloop
endfacet
facet normal 6.514283715627303e-09 1.0 6.514291772674606e-09
  outer loop
    vertex 940.7630642341956 251.74998249835608 566.8499942584814
    vertex 943.1618947142866 251.7499824820702 568.1528092277332
    vertex 946.3630642341957 251.7499824253961 566.8499942584814
  endloop
endfacet
facet normal 6.514283715627303e-09 1.0 6.514291772674606e-09
  outer loop
    vertex 943.1618947142866 251.7499824820702 568.1528092277332
    vertex 940.7630642341956 251.74998249835608 566.8499942584814
    vertex 942.7880642341958 251.7499824820703 568.3076548826153
  endloop
endfacet
facet normal 6.514283715627303e-09 1.0 6.514291772674606e-09
  outer loop
    vertex 942.7880642341958 251.7499824820703 568.3076548826153
    vertex 940.7630642341956 251.74998249835608 566.8499942584814
    vertex 942.4670487233564 251.7499824820703 568.5539787476422
  endloop
endfacet
facet normal 6.514283715627303e-09 1.0 6.514291772674606e-09
  outer loop
    vertex 942.4670487233564 251.7499824820703 568.5539787476422
    vertex 940.7630642341956 251.74998249835608 566.8499942584814
    vertex 942.2207248583297 251.7499824820703 568.8749942584814
  endloop
endfacet
facet normal 6.514283715627303e-09 1.0 6.514291772674606e-09
  outer loop
    vertex 942.2207248583297 251.7499824820703 568.8749942584814
    vertex 940.7630642341956 251.74998249835608 566.8499942584814
    vertex 942.0658792034474 251.7499824820703 569.2488247385722
  endloop
endfacet
facet normal 6.514283715627303e-09 1.0 6.514291772674606e-09
  outer loop
    vertex 942.0658792034474 251.7499824820703 569.2488247385722
    vertex 940.7630642341956 251.74998249835608 566.8499942584814
    vertex 940.7630642341956 251.74998242539604 572.4499942584814
  endloop
endfacet
facet normal 6.514283715627303e-09 1.0 6.514291772674606e-09
  outer loop
    vertex 946.3630642341957 251.7499824253961 566.8499942584814
    vertex 943.1618947142866 251.7499824820702 568.1528092277332
    vertex 943.5630642341956 251.7499824820702 568.0999942584812
  endloop
endfacet
facet normal 6.514283715627303e-09 1.0 6.514291772674606e-09
  outer loop
    vertex 942.0658792034474 251.7499824820703 569.2488247385722
    vertex 940.7630642341956 251.74998242539604 572.4499942584814
    vertex 942.0130642341952 251.7499824820703 569.6499942584812
  endloop
endfacet
facet normal 6.514283715627303e-09 1.0 6.514291772674606e-09
  outer loop
    vertex 942.0130642341952 251.7499824820703 569.6499942584812
    vertex 940.7630642341956 251.74998242539604 572.4499942584814
    vertex 942.0658792034474 251.74998248207024 570.0511637783902
  endloop
endfacet
facet normal 6.514283715627303e-09 1.0 6.514291772674606e-09
  outer loop
    vertex 942.0658792034474 251.74998248207024 570.0511637783902
    vertex 940.7630642341956 251.74998242539604 572.4499942584814
    vertex 942.2207248583297 251.74998248207032 570.4249942584811
  endloop
endfacet
facet normal 6.514283715627303e-09 1.0 6.514291772674606e-09
  outer loop
    vertex 942.2207248583297 251.74998248207032 570.4249942584811
    vertex 940.7630642341956 251.74998242539604 572.4499942584814
    vertex 942.4670487233564 251.74998248207024 570.7460097693203
  endloop
endfacet
facet normal 6.514283715627303e-09 1.0 6.514291772674606e-09
  outer loop
    vertex 942.4670487233564 251.74998248207024 570.7460097693203
    vertex 940.7630642341956 251.74998242539604 572.4499942584814
    vertex 942.7880642341958 251.74998248207032 570.9923336343471
  endloop
endfacet
facet normal 6.514283715627303e-09 1.0 6.514291772674606e-09
  outer loop
    vertex 942.7880642341958 251.74998248207032 570.9923336343471
    vertex 940.7630642341956 251.74998242539604 572.4499942584814
    vertex 943.1618947142866 251.74998248207044 571.1471792892293
  endloop
endfacet
facet normal 6.514283715627303e-09 1.0 6.514291772674606e-09
  outer loop
    vertex 943.1618947142866 251.74998248207044 571.1471792892293
    vertex 940.7630642341956 251.74998242539604 572.4499942584814
    vertex 943.5630642341956 251.74998248207015 571.1999942584812
  endloop
endfacet
facet normal 6.514283715627303e-09 1.0 6.514291772674606e-09
  outer loop
    vertex 946.3630642341957 251.7499824253961 566.8499942584814
    vertex 945.0602492649431 251.7499824820703 569.2488247385722
    vertex 946.3630642341957 251.74998242539604 572.4499942584814
  endloop
endfacet
facet normal 6.514283715627303e-09 1.0 6.514291772674606e-09
  outer loop
    vertex 945.0602492649431 251.7499824820703 569.2488247385722
    vertex 946.3630642341957 251.7499824253961 566.8499942584814
    vertex 944.9054036100615 251.7499824820703 568.8749942584814
  endloop
endfacet
facet normal 6.514283715627303e-09 1.0 6.514291772674606e-09
  outer loop
    vertex 944.9054036100615 251.7499824820703 568.8749942584814
    vertex 946.3630642341957 251.7499824253961 566.8499942584814
    vertex 944.6590797450349 251.7499824820703 568.5539787476422
  endloop
endfacet
facet normal 6.514283715627303e-09 1.0 6.514291772674606e-09
  outer loop
    vertex 944.6590797450349 251.7499824820703 568.5539787476422
    vertex 946.3630642341957 251.7499824253961 566.8499942584814
    vertex 944.3380642341955 251.7499824820703 568.3076548826153
  endloop
endfacet
facet normal 6.514283715627303e-09 1.0 6.514291772674606e-09
  outer loop
    vertex 944.3380642341955 251.7499824820703 568.3076548826153
    vertex 946.3630642341957 251.7499824253961 566.8499942584814
    vertex 943.9642337541046 251.7499824820702 568.1528092277332
  endloop
endfacet
facet normal 6.514283715627303e-09 1.0 6.514291772674606e-09
  outer loop
    vertex 943.9642337541046 251.7499824820702 568.1528092277332
    vertex 946.3630642341957 251.7499824253961 566.8499942584814
    vertex 943.5630642341956 251.7499824820702 568.0999942584812
  endloop
endfacet
facet normal 6.514283715627303e-09 1.0 6.514291772674606e-09
  outer loop
    vertex 946.3630642341957 251.74998242539604 572.4499942584814
    vertex 945.0602492649431 251.7499824820703 569.2488247385722
    vertex 945.1130642341952 251.7499824820703 569.6499942584812
  endloop
endfacet
facet normal 6.514283715627303e-09 1.0 6.514291772674606e-09
  outer loop
    vertex 946.3630642341957 251.74998242539604 572.4499942584814
    vertex 945.1130642341952 251.7499824820703 569.6499942584812
    vertex 945.0602492649431 251.74998248207024 570.0511637783902
  endloop
endfacet
facet normal 6.514283715627303e-09 1.0 6.514291772674606e-09
  outer loop
    vertex 946.3630642341957 251.74998242539604 572.4499942584814
    vertex 945.0602492649431 251.74998248207024 570.0511637783902
    vertex 944.9054036100615 251.74998248207032 570.4249942584811
  endloop
endfacet
facet normal 6.514283715627303e-09 1.0 6.514291772674606e-09
  outer loop
    vertex 946.3630642341957 251.74998242539604 572.4499942584814
    vertex 944.9054036100615 251.74998248207032 570.4249942584811
    vertex 944.6590797450349 251.74998248207024 570.7460097693203
  endloop
endfacet
facet normal 6.514283715627303e-09 1.0 6.514291772674606e-09
  outer loop
    vertex 946.3630642341957 251.74998242539604 572.4499942584814
    vertex 944.6590797450349 251.74998248207024 570.7460097693203
    vertex 944.3380642341955 251.74998248207032 570.9923336343471
  endloop
endfacet
facet normal 6.514283715627303e-09 1.0 6.514291772674606e-09
  outer loop
    vertex 946.3630642341957 251.74998242539604 572.4499942584814
    vertex 944.3380642341955 251.74998248207032 570.9923336343471
    vertex 943.9642337541046 251.74998248207044 571.1471792892293
  endloop
endfacet
facet normal 6.514283715627303e-09 1.0 6.514291772674606e-09
  outer loop
    vertex 946.3630642341957 251.74998242539604 572.4499942584814
    vertex 943.9642337541046 251.74998248207044 571.1471792892293
    vertex 943.5630642341956 251.74998248207015 571.1999942584812
  endloop
endfacet
facet normal 6.514283715627303e-09 1.0 6.514291772674606e-09
  outer loop
    vertex 946.3630642341957 251.74998242539604 572.4499942584814
    vertex 943.5630642341956 251.74998248207015 571.1999942584812
    vertex 940.7630642341956 251.74998242539604 572.4499942584814
  endloop
endfacet
facet normal -1.0 6.514288012719299e-09 5.2375948022572686e-23
  outer loop
    vertex 946.3630642537386 254.74998242539604 572.4499942780243
    vertex 946.3630642341957 251.7499824253961 566.8499942584814
    vertex 946.3630642341957 251.74998242539604 572.4499942584814
  endloop
endfacet
facet normal -1.0 6.514288012719299e-09 5.2375948022572686e-23
  outer loop
    vertex 946.3630642341957 251.7499824253961 566.8499942584814
    vertex 946.3630642537386 254.74998242539604 572.4499942780243
    vertex 946.3630642537386 254.7499824253961 566.8499942780243
  endloop
endfacet
facet normal -8.487184149412639e-17 -6.514288012719301e-09 1.0
  outer loop
    vertex 946.3630642341957 251.7499824253961 566.8499942584814
    vertex 940.7630642537384 254.74998249835608 566.8499942780243
    vertex 940.7630642341956 251.74998249835608 566.8499942584814
  endloop
endfacet
facet normal -8.487184149412639e-17 -6.514288012719301e-09 1.0
  outer loop
    vertex 940.7630642537384 254.74998249835608 566.8499942780243
    vertex 946.3630642341957 251.7499824253961 566.8499942584814
    vertex 944.3130642256322 254.74998245210463 566.8499942780243
  endloop
endfacet
facet normal -8.487184149412639e-17 -6.514288012719301e-09 1.0
  outer loop
    vertex 944.3130642256322 254.74998245210463 566.8499942780243
    vertex 946.3630642341957 251.7499824253961 566.8499942584814
    vertex 946.3630642537386 254.7499824253961 566.8499942780243
  endloop
endfacet
facet normal 1.0 -6.514288012719297e-09 -8.487189300529448e-17
  outer loop
    vertex 940.7630642341956 251.74998249835608 566.8499942584814
    vertex 940.7630642537384 254.74998242539604 572.4499942780243
    vertex 940.7630642341956 251.74998242539604 572.4499942584814
  endloop
endfacet
facet normal 1.0 -6.514288012719297e-09 -8.487189300529448e-17
  outer loop
    vertex 940.7630642537384 254.74998242539604 572.4499942780243
    vertex 940.7630642341956 251.74998249835608 566.8499942584814
    vertex 940.7630642537384 254.74998249835608 566.8499942780243
  endloop
endfacet
facet normal -4.8653385121041996e-26 6.514288012719297e-09 -1.0
  outer loop
    vertex 940.7630642537384 254.74998242539604 572.4499942780243
    vertex 946.3630642341957 251.74998242539604 572.4499942584814
    vertex 940.7630642341956 251.74998242539604 572.4499942584814
  endloop
endfacet
facet normal -4.8653385121041996e-26 6.514288012719297e-09 -1.0
  outer loop
    vertex 946.3630642341957 251.74998242539604 572.4499942584814
    vertex 940.7630642537384 254.74998242539604 572.4499942780243
    vertex 946.3630642537386 254.74998242539604 572.4499942780243
  endloop
endfacet
facet normal 0.0 0.0 1.0
  outer loop
    vertex 911.915286781089 250.47352518352463 551.6499942780241
    vertex 911.915286781089 252.02643945413976 551.6499942780241
    vertex 911.8130642599564 251.2499823188322 551.6499942780241
  endloop
endfacet
facet normal 0.0 0.0 1.0
  outer loop
    vertex 911.915286781089 252.02643945413976 551.6499942780241
    vertex 911.915286781089 250.47352518352463 551.6499942780241
    vertex 912.2149880486029 249.74998231883217 551.6499942780241
  endloop
endfacet
facet normal 0.0 0.0 1.0
  outer loop
    vertex 911.915286781089 252.02643945413976 551.6499942780241
    vertex 912.2149880486029 249.74998231883217 551.6499942780241
    vertex 912.2149880486029 252.74998231883222 551.6499942780241
  endloop
endfacet
facet normal 0.0 0.0 1.0
  outer loop
    vertex 912.2149880486029 252.74998231883222 551.6499942780241
    vertex 912.2149880486029 249.74998231883217 551.6499942780241
    vertex 912.6917439163967 249.12866197527254 551.6499942780241
  endloop
endfacet
facet normal 0.0 0.0 1.0
  outer loop
    vertex 912.2149880486029 252.74998231883222 551.6499942780241
    vertex 912.6917439163967 249.12866197527254 551.6499942780241
    vertex 912.6917439163967 253.37130266239188 551.6499942780241
  endloop
endfacet
facet normal 0.0 0.0 1.0
  outer loop
    vertex 912.6917439163967 253.37130266239188 551.6499942780241
    vertex 912.6917439163967 249.12866197527254 551.6499942780241
    vertex 913.313064259956 248.65190610747885 551.6499942780241
  endloop
endfacet
facet normal 0.0 0.0 1.0
  outer loop
    vertex 912.6917439163967 253.37130266239188 551.6499942780241
    vertex 913.313064259956 248.65190610747885 551.6499942780241
    vertex 913.263064259956 251.2499823188322 551.6499942780241
  endloop
endfacet
facet normal 0.0 0.0 1.0
  outer loop
    vertex 913.263064259956 251.2499823188322 551.6499942780241
    vertex 913.313064259956 248.65190610747885 551.6499942780241
    vertex 913.3158792292081 250.8488127989234 551.6499942780241
  endloop
endfacet
facet normal 0.0 0.0 1.0
  outer loop
    vertex 913.3158792292081 250.8488127989234 551.6499942780241
    vertex 913.313064259956 248.65190610747885 551.6499942780241
    vertex 914.0366071246486 248.35220483996494 551.6499942780241
  endloop
endfacet
facet normal 0.0 0.0 1.0
  outer loop
    vertex 913.3158792292081 250.8488127989234 551.6499942780241
    vertex 914.0366071246486 248.35220483996494 551.6499942780241
    vertex 913.4707248840905 250.47498231883236 551.649994278024
  endloop
endfacet
facet normal 0.0 0.0 1.0
  outer loop
    vertex 913.4707248840905 250.47498231883236 551.649994278024
    vertex 914.0366071246486 248.35220483996494 551.6499942780241
    vertex 913.7170487491171 250.15396680799304 551.649994278024
  endloop
endfacet
facet normal 0.0 0.0 1.0
  outer loop
    vertex 913.7170487491171 250.15396680799304 551.649994278024
    vertex 914.0366071246486 248.35220483996494 551.6499942780241
    vertex 914.0380642599565 249.90764294296642 551.649994278024
  endloop
endfacet
facet normal 0.0 0.0 1.0
  outer loop
    vertex 914.0380642599565 249.90764294296642 551.649994278024
    vertex 914.0366071246486 248.35220483996494 551.6499942780241
    vertex 914.8130642599564 248.24998231883217 551.6499942780241
  endloop
endfacet
facet normal 0.0 0.0 1.0
  outer loop
    vertex 914.0380642599565 249.90764294296642 551.649994278024
    vertex 914.8130642599564 248.24998231883217 551.6499942780241
    vertex 914.4118947400474 249.7527972880842 551.6499942780241
  endloop
endfacet
facet normal 0.0 0.0 1.0
  outer loop
    vertex 914.4118947400474 249.7527972880842 551.6499942780241
    vertex 914.8130642599564 248.24998231883217 551.6499942780241
    vertex 914.8130642599564 249.69998231883227 551.6499942780241
  endloop
endfacet
facet normal 0.0 0.0 1.0
  outer loop
    vertex 914.8130642599564 249.69998231883227 551.6499942780241
    vertex 914.8130642599564 248.24998231883217 551.6499942780241
    vertex 915.5895213952641 248.35220483996494 551.6499942780241
  endloop
endfacet
facet normal 0.0 0.0 1.0
  outer loop
    vertex 914.8130642599564 249.69998231883227 551.6499942780241
    vertex 915.5895213952641 248.35220483996494 551.6499942780241
    vertex 915.2142337798654 249.7527972880842 551.6499942780241
  endloop
endfacet
facet normal 0.0 0.0 1.0
  outer loop
    vertex 915.2142337798654 249.7527972880842 551.6499942780241
    vertex 915.5895213952641 248.35220483996494 551.6499942780241
    vertex 915.5880642599562 249.90764294296642 551.649994278024
  endloop
endfacet
facet normal 0.0 0.0 1.0
  outer loop
    vertex 915.5880642599562 249.90764294296642 551.649994278024
    vertex 915.5895213952641 248.35220483996494 551.6499942780241
    vertex 915.9090797707956 250.15396680799304 551.649994278024
  endloop
endfacet
facet normal 0.0 0.0 1.0
  outer loop
    vertex 915.9090797707956 250.15396680799304 551.649994278024
    vertex 915.5895213952641 248.35220483996494 551.6499942780241
    vertex 916.3130642599567 248.65190610747885 551.6499942780241
  endloop
endfacet
facet normal 0.0 0.0 1.0
  outer loop
    vertex 915.9090797707956 250.15396680799304 551.649994278024
    vertex 916.3130642599567 248.65190610747885 551.6499942780241
    vertex 916.1554036358223 250.47498231883236 551.649994278024
  endloop
endfacet
facet normal 0.0 0.0 1.0
  outer loop
    vertex 916.1554036358223 250.47498231883236 551.649994278024
    vertex 916.3130642599567 248.65190610747885 551.6499942780241
    vertex 916.3102492907046 250.8488127989234 551.6499942780241
  endloop
endfacet
facet normal 0.0 0.0 1.0
  outer loop
    vertex 916.3102492907046 250.8488127989234 551.6499942780241
    vertex 916.3130642599567 248.65190610747885 551.6499942780241
    vertex 916.3630642599568 251.2499823188322 551.6499942780241
  endloop
endfacet
facet normal 0.0 0.0 1.0
  outer loop
    vertex 916.3630642599568 251.2499823188322 551.6499942780241
    vertex 916.3130642599567 248.65190610747885 551.6499942780241
    vertex 916.9343846035159 249.1286619752725 551.6499942780241
  endloop
endfacet
facet normal 0.0 0.0 1.0
  outer loop
    vertex 913.263064259956 251.2499823188322 551.6499942780241
    vertex 913.313064259956 253.84805853018554 551.6499942780241
    vertex 912.6917439163967 253.37130266239188 551.6499942780241
  endloop
endfacet
facet normal 0.0 0.0 1.0
  outer loop
    vertex 913.313064259956 253.84805853018554 551.6499942780241
    vertex 913.263064259956 251.2499823188322 551.6499942780241
    vertex 913.3158792292081 251.65115183874116 551.6499942780243
  endloop
endfacet
facet normal 0.0 0.0 1.0
  outer loop
    vertex 913.313064259956 253.84805853018554 551.6499942780241
    vertex 913.3158792292081 251.65115183874116 551.6499942780243
    vertex 914.0366071246486 254.14775979769945 551.6499942780241
  endloop
endfacet
facet normal 0.0 0.0 1.0
  outer loop
    vertex 914.0366071246486 254.14775979769945 551.6499942780241
    vertex 913.3158792292081 251.65115183874116 551.6499942780243
    vertex 913.4707248840905 252.0249823188323 551.6499942780242
  endloop
endfacet
facet normal 0.0 0.0 1.0
  outer loop
    vertex 914.0366071246486 254.14775979769945 551.6499942780241
    vertex 913.4707248840905 252.0249823188323 551.6499942780242
    vertex 913.7170487491171 252.3459978296714 551.6499942780243
  endloop
endfacet
facet normal 0.0 0.0 1.0
  outer loop
    vertex 914.0366071246486 254.14775979769945 551.6499942780241
    vertex 913.7170487491171 252.3459978296714 551.6499942780243
    vertex 914.0380642599565 252.59232169469806 551.6499942780241
  endloop
endfacet
facet normal 0.0 0.0 1.0
  outer loop
    vertex 914.0366071246486 254.14775979769945 551.6499942780241
    vertex 914.0380642599565 252.59232169469806 551.6499942780241
    vertex 914.8130642599564 254.24998231883222 551.6499942780241
  endloop
endfacet
facet normal 0.0 0.0 1.0
  outer loop
    vertex 914.8130642599564 254.24998231883222 551.6499942780241
    vertex 914.0380642599565 252.59232169469806 551.6499942780241
    vertex 914.4118947400474 252.74716734958034 551.649994278024
  endloop
endfacet
facet normal 0.0 0.0 1.0
  outer loop
    vertex 914.8130642599564 254.24998231883222 551.6499942780241
    vertex 914.4118947400474 252.74716734958034 551.649994278024
    vertex 914.8130642599564 252.79998231883238 551.6499942780241
  endloop
endfacet
facet normal 0.0 0.0 1.0
  outer loop
    vertex 914.8130642599564 254.24998231883222 551.6499942780241
    vertex 914.8130642599564 252.79998231883238 551.6499942780241
    vertex 915.2142337798654 252.74716734958034 551.649994278024
  endloop
endfacet
facet normal 0.0 0.0 1.0
  outer loop
    vertex 914.8130642599564 254.24998231883222 551.6499942780241
    vertex 915.2142337798654 252.74716734958034 551.649994278024
    vertex 915.5895213952641 254.14775979769945 551.6499942780241
  endloop
endfacet
facet normal 0.0 0.0 1.0
  outer loop
    vertex 915.5895213952641 254.14775979769945 551.6499942780241
    vertex 915.2142337798654 252.74716734958034 551.649994278024
    vertex 915.5880642599562 252.59232169469806 551.6499942780241
  endloop
endfacet
facet normal 0.0 0.0 1.0
  outer loop
    vertex 915.5895213952641 254.14775979769945 551.6499942780241
    vertex 915.5880642599562 252.59232169469806 551.6499942780241
    vertex 915.9090797707956 252.3459978296714 551.6499942780243
  endloop
endfacet
facet normal 0.0 0.0 1.0
  outer loop
    vertex 915.5895213952641 254.14775979769945 551.6499942780241
    vertex 915.9090797707956 252.3459978296714 551.6499942780243
    vertex 916.3130642599567 253.84805853018554 551.6499942780241
  endloop
endfacet
facet normal 0.0 0.0 1.0
  outer loop
    vertex 916.3130642599567 253.84805853018554 551.6499942780241
    vertex 915.9090797707956 252.3459978296714 551.6499942780243
    vertex 916.1554036358223 252.0249823188323 551.6499942780242
  endloop
endfacet
facet normal 0.0 0.0 1.0
  outer loop
    vertex 916.3130642599567 253.84805853018554 551.6499942780241
    vertex 916.1554036358223 252.0249823188323 551.6499942780242
    vertex 916.3102492907046 251.65115183874116 551.6499942780243
  endloop
endfacet
facet normal 0.0 0.0 1.0
  outer loop
    vertex 916.3130642599567 253.84805853018554 551.6499942780241
    vertex 916.3102492907046 251.65115183874116 551.6499942780243
    vertex 916.3630642599568 251.2499823188322 551.6499942780241
  endloop
endfacet
facet normal 0.0 0.0 1.0
  outer loop
    vertex 916.3130642599567 253.84805853018554 551.6499942780241
    vertex 916.3630642599568 251.2499823188322 551.6499942780241
    vertex 916.9343846035159 253.37130266239186 551.6499942780241
  endloop
endfacet
facet normal 0.0 0.0 1.0
  outer loop
    vertex 916.9343846035159 253.37130266239186 551.6499942780241
    vertex 916.3630642599568 251.2499823188322 551.6499942780241
    vertex 916.9343846035159 249.1286619752725 551.6499942780241
  endloop
endfacet
facet normal 0.0 0.0 1.0
  outer loop
    vertex 916.9343846035159 253.37130266239186 551.6499942780241
    vertex 916.9343846035159 249.1286619752725 551.6499942780241
    vertex 917.4111404713099 249.74998231883217 551.6499942780241
  endloop
endfacet
facet normal 0.0 0.0 1.0
  outer loop
    vertex 916.9343846035159 253.37130266239186 551.6499942780241
    vertex 917.4111404713099 249.74998231883217 551.6499942780241
    vertex 917.4111404713099 252.74998231883222 551.6499942780241
  endloop
endfacet
facet normal 0.0 0.0 1.0
  outer loop
    vertex 917.4111404713099 252.74998231883222 551.6499942780241
    vertex 917.4111404713099 249.74998231883217 551.6499942780241
    vertex 917.7108417388238 250.47352518352463 551.6499942780241
  endloop
endfacet
facet normal 0.0 0.0 1.0
  outer loop
    vertex 917.4111404713099 252.74998231883222 551.6499942780241
    vertex 917.7108417388238 250.47352518352463 551.6499942780241
    vertex 917.7108417388238 252.02643945413976 551.6499942780241
  endloop
endfacet
facet normal 0.0 0.0 1.0
  outer loop
    vertex 917.7108417388238 252.02643945413976 551.6499942780241
    vertex 917.7108417388238 250.47352518352463 551.6499942780241
    vertex 917.8130642599564 251.2499823188322 551.6499942780241
  endloop
endfacet
facet normal 0.9914448613738037 0.13052619222010214 0.0
  outer loop
    vertex 911.8130642599564 251.2499823188322 551.6499942780241
    vertex 911.9152867810211 250.47352518352463 554.6499942599905
    vertex 911.915286781089 250.47352518352463 551.6499942780241
  endloop
endfacet
facet normal 0.9914448613738037 0.13052619222010214 0.0
  outer loop
    vertex 911.9152867810211 250.47352518352463 554.6499942599905
    vertex 911.8130642599564 251.2499823188322 551.6499942780241
    vertex 911.8130642598885 251.24998231883225 554.6499942599905
  endloop
endfacet
facet normal 0.9238795325113048 0.382683432365046 0.0
  outer loop
    vertex 911.915286781089 250.47352518352463 551.6499942780241
    vertex 912.214988048535 249.74998231883222 554.6499942599905
    vertex 912.2149880486029 249.74998231883217 551.6499942780241
  endloop
endfacet
facet normal 0.9238795325113048 0.382683432365046 0.0
  outer loop
    vertex 912.214988048535 249.74998231883222 554.6499942599905
    vertex 911.915286781089 250.47352518352463 551.6499942780241
    vertex 911.9152867810211 250.47352518352463 554.6499942599905
  endloop
endfacet
facet normal 0.7933533402911853 0.6087614290087855 0.0
  outer loop
    vertex 912.2149880486029 249.74998231883217 551.6499942780241
    vertex 912.691743916329 249.12866197527254 554.6499942599905
    vertex 912.6917439163967 249.12866197527254 551.6499942780241
  endloop
endfacet
facet normal 0.7933533402911853 0.6087614290087855 0.0
  outer loop
    vertex 912.691743916329 249.12866197527254 554.6499942599905
    vertex 912.2149880486029 249.74998231883217 551.6499942780241
    vertex 912.214988048535 249.74998231883222 554.6499942599905
  endloop
endfacet
facet normal 0.608761429008777 0.7933533402911919 0.0
  outer loop
    vertex 912.691743916329 249.12866197527254 554.6499942599905
    vertex 913.313064259956 248.65190610747885 551.6499942780241
    vertex 912.6917439163967 249.12866197527254 551.6499942780241
  endloop
endfacet
facet normal 0.608761429008777 0.7933533402911919 0.0
  outer loop
    vertex 913.313064259956 248.65190610747885 551.6499942780241
    vertex 912.691743916329 249.12866197527254 554.6499942599905
    vertex 913.3130642598882 248.6519061074789 554.6499942599905
  endloop
endfacet
facet normal 0.3826834323651156 0.9238795325112762 0.0
  outer loop
    vertex 913.3130642598882 248.6519061074789 554.6499942599905
    vertex 914.0366071246486 248.35220483996494 551.6499942780241
    vertex 913.313064259956 248.65190610747885 551.6499942780241
  endloop
endfacet
facet normal 0.3826834323651156 0.9238795325112762 0.0
  outer loop
    vertex 914.0366071246486 248.35220483996494 551.6499942780241
    vertex 913.3130642598882 248.6519061074789 554.6499942599905
    vertex 914.0366071245808 248.35220483996494 554.6499942599905
  endloop
endfacet
facet normal 0.13052619222003808 0.9914448613738123 0.0
  outer loop
    vertex 914.0366071245808 248.35220483996494 554.6499942599905
    vertex 914.8130642599564 248.24998231883217 551.6499942780241
    vertex 914.0366071246486 248.35220483996494 551.6499942780241
  endloop
endfacet
facet normal 0.13052619222003808 0.9914448613738123 0.0
  outer loop
    vertex 914.8130642599564 248.24998231883217 551.6499942780241
    vertex 914.0366071245808 248.35220483996494 554.6499942599905
    vertex 914.8130642598885 248.2499823188322 554.6499942599905
  endloop
endfacet
facet normal -0.13052619222003808 0.9914448613738123 0.0
  outer loop
    vertex 914.8130642598885 248.2499823188322 554.6499942599905
    vertex 915.5895213952641 248.35220483996494 551.6499942780241
    vertex 914.8130642599564 248.24998231883217 551.6499942780241
  endloop
endfacet
facet normal -0.13052619222003808 0.9914448613738123 0.0
  outer loop
    vertex 915.5895213952641 248.35220483996494 551.6499942780241
    vertex 914.8130642598885 248.2499823188322 554.6499942599905
    vertex 915.5895213951962 248.35220483996494 554.6499942599905
  endloop
endfacet
facet normal -0.3826834323651156 0.9238795325112762 0.0
  outer loop
    vertex 915.5895213951962 248.35220483996494 554.6499942599905
    vertex 916.3130642599567 248.65190610747885 551.6499942780241
    vertex 915.5895213952641 248.35220483996494 551.6499942780241
  endloop
endfacet
facet normal -0.3826834323651156 0.9238795325112762 0.0
  outer loop
    vertex 916.3130642599567 248.65190610747885 551.6499942780241
    vertex 915.5895213951962 248.35220483996494 554.6499942599905
    vertex 916.3130642598888 248.6519061074789 554.6499942599905
  endloop
endfacet
facet normal -0.6087614290087409 0.7933533402912196 0.0
  outer loop
    vertex 916.3130642598888 248.6519061074789 554.6499942599905
    vertex 916.9343846035159 249.1286619752725 551.6499942780241
    vertex 916.3130642599567 248.65190610747885 551.6499942780241
  endloop
endfacet
facet normal -0.6087614290087409 0.7933533402912196 0.0
  outer loop
    vertex 916.9343846035159 249.1286619752725 551.6499942780241
    vertex 916.3130642598888 248.6519061074789 554.6499942599905
    vertex 916.934384603448 249.12866197527254 554.6499942599905
  endloop
endfacet
facet normal -0.7933533402912069 0.6087614290087577 0.0
  outer loop
    vertex 916.934384603448 249.12866197527254 554.6499942599905
    vertex 917.4111404713099 249.74998231883217 551.6499942780241
    vertex 916.9343846035159 249.1286619752725 551.6499942780241
  endloop
endfacet
facet normal -0.7933533402912069 0.6087614290087577 0.0
  outer loop
    vertex 917.4111404713099 249.74998231883217 551.6499942780241
    vertex 916.934384603448 249.12866197527254 554.6499942599905
    vertex 917.411140471242 249.74998231883222 554.6499942599905
  endloop
endfacet
facet normal -0.9238795325113048 0.382683432365046 0.0
  outer loop
    vertex 917.411140471242 249.74998231883222 554.6499942599905
    vertex 917.7108417388238 250.47352518352463 551.6499942780241
    vertex 917.4111404713099 249.74998231883217 551.6499942780241
  endloop
endfacet
facet normal -0.9238795325113048 0.382683432365046 0.0
  outer loop
    vertex 917.7108417388238 250.47352518352463 551.6499942780241
    vertex 917.411140471242 249.74998231883222 554.6499942599905
    vertex 917.7108417387559 250.47352518352463 554.6499942599905
  endloop
endfacet
facet normal -0.9914448613738037 0.13052619222010214 0.0
  outer loop
    vertex 917.7108417387559 250.47352518352463 554.6499942599905
    vertex 917.8130642599564 251.2499823188322 551.6499942780241
    vertex 917.7108417388238 250.47352518352463 551.6499942780241
  endloop
endfacet
facet normal -0.9914448613738037 0.13052619222010214 0.0
  outer loop
    vertex 917.8130642599564 251.2499823188322 551.6499942780241
    vertex 917.7108417387559 250.47352518352463 554.6499942599905
    vertex 917.8130642598885 251.24998231883225 554.6499942599905
  endloop
endfacet
facet normal -0.9914448613738037 -0.13052619222010214 -0.0
  outer loop
    vertex 917.8130642598885 251.24998231883225 554.6499942599905
    vertex 917.7108417388238 252.02643945413976 551.6499942780241
    vertex 917.8130642599564 251.2499823188322 551.6499942780241
  endloop
endfacet
facet normal -0.9914448613738037 -0.13052619222010214 -0.0
  outer loop
    vertex 917.7108417388238 252.02643945413976 551.6499942780241
    vertex 917.8130642598885 251.24998231883225 554.6499942599905
    vertex 917.7108417387559 252.02643945413976 554.6499942599905
  endloop
endfacet
facet normal -0.9238795325113048 -0.382683432365046 -0.0
  outer loop
    vertex 917.7108417387559 252.02643945413976 554.6499942599905
    vertex 917.4111404713099 252.74998231883222 551.6499942780241
    vertex 917.7108417388238 252.02643945413976 551.6499942780241
  endloop
endfacet
facet normal -0.9238795325113048 -0.382683432365046 -0.0
  outer loop
    vertex 917.4111404713099 252.74998231883222 551.6499942780241
    vertex 917.7108417387559 252.02643945413976 554.6499942599905
    vertex 917.411140471242 252.74998231883225 554.6499942599905
  endloop
endfacet
facet normal -0.7933533402911853 -0.6087614290087855 -0.0
  outer loop
    vertex 917.411140471242 252.74998231883225 554.6499942599905
    vertex 916.9343846035159 253.37130266239186 551.6499942780241
    vertex 917.4111404713099 252.74998231883222 551.6499942780241
  endloop
endfacet
facet normal -0.7933533402911853 -0.6087614290087855 -0.0
  outer loop
    vertex 916.9343846035159 253.37130266239186 551.6499942780241
    vertex 917.411140471242 252.74998231883225 554.6499942599905
    vertex 916.934384603448 253.37130266239186 554.6499942599905
  endloop
endfacet
facet normal -0.608761429008777 -0.7933533402911919 -0.0
  outer loop
    vertex 916.934384603448 253.37130266239186 554.6499942599905
    vertex 916.3130642599567 253.84805853018554 551.6499942780241
    vertex 916.9343846035159 253.37130266239186 551.6499942780241
  endloop
endfacet
facet normal -0.608761429008777 -0.7933533402911919 -0.0
  outer loop
    vertex 916.3130642599567 253.84805853018554 551.6499942780241
    vertex 916.934384603448 253.37130266239186 554.6499942599905
    vertex 916.3130642598888 253.8480585301856 554.6499942599905
  endloop
endfacet
facet normal -0.3826834323651156 -0.9238795325112762 -0.0
  outer loop
    vertex 916.3130642598888 253.8480585301856 554.6499942599905
    vertex 915.5895213952641 254.14775979769945 551.6499942780241
    vertex 916.3130642599567 253.84805853018554 551.6499942780241
  endloop
endfacet
facet normal -0.3826834323651156 -0.9238795325112762 -0.0
  outer loop
    vertex 915.5895213952641 254.14775979769945 551.6499942780241
    vertex 916.3130642598888 253.8480585301856 554.6499942599905
    vertex 915.5895213951962 254.14775979769945 554.6499942599905
  endloop
endfacet
facet normal -0.13052619222003808 -0.9914448613738123 -0.0
  outer loop
    vertex 915.5895213951962 254.14775979769945 554.6499942599905
    vertex 914.8130642599564 254.24998231883222 551.6499942780241
    vertex 915.5895213952641 254.14775979769945 551.6499942780241
  endloop
endfacet
facet normal -0.13052619222003808 -0.9914448613738123 -0.0
  outer loop
    vertex 914.8130642599564 254.24998231883222 551.6499942780241
    vertex 915.5895213951962 254.14775979769945 554.6499942599905
    vertex 914.8130642598885 254.24998231883228 554.6499942599905
  endloop
endfacet
facet normal 0.13052619222003808 -0.9914448613738123 0.0
  outer loop
    vertex 914.8130642598885 254.24998231883228 554.6499942599905
    vertex 914.0366071246486 254.14775979769945 551.6499942780241
    vertex 914.8130642599564 254.24998231883222 551.6499942780241
  endloop
endfacet
facet normal 0.13052619222003808 -0.9914448613738123 0.0
  outer loop
    vertex 914.0366071246486 254.14775979769945 551.6499942780241
    vertex 914.8130642598885 254.24998231883228 554.6499942599905
    vertex 914.0366071245808 254.14775979769945 554.6499942599905
  endloop
endfacet
facet normal 0.3826834323651156 -0.9238795325112762 0.0
  outer loop
    vertex 914.0366071245808 254.14775979769945 554.6499942599905
    vertex 913.313064259956 253.84805853018554 551.6499942780241
    vertex 914.0366071246486 254.14775979769945 551.6499942780241
  endloop
endfacet
facet normal 0.3826834323651156 -0.9238795325112762 0.0
  outer loop
    vertex 913.313064259956 253.84805853018554 551.6499942780241
    vertex 914.0366071245808 254.14775979769945 554.6499942599905
    vertex 913.3130642598882 253.8480585301856 554.6499942599905
  endloop
endfacet
facet normal 0.6087614290087409 -0.7933533402912196 0.0
  outer loop
    vertex 913.3130642598882 253.8480585301856 554.6499942599905
    vertex 912.6917439163967 253.37130266239188 551.6499942780241
    vertex 913.313064259956 253.84805853018554 551.6499942780241
  endloop
endfacet
facet normal 0.6087614290087409 -0.7933533402912196 0.0
  outer loop
    vertex 912.6917439163967 253.37130266239188 551.6499942780241
    vertex 913.3130642598882 253.8480585301856 554.6499942599905
    vertex 912.691743916329 253.37130266239194 554.6499942599905
  endloop
endfacet
facet normal 0.7933533402912069 -0.6087614290087577 0.0
  outer loop
    vertex 912.6917439163967 253.37130266239188 551.6499942780241
    vertex 912.214988048535 252.74998231883225 554.6499942599905
    vertex 912.2149880486029 252.74998231883222 551.6499942780241
  endloop
endfacet
facet normal 0.7933533402912069 -0.6087614290087577 0.0
  outer loop
    vertex 912.214988048535 252.74998231883225 554.6499942599905
    vertex 912.6917439163967 253.37130266239188 551.6499942780241
    vertex 912.691743916329 253.37130266239194 554.6499942599905
  endloop
endfacet
facet normal 0.9238795325113048 -0.382683432365046 0.0
  outer loop
    vertex 912.2149880486029 252.74998231883222 551.6499942780241
    vertex 911.9152867810211 252.02643945413976 554.6499942599905
    vertex 911.915286781089 252.02643945413976 551.6499942780241
  endloop
endfacet
facet normal 0.9238795325113048 -0.382683432365046 0.0
  outer loop
    vertex 911.9152867810211 252.02643945413976 554.6499942599905
    vertex 912.2149880486029 252.74998231883222 551.6499942780241
    vertex 912.214988048535 252.74998231883225 554.6499942599905
  endloop
endfacet
facet normal 0.9914448613738037 -0.13052619222010214 0.0
  outer loop
    vertex 911.915286781089 252.02643945413976 551.6499942780241
    vertex 911.8130642598885 251.24998231883225 554.6499942599905
    vertex 911.8130642599564 251.2499823188322 551.6499942780241
  endloop
endfacet
facet normal 0.9914448613738037 -0.13052619222010214 0.0
  outer loop
    vertex 911.8130642598885 251.24998231883225 554.6499942599905
    vertex 911.915286781089 252.02643945413976 551.6499942780241
    vertex 911.9152867810211 252.02643945413976 554.6499942599905
  endloop
endfacet
facet normal 0.0 0.0 1.0
  outer loop
    vertex 925.9152867810894 250.47352518352454 551.649994278024
    vertex 925.9152867810894 252.02643945413968 551.649994278024
    vertex 925.813064259956 251.2499823188321 551.649994278024
  endloop
endfacet
facet normal 0.0 0.0 1.0
  outer loop
    vertex 925.9152867810894 252.02643945413968 551.649994278024
    vertex 925.9152867810894 250.47352518352454 551.649994278024
    vertex 926.2149880486025 249.74998231883208 551.649994278024
  endloop
endfacet
facet normal 0.0 0.0 1.0
  outer loop
    vertex 925.9152867810894 252.02643945413968 551.649994278024
    vertex 926.2149880486025 249.74998231883208 551.649994278024
    vertex 926.2149880486025 252.74998231883214 551.649994278024
  endloop
endfacet
facet normal 0.0 0.0 1.0
  outer loop
    vertex 926.2149880486025 252.74998231883214 551.649994278024
    vertex 926.2149880486025 249.74998231883208 551.649994278024
    vertex 926.6917439163965 249.12866197527245 551.649994278024
  endloop
endfacet
facet normal 0.0 0.0 1.0
  outer loop
    vertex 926.2149880486025 252.74998231883214 551.649994278024
    vertex 926.6917439163965 249.12866197527245 551.649994278024
    vertex 926.6917439163965 253.3713026623918 551.649994278024
  endloop
endfacet
facet normal 0.0 0.0 1.0
  outer loop
    vertex 926.6917439163965 253.3713026623918 551.649994278024
    vertex 926.6917439163965 249.12866197527245 551.649994278024
    vertex 927.3130642599564 248.65190610747877 551.649994278024
  endloop
endfacet
facet normal 0.0 0.0 1.0
  outer loop
    vertex 926.6917439163965 253.3713026623918 551.649994278024
    vertex 927.3130642599564 248.65190610747877 551.649994278024
    vertex 927.2630642599564 251.2499823188321 551.649994278024
  endloop
endfacet
facet normal 0.0 0.0 1.0
  outer loop
    vertex 927.2630642599564 251.2499823188321 551.649994278024
    vertex 927.3130642599564 248.65190610747877 551.649994278024
    vertex 927.3158792292086 250.84881279892332 551.649994278024
  endloop
endfacet
facet normal 0.0 0.0 1.0
  outer loop
    vertex 927.3158792292086 250.84881279892332 551.649994278024
    vertex 927.3130642599564 248.65190610747877 551.649994278024
    vertex 928.036607124649 248.35220483996486 551.649994278024
  endloop
endfacet
facet normal 0.0 0.0 1.0
  outer loop
    vertex 927.3158792292086 250.84881279892332 551.649994278024
    vertex 928.036607124649 248.35220483996486 551.649994278024
    vertex 927.4707248840903 250.47498231883216 551.649994278024
  endloop
endfacet
facet normal 0.0 0.0 1.0
  outer loop
    vertex 927.4707248840903 250.47498231883216 551.649994278024
    vertex 928.036607124649 248.35220483996486 551.649994278024
    vertex 927.7170487491168 250.15396680799296 551.6499942780239
  endloop
endfacet
facet normal 0.0 0.0 1.0
  outer loop
    vertex 927.7170487491168 250.15396680799296 551.6499942780239
    vertex 928.036607124649 248.35220483996486 551.649994278024
    vertex 928.0380642599563 249.90764294296633 551.649994278024
  endloop
endfacet
facet normal 0.0 0.0 1.0
  outer loop
    vertex 928.0380642599563 249.90764294296633 551.649994278024
    vertex 928.036607124649 248.35220483996486 551.649994278024
    vertex 928.813064259956 248.24998231883205 551.649994278024
  endloop
endfacet
facet normal 0.0 0.0 1.0
  outer loop
    vertex 928.0380642599563 249.90764294296633 551.649994278024
    vertex 928.813064259956 248.24998231883205 551.649994278024
    vertex 928.411894740047 249.75279728808417 551.6499942780239
  endloop
endfacet
facet normal 0.0 0.0 1.0
  outer loop
    vertex 928.411894740047 249.75279728808417 551.6499942780239
    vertex 928.813064259956 248.24998231883205 551.649994278024
    vertex 928.813064259956 249.6999823188321 551.6499942780241
  endloop
endfacet
facet normal 0.0 0.0 1.0
  outer loop
    vertex 928.813064259956 249.6999823188321 551.6499942780241
    vertex 928.813064259956 248.24998231883205 551.649994278024
    vertex 929.5895213952639 248.35220483996486 551.649994278024
  endloop
endfacet
facet normal 0.0 0.0 1.0
  outer loop
    vertex 928.813064259956 249.6999823188321 551.6499942780241
    vertex 929.5895213952639 248.35220483996486 551.649994278024
    vertex 929.214233779865 249.75279728808417 551.6499942780239
  endloop
endfacet
facet normal 0.0 0.0 1.0
  outer loop
    vertex 929.214233779865 249.75279728808417 551.6499942780239
    vertex 929.5895213952639 248.35220483996486 551.649994278024
    vertex 929.5880642599559 249.90764294296633 551.649994278024
  endloop
endfacet
facet normal 0.0 0.0 1.0
  outer loop
    vertex 929.5880642599559 249.90764294296633 551.649994278024
    vertex 929.5895213952639 248.35220483996486 551.649994278024
    vertex 929.9090797707953 250.15396680799296 551.6499942780239
  endloop
endfacet
facet normal 0.0 0.0 1.0
  outer loop
    vertex 929.9090797707953 250.15396680799296 551.6499942780239
    vertex 929.5895213952639 248.35220483996486 551.649994278024
    vertex 930.3130642599565 248.65190610747877 551.649994278024
  endloop
endfacet
facet normal 0.0 0.0 1.0
  outer loop
    vertex 929.9090797707953 250.15396680799296 551.6499942780239
    vertex 930.3130642599565 248.65190610747877 551.649994278024
    vertex 930.1554036358219 250.47498231883216 551.649994278024
  endloop
endfacet
facet normal 0.0 0.0 1.0
  outer loop
    vertex 930.1554036358219 250.47498231883216 551.649994278024
    vertex 930.3130642599565 248.65190610747877 551.649994278024
    vertex 930.3102492907043 250.84881279892332 551.649994278024
  endloop
endfacet
facet normal 0.0 0.0 1.0
  outer loop
    vertex 930.3102492907043 250.84881279892332 551.649994278024
    vertex 930.3130642599565 248.65190610747877 551.649994278024
    vertex 930.3630642599564 251.2499823188321 551.649994278024
  endloop
endfacet
facet normal 0.0 0.0 1.0
  outer loop
    vertex 930.3630642599564 251.2499823188321 551.649994278024
    vertex 930.3130642599565 248.65190610747877 551.649994278024
    vertex 930.9343846035157 249.12866197527242 551.649994278024
  endloop
endfacet
facet normal 0.0 0.0 1.0
  outer loop
    vertex 927.2630642599564 251.2499823188321 551.649994278024
    vertex 927.3130642599564 253.84805853018545 551.649994278024
    vertex 926.6917439163965 253.3713026623918 551.649994278024
  endloop
endfacet
facet normal 0.0 0.0 1.0
  outer loop
    vertex 927.3130642599564 253.84805853018545 551.649994278024
    vertex 927.2630642599564 251.2499823188321 551.649994278024
    vertex 927.3158792292086 251.651151838741 551.6499942780241
  endloop
endfacet
facet normal 0.0 0.0 1.0
  outer loop
    vertex 927.3130642599564 253.84805853018545 551.649994278024
    vertex 927.3158792292086 251.651151838741 551.6499942780241
    vertex 928.036607124649 254.14775979769936 551.649994278024
  endloop
endfacet
facet normal 0.0 0.0 1.0
  outer loop
    vertex 928.036607124649 254.14775979769936 551.649994278024
    vertex 927.3158792292086 251.651151838741 551.6499942780241
    vertex 927.4707248840903 252.0249823188322 551.6499942780241
  endloop
endfacet
facet normal 0.0 0.0 1.0
  outer loop
    vertex 928.036607124649 254.14775979769936 551.649994278024
    vertex 927.4707248840903 252.0249823188322 551.6499942780241
    vertex 927.7170487491168 252.34599782967132 551.6499942780242
  endloop
endfacet
facet normal 0.0 0.0 1.0
  outer loop
    vertex 928.036607124649 254.14775979769936 551.649994278024
    vertex 927.7170487491168 252.34599782967132 551.6499942780242
    vertex 928.0380642599563 252.592321694698 551.649994278024
  endloop
endfacet
facet normal 0.0 0.0 1.0
  outer loop
    vertex 928.036607124649 254.14775979769936 551.649994278024
    vertex 928.0380642599563 252.592321694698 551.649994278024
    vertex 928.813064259956 254.24998231883214 551.649994278024
  endloop
endfacet
facet normal 0.0 0.0 1.0
  outer loop
    vertex 928.813064259956 254.24998231883214 551.649994278024
    vertex 928.0380642599563 252.592321694698 551.649994278024
    vertex 928.411894740047 252.74716734958014 551.6499942780241
  endloop
endfacet
facet normal 0.0 0.0 1.0
  outer loop
    vertex 928.813064259956 254.24998231883214 551.649994278024
    vertex 928.411894740047 252.74716734958014 551.6499942780241
    vertex 928.813064259956 252.7999823188322 551.649994278024
  endloop
endfacet
facet normal 0.0 0.0 1.0
  outer loop
    vertex 928.813064259956 254.24998231883214 551.649994278024
    vertex 928.813064259956 252.7999823188322 551.649994278024
    vertex 929.214233779865 252.74716734958014 551.6499942780241
  endloop
endfacet
facet normal 0.0 0.0 1.0
  outer loop
    vertex 928.813064259956 254.24998231883214 551.649994278024
    vertex 929.214233779865 252.74716734958014 551.6499942780241
    vertex 929.5895213952639 254.14775979769936 551.649994278024
  endloop
endfacet
facet normal 0.0 0.0 1.0
  outer loop
    vertex 929.5895213952639 254.14775979769936 551.649994278024
    vertex 929.214233779865 252.74716734958014 551.6499942780241
    vertex 929.5880642599559 252.592321694698 551.649994278024
  endloop
endfacet
facet normal 0.0 0.0 1.0
  outer loop
    vertex 929.5895213952639 254.14775979769936 551.649994278024
    vertex 929.5880642599559 252.592321694698 551.649994278024
    vertex 929.9090797707953 252.34599782967132 551.6499942780242
  endloop
endfacet
facet normal 0.0 0.0 1.0
  outer loop
    vertex 929.5895213952639 254.14775979769936 551.649994278024
    vertex 929.9090797707953 252.34599782967132 551.6499942780242
    vertex 930.3130642599565 253.84805853018545 551.649994278024
  endloop
endfacet
facet normal 0.0 0.0 1.0
  outer loop
    vertex 930.3130642599565 253.84805853018545 551.649994278024
    vertex 929.9090797707953 252.34599782967132 551.6499942780242
    vertex 930.1554036358219 252.0249823188322 551.6499942780241
  endloop
endfacet
facet normal 0.0 0.0 1.0
  outer loop
    vertex 930.3130642599565 253.84805853018545 551.649994278024
    vertex 930.1554036358219 252.0249823188322 551.6499942780241
    vertex 930.3102492907043 251.651151838741 551.6499942780241
  endloop
endfacet
facet normal 0.0 0.0 1.0
  outer loop
    vertex 930.3130642599565 253.84805853018545 551.649994278024
    vertex 930.3102492907043 251.651151838741 551.6499942780241
    vertex 930.3630642599564 251.2499823188321 551.649994278024
  endloop
endfacet
facet normal 0.0 0.0 1.0
  outer loop
    vertex 930.3130642599565 253.84805853018545 551.649994278024
    vertex 930.3630642599564 251.2499823188321 551.649994278024
    vertex 930.9343846035157 253.37130266239174 551.649994278024
  endloop
endfacet
facet normal 0.0 0.0 1.0
  outer loop
    vertex 930.9343846035157 253.37130266239174 551.649994278024
    vertex 930.3630642599564 251.2499823188321 551.649994278024
    vertex 930.9343846035157 249.12866197527242 551.649994278024
  endloop
endfacet
facet normal 0.0 0.0 1.0
  outer loop
    vertex 930.9343846035157 253.37130266239174 551.649994278024
    vertex 930.9343846035157 249.12866197527242 551.649994278024
    vertex 931.4111404713096 249.74998231883208 551.649994278024
  endloop
endfacet
facet normal 0.0 0.0 1.0
  outer loop
    vertex 930.9343846035157 253.37130266239174 551.649994278024
    vertex 931.4111404713096 249.74998231883208 551.649994278024
    vertex 931.4111404713096 252.74998231883214 551.649994278024
  endloop
endfacet
facet normal 0.0 0.0 1.0
  outer loop
    vertex 931.4111404713096 252.74998231883214 551.649994278024
    vertex 931.4111404713096 249.74998231883208 551.649994278024
    vertex 931.7108417388234 250.47352518352454 551.649994278024
  endloop
endfacet
facet normal 0.0 0.0 1.0
  outer loop
    vertex 931.4111404713096 252.74998231883214 551.649994278024
    vertex 931.7108417388234 250.47352518352454 551.649994278024
    vertex 931.7108417388234 252.02643945413968 551.649994278024
  endloop
endfacet
facet normal 0.0 0.0 1.0
  outer loop
    vertex 931.7108417388234 252.02643945413968 551.649994278024
    vertex 931.7108417388234 250.47352518352454 551.649994278024
    vertex 931.8130642599561 251.2499823188321 551.649994278024
  endloop
endfacet
facet normal 0.9914448613738037 0.13052619222010214 0.0
  outer loop
    vertex 925.813064259956 251.2499823188321 551.649994278024
    vertex 925.915286781002 250.47352518352454 554.6499942768579
    vertex 925.9152867810894 250.47352518352454 551.649994278024
  endloop
endfacet
facet normal 0.9914448613738037 0.13052619222010214 0.0
  outer loop
    vertex 925.915286781002 250.47352518352454 554.6499942768579
    vertex 925.813064259956 251.2499823188321 551.649994278024
    vertex 925.8130642598687 251.2499823188321 554.6499942768579
  endloop
endfacet
facet normal 0.9238795325113048 0.382683432365046 0.0
  outer loop
    vertex 925.9152867810894 250.47352518352454 551.649994278024
    vertex 926.2149880485152 249.74998231883208 554.6499942768579
    vertex 926.2149880486025 249.74998231883208 551.649994278024
  endloop
endfacet
facet normal 0.9238795325113048 0.382683432365046 0.0
  outer loop
    vertex 926.2149880485152 249.74998231883208 554.6499942768579
    vertex 925.9152867810894 250.47352518352454 551.649994278024
    vertex 925.915286781002 250.47352518352454 554.6499942768579
  endloop
endfacet
facet normal 0.7933533402911853 0.6087614290087855 0.0
  outer loop
    vertex 926.2149880486025 249.74998231883208 551.649994278024
    vertex 926.6917439163091 249.12866197527245 554.6499942768579
    vertex 926.6917439163965 249.12866197527245 551.649994278024
  endloop
endfacet
facet normal 0.7933533402911853 0.6087614290087855 0.0
  outer loop
    vertex 926.6917439163091 249.12866197527245 554.6499942768579
    vertex 926.2149880486025 249.74998231883208 551.649994278024
    vertex 926.2149880485152 249.74998231883208 554.6499942768579
  endloop
endfacet
facet normal 0.608761429008777 0.7933533402911919 0.0
  outer loop
    vertex 926.6917439163091 249.12866197527245 554.6499942768579
    vertex 927.3130642599564 248.65190610747877 551.649994278024
    vertex 926.6917439163965 249.12866197527245 551.649994278024
  endloop
endfacet
facet normal 0.608761429008777 0.7933533402911919 0.0
  outer loop
    vertex 927.3130642599564 248.65190610747877 551.649994278024
    vertex 926.6917439163091 249.12866197527245 554.6499942768579
    vertex 927.3130642598691 248.65190610747877 554.6499942768579
  endloop
endfacet
facet normal 0.3826834323651156 0.9238795325112762 0.0
  outer loop
    vertex 927.3130642598691 248.65190610747877 554.6499942768579
    vertex 928.036607124649 248.35220483996486 551.649994278024
    vertex 927.3130642599564 248.65190610747877 551.649994278024
  endloop
endfacet
facet normal 0.3826834323651156 0.9238795325112762 0.0
  outer loop
    vertex 928.036607124649 248.35220483996486 551.649994278024
    vertex 927.3130642598691 248.65190610747877 554.6499942768579
    vertex 928.0366071245617 248.35220483996486 554.6499942768579
  endloop
endfacet
facet normal 0.13052619222003808 0.9914448613738123 0.0
  outer loop
    vertex 928.0366071245617 248.35220483996486 554.6499942768579
    vertex 928.813064259956 248.24998231883205 551.649994278024
    vertex 928.036607124649 248.35220483996486 551.649994278024
  endloop
endfacet
facet normal 0.13052619222003808 0.9914448613738123 0.0
  outer loop
    vertex 928.813064259956 248.24998231883205 551.649994278024
    vertex 928.0366071245617 248.35220483996486 554.6499942768579
    vertex 928.8130642598687 248.24998231883205 554.6499942768579
  endloop
endfacet
facet normal -0.13052619222003808 0.9914448613738123 0.0
  outer loop
    vertex 928.8130642598687 248.24998231883205 554.6499942768579
    vertex 929.5895213952639 248.35220483996486 551.649994278024
    vertex 928.813064259956 248.24998231883205 551.649994278024
  endloop
endfacet
facet normal -0.13052619222003808 0.9914448613738123 0.0
  outer loop
    vertex 929.5895213952639 248.35220483996486 551.649994278024
    vertex 928.8130642598687 248.24998231883205 554.6499942768579
    vertex 929.5895213951765 248.35220483996486 554.6499942768579
  endloop
endfacet
facet normal -0.3826834323651156 0.9238795325112762 0.0
  outer loop
    vertex 929.5895213951765 248.35220483996486 554.6499942768579
    vertex 930.3130642599565 248.65190610747877 551.649994278024
    vertex 929.5895213952639 248.35220483996486 551.649994278024
  endloop
endfacet
facet normal -0.3826834323651156 0.9238795325112762 0.0
  outer loop
    vertex 930.3130642599565 248.65190610747877 551.649994278024
    vertex 929.5895213951765 248.35220483996486 554.6499942768579
    vertex 930.3130642598691 248.65190610747877 554.6499942768579
  endloop
endfacet
facet normal -0.6087614290087409 0.7933533402912196 0.0
  outer loop
    vertex 930.3130642598691 248.65190610747877 554.6499942768579
    vertex 930.9343846035157 249.12866197527242 551.649994278024
    vertex 930.3130642599565 248.65190610747877 551.649994278024
  endloop
endfacet
facet normal -0.6087614290087409 0.7933533402912196 0.0
  outer loop
    vertex 930.9343846035157 249.12866197527242 551.649994278024
    vertex 930.3130642598691 248.65190610747877 554.6499942768579
    vertex 930.9343846034283 249.12866197527242 554.6499942768579
  endloop
endfacet
facet normal -0.7933533402912069 0.6087614290087577 0.0
  outer loop
    vertex 931.4111404712222 249.74998231883208 554.6499942768579
    vertex 930.9343846035157 249.12866197527242 551.649994278024
    vertex 930.9343846034283 249.12866197527242 554.6499942768579
  endloop
endfacet
facet normal -0.7933533402912069 0.6087614290087577 0.0
  outer loop
    vertex 930.9343846035157 249.12866197527242 551.649994278024
    vertex 931.4111404712222 249.74998231883208 554.6499942768579
    vertex 931.4111404713096 249.74998231883208 551.649994278024
  endloop
endfacet
facet normal -0.9238795325113048 0.382683432365046 0.0
  outer loop
    vertex 931.7108417387361 250.47352518352454 554.6499942768579
    vertex 931.4111404713096 249.74998231883208 551.649994278024
    vertex 931.4111404712222 249.74998231883208 554.6499942768579
  endloop
endfacet
facet normal -0.9238795325113048 0.382683432365046 0.0
  outer loop
    vertex 931.4111404713096 249.74998231883208 551.649994278024
    vertex 931.7108417387361 250.47352518352454 554.6499942768579
    vertex 931.7108417388234 250.47352518352454 551.649994278024
  endloop
endfacet
facet normal -0.9914448613738037 0.13052619222010214 0.0
  outer loop
    vertex 931.8130642598687 251.2499823188321 554.6499942768579
    vertex 931.7108417388234 250.47352518352454 551.649994278024
    vertex 931.7108417387361 250.47352518352454 554.6499942768579
  endloop
endfacet
facet normal -0.9914448613738037 0.13052619222010214 0.0
  outer loop
    vertex 931.7108417388234 250.47352518352454 551.649994278024
    vertex 931.8130642598687 251.2499823188321 554.6499942768579
    vertex 931.8130642599561 251.2499823188321 551.649994278024
  endloop
endfacet
facet normal -0.9914448613738037 -0.13052619222010214 -0.0
  outer loop
    vertex 931.7108417387361 252.02643945413968 554.6499942768579
    vertex 931.8130642599561 251.2499823188321 551.649994278024
    vertex 931.8130642598687 251.2499823188321 554.6499942768579
  endloop
endfacet
facet normal -0.9914448613738037 -0.13052619222010214 -0.0
  outer loop
    vertex 931.8130642599561 251.2499823188321 551.649994278024
    vertex 931.7108417387361 252.02643945413968 554.6499942768579
    vertex 931.7108417388234 252.02643945413968 551.649994278024
  endloop
endfacet
facet normal -0.9238795325113048 -0.382683432365046 -0.0
  outer loop
    vertex 931.4111404712222 252.74998231883214 554.6499942768579
    vertex 931.7108417388234 252.02643945413968 551.649994278024
    vertex 931.7108417387361 252.02643945413968 554.6499942768579
  endloop
endfacet
facet normal -0.9238795325113048 -0.382683432365046 -0.0
  outer loop
    vertex 931.7108417388234 252.02643945413968 551.649994278024
    vertex 931.4111404712222 252.74998231883214 554.6499942768579
    vertex 931.4111404713096 252.74998231883214 551.649994278024
  endloop
endfacet
facet normal -0.7933533402911853 -0.6087614290087855 -0.0
  outer loop
    vertex 930.9343846034283 253.37130266239174 554.6499942768579
    vertex 931.4111404713096 252.74998231883214 551.649994278024
    vertex 931.4111404712222 252.74998231883214 554.6499942768579
  endloop
endfacet
facet normal -0.7933533402911853 -0.6087614290087855 -0.0
  outer loop
    vertex 931.4111404713096 252.74998231883214 551.649994278024
    vertex 930.9343846034283 253.37130266239174 554.6499942768579
    vertex 930.9343846035157 253.37130266239174 551.649994278024
  endloop
endfacet
facet normal -0.608761429008777 -0.7933533402911919 -0.0
  outer loop
    vertex 930.9343846034283 253.37130266239174 554.6499942768579
    vertex 930.3130642599565 253.84805853018545 551.649994278024
    vertex 930.9343846035157 253.37130266239174 551.649994278024
  endloop
endfacet
facet normal -0.608761429008777 -0.7933533402911919 -0.0
  outer loop
    vertex 930.3130642599565 253.84805853018545 551.649994278024
    vertex 930.9343846034283 253.37130266239174 554.6499942768579
    vertex 930.3130642598691 253.84805853018545 554.6499942768579
  endloop
endfacet
facet normal -0.3826834323651156 -0.9238795325112762 -0.0
  outer loop
    vertex 930.3130642598691 253.84805853018545 554.6499942768579
    vertex 929.5895213952639 254.14775979769936 551.649994278024
    vertex 930.3130642599565 253.84805853018545 551.649994278024
  endloop
endfacet
facet normal -0.3826834323651156 -0.9238795325112762 -0.0
  outer loop
    vertex 929.5895213952639 254.14775979769936 551.649994278024
    vertex 930.3130642598691 253.84805853018545 554.6499942768579
    vertex 929.5895213951765 254.14775979769936 554.6499942768579
  endloop
endfacet
facet normal -0.13052619222003808 -0.9914448613738123 -0.0
  outer loop
    vertex 929.5895213951765 254.14775979769936 554.6499942768579
    vertex 928.813064259956 254.24998231883214 551.649994278024
    vertex 929.5895213952639 254.14775979769936 551.649994278024
  endloop
endfacet
facet normal -0.13052619222003808 -0.9914448613738123 -0.0
  outer loop
    vertex 928.813064259956 254.24998231883214 551.649994278024
    vertex 929.5895213951765 254.14775979769936 554.6499942768579
    vertex 928.8130642598687 254.24998231883214 554.6499942768579
  endloop
endfacet
facet normal 0.13052619222003808 -0.9914448613738123 0.0
  outer loop
    vertex 928.8130642598687 254.24998231883214 554.6499942768579
    vertex 928.036607124649 254.14775979769936 551.649994278024
    vertex 928.813064259956 254.24998231883214 551.649994278024
  endloop
endfacet
facet normal 0.13052619222003808 -0.9914448613738123 0.0
  outer loop
    vertex 928.036607124649 254.14775979769936 551.649994278024
    vertex 928.8130642598687 254.24998231883214 554.6499942768579
    vertex 928.0366071245617 254.14775979769936 554.6499942768579
  endloop
endfacet
facet normal 0.3826834323651156 -0.9238795325112762 0.0
  outer loop
    vertex 928.0366071245617 254.14775979769936 554.6499942768579
    vertex 927.3130642599564 253.84805853018545 551.649994278024
    vertex 928.036607124649 254.14775979769936 551.649994278024
  endloop
endfacet
facet normal 0.3826834323651156 -0.9238795325112762 0.0
  outer loop
    vertex 927.3130642599564 253.84805853018545 551.649994278024
    vertex 928.0366071245617 254.14775979769936 554.6499942768579
    vertex 927.3130642598691 253.84805853018545 554.6499942768579
  endloop
endfacet
facet normal 0.6087614290087409 -0.7933533402912196 0.0
  outer loop
    vertex 927.3130642598691 253.84805853018545 554.6499942768579
    vertex 926.6917439163965 253.3713026623918 551.649994278024
    vertex 927.3130642599564 253.84805853018545 551.649994278024
  endloop
endfacet
facet normal 0.6087614290087409 -0.7933533402912196 0.0
  outer loop
    vertex 926.6917439163965 253.3713026623918 551.649994278024
    vertex 927.3130642598691 253.84805853018545 554.6499942768579
    vertex 926.6917439163091 253.3713026623918 554.6499942768579
  endloop
endfacet
facet normal 0.7933533402912069 -0.6087614290087577 0.0
  outer loop
    vertex 926.6917439163965 253.3713026623918 551.649994278024
    vertex 926.2149880485152 252.74998231883214 554.6499942768579
    vertex 926.2149880486025 252.74998231883214 551.649994278024
  endloop
endfacet
facet normal 0.7933533402912069 -0.6087614290087577 0.0
  outer loop
    vertex 926.2149880485152 252.74998231883214 554.6499942768579
    vertex 926.6917439163965 253.3713026623918 551.649994278024
    vertex 926.6917439163091 253.3713026623918 554.6499942768579
  endloop
endfacet
facet normal 0.9238795325113048 -0.382683432365046 0.0
  outer loop
    vertex 926.2149880486025 252.74998231883214 551.649994278024
    vertex 925.915286781002 252.02643945413968 554.6499942768579
    vertex 925.9152867810894 252.02643945413968 551.649994278024
  endloop
endfacet
facet normal 0.9238795325113048 -0.382683432365046 0.0
  outer loop
    vertex 925.915286781002 252.02643945413968 554.6499942768579
    vertex 926.2149880486025 252.74998231883214 551.649994278024
    vertex 926.2149880485152 252.74998231883214 554.6499942768579
  endloop
endfacet
facet normal 0.9914448613738037 -0.13052619222010214 0.0
  outer loop
    vertex 925.9152867810894 252.02643945413968 551.649994278024
    vertex 925.8130642598687 251.2499823188321 554.6499942768579
    vertex 925.813064259956 251.2499823188321 551.649994278024
  endloop
endfacet
facet normal 0.9914448613738037 -0.13052619222010214 0.0
  outer loop
    vertex 925.8130642598687 251.2499823188321 554.6499942768579
    vertex 925.9152867810894 252.02643945413968 551.649994278024
    vertex 925.915286781002 252.02643945413968 554.6499942768579
  endloop
endfacet
facet normal 0.0 0.0 1.0
  outer loop
    vertex 921.2818050554971 249.60763203649938 552.6499942780238
    vertex 921.2818050554971 249.89233298611217 552.6499942780238
    vertex 921.2630642599563 249.74998251130577 552.6499942780238
  endloop
endfacet
facet normal 0.0 0.0 1.0
  outer loop
    vertex 921.2818050554971 249.89233298611217 552.6499942780238
    vertex 921.2818050554971 249.60763203649938 552.6499942780238
    vertex 921.3367502878743 249.47498251130574 552.6499942780238
  endloop
endfacet
facet normal 0.0 0.0 1.0
  outer loop
    vertex 921.2818050554971 249.89233298611217 552.6499942780238
    vertex 921.3367502878743 249.47498251130574 552.6499942780238
    vertex 921.3367502878743 250.02498251130575 552.6499942780238
  endloop
endfacet
facet normal 0.0 0.0 1.0
  outer loop
    vertex 921.3367502878743 250.02498251130575 552.6499942780238
    vertex 921.3367502878743 249.47498251130574 552.6499942780238
    vertex 921.4241555303038 249.36107378165315 552.6499942780238
  endloop
endfacet
facet normal 0.0 0.0 1.0
  outer loop
    vertex 921.3367502878743 250.02498251130575 552.6499942780238
    vertex 921.4241555303038 249.36107378165315 552.6499942780238
    vertex 921.4241555303038 250.13889124095837 552.6499942780238
  endloop
endfacet
facet normal 0.0 0.0 1.0
  outer loop
    vertex 921.4241555303038 250.13889124095837 552.6499942780238
    vertex 921.4241555303038 249.36107378165315 552.6499942780238
    vertex 921.5380642599563 249.2736685392243 552.6499942780238
  endloop
endfacet
facet normal 0.0 0.0 1.0
  outer loop
    vertex 921.4241555303038 250.13889124095837 552.6499942780238
    vertex 921.5380642599563 249.2736685392243 552.6499942780238
    vertex 921.5380642599563 250.22629648338724 552.6499942780238
  endloop
endfacet
facet normal 0.0 0.0 1.0
  outer loop
    vertex 921.5380642599563 250.22629648338724 552.6499942780238
    vertex 921.5380642599563 249.2736685392243 552.6499942780238
    vertex 921.6707137851496 249.21872330684675 552.6499942780238
  endloop
endfacet
facet normal 0.0 0.0 1.0
  outer loop
    vertex 921.5380642599563 250.22629648338724 552.6499942780238
    vertex 921.6707137851496 249.21872330684675 552.6499942780238
    vertex 921.6707137851496 250.28124171576476 552.6499942780238
  endloop
endfacet
facet normal 0.0 0.0 1.0
  outer loop
    vertex 921.6707137851496 250.28124171576476 552.6499942780238
    vertex 921.6707137851496 249.21872330684675 552.6499942780238
    vertex 921.8130642599563 249.19998251130576 552.6499942780238
  endloop
endfacet
facet normal 0.0 0.0 1.0
  outer loop
    vertex 921.6707137851496 250.28124171576476 552.6499942780238
    vertex 921.8130642599563 249.19998251130576 552.6499942780238
    vertex 921.8130642599563 250.29998251130579 552.6499942780238
  endloop
endfacet
facet normal 0.0 0.0 1.0
  outer loop
    vertex 921.8130642599563 250.29998251130579 552.6499942780238
    vertex 921.8130642599563 249.19998251130576 552.6499942780238
    vertex 921.9554147347628 249.21872330684675 552.6499942780238
  endloop
endfacet
facet normal 0.0 0.0 1.0
  outer loop
    vertex 921.8130642599563 250.29998251130579 552.6499942780238
    vertex 921.9554147347628 249.21872330684675 552.6499942780238
    vertex 921.9554147347628 250.28124171576476 552.6499942780238
  endloop
endfacet
facet normal 0.0 0.0 1.0
  outer loop
    vertex 921.9554147347628 250.28124171576476 552.6499942780238
    vertex 921.9554147347628 249.21872330684675 552.6499942780238
    vertex 922.0880642599561 249.2736685392243 552.6499942780238
  endloop
endfacet
facet normal 0.0 0.0 1.0
  outer loop
    vertex 921.9554147347628 250.28124171576476 552.6499942780238
    vertex 922.0880642599561 249.2736685392243 552.6499942780238
    vertex 922.0880642599561 250.22629648338724 552.6499942780238
  endloop
endfacet
facet normal 0.0 0.0 1.0
  outer loop
    vertex 922.0880642599561 250.22629648338724 552.6499942780238
    vertex 922.0880642599561 249.2736685392243 552.6499942780238
    vertex 922.2019729896086 249.36107378165315 552.6499942780238
  endloop
endfacet
facet normal 0.0 0.0 1.0
  outer loop
    vertex 922.0880642599561 250.22629648338724 552.6499942780238
    vertex 922.2019729896086 249.36107378165315 552.6499942780238
    vertex 922.2019729896086 250.13889124095837 552.6499942780238
  endloop
endfacet
facet normal 0.0 0.0 1.0
  outer loop
    vertex 922.2019729896086 250.13889124095837 552.6499942780238
    vertex 922.2019729896086 249.36107378165315 552.6499942780238
    vertex 922.2893782320381 249.47498251130577 552.6499942780238
  endloop
endfacet
facet normal 0.0 0.0 1.0
  outer loop
    vertex 922.2019729896086 250.13889124095837 552.6499942780238
    vertex 922.2893782320381 249.47498251130577 552.6499942780238
    vertex 922.2893782320381 250.02498251130578 552.6499942780238
  endloop
endfacet
facet normal 0.0 0.0 1.0
  outer loop
    vertex 922.2893782320381 250.02498251130578 552.6499942780238
    vertex 922.2893782320381 249.47498251130577 552.6499942780238
    vertex 922.3443234644153 249.60763203649938 552.6499942780238
  endloop
endfacet
facet normal 0.0 0.0 1.0
  outer loop
    vertex 922.2893782320381 250.02498251130578 552.6499942780238
    vertex 922.3443234644153 249.60763203649938 552.6499942780238
    vertex 922.3443234644153 249.89233298611217 552.6499942780238
  endloop
endfacet
facet normal 0.0 0.0 1.0
  outer loop
    vertex 922.3443234644153 249.89233298611217 552.6499942780238
    vertex 922.3443234644153 249.60763203649938 552.6499942780238
    vertex 922.3630642599561 249.74998251130577 552.6499942780238
  endloop
endfacet
facet normal 0.130526192219809 0.9914448613738424 -2.5816701495841758e-09
  outer loop
    vertex 921.6707137789318 249.21872340140746 588.649994768525
    vertex 921.8130642599563 249.19998251130576 552.6499942780238
    vertex 921.6707137851496 249.21872330684675 552.6499942780238
  endloop
endfacet
facet normal 0.130526192219809 0.9914448613738424 -2.5816701495841758e-09
  outer loop
    vertex 921.8130642599563 249.19998251130576 552.6499942780238
    vertex 921.6707137789318 249.21872340140746 588.649994768525
    vertex 921.8130642537384 249.19998260586644 588.649994768525
  endloop
endfacet
facet normal -0.130526192219809 0.9914448613738424 -2.6267584137997665e-09
  outer loop
    vertex 921.8130642537384 249.19998260586644 588.649994768525
    vertex 921.9554147347628 249.21872330684675 552.6499942780238
    vertex 921.8130642599563 249.19998251130576 552.6499942780238
  endloop
endfacet
facet normal -0.130526192219809 0.9914448613738424 -2.6267584137997665e-09
  outer loop
    vertex 921.9554147347628 249.21872330684675 552.6499942780238
    vertex 921.8130642537384 249.19998260586644 588.649994768525
    vertex 921.9554147285451 249.21872340140746 588.649994768525
  endloop
endfacet
facet normal -0.38268343236574903 0.9238795325110136 -2.492837433012936e-09
  outer loop
    vertex 921.9554147285451 249.21872340140746 588.649994768525
    vertex 922.0880642599561 249.2736685392243 552.6499942780238
    vertex 921.9554147347628 249.21872330684675 552.6499942780238
  endloop
endfacet
facet normal -0.38268343236574903 0.9238795325110136 -2.492837433012936e-09
  outer loop
    vertex 922.0880642599561 249.2736685392243 552.6499942780238
    vertex 921.9554147285451 249.21872340140746 588.649994768525
    vertex 922.0880642537384 249.27366863378498 588.649994768525
  endloop
endfacet
facet normal -0.6087614290090219 0.7933533402910041 -2.1890337007595034e-09
  outer loop
    vertex 922.0880642537384 249.27366863378498 588.649994768525
    vertex 922.2019729896086 249.36107378165315 552.6499942780238
    vertex 922.0880642599561 249.2736685392243 552.6499942780238
  endloop
endfacet
facet normal -0.6087614290090219 0.7933533402910041 -2.1890337007595034e-09
  outer loop
    vertex 922.2019729896086 249.36107378165315 552.6499942780238
    vertex 922.0880642537384 249.27366863378498 588.649994768525
    vertex 922.2019729833909 249.36107387621385 588.649994768525
  endloop
endfacet
facet normal -0.7933533402895675 0.608761429010894 -1.736050939489936e-09
  outer loop
    vertex 922.2019729833909 249.36107387621385 588.649994768525
    vertex 922.2893782320381 249.47498251130577 552.6499942780238
    vertex 922.2019729896086 249.36107378165315 552.6499942780238
  endloop
endfacet
facet normal -0.7933533402895675 0.608761429010894 -1.736050939489936e-09
  outer loop
    vertex 922.2893782320381 249.47498251130577 552.6499942780238
    vertex 922.2019729833909 249.36107387621385 588.649994768525
    vertex 922.2893782258202 249.47498260586647 588.649994768525
  endloop
endfacet
facet normal -0.9238795325119565 0.38268343236347313 -1.1647591755645309e-09
  outer loop
    vertex 922.2893782258202 249.47498260586647 588.649994768525
    vertex 922.3443234644153 249.60763203649938 552.6499942780238
    vertex 922.2893782320381 249.47498251130577 552.6499942780238
  endloop
endfacet
facet normal -0.9238795325119565 0.38268343236347313 -1.1647591755645309e-09
  outer loop
    vertex 922.3443234644153 249.60763203649938 552.6499942780238
    vertex 922.2893782258202 249.47498260586647 588.649994768525
    vertex 922.3443234581974 249.60763213106006 588.649994768525
  endloop
endfacet
facet normal -0.991444861374019 0.13052619221846787 -5.140909987198445e-10
  outer loop
    vertex 922.3443234581974 249.60763213106006 588.649994768525
    vertex 922.3630642599561 249.74998251130577 552.6499942780238
    vertex 922.3443234644153 249.60763203649938 552.6499942780238
  endloop
endfacet
facet normal -0.991444861374019 0.13052619221846787 -5.140909987198445e-10
  outer loop
    vertex 922.3630642599561 249.74998251130577 552.6499942780238
    vertex 922.3443234581974 249.60763213106006 588.649994768525
    vertex 922.3630642537382 249.74998260586645 588.649994768525
  endloop
endfacet
facet normal -0.991444861374019 -0.13052619221846787 1.7161163015388642e-10
  outer loop
    vertex 922.3630642537382 249.74998260586645 588.649994768525
    vertex 922.3443234644153 249.89233298611217 552.6499942780238
    vertex 922.3630642599561 249.74998251130577 552.6499942780238
  endloop
endfacet
facet normal -0.991444861374019 -0.13052619221846787 1.7161163015388642e-10
  outer loop
    vertex 922.3443234644153 249.89233298611217 552.6499942780238
    vertex 922.3630642537382 249.74998260586645 588.649994768525
    vertex 922.3443234581974 249.89233308067284 588.649994768525
  endloop
endfacet
facet normal -0.9238795325120025 -0.38268343236336205 8.456192100503813e-10
  outer loop
    vertex 922.3443234581974 249.89233308067284 588.649994768525
    vertex 922.2893782320381 250.02498251130578 552.6499942780238
    vertex 922.3443234644153 249.89233298611217 552.6499942780238
  endloop
endfacet
facet normal -0.9238795325120025 -0.38268343236336205 8.456192100503813e-10
  outer loop
    vertex 922.2893782320381 250.02498251130578 552.6499942780238
    vertex 922.3443234581974 249.89233308067284 588.649994768525
    vertex 922.2893782258202 250.02498260586648 588.649994768525
  endloop
endfacet
facet normal -0.7933533402894509 -0.6087614290110458 1.4619992382483851e-09
  outer loop
    vertex 922.2893782258202 250.02498260586648 588.649994768525
    vertex 922.2019729896086 250.13889124095837 552.6499942780238
    vertex 922.2893782320381 250.02498251130578 552.6499942780238
  endloop
endfacet
facet normal -0.7933533402894509 -0.6087614290110458 1.4619992382483851e-09
  outer loop
    vertex 922.2019729896086 250.13889124095837 552.6499942780238
    vertex 922.2893782258202 250.02498260586648 588.649994768525
    vertex 922.2019729833909 250.13889133551908 588.649994768525
  endloop
endfacet
facet normal -0.6087614290090219 -0.7933533402910041 1.9787464343601596e-09
  outer loop
    vertex 922.2019729833909 250.13889133551908 588.649994768525
    vertex 922.0880642599561 250.22629648338724 552.6499942780238
    vertex 922.2019729896086 250.13889124095837 552.6499942780238
  endloop
endfacet
facet normal -0.6087614290090219 -0.7933533402910041 1.9787464343601596e-09
  outer loop
    vertex 922.0880642599561 250.22629648338724 552.6499942780238
    vertex 922.2019729833909 250.13889133551908 588.649994768525
    vertex 922.0880642537384 250.22629657794792 588.649994768525
  endloop
endfacet
facet normal -0.3826834323657491 -0.9238795325110136 2.360645331060105e-09
  outer loop
    vertex 922.0880642537384 250.22629657794792 588.649994768525
    vertex 921.9554147347628 250.28124171576476 552.6499942780238
    vertex 922.0880642599561 250.22629648338724 552.6499942780238
  endloop
endfacet
facet normal -0.3826834323657491 -0.9238795325110136 2.360645331060105e-09
  outer loop
    vertex 921.9554147347628 250.28124171576476 552.6499942780238
    vertex 922.0880642537384 250.22629657794792 588.649994768525
    vertex 921.9554147285451 250.28124181032547 588.649994768525
  endloop
endfacet
facet normal -0.130526192219809 -0.9914448613738424 2.5816701495841758e-09
  outer loop
    vertex 921.9554147285451 250.28124181032547 588.649994768525
    vertex 921.8130642599563 250.29998251130579 552.6499942780238
    vertex 921.9554147347628 250.28124171576476 552.6499942780238
  endloop
endfacet
facet normal -0.130526192219809 -0.9914448613738424 2.5816701495841758e-09
  outer loop
    vertex 921.8130642599563 250.29998251130579 552.6499942780238
    vertex 921.9554147285451 250.28124181032547 588.649994768525
    vertex 921.8130642537384 250.29998260586646 588.649994768525
  endloop
endfacet
facet normal 0.130526192219809 -0.9914448613738424 2.6267584137997665e-09
  outer loop
    vertex 921.8130642537384 250.29998260586646 588.649994768525
    vertex 921.6707137851496 250.28124171576476 552.6499942780238
    vertex 921.8130642599563 250.29998251130579 552.6499942780238
  endloop
endfacet
facet normal 0.130526192219809 -0.9914448613738424 2.6267584137997665e-09
  outer loop
    vertex 921.6707137851496 250.28124171576476 552.6499942780238
    vertex 921.8130642537384 250.29998260586646 588.649994768525
    vertex 921.6707137789318 250.28124181032547 588.649994768525
  endloop
endfacet
facet normal 0.38268343236574903 -0.9238795325110136 2.4928374330542442e-09
  outer loop
    vertex 921.6707137789318 250.28124181032547 588.649994768525
    vertex 921.5380642599563 250.22629648338724 552.6499942780238
    vertex 921.6707137851496 250.28124171576476 552.6499942780238
  endloop
endfacet
facet normal 0.38268343236574903 -0.9238795325110136 2.4928374330542442e-09
  outer loop
    vertex 921.5380642599563 250.22629648338724 552.6499942780238
    vertex 921.6707137789318 250.28124181032547 588.649994768525
    vertex 921.5380642537384 250.22629657794792 588.649994768525
  endloop
endfacet
facet normal 0.6087614290090219 -0.7933533402910041 2.1890337007595034e-09
  outer loop
    vertex 921.5380642537384 250.22629657794792 588.649994768525
    vertex 921.4241555303038 250.13889124095837 552.6499942780238
    vertex 921.5380642599563 250.22629648338724 552.6499942780238
  endloop
endfacet
facet normal 0.6087614290090219 -0.7933533402910041 2.1890337007595034e-09
  outer loop
    vertex 921.4241555303038 250.13889124095837 552.6499942780238
    vertex 921.5380642537384 250.22629657794792 588.649994768525
    vertex 921.4241555240859 250.13889133551908 588.649994768525
  endloop
endfacet
facet normal 0.7933533402895675 -0.608761429010894 1.7360509394042977e-09
  outer loop
    vertex 921.4241555303038 250.13889124095837 552.6499942780238
    vertex 921.3367502816566 250.02498260586646 588.649994768525
    vertex 921.3367502878743 250.02498251130575 552.6499942780238
  endloop
endfacet
facet normal 0.7933533402895675 -0.608761429010894 1.7360509394042977e-09
  outer loop
    vertex 921.3367502816566 250.02498260586646 588.649994768525
    vertex 921.4241555303038 250.13889124095837 552.6499942780238
    vertex 921.4241555240859 250.13889133551908 588.649994768525
  endloop
endfacet
facet normal 0.9238795325119565 -0.3826834323634732 1.164759175614395e-09
  outer loop
    vertex 921.3367502878743 250.02498251130575 552.6499942780238
    vertex 921.2818050492793 249.89233308067284 588.649994768525
    vertex 921.2818050554971 249.89233298611217 552.6499942780238
  endloop
endfacet
facet normal 0.9238795325119565 -0.3826834323634732 1.164759175614395e-09
  outer loop
    vertex 921.2818050492793 249.89233308067284 588.649994768525
    vertex 921.3367502878743 250.02498251130575 552.6499942780238
    vertex 921.3367502816566 250.02498260586646 588.649994768525
  endloop
endfacet
facet normal 0.991444861374019 -0.13052619221846787 5.140909987198445e-10
  outer loop
    vertex 921.2818050554971 249.89233298611217 552.6499942780238
    vertex 921.2630642537385 249.74998260586645 588.649994768525
    vertex 921.2630642599563 249.74998251130577 552.6499942780238
  endloop
endfacet
facet normal 0.991444861374019 -0.13052619221846787 5.140909987198445e-10
  outer loop
    vertex 921.2630642537385 249.74998260586645 588.649994768525
    vertex 921.2818050554971 249.89233298611217 552.6499942780238
    vertex 921.2818050492793 249.89233308067284 588.649994768525
  endloop
endfacet
facet normal 0.991444861374019 0.13052619221846787 -1.7161163015388642e-10
  outer loop
    vertex 921.2630642599563 249.74998251130577 552.6499942780238
    vertex 921.2818050492793 249.60763213106006 588.649994768525
    vertex 921.2818050554971 249.60763203649938 552.6499942780238
  endloop
endfacet
facet normal 0.991444861374019 0.13052619221846787 -1.7161163015388642e-10
  outer loop
    vertex 921.2818050492793 249.60763213106006 588.649994768525
    vertex 921.2630642599563 249.74998251130577 552.6499942780238
    vertex 921.2630642537385 249.74998260586645 588.649994768525
  endloop
endfacet
facet normal 0.9238795325120024 0.38268343236336205 -8.456192100005174e-10
  outer loop
    vertex 921.2818050554971 249.60763203649938 552.6499942780238
    vertex 921.3367502816566 249.47498260586644 588.649994768525
    vertex 921.3367502878743 249.47498251130574 552.6499942780238
  endloop
endfacet
facet normal 0.9238795325120024 0.38268343236336205 -8.456192100005174e-10
  outer loop
    vertex 921.3367502816566 249.47498260586644 588.649994768525
    vertex 921.2818050554971 249.60763203649938 552.6499942780238
    vertex 921.2818050492793 249.60763213106006 588.649994768525
  endloop
endfacet
facet normal 0.7933533402894509 0.6087614290110458 -1.4619992382483851e-09
  outer loop
    vertex 921.3367502878743 249.47498251130574 552.6499942780238
    vertex 921.4241555240859 249.36107387621385 588.649994768525
    vertex 921.4241555303038 249.36107378165315 552.6499942780238
  endloop
endfacet
facet normal 0.7933533402894509 0.6087614290110458 -1.4619992382483851e-09
  outer loop
    vertex 921.4241555240859 249.36107387621385 588.649994768525
    vertex 921.3367502878743 249.47498251130574 552.6499942780238
    vertex 921.3367502816566 249.47498260586644 588.649994768525
  endloop
endfacet
facet normal 0.6087614290090219 0.7933533402910041 -1.9787464343601596e-09
  outer loop
    vertex 921.4241555240859 249.36107387621385 588.649994768525
    vertex 921.5380642599563 249.2736685392243 552.6499942780238
    vertex 921.4241555303038 249.36107378165315 552.6499942780238
  endloop
endfacet
facet normal 0.6087614290090219 0.7933533402910041 -1.9787464343601596e-09
  outer loop
    vertex 921.5380642599563 249.2736685392243 552.6499942780238
    vertex 921.4241555240859 249.36107387621385 588.649994768525
    vertex 921.5380642537384 249.27366863378498 588.649994768525
  endloop
endfacet
facet normal 0.3826834323657491 0.9238795325110136 -2.360645331060105e-09
  outer loop
    vertex 921.5380642537384 249.27366863378498 588.649994768525
    vertex 921.6707137851496 249.21872330684675 552.6499942780238
    vertex 921.5380642599563 249.2736685392243 552.6499942780238
  endloop
endfacet
facet normal 0.3826834323657491 0.9238795325110136 -2.360645331060105e-09
  outer loop
    vertex 921.6707137851496 249.21872330684675 552.6499942780238
    vertex 921.5380642537384 249.27366863378498 588.649994768525
    vertex 921.6707137789318 249.21872340140746 588.649994768525
  endloop
endfacet
facet normal 2.241719498394339e-07 -0.9999999999998872 -4.1912236171794624e-07
  outer loop
    vertex 904.5630634683511 245.74998627544946 567.8999944268389
    vertex 900.0630645893867 245.74998241112465 568.0999943757831
    vertex 895.563064589387 245.7499847650319 567.8999944268409
  endloop
endfacet
facet normal 2.241719498394339e-07 -0.9999999999998872 -4.1912236171794624e-07
  outer loop
    vertex 900.0630645893867 245.74998241112465 568.0999943757831
    vertex 904.5630634683511 245.74998627544946 567.8999944268389
    vertex 900.4642341092964 245.74998241112482 568.1528093450349
  endloop
endfacet
facet normal 2.241719498394339e-07 -0.9999999999998872 -4.1912236171794624e-07
  outer loop
    vertex 900.4642341092964 245.74998241112482 568.1528093450349
    vertex 904.5630634683511 245.74998627544946 567.8999944268389
    vertex 900.8380645893873 245.74998241112465 568.3076549999172
  endloop
endfacet
facet normal 2.241719498394339e-07 -0.9999999999998872 -4.1912236171794624e-07
  outer loop
    vertex 900.8380645893873 245.74998241112465 568.3076549999172
    vertex 904.5630634683511 245.74998627544946 567.8999944268389
    vertex 901.1590801002259 245.74998241112473 568.553978864944
  endloop
endfacet
facet normal 2.241719498394339e-07 -0.9999999999998872 -4.1912236171794624e-07
  outer loop
    vertex 901.1590801002259 245.74998241112473 568.553978864944
    vertex 904.5630634683511 245.74998627544946 567.8999944268389
    vertex 901.4054039652525 245.74998241112476 568.8749943757831
  endloop
endfacet
facet normal 2.241719498394339e-07 -0.9999999999998872 -4.1912236171794624e-07
  outer loop
    vertex 901.4054039652525 245.74998241112476 568.8749943757831
    vertex 904.5630634683511 245.74998627544946 567.8999944268389
    vertex 904.5630629452021 245.74998458218673 573.1499943757822
  endloop
endfacet
facet normal 2.241719498394339e-07 -0.9999999999998872 -4.1912236171794624e-07
  outer loop
    vertex 901.4054039652525 245.74998241112476 568.8749943757831
    vertex 904.5630629452021 245.74998458218673 573.1499943757822
    vertex 901.5602496201349 245.74998241112482 569.2488248558741
  endloop
endfacet
facet normal 2.241719498394339e-07 -0.9999999999998872 -4.1912236171794624e-07
  outer loop
    vertex 901.5602496201349 245.74998241112482 569.2488248558741
    vertex 904.5630629452021 245.74998458218673 573.1499943757822
    vertex 901.613064589387 245.7499824111246 569.6499943757833
  endloop
endfacet
facet normal 2.241719498394339e-07 -0.9999999999998872 -4.1912236171794624e-07
  outer loop
    vertex 901.613064589387 245.7499824111246 569.6499943757833
    vertex 904.5630629452021 245.74998458218673 573.1499943757822
    vertex 901.5602496201349 245.74998241112473 570.051163895692
  endloop
endfacet
facet normal 2.241719498394339e-07 -0.9999999999998872 -4.1912236171794624e-07
  outer loop
    vertex 901.5602496201349 245.74998241112473 570.051163895692
    vertex 904.5630629452021 245.74998458218673 573.1499943757822
    vertex 901.4054039652525 245.7499824111249 570.4249943757831
  endloop
endfacet
facet normal 2.241719498394339e-07 -0.9999999999998872 -4.1912236171794624e-07
  outer loop
    vertex 901.4054039652525 245.7499824111249 570.4249943757831
    vertex 904.5630629452021 245.74998458218673 573.1499943757822
    vertex 901.1590801002259 245.7499824111249 570.7460098866221
  endloop
endfacet
facet normal 2.241719498394339e-07 -0.9999999999998872 -4.1912236171794624e-07
  outer loop
    vertex 901.1590801002259 245.7499824111249 570.7460098866221
    vertex 904.5630629452021 245.74998458218673 573.1499943757822
    vertex 900.8380645893873 245.7499824111249 570.992333751649
  endloop
endfacet
facet normal 2.241719498394339e-07 -0.9999999999998872 -4.1912236171794624e-07
  outer loop
    vertex 900.8380645893873 245.7499824111249 570.992333751649
    vertex 904.5630629452021 245.74998458218673 573.1499943757822
    vertex 900.4642341092964 245.74998241112482 571.1471794065311
  endloop
endfacet
facet normal 2.241719498394339e-07 -0.9999999999998872 -4.1912236171794624e-07
  outer loop
    vertex 900.4642341092964 245.74998241112482 571.1471794065311
    vertex 904.5630629452021 245.74998458218673 573.1499943757822
    vertex 900.0630645893867 245.7499824111249 571.199994375783
  endloop
endfacet
facet normal 2.241719498394339e-07 -0.9999999999998872 -4.1912236171794624e-07
  outer loop
    vertex 895.563064589387 245.7499847650319 567.8999944268409
    vertex 898.7207252135208 245.74998241112476 568.8749943757831
    vertex 895.563064589387 245.74998205750978 573.1499943757829
  endloop
endfacet
facet normal 2.241719498394339e-07 -0.9999999999998872 -4.1912236171794624e-07
  outer loop
    vertex 898.7207252135208 245.74998241112476 568.8749943757831
    vertex 895.563064589387 245.7499847650319 567.8999944268409
    vertex 898.9670490785481 245.74998241112473 568.553978864944
  endloop
endfacet
facet normal 2.241719498394339e-07 -0.9999999999998872 -4.1912236171794624e-07
  outer loop
    vertex 898.9670490785481 245.74998241112473 568.553978864944
    vertex 895.563064589387 245.7499847650319 567.8999944268409
    vertex 899.2880645893869 245.74998241112465 568.3076549999172
  endloop
endfacet
facet normal 2.241719498394339e-07 -0.9999999999998872 -4.1912236171794624e-07
  outer loop
    vertex 899.2880645893869 245.74998241112465 568.3076549999172
    vertex 895.563064589387 245.7499847650319 567.8999944268409
    vertex 899.6618950694784 245.74998241112482 568.1528093450349
  endloop
endfacet
facet normal 2.241719498394339e-07 -0.9999999999998872 -4.1912236171794624e-07
  outer loop
    vertex 899.6618950694784 245.74998241112482 568.1528093450349
    vertex 895.563064589387 245.7499847650319 567.8999944268409
    vertex 900.0630645893867 245.74998241112465 568.0999943757831
  endloop
endfacet
facet normal 2.241719498394339e-07 -0.9999999999998872 -4.1912236171794624e-07
  outer loop
    vertex 895.563064589387 245.74998205750978 573.1499943757829
    vertex 898.7207252135208 245.74998241112476 568.8749943757831
    vertex 898.5658795586392 245.74998241112482 569.2488248558741
  endloop
endfacet
facet normal 2.241719498394339e-07 -0.9999999999998872 -4.1912236171794624e-07
  outer loop
    vertex 895.563064589387 245.74998205750978 573.1499943757829
    vertex 898.5658795586392 245.74998241112482 569.2488248558741
    vertex 898.513064589387 245.7499824111246 569.6499943757833
  endloop
endfacet
facet normal 2.241719498394339e-07 -0.9999999999998872 -4.1912236171794624e-07
  outer loop
    vertex 895.563064589387 245.74998205750978 573.1499943757829
    vertex 898.513064589387 245.7499824111246 569.6499943757833
    vertex 898.5658795586392 245.74998241112473 570.051163895692
  endloop
endfacet
facet normal 2.241719498394339e-07 -0.9999999999998872 -4.1912236171794624e-07
  outer loop
    vertex 895.563064589387 245.74998205750978 573.1499943757829
    vertex 898.5658795586392 245.74998241112473 570.051163895692
    vertex 898.7207252135208 245.7499824111249 570.4249943757831
  endloop
endfacet
facet normal 2.241719498394339e-07 -0.9999999999998872 -4.1912236171794624e-07
  outer loop
    vertex 895.563064589387 245.74998205750978 573.1499943757829
    vertex 898.7207252135208 245.7499824111249 570.4249943757831
    vertex 898.9670490785481 245.7499824111249 570.7460098866221
  endloop
endfacet
facet normal 2.241719498394339e-07 -0.9999999999998872 -4.1912236171794624e-07
  outer loop
    vertex 895.563064589387 245.74998205750978 573.1499943757829
    vertex 898.9670490785481 245.7499824111249 570.7460098866221
    vertex 899.2880645893869 245.7499824111249 570.992333751649
  endloop
endfacet
facet normal 2.241719498394339e-07 -0.9999999999998872 -4.1912236171794624e-07
  outer loop
    vertex 895.563064589387 245.74998205750978 573.1499943757829
    vertex 899.2880645893869 245.7499824111249 570.992333751649
    vertex 899.6618950694784 245.74998241112482 571.1471794065311
  endloop
endfacet
facet normal 2.241719498394339e-07 -0.9999999999998872 -4.1912236171794624e-07
  outer loop
    vertex 895.563064589387 245.74998205750978 573.1499943757829
    vertex 899.6618950694784 245.74998241112482 571.1471794065311
    vertex 900.0630645893867 245.7499824111249 571.199994375783
  endloop
endfacet
facet normal 2.241719498394339e-07 -0.9999999999998872 -4.1912236171794624e-07
  outer loop
    vertex 895.563064589387 245.74998205750978 573.1499943757829
    vertex 900.0630645893867 245.7499824111249 571.199994375783
    vertex 904.5630629452021 245.74998458218673 573.1499943757822
  endloop
endfacet
facet normal 6.650077083734439e-14 4.887935887155757e-08 0.9999999999999989
  outer loop
    vertex 895.563064589387 245.74998205750978 573.1499943757829
    vertex 904.5630626095536 247.7499845821867 573.1499942780234
    vertex 895.5630642537386 247.74998205750973 573.1499942780242
  endloop
endfacet
facet normal 6.650077083734439e-14 4.887935887155757e-08 0.9999999999999989
  outer loop
    vertex 904.5630626095536 247.7499845821867 573.1499942780234
    vertex 895.563064589387 245.74998205750978 573.1499943757829
    vertex 904.5630629452021 245.74998458218673 573.1499943757822
  endloop
endfacet
facet normal -2.472655258697982e-07 -0.9999999999999694 2.179868769471904e-08
  outer loop
    vertex 948.0630638668031 245.7499824272414 567.8999944268415
    vertex 943.5630638668026 245.74998236636165 568.099994426842
    vertex 939.0630659009306 245.74998416845162 567.8999944268415
  endloop
endfacet
facet normal -2.472655258697982e-07 -0.9999999999999694 2.179868769471904e-08
  outer loop
    vertex 943.5630638668026 245.74998236636165 568.099994426842
    vertex 948.0630638668031 245.7499824272414 567.8999944268415
    vertex 943.9642333867116 245.74998236636185 568.1528093960939
  endloop
endfacet
facet normal -2.472655258697982e-07 -0.9999999999999694 2.179868769471904e-08
  outer loop
    vertex 943.9642333867116 245.74998236636185 568.1528093960939
    vertex 948.0630638668031 245.7499824272414 567.8999944268415
    vertex 944.3380638668025 245.74998236636165 568.3076550509761
  endloop
endfacet
facet normal -2.472655258697982e-07 -0.9999999999999694 2.179868769471904e-08
  outer loop
    vertex 944.3380638668025 245.74998236636165 568.3076550509761
    vertex 948.0630638668031 245.7499824272414 567.8999944268415
    vertex 944.6590793776419 245.74998236636176 568.553978916003
  endloop
endfacet
facet normal -2.472655258697982e-07 -0.9999999999999694 2.179868769471904e-08
  outer loop
    vertex 944.6590793776419 245.74998236636176 568.553978916003
    vertex 948.0630638668031 245.7499824272414 567.8999944268415
    vertex 944.9054032426685 245.7499823663618 568.874994426842
  endloop
endfacet
facet normal -2.472655258697982e-07 -0.9999999999999694 2.179868769471904e-08
  outer loop
    vertex 944.9054032426685 245.7499823663618 568.874994426842
    vertex 948.0630638668031 245.7499824272414 567.8999944268415
    vertex 948.0630638668031 245.7499820575055 573.1499944268419
  endloop
endfacet
facet normal -2.472655258697982e-07 -0.9999999999999694 2.179868769471904e-08
  outer loop
    vertex 944.9054032426685 245.7499823663618 568.874994426842
    vertex 948.0630638668031 245.7499820575055 573.1499944268419
    vertex 945.0602488975509 245.74998236636185 569.248824906933
  endloop
endfacet
facet normal -2.472655258697982e-07 -0.9999999999999694 2.179868769471904e-08
  outer loop
    vertex 945.0602488975509 245.74998236636185 569.248824906933
    vertex 948.0630638668031 245.7499820575055 573.1499944268419
    vertex 945.1130638668022 245.74998236636162 569.6499944268421
  endloop
endfacet
facet normal -2.472655258697982e-07 -0.9999999999999694 2.179868769471904e-08
  outer loop
    vertex 945.1130638668022 245.74998236636162 569.6499944268421
    vertex 948.0630638668031 245.7499820575055 573.1499944268419
    vertex 945.0602488975509 245.74998236636176 570.0511639467509
  endloop
endfacet
facet normal -2.472655258697982e-07 -0.9999999999999694 2.179868769471904e-08
  outer loop
    vertex 945.0602488975509 245.74998236636176 570.0511639467509
    vertex 948.0630638668031 245.7499820575055 573.1499944268419
    vertex 944.9054032426685 245.74998236636193 570.424994426842
  endloop
endfacet
facet normal -2.472655258697982e-07 -0.9999999999999694 2.179868769471904e-08
  outer loop
    vertex 944.9054032426685 245.74998236636193 570.424994426842
    vertex 948.0630638668031 245.7499820575055 573.1499944268419
    vertex 944.6590793776419 245.74998236636193 570.746009937681
  endloop
endfacet
facet normal -2.472655258697982e-07 -0.9999999999999694 2.179868769471904e-08
  outer loop
    vertex 944.6590793776419 245.74998236636193 570.746009937681
    vertex 948.0630638668031 245.7499820575055 573.1499944268419
    vertex 944.3380638668025 245.74998236636193 570.9923338027079
  endloop
endfacet
facet normal -2.472655258697982e-07 -0.9999999999999694 2.179868769471904e-08
  outer loop
    vertex 944.3380638668025 245.74998236636193 570.9923338027079
    vertex 948.0630638668031 245.7499820575055 573.1499944268419
    vertex 943.9642333867116 245.74998236636185 571.14717945759
  endloop
endfacet
facet normal -2.472655258697982e-07 -0.9999999999999694 2.179868769471904e-08
  outer loop
    vertex 943.9642333867116 245.74998236636185 571.14717945759
    vertex 948.0630638668031 245.7499820575055 573.1499944268419
    vertex 943.5630638668026 245.74998236636193 571.1999944268418
  endloop
endfacet
facet normal -2.472655258697982e-07 -0.9999999999999694 2.179868769471904e-08
  outer loop
    vertex 943.5630638668026 245.74998236636193 571.1999944268418
    vertex 948.0630638668031 245.7499820575055 573.1499944268419
    vertex 939.06306685019 245.74998476707353 573.1499944268411
  endloop
endfacet
facet normal -2.472655258697982e-07 -0.9999999999999694 2.179868769471904e-08
  outer loop
    vertex 939.0630659009306 245.74998416845162 567.8999944268415
    vertex 942.2207244909367 245.7499823663618 568.874994426842
    vertex 939.06306685019 245.74998476707353 573.1499944268411
  endloop
endfacet
facet normal -2.472655258697982e-07 -0.9999999999999694 2.179868769471904e-08
  outer loop
    vertex 942.2207244909367 245.7499823663618 568.874994426842
    vertex 939.0630659009306 245.74998416845162 567.8999944268415
    vertex 942.4670483559634 245.74998236636176 568.553978916003
  endloop
endfacet
facet normal -2.472655258697982e-07 -0.9999999999999694 2.179868769471904e-08
  outer loop
    vertex 942.4670483559634 245.74998236636176 568.553978916003
    vertex 939.0630659009306 245.74998416845162 567.8999944268415
    vertex 942.7880638668029 245.74998236636165 568.3076550509761
  endloop
endfacet
facet normal -2.472655258697982e-07 -0.9999999999999694 2.179868769471904e-08
  outer loop
    vertex 942.7880638668029 245.74998236636165 568.3076550509761
    vertex 939.0630659009306 245.74998416845162 567.8999944268415
    vertex 943.1618943468936 245.74998236636185 568.1528093960939
  endloop
endfacet
facet normal -2.472655258697982e-07 -0.9999999999999694 2.179868769471904e-08
  outer loop
    vertex 943.1618943468936 245.74998236636185 568.1528093960939
    vertex 939.0630659009306 245.74998416845162 567.8999944268415
    vertex 943.5630638668026 245.74998236636165 568.099994426842
  endloop
endfacet
facet normal -2.472655258697982e-07 -0.9999999999999694 2.179868769471904e-08
  outer loop
    vertex 939.06306685019 245.74998476707353 573.1499944268411
    vertex 942.2207244909367 245.7499823663618 568.874994426842
    vertex 942.0658788360544 245.74998236636185 569.248824906933
  endloop
endfacet
facet normal -2.472655258697982e-07 -0.9999999999999694 2.179868769471904e-08
  outer loop
    vertex 939.06306685019 245.74998476707353 573.1499944268411
    vertex 942.0658788360544 245.74998236636185 569.248824906933
    vertex 942.013063866803 245.74998236636162 569.6499944268421
  endloop
endfacet
facet normal -2.472655258697982e-07 -0.9999999999999694 2.179868769471904e-08
  outer loop
    vertex 939.06306685019 245.74998476707353 573.1499944268411
    vertex 942.013063866803 245.74998236636162 569.6499944268421
    vertex 942.0658788360544 245.74998236636176 570.0511639467509
  endloop
endfacet
facet normal -2.472655258697982e-07 -0.9999999999999694 2.179868769471904e-08
  outer loop
    vertex 939.06306685019 245.74998476707353 573.1499944268411
    vertex 942.0658788360544 245.74998236636176 570.0511639467509
    vertex 942.2207244909367 245.74998236636193 570.424994426842
  endloop
endfacet
facet normal -2.472655258697982e-07 -0.9999999999999694 2.179868769471904e-08
  outer loop
    vertex 939.06306685019 245.74998476707353 573.1499944268411
    vertex 942.2207244909367 245.74998236636193 570.424994426842
    vertex 942.4670483559634 245.74998236636193 570.746009937681
  endloop
endfacet
facet normal -2.472655258697982e-07 -0.9999999999999694 2.179868769471904e-08
  outer loop
    vertex 939.06306685019 245.74998476707353 573.1499944268411
    vertex 942.4670483559634 245.74998236636193 570.746009937681
    vertex 942.7880638668029 245.74998236636193 570.9923338027079
  endloop
endfacet
facet normal -2.472655258697982e-07 -0.9999999999999694 2.179868769471904e-08
  outer loop
    vertex 939.06306685019 245.74998476707353 573.1499944268411
    vertex 942.7880638668029 245.74998236636193 570.9923338027079
    vertex 943.1618943468936 245.74998236636185 571.14717945759
  endloop
endfacet
facet normal -2.472655258697982e-07 -0.9999999999999694 2.179868769471904e-08
  outer loop
    vertex 939.06306685019 245.74998476707353 573.1499944268411
    vertex 943.1618943468936 245.74998236636185 571.14717945759
    vertex 943.5630638668026 245.74998236636193 571.1999944268418
  endloop
endfacet
facet normal -6.78371885397671e-14 7.440885383404404e-08 0.9999999999999973
  outer loop
    vertex 948.0630638668031 245.7499820575055 573.1499944268419
    vertex 939.0630672371251 247.74998476707347 573.1499942780234
    vertex 939.06306685019 245.74998476707353 573.1499944268411
  endloop
endfacet
facet normal -6.78371885397671e-14 7.440885383404404e-08 0.9999999999999973
  outer loop
    vertex 939.0630672371251 247.74998476707347 573.1499942780234
    vertex 948.0630638668031 245.7499820575055 573.1499944268419
    vertex 948.0630642537382 247.74998205750543 573.1499942780242
  endloop
endfacet
facet normal 0.9999999999999998 -2.5829486738837963e-08 3.808198789630087e-09
  outer loop
    vertex 948.063064259956 254.74998231883248 546.6499942780242
    vertex 948.0630642537382 247.7499824863991 565.8999942780239
    vertex 948.063064259956 247.749982471059 546.6499942780243
  endloop
endfacet
facet normal 0.9999999999999998 -2.5829486738837963e-08 3.808198789630087e-09
  outer loop
    vertex 948.0630642537382 247.7499824863991 565.8999942780239
    vertex 948.063064259956 254.74998231883248 546.6499942780242
    vertex 948.0630642537382 254.74998190527876 573.1499942780243
  endloop
endfacet
facet normal 0.9999999999999998 -2.5829486738837963e-08 3.808198789630087e-09
  outer loop
    vertex 948.0630638668031 245.7499824272414 567.8999944268415
    vertex 948.0630642537382 247.74998205750543 573.1499942780242
    vertex 948.0630638668031 245.7499820575055 573.1499944268419
  endloop
endfacet
facet normal 0.9999999999999998 -2.5829486738837963e-08 3.808198789630087e-09
  outer loop
    vertex 948.0630642537382 247.74998205750543 573.1499942780242
    vertex 948.0630638668031 245.7499824272414 567.8999944268415
    vertex 948.0630642537382 247.7499824863991 565.8999942780239
  endloop
endfacet
facet normal 0.9999999999999998 -2.5829486738837963e-08 3.808198789630087e-09
  outer loop
    vertex 948.0630642537382 247.74998205750543 573.1499942780242
    vertex 948.0630642537382 247.7499824863991 565.8999942780239
    vertex 948.0630642537382 254.74998190527876 573.1499942780243
  endloop
endfacet
facet normal -9.876174747913778e-08 -0.707106882627872 -0.7071066797452016
  outer loop
    vertex 948.0630642537382 247.7499824863991 565.8999942780239
    vertex 939.0630659009306 245.74998416845162 567.8999944268415
    vertex 939.0630659262437 247.74998325925174 565.8999942780238
  endloop
endfacet
facet normal -9.876174747913778e-08 -0.707106882627872 -0.7071066797452016
  outer loop
    vertex 939.0630659009306 245.74998416845162 567.8999944268415
    vertex 948.0630642537382 247.7499824863991 565.8999942780239
    vertex 948.0630638668031 245.7499824272414 567.8999944268415
  endloop
endfacet
facet normal 7.882572758071738e-08 -0.7071072591173129 -0.7071063032554549
  outer loop
    vertex 904.5630634683511 245.74998627544946 567.8999944268389
    vertex 895.5630642537386 247.7499827173937 565.8999942780238
    vertex 904.5630633319986 247.7499832135519 565.8999942780238
  endloop
endfacet
facet normal 7.882572758071738e-08 -0.7071072591173129 -0.7071063032554549
  outer loop
    vertex 895.5630642537386 247.7499827173937 565.8999942780238
    vertex 904.5630634683511 245.74998627544946 567.8999944268389
    vertex 895.563064589387 245.7499847650319 567.8999944268409
  endloop
endfacet
facet normal 1.0 3.730938974664833e-09 1.8647162568287492e-09
  outer loop
    vertex 944.3130642599561 254.74998341473105 546.6499947654321
    vertex 944.3130641906794 269.2499834711982 549.649994779766
    vertex 944.3130642256322 254.74998245210463 566.8499942780243
  endloop
endfacet
facet normal 1.0 3.730938974664833e-09 1.8647162568287492e-09
  outer loop
    vertex 944.3130641906794 269.2499834711982 549.649994779766
    vertex 944.3130642599561 254.74998341473105 546.6499947654321
    vertex 944.3130642187848 269.24998346472114 546.649994779766
  endloop
endfacet
facet normal -2.4440838890117263e-08 0.9999999999999996 -1.7845000938390333e-08
  outer loop
    vertex 899.3130639058927 269.2499824096133 549.6499942923581
    vertex 944.3130642187848 269.24998346472114 546.649994779766
    vertex 899.3130639339981 269.2499824031363 546.649994292358
  endloop
endfacet
facet normal -2.4440838890117263e-08 0.9999999999999996 -1.7845000938390333e-08
  outer loop
    vertex 944.3130642187848 269.24998346472114 546.649994779766
    vertex 899.3130639058927 269.2499824096133 549.6499942923581
    vertex 904.5630640917974 269.2499824910061 549.6499942923581
  endloop
endfacet
facet normal -2.4440838890117263e-08 0.9999999999999996 -1.7845000938390333e-08
  outer loop
    vertex 944.3130642187848 269.24998346472114 546.649994779766
    vertex 904.5630640917974 269.2499824910061 549.6499942923581
    vertex 924.8130642687918 269.2499830575866 549.649994504408
  endloop
endfacet
facet normal -2.4440838890117263e-08 0.9999999999999996 -1.7845000938390333e-08
  outer loop
    vertex 944.3130642187848 269.24998346472114 546.649994779766
    vertex 924.8130642687918 269.2499830575866 549.649994504408
    vertex 944.3130641906794 269.2499834711982 549.649994779766
  endloop
endfacet
facet normal -2.4440838890117263e-08 0.9999999999999996 -1.7845000938390333e-08
  outer loop
    vertex 924.8130642687918 269.2499830575866 549.649994504408
    vertex 904.5630640917974 269.2499824910061 549.6499942923581
    vertex 918.8130642615566 269.2499830390868 549.6499944943841
  endloop
endfacet
facet normal -2.4440838890117263e-08 0.9999999999999996 -1.7845000938390333e-08
  outer loop
    vertex 944.3130641906794 269.2499834711982 549.649994779766
    vertex 924.8130642687918 269.2499830575866 549.649994504408
    vertex 939.0630642187853 269.2499834562914 549.649994779766
  endloop
endfacet
facet normal 1.5923851115187773e-19 -1.0 2.159011458502363e-09
  outer loop
    vertex 918.8130642774632 264.99998253346496 549.6499943226124
    vertex 904.5630641857924 264.9999825269879 546.6499943236635
    vertex 918.8130643055695 264.9999825269879 546.6499943226124
  endloop
endfacet
facet normal 1.5923851115187773e-19 -1.0 2.159011458502363e-09
  outer loop
    vertex 904.5630641857924 264.9999825269879 546.6499943236635
    vertex 918.8130642774632 264.99998253346496 549.6499943226124
    vertex 904.563064157687 264.99998253346496 549.6499943236635
  endloop
endfacet
facet normal 2.3590773334525604e-08 -0.9999999999999998 2.159011679513592e-09
  outer loop
    vertex 939.0630642014493 264.9999833408696 546.6499945174725
    vertex 924.8130641724057 264.99998301117813 549.6499944333303
    vertex 924.8130642005112 264.9999830047011 546.6499944333302
  endloop
endfacet
facet normal 2.3590773334525604e-08 -0.9999999999999998 2.159011679513592e-09
  outer loop
    vertex 924.8130641724057 264.99998301117813 549.6499944333303
    vertex 939.0630642014493 264.9999833408696 546.6499945174725
    vertex 939.0630641733438 264.99998334734664 549.6499945174725
  endloop
endfacet
facet normal -1.0 -1.65026611625562e-08 -1.974511422509225e-09
  outer loop
    vertex 899.3130639058927 269.2499824096133 549.6499942923581
    vertex 899.313064160487 254.7499824066739 546.6698823155174
    vertex 899.3130641244737 254.749982115252 566.5999942780243
  endloop
endfacet
facet normal -1.0 -1.65026611625562e-08 -1.974511422509225e-09
  outer loop
    vertex 899.313064160487 254.7499824066739 546.6698823155174
    vertex 899.3130639058927 269.2499824096133 549.6499942923581
    vertex 899.3130639339981 269.2499824031363 546.649994292358
  endloop
endfacet
facet normal 0.999999999999998 -6.274187600768956e-08 -9.358156102776606e-09
  outer loop
    vertex 904.5630642598886 254.7499822719811 554.6499942599905
    vertex 904.5630633319986 247.7499832135519 565.8999942780238
    vertex 904.5630642598886 247.74998242420784 554.6499942599906
  endloop
endfacet
facet normal 0.999999999999998 -6.274187600768956e-08 -9.358156102776606e-09
  outer loop
    vertex 904.5630633319986 247.7499832135519 565.8999942780238
    vertex 904.5630642598886 254.7499822719811 554.6499942599905
    vertex 904.563067709559 254.74997702551238 567.1499885432951
  endloop
endfacet
facet normal 0.999999999999998 -6.274187600768956e-08 -9.358156102776606e-09
  outer loop
    vertex 904.563067709559 254.74997702551238 567.1499885432951
    vertex 904.5630642598886 254.7499822719811 554.6499942599905
    vertex 904.5630643103784 254.7499821966448 566.5999942780243
  endloop
endfacet
facet normal 0.999999999999998 -6.274187600768956e-08 -9.358156102776606e-09
  outer loop
    vertex 904.5630643103784 254.7499821966448 566.5999942780243
    vertex 904.5630642598886 254.7499822719811 554.6499942599905
    vertex 904.5630640917974 269.2499824910061 549.6499942923581
  endloop
endfacet
facet normal 0.999999999999998 -6.274187600768956e-08 -9.358156102776606e-09
  outer loop
    vertex 904.5630640917974 269.2499824910061 549.6499942923581
    vertex 904.5630642598886 254.7499822719811 554.6499942599905
    vertex 904.563064157687 264.99998253346496 549.6499943236635
  endloop
endfacet
facet normal 0.999999999999998 -6.274187600768956e-08 -9.358156102776606e-09
  outer loop
    vertex 904.563064157687 264.99998253346496 549.6499943236635
    vertex 904.5630642598886 254.7499822719811 554.6499942599905
    vertex 904.5630641857924 254.74998290906157 546.6499943064861
  endloop
endfacet
facet normal 0.999999999999998 -6.274187600768956e-08 -9.358156102776606e-09
  outer loop
    vertex 904.563064157687 264.99998253346496 549.6499943236635
    vertex 904.5630641857924 254.74998290906157 546.6499943064861
    vertex 904.5630641857924 264.9999825269879 546.6499943236635
  endloop
endfacet
facet normal 0.999999999999998 -6.274187600768956e-08 -9.358156102776606e-09
  outer loop
    vertex 904.5630633319986 247.7499832135519 565.8999942780238
    vertex 904.5630626095536 247.74998258678892 567.1499929349278
    vertex 904.5630634683511 245.74998627544946 567.8999944268389
  endloop
endfacet
facet normal 0.999999999999998 -6.274187600768956e-08 -9.358156102776606e-09
  outer loop
    vertex 904.5630626095536 247.74998258678892 567.1499929349278
    vertex 904.5630633319986 247.7499832135519 565.8999942780238
    vertex 904.563067709559 254.74997702551238 567.1499885432951
  endloop
endfacet
facet normal 0.999999999999998 -6.274187600768956e-08 -9.358156102776606e-09
  outer loop
    vertex 904.5630634683511 245.74998627544946 567.8999944268389
    vertex 904.5630626095536 247.7499845821867 573.1499942780234
    vertex 904.5630629452021 245.74998458218673 573.1499943757822
  endloop
endfacet
facet normal 0.999999999999998 -6.274187600768956e-08 -9.358156102776606e-09
  outer loop
    vertex 904.5630626095536 247.7499845821867 573.1499942780234
    vertex 904.5630634683511 245.74998627544946 567.8999944268389
    vertex 904.5630626095536 247.74998258678892 567.1499929349278
  endloop
endfacet
facet normal -1.1780851932947744e-08 0.7598891478410641 0.6500526770911579
  outer loop
    vertex 899.3130641244737 254.749982115252 566.5999942780243
    vertex 904.5630640917974 269.2499824910061 549.6499942923581
    vertex 899.3130639058927 269.2499824096133 549.6499942923581
  endloop
endfacet
facet normal -1.1780851932947744e-08 0.7598891478410641 0.6500526770911579
  outer loop
    vertex 904.5630640917974 269.2499824910061 549.6499942923581
    vertex 899.3130641244737 254.749982115252 566.5999942780243
    vertex 904.5630643103784 254.7499821966448 566.5999942780243
  endloop
endfacet
facet normal -0.9999999999999949 -1.0209973844670019e-07 3.0221305531471534e-09
  outer loop
    vertex 939.0630672371251 247.74998476707347 573.1499942780234
    vertex 939.0630661522554 247.7499789505926 567.149992657182
    vertex 939.06306685019 245.74998476707353 573.1499944268411
  endloop
endfacet
facet normal -0.9999999999999949 -1.0209973844670019e-07 3.0221305531471534e-09
  outer loop
    vertex 939.0630642598685 254.74998224411056 554.6499942768581
    vertex 939.0630642598685 247.74998239633726 554.6499942768581
    vertex 939.0630659262437 247.74998325925174 565.8999942780238
  endloop
endfacet
facet normal -0.9999999999999949 -1.0209973844670019e-07 3.0221305531471534e-09
  outer loop
    vertex 939.06306685019 245.74998476707353 573.1499944268411
    vertex 939.0630659262437 247.74998325925174 565.8999942780238
    vertex 939.0630659009306 245.74998416845162 567.8999944268415
  endloop
endfacet
facet normal -0.9999999999999949 -1.0209973844670019e-07 3.0221305531471534e-09
  outer loop
    vertex 939.0630659262437 247.74998325925174 565.8999942780238
    vertex 939.06306685019 245.74998476707353 573.1499944268411
    vertex 939.0630661522554 247.7499789505926 567.149992657182
  endloop
endfacet
facet normal -0.9999999999999949 -1.0209973844670019e-07 3.0221305531471534e-09
  outer loop
    vertex 939.0630659262437 247.74998325925174 565.8999942780238
    vertex 939.0630661522554 247.7499789505926 567.149992657182
    vertex 939.0630596865113 254.74998838371414 567.1499858946684
  endloop
endfacet
facet normal -0.9999999999999949 -1.0209973844670019e-07 3.0221305531471534e-09
  outer loop
    vertex 939.0630659262437 247.74998325925174 565.8999942780238
    vertex 939.0630596865113 254.74998838371414 567.1499858946684
    vertex 939.063064253738 254.74998243719781 566.8499942780243
  endloop
endfacet
facet normal -0.9999999999999949 -1.0209973844670019e-07 3.0221305531471534e-09
  outer loop
    vertex 939.0630659262437 247.74998325925174 565.8999942780238
    vertex 939.063064253738 254.74998243719781 566.8499942780243
    vertex 939.0630642598685 254.74998224411056 554.6499942768581
  endloop
endfacet
facet normal -0.9999999999999949 -1.0209973844670019e-07 3.0221305531471534e-09
  outer loop
    vertex 939.063064253738 254.74998243719781 566.8499942780243
    vertex 939.063064443255 254.74998339982415 546.6499945405046
    vertex 939.0630642598685 254.74998224411056 554.6499942768581
  endloop
endfacet
facet normal -0.9999999999999949 -1.0209973844670019e-07 3.0221305531471534e-09
  outer loop
    vertex 939.063064443255 254.74998339982415 546.6499945405046
    vertex 939.063064253738 254.74998243719781 566.8499942780243
    vertex 939.0630641733438 264.99998334734664 549.6499945174725
  endloop
endfacet
facet normal -0.9999999999999949 -1.0209973844670019e-07 3.0221305531471534e-09
  outer loop
    vertex 939.0630641733438 264.99998334734664 549.6499945174725
    vertex 939.063064253738 254.74998243719781 566.8499942780243
    vertex 939.0630642187853 269.2499834562914 549.649994779766
  endloop
endfacet
facet normal -0.9999999999999949 -1.0209973844670019e-07 3.0221305531471534e-09
  outer loop
    vertex 939.063064443255 254.74998339982415 546.6499945405046
    vertex 939.0630641733438 264.99998334734664 549.6499945174725
    vertex 939.0630642014493 264.9999833408696 546.6499945174725
  endloop
endfacet
facet normal -1.2268442668929926e-09 0.7645652429972379 0.644546343718258
  outer loop
    vertex 939.063064253738 254.74998243719781 566.8499942780243
    vertex 944.3130641906794 269.2499834711982 549.649994779766
    vertex 939.0630642187853 269.2499834562914 549.649994779766
  endloop
endfacet
facet normal -1.2268442668929926e-09 0.7645652429972379 0.644546343718258
  outer loop
    vertex 944.3130641906794 269.2499834711982 549.649994779766
    vertex 939.063064253738 254.74998243719781 566.8499942780243
    vertex 944.3130642256322 254.74998245210463 566.8499942780243
  endloop
endfacet
facet normal -1.2268442668929926e-09 0.7645652429972379 0.644546343718258
  outer loop
    vertex 944.3130642256322 254.74998245210463 566.8499942780243
    vertex 939.063064253738 254.74998243719781 566.8499942780243
    vertex 940.7630642537384 254.74998249835608 566.8499942780243
  endloop
endfacet
facet normal 7.586238760056941e-09 0.9999999999999942 1.0696042730211121e-07
  outer loop
    vertex 904.5630642598886 254.7499822719811 554.6499942599905
    vertex 918.8130643055695 254.74998290906157 546.6499943064861
    vertex 904.5630641857924 254.74998290906157 546.6499943064861
  endloop
endfacet
facet normal 7.586238760056941e-09 0.9999999999999942 1.0696042730211121e-07
  outer loop
    vertex 918.8130643055695 254.74998290906157 546.6499943064861
    vertex 904.5630642598886 254.7499822719811 554.6499942599905
    vertex 918.8130642598883 254.74998226261692 554.6499942604692
  endloop
endfacet
facet normal -2.4480421783128722e-08 0.9999999999999991 3.6296348961679023e-08
  outer loop
    vertex 939.0630596865113 254.74998838371414 567.1499858946684
    vertex 940.7630642537384 254.74998249835608 566.8499942780243
    vertex 939.063064253738 254.74998243719781 566.8499942780243
  endloop
endfacet
facet normal -2.4480421783128722e-08 0.9999999999999991 3.6296348961679023e-08
  outer loop
    vertex 940.7630642537384 254.74998249835608 566.8499942780243
    vertex 939.0630596865113 254.74998838371414 567.1499858946684
    vertex 940.7630642537384 254.74998242539604 572.4499942780243
  endloop
endfacet
facet normal -2.4480421783128722e-08 0.9999999999999991 3.6296348961679023e-08
  outer loop
    vertex 940.7630642537384 254.74998242539604 572.4499942780243
    vertex 939.0630596865113 254.74998838371414 567.1499858946684
    vertex 924.8130642317259 254.74998025288718 582.6499957088291
  endloop
endfacet
facet normal -2.4480421783128722e-08 0.9999999999999991 3.6296348961679023e-08
  outer loop
    vertex 940.7630642537384 254.74998242539604 572.4499942780243
    vertex 924.8130642317259 254.74998025288718 582.6499957088291
    vertex 946.3630642537386 254.74998242539604 572.4499942780243
  endloop
endfacet
facet normal -2.4480421783128722e-08 0.9999999999999991 3.6296348961679023e-08
  outer loop
    vertex 946.3630642537386 254.74998242539604 572.4499942780243
    vertex 924.8130642317259 254.74998025288718 582.6499957088291
    vertex 948.0630642537382 254.74998190527876 573.1499942780243
  endloop
endfacet
facet normal -2.4480421783128722e-08 0.9999999999999991 3.6296348961679023e-08
  outer loop
    vertex 948.0630642537382 254.74998190527876 573.1499942780243
    vertex 924.8130642317259 254.74998025288718 582.6499957088291
    vertex 933.8130642537385 254.7499824536397 588.6499947685248
  endloop
endfacet
facet normal -2.4480421783128722e-08 0.9999999999999991 3.6296348961679023e-08
  outer loop
    vertex 933.8130642537385 254.7499824536397 588.6499947685248
    vertex 924.8130642317259 254.74998025288718 582.6499957088291
    vertex 924.8130642353686 254.74998088728725 588.6499947721178
  endloop
endfacet
facet normal -2.4480421783128722e-08 0.9999999999999991 3.6296348961679023e-08
  outer loop
    vertex 944.3130642599561 254.74998341473105 546.6499947654321
    vertex 948.0630642537382 254.74998190527876 573.1499942780243
    vertex 948.063064259956 254.74998231883248 546.6499942780242
  endloop
endfacet
facet normal -2.4480421783128722e-08 0.9999999999999991 3.6296348961679023e-08
  outer loop
    vertex 948.0630642537382 254.74998190527876 573.1499942780243
    vertex 944.3130642599561 254.74998341473105 546.6499947654321
    vertex 946.3630642537386 254.7499824253961 566.8499942780243
  endloop
endfacet
facet normal -2.4480421783128722e-08 0.9999999999999991 3.6296348961679023e-08
  outer loop
    vertex 946.3630642537386 254.7499824253961 566.8499942780243
    vertex 944.3130642599561 254.74998341473105 546.6499947654321
    vertex 944.3130642256322 254.74998245210463 566.8499942780243
  endloop
endfacet
facet normal -2.4480421783128722e-08 0.9999999999999991 3.6296348961679023e-08
  outer loop
    vertex 948.0630642537382 254.74998190527876 573.1499942780243
    vertex 946.3630642537386 254.7499824253961 566.8499942780243
    vertex 946.3630642537386 254.74998242539604 572.4499942780243
  endloop
endfacet
facet normal -3.604868367573928e-08 0.999999999999986 1.6379074087762682e-07
  outer loop
    vertex 924.8130642668353 254.74998225388032 554.6499942762281
    vertex 939.063064443255 254.74998339982415 546.6499945405046
    vertex 924.8130644423169 254.7499830636556 546.6499943861587
  endloop
endfacet
facet normal -3.604868367573928e-08 0.999999999999986 1.6379074087762682e-07
  outer loop
    vertex 939.063064443255 254.74998339982415 546.6499945405046
    vertex 924.8130642668353 254.74998225388032 554.6499942762281
    vertex 939.0630642598685 254.74998224411056 554.6499942768581
  endloop
endfacet
facet normal -1.261403955515109e-08 -3.922015146738384e-08 0.9999999999999991
  outer loop
    vertex 939.0630641733438 264.99998334734664 549.6499945174725
    vertex 924.8130642687918 269.2499830575866 549.649994504408
    vertex 924.8130641724057 264.99998301117813 549.6499944333303
  endloop
endfacet
facet normal -1.261403955515109e-08 -3.922015146738384e-08 0.9999999999999991
  outer loop
    vertex 924.8130642687918 269.2499830575866 549.649994504408
    vertex 939.0630641733438 264.99998334734664 549.6499945174725
    vertex 939.0630642187853 269.2499834562914 549.649994779766
  endloop
endfacet
facet normal -7.05175702017479e-09 -1.6525444873936504e-08 1.0
  outer loop
    vertex 904.563064157687 264.99998253346496 549.6499943236635
    vertex 918.8130642615566 269.2499830390868 549.6499944943841
    vertex 904.5630640917974 269.2499824910061 549.6499942923581
  endloop
endfacet
facet normal -7.05175702017479e-09 -1.6525444873936504e-08 1.0
  outer loop
    vertex 918.8130642615566 269.2499830390868 549.6499944943841
    vertex 904.563064157687 264.99998253346496 549.6499943236635
    vertex 918.8130642774632 264.99998253346496 549.6499943226124
  endloop
endfacet
facet normal -1.0 -3.0544539895935323e-10 -1.3701420393435922e-09
  outer loop
    vertex 918.8130642317258 254.74998020707554 582.6499957099376
    vertex 918.8130642598883 247.74998241484366 554.6499942604692
    vertex 918.8130642537384 247.74998113974797 582.6499952138398
  endloop
endfacet
facet normal -1.0 -3.0544539895935323e-10 -1.3701420393435922e-09
  outer loop
    vertex 918.8130642598883 247.74998241484366 554.6499942604692
    vertex 918.8130642317258 254.74998020707554 582.6499957099376
    vertex 918.8130642598883 254.74998226261692 554.6499942604692
  endloop
endfacet
facet normal -1.0 -3.0544539895935323e-10 -1.3701420393435922e-09
  outer loop
    vertex 918.8130642598883 254.74998226261692 554.6499942604692
    vertex 918.8130642317258 254.74998020707554 582.6499957099376
    vertex 918.8130642281329 254.74998088987127 588.6499947685246
  endloop
endfacet
facet normal -1.0 -3.0544539895935323e-10 -1.3701420393435922e-09
  outer loop
    vertex 918.8130642598883 254.74998226261692 554.6499942604692
    vertex 918.8130642281329 254.74998088987127 588.6499947685246
    vertex 918.8130642615566 269.2499830390868 549.6499944943841
  endloop
endfacet
facet normal -1.0 -3.0544539895935323e-10 -1.3701420393435922e-09
  outer loop
    vertex 918.8130642598883 254.74998226261692 554.6499942604692
    vertex 918.8130642615566 269.2499830390868 549.6499944943841
    vertex 918.8130642774632 264.99998253346496 549.6499943226124
  endloop
endfacet
facet normal -1.0 -3.0544539895935323e-10 -1.3701420393435922e-09
  outer loop
    vertex 918.8130642598883 254.74998226261692 554.6499942604692
    vertex 918.8130642774632 264.99998253346496 549.6499943226124
    vertex 918.8130643055695 254.74998290906157 546.6499943064861
  endloop
endfacet
facet normal -1.0 -3.0544539895935323e-10 -1.3701420393435922e-09
  outer loop
    vertex 918.8130643055695 254.74998290906157 546.6499943064861
    vertex 918.8130642774632 264.99998253346496 549.6499943226124
    vertex 918.8130643055695 264.9999825269879 546.6499943226124
  endloop
endfacet
facet normal -0.7361677829692371 -6.440845360248393e-07 -0.6767990804646112
  outer loop
    vertex 924.8130642537384 247.74998118555962 582.6499952127313
    vertex 928.0366071184312 248.3522049345257 579.1436866991505
    vertex 928.813064253739 248.24998241339281 578.2991189706634
  endloop
endfacet
facet normal -0.7361677829692371 -6.440845360248393e-07 -0.6767990804646112
  outer loop
    vertex 928.0366071184312 248.3522049345257 579.1436866991505
    vertex 924.8130642537384 247.74998118555962 582.6499952127313
    vertex 927.3130642537378 248.65190620203933 579.9306983380924
  endloop
endfacet
facet normal -0.7361677829692371 -6.440845360248393e-07 -0.6767990804646112
  outer loop
    vertex 927.3130642537378 248.65190620203933 579.9306983380924
    vertex 924.8130642537384 247.74998118555962 582.6499952127313
    vertex 926.6917439101786 249.12866206983307 580.6065203448936
  endloop
endfacet
facet normal -0.7361677829692371 -6.440845360248393e-07 -0.6767990804646112
  outer loop
    vertex 926.6917439101786 249.12866206983307 580.6065203448936
    vertex 924.8130642537384 247.74998118555962 582.6499952127313
    vertex 926.2149880423847 249.7499824133927 581.1250965666394
  endloop
endfacet
facet normal -0.7361677829692371 -6.440845360248393e-07 -0.6767990804646112
  outer loop
    vertex 926.2149880423847 249.7499824133927 581.1250965666394
    vertex 924.8130642537384 247.74998118555962 582.6499952127313
    vertex 925.9152867748716 250.47352527808516 581.4510868908058
  endloop
endfacet
facet normal -0.7361677829692371 -6.440845360248393e-07 -0.6767990804646112
  outer loop
    vertex 925.9152867748716 250.47352527808516 581.4510868908058
    vertex 924.8130642537384 247.74998118555962 582.6499952127313
    vertex 924.8130642317259 254.74998025288718 582.6499957088291
  endloop
endfacet
facet normal -0.7361677829692371 -6.440845360248393e-07 -0.6767990804646112
  outer loop
    vertex 925.9152867748716 250.47352527808516 581.4510868908058
    vertex 924.8130642317259 254.74998025288718 582.6499957088291
    vertex 925.8130642537382 251.24998241339284 581.5622756155248
  endloop
endfacet
facet normal -0.7361677829692371 -6.440845360248393e-07 -0.6767990804646112
  outer loop
    vertex 925.8130642537382 251.24998241339284 581.5622756155248
    vertex 924.8130642317259 254.74998025288718 582.6499957088291
    vertex 925.9152867748709 252.02643954870035 581.451085412955
  endloop
endfacet
facet normal -0.7361677829692371 -6.440845360248393e-07 -0.6767990804646112
  outer loop
    vertex 925.9152867748709 252.02643954870035 581.451085412955
    vertex 924.8130642317259 254.74998025288718 582.6499957088291
    vertex 926.2149880423847 252.74998241339281 581.1250937116511
  endloop
endfacet
facet normal -0.7361677829692371 -6.440845360248393e-07 -0.6767990804646112
  outer loop
    vertex 926.2149880423847 252.74998241339281 581.1250937116511
    vertex 924.8130642317259 254.74998025288718 582.6499957088291
    vertex 926.6917439101786 253.37130275695245 580.6065163073303
  endloop
endfacet
facet normal -0.7361677829692371 -6.440845360248393e-07 -0.6767990804646112
  outer loop
    vertex 926.6917439101786 253.37130275695245 580.6065163073303
    vertex 924.8130642317259 254.74998025288718 582.6499957088291
    vertex 927.3130642537386 253.8480586247462 579.9306933931073
  endloop
endfacet
facet normal -0.7361677829692371 -6.440845360248393e-07 -0.6767990804646112
  outer loop
    vertex 927.3130642537386 253.8480586247462 579.9306933931073
    vertex 924.8130642317259 254.74998025288718 582.6499957088291
    vertex 928.0366071184312 254.14775989226004 579.1436811837364
  endloop
endfacet
facet normal -0.7361677829692371 -6.440845360248393e-07 -0.6767990804646112
  outer loop
    vertex 928.0366071184312 254.14775989226004 579.1436811837364
    vertex 924.8130642317259 254.74998025288718 582.6499957088291
    vertex 928.813064253739 254.2499824133929 578.2991132606866
  endloop
endfacet
facet normal -0.7361677829692371 -6.440845360248393e-07 -0.6767990804646112
  outer loop
    vertex 939.0630661522554 247.7499789505926 567.149992657182
    vertex 930.3130642537386 248.65190620203956 576.6675388382422
    vertex 939.0630596865113 254.74998838371414 567.1499858946684
  endloop
endfacet
facet normal -0.7361677829692371 -6.440845360248393e-07 -0.6767990804646112
  outer loop
    vertex 930.3130642537386 248.65190620203956 576.6675388382422
    vertex 939.0630661522554 247.7499789505926 567.149992657182
    vertex 929.589521389046 248.3522049345256 577.4545510476136
  endloop
endfacet
facet normal -0.7361677829692371 -6.440845360248393e-07 -0.6767990804646112
  outer loop
    vertex 929.589521389046 248.3522049345256 577.4545510476136
    vertex 939.0630661522554 247.7499789505926 567.149992657182
    vertex 928.813064253739 248.24998241339281 578.2991189706634
  endloop
endfacet
facet normal -0.7361677829692371 -6.440845360248393e-07 -0.6767990804646112
  outer loop
    vertex 928.813064253739 248.24998241339281 578.2991189706634
    vertex 939.0630661522554 247.7499789505926 567.149992657182
    vertex 924.8130642537384 247.74998118555962 582.6499952127313
  endloop
endfacet
facet normal -0.7361677829692371 -6.440845360248393e-07 -0.6767990804646112
  outer loop
    vertex 939.0630596865113 254.74998838371414 567.1499858946684
    vertex 930.3130642537386 248.65190620203956 576.6675388382422
    vertex 930.9343845972978 249.1286620698331 575.9917159240193
  endloop
endfacet
facet normal -0.7361677829692371 -6.440845360248393e-07 -0.6767990804646112
  outer loop
    vertex 939.0630596865113 254.74998838371414 567.1499858946684
    vertex 930.9343845972978 249.1286620698331 575.9917159240193
    vertex 931.4111404650918 249.74998241339273 575.4731385196984
  endloop
endfacet
facet normal -0.7361677829692371 -6.440845360248393e-07 -0.6767990804646112
  outer loop
    vertex 939.0630596865113 254.74998838371414 567.1499858946684
    vertex 931.4111404650918 249.74998241339273 575.4731385196984
    vertex 931.7108417326057 250.4735252780853 575.1471468183946
  endloop
endfacet
facet normal -0.7361677829692371 -6.440845360248393e-07 -0.6767990804646112
  outer loop
    vertex 939.0630596865113 254.74998838371414 567.1499858946684
    vertex 931.7108417326057 250.4735252780853 575.1471468183946
    vertex 931.8130642537383 251.24998241339284 575.0359566158247
  endloop
endfacet
facet normal -0.7361677829692371 -6.440845360248393e-07 -0.6767990804646112
  outer loop
    vertex 939.0630596865113 254.74998838371414 567.1499858946684
    vertex 931.8130642537383 251.24998241339284 575.0359566158247
    vertex 931.7108417326057 252.02643954870032 575.1471453405438
  endloop
endfacet
facet normal -0.7361677829692371 -6.440845360248393e-07 -0.6767990804646112
  outer loop
    vertex 939.0630596865113 254.74998838371414 567.1499858946684
    vertex 931.7108417326057 252.02643954870032 575.1471453405438
    vertex 931.4111404650918 252.74998241339273 575.4731356647101
  endloop
endfacet
facet normal -0.7361677829692371 -6.440845360248393e-07 -0.6767990804646112
  outer loop
    vertex 939.0630596865113 254.74998838371414 567.1499858946684
    vertex 931.4111404650918 252.74998241339273 575.4731356647101
    vertex 930.9343845972978 253.37130275695236 575.9917118864561
  endloop
endfacet
facet normal -0.7361677829692371 -6.440845360248393e-07 -0.6767990804646112
  outer loop
    vertex 939.0630596865113 254.74998838371414 567.1499858946684
    vertex 930.9343845972978 253.37130275695236 575.9917118864561
    vertex 930.3130642537386 253.8480586247461 576.6675338932574
  endloop
endfacet
facet normal -0.7361677829692371 -6.440845360248393e-07 -0.6767990804646112
  outer loop
    vertex 939.0630596865113 254.74998838371414 567.1499858946684
    vertex 930.3130642537386 253.8480586247461 576.6675338932574
    vertex 929.589521389046 254.14775989226024 577.4545455321999
  endloop
endfacet
facet normal -0.7361677829692371 -6.440845360248393e-07 -0.6767990804646112
  outer loop
    vertex 939.0630596865113 254.74998838371414 567.1499858946684
    vertex 929.589521389046 254.14775989226024 577.4545455321999
    vertex 928.813064253739 254.2499824133929 578.2991132606866
  endloop
endfacet
facet normal -0.7361677829692371 -6.440845360248393e-07 -0.6767990804646112
  outer loop
    vertex 939.0630596865113 254.74998838371414 567.1499858946684
    vertex 928.813064253739 254.2499824133929 578.2991132606866
    vertex 924.8130642317259 254.74998025288718 582.6499957088291
  endloop
endfacet
facet normal 0.736167741541622 -4.5533926543795577e-07 -0.6767991255264004
  outer loop
    vertex 904.5630626095536 247.74998258678892 567.1499929349278
    vertex 914.0366071184314 248.3522049345257 577.454550902824
    vertex 914.8130642537385 248.24998241339284 578.2991186936063
  endloop
endfacet
facet normal 0.736167741541622 -4.5533926543795577e-07 -0.6767991255264004
  outer loop
    vertex 914.0366071184314 248.3522049345257 577.454550902824
    vertex 904.5630626095536 247.74998258678892 567.1499929349278
    vertex 913.3130642537382 248.65190620203958 576.6675388737218
  endloop
endfacet
facet normal 0.736167741541622 -4.5533926543795577e-07 -0.6767991255264004
  outer loop
    vertex 913.3130642537382 248.65190620203958 576.6675388737218
    vertex 904.5630626095536 247.74998258678892 567.1499929349278
    vertex 904.563067709559 254.74997702551238 567.1499885432951
  endloop
endfacet
facet normal 0.736167741541622 -4.5533926543795577e-07 -0.6767991255264004
  outer loop
    vertex 913.3130642537382 248.65190620203958 576.6675388737218
    vertex 904.563067709559 254.74997702551238 567.1499885432951
    vertex 912.691743910179 249.12866206983324 575.9917161754851
  endloop
endfacet
facet normal 0.736167741541622 -4.5533926543795577e-07 -0.6767991255264004
  outer loop
    vertex 912.691743910179 249.12866206983324 575.9917161754851
    vertex 904.563067709559 254.74997702551238 567.1499885432951
    vertex 912.214988042385 249.74998241339287 575.4731390081477
  endloop
endfacet
facet normal 0.736167741541622 -4.5533926543795577e-07 -0.6767991255264004
  outer loop
    vertex 912.214988042385 249.74998241339287 575.4731390081477
    vertex 904.563067709559 254.74997702551238 567.1499885432951
    vertex 911.9152867748711 250.4735252780854 575.1471475486746
  endloop
endfacet
facet normal 0.736167741541622 -4.5533926543795577e-07 -0.6767991255264004
  outer loop
    vertex 911.9152867748711 250.4735252780854 575.1471475486746
    vertex 904.563067709559 254.74997702551238 567.1499885432951
    vertex 911.8130642537385 251.2499824133929 575.035957576303
  endloop
endfacet
facet normal 0.736167741541622 -4.5533926543795577e-07 -0.6767991255264004
  outer loop
    vertex 911.8130642537385 251.2499824133929 575.035957576303
    vertex 904.563067709559 254.74997702551238 567.1499885432951
    vertex 911.9152867748719 252.02643954870044 575.1471465038998
  endloop
endfacet
facet normal 0.736167741541622 -4.5533926543795577e-07 -0.6767991255264004
  outer loop
    vertex 911.9152867748719 252.02643954870044 575.1471465038998
    vertex 904.563067709559 254.74997702551238 567.1499885432951
    vertex 912.214988042385 252.74998241339287 575.473136989797
  endloop
endfacet
facet normal 0.736167741541622 -4.5533926543795577e-07 -0.6767991255264004
  outer loop
    vertex 912.214988042385 252.74998241339287 575.473136989797
    vertex 904.563067709559 254.74997702551238 567.1499885432951
    vertex 912.691743910179 253.37130275695245 575.9917133211063
  endloop
endfacet
facet normal 0.736167741541622 -4.5533926543795577e-07 -0.6767991255264004
  outer loop
    vertex 912.691743910179 253.37130275695245 575.9917133211063
    vertex 904.563067709559 254.74997702551238 567.1499885432951
    vertex 913.3130642537388 253.84805862474627 576.6675353778367
  endloop
endfacet
facet normal 0.736167741541622 -4.5533926543795577e-07 -0.6767991255264004
  outer loop
    vertex 913.3130642537388 253.84805862474627 576.6675353778367
    vertex 904.563067709559 254.74997702551238 567.1499885432951
    vertex 914.0366071184308 254.1477598922601 577.4545470036702
  endloop
endfacet
facet normal 0.736167741541622 -4.5533926543795577e-07 -0.6767991255264004
  outer loop
    vertex 914.0366071184308 254.1477598922601 577.4545470036702
    vertex 904.563067709559 254.74997702551238 567.1499885432951
    vertex 914.8130642537385 254.24998241339293 578.2991146569054
  endloop
endfacet
facet normal 0.736167741541622 -4.5533926543795577e-07 -0.6767991255264004
  outer loop
    vertex 918.8130642537384 247.74998113974797 582.6499952138398
    vertex 917.7108417326059 250.4735252780854 581.4510868466123
    vertex 918.8130642317258 254.74998020707554 582.6499957099376
  endloop
endfacet
facet normal 0.736167741541622 -4.5533926543795577e-07 -0.6767991255264004
  outer loop
    vertex 917.7108417326059 250.4735252780854 581.4510868466123
    vertex 918.8130642537384 247.74998113974797 582.6499952138398
    vertex 917.4111404650921 249.7499824133928 581.1250963607146
  endloop
endfacet
facet normal 0.736167741541622 -4.5533926543795577e-07 -0.6767991255264004
  outer loop
    vertex 917.4111404650921 249.7499824133928 581.1250963607146
    vertex 918.8130642537384 247.74998113974797 582.6499952138398
    vertex 916.9343845972982 249.12866206983324 580.6065200294053
  endloop
endfacet
facet normal 0.736167741541622 -4.5533926543795577e-07 -0.6767991255264004
  outer loop
    vertex 916.9343845972982 249.12866206983324 580.6065200294053
    vertex 918.8130642537384 247.74998113974797 582.6499952138398
    vertex 916.313064253739 248.65190620203958 579.9306979726753
  endloop
endfacet
facet normal 0.736167741541622 -4.5533926543795577e-07 -0.6767991255264004
  outer loop
    vertex 916.313064253739 248.65190620203958 579.9306979726753
    vertex 918.8130642537384 247.74998113974797 582.6499952138398
    vertex 915.5895213890464 248.3522049345257 579.1436863468415
  endloop
endfacet
facet normal 0.736167741541622 -4.5533926543795577e-07 -0.6767991255264004
  outer loop
    vertex 915.5895213890464 248.3522049345257 579.1436863468415
    vertex 918.8130642537384 247.74998113974797 582.6499952138398
    vertex 914.8130642537385 248.24998241339284 578.2991186936063
  endloop
endfacet
facet normal 0.736167741541622 -4.5533926543795577e-07 -0.6767991255264004
  outer loop
    vertex 914.8130642537385 248.24998241339284 578.2991186936063
    vertex 918.8130642537384 247.74998113974797 582.6499952138398
    vertex 904.5630626095536 247.74998258678892 567.1499929349278
  endloop
endfacet
facet normal 0.736167741541622 -4.5533926543795577e-07 -0.6767991255264004
  outer loop
    vertex 918.8130642317258 254.74998020707554 582.6499957099376
    vertex 917.7108417326059 250.4735252780854 581.4510868466123
    vertex 917.8130642537386 251.2499824133929 581.5622757742088
  endloop
endfacet
facet normal 0.736167741541622 -4.5533926543795577e-07 -0.6767991255264004
  outer loop
    vertex 918.8130642317258 254.74998020707554 582.6499957099376
    vertex 917.8130642537386 251.2499824133929 581.5622757742088
    vertex 917.7108417326052 252.0264395487004 581.4510858018372
  endloop
endfacet
facet normal 0.736167741541622 -4.5533926543795577e-07 -0.6767991255264004
  outer loop
    vertex 918.8130642317258 254.74998020707554 582.6499957099376
    vertex 917.7108417326052 252.0264395487004 581.4510858018372
    vertex 917.4111404650921 252.74998241339287 581.1250943423642
  endloop
endfacet
facet normal 0.736167741541622 -4.5533926543795577e-07 -0.6767991255264004
  outer loop
    vertex 918.8130642317258 254.74998020707554 582.6499957099376
    vertex 917.4111404650921 252.74998241339287 581.1250943423642
    vertex 916.9343845972982 253.37130275695253 580.6065171750267
  endloop
endfacet
facet normal 0.736167741541622 -4.5533926543795577e-07 -0.6767991255264004
  outer loop
    vertex 918.8130642317258 254.74998020707554 582.6499957099376
    vertex 916.9343845972982 253.37130275695253 580.6065171750267
    vertex 916.313064253739 253.84805862474633 579.9306944767895
  endloop
endfacet
facet normal 0.736167741541622 -4.5533926543795577e-07 -0.6767991255264004
  outer loop
    vertex 918.8130642317258 254.74998020707554 582.6499957099376
    vertex 916.313064253739 253.84805862474633 579.9306944767895
    vertex 915.5895213890464 254.14775989226015 579.1436824476876
  endloop
endfacet
facet normal 0.736167741541622 -4.5533926543795577e-07 -0.6767991255264004
  outer loop
    vertex 918.8130642317258 254.74998020707554 582.6499957099376
    vertex 915.5895213890464 254.14775989226015 579.1436824476876
    vertex 914.8130642537385 254.24998241339293 578.2991146569054
  endloop
endfacet
facet normal 0.736167741541622 -4.5533926543795577e-07 -0.6767991255264004
  outer loop
    vertex 918.8130642317258 254.74998020707554 582.6499957099376
    vertex 914.8130642537385 254.24998241339293 578.2991146569054
    vertex 904.563067709559 254.74997702551238 567.1499885432951
  endloop
endfacet
facet normal -0.9914448613738333 0.13052619221987938 4.1530094120419355e-16
  outer loop
    vertex 917.8130642537386 251.2499824133929 588.649994768525
    vertex 917.7108417326059 250.4735252780854 581.4510868466123
    vertex 917.7108417326059 250.47352527808533 588.649994768525
  endloop
endfacet
facet normal -0.9914448613738333 0.13052619221987938 4.1530094120419355e-16
  outer loop
    vertex 917.7108417326059 250.4735252780854 581.4510868466123
    vertex 917.8130642537386 251.2499824133929 588.649994768525
    vertex 917.8130642537386 251.2499824133929 581.5622757742088
  endloop
endfacet
facet normal -0.9914448613737741 -0.13052619222032882 5.090046527905851e-14
  outer loop
    vertex 917.7108417326059 252.02643954870044 588.649994768525
    vertex 917.8130642537386 251.2499824133929 581.5622757742088
    vertex 917.8130642537386 251.2499824133929 588.649994768525
  endloop
endfacet
facet normal -0.9914448613737741 -0.13052619222032882 5.090046527905851e-14
  outer loop
    vertex 917.8130642537386 251.2499824133929 581.5622757742088
    vertex 917.7108417326059 252.02643954870044 588.649994768525
    vertex 917.7108417326052 252.0264395487004 581.4510858018372
  endloop
endfacet
facet normal -0.3826834323649829 -0.923879532511331 -4.36925480853922e-15
  outer loop
    vertex 916.313064253739 253.84805862474633 579.9306944767895
    vertex 915.5895213890464 254.14775989226015 588.649994768525
    vertex 915.5895213890464 254.14775989226015 579.1436824476876
  endloop
endfacet
facet normal -0.3826834323649829 -0.923879532511331 -4.36925480853922e-15
  outer loop
    vertex 915.5895213890464 254.14775989226015 588.649994768525
    vertex 916.313064253739 253.84805862474633 579.9306944767895
    vertex 916.313064253739 253.84805862474624 588.649994768525
  endloop
endfacet
facet normal -0.13052619222000827 -0.9914448613738162 1.8346708893793862e-19
  outer loop
    vertex 915.5895213890464 254.14775989226015 579.1436824476876
    vertex 914.8130642537385 254.24998241339293 588.649994768525
    vertex 914.8130642537385 254.24998241339293 578.2991146569054
  endloop
endfacet
facet normal -0.13052619222000827 -0.9914448613738162 1.8346708893793862e-19
  outer loop
    vertex 914.8130642537385 254.24998241339293 588.649994768525
    vertex 915.5895213890464 254.14775989226015 579.1436824476876
    vertex 915.5895213890464 254.14775989226015 588.649994768525
  endloop
endfacet
facet normal 0.13052619222003542 -0.9914448613738125 2.154138026413761e-15
  outer loop
    vertex 914.8130642537385 254.24998241339293 578.2991146569054
    vertex 914.0366071184308 254.14775989226015 588.649994768525
    vertex 914.0366071184308 254.1477598922601 577.4545470036702
  endloop
endfacet
facet normal 0.13052619222003542 -0.9914448613738125 2.154138026413761e-15
  outer loop
    vertex 914.0366071184308 254.14775989226015 588.649994768525
    vertex 914.8130642537385 254.24998241339293 578.2991146569054
    vertex 914.8130642537385 254.24998241339293 588.649994768525
  endloop
endfacet
facet normal 0.3826834323651422 -0.9238795325112651 1.2188894892316338e-14
  outer loop
    vertex 914.0366071184308 254.1477598922601 577.4545470036702
    vertex 913.3130642537382 253.84805862474624 588.649994768525
    vertex 913.3130642537388 253.84805862474627 576.6675353778367
  endloop
endfacet
facet normal 0.3826834323651422 -0.9238795325112651 1.2188894892316338e-14
  outer loop
    vertex 913.3130642537382 253.84805862474624 588.649994768525
    vertex 914.0366071184308 254.1477598922601 577.4545470036702
    vertex 914.0366071184308 254.14775989226015 588.649994768525
  endloop
endfacet
facet normal 0.6087614290088249 -0.7933533402911551 1.8903902457715722e-14
  outer loop
    vertex 913.3130642537388 253.84805862474627 576.6675353778367
    vertex 912.691743910179 253.37130275695253 588.649994768525
    vertex 912.691743910179 253.37130275695245 575.9917133211063
  endloop
endfacet
facet normal 0.6087614290088249 -0.7933533402911551 1.8903902457715722e-14
  outer loop
    vertex 912.691743910179 253.37130275695253 588.649994768525
    vertex 913.3130642537388 253.84805862474627 576.6675353778367
    vertex 913.3130642537382 253.84805862474624 588.649994768525
  endloop
endfacet
facet normal 0.7933533402910627 -0.6087614290089454 3.1654719092104187e-15
  outer loop
    vertex 912.691743910179 253.37130275695245 575.9917133211063
    vertex 912.214988042385 252.7499824133929 588.649994768525
    vertex 912.214988042385 252.74998241339287 575.473136989797
  endloop
endfacet
facet normal 0.7933533402910627 -0.6087614290089454 3.1654719092104187e-15
  outer loop
    vertex 912.214988042385 252.7499824133929 588.649994768525
    vertex 912.691743910179 253.37130275695245 575.9917133211063
    vertex 912.691743910179 253.37130275695253 588.649994768525
  endloop
endfacet
facet normal 0.9238795325114616 -0.38268343236466784 2.593972515518433e-14
  outer loop
    vertex 912.214988042385 252.74998241339287 575.473136989797
    vertex 911.9152867748711 252.02643954870044 588.649994768525
    vertex 911.9152867748719 252.02643954870044 575.1471465038998
  endloop
endfacet
facet normal 0.9238795325114616 -0.38268343236466784 2.593972515518433e-14
  outer loop
    vertex 911.9152867748711 252.02643954870044 588.649994768525
    vertex 912.214988042385 252.74998241339287 575.473136989797
    vertex 912.214988042385 252.7499824133929 588.649994768525
  endloop
endfacet
facet normal 0.9914448613737736 -0.13052619222033054 2.6286329154066194e-14
  outer loop
    vertex 911.9152867748719 252.02643954870044 575.1471465038998
    vertex 911.8130642537385 251.2499824133929 588.649994768525
    vertex 911.8130642537385 251.2499824133929 575.035957576303
  endloop
endfacet
facet normal 0.9914448613737736 -0.13052619222033054 2.6286329154066194e-14
  outer loop
    vertex 911.8130642537385 251.2499824133929 588.649994768525
    vertex 911.9152867748719 252.02643954870044 575.1471465038998
    vertex 911.9152867748711 252.02643954870044 588.649994768525
  endloop
endfacet
facet normal 0.9914448613738333 0.1305261922198794 2.165072939933967e-16
  outer loop
    vertex 911.9152867748711 250.4735252780854 575.1471475486746
    vertex 911.8130642537385 251.2499824133929 588.649994768525
    vertex 911.9152867748711 250.47352527808533 588.649994768525
  endloop
endfacet
facet normal 0.9914448613738333 0.1305261922198794 2.165072939933967e-16
  outer loop
    vertex 911.8130642537385 251.2499824133929 588.649994768525
    vertex 911.9152867748711 250.4735252780854 575.1471475486746
    vertex 911.8130642537385 251.2499824133929 575.035957576303
  endloop
endfacet
facet normal 0.923879532511309 0.382683432365036 6.545468661417577e-16
  outer loop
    vertex 911.9152867748711 250.4735252780854 575.1471475486746
    vertex 912.214988042385 249.74998241339287 588.649994768525
    vertex 912.214988042385 249.74998241339287 575.4731390081477
  endloop
endfacet
facet normal 0.923879532511309 0.382683432365036 6.545468661417577e-16
  outer loop
    vertex 912.214988042385 249.74998241339287 588.649994768525
    vertex 911.9152867748711 250.4735252780854 575.1471475486746
    vertex 911.9152867748711 250.47352527808533 588.649994768525
  endloop
endfacet
facet normal 0.7933533402910845 0.6087614290089169 1.0415712019211675e-15
  outer loop
    vertex 912.691743910179 249.12866206983324 575.9917161754851
    vertex 912.214988042385 249.74998241339287 588.649994768525
    vertex 912.691743910179 249.1286620698332 588.649994768525
  endloop
endfacet
facet normal 0.7933533402910845 0.6087614290089169 1.0415712019211675e-15
  outer loop
    vertex 912.214988042385 249.74998241339287 588.649994768525
    vertex 912.691743910179 249.12866206983324 575.9917161754851
    vertex 912.214988042385 249.74998241339287 575.4731390081477
  endloop
endfacet
facet normal 0.6087614290089624 0.7933533402910496 2.9049347070643946e-15
  outer loop
    vertex 912.691743910179 249.1286620698332 588.649994768525
    vertex 913.3130642537382 248.65190620203958 576.6675388737218
    vertex 912.691743910179 249.12866206983324 575.9917161754851
  endloop
endfacet
facet normal 0.6087614290089624 0.7933533402910496 2.9049347070643946e-15
  outer loop
    vertex 913.3130642537382 248.65190620203958 576.6675388737218
    vertex 912.691743910179 249.1286620698332 588.649994768525
    vertex 913.3130642537382 248.65190620203956 588.649994768525
  endloop
endfacet
facet normal 0.3826834323648642 0.9238795325113803 1.5094162319591336e-14
  outer loop
    vertex 913.3130642537382 248.65190620203956 588.649994768525
    vertex 914.0366071184314 248.3522049345257 577.454550902824
    vertex 913.3130642537382 248.65190620203958 576.6675388737218
  endloop
endfacet
facet normal 0.3826834323648642 0.9238795325113803 1.5094162319591336e-14
  outer loop
    vertex 914.0366071184314 248.3522049345257 577.454550902824
    vertex 913.3130642537382 248.65190620203956 588.649994768525
    vertex 914.0366071184308 248.35220493452564 588.649994768525
  endloop
endfacet
facet normal 0.1305261922200927 0.991444861373805 6.69162738891132e-15
  outer loop
    vertex 914.0366071184308 248.35220493452564 588.649994768525
    vertex 914.8130642537385 248.24998241339284 578.2991186936063
    vertex 914.0366071184314 248.3522049345257 577.454550902824
  endloop
endfacet
facet normal 0.1305261922200927 0.991444861373805 6.69162738891132e-15
  outer loop
    vertex 914.8130642537385 248.24998241339284 578.2991186936063
    vertex 914.0366071184308 248.35220493452564 588.649994768525
    vertex 914.8130642537385 248.24998241339284 588.649994768525
  endloop
endfacet
facet normal -0.13052619222003772 0.9914448613738123 2.153171474948348e-15
  outer loop
    vertex 914.8130642537385 248.24998241339284 588.649994768525
    vertex 915.5895213890464 248.3522049345257 579.1436863468415
    vertex 914.8130642537385 248.24998241339284 578.2991186936063
  endloop
endfacet
facet normal -0.13052619222003772 0.9914448613738123 2.153171474948348e-15
  outer loop
    vertex 915.5895213890464 248.3522049345257 579.1436863468415
    vertex 914.8130642537385 248.24998241339284 588.649994768525
    vertex 915.5895213890464 248.35220493452564 588.649994768525
  endloop
endfacet
facet normal -0.3826834323650362 0.923879532511309 4.5676697992378834e-15
  outer loop
    vertex 915.5895213890464 248.35220493452564 588.649994768525
    vertex 916.313064253739 248.65190620203958 579.9306979726753
    vertex 915.5895213890464 248.3522049345257 579.1436863468415
  endloop
endfacet
facet normal -0.3826834323650362 0.923879532511309 4.5676697992378834e-15
  outer loop
    vertex 916.313064253739 248.65190620203958 579.9306979726753
    vertex 915.5895213890464 248.35220493452564 588.649994768525
    vertex 916.313064253739 248.65190620203956 588.649994768525
  endloop
endfacet
facet normal -0.6087614290089823 0.7933533402910343 2.216546398913409e-15
  outer loop
    vertex 916.313064253739 248.65190620203956 588.649994768525
    vertex 916.9343845972982 249.12866206983324 580.6065200294053
    vertex 916.313064253739 248.65190620203958 579.9306979726753
  endloop
endfacet
facet normal -0.6087614290089823 0.7933533402910343 2.216546398913409e-15
  outer loop
    vertex 916.9343845972982 249.12866206983324 580.6065200294053
    vertex 916.313064253739 248.65190620203956 588.649994768525
    vertex 916.9343845972982 249.12866206983324 588.649994768525
  endloop
endfacet
facet normal -0.793353340291052 0.6087614290089595 -3.4097393510557008e-15
  outer loop
    vertex 917.4111404650921 249.74998241339287 588.649994768525
    vertex 916.9343845972982 249.12866206983324 580.6065200294053
    vertex 916.9343845972982 249.12866206983324 588.649994768525
  endloop
endfacet
facet normal -0.793353340291052 0.6087614290089595 -3.4097393510557008e-15
  outer loop
    vertex 916.9343845972982 249.12866206983324 580.6065200294053
    vertex 917.4111404650921 249.74998241339287 588.649994768525
    vertex 917.4111404650921 249.7499824133928 581.1250963607146
  endloop
endfacet
facet normal -0.9238795325113174 0.38268343236501573 -1.2501687494250549e-15
  outer loop
    vertex 917.4111404650921 249.74998241339287 588.649994768525
    vertex 917.7108417326059 250.4735252780854 581.4510868466123
    vertex 917.4111404650921 249.7499824133928 581.1250963607146
  endloop
endfacet
facet normal -0.9238795325113174 0.38268343236501573 -1.2501687494250549e-15
  outer loop
    vertex 917.7108417326059 250.4735252780854 581.4510868466123
    vertex 917.4111404650921 249.74998241339287 588.649994768525
    vertex 917.7108417326059 250.47352527808533 588.649994768525
  endloop
endfacet
facet normal -0.6087614290089448 0.7933533402910631 1.331956279220542e-15
  outer loop
    vertex 930.3130642537386 248.65190620203956 576.6675388382422
    vertex 930.9343845972978 249.12866206983315 588.6499947685248
    vertex 930.9343845972978 249.1286620698331 575.9917159240193
  endloop
endfacet
facet normal -0.6087614290089448 0.7933533402910631 1.331956279220542e-15
  outer loop
    vertex 930.9343845972978 249.12866206983315 588.6499947685248
    vertex 930.3130642537386 248.65190620203956 576.6675388382422
    vertex 930.3130642537386 248.65190620203947 588.6499947685248
  endloop
endfacet
facet normal -0.7933533402910745 0.60876142900893 -2.1242408716383006e-15
  outer loop
    vertex 930.9343845972978 249.12866206983315 588.6499947685248
    vertex 931.4111404650918 249.74998241339273 575.4731385196984
    vertex 930.9343845972978 249.1286620698331 575.9917159240193
  endloop
endfacet
facet normal -0.7933533402910745 0.60876142900893 -2.1242408716383006e-15
  outer loop
    vertex 931.4111404650918 249.74998241339273 575.4731385196984
    vertex 930.9343845972978 249.12866206983315 588.6499947685248
    vertex 931.4111404650918 249.7499824133928 588.6499947685248
  endloop
endfacet
facet normal -0.9238795325113133 0.38268343236502567 1.622301605968971e-17
  outer loop
    vertex 931.4111404650918 249.7499824133928 588.6499947685248
    vertex 931.7108417326057 250.4735252780853 575.1471468183946
    vertex 931.4111404650918 249.74998241339273 575.4731385196984
  endloop
endfacet
facet normal -0.9238795325113133 0.38268343236502567 1.622301605968971e-17
  outer loop
    vertex 931.7108417326057 250.4735252780853 575.1471468183946
    vertex 931.4111404650918 249.7499824133928 588.6499947685248
    vertex 931.7108417326057 250.47352527808525 588.6499947685248
  endloop
endfacet
facet normal -0.9914448613738337 0.13052619221987566 4.342649884722295e-16
  outer loop
    vertex 931.8130642537383 251.24998241339281 588.6499947685248
    vertex 931.7108417326057 250.4735252780853 575.1471468183946
    vertex 931.7108417326057 250.47352527808525 588.6499947685248
  endloop
endfacet
facet normal -0.9914448613738337 0.13052619221987566 4.342649884722295e-16
  outer loop
    vertex 931.7108417326057 250.4735252780853 575.1471468183946
    vertex 931.8130642537383 251.24998241339281 588.6499947685248
    vertex 931.8130642537383 251.24998241339284 575.0359566158247
  endloop
endfacet
facet normal -0.9914448613738326 -0.1305261922198831 -1.909560870554204e-18
  outer loop
    vertex 931.7108417326057 252.02643954870035 588.6499947685248
    vertex 931.8130642537383 251.24998241339284 575.0359566158247
    vertex 931.8130642537383 251.24998241339281 588.6499947685248
  endloop
endfacet
facet normal -0.9914448613738326 -0.1305261922198831 -1.909560870554204e-18
  outer loop
    vertex 931.8130642537383 251.24998241339284 575.0359566158247
    vertex 931.7108417326057 252.02643954870035 588.6499947685248
    vertex 931.7108417326057 252.02643954870032 575.1471453405438
  endloop
endfacet
facet normal -0.9238795325113005 -0.38268343236505653 1.9340341542346085e-15
  outer loop
    vertex 931.7108417326057 252.02643954870035 588.6499947685248
    vertex 931.4111404650918 252.74998241339273 575.4731356647101
    vertex 931.7108417326057 252.02643954870032 575.1471453405438
  endloop
endfacet
facet normal -0.9238795325113005 -0.38268343236505653 1.9340341542346085e-15
  outer loop
    vertex 931.4111404650918 252.74998241339273 575.4731356647101
    vertex 931.7108417326057 252.02643954870035 588.6499947685248
    vertex 931.4111404650918 252.74998241339281 588.6499947685248
  endloop
endfacet
facet normal -0.7933533402910837 -0.608761429008918 5.2916777393473805e-15
  outer loop
    vertex 931.4111404650918 252.74998241339281 588.6499947685248
    vertex 930.9343845972978 253.37130275695236 575.9917118864561
    vertex 931.4111404650918 252.74998241339273 575.4731356647101
  endloop
endfacet
facet normal -0.7933533402910837 -0.608761429008918 5.2916777393473805e-15
  outer loop
    vertex 930.9343845972978 253.37130275695236 575.9917118864561
    vertex 931.4111404650918 252.74998241339281 588.6499947685248
    vertex 930.9343845972978 253.3713027569525 588.6499947685248
  endloop
endfacet
facet normal -0.6087614290089977 -0.7933533402910227 5.886181205520233e-15
  outer loop
    vertex 930.9343845972978 253.3713027569525 588.6499947685248
    vertex 930.3130642537386 253.8480586247461 576.6675338932574
    vertex 930.9343845972978 253.37130275695236 575.9917118864561
  endloop
endfacet
facet normal -0.6087614290089977 -0.7933533402910227 5.886181205520233e-15
  outer loop
    vertex 930.3130642537386 253.8480586247461 576.6675338932574
    vertex 930.9343845972978 253.3713027569525 588.6499947685248
    vertex 930.3130642537386 253.84805862474616 588.6499947685248
  endloop
endfacet
facet normal -0.38268343236515934 -0.9238795325112579 -5.085465190138447e-15
  outer loop
    vertex 930.3130642537386 253.84805862474616 588.6499947685248
    vertex 929.589521389046 254.14775989226024 577.4545455321999
    vertex 930.3130642537386 253.8480586247461 576.6675338932574
  endloop
endfacet
facet normal -0.38268343236515934 -0.9238795325112579 -5.085465190138447e-15
  outer loop
    vertex 929.589521389046 254.14775989226024 577.4545455321999
    vertex 930.3130642537386 253.84805862474616 588.6499947685248
    vertex 929.589521389046 254.14775989226004 588.6499947685248
  endloop
endfacet
facet normal -0.13052619221999084 -0.9914448613738184 -1.480431744135948e-14
  outer loop
    vertex 929.589521389046 254.14775989226004 588.6499947685248
    vertex 928.813064253739 254.2499824133929 578.2991132606866
    vertex 929.589521389046 254.14775989226024 577.4545455321999
  endloop
endfacet
facet normal -0.13052619221999084 -0.9914448613738184 -1.480431744135948e-14
  outer loop
    vertex 928.813064253739 254.2499824133929 578.2991132606866
    vertex 929.589521389046 254.14775989226004 588.6499947685248
    vertex 928.8130642537383 254.24998241339284 588.6499947685248
  endloop
endfacet
facet normal 0.1305261922200976 -0.9914448613738044 2.5937652747026196e-15
  outer loop
    vertex 928.8130642537383 254.24998241339284 588.6499947685248
    vertex 928.0366071184312 254.14775989226004 579.1436811837364
    vertex 928.813064253739 254.2499824133929 578.2991132606866
  endloop
endfacet
facet normal 0.1305261922200976 -0.9914448613738044 2.5937652747026196e-15
  outer loop
    vertex 928.0366071184312 254.14775989226004 579.1436811837364
    vertex 928.8130642537383 254.24998241339284 588.6499947685248
    vertex 928.0366071184312 254.14775989226004 588.6499947685248
  endloop
endfacet
facet normal 0.3826834323650085 -0.9238795325113205 -2.1841594408151375e-15
  outer loop
    vertex 928.0366071184312 254.14775989226004 588.6499947685248
    vertex 927.3130642537386 253.8480586247462 579.9306933931073
    vertex 928.0366071184312 254.14775989226004 579.1436811837364
  endloop
endfacet
facet normal 0.3826834323650085 -0.9238795325113205 -2.1841594408151375e-15
  outer loop
    vertex 927.3130642537386 253.8480586247462 579.9306933931073
    vertex 928.0366071184312 254.14775989226004 588.6499947685248
    vertex 927.3130642537386 253.84805862474616 588.6499947685248
  endloop
endfacet
facet normal 0.6087614290085719 -0.7933533402913495 -2.2165441978881353e-15
  outer loop
    vertex 927.3130642537386 253.84805862474616 588.6499947685248
    vertex 926.6917439101786 253.37130275695245 580.6065163073303
    vertex 927.3130642537386 253.8480586247462 579.9306933931073
  endloop
endfacet
facet normal 0.6087614290085719 -0.7933533402913495 -2.2165441978881353e-15
  outer loop
    vertex 926.6917439101786 253.37130275695245 580.6065163073303
    vertex 927.3130642537386 253.84805862474616 588.6499947685248
    vertex 926.6917439101786 253.37130275695245 588.6499947685248
  endloop
endfacet
facet normal 0.7933533402910741 -0.6087614290089306 -9.331517645690646e-19
  outer loop
    vertex 926.6917439101786 253.37130275695245 580.6065163073303
    vertex 926.2149880423847 252.74998241339281 588.6499947685248
    vertex 926.2149880423847 252.74998241339281 581.1250937116511
  endloop
endfacet
facet normal 0.7933533402910741 -0.6087614290089306 -9.331517645690646e-19
  outer loop
    vertex 926.2149880423847 252.74998241339281 588.6499947685248
    vertex 926.6917439101786 253.37130275695245 580.6065163073303
    vertex 926.6917439101786 253.37130275695245 588.6499947685248
  endloop
endfacet
facet normal 0.9238795325114643 -0.3826834323646612 -4.4272945441687396e-14
  outer loop
    vertex 926.2149880423847 252.74998241339281 581.1250937116511
    vertex 925.9152867748716 252.02643954870035 588.6499947685248
    vertex 925.9152867748709 252.02643954870035 581.451085412955
  endloop
endfacet
facet normal 0.9238795325114643 -0.3826834323646612 -4.4272945441687396e-14
  outer loop
    vertex 925.9152867748716 252.02643954870035 588.6499947685248
    vertex 926.2149880423847 252.74998241339281 581.1250937116511
    vertex 926.2149880423847 252.74998241339281 588.6499947685248
  endloop
endfacet
facet normal 0.991444861373773 -0.130526192220336 -5.089400384158163e-14
  outer loop
    vertex 925.8130642537382 251.24998241339284 581.5622756155248
    vertex 925.9152867748716 252.02643954870035 588.6499947685248
    vertex 925.8130642537382 251.24998241339281 588.6499947685248
  endloop
endfacet
facet normal 0.991444861373773 -0.130526192220336 -5.089400384158163e-14
  outer loop
    vertex 925.9152867748716 252.02643954870035 588.6499947685248
    vertex 925.8130642537382 251.24998241339284 581.5622756155248
    vertex 925.9152867748709 252.02643954870035 581.451085412955
  endloop
endfacet
facet normal 0.9914448613737158 0.13052619222077058 -4.220913212816652e-16
  outer loop
    vertex 925.8130642537382 251.24998241339284 581.5622756155248
    vertex 925.9152867748716 250.47352527808525 588.6499947685248
    vertex 925.9152867748716 250.47352527808516 581.4510868908058
  endloop
endfacet
facet normal 0.9914448613737158 0.13052619222077058 -4.220913212816652e-16
  outer loop
    vertex 925.9152867748716 250.47352527808525 588.6499947685248
    vertex 925.8130642537382 251.24998241339284 581.5622756155248
    vertex 925.8130642537382 251.24998241339281 588.6499947685248
  endloop
endfacet
facet normal 0.9238795325116304 0.3826834323642601 -4.690867099759733e-15
  outer loop
    vertex 925.9152867748716 250.47352527808516 581.4510868908058
    vertex 926.2149880423847 249.7499824133928 588.6499947685248
    vertex 926.2149880423847 249.7499824133927 581.1250965666394
  endloop
endfacet
facet normal 0.9238795325116304 0.3826834323642601 -4.690867099759733e-15
  outer loop
    vertex 926.2149880423847 249.7499824133928 588.6499947685248
    vertex 925.9152867748716 250.47352527808516 581.4510868908058
    vertex 925.9152867748716 250.47352527808525 588.6499947685248
  endloop
endfacet
facet normal 0.7933533402910837 0.608761429008918 -5.2292005098147034e-15
  outer loop
    vertex 926.2149880423847 249.7499824133927 581.1250965666394
    vertex 926.6917439101786 249.1286620698331 588.6499947685248
    vertex 926.6917439101786 249.12866206983307 580.6065203448936
  endloop
endfacet
facet normal 0.7933533402910837 0.608761429008918 -5.2292005098147034e-15
  outer loop
    vertex 926.6917439101786 249.1286620698331 588.6499947685248
    vertex 926.2149880423847 249.7499824133927 581.1250965666394
    vertex 926.2149880423847 249.7499824133928 588.6499947685248
  endloop
endfacet
facet normal 0.6087614290087647 0.7933533402912013 -3.593070918259952e-14
  outer loop
    vertex 926.6917439101786 249.12866206983307 580.6065203448936
    vertex 927.3130642537386 248.65190620203947 588.6499947685248
    vertex 927.3130642537378 248.65190620203933 579.9306983380924
  endloop
endfacet
facet normal 0.6087614290087647 0.7933533402912013 -3.593070918259952e-14
  outer loop
    vertex 927.3130642537386 248.65190620203947 588.6499947685248
    vertex 926.6917439101786 249.12866206983307 580.6065203448936
    vertex 926.6917439101786 249.1286620698331 588.6499947685248
  endloop
endfacet
facet normal 0.38268343236471714 0.9238795325114412 -1.388506291989256e-14
  outer loop
    vertex 927.3130642537378 248.65190620203933 579.9306983380924
    vertex 928.0366071184312 248.35220493452556 588.6499947685248
    vertex 928.0366071184312 248.3522049345257 579.1436866991505
  endloop
endfacet
facet normal 0.38268343236471714 0.9238795325114412 -1.388506291989256e-14
  outer loop
    vertex 928.0366071184312 248.35220493452556 588.6499947685248
    vertex 927.3130642537378 248.65190620203933 579.9306983380924
    vertex 927.3130642537386 248.65190620203947 588.6499947685248
  endloop
endfacet
facet normal 0.13052619222013187 0.9914448613737998 1.3741513331183734e-14
  outer loop
    vertex 928.0366071184312 248.3522049345257 579.1436866991505
    vertex 928.8130642537383 248.24998241339276 588.6499947685248
    vertex 928.813064253739 248.24998241339281 578.2991189706634
  endloop
endfacet
facet normal 0.13052619222013187 0.9914448613737998 1.3741513331183734e-14
  outer loop
    vertex 928.8130642537383 248.24998241339276 588.6499947685248
    vertex 928.0366071184312 248.3522049345257 579.1436866991505
    vertex 928.0366071184312 248.35220493452556 588.6499947685248
  endloop
endfacet
facet normal -0.13052619222006795 0.9914448613738084 -4.94890993122379e-17
  outer loop
    vertex 928.813064253739 248.24998241339281 578.2991189706634
    vertex 929.589521389046 248.35220493452556 588.6499947685248
    vertex 929.589521389046 248.3522049345256 577.4545510476136
  endloop
endfacet
facet normal -0.13052619222006795 0.9914448613738084 -4.94890993122379e-17
  outer loop
    vertex 929.589521389046 248.35220493452556 588.6499947685248
    vertex 928.813064253739 248.24998241339281 578.2991189706634
    vertex 928.8130642537383 248.24998241339276 588.6499947685248
  endloop
endfacet
facet normal -0.38268343236505614 0.9238795325113007 5.45030826242146e-15
  outer loop
    vertex 929.589521389046 248.3522049345256 577.4545510476136
    vertex 930.3130642537386 248.65190620203947 588.6499947685248
    vertex 930.3130642537386 248.65190620203956 576.6675388382422
  endloop
endfacet
facet normal -0.38268343236505614 0.9238795325113007 5.45030826242146e-15
  outer loop
    vertex 930.3130642537386 248.65190620203947 588.6499947685248
    vertex 929.589521389046 248.3522049345256 577.4545510476136
    vertex 929.589521389046 248.35220493452556 588.6499947685248
  endloop
endfacet
facet normal -0.9238795325114715 -0.3826834323646437 4.6619459811300045e-14
  outer loop
    vertex 917.7108417326059 252.02643954870044 588.649994768525
    vertex 917.4111404650921 252.74998241339287 581.1250943423642
    vertex 917.7108417326052 252.0264395487004 581.4510858018372
  endloop
endfacet
facet normal -0.9238795325114715 -0.3826834323646437 4.6619459811300045e-14
  outer loop
    vertex 917.4111404650921 252.74998241339287 581.1250943423642
    vertex 917.7108417326059 252.02643954870044 588.649994768525
    vertex 917.4111404650921 252.7499824133929 588.649994768525
  endloop
endfacet
facet normal -0.7933533402910962 -0.6087614290089017 3.5256346783768544e-15
  outer loop
    vertex 917.4111404650921 252.7499824133929 588.649994768525
    vertex 916.9343845972982 253.37130275695253 580.6065171750267
    vertex 917.4111404650921 252.74998241339287 581.1250943423642
  endloop
endfacet
facet normal -0.7933533402910962 -0.6087614290089017 3.5256346783768544e-15
  outer loop
    vertex 916.9343845972982 253.37130275695253 580.6065171750267
    vertex 917.4111404650921 252.7499824133929 588.649994768525
    vertex 916.9343845972982 253.3713027569526 588.649994768525
  endloop
endfacet
facet normal -0.608761429009017 -0.7933533402910077 -2.3877412584766837e-15
  outer loop
    vertex 916.9343845972982 253.37130275695253 580.6065171750267
    vertex 916.313064253739 253.84805862474624 588.649994768525
    vertex 916.313064253739 253.84805862474633 579.9306944767895
  endloop
endfacet
facet normal -0.608761429009017 -0.7933533402910077 -2.3877412584766837e-15
  outer loop
    vertex 916.313064253739 253.84805862474624 588.649994768525
    vertex 916.9343845972982 253.37130275695253 580.6065171750267
    vertex 916.9343845972982 253.3713027569526 588.649994768525
  endloop
endfacet
facet normal 8.155432759653089e-08 0.9999999999999967 -1.482037691364361e-08
  outer loop
    vertex 895.5630642537386 254.74998190528305 573.1499942780243
    vertex 899.313064160487 254.7499824066739 546.6698823155174
    vertex 895.5630642599564 254.74998231883677 546.6499942780242
  endloop
endfacet
facet normal 8.155432759653089e-08 0.9999999999999967 -1.482037691364361e-08
  outer loop
    vertex 899.313064160487 254.7499824066739 546.6698823155174
    vertex 895.5630642537386 254.74998190528305 573.1499942780243
    vertex 897.2630642537389 254.74998206025217 566.8499942780243
  endloop
endfacet
facet normal 8.155432759653089e-08 0.9999999999999967 -1.482037691364361e-08
  outer loop
    vertex 899.313064160487 254.7499824066739 546.6698823155174
    vertex 897.2630642537389 254.74998206025217 566.8499942780243
    vertex 899.3130641244737 254.749982115252 566.5999942780243
  endloop
endfacet
facet normal 8.155432759653089e-08 0.9999999999999967 -1.482037691364361e-08
  outer loop
    vertex 899.3130641244737 254.749982115252 566.5999942780243
    vertex 897.2630642537389 254.74998206025217 566.8499942780243
    vertex 904.5630643103784 254.7499821966448 566.5999942780243
  endloop
endfacet
facet normal 8.155432759653089e-08 0.9999999999999967 -1.482037691364361e-08
  outer loop
    vertex 897.2630642537389 254.74998206025217 566.8499942780243
    vertex 895.5630642537386 254.74998190528305 573.1499942780243
    vertex 897.2630642537389 254.7499823760878 572.4499942780243
  endloop
endfacet
facet normal 8.155432759653089e-08 0.9999999999999967 -1.482037691364361e-08
  outer loop
    vertex 897.2630642537389 254.7499823760878 572.4499942780243
    vertex 895.5630642537386 254.74998190528305 573.1499942780243
    vertex 902.8630642537391 254.7499823760878 572.4499942780243
  endloop
endfacet
facet normal 8.155432759653089e-08 0.9999999999999967 -1.482037691364361e-08
  outer loop
    vertex 904.5630643103784 254.7499821966448 566.5999942780243
    vertex 902.8630642537391 254.74998237608781 566.8499942780243
    vertex 904.563067709559 254.74997702551238 567.1499885432951
  endloop
endfacet
facet normal 8.155432759653089e-08 0.9999999999999967 -1.482037691364361e-08
  outer loop
    vertex 902.8630642537391 254.74998237608781 566.8499942780243
    vertex 904.5630643103784 254.7499821966448 566.5999942780243
    vertex 897.2630642537389 254.74998206025217 566.8499942780243
  endloop
endfacet
facet normal 8.155432759653089e-08 0.9999999999999967 -1.482037691364361e-08
  outer loop
    vertex 904.563067709559 254.74997702551238 567.1499885432951
    vertex 902.8630642537391 254.74998237608781 566.8499942780243
    vertex 902.8630642537391 254.7499823760878 572.4499942780243
  endloop
endfacet
facet normal 8.155432759653089e-08 0.9999999999999967 -1.482037691364361e-08
  outer loop
    vertex 904.563067709559 254.74997702551238 567.1499885432951
    vertex 902.8630642537391 254.7499823760878 572.4499942780243
    vertex 918.8130642317258 254.74998020707554 582.6499957099376
  endloop
endfacet
facet normal 8.155432759653089e-08 0.9999999999999967 -1.482037691364361e-08
  outer loop
    vertex 918.8130642317258 254.74998020707554 582.6499957099376
    vertex 902.8630642537391 254.7499823760878 572.4499942780243
    vertex 895.5630642537386 254.74998190528305 573.1499942780243
  endloop
endfacet
facet normal 8.155432759653089e-08 0.9999999999999967 -1.482037691364361e-08
  outer loop
    vertex 918.8130642317258 254.74998020707554 582.6499957099376
    vertex 895.5630642537386 254.74998190528305 573.1499942780243
    vertex 909.813064253739 254.7499824536397 588.6499947685248
  endloop
endfacet
facet normal 8.155432759653089e-08 0.9999999999999967 -1.482037691364361e-08
  outer loop
    vertex 918.8130642317258 254.74998020707554 582.6499957099376
    vertex 909.813064253739 254.7499824536397 588.6499947685248
    vertex 918.8130642281329 254.74998088987127 588.6499947685246
  endloop
endfacet
facet normal -1.638618318954213e-09 0.9373131421124874 0.3484882689893823
  outer loop
    vertex 918.8130642281329 254.74998088987127 588.6499947685246
    vertex 924.8130642687918 269.2499830575866 549.649994504408
    vertex 918.8130642615566 269.2499830390868 549.6499944943841
  endloop
endfacet
facet normal -1.638618318954213e-09 0.9373131421124874 0.3484882689893823
  outer loop
    vertex 924.8130642687918 269.2499830575866 549.649994504408
    vertex 918.8130642281329 254.74998088987127 588.6499947685246
    vertex 924.8130642353686 254.74998088728725 588.6499947721178
  endloop
endfacet
facet normal 9.337322618800063e-09 -0.9999999999999989 -4.916829558386367e-08
  outer loop
    vertex 924.8130642727904 245.74998264830313 554.6499942429139
    vertex 918.8130642727904 245.7499827151999 552.1499942780243
    vertex 924.8130642727824 245.74998282724778 552.1499942780243
  endloop
endfacet
facet normal 9.337322618800063e-09 -0.9999999999999989 -4.916829558386367e-08
  outer loop
    vertex 918.8130642727904 245.7499827151999 552.1499942780243
    vertex 924.8130642727904 245.74998264830313 554.6499942429139
    vertex 918.8130642727904 245.74998264830313 554.6499942429139
  endloop
endfacet
facet normal 1.0 1.2040670243383945e-08 1.0583714639883314e-09
  outer loop
    vertex 924.81306432793 242.2499829392185 546.6499942317643
    vertex 924.8130642727824 245.74998282724778 552.1499942780243
    vertex 924.8130643279271 242.24998286111077 548.6499943950151
  endloop
endfacet
facet normal 1.0 1.2040670243383945e-08 1.0583714639883314e-09
  outer loop
    vertex 924.8130642727824 245.74998282724778 552.1499942780243
    vertex 924.81306432793 242.2499829392185 546.6499942317643
    vertex 924.8130642599563 247.74998259800483 546.6499942780243
  endloop
endfacet
facet normal 1.0 1.2040670243383945e-08 1.0583714639883314e-09
  outer loop
    vertex 924.8130642727824 245.74998282724778 552.1499942780243
    vertex 924.8130642599563 247.74998259800483 546.6499942780243
    vertex 924.813064259869 247.749982406107 554.6499942762281
  endloop
endfacet
facet normal 1.0 1.2040670243383945e-08 1.0583714639883314e-09
  outer loop
    vertex 924.813064259869 247.749982406107 554.6499942762281
    vertex 924.8130642727904 245.74998264830313 554.6499942429139
    vertex 924.8130642727824 245.74998282724778 552.1499942780243
  endloop
endfacet
facet normal -1.3132396004048974e-09 -1.2717350996746272e-08 1.0
  outer loop
    vertex 918.8130642727904 245.74998264830313 554.6499942429139
    vertex 924.813064259869 247.749982406107 554.6499942762281
    vertex 918.8130642598883 247.74998241484366 554.6499942604692
  endloop
endfacet
facet normal -1.3132396004048974e-09 -1.2717350996746272e-08 1.0
  outer loop
    vertex 924.813064259869 247.749982406107 554.6499942762281
    vertex 918.8130642727904 245.74998264830313 554.6499942429139
    vertex 924.8130642727904 245.74998264830313 554.6499942429139
  endloop
endfacet
facet normal -1.0 -1.2586331220248434e-08 -8.076953443425243e-10
  outer loop
    vertex 918.8130642598883 247.74998241484366 554.6499942604692
    vertex 918.8130642727904 245.7499827151999 552.1499942780243
    vertex 918.8130642727904 245.74998264830313 554.6499942429139
  endloop
endfacet
facet normal -1.0 -1.2586331220248434e-08 -8.076953443425243e-10
  outer loop
    vertex 918.8130642727904 245.7499827151999 552.1499942780243
    vertex 918.81306432793 242.24998286221182 546.6499942317643
    vertex 918.8130643279343 242.24998276658573 548.6499943950065
  endloop
endfacet
facet normal -1.0 -1.2586331220248434e-08 -8.076953443425243e-10
  outer loop
    vertex 918.81306432793 242.24998286221182 546.6499942317643
    vertex 918.8130642727904 245.7499827151999 552.1499942780243
    vertex 918.8130642599561 247.74998252099812 546.6499942780243
  endloop
endfacet
facet normal -1.0 -1.2586331220248434e-08 -8.076953443425243e-10
  outer loop
    vertex 918.8130642599561 247.74998252099812 546.6499942780243
    vertex 918.8130642727904 245.7499827151999 552.1499942780243
    vertex 918.8130642598883 247.74998241484366 554.6499942604692
  endloop
endfacet
facet normal -2.0545044811471408e-08 -0.9999999999999998 1.5383192080289116e-09
  outer loop
    vertex 939.0630672371251 247.74998476707347 573.1499942780234
    vertex 924.8130642537384 247.74998118555962 582.6499952127313
    vertex 939.0630661522554 247.7499789505926 567.149992657182
  endloop
endfacet
facet normal -2.0545044811471408e-08 -0.9999999999999998 1.5383192080289116e-09
  outer loop
    vertex 924.8130642537384 247.74998118555962 582.6499952127313
    vertex 939.0630672371251 247.74998476707347 573.1499942780234
    vertex 948.0630642537382 247.74998205750543 573.1499942780242
  endloop
endfacet
facet normal -2.0545044811471408e-08 -0.9999999999999998 1.5383192080289116e-09
  outer loop
    vertex 924.8130642537384 247.74998118555962 582.6499952127313
    vertex 948.0630642537382 247.74998205750543 573.1499942780242
    vertex 933.8130642537385 247.74998260586645 588.649994768525
  endloop
endfacet
facet normal -2.0545044811471408e-08 -0.9999999999999998 1.5383192080289116e-09
  outer loop
    vertex 924.8130642537384 247.74998118555962 582.6499952127313
    vertex 933.8130642537385 247.74998260586645 588.649994768525
    vertex 918.8130642537384 247.74998113974797 582.6499952138398
  endloop
endfacet
facet normal -2.0545044811471408e-08 -0.9999999999999998 1.5383192080289116e-09
  outer loop
    vertex 918.8130642537384 247.74998113974797 582.6499952138398
    vertex 904.5630626095536 247.7499845821867 573.1499942780234
    vertex 904.5630626095536 247.74998258678892 567.1499929349278
  endloop
endfacet
facet normal -2.0545044811471408e-08 -0.9999999999999998 1.5383192080289116e-09
  outer loop
    vertex 904.5630626095536 247.7499845821867 573.1499942780234
    vertex 918.8130642537384 247.74998113974797 582.6499952138398
    vertex 895.5630642537386 247.74998205750973 573.1499942780242
  endloop
endfacet
facet normal -2.0545044811471408e-08 -0.9999999999999998 1.5383192080289116e-09
  outer loop
    vertex 895.5630642537386 247.74998205750973 573.1499942780242
    vertex 918.8130642537384 247.74998113974797 582.6499952138398
    vertex 909.813064253739 247.74998260586645 588.649994768525
  endloop
endfacet
facet normal -2.0545044811471408e-08 -0.9999999999999998 1.5383192080289116e-09
  outer loop
    vertex 909.813064253739 247.74998260586645 588.649994768525
    vertex 918.8130642537384 247.74998113974797 582.6499952138398
    vertex 933.8130642537385 247.74998260586645 588.649994768525
  endloop
endfacet
facet normal -2.0545044811471408e-08 -0.9999999999999998 1.5383192080289116e-09
  outer loop
    vertex 924.813064259869 247.749982406107 554.6499942762281
    vertex 918.8130642537384 247.74998113974797 582.6499952138398
    vertex 918.8130642598883 247.74998241484366 554.6499942604692
  endloop
endfacet
facet normal -2.0545044811471408e-08 -0.9999999999999998 1.5383192080289116e-09
  outer loop
    vertex 918.8130642537384 247.74998113974797 582.6499952138398
    vertex 924.813064259869 247.749982406107 554.6499942762281
    vertex 924.8130642537384 247.74998118555962 582.6499952127313
  endloop
endfacet
facet normal -3.501711245589633e-09 -0.9999999999999998 2.1458068421515505e-08
  outer loop
    vertex 918.8130642598883 247.74998241484366 554.6499942604692
    vertex 904.5630642624724 247.74998240611484 546.6499942780243
    vertex 918.8130642599561 247.74998252099812 546.6499942780243
  endloop
endfacet
facet normal -3.501711245589633e-09 -0.9999999999999998 2.1458068421515505e-08
  outer loop
    vertex 904.5630642624724 247.74998240611484 546.6499942780243
    vertex 918.8130642598883 247.74998241484366 554.6499942604692
    vertex 904.5630642624717 247.74998252310536 552.1499942780243
  endloop
endfacet
facet normal -3.501711245589633e-09 -0.9999999999999998 2.1458068421515505e-08
  outer loop
    vertex 904.5630642624717 247.74998252310536 552.1499942780243
    vertex 918.8130642598883 247.74998241484366 554.6499942604692
    vertex 899.3130639330633 247.74998263933955 552.1499942780243
  endloop
endfacet
facet normal -3.501711245589633e-09 -0.9999999999999998 2.1458068421515505e-08
  outer loop
    vertex 899.3130639330633 247.74998263933955 552.1499942780243
    vertex 918.8130642598883 247.74998241484366 554.6499942604692
    vertex 904.5630642598886 247.74998242420784 554.6499942599906
  endloop
endfacet
facet normal -3.501711245589633e-09 -0.9999999999999998 2.1458068421515505e-08
  outer loop
    vertex 899.3130639330633 247.74998263933955 552.1499942780243
    vertex 895.5630642599564 247.7499824710633 546.6499942780243
    vertex 899.3130639330633 247.74998263933955 546.6499942780243
  endloop
endfacet
facet normal -3.501711245589633e-09 -0.9999999999999998 2.1458068421515505e-08
  outer loop
    vertex 895.5630642599564 247.7499824710633 546.6499942780243
    vertex 899.3130639330633 247.74998263933955 552.1499942780243
    vertex 895.5630642537386 247.7499827173937 565.8999942780238
  endloop
endfacet
facet normal -3.501711245589633e-09 -0.9999999999999998 2.1458068421515505e-08
  outer loop
    vertex 895.5630642537386 247.7499827173937 565.8999942780238
    vertex 899.3130639330633 247.74998263933955 552.1499942780243
    vertex 904.5630642598886 247.74998242420784 554.6499942599906
  endloop
endfacet
facet normal -3.501711245589633e-09 -0.9999999999999998 2.1458068421515505e-08
  outer loop
    vertex 895.5630642537386 247.7499827173937 565.8999942780238
    vertex 904.5630642598886 247.74998242420784 554.6499942599906
    vertex 904.5630633319986 247.7499832135519 565.8999942780238
  endloop
endfacet
facet normal -4.153259940720497e-09 -0.9999999999999998 1.9207791999317138e-08
  outer loop
    vertex 948.0630642537382 247.7499824863991 565.8999942780239
    vertex 944.3130642196649 247.7499824812966 546.6499942780243
    vertex 948.063064259956 247.749982471059 546.6499942780243
  endloop
endfacet
facet normal -4.153259940720497e-09 -0.9999999999999998 1.9207791999317138e-08
  outer loop
    vertex 944.3130642196649 247.7499824812966 546.6499942780243
    vertex 948.0630642537382 247.7499824863991 565.8999942780239
    vertex 944.3130642196649 247.74998243215805 552.1499942780243
  endloop
endfacet
facet normal -4.153259940720497e-09 -0.9999999999999998 1.9207791999317138e-08
  outer loop
    vertex 944.3130642196649 247.74998243215805 552.1499942780243
    vertex 948.0630642537382 247.7499824863991 565.8999942780239
    vertex 939.0630642606764 247.7499824327031 552.1499942780243
  endloop
endfacet
facet normal -4.153259940720497e-09 -0.9999999999999998 1.9207791999317138e-08
  outer loop
    vertex 939.0630642606764 247.7499824327031 552.1499942780243
    vertex 948.0630642537382 247.7499824863991 565.8999942780239
    vertex 939.0630642598685 247.74998239633726 554.6499942768581
  endloop
endfacet
facet normal -4.153259940720497e-09 -0.9999999999999998 1.9207791999317138e-08
  outer loop
    vertex 939.0630642606764 247.7499824327031 552.1499942780243
    vertex 939.0630642598685 247.74998239633726 554.6499942768581
    vertex 924.813064259869 247.749982406107 554.6499942762281
  endloop
endfacet
facet normal -4.153259940720497e-09 -0.9999999999999998 1.9207791999317138e-08
  outer loop
    vertex 939.0630642598685 247.74998239633726 554.6499942768581
    vertex 948.0630642537382 247.7499824863991 565.8999942780239
    vertex 939.0630659262437 247.74998325925174 565.8999942780238
  endloop
endfacet
facet normal -4.153259940720497e-09 -0.9999999999999998 1.9207791999317138e-08
  outer loop
    vertex 939.0630642606764 247.7499824327031 552.1499942780243
    vertex 924.8130642599563 247.74998259800483 546.6499942780243
    vertex 939.0630642606764 247.74998245727218 546.6499942780243
  endloop
endfacet
facet normal -4.153259940720497e-09 -0.9999999999999998 1.9207791999317138e-08
  outer loop
    vertex 924.8130642599563 247.74998259800483 546.6499942780243
    vertex 939.0630642606764 247.7499824327031 552.1499942780243
    vertex 924.813064259869 247.749982406107 554.6499942762281
  endloop
endfacet
facet normal -1.0378551009796343e-10 -1.0 -4.467140693717189e-09
  outer loop
    vertex 944.3130642190938 242.249982463428 548.6499942534551
    vertex 939.0630642601053 242.24998245727218 546.6499942534551
    vertex 944.3130642190938 242.24998248129657 546.6499942534551
  endloop
endfacet
facet normal -1.0378551009796343e-10 -1.0 -4.467140693717189e-09
  outer loop
    vertex 939.0630642601053 242.24998245727218 546.6499942534551
    vertex 944.3130642190938 242.249982463428 548.6499942534551
    vertex 939.0630642601053 242.24998246397308 548.6499942534551
  endloop
endfacet
facet normal -1.0 1.0378551009796343e-10 0.0
  outer loop
    vertex 939.0630642601053 242.24998246397308 548.6499942534551
    vertex 939.0630642606764 247.74998245727218 546.6499942780243
    vertex 939.0630642601053 242.24998245727218 546.6499942534551
  endloop
endfacet
facet normal -1.0 1.0378551009796343e-10 0.0
  outer loop
    vertex 939.0630642606764 247.74998245727218 546.6499942780243
    vertex 939.0630642601053 242.24998246397308 548.6499942534551
    vertex 939.0630642606764 247.7499824327031 552.1499942780243
  endloop
endfacet
facet normal -2.2139790731106328e-08 -0.9999999999999996 2.127105639909189e-08
  outer loop
    vertex 904.5630641407025 242.24998252310536 548.6499943950151
    vertex 899.3130638112941 242.24998263933958 546.6499943950151
    vertex 904.5630641407033 242.2499824061148 546.6499943950151
  endloop
endfacet
facet normal -2.2139790731106328e-08 -0.9999999999999996 2.127105639909189e-08
  outer loop
    vertex 899.3130638112941 242.24998263933958 546.6499943950151
    vertex 904.5630641407025 242.24998252310536 548.6499943950151
    vertex 899.3130638112941 242.24998263933958 548.6499943950151
  endloop
endfacet
facet normal 0.9999999999999998 -2.2139790731106312e-08 9.418734746109086e-16
  outer loop
    vertex 904.5630642624724 247.74998240611484 546.6499942780243
    vertex 904.5630641407025 242.24998252310536 548.6499943950151
    vertex 904.5630641407033 242.2499824061148 546.6499943950151
  endloop
endfacet
facet normal 0.9999999999999998 -2.2139790731106312e-08 9.418734746109086e-16
  outer loop
    vertex 904.5630641407025 242.24998252310536 548.6499943950151
    vertex 904.5630642624724 247.74998240611484 546.6499942780243
    vertex 904.5630642624717 247.74998252310536 552.1499942780243
  endloop
endfacet
facet normal -0.9999999999999998 2.2139841927458905e-08 2.5962068347079375e-24
  outer loop
    vertex 899.3130639330633 247.74998263933955 552.1499942780243
    vertex 899.3130638112941 242.24998263933958 546.6499943950151
    vertex 899.3130638112941 242.24998263933958 548.6499943950151
  endloop
endfacet
facet normal -0.9999999999999998 2.2139841927458905e-08 2.5962068347079375e-24
  outer loop
    vertex 899.3130638112941 242.24998263933958 546.6499943950151
    vertex 899.3130639330633 247.74998263933955 552.1499942780243
    vertex 899.3130639330633 247.74998263933955 546.6499942780243
  endloop
endfacet
facet normal 1.0 -1.0382398779091266e-10 -9.275927565273582e-19
  outer loop
    vertex 944.3130642190938 242.24998248129657 546.6499942534551
    vertex 944.3130642196649 247.74998243215805 552.1499942780243
    vertex 944.3130642190938 242.249982463428 548.6499942534551
  endloop
endfacet
facet normal 1.0 -1.0382398779091266e-10 -9.275927565273582e-19
  outer loop
    vertex 944.3130642196649 247.74998243215805 552.1499942780243
    vertex 944.3130642190938 242.24998248129657 546.6499942534551
    vertex 944.3130642196649 247.7499824812966 546.6499942780243
  endloop
endfacet
facet normal -5.57405542681988e-11 -0.5368754970482027 0.8436614846425345
  outer loop
    vertex 944.3130642190938 242.249982463428 548.6499942534551
    vertex 939.0630642606764 247.7499824327031 552.1499942780243
    vertex 939.0630642601053 242.24998246397308 548.6499942534551
  endloop
endfacet
facet normal -5.57405542681988e-11 -0.5368754970482027 0.8436614846425345
  outer loop
    vertex 939.0630642606764 247.7499824327031 552.1499942780243
    vertex 944.3130642190938 242.249982463428 548.6499942534551
    vertex 944.3130642196649 247.74998243215805 552.1499942780243
  endloop
endfacet
facet normal -1.1886338249090587e-08 -0.5368754794201385 0.8436614958603933
  outer loop
    vertex 904.5630641407025 242.24998252310536 548.6499943950151
    vertex 899.3130639330633 247.74998263933955 552.1499942780243
    vertex 899.3130638112941 242.24998263933958 548.6499943950151
  endloop
endfacet
facet normal -1.1886338249090587e-08 -0.5368754794201385 0.8436614958603933
  outer loop
    vertex 899.3130639330633 247.74998263933955 552.1499942780243
    vertex 904.5630641407025 242.24998252310536 548.6499943950151
    vertex 904.5630642624717 247.74998252310536 552.1499942780243
  endloop
endfacet
facet normal 1.4294310461258449e-08 -0.9999999999999991 -4.3433464254927686e-08
  outer loop
    vertex 924.8130643279271 242.24998286111077 548.6499943950151
    vertex 918.81306432793 242.24998286221182 546.6499942317643
    vertex 924.81306432793 242.2499829392185 546.6499942317643
  endloop
endfacet
facet normal 1.4294310461258449e-08 -0.9999999999999991 -4.3433464254927686e-08
  outer loop
    vertex 918.81306432793 242.24998286221182 546.6499942317643
    vertex 924.8130643279271 242.24998286111077 548.6499943950151
    vertex 918.8130643279343 242.24998276658573 548.6499943950065
  endloop
endfacet
facet normal 1.2171914229202897e-08 -0.7071067736748453 0.7071067886982495
  outer loop
    vertex 918.8130643279343 242.24998276658573 548.6499943950065
    vertex 924.8130642727824 245.74998282724778 552.1499942780243
    vertex 918.8130642727904 245.7499827151999 552.1499942780243
  endloop
endfacet
facet normal 1.2171914229202897e-08 -0.7071067736748453 0.7071067886982495
  outer loop
    vertex 924.8130642727824 245.74998282724778 552.1499942780243
    vertex 918.8130643279343 242.24998276658573 548.6499943950065
    vertex 924.8130643279271 242.24998286111077 548.6499943950151
  endloop
endfacet
endsolid flsun-cube-linear-rail-xy-gantry
