solid flsun-cube-linear-rail-xy-gantry
facet normal 0.9961946980917451 -5.782452018283469e-16 0.08715574274766288
  outer loop
    vertex 1894.8487533079835 185.0000000000007 611.6620000000019
    vertex 1894.8806570266581 181.0000000000007 611.2973388269008
    vertex 1894.8806570266577 185.0000000000008 611.2973388269013
  endloop
endfacet
facet normal 0.9961946980917451 -5.782452018283469e-16 0.08715574274766288
  outer loop
    vertex 1894.8806570266581 181.0000000000007 611.2973388269008
    vertex 1894.8487533079835 185.0000000000007 611.6620000000019
    vertex 1894.8487533079835 181.0000000000007 611.6620000000014
  endloop
endfacet
facet normal 0.9659258262890908 -5.234811841638548e-15 0.25881904510243703
  outer loop
    vertex 1894.8806570266581 181.0000000000007 611.2973388269008
    vertex 1894.9753988043328 185.0000000000007 610.943757699018
    vertex 1894.8806570266577 185.0000000000008 611.2973388269013
  endloop
endfacet
facet normal 0.9659258262890908 -5.234811841638548e-15 0.25881904510243703
  outer loop
    vertex 1894.9753988043328 185.0000000000007 610.943757699018
    vertex 1894.8806570266581 181.0000000000007 611.2973388269008
    vertex 1894.9753988043328 181.00000000000074 610.9437576990173
  endloop
endfacet
facet normal 0.9063077870367209 -9.732321372583595e-15 0.42261826174054734
  outer loop
    vertex 1894.9753988043328 185.0000000000007 610.943757699018
    vertex 1895.1300999600357 181.00000000000074 610.612000000001
    vertex 1895.1300999600357 185.00000000000082 610.6120000000018
  endloop
endfacet
facet normal 0.9063077870367209 -9.732321372583595e-15 0.42261826174054734
  outer loop
    vertex 1895.1300999600357 181.00000000000074 610.612000000001
    vertex 1894.9753988043328 185.0000000000007 610.943757699018
    vertex 1894.9753988043328 181.00000000000074 610.9437576990173
  endloop
endfacet
facet normal 0.819152044288982 -1.3934119243421317e-14 0.5735764363510604
  outer loop
    vertex 1895.1300999600357 181.00000000000074 610.612000000001
    vertex 1895.3400599774334 185.00000000000074 610.31214601966
    vertex 1895.1300999600357 185.00000000000082 610.6120000000018
  endloop
endfacet
facet normal 0.819152044288982 -1.3934119243421317e-14 0.5735764363510604
  outer loop
    vertex 1895.3400599774334 185.00000000000074 610.31214601966
    vertex 1895.1300999600357 181.00000000000074 610.612000000001
    vertex 1895.3400599774332 181.00000000000074 610.3121460196597
  endloop
endfacet
facet normal 0.7071067811865981 -1.7712535952045804e-14 0.7071067811864971
  outer loop
    vertex 1895.5988993276412 181.00000000000074 610.0533066694516
    vertex 1895.3400599774334 185.00000000000074 610.31214601966
    vertex 1895.3400599774332 181.00000000000074 610.3121460196597
  endloop
endfacet
facet normal 0.7071067811865981 -1.7712535952045804e-14 0.7071067811864971
  outer loop
    vertex 1895.3400599774334 185.00000000000074 610.31214601966
    vertex 1895.5988993276412 181.00000000000074 610.0533066694516
    vertex 1895.5988993276414 185.00000000000074 610.053306669452
  endloop
endfacet
facet normal 0.5735764363512269 -2.0952766218742583e-14 0.8191520442888652
  outer loop
    vertex 1895.8987533079826 181.00000000000074 609.843346652054
    vertex 1895.5988993276414 185.00000000000074 610.053306669452
    vertex 1895.5988993276412 181.00000000000074 610.0533066694516
  endloop
endfacet
facet normal 0.5735764363512269 -2.0952766218742583e-14 0.8191520442888652
  outer loop
    vertex 1895.5988993276414 185.00000000000074 610.053306669452
    vertex 1895.8987533079826 181.00000000000074 609.843346652054
    vertex 1895.8987533079835 185.00000000000082 609.8433466520545
  endloop
endfacet
facet normal 0.42261826174087935 -2.3556357286497442e-14 0.9063077870365661
  outer loop
    vertex 1896.230511006999 181.00000000000074 609.6886454963504
    vertex 1895.8987533079835 185.00000000000082 609.8433466520545
    vertex 1895.8987533079826 181.00000000000074 609.843346652054
  endloop
endfacet
facet normal 0.42261826174087935 -2.3556357286497442e-14 0.9063077870365661
  outer loop
    vertex 1895.8987533079835 185.00000000000082 609.8433466520545
    vertex 1896.230511006999 181.00000000000074 609.6886454963504
    vertex 1896.230511006999 185.00000000000082 609.6886454963511
  endloop
endfacet
facet normal 0.25881904510257486 -2.544420035819489e-14 0.9659258262890538
  outer loop
    vertex 1896.5840921348822 181.00000000000077 609.5939037186754
    vertex 1896.230511006999 185.00000000000082 609.6886454963511
    vertex 1896.230511006999 181.00000000000074 609.6886454963504
  endloop
endfacet
facet normal 0.25881904510257486 -2.544420035819489e-14 0.9659258262890538
  outer loop
    vertex 1896.230511006999 185.00000000000082 609.6886454963511
    vertex 1896.5840921348822 181.00000000000077 609.5939037186754
    vertex 1896.5840921348822 185.00000000000085 609.5939037186756
  endloop
endfacet
facet normal 0.08715574274773576 -0.9961946980917388 -1.278194483681934e-13
  outer loop
    vertex 1916.5840921348813 205.76809628132696 597.662000000003
    vertex 1916.9487533079825 205.80000000000098 601.6620000000029
    vertex 1916.584092134882 205.7680962813266 601.6620000000031
  endloop
endfacet
facet normal 0.08715574274773576 -0.9961946980917388 -1.278194483681934e-13
  outer loop
    vertex 1916.9487533079825 205.80000000000098 601.6620000000029
    vertex 1916.5840921348813 205.76809628132696 597.662000000003
    vertex 1916.9487533079819 205.80000000000135 597.6620000000026
  endloop
endfacet
facet normal 0.2588190451025077 -0.965925826289072 -1.3782086610046783e-13
  outer loop
    vertex 1916.230511006998 205.67335450365172 597.662000000003
    vertex 1916.584092134882 205.7680962813266 601.6620000000031
    vertex 1916.2305110069988 205.67335450365138 601.6620000000031
  endloop
endfacet
facet normal 0.2588190451025077 -0.965925826289072 -1.3782086610046783e-13
  outer loop
    vertex 1916.584092134882 205.7680962813266 601.6620000000031
    vertex 1916.230511006998 205.67335450365172 597.662000000003
    vertex 1916.5840921348813 205.76809628132696 597.662000000003
  endloop
endfacet
facet normal 0.42261826174051936 -0.9063077870367341 -1.436346665570052e-13
  outer loop
    vertex 1915.8987533079817 205.51865334794869 597.662000000003
    vertex 1916.2305110069988 205.67335450365138 601.6620000000031
    vertex 1915.8987533079828 205.51865334794832 601.6620000000031
  endloop
endfacet
facet normal 0.42261826174051936 -0.9063077870367341 -1.436346665570052e-13
  outer loop
    vertex 1916.2305110069988 205.67335450365138 601.6620000000031
    vertex 1915.8987533079817 205.51865334794869 597.662000000003
    vertex 1916.230511006998 205.67335450365172 597.662000000003
  endloop
endfacet
facet normal 0.5735764363511202 -0.8191520442889398 -1.4508420035286342e-13
  outer loop
    vertex 1915.598899327641 205.30869333055085 601.662000000003
    vertex 1915.8987533079817 205.51865334794869 597.662000000003
    vertex 1915.8987533079828 205.51865334794832 601.6620000000031
  endloop
endfacet
facet normal 0.5735764363511202 -0.8191520442889398 -1.4508420035286342e-13
  outer loop
    vertex 1915.8987533079817 205.51865334794869 597.662000000003
    vertex 1915.598899327641 205.30869333055085 601.662000000003
    vertex 1915.5988993276403 205.3086933305512 597.6620000000028
  endloop
endfacet
facet normal 0.7071067811865488 -0.7071067811865464 -1.421254241371445e-13
  outer loop
    vertex 1915.598899327641 205.30869333055085 601.662000000003
    vertex 1915.340059977432 205.0498539803431 597.6620000000031
    vertex 1915.5988993276403 205.3086933305512 597.6620000000028
  endloop
endfacet
facet normal 0.7071067811865488 -0.7071067811865464 -1.421254241371445e-13
  outer loop
    vertex 1915.340059977432 205.0498539803431 597.6620000000031
    vertex 1915.598899327641 205.30869333055085 601.662000000003
    vertex 1915.340059977433 205.04985398034273 601.6620000000032
  endloop
endfacet
facet normal 0.8191520442889418 -0.5735764363511173 -1.348482388279573e-13
  outer loop
    vertex 1915.340059977433 205.04985398034273 601.6620000000032
    vertex 1915.1300999600346 204.7500000000014 597.6620000000031
    vertex 1915.340059977432 205.0498539803431 597.6620000000031
  endloop
endfacet
facet normal 0.8191520442889418 -0.5735764363511173 -1.348482388279573e-13
  outer loop
    vertex 1915.1300999600346 204.7500000000014 597.6620000000031
    vertex 1915.340059977433 205.04985398034273 601.6620000000032
    vertex 1915.1300999600357 204.75000000000102 601.6620000000032
  endloop
endfacet
facet normal 0.9063077870367354 -0.42261826174051603 -1.2347375801845932e-13
  outer loop
    vertex 1915.1300999600357 204.75000000000102 601.6620000000032
    vertex 1914.9753988043317 204.4182423009852 597.6620000000031
    vertex 1915.1300999600346 204.7500000000014 597.6620000000031
  endloop
endfacet
facet normal 0.9063077870367354 -0.42261826174051603 -1.2347375801845932e-13
  outer loop
    vertex 1914.9753988043317 204.4182423009852 597.6620000000031
    vertex 1915.1300999600357 204.75000000000102 601.6620000000032
    vertex 1914.9753988043324 204.41824230098487 601.6620000000029
  endloop
endfacet
facet normal 0.9659258262890729 -0.25881904510250425 -1.0834758955234021e-13
  outer loop
    vertex 1914.9753988043324 204.41824230098487 601.6620000000029
    vertex 1914.8806570266563 204.06466117310188 597.6620000000031
    vertex 1914.9753988043317 204.4182423009852 597.6620000000031
  endloop
endfacet
facet normal 0.9659258262890729 -0.25881904510250425 -1.0834758955234021e-13
  outer loop
    vertex 1914.8806570266563 204.06466117310188 597.6620000000031
    vertex 1914.9753988043324 204.41824230098487 601.6620000000029
    vertex 1914.8806570266572 204.0646611731015 601.6620000000029
  endloop
endfacet
facet normal 0.9961946980917392 -0.08715574274773225 -8.992933440419526e-14
  outer loop
    vertex 1914.8806570266572 204.0646611731015 601.6620000000029
    vertex 1914.848753307982 203.70000000000135 597.6620000000029
    vertex 1914.8806570266563 204.06466117310188 597.6620000000031
  endloop
endfacet
facet normal 0.9961946980917392 -0.08715574274773225 -8.992933440419526e-14
  outer loop
    vertex 1914.848753307982 203.70000000000135 597.6620000000029
    vertex 1914.8806570266572 204.0646611731015 601.6620000000029
    vertex 1914.8487533079826 203.700000000001 601.6620000000026
  endloop
endfacet
facet normal 0.9961946980917388 0.08715574274773576 -6.877862193658946e-14
  outer loop
    vertex 1914.8487533079826 203.700000000001 601.6620000000026
    vertex 1914.8806570266563 203.33533882690085 597.6620000000028
    vertex 1914.848753307982 203.70000000000135 597.6620000000029
  endloop
endfacet
facet normal 0.9961946980917388 0.08715574274773576 -6.877862193658946e-14
  outer loop
    vertex 1914.8806570266563 203.33533882690085 597.6620000000028
    vertex 1914.8487533079826 203.700000000001 601.6620000000026
    vertex 1914.8806570266572 203.33533882690048 601.6620000000026
  endloop
endfacet
facet normal 0.965925826289072 0.2588190451025077 -4.553810584513235e-14
  outer loop
    vertex 1914.8806570266572 203.33533882690048 601.6620000000026
    vertex 1914.9753988043317 202.9817576990175 597.662000000003
    vertex 1914.8806570266563 203.33533882690085 597.6620000000028
  endloop
endfacet
facet normal 0.965925826289072 0.2588190451025077 -4.553810584513235e-14
  outer loop
    vertex 1914.9753988043317 202.9817576990175 597.662000000003
    vertex 1914.8806570266572 203.33533882690048 601.6620000000026
    vertex 1914.9753988043324 202.98175769901707 601.6620000000028
  endloop
endfacet
facet normal 0.9063077870367341 0.42261826174051936 -2.0913937450979253e-14
  outer loop
    vertex 1914.9753988043324 202.98175769901707 601.6620000000028
    vertex 1915.1300999600346 202.65000000000134 597.662000000003
    vertex 1914.9753988043317 202.9817576990175 597.662000000003
  endloop
endfacet
facet normal 0.9063077870367341 0.42261826174051936 -2.0913937450979253e-14
  outer loop
    vertex 1915.1300999600346 202.65000000000134 597.662000000003
    vertex 1914.9753988043324 202.98175769901707 601.6620000000028
    vertex 1915.1300999600357 202.65000000000097 601.6620000000028
  endloop
endfacet
facet normal 0.8191520442889398 0.5735764363511202 4.345690349726428e-15
  outer loop
    vertex 1915.1300999600357 202.65000000000097 601.6620000000028
    vertex 1915.340059977432 202.35014601965963 597.6620000000026
    vertex 1915.1300999600346 202.65000000000134 597.662000000003
  endloop
endfacet
facet normal 0.8191520442889398 0.5735764363511202 4.345690349726428e-15
  outer loop
    vertex 1915.340059977432 202.35014601965963 597.6620000000026
    vertex 1915.1300999600357 202.65000000000097 601.6620000000028
    vertex 1915.340059977433 202.35014601965926 601.6620000000028
  endloop
endfacet
facet normal 0.7071067811865464 0.7071067811865488 2.947327654812683e-14
  outer loop
    vertex 1915.340059977433 202.35014601965926 601.6620000000028
    vertex 1915.5988993276403 202.0913066694515 597.6620000000023
    vertex 1915.340059977432 202.35014601965963 597.6620000000026
  endloop
endfacet
facet normal 0.7071067811865464 0.7071067811865488 2.947327654812683e-14
  outer loop
    vertex 1915.5988993276403 202.0913066694515 597.6620000000023
    vertex 1915.340059977433 202.35014601965926 601.6620000000028
    vertex 1915.598899327641 202.09130666945117 601.6620000000025
  endloop
endfacet
facet normal 0.5735764363510016 0.8191520442890231 5.370533215282997e-14
  outer loop
    vertex 1915.8987533079821 201.88134665205405 597.6620000000025
    vertex 1915.598899327641 202.09130666945117 601.6620000000025
    vertex 1915.8987533079828 201.8813466520536 601.6620000000026
  endloop
endfacet
facet normal 0.5735764363510016 0.8191520442890231 5.370533215282997e-14
  outer loop
    vertex 1915.598899327641 202.09130666945117 601.6620000000025
    vertex 1915.8987533079821 201.88134665205405 597.6620000000025
    vertex 1915.5988993276403 202.0913066694515 597.6620000000023
  endloop
endfacet
facet normal -0.9063077870367209 9.732321372583595e-15 -0.42261826174054734
  outer loop
    vertex 1898.9221078116339 181.0000000000007 612.3802423009847
    vertex 1898.7674066559302 185.0000000000007 612.7120000000014
    vertex 1898.9221078116339 185.0000000000007 612.3802423009854
  endloop
endfacet
facet normal -0.9063077870367209 9.732321372583595e-15 -0.42261826174054734
  outer loop
    vertex 1898.7674066559302 185.0000000000007 612.7120000000014
    vertex 1898.9221078116339 181.0000000000007 612.3802423009847
    vertex 1898.767406655931 181.0000000000007 612.7120000000007
  endloop
endfacet
facet normal 7.096181303010589e-14 0.08715574274770728 0.9961946980917412
  outer loop
    vertex 1906.9487533079835 203.33533882690034 609.5939037186756
    vertex 1902.9487533079832 203.70000000000095 609.5620000000015
    vertex 1902.9487533079832 203.33533882690043 609.593903718676
  endloop
endfacet
facet normal 7.096181303010589e-14 0.08715574274770728 0.9961946980917412
  outer loop
    vertex 1902.9487533079832 203.70000000000095 609.5620000000015
    vertex 1906.9487533079835 203.33533882690034 609.5939037186756
    vertex 1906.9487533079835 203.70000000000087 609.5620000000013
  endloop
endfacet
facet normal 7.126956717075496e-14 -0.08715574274776071 0.9961946980917366
  outer loop
    vertex 1906.9487533079835 203.70000000000087 609.5620000000013
    vertex 1902.9487533079832 204.06466117310148 609.593903718676
    vertex 1902.9487533079832 203.70000000000095 609.5620000000015
  endloop
endfacet
facet normal 7.126956717075496e-14 -0.08715574274776071 0.9961946980917366
  outer loop
    vertex 1902.9487533079832 204.06466117310148 609.593903718676
    vertex 1906.9487533079835 203.70000000000087 609.5620000000013
    vertex 1906.9487533079835 204.0646611731014 609.5939037186756
  endloop
endfacet
facet normal 6.94118315770632e-14 -0.2588190451024703 0.9659258262890819
  outer loop
    vertex 1906.9487533079835 204.0646611731014 609.5939037186756
    vertex 1902.9487533079832 204.4182423009849 609.6886454963511
    vertex 1902.9487533079832 204.06466117310148 609.593903718676
  endloop
endfacet
facet normal 6.94118315770632e-14 -0.2588190451024703 0.9659258262890819
  outer loop
    vertex 1902.9487533079832 204.4182423009849 609.6886454963511
    vertex 1906.9487533079835 204.0646611731014 609.5939037186756
    vertex 1906.9487533079835 204.41824230098482 609.6886454963509
  endloop
endfacet
facet normal 6.544505260497731e-14 -0.42261826174083894 0.906307787036585
  outer loop
    vertex 1906.9487533079835 204.41824230098482 609.6886454963509
    vertex 1902.9487533079832 204.750000000001 609.8433466520545
    vertex 1902.9487533079832 204.4182423009849 609.6886454963511
  endloop
endfacet
facet normal 6.544505260497731e-14 -0.42261826174083894 0.906307787036585
  outer loop
    vertex 1902.9487533079832 204.750000000001 609.8433466520545
    vertex 1906.9487533079835 204.41824230098482 609.6886454963509
    vertex 1906.9487533079835 204.7500000000009 609.8433466520542
  endloop
endfacet
facet normal 0.08715574274731581 -2.6558934277395e-14 0.9961946980917755
  outer loop
    vertex 1896.9487533079828 181.00000000000077 609.5620000000014
    vertex 1896.5840921348822 185.00000000000085 609.5939037186756
    vertex 1896.5840921348822 181.00000000000077 609.5939037186754
  endloop
endfacet
facet normal 0.08715574274731581 -2.6558934277395e-14 0.9961946980917755
  outer loop
    vertex 1896.5840921348822 185.00000000000085 609.5939037186756
    vertex 1896.9487533079828 181.00000000000077 609.5620000000014
    vertex 1896.9487533079828 185.00000000000085 609.5620000000018
  endloop
endfacet
facet normal -0.0871557427471736 -2.6866688418042716e-14 0.996194698091788
  outer loop
    vertex 1897.3134144810833 181.00000000000077 609.5939037186754
    vertex 1896.9487533079828 185.00000000000085 609.5620000000018
    vertex 1896.9487533079828 181.00000000000077 609.5620000000014
  endloop
endfacet
facet normal -0.0871557427471736 -2.6866688418042716e-14 0.996194698091788
  outer loop
    vertex 1896.9487533079828 185.00000000000085 609.5620000000018
    vertex 1897.3134144810833 181.00000000000077 609.5939037186754
    vertex 1897.3134144810833 185.00000000000085 609.5939037186758
  endloop
endfacet
facet normal -0.25881904510243703 -2.6358111826309824e-14 0.9659258262890908
  outer loop
    vertex 1897.6669956089668 181.00000000000077 609.6886454963503
    vertex 1897.3134144810833 185.00000000000085 609.5939037186758
    vertex 1897.3134144810833 181.00000000000077 609.5939037186754
  endloop
endfacet
facet normal -0.25881904510243703 -2.6358111826309824e-14 0.9659258262890908
  outer loop
    vertex 1897.3134144810833 185.00000000000085 609.5939037186758
    vertex 1897.6669956089668 181.00000000000077 609.6886454963503
    vertex 1897.6669956089668 185.00000000000077 609.6886454963509
  endloop
endfacet
facet normal -0.4226182617406555 -2.5048657344582512e-14 0.9063077870366706
  outer loop
    vertex 1897.9987533079825 181.00000000000065 609.8433466520538
    vertex 1897.6669956089668 185.00000000000077 609.6886454963509
    vertex 1897.6669956089668 181.00000000000077 609.6886454963503
  endloop
endfacet
facet normal -0.4226182617406555 -2.5048657344582512e-14 0.9063077870366706
  outer loop
    vertex 1897.6669956089668 185.00000000000077 609.6886454963509
    vertex 1897.9987533079825 181.00000000000065 609.8433466520538
    vertex 1897.9987533079834 185.00000000000074 609.8433466520543
  endloop
endfacet
facet normal -0.5735764363512257 -2.2978112084668734e-14 0.819152044288866
  outer loop
    vertex 1898.2986072883245 181.00000000000065 610.0533066694514
    vertex 1897.9987533079834 185.00000000000074 609.8433466520543
    vertex 1897.9987533079825 181.00000000000065 609.8433466520538
  endloop
endfacet
facet normal -0.5735764363512257 -2.2978112084668734e-14 0.819152044288866
  outer loop
    vertex 1897.9987533079834 185.00000000000074 609.8433466520543
    vertex 1898.2986072883245 181.00000000000065 610.0533066694514
    vertex 1898.2986072883248 185.00000000000074 610.0533066694518
  endloop
endfacet
facet normal -0.7071067811864971 -2.0209388516555798e-14 0.7071067811865981
  outer loop
    vertex 1898.5574466385326 181.00000000000065 610.3121460196595
    vertex 1898.2986072883248 185.00000000000074 610.0533066694518
    vertex 1898.2986072883245 181.00000000000065 610.0533066694514
  endloop
endfacet
facet normal -0.7071067811864971 -2.0209388516555798e-14 0.7071067811865981
  outer loop
    vertex 1898.2986072883248 185.00000000000074 610.0533066694518
    vertex 1898.5574466385326 181.00000000000065 610.3121460196595
    vertex 1898.5574466385333 185.00000000000074 610.31214601966
  endloop
endfacet
facet normal -0.8191520442888999 -1.682661290480916e-14 0.5735764363511773
  outer loop
    vertex 1898.5574466385326 181.00000000000065 610.3121460196595
    vertex 1898.7674066559305 185.00000000000074 610.6120000000014
    vertex 1898.5574466385333 185.00000000000074 610.31214601966
  endloop
endfacet
facet normal -0.8191520442888999 -1.682661290480916e-14 0.5735764363511773
  outer loop
    vertex 1898.7674066559305 185.00000000000074 610.6120000000014
    vertex 1898.5574466385326 181.00000000000065 610.3121460196595
    vertex 1898.7674066559305 181.00000000000074 610.6120000000011
  endloop
endfacet
facet normal -0.9063077870366607 -1.2932569174620927e-14 0.4226182617406769
  outer loop
    vertex 1898.7674066559305 181.00000000000074 610.6120000000011
    vertex 1898.9221078116339 185.00000000000074 610.9437576990177
    vertex 1898.7674066559305 185.00000000000074 610.6120000000014
  endloop
endfacet
facet normal -0.9063077870366607 -1.2932569174620927e-14 0.4226182617406769
  outer loop
    vertex 1898.9221078116339 185.00000000000074 610.9437576990177
    vertex 1898.7674066559305 181.00000000000074 610.6120000000011
    vertex 1898.9221078116339 181.00000000000065 610.943757699017
  endloop
endfacet
facet normal -0.9659258262890538 -8.645575874263545e-15 0.25881904510257486
  outer loop
    vertex 1898.9221078116339 181.00000000000065 610.943757699017
    vertex 1899.016849589309 185.0000000000007 611.2973388269008
    vertex 1898.9221078116339 185.00000000000074 610.9437576990177
  endloop
endfacet
facet normal -0.9659258262890538 -8.645575874263545e-15 0.25881904510257486
  outer loop
    vertex 1899.016849589309 185.0000000000007 611.2973388269008
    vertex 1898.9221078116339 181.00000000000065 610.943757699017
    vertex 1899.016849589309 181.00000000000074 611.2973388269005
  endloop
endfacet
facet normal -0.9961946980917327 1.6886746634709482e-14 0.0871557427478051
  outer loop
    vertex 1919.016849589307 181.00000000000065 591.2973388269013
    vertex 1919.0487533079813 185.00000000000037 591.6620000000022
    vertex 1919.016849589307 185.00000000000037 591.2973388269016
  endloop
endfacet
facet normal -0.9961946980917327 1.6886746634709482e-14 0.0871557427478051
  outer loop
    vertex 1919.0487533079813 185.00000000000037 591.6620000000022
    vertex 1919.016849589307 181.00000000000065 591.2973388269013
    vertex 1919.0487533079813 181.00000000000074 591.6620000000019
  endloop
endfacet
facet normal -0.9961946980917451 1.3428390972971253e-14 -0.08715574274766288
  outer loop
    vertex 1919.0487533079813 185.00000000000037 591.6620000000022
    vertex 1919.016849589307 181.00000000000065 592.0266611731023
    vertex 1919.016849589307 185.00000000000048 592.0266611731028
  endloop
endfacet
facet normal -0.9961946980917451 1.3428390972971253e-14 -0.08715574274766288
  outer loop
    vertex 1919.016849589307 181.00000000000065 592.0266611731023
    vertex 1919.0487533079813 185.00000000000037 591.6620000000022
    vertex 1919.0487533079813 181.00000000000074 591.6620000000019
  endloop
endfacet
facet normal -0.7071067811865464 -0.7071067811865488 -2.947327654812683e-14
  outer loop
    vertex 1918.5574466385317 205.0498539803431 597.6620000000028
    vertex 1918.2986072883245 205.30869333055085 601.662000000003
    vertex 1918.2986072883234 205.3086933305512 597.6620000000028
  endloop
endfacet
facet normal -0.7071067811865464 -0.7071067811865488 -2.947327654812683e-14
  outer loop
    vertex 1918.2986072883245 205.30869333055085 601.662000000003
    vertex 1918.5574466385317 205.0498539803431 597.6620000000028
    vertex 1918.5574466385326 205.04985398034273 601.662000000003
  endloop
endfacet
facet normal -0.5735764363510016 -0.8191520442890231 -5.370533215282997e-14
  outer loop
    vertex 1917.998753307982 205.51865334794869 597.6620000000029
    vertex 1918.2986072883245 205.30869333055085 601.662000000003
    vertex 1917.9987533079827 205.51865334794832 601.6620000000031
  endloop
endfacet
facet normal -0.5735764363510016 -0.8191520442890231 -5.370533215282997e-14
  outer loop
    vertex 1918.2986072883245 205.30869333055085 601.662000000003
    vertex 1917.998753307982 205.51865334794869 597.6620000000029
    vertex 1918.2986072883234 205.3086933305512 597.6620000000028
  endloop
endfacet
facet normal -0.819152044288982 1.3934119243421317e-14 -0.5735764363510604
  outer loop
    vertex 1898.767406655931 181.0000000000007 612.7120000000007
    vertex 1898.5574466385328 185.00000000000068 613.0118539803432
    vertex 1898.7674066559302 185.0000000000007 612.7120000000014
  endloop
endfacet
facet normal -0.819152044288982 1.3934119243421317e-14 -0.5735764363510604
  outer loop
    vertex 1898.5574466385328 185.00000000000068 613.0118539803432
    vertex 1898.767406655931 181.0000000000007 612.7120000000007
    vertex 1898.5574466385328 181.00000000000068 613.0118539803428
  endloop
endfacet
facet normal -0.7071067811865981 1.7712535952045804e-14 -0.7071067811864971
  outer loop
    vertex 1898.5574466385328 185.00000000000068 613.0118539803432
    vertex 1898.2986072883248 181.00000000000057 613.2706933305509
    vertex 1898.2986072883248 185.00000000000065 613.2706933305514
  endloop
endfacet
facet normal -0.7071067811865981 1.7712535952045804e-14 -0.7071067811864971
  outer loop
    vertex 1898.2986072883248 181.00000000000057 613.2706933305509
    vertex 1898.5574466385328 185.00000000000068 613.0118539803432
    vertex 1898.5574466385328 181.00000000000068 613.0118539803428
  endloop
endfacet
facet normal -0.5735764363512269 2.0952766218742583e-14 -0.8191520442888652
  outer loop
    vertex 1898.2986072883248 185.00000000000065 613.2706933305514
    vertex 1897.998753307983 181.00000000000057 613.4806533479484
    vertex 1897.998753307983 185.00000000000065 613.4806533479489
  endloop
endfacet
facet normal -0.5735764363512269 2.0952766218742583e-14 -0.8191520442888652
  outer loop
    vertex 1897.998753307983 181.00000000000057 613.4806533479484
    vertex 1898.2986072883248 185.00000000000065 613.2706933305514
    vertex 1898.2986072883248 181.00000000000057 613.2706933305509
  endloop
endfacet
facet normal -0.42261826174087935 2.3556357286497442e-14 -0.9063077870365661
  outer loop
    vertex 1897.998753307983 185.00000000000065 613.4806533479489
    vertex 1897.6669956089668 181.00000000000057 613.6353545036512
    vertex 1897.6669956089668 185.00000000000065 613.6353545036518
  endloop
endfacet
facet normal -0.42261826174087935 2.3556357286497442e-14 -0.9063077870365661
  outer loop
    vertex 1897.6669956089668 181.00000000000057 613.6353545036512
    vertex 1897.998753307983 185.00000000000065 613.4806533479489
    vertex 1897.998753307983 181.00000000000057 613.4806533479484
  endloop
endfacet
facet normal -0.25881904510257486 2.544420035819489e-14 -0.9659258262890538
  outer loop
    vertex 1897.6669956089668 185.00000000000065 613.6353545036518
    vertex 1897.3134144810833 181.00000000000065 613.7300962813267
    vertex 1897.3134144810833 185.00000000000065 613.7300962813272
  endloop
endfacet
facet normal -0.25881904510257486 2.544420035819489e-14 -0.9659258262890538
  outer loop
    vertex 1897.3134144810833 181.00000000000065 613.7300962813267
    vertex 1897.6669956089668 185.00000000000065 613.6353545036518
    vertex 1897.6669956089668 181.00000000000057 613.6353545036512
  endloop
endfacet
facet normal -0.08715574274731581 2.6558934277395e-14 -0.9961946980917755
  outer loop
    vertex 1897.3134144810833 185.00000000000065 613.7300962813272
    vertex 1896.9487533079828 181.00000000000065 613.7620000000011
    vertex 1896.9487533079828 185.00000000000074 613.7620000000015
  endloop
endfacet
facet normal -0.08715574274731581 2.6558934277395e-14 -0.9961946980917755
  outer loop
    vertex 1896.9487533079828 181.00000000000065 613.7620000000011
    vertex 1897.3134144810833 185.00000000000065 613.7300962813272
    vertex 1897.3134144810833 181.00000000000065 613.7300962813267
  endloop
endfacet
facet normal 0.0871557427471736 2.6866688418042716e-14 -0.996194698091788
  outer loop
    vertex 1896.9487533079828 185.00000000000074 613.7620000000015
    vertex 1896.5840921348822 181.00000000000065 613.7300962813267
    vertex 1896.5840921348822 185.00000000000065 613.730096281327
  endloop
endfacet
facet normal 0.0871557427471736 2.6866688418042716e-14 -0.996194698091788
  outer loop
    vertex 1896.5840921348822 181.00000000000065 613.7300962813267
    vertex 1896.9487533079828 185.00000000000074 613.7620000000015
    vertex 1896.9487533079828 181.00000000000065 613.7620000000011
  endloop
endfacet
facet normal 0.25881904510243703 2.6358111826309824e-14 -0.9659258262890908
  outer loop
    vertex 1896.5840921348822 185.00000000000065 613.730096281327
    vertex 1896.230511006999 181.00000000000065 613.6353545036513
    vertex 1896.230511006999 185.00000000000065 613.635354503652
  endloop
endfacet
facet normal 0.25881904510243703 2.6358111826309824e-14 -0.9659258262890908
  outer loop
    vertex 1896.230511006999 181.00000000000065 613.6353545036513
    vertex 1896.5840921348822 185.00000000000065 613.730096281327
    vertex 1896.5840921348822 181.00000000000065 613.7300962813267
  endloop
endfacet
facet normal 0.4226182617407499 2.5048657344581496e-14 -0.9063077870366265
  outer loop
    vertex 1896.230511006999 185.00000000000065 613.635354503652
    vertex 1895.898753307983 181.00000000000065 613.4806533479486
    vertex 1895.898753307983 185.00000000000065 613.4806533479491
  endloop
endfacet
facet normal 0.4226182617407499 2.5048657344581496e-14 -0.9063077870366265
  outer loop
    vertex 1895.898753307983 181.00000000000065 613.4806533479486
    vertex 1896.230511006999 185.00000000000065 613.635354503652
    vertex 1896.230511006999 181.00000000000065 613.6353545036513
  endloop
endfacet
facet normal 0.5735764363511099 2.2978112084670703e-14 -0.8191520442889472
  outer loop
    vertex 1895.898753307983 185.00000000000065 613.4806533479491
    vertex 1895.5988993276412 181.00000000000065 613.2706933305511
    vertex 1895.5988993276412 185.00000000000074 613.2706933305516
  endloop
endfacet
facet normal 0.5735764363511099 2.2978112084670703e-14 -0.8191520442889472
  outer loop
    vertex 1895.5988993276412 181.00000000000065 613.2706933305511
    vertex 1895.898753307983 185.00000000000065 613.4806533479491
    vertex 1895.898753307983 181.00000000000065 613.4806533479486
  endloop
endfacet
facet normal 0.7071067811864971 2.0209388516555798e-14 -0.7071067811865981
  outer loop
    vertex 1895.5988993276412 185.00000000000074 613.2706933305516
    vertex 1895.3400599774332 181.00000000000074 613.011853980343
    vertex 1895.3400599774332 185.00000000000074 613.0118539803432
  endloop
endfacet
facet normal 0.7071067811864971 2.0209388516555798e-14 -0.7071067811865981
  outer loop
    vertex 1895.3400599774332 181.00000000000074 613.011853980343
    vertex 1895.5988993276412 185.00000000000074 613.2706933305516
    vertex 1895.5988993276412 181.00000000000065 613.2706933305511
  endloop
endfacet
facet normal 0.8191520442888999 1.682661290480916e-14 -0.5735764363511773
  outer loop
    vertex 1895.3400599774332 181.00000000000074 613.011853980343
    vertex 1895.1300999600355 185.00000000000068 612.7120000000016
    vertex 1895.3400599774332 185.00000000000074 613.0118539803432
  endloop
endfacet
facet normal 0.8191520442888999 1.682661290480916e-14 -0.5735764363511773
  outer loop
    vertex 1895.1300999600355 185.00000000000068 612.7120000000016
    vertex 1895.3400599774332 181.00000000000074 613.011853980343
    vertex 1895.1300999600362 181.00000000000068 612.7120000000009
  endloop
endfacet
facet normal 0.9063077870366607 1.2932569174620927e-14 -0.4226182617406769
  outer loop
    vertex 1895.1300999600355 185.00000000000068 612.7120000000016
    vertex 1894.9753988043333 181.0000000000008 612.380242300985
    vertex 1894.9753988043333 185.0000000000008 612.3802423009857
  endloop
endfacet
facet normal 0.9063077870366607 1.2932569174620927e-14 -0.4226182617406769
  outer loop
    vertex 1894.9753988043333 181.0000000000008 612.380242300985
    vertex 1895.1300999600355 185.00000000000068 612.7120000000016
    vertex 1895.1300999600362 181.00000000000068 612.7120000000009
  endloop
endfacet
facet normal 0.9659258262890538 8.645575874263545e-15 -0.25881904510257486
  outer loop
    vertex 1894.9753988043333 181.0000000000008 612.380242300985
    vertex 1894.8806570266581 185.0000000000007 612.0266611731024
    vertex 1894.9753988043333 185.0000000000008 612.3802423009857
  endloop
endfacet
facet normal 0.9659258262890538 8.645575874263545e-15 -0.25881904510257486
  outer loop
    vertex 1894.8806570266581 185.0000000000007 612.0266611731024
    vertex 1894.9753988043333 181.0000000000008 612.380242300985
    vertex 1894.8806570266581 181.0000000000007 612.026661173102
  endloop
endfacet
facet normal 0.9961946980917327 4.095891125839668e-15 -0.0871557427478051
  outer loop
    vertex 1894.8806570266581 181.0000000000007 612.026661173102
    vertex 1894.8487533079835 185.0000000000007 611.6620000000019
    vertex 1894.8806570266581 185.0000000000007 612.0266611731024
  endloop
endfacet
facet normal 0.9961946980917327 4.095891125839668e-15 -0.0871557427478051
  outer loop
    vertex 1894.8487533079835 185.0000000000007 611.6620000000019
    vertex 1894.8806570266581 181.0000000000007 612.026661173102
    vertex 1894.8487533079835 181.0000000000007 611.6620000000014
  endloop
endfacet
facet normal 0.9961946980917327 -1.6886746634709482e-14 -0.0871557427478051
  outer loop
    vertex 1914.8806570266556 181.00000000000074 592.0266611731029
    vertex 1914.8487533079813 185.00000000000037 591.6620000000024
    vertex 1914.8806570266556 185.00000000000037 592.026661173103
  endloop
endfacet
facet normal 0.9961946980917327 -1.6886746634709482e-14 -0.0871557427478051
  outer loop
    vertex 1914.8487533079813 185.00000000000037 591.6620000000024
    vertex 1914.8806570266556 181.00000000000074 592.0266611731029
    vertex 1914.8487533079813 181.00000000000057 591.6620000000023
  endloop
endfacet
facet normal 0.9961946980917451 -1.3428390972971253e-14 0.08715574274766288
  outer loop
    vertex 1914.8487533079813 181.00000000000057 591.6620000000023
    vertex 1914.8806570266556 185.00000000000037 591.2973388269019
    vertex 1914.8487533079813 185.00000000000037 591.6620000000024
  endloop
endfacet
facet normal 0.9961946980917451 -1.3428390972971253e-14 0.08715574274766288
  outer loop
    vertex 1914.8806570266556 185.00000000000037 591.2973388269019
    vertex 1914.8487533079813 181.00000000000057 591.6620000000023
    vertex 1914.8806570266556 181.00000000000057 591.2973388269019
  endloop
endfacet
facet normal 0.9659258262890908 -9.5620204466179e-15 0.25881904510243703
  outer loop
    vertex 1914.8806570266556 181.00000000000057 591.2973388269019
    vertex 1914.9753988043308 185.00000000000037 590.9437576990185
    vertex 1914.8806570266556 185.00000000000037 591.2973388269019
  endloop
endfacet
facet normal 0.9659258262890908 -9.5620204466179e-15 0.25881904510243703
  outer loop
    vertex 1914.9753988043308 185.00000000000037 590.9437576990185
    vertex 1914.8806570266556 181.00000000000057 591.2973388269019
    vertex 1914.9753988043308 181.00000000000057 590.9437576990185
  endloop
endfacet
facet normal 0.9063077870368089 -5.405112767615012e-15 0.4226182617403585
  outer loop
    vertex 1914.9753988043308 181.00000000000057 590.9437576990185
    vertex 1915.130099960034 185.0000000000004 590.6120000000024
    vertex 1914.9753988043308 185.00000000000037 590.9437576990185
  endloop
endfacet
facet normal 0.9063077870368089 -5.405112767615012e-15 0.4226182617403585
  outer loop
    vertex 1915.130099960034 185.0000000000004 590.6120000000024
    vertex 1914.9753988043308 181.00000000000057 590.9437576990185
    vertex 1915.130099960034 181.0000000000006 590.6120000000021
  endloop
endfacet
facet normal 0.819152044288982 -1.0839734722706554e-15 0.5735764363510604
  outer loop
    vertex 1915.130099960034 181.0000000000006 590.6120000000021
    vertex 1915.3400599774313 185.0000000000004 590.3121460196608
    vertex 1915.130099960034 185.0000000000004 590.6120000000024
  endloop
endfacet
facet normal 0.819152044288982 -1.0839734722706554e-15 0.5735764363510604
  outer loop
    vertex 1915.3400599774313 185.0000000000004 590.3121460196608
    vertex 1915.130099960034 181.0000000000006 590.6120000000021
    vertex 1915.3400599774313 181.0000000000006 590.3121460196601
  endloop
endfacet
facet normal 0.7071067811865981 3.270101808499792e-15 0.7071067811864971
  outer loop
    vertex 1915.5988993276396 181.0000000000005 590.0533066694521
    vertex 1915.3400599774313 185.0000000000004 590.3121460196608
    vertex 1915.3400599774313 181.0000000000006 590.3121460196601
  endloop
endfacet
facet normal 0.7071067811865981 3.270101808499792e-15 0.7071067811864971
  outer loop
    vertex 1915.3400599774313 185.0000000000004 590.3121460196608
    vertex 1915.5988993276396 181.0000000000005 590.0533066694521
    vertex 1915.5988993276396 185.00000000000026 590.0533066694525
  endloop
endfacet
facet normal 0.5735764363508961 7.52481670057862e-15 0.8191520442890968
  outer loop
    vertex 1915.8987533079815 181.00000000000063 589.843346652055
    vertex 1915.5988993276396 185.00000000000026 590.0533066694525
    vertex 1915.5988993276396 181.0000000000005 590.0533066694521
  endloop
endfacet
facet normal 0.5735764363508961 7.52481670057862e-15 0.8191520442890968
  outer loop
    vertex 1915.5988993276396 185.00000000000026 590.0533066694525
    vertex 1915.8987533079815 181.00000000000063 589.843346652055
    vertex 1915.8987533079815 185.00000000000026 589.8433466520551
  endloop
endfacet
facet normal 0.42261826174087935 1.155089384493657e-14 0.9063077870365661
  outer loop
    vertex 1916.2305110069974 181.00000000000063 589.6886454963516
    vertex 1915.8987533079815 185.00000000000026 589.8433466520551
    vertex 1915.8987533079815 181.00000000000063 589.843346652055
  endloop
endfacet
facet normal 0.42261826174087935 1.155089384493657e-14 0.9063077870365661
  outer loop
    vertex 1915.8987533079815 185.00000000000026 589.8433466520551
    vertex 1916.2305110069974 181.00000000000063 589.6886454963516
    vertex 1916.2305110069974 185.00000000000026 589.688645496352
  endloop
endfacet
facet normal 0.2588190451025133 1.522600292486363e-14 0.9659258262890704
  outer loop
    vertex 1916.5840921348806 181.00000000000063 589.5939037186762
    vertex 1916.2305110069974 185.00000000000026 589.688645496352
    vertex 1916.2305110069974 181.00000000000063 589.6886454963516
  endloop
endfacet
facet normal 0.2588190451025133 1.522600292486363e-14 0.9659258262890704
  outer loop
    vertex 1916.2305110069974 185.00000000000026 589.688645496352
    vertex 1916.5840921348806 181.00000000000063 589.5939037186762
    vertex 1916.5840921348806 185.00000000000026 589.5939037186769
  endloop
endfacet
facet normal 0.0871557427478051 1.8438477610640782e-14 0.9961946980917327
  outer loop
    vertex 1916.9487533079812 181.00000000000063 589.562000000002
    vertex 1916.5840921348806 185.00000000000026 589.5939037186769
    vertex 1916.5840921348806 181.00000000000063 589.5939037186762
  endloop
endfacet
facet normal 0.0871557427478051 1.8438477610640782e-14 0.9961946980917327
  outer loop
    vertex 1916.5840921348806 185.00000000000026 589.5939037186769
    vertex 1916.9487533079812 181.00000000000063 589.562000000002
    vertex 1916.9487533079812 185.00000000000026 589.5620000000024
  endloop
endfacet
facet normal -0.08715574274766288 2.1090708484543558e-14 0.9961946980917451
  outer loop
    vertex 1917.3134144810817 181.00000000000063 589.5939037186763
    vertex 1916.9487533079812 185.00000000000026 589.5620000000024
    vertex 1916.9487533079812 181.00000000000063 589.562000000002
  endloop
endfacet
facet normal -0.08715574274766288 2.1090708484543558e-14 0.9961946980917451
  outer loop
    vertex 1916.9487533079812 185.00000000000026 589.5620000000024
    vertex 1917.3134144810817 181.00000000000063 589.5939037186763
    vertex 1917.3134144810817 185.00000000000026 589.5939037186768
  endloop
endfacet
facet normal -0.2588190451023754 2.3102108853552863e-14 0.9659258262891073
  outer loop
    vertex 1917.6669956089654 181.00000000000063 589.6886454963515
    vertex 1917.3134144810817 185.00000000000026 589.5939037186768
    vertex 1917.3134144810817 181.00000000000063 589.5939037186763
  endloop
endfacet
facet normal -0.2588190451023754 2.3102108853552863e-14 0.9659258262891073
  outer loop
    vertex 1917.3134144810817 185.00000000000026 589.5939037186768
    vertex 1917.6669956089654 181.00000000000063 589.6886454963515
    vertex 1917.6669956089654 185.00000000000026 589.688645496352
  endloop
endfacet
facet normal -0.4226182617407499 2.4411563335281333e-14 0.9063077870366265
  outer loop
    vertex 1917.9987533079814 181.00000000000063 589.8433466520547
    vertex 1917.6669956089654 185.00000000000026 589.688645496352
    vertex 1917.6669956089654 181.00000000000063 589.6886454963515
  endloop
endfacet
facet normal -0.4226182617407499 2.4411563335281333e-14 0.9063077870366265
  outer loop
    vertex 1917.6669956089654 185.00000000000026 589.688645496352
    vertex 1917.9987533079814 181.00000000000063 589.8433466520547
    vertex 1917.9987533079814 185.00000000000026 589.8433466520547
  endloop
endfacet
facet normal -0.573576436350779 2.4979284817911968e-14 0.8191520442891788
  outer loop
    vertex 1918.2986072883232 181.0000000000005 590.053306669452
    vertex 1917.9987533079814 185.00000000000026 589.8433466520547
    vertex 1917.9987533079814 181.00000000000063 589.8433466520547
  endloop
endfacet
facet normal -0.573576436350779 2.4979284817911968e-14 0.8191520442891788
  outer loop
    vertex 1917.9987533079814 185.00000000000026 589.8433466520547
    vertex 1918.2986072883232 181.0000000000005 590.053306669452
    vertex 1918.2986072883232 185.00000000000026 590.0533066694525
  endloop
endfacet
facet normal -0.7071067811864971 2.478802337147961e-14 0.7071067811865981
  outer loop
    vertex 1918.5574466385312 181.0000000000007 590.3121460196601
    vertex 1918.2986072883232 185.00000000000026 590.0533066694525
    vertex 1918.2986072883232 181.0000000000005 590.053306669452
  endloop
endfacet
facet normal -0.7071067811864971 2.478802337147961e-14 0.7071067811865981
  outer loop
    vertex 1918.2986072883232 185.00000000000026 590.0533066694525
    vertex 1918.5574466385312 181.0000000000007 590.3121460196601
    vertex 1918.5574466385312 185.00000000000034 590.3121460196605
  endloop
endfacet
facet normal -0.08715574274773225 -0.9961946980917392 -1.1393430137699527e-13
  outer loop
    vertex 1916.9487533079825 205.80000000000098 601.6620000000029
    vertex 1917.3134144810824 205.76809628132696 597.6620000000029
    vertex 1917.313414481083 205.7680962813266 601.6620000000031
  endloop
endfacet
facet normal -0.08715574274773225 -0.9961946980917392 -1.1393430137699527e-13
  outer loop
    vertex 1917.3134144810824 205.76809628132696 597.6620000000029
    vertex 1916.9487533079825 205.80000000000098 601.6620000000029
    vertex 1916.9487533079819 205.80000000000135 597.6620000000026
  endloop
endfacet
facet normal 4.462993720612139e-15 0.9961946980917366 0.08715574274776071
  outer loop
    vertex 1906.9487533079828 201.63190371867498 611.2973388269008
    vertex 1902.948753307983 201.60000000000056 611.6620000000017
    vertex 1906.948753307983 201.60000000000056 611.6620000000014
  endloop
endfacet
facet normal 4.462993720612139e-15 0.9961946980917366 0.08715574274776071
  outer loop
    vertex 1902.948753307983 201.60000000000056 611.6620000000017
    vertex 1906.9487533079828 201.63190371867498 611.2973388269008
    vertex 1902.948753307983 201.63190371867495 611.297338826901
  endloop
endfacet
facet normal 1.6771021280009772e-14 0.9659258262890654 0.2588190451025319
  outer loop
    vertex 1906.9487533079828 201.72664549635002 610.9437576990175
    vertex 1902.948753307983 201.63190371867495 611.297338826901
    vertex 1906.9487533079828 201.63190371867498 611.2973388269008
  endloop
endfacet
facet normal 1.6771021280009772e-14 0.9659258262890654 0.2588190451025319
  outer loop
    vertex 1902.948753307983 201.63190371867495 611.297338826901
    vertex 1906.9487533079828 201.72664549635002 610.9437576990175
    vertex 1902.948753307983 201.7266454963502 610.9437576990176
  endloop
endfacet
facet normal 2.8569469844348144e-14 0.9063077870367674 0.42261826174044753
  outer loop
    vertex 1906.9487533079835 201.88134665205305 610.6120000000013
    vertex 1902.948753307983 201.7266454963502 610.9437576990176
    vertex 1906.9487533079828 201.72664549635002 610.9437576990175
  endloop
endfacet
facet normal 2.8569469844348144e-14 0.9063077870367674 0.42261826174044753
  outer loop
    vertex 1902.948753307983 201.7266454963502 610.9437576990176
    vertex 1906.9487533079835 201.88134665205305 610.6120000000013
    vertex 1902.9487533079832 201.88134665205314 610.6120000000013
  endloop
endfacet
facet normal 3.949984952435879e-14 0.8191520442889256 0.5735764363511409
  outer loop
    vertex 1906.9487533079835 202.09130666945055 610.3121460196594
    vertex 1902.9487533079832 201.88134665205314 610.6120000000013
    vertex 1906.9487533079835 201.88134665205305 610.6120000000013
  endloop
endfacet
facet normal 3.949984952435879e-14 0.8191520442889256 0.5735764363511409
  outer loop
    vertex 1902.9487533079832 201.88134665205314 610.6120000000013
    vertex 1906.9487533079835 202.09130666945055 610.3121460196594
    vertex 1902.9487533079832 202.09130666945072 610.3121460196595
  endloop
endfacet
facet normal 4.9230046264429716e-14 0.7071067811865286 0.7071067811865666
  outer loop
    vertex 1906.9487533079835 202.09130666945055 610.3121460196594
    vertex 1902.9487533079832 202.35014601965884 610.0533066694516
    vertex 1902.9487533079832 202.09130666945072 610.3121460196595
  endloop
endfacet
facet normal 4.9230046264429716e-14 0.7071067811865286 0.7071067811865666
  outer loop
    vertex 1902.9487533079832 202.35014601965884 610.0533066694516
    vertex 1906.9487533079835 202.09130666945055 610.3121460196594
    vertex 1906.9487533079835 202.35014601965867 610.0533066694511
  endloop
endfacet
facet normal 5.746441296037746e-14 0.5735764363508156 0.8191520442891532
  outer loop
    vertex 1906.9487533079835 202.35014601965867 610.0533066694511
    vertex 1902.9487533079832 202.65000000000055 609.8433466520545
    vertex 1902.9487533079832 202.35014601965884 610.0533066694516
  endloop
endfacet
facet normal 5.746441296037746e-14 0.5735764363508156 0.8191520442891532
  outer loop
    vertex 1902.9487533079832 202.65000000000055 609.8433466520545
    vertex 1906.9487533079835 202.35014601965867 610.0533066694511
    vertex 1906.9487533079835 202.65000000000038 609.8433466520539
  endloop
endfacet
facet normal 6.395275254689484e-14 0.4226182617407903 0.9063077870366076
  outer loop
    vertex 1906.9487533079835 202.65000000000038 609.8433466520539
    vertex 1902.9487533079832 202.98175769901664 609.6886454963511
    vertex 1902.9487533079832 202.65000000000055 609.8433466520545
  endloop
endfacet
facet normal 6.395275254689484e-14 0.4226182617407903 0.9063077870366076
  outer loop
    vertex 1902.9487533079832 202.98175769901664 609.6886454963511
    vertex 1906.9487533079835 202.65000000000038 609.8433466520539
    vertex 1906.9487533079835 202.98175769901655 609.6886454963509
  endloop
endfacet
facet normal 6.849792010894949e-14 0.25881904510241843 0.9659258262890958
  outer loop
    vertex 1906.9487533079835 202.98175769901655 609.6886454963509
    vertex 1902.9487533079832 203.33533882690043 609.593903718676
    vertex 1902.9487533079832 202.98175769901664 609.6886454963511
  endloop
endfacet
facet normal 6.849792010894949e-14 0.25881904510241843 0.9659258262890958
  outer loop
    vertex 1902.9487533079832 203.33533882690043 609.593903718676
    vertex 1906.9487533079835 202.98175769901655 609.6886454963509
    vertex 1906.9487533079835 203.33533882690034 609.5939037186756
  endloop
endfacet
facet normal 0.42261826174061046 0.9063077870366915 7.630557841627664e-14
  outer loop
    vertex 1916.230511006998 201.726645496351 597.6620000000025
    vertex 1915.8987533079828 201.8813466520536 601.6620000000026
    vertex 1916.230511006999 201.72664549635064 601.6620000000026
  endloop
endfacet
facet normal 0.42261826174061046 0.9063077870366915 7.630557841627664e-14
  outer loop
    vertex 1915.8987533079828 201.8813466520536 601.6620000000026
    vertex 1916.230511006998 201.726645496351 597.6620000000025
    vertex 1915.8987533079821 201.88134665205405 597.6620000000025
  endloop
endfacet
facet normal 0.25881904510250425 0.9659258262890729 9.658731829201582e-14
  outer loop
    vertex 1916.584092134882 201.63190371867543 601.6620000000025
    vertex 1916.230511006998 201.726645496351 597.6620000000025
    vertex 1916.230511006999 201.72664549635064 601.6620000000026
  endloop
endfacet
facet normal 0.25881904510250425 0.9659258262890729 9.658731829201582e-14
  outer loop
    vertex 1916.230511006998 201.726645496351 597.6620000000025
    vertex 1916.584092134882 201.63190371867543 601.6620000000025
    vertex 1916.5840921348813 201.63190371867577 597.6620000000023
  endloop
endfacet
facet normal 0.08715574274773225 0.9961946980917392 1.1393430137699527e-13
  outer loop
    vertex 1916.9487533079819 201.6000000000014 597.6620000000024
    vertex 1916.584092134882 201.63190371867543 601.6620000000025
    vertex 1916.9487533079825 201.60000000000102 601.6620000000026
  endloop
endfacet
facet normal 0.08715574274773225 0.9961946980917392 1.1393430137699527e-13
  outer loop
    vertex 1916.584092134882 201.63190371867543 601.6620000000025
    vertex 1916.9487533079819 201.6000000000014 597.6620000000024
    vertex 1916.5840921348813 201.63190371867577 597.6620000000023
  endloop
endfacet
facet normal -0.08715574274773576 0.9961946980917388 1.278194483681934e-13
  outer loop
    vertex 1917.3134144810824 201.63190371867577 597.6620000000024
    vertex 1916.9487533079825 201.60000000000102 601.6620000000026
    vertex 1917.313414481083 201.63190371867543 601.6620000000026
  endloop
endfacet
facet normal -0.08715574274773576 0.9961946980917388 1.278194483681934e-13
  outer loop
    vertex 1916.9487533079825 201.60000000000102 601.6620000000026
    vertex 1917.3134144810824 201.63190371867577 597.6620000000024
    vertex 1916.9487533079819 201.6000000000014 597.6620000000024
  endloop
endfacet
facet normal -0.2588190451025077 0.965925826289072 1.3782086610046783e-13
  outer loop
    vertex 1917.6669956089656 201.7266454963511 597.6620000000024
    vertex 1917.313414481083 201.63190371867543 601.6620000000026
    vertex 1917.6669956089668 201.72664549635064 601.6620000000026
  endloop
endfacet
facet normal -0.2588190451025077 0.965925826289072 1.3782086610046783e-13
  outer loop
    vertex 1917.313414481083 201.63190371867543 601.6620000000026
    vertex 1917.6669956089656 201.7266454963511 597.6620000000024
    vertex 1917.3134144810824 201.63190371867577 597.6620000000024
  endloop
endfacet
facet normal -0.4226182617406138 0.9063077870366901 1.4363466655700733e-13
  outer loop
    vertex 1917.9987533079827 201.8813466520536 601.6620000000023
    vertex 1917.6669956089656 201.7266454963511 597.6620000000024
    vertex 1917.6669956089668 201.72664549635064 601.6620000000026
  endloop
endfacet
facet normal -0.4226182617406138 0.9063077870366901 1.4363466655700733e-13
  outer loop
    vertex 1917.6669956089656 201.7266454963511 597.6620000000024
    vertex 1917.9987533079827 201.8813466520536 601.6620000000023
    vertex 1917.998753307982 201.88134665205405 597.6620000000022
  endloop
endfacet
facet normal -0.5735764363510045 0.8191520442890211 1.4508420035286432e-13
  outer loop
    vertex 1918.2986072883234 202.09130666945163 597.6620000000022
    vertex 1917.9987533079827 201.8813466520536 601.6620000000023
    vertex 1918.2986072883245 202.09130666945117 601.6620000000023
  endloop
endfacet
facet normal -0.5735764363510045 0.8191520442890211 1.4508420035286432e-13
  outer loop
    vertex 1917.9987533079827 201.8813466520536 601.6620000000023
    vertex 1918.2986072883234 202.09130666945163 597.6620000000022
    vertex 1917.998753307982 201.88134665205405 597.6620000000022
  endloop
endfacet
facet normal -0.7071067811865488 0.7071067811865464 1.421254241371445e-13
  outer loop
    vertex 1918.2986072883234 202.09130666945163 597.6620000000022
    vertex 1918.5574466385326 202.35014601965926 601.6620000000025
    vertex 1918.5574466385317 202.35014601965975 597.6620000000023
  endloop
endfacet
facet normal -0.7071067811865488 0.7071067811865464 1.421254241371445e-13
  outer loop
    vertex 1918.5574466385326 202.35014601965926 601.6620000000025
    vertex 1918.2986072883234 202.09130666945163 597.6620000000022
    vertex 1918.2986072883245 202.09130666945117 601.6620000000023
  endloop
endfacet
facet normal -0.8191520442890231 0.5735764363510016 1.348482388279497e-13
  outer loop
    vertex 1918.5574466385317 202.35014601965975 597.6620000000023
    vertex 1918.7674066559302 202.65000000000097 601.6620000000025
    vertex 1918.767406655929 202.65000000000146 597.6620000000023
  endloop
endfacet
facet normal -0.8191520442890231 0.5735764363510016 1.348482388279497e-13
  outer loop
    vertex 1918.7674066559302 202.65000000000097 601.6620000000025
    vertex 1918.5574466385317 202.35014601965975 597.6620000000023
    vertex 1918.5574466385326 202.35014601965926 601.6620000000025
  endloop
endfacet
facet normal -0.9063077870366915 0.42261826174061046 1.2347375801846727e-13
  outer loop
    vertex 1918.767406655929 202.65000000000146 597.6620000000023
    vertex 1918.9221078116332 202.98175769901707 601.6620000000025
    vertex 1918.9221078116323 202.98175769901752 597.6620000000026
  endloop
endfacet
facet normal -0.9063077870366915 0.42261826174061046 1.2347375801846727e-13
  outer loop
    vertex 1918.9221078116332 202.98175769901707 601.6620000000025
    vertex 1918.767406655929 202.65000000000146 597.6620000000023
    vertex 1918.7674066559302 202.65000000000097 601.6620000000025
  endloop
endfacet
facet normal -0.9659258262890729 0.25881904510250425 1.0834758955234021e-13
  outer loop
    vertex 1918.9221078116323 202.98175769901752 597.6620000000026
    vertex 1919.0168495893085 203.33533882690048 601.6620000000025
    vertex 1919.0168495893074 203.33533882690085 597.6620000000026
  endloop
endfacet
facet normal -0.9659258262890729 0.25881904510250425 1.0834758955234021e-13
  outer loop
    vertex 1919.0168495893085 203.33533882690048 601.6620000000025
    vertex 1918.9221078116323 202.98175769901752 597.6620000000026
    vertex 1918.9221078116332 202.98175769901707 601.6620000000025
  endloop
endfacet
facet normal -0.9961946980917392 0.08715574274773225 8.992933440419526e-14
  outer loop
    vertex 1919.0168495893074 203.33533882690085 597.6620000000026
    vertex 1919.048753307983 203.700000000001 601.6620000000025
    vertex 1919.0487533079818 203.70000000000135 597.6620000000026
  endloop
endfacet
facet normal -0.9961946980917392 0.08715574274773225 8.992933440419526e-14
  outer loop
    vertex 1919.048753307983 203.700000000001 601.6620000000025
    vertex 1919.0168495893074 203.33533882690085 597.6620000000026
    vertex 1919.0168495893085 203.33533882690048 601.6620000000025
  endloop
endfacet
facet normal -0.9961946980917388 -0.08715574274773576 6.877862193658946e-14
  outer loop
    vertex 1919.0487533079818 203.70000000000135 597.6620000000026
    vertex 1919.0168495893085 204.0646611731015 601.6620000000023
    vertex 1919.0168495893074 204.06466117310188 597.6620000000025
  endloop
endfacet
facet normal -0.9961946980917388 -0.08715574274773576 6.877862193658946e-14
  outer loop
    vertex 1919.0168495893085 204.0646611731015 601.6620000000023
    vertex 1919.0487533079818 203.70000000000135 597.6620000000026
    vertex 1919.048753307983 203.700000000001 601.6620000000025
  endloop
endfacet
facet normal -0.965925826289072 -0.2588190451025077 4.553810584513235e-14
  outer loop
    vertex 1919.0168495893074 204.06466117310188 597.6620000000025
    vertex 1918.9221078116332 204.41824230098487 601.6620000000025
    vertex 1918.9221078116323 204.4182423009852 597.6620000000026
  endloop
endfacet
facet normal -0.965925826289072 -0.2588190451025077 4.553810584513235e-14
  outer loop
    vertex 1918.9221078116332 204.41824230098487 601.6620000000025
    vertex 1919.0168495893074 204.06466117310188 597.6620000000025
    vertex 1919.0168495893085 204.0646611731015 601.6620000000023
  endloop
endfacet
facet normal -0.9063077870367341 -0.42261826174051936 2.0913937450979253e-14
  outer loop
    vertex 1918.9221078116323 204.4182423009852 597.6620000000026
    vertex 1918.7674066559302 204.75000000000102 601.6620000000026
    vertex 1918.767406655929 204.7500000000014 597.6620000000028
  endloop
endfacet
facet normal -0.9063077870367341 -0.42261826174051936 2.0913937450979253e-14
  outer loop
    vertex 1918.7674066559302 204.75000000000102 601.6620000000026
    vertex 1918.9221078116323 204.4182423009852 597.6620000000026
    vertex 1918.9221078116332 204.41824230098487 601.6620000000025
  endloop
endfacet
facet normal -0.8191520442889398 -0.5735764363511202 -4.345690349726428e-15
  outer loop
    vertex 1918.767406655929 204.7500000000014 597.6620000000028
    vertex 1918.5574466385326 205.04985398034273 601.662000000003
    vertex 1918.5574466385317 205.0498539803431 597.6620000000028
  endloop
endfacet
facet normal -0.8191520442889398 -0.5735764363511202 -4.345690349726428e-15
  outer loop
    vertex 1918.5574466385326 205.04985398034273 601.662000000003
    vertex 1918.767406655929 204.7500000000014 597.6620000000028
    vertex 1918.7674066559302 204.75000000000102 601.6620000000026
  endloop
endfacet
facet normal -0.9659258262890908 9.5620204466179e-15 -0.25881904510243703
  outer loop
    vertex 1919.016849589307 181.00000000000065 592.0266611731023
    vertex 1918.9221078116318 185.00000000000037 592.3802423009861
    vertex 1919.016849589307 185.00000000000048 592.0266611731028
  endloop
endfacet
facet normal -0.9659258262890908 9.5620204466179e-15 -0.25881904510243703
  outer loop
    vertex 1918.9221078116318 185.00000000000037 592.3802423009861
    vertex 1919.016849589307 181.00000000000065 592.0266611731023
    vertex 1918.9221078116318 181.00000000000054 592.3802423009857
  endloop
endfacet
facet normal -0.9063077870368089 5.405112767615012e-15 -0.4226182617403585
  outer loop
    vertex 1918.9221078116318 185.00000000000037 592.3802423009861
    vertex 1918.767406655929 181.00000000000063 592.7120000000021
    vertex 1918.767406655929 185.00000000000043 592.7120000000023
  endloop
endfacet
facet normal -0.9063077870368089 5.405112767615012e-15 -0.4226182617403585
  outer loop
    vertex 1918.767406655929 181.00000000000063 592.7120000000021
    vertex 1918.9221078116318 185.00000000000037 592.3802423009861
    vertex 1918.9221078116318 181.00000000000054 592.3802423009857
  endloop
endfacet
facet normal -0.819152044288982 1.0839734722706554e-15 -0.5735764363510604
  outer loop
    vertex 1918.767406655929 181.00000000000063 592.7120000000021
    vertex 1918.557446638532 185.00000000000034 593.0118539803442
    vertex 1918.767406655929 185.00000000000043 592.7120000000023
  endloop
endfacet
facet normal -0.819152044288982 1.0839734722706554e-15 -0.5735764363510604
  outer loop
    vertex 1918.557446638532 185.00000000000034 593.0118539803442
    vertex 1918.767406655929 181.00000000000063 592.7120000000021
    vertex 1918.557446638532 181.0000000000005 593.0118539803437
  endloop
endfacet
facet normal -0.7071067811865981 -3.270101808499792e-15 -0.7071067811864971
  outer loop
    vertex 1918.557446638532 185.00000000000034 593.0118539803442
    vertex 1918.2986072883239 181.0000000000007 593.2706933305518
    vertex 1918.2986072883239 185.00000000000034 593.2706933305523
  endloop
endfacet
facet normal -0.7071067811865981 -3.270101808499792e-15 -0.7071067811864971
  outer loop
    vertex 1918.2986072883239 181.0000000000007 593.2706933305518
    vertex 1918.557446638532 185.00000000000034 593.0118539803442
    vertex 1918.557446638532 181.0000000000005 593.0118539803437
  endloop
endfacet
facet normal -0.5735764363508961 -7.52481670057862e-15 -0.8191520442890968
  outer loop
    vertex 1918.2986072883239 185.00000000000034 593.2706933305523
    vertex 1917.998753307982 181.00000000000063 593.4806533479494
    vertex 1917.998753307982 185.00000000000034 593.4806533479493
  endloop
endfacet
facet normal -0.5735764363508961 -7.52481670057862e-15 -0.8191520442890968
  outer loop
    vertex 1917.998753307982 181.00000000000063 593.4806533479494
    vertex 1918.2986072883239 185.00000000000034 593.2706933305523
    vertex 1918.2986072883239 181.0000000000007 593.2706933305518
  endloop
endfacet
facet normal -0.42261826174087935 -1.155089384493657e-14 -0.9063077870365661
  outer loop
    vertex 1917.998753307982 185.00000000000034 593.4806533479493
    vertex 1917.666995608966 181.0000000000007 593.6353545036524
    vertex 1917.666995608966 185.00000000000043 593.6353545036529
  endloop
endfacet
facet normal -0.42261826174087935 -1.155089384493657e-14 -0.9063077870365661
  outer loop
    vertex 1917.666995608966 181.0000000000007 593.6353545036524
    vertex 1917.998753307982 185.00000000000034 593.4806533479493
    vertex 1917.998753307982 181.00000000000063 593.4806533479494
  endloop
endfacet
facet normal -0.2588190451025133 -1.522600292486363e-14 -0.9659258262890704
  outer loop
    vertex 1917.666995608966 185.00000000000043 593.6353545036529
    vertex 1917.313414481083 181.0000000000007 593.7300962813276
    vertex 1917.313414481083 185.00000000000043 593.7300962813281
  endloop
endfacet
facet normal -0.2588190451025133 -1.522600292486363e-14 -0.9659258262890704
  outer loop
    vertex 1917.313414481083 181.0000000000007 593.7300962813276
    vertex 1917.666995608966 185.00000000000043 593.6353545036529
    vertex 1917.666995608966 181.0000000000007 593.6353545036524
  endloop
endfacet
facet normal -0.0871557427478051 -1.8438477610640782e-14 -0.9961946980917327
  outer loop
    vertex 1917.313414481083 185.00000000000043 593.7300962813281
    vertex 1916.948753307983 181.00000000000068 593.7620000000021
    vertex 1916.948753307983 185.0000000000003 593.7620000000026
  endloop
endfacet
facet normal -0.0871557427478051 -1.8438477610640782e-14 -0.9961946980917327
  outer loop
    vertex 1916.948753307983 181.00000000000068 593.7620000000021
    vertex 1917.313414481083 185.00000000000043 593.7300962813281
    vertex 1917.313414481083 181.0000000000007 593.7300962813276
  endloop
endfacet
facet normal 0.08715574274766288 -2.1090708484543558e-14 -0.9961946980917451
  outer loop
    vertex 1916.948753307983 185.0000000000003 593.7620000000026
    vertex 1916.584092134882 181.00000000000068 593.7300962813275
    vertex 1916.584092134882 185.0000000000003 593.7300962813282
  endloop
endfacet
facet normal 0.08715574274766288 -2.1090708484543558e-14 -0.9961946980917451
  outer loop
    vertex 1916.584092134882 181.00000000000068 593.7300962813275
    vertex 1916.948753307983 185.0000000000003 593.7620000000026
    vertex 1916.948753307983 181.00000000000068 593.7620000000021
  endloop
endfacet
facet normal 0.2588190451023754 -2.3102108853552863e-14 -0.9659258262891073
  outer loop
    vertex 1916.584092134882 185.0000000000003 593.7300962813282
    vertex 1916.2305110069983 181.0000000000007 593.6353545036526
    vertex 1916.2305110069983 185.00000000000043 593.6353545036529
  endloop
endfacet
facet normal 0.2588190451023754 -2.3102108853552863e-14 -0.9659258262891073
  outer loop
    vertex 1916.2305110069983 181.0000000000007 593.6353545036526
    vertex 1916.584092134882 185.0000000000003 593.7300962813282
    vertex 1916.584092134882 181.00000000000068 593.7300962813275
  endloop
endfacet
facet normal 0.4226182617407499 -2.4411563335281333e-14 -0.9063077870366265
  outer loop
    vertex 1916.2305110069983 185.00000000000043 593.6353545036529
    vertex 1915.8987533079821 181.00000000000063 593.4806533479496
    vertex 1915.8987533079821 185.00000000000034 593.4806533479497
  endloop
endfacet
facet normal 0.4226182617407499 -2.4411563335281333e-14 -0.9063077870366265
  outer loop
    vertex 1915.8987533079821 181.00000000000063 593.4806533479496
    vertex 1916.2305110069983 185.00000000000043 593.6353545036529
    vertex 1916.2305110069983 181.0000000000007 593.6353545036526
  endloop
endfacet
facet normal 0.573576436350779 -2.4979284817911968e-14 -0.8191520442891788
  outer loop
    vertex 1915.8987533079821 185.00000000000034 593.4806533479497
    vertex 1915.5988993276403 181.00000000000063 593.270693330552
    vertex 1915.5988993276403 185.00000000000034 593.2706933305523
  endloop
endfacet
facet normal 0.573576436350779 -2.4979284817911968e-14 -0.8191520442891788
  outer loop
    vertex 1915.5988993276403 181.00000000000063 593.270693330552
    vertex 1915.8987533079821 185.00000000000034 593.4806533479497
    vertex 1915.8987533079821 181.00000000000063 593.4806533479496
  endloop
endfacet
facet normal 0.7071067811864971 -2.478802337147961e-14 -0.7071067811865981
  outer loop
    vertex 1915.5988993276403 185.00000000000034 593.2706933305523
    vertex 1915.340059977432 181.0000000000007 593.0118539803437
    vertex 1915.340059977432 185.00000000000034 593.0118539803444
  endloop
endfacet
facet normal 0.7071067811864971 -2.478802337147961e-14 -0.7071067811865981
  outer loop
    vertex 1915.340059977432 181.0000000000007 593.0118539803437
    vertex 1915.5988993276403 185.00000000000034 593.2706933305523
    vertex 1915.5988993276403 181.00000000000063 593.270693330552
  endloop
endfacet
facet normal 0.8191520442890621 -2.3843590378248148e-14 -0.5735764363509457
  outer loop
    vertex 1915.340059977432 185.00000000000034 593.0118539803444
    vertex 1915.1300999600342 181.0000000000007 592.712000000002
    vertex 1915.1300999600342 185.00000000000043 592.7120000000026
  endloop
endfacet
facet normal 0.8191520442890621 -2.3843590378248148e-14 -0.5735764363509457
  outer loop
    vertex 1915.1300999600342 181.0000000000007 592.712000000002
    vertex 1915.340059977432 185.00000000000034 593.0118539803444
    vertex 1915.340059977432 181.0000000000007 593.0118539803437
  endloop
endfacet
facet normal 0.9063077870366607 -2.2174681956814303e-14 -0.4226182617406769
  outer loop
    vertex 1915.1300999600342 181.0000000000007 592.712000000002
    vertex 1914.9753988043312 185.00000000000034 592.3802423009863
    vertex 1915.1300999600342 185.00000000000043 592.7120000000026
  endloop
endfacet
facet normal 0.9063077870366607 -2.2174681956814303e-14 -0.4226182617406769
  outer loop
    vertex 1914.9753988043312 185.00000000000034 592.3802423009863
    vertex 1915.1300999600342 181.0000000000007 592.712000000002
    vertex 1914.9753988043312 181.00000000000063 592.3802423009862
  endloop
endfacet
facet normal 0.9659258262890538 -1.9832007045053557e-14 -0.25881904510257486
  outer loop
    vertex 1914.9753988043312 181.00000000000063 592.3802423009862
    vertex 1914.8806570266556 185.00000000000037 592.026661173103
    vertex 1914.9753988043312 185.00000000000034 592.3802423009863
  endloop
endfacet
facet normal 0.9659258262890538 -1.9832007045053557e-14 -0.25881904510257486
  outer loop
    vertex 1914.8806570266556 185.00000000000037 592.026661173103
    vertex 1914.9753988043312 181.00000000000063 592.3802423009862
    vertex 1914.8806570266556 181.00000000000074 592.0266611731029
  endloop
endfacet
facet normal -0.9961946980917327 -4.095891125839668e-15 0.0871557427478051
  outer loop
    vertex 1899.016849589309 181.00000000000074 611.2973388269005
    vertex 1899.0487533079834 185.0000000000007 611.6620000000013
    vertex 1899.016849589309 185.0000000000007 611.2973388269008
  endloop
endfacet
facet normal -0.9961946980917327 -4.095891125839668e-15 0.0871557427478051
  outer loop
    vertex 1899.0487533079834 185.0000000000007 611.6620000000013
    vertex 1899.016849589309 181.00000000000074 611.2973388269005
    vertex 1899.0487533079834 181.0000000000007 611.6620000000011
  endloop
endfacet
facet normal -0.9961946980917451 5.782452018283469e-16 -0.08715574274766288
  outer loop
    vertex 1899.0487533079834 181.0000000000007 611.6620000000011
    vertex 1899.016849589309 185.0000000000007 612.0266611731018
    vertex 1899.0487533079834 185.0000000000007 611.6620000000013
  endloop
endfacet
facet normal -0.9961946980917451 5.782452018283469e-16 -0.08715574274766288
  outer loop
    vertex 1899.016849589309 185.0000000000007 612.0266611731018
    vertex 1899.0487533079834 181.0000000000007 611.6620000000011
    vertex 1899.016849589309 181.0000000000007 612.0266611731016
  endloop
endfacet
facet normal -0.9659258262890908 5.234811841638548e-15 -0.25881904510243703
  outer loop
    vertex 1899.016849589309 181.0000000000007 612.0266611731016
    vertex 1898.9221078116339 185.0000000000007 612.3802423009854
    vertex 1899.016849589309 185.0000000000007 612.0266611731018
  endloop
endfacet
facet normal -0.9659258262890908 5.234811841638548e-15 -0.25881904510243703
  outer loop
    vertex 1898.9221078116339 185.0000000000007 612.3802423009854
    vertex 1899.016849589309 181.0000000000007 612.0266611731016
    vertex 1898.9221078116339 181.0000000000007 612.3802423009847
  endloop
endfacet
facet normal 7.58992868554742e-14 -3.0037668784589855e-14 1.0
  outer loop
    vertex 1926.9487533079828 181.00000000000102 601.662000000001
    vertex 1906.9487533079823 211.00000000000048 601.6620000000014
    vertex 1906.9487533079823 181.000000000001 601.6620000000006
  endloop
endfacet
facet normal 7.58992868554742e-14 -3.0037668784589855e-14 1.0
  outer loop
    vertex 1906.9487533079823 211.00000000000048 601.6620000000014
    vertex 1926.9487533079828 181.00000000000102 601.662000000001
    vertex 1915.1300999600357 202.65000000000097 601.6620000000028
  endloop
endfacet
facet normal 7.58992868554742e-14 -3.0037668784589855e-14 1.0
  outer loop
    vertex 1906.9487533079823 211.00000000000048 601.6620000000014
    vertex 1915.1300999600357 202.65000000000097 601.6620000000028
    vertex 1914.9753988043324 202.98175769901707 601.6620000000028
  endloop
endfacet
facet normal 7.58992868554742e-14 -3.0037668784589855e-14 1.0
  outer loop
    vertex 1906.9487533079823 211.00000000000048 601.6620000000014
    vertex 1914.9753988043324 202.98175769901707 601.6620000000028
    vertex 1914.8806570266572 203.33533882690048 601.6620000000026
  endloop
endfacet
facet normal 7.58992868554742e-14 -3.0037668784589855e-14 1.0
  outer loop
    vertex 1906.9487533079823 211.00000000000048 601.6620000000014
    vertex 1914.8806570266572 203.33533882690048 601.6620000000026
    vertex 1914.8487533079826 203.700000000001 601.6620000000026
  endloop
endfacet
facet normal 7.58992868554742e-14 -3.0037668784589855e-14 1.0
  outer loop
    vertex 1915.1300999600357 202.65000000000097 601.6620000000028
    vertex 1926.9487533079828 181.00000000000102 601.662000000001
    vertex 1915.340059977433 202.35014601965926 601.6620000000028
  endloop
endfacet
facet normal 7.58992868554742e-14 -3.0037668784589855e-14 1.0
  outer loop
    vertex 1915.340059977433 202.35014601965926 601.6620000000028
    vertex 1926.9487533079828 181.00000000000102 601.662000000001
    vertex 1915.598899327641 202.09130666945117 601.6620000000025
  endloop
endfacet
facet normal 7.58992868554742e-14 -3.0037668784589855e-14 1.0
  outer loop
    vertex 1915.598899327641 202.09130666945117 601.6620000000025
    vertex 1926.9487533079828 181.00000000000102 601.662000000001
    vertex 1915.8987533079828 201.8813466520536 601.6620000000026
  endloop
endfacet
facet normal 7.58992868554742e-14 -3.0037668784589855e-14 1.0
  outer loop
    vertex 1915.8987533079828 201.8813466520536 601.6620000000026
    vertex 1926.9487533079828 181.00000000000102 601.662000000001
    vertex 1916.230511006999 201.72664549635064 601.6620000000026
  endloop
endfacet
facet normal 7.58992868554742e-14 -3.0037668784589855e-14 1.0
  outer loop
    vertex 1916.230511006999 201.72664549635064 601.6620000000026
    vertex 1926.9487533079828 181.00000000000102 601.662000000001
    vertex 1916.584092134882 201.63190371867543 601.6620000000025
  endloop
endfacet
facet normal 7.58992868554742e-14 -3.0037668784589855e-14 1.0
  outer loop
    vertex 1916.584092134882 201.63190371867543 601.6620000000025
    vertex 1926.9487533079828 181.00000000000102 601.662000000001
    vertex 1916.9487533079825 201.60000000000102 601.6620000000026
  endloop
endfacet
facet normal 7.58992868554742e-14 -3.0037668784589855e-14 1.0
  outer loop
    vertex 1916.9487533079825 201.60000000000102 601.6620000000026
    vertex 1926.9487533079828 181.00000000000102 601.662000000001
    vertex 1917.313414481083 201.63190371867543 601.6620000000026
  endloop
endfacet
facet normal 7.58992868554742e-14 -3.0037668784589855e-14 1.0
  outer loop
    vertex 1917.313414481083 201.63190371867543 601.6620000000026
    vertex 1926.9487533079828 181.00000000000102 601.662000000001
    vertex 1917.6669956089668 201.72664549635064 601.6620000000026
  endloop
endfacet
facet normal 7.58992868554742e-14 -3.0037668784589855e-14 1.0
  outer loop
    vertex 1917.6669956089668 201.72664549635064 601.6620000000026
    vertex 1926.9487533079828 181.00000000000102 601.662000000001
    vertex 1917.9987533079827 201.8813466520536 601.6620000000023
  endloop
endfacet
facet normal 7.58992868554742e-14 -3.0037668784589855e-14 1.0
  outer loop
    vertex 1917.9987533079827 201.8813466520536 601.6620000000023
    vertex 1926.9487533079828 181.00000000000102 601.662000000001
    vertex 1918.2986072883245 202.09130666945117 601.6620000000023
  endloop
endfacet
facet normal 7.58992868554742e-14 -3.0037668784589855e-14 1.0
  outer loop
    vertex 1918.2986072883245 202.09130666945117 601.6620000000023
    vertex 1926.9487533079828 181.00000000000102 601.662000000001
    vertex 1918.5574466385326 202.35014601965926 601.6620000000025
  endloop
endfacet
facet normal 7.58992868554742e-14 -3.0037668784589855e-14 1.0
  outer loop
    vertex 1918.5574466385326 202.35014601965926 601.6620000000025
    vertex 1926.9487533079828 181.00000000000102 601.662000000001
    vertex 1918.7674066559302 202.65000000000097 601.6620000000025
  endloop
endfacet
facet normal 7.58992868554742e-14 -3.0037668784589855e-14 1.0
  outer loop
    vertex 1918.7674066559302 202.65000000000097 601.6620000000025
    vertex 1926.9487533079828 181.00000000000102 601.662000000001
    vertex 1918.9221078116332 202.98175769901707 601.6620000000025
  endloop
endfacet
facet normal 7.58992868554742e-14 -3.0037668784589855e-14 1.0
  outer loop
    vertex 1918.9221078116332 202.98175769901707 601.6620000000025
    vertex 1926.9487533079828 181.00000000000102 601.662000000001
    vertex 1919.0168495893085 203.33533882690048 601.6620000000025
  endloop
endfacet
facet normal 7.58992868554742e-14 -3.0037668784589855e-14 1.0
  outer loop
    vertex 1919.0168495893085 203.33533882690048 601.6620000000025
    vertex 1926.9487533079828 181.00000000000102 601.662000000001
    vertex 1919.048753307983 203.700000000001 601.6620000000025
  endloop
endfacet
facet normal 7.58992868554742e-14 -3.0037668784589855e-14 1.0
  outer loop
    vertex 1919.048753307983 203.700000000001 601.6620000000025
    vertex 1926.9487533079828 181.00000000000102 601.662000000001
    vertex 1926.948753307982 211.0000000000006 601.662
  endloop
endfacet
facet normal 7.58992868554742e-14 -3.0037668784589855e-14 1.0
  outer loop
    vertex 1906.9487533079823 211.00000000000048 601.6620000000014
    vertex 1915.8987533079828 205.51865334794832 601.6620000000031
    vertex 1926.948753307982 211.0000000000006 601.662
  endloop
endfacet
facet normal 7.58992868554742e-14 -3.0037668784589855e-14 1.0
  outer loop
    vertex 1915.8987533079828 205.51865334794832 601.6620000000031
    vertex 1906.9487533079823 211.00000000000048 601.6620000000014
    vertex 1915.598899327641 205.30869333055085 601.662000000003
  endloop
endfacet
facet normal 7.58992868554742e-14 -3.0037668784589855e-14 1.0
  outer loop
    vertex 1915.598899327641 205.30869333055085 601.662000000003
    vertex 1906.9487533079823 211.00000000000048 601.6620000000014
    vertex 1915.340059977433 205.04985398034273 601.6620000000032
  endloop
endfacet
facet normal 7.58992868554742e-14 -3.0037668784589855e-14 1.0
  outer loop
    vertex 1915.340059977433 205.04985398034273 601.6620000000032
    vertex 1906.9487533079823 211.00000000000048 601.6620000000014
    vertex 1915.1300999600357 204.75000000000102 601.6620000000032
  endloop
endfacet
facet normal 7.58992868554742e-14 -3.0037668784589855e-14 1.0
  outer loop
    vertex 1915.1300999600357 204.75000000000102 601.6620000000032
    vertex 1906.9487533079823 211.00000000000048 601.6620000000014
    vertex 1914.9753988043324 204.41824230098487 601.6620000000029
  endloop
endfacet
facet normal 7.58992868554742e-14 -3.0037668784589855e-14 1.0
  outer loop
    vertex 1914.9753988043324 204.41824230098487 601.6620000000029
    vertex 1906.9487533079823 211.00000000000048 601.6620000000014
    vertex 1914.8806570266572 204.0646611731015 601.6620000000029
  endloop
endfacet
facet normal 7.58992868554742e-14 -3.0037668784589855e-14 1.0
  outer loop
    vertex 1914.8806570266572 204.0646611731015 601.6620000000029
    vertex 1906.9487533079823 211.00000000000048 601.6620000000014
    vertex 1914.8487533079826 203.700000000001 601.6620000000026
  endloop
endfacet
facet normal 7.58992868554742e-14 -3.0037668784589855e-14 1.0
  outer loop
    vertex 1926.948753307982 211.0000000000006 601.662
    vertex 1915.8987533079828 205.51865334794832 601.6620000000031
    vertex 1916.2305110069988 205.67335450365138 601.6620000000031
  endloop
endfacet
facet normal 7.58992868554742e-14 -3.0037668784589855e-14 1.0
  outer loop
    vertex 1926.948753307982 211.0000000000006 601.662
    vertex 1916.2305110069988 205.67335450365138 601.6620000000031
    vertex 1916.584092134882 205.7680962813266 601.6620000000031
  endloop
endfacet
facet normal 7.58992868554742e-14 -3.0037668784589855e-14 1.0
  outer loop
    vertex 1926.948753307982 211.0000000000006 601.662
    vertex 1916.584092134882 205.7680962813266 601.6620000000031
    vertex 1916.9487533079825 205.80000000000098 601.6620000000029
  endloop
endfacet
facet normal 7.58992868554742e-14 -3.0037668784589855e-14 1.0
  outer loop
    vertex 1926.948753307982 211.0000000000006 601.662
    vertex 1916.9487533079825 205.80000000000098 601.6620000000029
    vertex 1917.313414481083 205.7680962813266 601.6620000000031
  endloop
endfacet
facet normal 7.58992868554742e-14 -3.0037668784589855e-14 1.0
  outer loop
    vertex 1926.948753307982 211.0000000000006 601.662
    vertex 1917.313414481083 205.7680962813266 601.6620000000031
    vertex 1917.6669956089665 205.67335450365138 601.6620000000031
  endloop
endfacet
facet normal 7.58992868554742e-14 -3.0037668784589855e-14 1.0
  outer loop
    vertex 1926.948753307982 211.0000000000006 601.662
    vertex 1917.6669956089665 205.67335450365138 601.6620000000031
    vertex 1917.9987533079827 205.51865334794832 601.6620000000031
  endloop
endfacet
facet normal 7.58992868554742e-14 -3.0037668784589855e-14 1.0
  outer loop
    vertex 1926.948753307982 211.0000000000006 601.662
    vertex 1917.9987533079827 205.51865334794832 601.6620000000031
    vertex 1918.2986072883245 205.30869333055085 601.662000000003
  endloop
endfacet
facet normal 7.58992868554742e-14 -3.0037668784589855e-14 1.0
  outer loop
    vertex 1926.948753307982 211.0000000000006 601.662
    vertex 1918.2986072883245 205.30869333055085 601.662000000003
    vertex 1918.5574466385326 205.04985398034273 601.662000000003
  endloop
endfacet
facet normal 7.58992868554742e-14 -3.0037668784589855e-14 1.0
  outer loop
    vertex 1926.948753307982 211.0000000000006 601.662
    vertex 1918.5574466385326 205.04985398034273 601.662000000003
    vertex 1918.7674066559302 204.75000000000102 601.6620000000026
  endloop
endfacet
facet normal 7.58992868554742e-14 -3.0037668784589855e-14 1.0
  outer loop
    vertex 1926.948753307982 211.0000000000006 601.662
    vertex 1918.7674066559302 204.75000000000102 601.6620000000026
    vertex 1918.9221078116332 204.41824230098487 601.6620000000025
  endloop
endfacet
facet normal 7.58992868554742e-14 -3.0037668784589855e-14 1.0
  outer loop
    vertex 1926.948753307982 211.0000000000006 601.662
    vertex 1918.9221078116332 204.41824230098487 601.6620000000025
    vertex 1919.0168495893085 204.0646611731015 601.6620000000023
  endloop
endfacet
facet normal 7.58992868554742e-14 -3.0037668784589855e-14 1.0
  outer loop
    vertex 1926.948753307982 211.0000000000006 601.662
    vertex 1919.0168495893085 204.0646611731015 601.6620000000023
    vertex 1919.048753307983 203.700000000001 601.6620000000025
  endloop
endfacet
facet normal -6.395275254689484e-14 -0.4226182617407903 -0.9063077870366076
  outer loop
    vertex 1906.948753307983 204.75000000000054 613.4806533479489
    vertex 1902.948753307983 204.4182423009845 613.635354503652
    vertex 1902.948753307983 204.7500000000006 613.4806533479491
  endloop
endfacet
facet normal -6.395275254689484e-14 -0.4226182617407903 -0.9063077870366076
  outer loop
    vertex 1902.948753307983 204.4182423009845 613.635354503652
    vertex 1906.948753307983 204.75000000000054 613.4806533479489
    vertex 1906.948753307983 204.41824230098442 613.6353545036518
  endloop
endfacet
facet normal -6.849792010894949e-14 -0.25881904510241843 -0.9659258262890958
  outer loop
    vertex 1906.948753307983 204.41824230098442 613.6353545036518
    vertex 1902.948753307983 204.06466117310117 613.7300962813273
    vertex 1902.948753307983 204.4182423009845 613.635354503652
  endloop
endfacet
facet normal -6.849792010894949e-14 -0.25881904510241843 -0.9659258262890958
  outer loop
    vertex 1902.948753307983 204.06466117310117 613.7300962813273
    vertex 1906.948753307983 204.41824230098442 613.6353545036518
    vertex 1906.948753307983 204.0646611731011 613.730096281327
  endloop
endfacet
facet normal -7.096181303010589e-14 -0.08715574274770728 -0.9961946980917412
  outer loop
    vertex 1906.948753307983 204.0646611731011 613.730096281327
    vertex 1902.948753307983 203.70000000000064 613.7620000000016
    vertex 1902.948753307983 204.06466117310117 613.7300962813273
  endloop
endfacet
facet normal -7.096181303010589e-14 -0.08715574274770728 -0.9961946980917412
  outer loop
    vertex 1902.948753307983 203.70000000000064 613.7620000000016
    vertex 1906.948753307983 204.0646611731011 613.730096281327
    vertex 1906.948753307983 203.70000000000056 613.7620000000014
  endloop
endfacet
facet normal -7.126956717075496e-14 0.08715574274776071 -0.9961946980917366
  outer loop
    vertex 1906.948753307983 203.70000000000056 613.7620000000014
    vertex 1902.948753307983 203.3353388269001 613.7300962813273
    vertex 1902.948753307983 203.70000000000064 613.7620000000016
  endloop
endfacet
facet normal -7.126956717075496e-14 0.08715574274776071 -0.9961946980917366
  outer loop
    vertex 1902.948753307983 203.3353388269001 613.7300962813273
    vertex 1906.948753307983 203.70000000000056 613.7620000000014
    vertex 1906.948753307983 203.33533882690003 613.730096281327
  endloop
endfacet
facet normal -6.94118315770632e-14 0.2588190451024703 -0.9659258262890819
  outer loop
    vertex 1906.948753307983 203.33533882690003 613.730096281327
    vertex 1902.948753307983 202.98175769901653 613.635354503652
    vertex 1902.948753307983 203.3353388269001 613.7300962813273
  endloop
endfacet
facet normal -6.94118315770632e-14 0.2588190451024703 -0.9659258262890819
  outer loop
    vertex 1902.948753307983 202.98175769901653 613.635354503652
    vertex 1906.948753307983 203.33533882690003 613.730096281327
    vertex 1906.948753307983 202.98175769901653 613.6353545036518
  endloop
endfacet
facet normal -6.544505260497731e-14 0.42261826174083894 -0.906307787036585
  outer loop
    vertex 1906.948753307983 202.98175769901653 613.6353545036518
    vertex 1902.948753307983 202.65000000000046 613.4806533479491
    vertex 1902.948753307983 202.98175769901653 613.635354503652
  endloop
endfacet
facet normal -6.544505260497731e-14 0.42261826174083894 -0.906307787036585
  outer loop
    vertex 1902.948753307983 202.65000000000046 613.4806533479491
    vertex 1906.948753307983 202.98175769901653 613.6353545036518
    vertex 1906.948753307983 202.65000000000046 613.4806533479485
  endloop
endfacet
facet normal -5.948975882630223e-14 0.5735764363508596 -0.8191520442891226
  outer loop
    vertex 1906.948753307983 202.65000000000046 613.4806533479485
    vertex 1902.948753307983 202.35014601965875 613.2706933305515
    vertex 1902.948753307983 202.65000000000046 613.4806533479491
  endloop
endfacet
facet normal -5.948975882630223e-14 0.5735764363508596 -0.8191520442891226
  outer loop
    vertex 1902.948753307983 202.35014601965875 613.2706933305515
    vertex 1906.948753307983 202.65000000000046 613.4806533479485
    vertex 1906.948753307983 202.35014601965875 613.270693330551
  endloop
endfacet
facet normal -5.172689882893704e-14 0.7071067811865666 -0.7071067811865286
  outer loop
    vertex 1906.948753307983 202.35014601965875 613.270693330551
    vertex 1902.948753307983 202.09130666945063 613.0118539803432
    vertex 1902.948753307983 202.35014601965875 613.2706933305515
  endloop
endfacet
facet normal -5.172689882893704e-14 0.7071067811865666 -0.7071067811865286
  outer loop
    vertex 1902.948753307983 202.09130666945063 613.0118539803432
    vertex 1906.948753307983 202.35014601965875 613.270693330551
    vertex 1906.948753307983 202.09130666945074 613.0118539803431
  endloop
endfacet
facet normal -4.239234318572724e-14 0.8191520442891185 -0.5735764363508652
  outer loop
    vertex 1906.948753307983 201.88134665205308 612.7120000000011
    vertex 1902.948753307983 202.09130666945063 613.0118539803432
    vertex 1906.948753307983 202.09130666945074 613.0118539803431
  endloop
endfacet
facet normal -4.239234318572724e-14 0.8191520442891185 -0.5735764363508652
  outer loop
    vertex 1902.948753307983 202.09130666945063 613.0118539803432
    vertex 1906.948753307983 201.88134665205308 612.7120000000011
    vertex 1902.948753307983 201.88134665205308 612.7120000000012
  endloop
endfacet
facet normal -3.1769717646395636e-14 0.906307787036702 -0.42261826174058775
  outer loop
    vertex 1906.948753307983 201.72664549635013 612.3802423009853
    vertex 1902.948753307983 201.88134665205308 612.7120000000012
    vertex 1906.948753307983 201.88134665205308 612.7120000000011
  endloop
endfacet
facet normal -3.1769717646395636e-14 0.906307787036702 -0.42261826174058775
  outer loop
    vertex 1902.948753307983 201.88134665205308 612.7120000000012
    vertex 1906.948753307983 201.72664549635013 612.3802423009853
    vertex 1902.948753307983 201.72664549635013 612.3802423009854
  endloop
endfacet
facet normal -2.0181785312631076e-14 0.9659258262890792 -0.25881904510248
  outer loop
    vertex 1906.948753307983 201.63190371867495 612.026661173102
    vertex 1902.948753307983 201.72664549635013 612.3802423009854
    vertex 1906.948753307983 201.72664549635013 612.3802423009853
  endloop
endfacet
facet normal -2.0181785312631076e-14 0.9659258262890792 -0.25881904510248
  outer loop
    vertex 1902.948753307983 201.72664549635013 612.3802423009854
    vertex 1906.948753307983 201.63190371867495 612.026661173102
    vertex 1902.948753307983 201.63190371867483 612.0266611731021
  endloop
endfacet
facet normal -7.980639644619648e-15 0.9961946980917412 -0.08715574274770728
  outer loop
    vertex 1906.948753307983 201.60000000000056 611.6620000000014
    vertex 1902.948753307983 201.63190371867483 612.0266611731021
    vertex 1906.948753307983 201.63190371867495 612.026661173102
  endloop
endfacet
facet normal -7.980639644619648e-15 0.9961946980917412 -0.08715574274770728
  outer loop
    vertex 1902.948753307983 201.63190371867483 612.0266611731021
    vertex 1906.948753307983 201.60000000000056 611.6620000000014
    vertex 1902.948753307983 201.60000000000056 611.6620000000017
  endloop
endfacet
facet normal -0.42261826174061046 -0.9063077870366915 -7.630557841627664e-14
  outer loop
    vertex 1917.6669956089656 205.67335450365172 597.6620000000029
    vertex 1917.9987533079827 205.51865334794832 601.6620000000031
    vertex 1917.6669956089665 205.67335450365138 601.6620000000031
  endloop
endfacet
facet normal -0.42261826174061046 -0.9063077870366915 -7.630557841627664e-14
  outer loop
    vertex 1917.9987533079827 205.51865334794832 601.6620000000031
    vertex 1917.6669956089656 205.67335450365172 597.6620000000029
    vertex 1917.998753307982 205.51865334794869 597.6620000000029
  endloop
endfacet
facet normal -0.25881904510250425 -0.9659258262890729 -9.658731829201582e-14
  outer loop
    vertex 1917.3134144810824 205.76809628132696 597.6620000000029
    vertex 1917.6669956089665 205.67335450365138 601.6620000000031
    vertex 1917.313414481083 205.7680962813266 601.6620000000031
  endloop
endfacet
facet normal -0.25881904510250425 -0.9659258262890729 -9.658731829201582e-14
  outer loop
    vertex 1917.6669956089665 205.67335450365138 601.6620000000031
    vertex 1917.3134144810824 205.76809628132696 597.6620000000029
    vertex 1917.6669956089656 205.67335450365172 597.6620000000029
  endloop
endfacet
facet normal -0.8191520442888999 2.384359037825026e-14 0.5735764363511773
  outer loop
    vertex 1918.5574466385312 181.0000000000007 590.3121460196601
    vertex 1918.7674066559289 185.00000000000023 590.612000000002
    vertex 1918.5574466385312 185.00000000000034 590.3121460196605
  endloop
endfacet
facet normal -0.8191520442888999 2.384359037825026e-14 0.5735764363511773
  outer loop
    vertex 1918.7674066559289 185.00000000000023 590.612000000002
    vertex 1918.5574466385312 181.0000000000007 590.3121460196601
    vertex 1918.7674066559289 181.0000000000006 590.612000000002
  endloop
endfacet
facet normal -0.9063077870367485 2.2174681956811858e-14 0.42261826174048794
  outer loop
    vertex 1918.7674066559289 181.0000000000006 590.612000000002
    vertex 1918.9221078116318 185.0000000000002 590.9437576990183
    vertex 1918.7674066559289 185.00000000000023 590.612000000002
  endloop
endfacet
facet normal -0.9063077870367485 2.2174681956811858e-14 0.42261826174048794
  outer loop
    vertex 1918.9221078116318 185.0000000000002 590.9437576990183
    vertex 1918.7674066559289 181.0000000000006 590.612000000002
    vertex 1918.9221078116318 181.00000000000057 590.9437576990181
  endloop
endfacet
facet normal -0.9659258262890538 1.9832007045053557e-14 0.25881904510257486
  outer loop
    vertex 1918.9221078116318 185.0000000000002 590.9437576990183
    vertex 1919.016849589307 181.00000000000065 591.2973388269013
    vertex 1919.016849589307 185.00000000000037 591.2973388269016
  endloop
endfacet
facet normal -0.9659258262890538 1.9832007045053557e-14 0.25881904510257486
  outer loop
    vertex 1919.016849589307 181.00000000000065 591.2973388269013
    vertex 1918.9221078116318 185.0000000000002 590.9437576990183
    vertex 1918.9221078116318 181.00000000000057 590.9437576990181
  endloop
endfacet
facet normal 5.948975882630223e-14 -0.5735764363508596 0.8191520442891226
  outer loop
    vertex 1906.9487533079835 204.7500000000009 609.8433466520542
    vertex 1902.9487533079832 205.04985398034282 610.0533066694514
    vertex 1902.9487533079832 204.750000000001 609.8433466520545
  endloop
endfacet
facet normal 5.948975882630223e-14 -0.5735764363508596 0.8191520442891226
  outer loop
    vertex 1902.9487533079832 205.04985398034282 610.0533066694514
    vertex 1906.9487533079835 204.7500000000009 609.8433466520542
    vertex 1906.9487533079835 205.04985398034287 610.0533066694514
  endloop
endfacet
facet normal 5.172689882893704e-14 -0.7071067811865666 0.7071067811865286
  outer loop
    vertex 1902.9487533079832 205.04985398034282 610.0533066694514
    vertex 1906.9487533079828 205.30869333055085 610.3121460196595
    vertex 1902.948753307983 205.30869333055094 610.3121460196596
  endloop
endfacet
facet normal 5.172689882893704e-14 -0.7071067811865666 0.7071067811865286
  outer loop
    vertex 1906.9487533079828 205.30869333055085 610.3121460196595
    vertex 1902.9487533079832 205.04985398034282 610.0533066694514
    vertex 1906.9487533079835 205.04985398034287 610.0533066694514
  endloop
endfacet
facet normal 4.239234318574349e-14 -0.8191520442889563 0.5735764363510968
  outer loop
    vertex 1902.948753307983 205.51865334794832 610.6120000000014
    vertex 1906.9487533079828 205.30869333055085 610.3121460196595
    vertex 1906.9487533079828 205.51865334794823 610.6120000000013
  endloop
endfacet
facet normal 4.239234318574349e-14 -0.8191520442889563 0.5735764363510968
  outer loop
    vertex 1906.9487533079828 205.30869333055085 610.3121460196595
    vertex 1902.948753307983 205.51865334794832 610.6120000000014
    vertex 1902.948753307983 205.30869333055094 610.3121460196596
  endloop
endfacet
facet normal 3.1769717646382314e-14 -0.9063077870367903 0.422618261740399
  outer loop
    vertex 1902.948753307983 205.51865334794832 610.6120000000014
    vertex 1906.9487533079828 205.67335450365127 610.9437576990175
    vertex 1902.948753307983 205.67335450365138 610.9437576990179
  endloop
endfacet
facet normal 3.1769717646382314e-14 -0.9063077870367903 0.422618261740399
  outer loop
    vertex 1906.9487533079828 205.67335450365127 610.9437576990175
    vertex 1902.948753307983 205.51865334794832 610.6120000000014
    vertex 1906.9487533079828 205.51865334794823 610.6120000000013
  endloop
endfacet
facet normal 2.0181785312631076e-14 -0.9659258262890792 0.25881904510248
  outer loop
    vertex 1902.948753307983 205.67335450365138 610.9437576990179
    vertex 1906.9487533079828 205.7680962813265 611.2973388269008
    vertex 1902.948753307983 205.7680962813266 611.2973388269013
  endloop
endfacet
facet normal 2.0181785312631076e-14 -0.9659258262890792 0.25881904510248
  outer loop
    vertex 1906.9487533079828 205.7680962813265 611.2973388269008
    vertex 1902.948753307983 205.67335450365138 610.9437576990179
    vertex 1906.9487533079828 205.67335450365127 610.9437576990175
  endloop
endfacet
facet normal 7.980639644619648e-15 -0.9961946980917412 0.08715574274770728
  outer loop
    vertex 1902.948753307983 205.7680962813266 611.2973388269013
    vertex 1906.948753307983 205.80000000000098 611.6620000000013
    vertex 1902.948753307983 205.80000000000092 611.6620000000019
  endloop
endfacet
facet normal 7.980639644619648e-15 -0.9961946980917412 0.08715574274770728
  outer loop
    vertex 1906.948753307983 205.80000000000098 611.6620000000013
    vertex 1902.948753307983 205.7680962813266 611.2973388269013
    vertex 1906.9487533079828 205.7680962813265 611.2973388269008
  endloop
endfacet
facet normal -4.462993720612139e-15 -0.9961946980917366 -0.08715574274776071
  outer loop
    vertex 1902.948753307983 205.80000000000092 611.6620000000019
    vertex 1906.948753307983 205.76809628132645 612.0266611731018
    vertex 1902.948753307983 205.76809628132654 612.0266611731024
  endloop
endfacet
facet normal -4.462993720612139e-15 -0.9961946980917366 -0.08715574274776071
  outer loop
    vertex 1906.948753307983 205.76809628132645 612.0266611731018
    vertex 1902.948753307983 205.80000000000092 611.6620000000019
    vertex 1906.948753307983 205.80000000000098 611.6620000000013
  endloop
endfacet
facet normal -1.6771021280009772e-14 -0.9659258262890654 -0.2588190451025319
  outer loop
    vertex 1902.948753307983 205.76809628132654 612.0266611731024
    vertex 1906.948753307983 205.67335450365124 612.3802423009852
    vertex 1902.948753307983 205.67335450365132 612.3802423009855
  endloop
endfacet
facet normal -1.6771021280009772e-14 -0.9659258262890654 -0.2588190451025319
  outer loop
    vertex 1906.948753307983 205.67335450365124 612.3802423009852
    vertex 1902.948753307983 205.76809628132654 612.0266611731024
    vertex 1906.948753307983 205.76809628132645 612.0266611731018
  endloop
endfacet
facet normal -2.8569469844348144e-14 -0.9063077870367674 -0.42261826174044753
  outer loop
    vertex 1902.948753307983 205.518653347948 612.7120000000017
    vertex 1906.948753307983 205.67335450365124 612.3802423009852
    vertex 1906.948753307983 205.51865334794792 612.7120000000016
  endloop
endfacet
facet normal -2.8569469844348144e-14 -0.9063077870367674 -0.42261826174044753
  outer loop
    vertex 1906.948753307983 205.67335450365124 612.3802423009852
    vertex 1902.948753307983 205.518653347948 612.7120000000017
    vertex 1902.948753307983 205.67335450365132 612.3802423009855
  endloop
endfacet
facet normal -3.949984952435879e-14 -0.8191520442889256 -0.5735764363511409
  outer loop
    vertex 1902.948753307983 205.30869333055062 613.0118539803432
    vertex 1906.948753307983 205.51865334794792 612.7120000000016
    vertex 1906.948753307983 205.30869333055054 613.0118539803432
  endloop
endfacet
facet normal -3.949984952435879e-14 -0.8191520442889256 -0.5735764363511409
  outer loop
    vertex 1906.948753307983 205.51865334794792 612.7120000000016
    vertex 1902.948753307983 205.30869333055062 613.0118539803432
    vertex 1902.948753307983 205.518653347948 612.7120000000017
  endloop
endfacet
facet normal -4.9230046264429716e-14 -0.7071067811865286 -0.7071067811865666
  outer loop
    vertex 1906.948753307983 205.30869333055054 613.0118539803432
    vertex 1902.948753307983 205.04985398034242 613.2706933305514
    vertex 1902.948753307983 205.30869333055062 613.0118539803432
  endloop
endfacet
facet normal -4.9230046264429716e-14 -0.7071067811865286 -0.7071067811865666
  outer loop
    vertex 1902.948753307983 205.04985398034242 613.2706933305514
    vertex 1906.948753307983 205.30869333055054 613.0118539803432
    vertex 1906.948753307983 205.04985398034242 613.2706933305512
  endloop
endfacet
facet normal -5.746441296037746e-14 -0.5735764363508156 -0.8191520442891532
  outer loop
    vertex 1906.948753307983 205.04985398034242 613.2706933305512
    vertex 1902.948753307983 204.7500000000006 613.4806533479491
    vertex 1902.948753307983 205.04985398034242 613.2706933305514
  endloop
endfacet
facet normal -5.746441296037746e-14 -0.5735764363508156 -0.8191520442891532
  outer loop
    vertex 1902.948753307983 204.7500000000006 613.4806533479491
    vertex 1906.948753307983 205.04985398034242 613.2706933305512
    vertex 1906.948753307983 204.75000000000054 613.4806533479489
  endloop
endfacet
facet normal 1.0 1.0129231361051615e-15 -6.420924398236649e-14
  outer loop
    vertex 1906.9487533079837 210.9999999999998 621.6620000000016
    vertex 1906.948753307983 205.76809628132645 612.0266611731018
    vertex 1906.948753307983 205.80000000000098 611.6620000000013
  endloop
endfacet
facet normal 1.0 1.0129231361051615e-15 -6.420924398236649e-14
  outer loop
    vertex 1906.948753307983 205.76809628132645 612.0266611731018
    vertex 1906.9487533079837 210.9999999999998 621.6620000000016
    vertex 1906.948753307983 205.67335450365124 612.3802423009852
  endloop
endfacet
facet normal 1.0 1.0129231361051615e-15 -6.420924398236649e-14
  outer loop
    vertex 1906.948753307983 205.67335450365124 612.3802423009852
    vertex 1906.9487533079837 210.9999999999998 621.6620000000016
    vertex 1906.948753307983 205.51865334794792 612.7120000000016
  endloop
endfacet
facet normal 1.0 1.0129231361051615e-15 -6.420924398236649e-14
  outer loop
    vertex 1906.948753307983 205.51865334794792 612.7120000000016
    vertex 1906.9487533079837 210.9999999999998 621.6620000000016
    vertex 1906.948753307983 205.30869333055054 613.0118539803432
  endloop
endfacet
facet normal 1.0 1.0129231361051615e-15 -6.420924398236649e-14
  outer loop
    vertex 1906.948753307983 205.30869333055054 613.0118539803432
    vertex 1906.9487533079837 210.9999999999998 621.6620000000016
    vertex 1906.948753307983 205.04985398034242 613.2706933305512
  endloop
endfacet
facet normal 1.0 1.0129231361051615e-15 -6.420924398236649e-14
  outer loop
    vertex 1906.948753307983 205.04985398034242 613.2706933305512
    vertex 1906.9487533079837 210.9999999999998 621.6620000000016
    vertex 1906.948753307983 204.75000000000054 613.4806533479489
  endloop
endfacet
facet normal 1.0 1.0129231361051615e-15 -6.420924398236649e-14
  outer loop
    vertex 1906.948753307983 204.75000000000054 613.4806533479489
    vertex 1906.9487533079837 210.9999999999998 621.6620000000016
    vertex 1906.948753307983 204.41824230098442 613.6353545036518
  endloop
endfacet
facet normal 1.0 1.0129231361051615e-15 -6.420924398236649e-14
  outer loop
    vertex 1906.948753307983 204.41824230098442 613.6353545036518
    vertex 1906.9487533079837 210.9999999999998 621.6620000000016
    vertex 1906.9487533079835 181.00000000000057 621.6620000000004
  endloop
endfacet
facet normal 1.0 1.0129231361051615e-15 -6.420924398236649e-14
  outer loop
    vertex 1906.948753307983 204.41824230098442 613.6353545036518
    vertex 1906.9487533079835 181.00000000000057 621.6620000000004
    vertex 1906.948753307983 204.0646611731011 613.730096281327
  endloop
endfacet
facet normal 1.0 1.0129231361051615e-15 -6.420924398236649e-14
  outer loop
    vertex 1906.948753307983 204.0646611731011 613.730096281327
    vertex 1906.9487533079835 181.00000000000057 621.6620000000004
    vertex 1906.948753307983 203.70000000000056 613.7620000000014
  endloop
endfacet
facet normal 1.0 1.0129231361051615e-15 -6.420924398236649e-14
  outer loop
    vertex 1906.948753307983 203.70000000000056 613.7620000000014
    vertex 1906.9487533079835 181.00000000000057 621.6620000000004
    vertex 1906.948753307983 203.33533882690003 613.730096281327
  endloop
endfacet
facet normal 1.0 1.0129231361051615e-15 -6.420924398236649e-14
  outer loop
    vertex 1906.948753307983 203.33533882690003 613.730096281327
    vertex 1906.9487533079835 181.00000000000057 621.6620000000004
    vertex 1906.948753307983 202.98175769901653 613.6353545036518
  endloop
endfacet
facet normal 1.0 1.0129231361051615e-15 -6.420924398236649e-14
  outer loop
    vertex 1906.948753307983 202.98175769901653 613.6353545036518
    vertex 1906.9487533079835 181.00000000000057 621.6620000000004
    vertex 1906.948753307983 202.65000000000046 613.4806533479485
  endloop
endfacet
facet normal 1.0 1.0129231361051615e-15 -6.420924398236649e-14
  outer loop
    vertex 1906.948753307983 202.65000000000046 613.4806533479485
    vertex 1906.9487533079835 181.00000000000057 621.6620000000004
    vertex 1906.948753307983 202.35014601965875 613.270693330551
  endloop
endfacet
facet normal 1.0 1.0129231361051615e-15 -6.420924398236649e-14
  outer loop
    vertex 1906.948753307983 202.35014601965875 613.270693330551
    vertex 1906.9487533079835 181.00000000000057 621.6620000000004
    vertex 1906.948753307983 202.09130666945074 613.0118539803431
  endloop
endfacet
facet normal 1.0 1.0129231361051615e-15 -6.420924398236649e-14
  outer loop
    vertex 1906.948753307983 202.09130666945074 613.0118539803431
    vertex 1906.9487533079835 181.00000000000057 621.6620000000004
    vertex 1906.948753307983 201.88134665205308 612.7120000000011
  endloop
endfacet
facet normal 1.0 1.0129231361051615e-15 -6.420924398236649e-14
  outer loop
    vertex 1906.948753307983 201.88134665205308 612.7120000000011
    vertex 1906.9487533079835 181.00000000000057 621.6620000000004
    vertex 1906.948753307983 201.72664549635013 612.3802423009853
  endloop
endfacet
facet normal 1.0 1.0129231361051615e-15 -6.420924398236649e-14
  outer loop
    vertex 1906.948753307983 201.72664549635013 612.3802423009853
    vertex 1906.9487533079835 181.00000000000057 621.6620000000004
    vertex 1906.948753307983 201.63190371867495 612.026661173102
  endloop
endfacet
facet normal 1.0 1.0129231361051615e-15 -6.420924398236649e-14
  outer loop
    vertex 1906.948753307983 201.63190371867495 612.026661173102
    vertex 1906.9487533079835 181.00000000000057 621.6620000000004
    vertex 1906.948753307983 201.60000000000056 611.6620000000014
  endloop
endfacet
facet normal 1.0 1.0129231361051615e-15 -6.420924398236649e-14
  outer loop
    vertex 1906.9487533079823 211.00000000000048 601.6620000000014
    vertex 1906.9487533079835 204.41824230098482 609.6886454963509
    vertex 1906.9487533079823 181.000000000001 601.6620000000006
  endloop
endfacet
facet normal 1.0 1.0129231361051615e-15 -6.420924398236649e-14
  outer loop
    vertex 1906.9487533079835 204.41824230098482 609.6886454963509
    vertex 1906.9487533079823 211.00000000000048 601.6620000000014
    vertex 1906.9487533079835 204.7500000000009 609.8433466520542
  endloop
endfacet
facet normal 1.0 1.0129231361051615e-15 -6.420924398236649e-14
  outer loop
    vertex 1906.9487533079835 204.7500000000009 609.8433466520542
    vertex 1906.9487533079823 211.00000000000048 601.6620000000014
    vertex 1906.9487533079835 205.04985398034287 610.0533066694514
  endloop
endfacet
facet normal 1.0 1.0129231361051615e-15 -6.420924398236649e-14
  outer loop
    vertex 1906.9487533079835 205.04985398034287 610.0533066694514
    vertex 1906.9487533079823 211.00000000000048 601.6620000000014
    vertex 1906.9487533079828 205.30869333055085 610.3121460196595
  endloop
endfacet
facet normal 1.0 1.0129231361051615e-15 -6.420924398236649e-14
  outer loop
    vertex 1906.9487533079828 205.30869333055085 610.3121460196595
    vertex 1906.9487533079823 211.00000000000048 601.6620000000014
    vertex 1906.9487533079828 205.51865334794823 610.6120000000013
  endloop
endfacet
facet normal 1.0 1.0129231361051615e-15 -6.420924398236649e-14
  outer loop
    vertex 1906.9487533079828 205.51865334794823 610.6120000000013
    vertex 1906.9487533079823 211.00000000000048 601.6620000000014
    vertex 1906.9487533079837 210.9999999999998 621.6620000000016
  endloop
endfacet
facet normal 1.0 1.0129231361051615e-15 -6.420924398236649e-14
  outer loop
    vertex 1906.9487533079828 205.51865334794823 610.6120000000013
    vertex 1906.9487533079837 210.9999999999998 621.6620000000016
    vertex 1906.9487533079828 205.67335450365127 610.9437576990175
  endloop
endfacet
facet normal 1.0 1.0129231361051615e-15 -6.420924398236649e-14
  outer loop
    vertex 1906.9487533079828 205.67335450365127 610.9437576990175
    vertex 1906.9487533079837 210.9999999999998 621.6620000000016
    vertex 1906.9487533079828 205.7680962813265 611.2973388269008
  endloop
endfacet
facet normal 1.0 1.0129231361051615e-15 -6.420924398236649e-14
  outer loop
    vertex 1906.9487533079828 205.7680962813265 611.2973388269008
    vertex 1906.9487533079837 210.9999999999998 621.6620000000016
    vertex 1906.948753307983 205.80000000000098 611.6620000000013
  endloop
endfacet
facet normal 1.0 1.0129231361051615e-15 -6.420924398236649e-14
  outer loop
    vertex 1906.9487533079823 181.000000000001 601.6620000000006
    vertex 1906.9487533079835 204.41824230098482 609.6886454963509
    vertex 1906.9487533079835 204.0646611731014 609.5939037186756
  endloop
endfacet
facet normal 1.0 1.0129231361051615e-15 -6.420924398236649e-14
  outer loop
    vertex 1906.9487533079823 181.000000000001 601.6620000000006
    vertex 1906.9487533079835 204.0646611731014 609.5939037186756
    vertex 1906.9487533079835 203.70000000000087 609.5620000000013
  endloop
endfacet
facet normal 1.0 1.0129231361051615e-15 -6.420924398236649e-14
  outer loop
    vertex 1906.9487533079823 181.000000000001 601.6620000000006
    vertex 1906.9487533079835 203.70000000000087 609.5620000000013
    vertex 1906.9487533079835 203.33533882690034 609.5939037186756
  endloop
endfacet
facet normal 1.0 1.0129231361051615e-15 -6.420924398236649e-14
  outer loop
    vertex 1906.9487533079823 181.000000000001 601.6620000000006
    vertex 1906.9487533079835 203.33533882690034 609.5939037186756
    vertex 1906.9487533079835 202.98175769901655 609.6886454963509
  endloop
endfacet
facet normal 1.0 1.0129231361051615e-15 -6.420924398236649e-14
  outer loop
    vertex 1906.9487533079823 181.000000000001 601.6620000000006
    vertex 1906.9487533079835 202.98175769901655 609.6886454963509
    vertex 1906.9487533079835 202.65000000000038 609.8433466520539
  endloop
endfacet
facet normal 1.0 1.0129231361051615e-15 -6.420924398236649e-14
  outer loop
    vertex 1906.9487533079823 181.000000000001 601.6620000000006
    vertex 1906.9487533079835 202.65000000000038 609.8433466520539
    vertex 1906.9487533079835 202.35014601965867 610.0533066694511
  endloop
endfacet
facet normal 1.0 1.0129231361051615e-15 -6.420924398236649e-14
  outer loop
    vertex 1906.9487533079823 181.000000000001 601.6620000000006
    vertex 1906.9487533079835 202.35014601965867 610.0533066694511
    vertex 1906.9487533079835 202.09130666945055 610.3121460196594
  endloop
endfacet
facet normal 1.0 1.0129231361051615e-15 -6.420924398236649e-14
  outer loop
    vertex 1906.9487533079823 181.000000000001 601.6620000000006
    vertex 1906.9487533079835 202.09130666945055 610.3121460196594
    vertex 1906.9487533079835 201.88134665205305 610.6120000000013
  endloop
endfacet
facet normal 1.0 1.0129231361051615e-15 -6.420924398236649e-14
  outer loop
    vertex 1906.9487533079823 181.000000000001 601.6620000000006
    vertex 1906.9487533079835 201.88134665205305 610.6120000000013
    vertex 1906.9487533079828 201.72664549635002 610.9437576990175
  endloop
endfacet
facet normal 1.0 1.0129231361051615e-15 -6.420924398236649e-14
  outer loop
    vertex 1906.9487533079823 181.000000000001 601.6620000000006
    vertex 1906.9487533079828 201.72664549635002 610.9437576990175
    vertex 1906.9487533079828 201.63190371867498 611.2973388269008
  endloop
endfacet
facet normal 1.0 1.0129231361051615e-15 -6.420924398236649e-14
  outer loop
    vertex 1906.9487533079823 181.000000000001 601.6620000000006
    vertex 1906.9487533079828 201.63190371867498 611.2973388269008
    vertex 1906.948753307983 201.60000000000056 611.6620000000014
  endloop
endfacet
facet normal 1.0 1.0129231361051615e-15 -6.420924398236649e-14
  outer loop
    vertex 1906.9487533079823 181.000000000001 601.6620000000006
    vertex 1906.948753307983 201.60000000000056 611.6620000000014
    vertex 1906.9487533079835 181.00000000000057 621.6620000000004
  endloop
endfacet
facet normal -0.0871557427478051 -1.4527398145659368e-14 -0.9961946980917327
  outer loop
    vertex 1917.3134144810838 185.00000000000028 575.2300962813276
    vertex 1916.9487533079837 181.00000000000063 575.2620000000015
    vertex 1916.9487533079832 185.00000000000028 575.262000000002
  endloop
endfacet
facet normal -0.0871557427478051 -1.4527398145659368e-14 -0.9961946980917327
  outer loop
    vertex 1916.9487533079837 181.00000000000063 575.2620000000015
    vertex 1917.3134144810838 185.00000000000028 575.2300962813276
    vertex 1917.3134144810842 181.00000000000065 575.2300962813272
  endloop
endfacet
facet normal 0.08715574274766288 -1.7714594330000318e-14 -0.9961946980917451
  outer loop
    vertex 1916.9487533079832 185.00000000000028 575.262000000002
    vertex 1916.5840921348831 181.00000000000063 575.230096281327
    vertex 1916.584092134883 185.00000000000028 575.2300962813277
  endloop
endfacet
facet normal 0.08715574274766288 -1.7714594330000318e-14 -0.9961946980917451
  outer loop
    vertex 1916.5840921348831 181.00000000000063 575.230096281327
    vertex 1916.9487533079832 185.00000000000028 575.262000000002
    vertex 1916.9487533079837 181.00000000000063 575.2620000000015
  endloop
endfacet
facet normal 0.25881904510243703 -2.0363541529637212e-14 -0.9659258262890908
  outer loop
    vertex 1916.584092134883 185.00000000000028 575.2300962813277
    vertex 1916.230511007 181.00000000000065 575.135354503652
    vertex 1916.2305110069994 185.00000000000028 575.1353545036525
  endloop
endfacet
facet normal 0.25881904510243703 -2.0363541529637212e-14 -0.9659258262890908
  outer loop
    vertex 1916.230511007 181.00000000000065 575.135354503652
    vertex 1916.584092134883 185.00000000000028 575.2300962813277
    vertex 1916.5840921348831 181.00000000000063 575.230096281327
  endloop
endfacet
facet normal 0.422618261740453 -2.2393752824345033e-14 -0.9063077870367651
  outer loop
    vertex 1916.2305110069994 185.00000000000028 575.1353545036525
    vertex 1915.8987533079835 181.00000000000057 574.9806533479491
    vertex 1915.8987533079835 185.0000000000002 574.9806533479492
  endloop
endfacet
facet normal 0.422618261740453 -2.2393752824345033e-14 -0.9063077870367651
  outer loop
    vertex 1915.8987533079835 181.00000000000057 574.9806533479491
    vertex 1916.2305110069994 185.00000000000028 575.1353545036525
    vertex 1916.230511007 181.00000000000065 575.135354503652
  endloop
endfacet
facet normal 0.5735764363510604 -2.374354127127493e-14 -0.819152044288982
  outer loop
    vertex 1915.8987533079835 185.0000000000002 574.9806533479492
    vertex 1915.5988993276417 181.00000000000057 574.7706933305516
    vertex 1915.5988993276417 185.0000000000002 574.7706933305518
  endloop
endfacet
facet normal 0.5735764363510604 -2.374354127127493e-14 -0.819152044288982
  outer loop
    vertex 1915.5988993276417 181.00000000000057 574.7706933305516
    vertex 1915.8987533079835 185.0000000000002 574.9806533479492
    vertex 1915.8987533079835 181.00000000000057 574.9806533479491
  endloop
endfacet
facet normal 0.7071067811864971 -2.4371894231485885e-14 -0.7071067811865981
  outer loop
    vertex 1915.5988993276417 185.0000000000002 574.7706933305518
    vertex 1915.3400599774336 181.00000000000065 574.5118539803433
    vertex 1915.3400599774336 185.00000000000028 574.511853980344
  endloop
endfacet
facet normal 0.7071067811864971 -2.4371894231485885e-14 -0.7071067811865981
  outer loop
    vertex 1915.3400599774336 181.00000000000065 574.5118539803433
    vertex 1915.5988993276417 185.0000000000002 574.7706933305518
    vertex 1915.5988993276417 181.00000000000057 574.7706933305516
  endloop
endfacet
facet normal 0.8191520442888999 -2.425971951824738e-14 -0.5735764363511773
  outer loop
    vertex 1915.3400599774336 181.00000000000065 574.5118539803433
    vertex 1915.130099960036 185.00000000000028 574.212000000002
    vertex 1915.3400599774336 185.00000000000028 574.511853980344
  endloop
endfacet
facet normal 0.8191520442888999 -2.425971951824738e-14 -0.5735764363511773
  outer loop
    vertex 1915.130099960036 185.00000000000028 574.212000000002
    vertex 1915.3400599774336 181.00000000000065 574.5118539803433
    vertex 1915.130099960036 181.00000000000065 574.2120000000019
  endloop
endfacet
facet normal 0.9063077870367047 -2.3410425503455476e-14 -0.4226182617405825
  outer loop
    vertex 1915.130099960036 181.00000000000065 574.2120000000019
    vertex 1914.9753988043337 185.0000000000002 573.8802423009859
    vertex 1915.130099960036 185.00000000000028 574.212000000002
  endloop
endfacet
facet normal 0.9063077870367047 -2.3410425503455476e-14 -0.4226182617405825
  outer loop
    vertex 1914.9753988043337 185.0000000000002 573.8802423009859
    vertex 1915.130099960036 181.00000000000065 574.2120000000019
    vertex 1914.9753988043337 181.00000000000057 573.8802423009857
  endloop
endfacet
facet normal 0.9659258262890538 -2.184981755599075e-14 -0.25881904510257486
  outer loop
    vertex 1914.9753988043337 185.0000000000002 573.8802423009859
    vertex 1914.8806570266586 181.00000000000068 573.5266611731024
    vertex 1914.8806570266586 185.0000000000003 573.5266611731025
  endloop
endfacet
facet normal 0.9659258262890538 -2.184981755599075e-14 -0.25881904510257486
  outer loop
    vertex 1914.8806570266586 181.00000000000068 573.5266611731024
    vertex 1914.9753988043337 185.0000000000002 573.8802423009859
    vertex 1914.9753988043337 181.00000000000057 573.8802423009857
  endloop
endfacet
facet normal 0.9961946980917327 -1.9625313958628542e-14 -0.0871557427478051
  outer loop
    vertex 1914.8806570266586 181.00000000000068 573.5266611731024
    vertex 1914.848753307983 185.00000000000006 573.162000000002
    vertex 1914.8806570266586 185.0000000000003 573.5266611731025
  endloop
endfacet
facet normal 0.9961946980917327 -1.9625313958628542e-14 -0.0871557427478051
  outer loop
    vertex 1914.848753307983 185.00000000000006 573.162000000002
    vertex 1914.8806570266586 181.00000000000068 573.5266611731024
    vertex 1914.8487533079835 181.0000000000005 573.1620000000019
  endloop
endfacet
facet normal 0.9961946980917451 -1.6804505127517707e-14 0.08715574274766288
  outer loop
    vertex 1914.848753307983 185.00000000000006 573.162000000002
    vertex 1914.880657026658 181.0000000000005 572.7973388269013
    vertex 1914.8806570266574 185.00000000000017 572.7973388269014
  endloop
endfacet
facet normal 0.9961946980917451 -1.6804505127517707e-14 0.08715574274766288
  outer loop
    vertex 1914.880657026658 181.0000000000005 572.7973388269013
    vertex 1914.848753307983 185.00000000000006 573.162000000002
    vertex 1914.8487533079835 181.0000000000005 573.1620000000019
  endloop
endfacet
facet normal 0.9659258262890908 -1.3473099911601213e-14 0.25881904510243703
  outer loop
    vertex 1914.880657026658 181.0000000000005 572.7973388269013
    vertex 1914.9753988043326 185.00000000000006 572.4437576990181
    vertex 1914.8806570266574 185.00000000000017 572.7973388269014
  endloop
endfacet
facet normal 0.9659258262890908 -1.3473099911601213e-14 0.25881904510243703
  outer loop
    vertex 1914.9753988043326 185.00000000000006 572.4437576990181
    vertex 1914.880657026658 181.0000000000005 572.7973388269013
    vertex 1914.975398804333 181.0000000000005 572.443757699018
  endloop
endfacet
facet normal 0.9063077870367651 -9.732321372590758e-15 0.422618261740453
  outer loop
    vertex 1914.9753988043326 185.00000000000006 572.4437576990181
    vertex 1915.130099960036 181.00000000000054 572.1120000000017
    vertex 1915.1300999600357 185.00000000000017 572.1120000000022
  endloop
endfacet
facet normal 0.9063077870367651 -9.732321372590758e-15 0.422618261740453
  outer loop
    vertex 1915.130099960036 181.00000000000054 572.1120000000017
    vertex 1914.9753988043326 185.00000000000006 572.4437576990181
    vertex 1914.975398804333 181.0000000000005 572.443757699018
  endloop
endfacet
facet normal 0.819152044288982 -5.695831173455738e-15 0.5735764363510604
  outer loop
    vertex 1915.130099960036 181.00000000000054 572.1120000000017
    vertex 1915.3400599774332 185.00000000000017 571.8121460196603
    vertex 1915.1300999600357 185.00000000000017 572.1120000000022
  endloop
endfacet
facet normal 0.819152044288982 -5.695831173455738e-15 0.5735764363510604
  outer loop
    vertex 1915.3400599774332 185.00000000000017 571.8121460196603
    vertex 1915.130099960036 181.00000000000054 572.1120000000017
    vertex 1915.3400599774332 181.00000000000054 571.81214601966
  endloop
endfacet
facet normal 0.7071067811865981 -1.486276026353552e-15 0.7071067811864971
  outer loop
    vertex 1915.5988993276412 181.00000000000057 571.553306669452
    vertex 1915.3400599774332 185.00000000000017 571.8121460196603
    vertex 1915.3400599774332 181.00000000000054 571.81214601966
  endloop
endfacet
facet normal 0.7071067811865981 -1.486276026353552e-15 0.7071067811864971
  outer loop
    vertex 1915.3400599774332 185.00000000000017 571.8121460196603
    vertex 1915.5988993276412 181.00000000000057 571.553306669452
    vertex 1915.5988993276412 185.0000000000001 571.5533066694519
  endloop
endfacet
facet normal 0.5735764363510615 2.7684388657208097e-15 0.8191520442889809
  outer loop
    vertex 1915.8987533079833 181.00000000000057 571.3433466520545
    vertex 1915.5988993276412 185.0000000000001 571.5533066694519
    vertex 1915.5988993276412 181.00000000000057 571.553306669452
  endloop
endfacet
facet normal 0.5735764363510615 2.7684388657208097e-15 0.8191520442889809
  outer loop
    vertex 1915.5988993276412 185.0000000000001 571.5533066694519
    vertex 1915.8987533079833 181.00000000000057 571.3433466520545
    vertex 1915.8987533079833 185.0000000000002 571.3433466520545
  endloop
endfacet
facet normal 0.4226182617406769 6.939036143757665e-15 0.9063077870366607
  outer loop
    vertex 1916.2305110069994 181.00000000000057 571.1886454963515
    vertex 1915.8987533079833 185.0000000000002 571.3433466520545
    vertex 1915.8987533079833 181.00000000000057 571.3433466520545
  endloop
endfacet
facet normal 0.4226182617406769 6.939036143757665e-15 0.9063077870366607
  outer loop
    vertex 1915.8987533079833 185.0000000000002 571.3433466520545
    vertex 1916.2305110069994 181.00000000000057 571.1886454963515
    vertex 1916.230511006999 185.0000000000002 571.1886454963516
  endloop
endfacet
facet normal 0.25881904510257486 1.0898794319885333e-14 0.9659258262890538
  outer loop
    vertex 1916.2305110069994 181.00000000000057 571.1886454963515
    vertex 1916.5840921348824 185.0000000000002 571.0939037186764
    vertex 1916.230511006999 185.0000000000002 571.1886454963516
  endloop
endfacet
facet normal 0.25881904510257486 1.0898794319885333e-14 0.9659258262890538
  outer loop
    vertex 1916.5840921348824 185.0000000000002 571.0939037186764
    vertex 1916.2305110069994 181.00000000000057 571.1886454963515
    vertex 1916.584092134883 181.00000000000057 571.093903718676
  endloop
endfacet
facet normal 0.0871557427478051 1.4527398145659368e-14 0.9961946980917327
  outer loop
    vertex 1916.584092134883 181.00000000000057 571.093903718676
    vertex 1916.948753307983 185.0000000000002 571.062000000002
    vertex 1916.5840921348824 185.0000000000002 571.0939037186764
  endloop
endfacet
facet normal 0.0871557427478051 1.4527398145659368e-14 0.9961946980917327
  outer loop
    vertex 1916.948753307983 185.0000000000002 571.062000000002
    vertex 1916.584092134883 181.00000000000057 571.093903718676
    vertex 1916.9487533079832 181.00000000000057 571.0620000000018
  endloop
endfacet
facet normal -0.08715574274766288 1.7714594330000318e-14 0.9961946980917451
  outer loop
    vertex 1916.9487533079832 181.00000000000057 571.0620000000018
    vertex 1917.3134144810836 185.0000000000002 571.0939037186763
    vertex 1916.948753307983 185.0000000000002 571.062000000002
  endloop
endfacet
facet normal -0.08715574274766288 1.7714594330000318e-14 0.9961946980917451
  outer loop
    vertex 1917.3134144810836 185.0000000000002 571.0939037186763
    vertex 1916.9487533079832 181.00000000000057 571.0620000000018
    vertex 1917.3134144810838 181.00000000000057 571.0939037186762
  endloop
endfacet
facet normal -0.25881904510243703 2.0363541529637212e-14 0.9659258262890908
  outer loop
    vertex 1917.3134144810838 181.00000000000057 571.0939037186762
    vertex 1917.6669956089668 185.0000000000002 571.1886454963515
    vertex 1917.3134144810836 185.0000000000002 571.0939037186763
  endloop
endfacet
facet normal -0.25881904510243703 2.0363541529637212e-14 0.9659258262890908
  outer loop
    vertex 1917.6669956089668 185.0000000000002 571.1886454963515
    vertex 1917.3134144810838 181.00000000000057 571.0939037186762
    vertex 1917.6669956089672 181.00000000000057 571.1886454963513
  endloop
endfacet
facet normal -0.42261826174054734 2.2393752824346042e-14 0.9063077870367209
  outer loop
    vertex 1917.6669956089672 181.00000000000057 571.1886454963513
    vertex 1917.9987533079832 185.0000000000002 571.3433466520543
    vertex 1917.6669956089668 185.0000000000002 571.1886454963515
  endloop
endfacet
facet normal -0.42261826174054734 2.2393752824346042e-14 0.9063077870367209
  outer loop
    vertex 1917.9987533079832 185.0000000000002 571.3433466520543
    vertex 1917.6669956089672 181.00000000000057 571.1886454963513
    vertex 1917.9987533079832 181.00000000000057 571.3433466520543
  endloop
endfacet
facet normal -0.5735764363509446 2.3743541271274165e-14 0.8191520442890631
  outer loop
    vertex 1918.298607288325 181.00000000000048 571.5533066694519
    vertex 1917.9987533079832 185.0000000000002 571.3433466520543
    vertex 1917.9987533079832 181.00000000000057 571.3433466520543
  endloop
endfacet
facet normal -0.5735764363509446 2.3743541271274165e-14 0.8191520442890631
  outer loop
    vertex 1917.9987533079832 185.0000000000002 571.3433466520543
    vertex 1918.298607288325 181.00000000000048 571.5533066694519
    vertex 1918.298607288325 185.0000000000001 571.5533066694519
  endloop
endfacet
facet normal -0.7071067811864971 2.4371894231485885e-14 0.7071067811865981
  outer loop
    vertex 1918.557446638533 181.00000000000057 571.81214601966
    vertex 1918.298607288325 185.0000000000001 571.5533066694519
    vertex 1918.298607288325 181.00000000000048 571.5533066694519
  endloop
endfacet
facet normal -0.7071067811864971 2.4371894231485885e-14 0.7071067811865981
  outer loop
    vertex 1918.298607288325 185.0000000000001 571.5533066694519
    vertex 1918.557446638533 181.00000000000057 571.81214601966
    vertex 1918.557446638533 185.0000000000002 571.8121460196601
  endloop
endfacet
facet normal -0.8191520442889809 2.4259719518246948e-14 0.5735764363510615
  outer loop
    vertex 1918.557446638533 181.00000000000057 571.81214601966
    vertex 1918.7674066559302 185.00000000000017 572.1120000000019
    vertex 1918.557446638533 185.0000000000002 571.8121460196601
  endloop
endfacet
facet normal -0.8191520442889809 2.4259719518246948e-14 0.5735764363510615
  outer loop
    vertex 1918.7674066559302 185.00000000000017 572.1120000000019
    vertex 1918.557446638533 181.00000000000057 571.81214601966
    vertex 1918.7674066559307 181.00000000000054 572.1120000000014
  endloop
endfacet
facet normal -0.9063077870366607 2.3410425503456218e-14 0.4226182617406769
  outer loop
    vertex 1918.7674066559307 181.00000000000054 572.1120000000014
    vertex 1918.9221078116336 185.00000000000006 572.4437576990179
    vertex 1918.7674066559302 185.00000000000017 572.1120000000019
  endloop
endfacet
facet normal -0.9063077870366607 2.3410425503456218e-14 0.4226182617406769
  outer loop
    vertex 1918.9221078116336 185.00000000000006 572.4437576990179
    vertex 1918.7674066559307 181.00000000000054 572.1120000000014
    vertex 1918.9221078116336 181.00000000000043 572.4437576990175
  endloop
endfacet
facet normal -0.9659258262890538 2.184981755599075e-14 0.25881904510257486
  outer loop
    vertex 1918.9221078116336 185.00000000000006 572.4437576990179
    vertex 1919.0168495893088 181.0000000000005 572.7973388269008
    vertex 1919.0168495893088 185.00000000000017 572.7973388269012
  endloop
endfacet
facet normal -0.9659258262890538 2.184981755599075e-14 0.25881904510257486
  outer loop
    vertex 1919.0168495893088 181.0000000000005 572.7973388269008
    vertex 1918.9221078116336 185.00000000000006 572.4437576990179
    vertex 1918.9221078116336 181.00000000000043 572.4437576990175
  endloop
endfacet
facet normal -0.9961946980917327 1.9625313958628542e-14 0.0871557427478051
  outer loop
    vertex 1919.0168495893088 181.0000000000005 572.7973388269008
    vertex 1919.0487533079831 185.00000000000017 573.1620000000017
    vertex 1919.0168495893088 185.00000000000017 572.7973388269012
  endloop
endfacet
facet normal -0.9961946980917327 1.9625313958628542e-14 0.0871557427478051
  outer loop
    vertex 1919.0487533079831 185.00000000000017 573.1620000000017
    vertex 1919.0168495893088 181.0000000000005 572.7973388269008
    vertex 1919.0487533079831 181.0000000000005 573.1620000000013
  endloop
endfacet
facet normal -0.9961946980917451 1.6804505127517707e-14 -0.08715574274766288
  outer loop
    vertex 1919.0487533079831 181.0000000000005 573.1620000000013
    vertex 1919.0168495893095 185.00000000000017 573.5266611731022
    vertex 1919.0487533079831 185.00000000000017 573.1620000000017
  endloop
endfacet
facet normal -0.9961946980917451 1.6804505127517707e-14 -0.08715574274766288
  outer loop
    vertex 1919.0168495893095 185.00000000000017 573.5266611731022
    vertex 1919.0487533079831 181.0000000000005 573.1620000000013
    vertex 1919.0168495893095 181.00000000000063 573.526661173102
  endloop
endfacet
facet normal -0.9659258262890908 1.3473099911601213e-14 -0.25881904510243703
  outer loop
    vertex 1919.0168495893095 181.00000000000063 573.526661173102
    vertex 1918.9221078116343 185.00000000000014 573.8802423009855
    vertex 1919.0168495893095 185.00000000000017 573.5266611731022
  endloop
endfacet
facet normal -0.9659258262890908 1.3473099911601213e-14 -0.25881904510243703
  outer loop
    vertex 1918.9221078116343 185.00000000000014 573.8802423009855
    vertex 1919.0168495893095 181.00000000000063 573.526661173102
    vertex 1918.9221078116343 181.0000000000005 573.8802423009853
  endloop
endfacet
facet normal -0.9063077870367651 9.732321372590758e-15 -0.422618261740453
  outer loop
    vertex 1918.9221078116343 181.0000000000005 573.8802423009853
    vertex 1918.7674066559307 185.0000000000001 574.2120000000018
    vertex 1918.9221078116343 185.00000000000014 573.8802423009855
  endloop
endfacet
facet normal -0.9063077870367651 9.732321372590758e-15 -0.422618261740453
  outer loop
    vertex 1918.7674066559307 185.0000000000001 574.2120000000018
    vertex 1918.9221078116343 181.0000000000005 573.8802423009853
    vertex 1918.7674066559307 181.00000000000057 574.2120000000017
  endloop
endfacet
facet normal -0.819152044288982 5.695831173455738e-15 -0.5735764363510604
  outer loop
    vertex 1918.7674066559307 181.00000000000057 574.2120000000017
    vertex 1918.557446638533 185.0000000000001 574.5118539803433
    vertex 1918.7674066559307 185.0000000000001 574.2120000000018
  endloop
endfacet
facet normal -0.819152044288982 5.695831173455738e-15 -0.5735764363510604
  outer loop
    vertex 1918.557446638533 185.0000000000001 574.5118539803433
    vertex 1918.7674066559307 181.00000000000057 574.2120000000017
    vertex 1918.557446638533 181.00000000000048 574.5118539803433
  endloop
endfacet
facet normal -0.7071067811865981 1.486276026353552e-15 -0.7071067811864971
  outer loop
    vertex 1918.557446638533 185.0000000000001 574.5118539803433
    vertex 1918.2986072883252 181.00000000000048 574.7706933305514
    vertex 1918.2986072883252 185.0000000000001 574.7706933305515
  endloop
endfacet
facet normal -0.7071067811865981 1.486276026353552e-15 -0.7071067811864971
  outer loop
    vertex 1918.2986072883252 181.00000000000048 574.7706933305514
    vertex 1918.557446638533 185.0000000000001 574.5118539803433
    vertex 1918.557446638533 181.00000000000048 574.5118539803433
  endloop
endfacet
facet normal -0.5735764363510615 -2.7684388657208097e-15 -0.8191520442889809
  outer loop
    vertex 1918.2986072883252 185.0000000000001 574.7706933305515
    vertex 1917.9987533079834 181.00000000000057 574.9806533479489
    vertex 1917.9987533079834 185.0000000000002 574.9806533479489
  endloop
endfacet
facet normal -0.5735764363510615 -2.7684388657208097e-15 -0.8191520442889809
  outer loop
    vertex 1917.9987533079834 181.00000000000057 574.9806533479489
    vertex 1918.2986072883252 185.0000000000001 574.7706933305515
    vertex 1918.2986072883252 181.00000000000048 574.7706933305514
  endloop
endfacet
facet normal -0.4226182617406769 -6.939036143757665e-15 -0.9063077870366607
  outer loop
    vertex 1917.9987533079834 185.0000000000002 574.9806533479489
    vertex 1917.6669956089675 181.00000000000065 575.1353545036519
    vertex 1917.6669956089672 185.00000000000028 575.135354503652
  endloop
endfacet
facet normal -0.4226182617406769 -6.939036143757665e-15 -0.9063077870366607
  outer loop
    vertex 1917.6669956089675 181.00000000000065 575.1353545036519
    vertex 1917.9987533079834 185.0000000000002 574.9806533479489
    vertex 1917.9987533079834 181.00000000000057 574.9806533479489
  endloop
endfacet
facet normal -0.25881904510257486 -1.0898794319885333e-14 -0.9659258262890538
  outer loop
    vertex 1917.6669956089672 185.00000000000028 575.135354503652
    vertex 1917.3134144810842 181.00000000000065 575.2300962813272
    vertex 1917.3134144810838 185.00000000000028 575.2300962813276
  endloop
endfacet
facet normal -0.25881904510257486 -1.0898794319885333e-14 -0.9659258262890538
  outer loop
    vertex 1917.3134144810842 181.00000000000065 575.2300962813272
    vertex 1917.6669956089672 185.00000000000028 575.135354503652
    vertex 1917.6669956089675 181.00000000000065 575.1353545036519
  endloop
endfacet
facet normal -0.0871557427478051 1.3708788506249636e-14 -0.9961946980917327
  outer loop
    vertex 1882.3134144810838 185.00000000000009 613.73009628133
    vertex 1881.9487533079835 181.00000000000088 613.7620000000044
    vertex 1881.9487533079835 185.00000000000006 613.7620000000045
  endloop
endfacet
facet normal -0.0871557427478051 1.3708788506249636e-14 -0.9961946980917327
  outer loop
    vertex 1881.9487533079835 181.00000000000088 613.7620000000044
    vertex 1882.3134144810838 185.00000000000009 613.73009628133
    vertex 1882.3134144810838 181.00000000000082 613.7300962813297
  endloop
endfacet
facet normal 0.08715574274766288 5.8840506574924326e-15 -0.9961946980917451
  outer loop
    vertex 1881.9487533079835 185.00000000000006 613.7620000000045
    vertex 1881.584092134883 181.00000000000088 613.73009628133
    vertex 1881.584092134883 185.00000000000006 613.73009628133
  endloop
endfacet
facet normal 0.08715574274766288 5.8840506574924326e-15 -0.9961946980917451
  outer loop
    vertex 1881.584092134883 181.00000000000088 613.73009628133
    vertex 1881.9487533079835 185.00000000000006 613.7620000000045
    vertex 1881.9487533079835 181.00000000000088 613.7620000000044
  endloop
endfacet
facet normal 0.25881904510243703 -2.1194710930084634e-15 -0.9659258262890908
  outer loop
    vertex 1881.584092134883 185.00000000000006 613.73009628133
    vertex 1881.2305110069994 181.000000000001 613.6353545036545
    vertex 1881.2305110069994 185.00000000000009 613.635354503655
  endloop
endfacet
facet normal 0.25881904510243703 -2.1194710930084634e-15 -0.9659258262890908
  outer loop
    vertex 1881.2305110069994 181.000000000001 613.6353545036545
    vertex 1881.584092134883 185.00000000000006 613.73009628133
    vertex 1881.584092134883 181.00000000000088 613.73009628133
  endloop
endfacet
facet normal 0.422618261740453 -1.0058593786848303e-14 -0.9063077870367651
  outer loop
    vertex 1881.2305110069994 185.00000000000009 613.635354503655
    vertex 1880.8987533079833 181.000000000001 613.4806533479519
    vertex 1880.8987533079833 185.00000000000009 613.4806533479519
  endloop
endfacet
facet normal 0.422618261740453 -1.0058593786848303e-14 -0.9063077870367651
  outer loop
    vertex 1880.8987533079833 181.000000000001 613.4806533479519
    vertex 1881.2305110069994 185.00000000000009 613.635354503655
    vertex 1881.2305110069994 181.000000000001 613.6353545036545
  endloop
endfacet
facet normal 0.5735764363510604 -1.769209119838959e-14 -0.819152044288982
  outer loop
    vertex 1880.5988993276417 185.00000000000009 613.2706933305544
    vertex 1880.8987533079833 181.000000000001 613.4806533479519
    vertex 1880.5988993276414 181.000000000001 613.2706933305543
  endloop
endfacet
facet normal 0.5735764363510604 -1.769209119838959e-14 -0.819152044288982
  outer loop
    vertex 1880.8987533079833 181.000000000001 613.4806533479519
    vertex 1880.5988993276417 185.00000000000009 613.2706933305544
    vertex 1880.8987533079833 185.00000000000009 613.4806533479519
  endloop
endfacet
facet normal 0.7071067811864971 -2.4788023371481505e-14 -0.7071067811865981
  outer loop
    vertex 1880.3400599774336 185.0000000000002 613.0118539803462
    vertex 1880.5988993276414 181.000000000001 613.2706933305543
    vertex 1880.3400599774332 181.00000000000102 613.0118539803462
  endloop
endfacet
facet normal 0.7071067811864971 -2.4788023371481505e-14 -0.7071067811865981
  outer loop
    vertex 1880.5988993276414 181.000000000001 613.2706933305543
    vertex 1880.3400599774336 185.0000000000002 613.0118539803462
    vertex 1880.5988993276417 185.00000000000009 613.2706933305544
  endloop
endfacet
facet normal 0.8191520442889809 -3.1130783997781565e-14 -0.5735764363510615
  outer loop
    vertex 1880.3400599774332 181.00000000000102 613.0118539803462
    vertex 1880.130099960036 185.0000000000001 612.7120000000042
    vertex 1880.3400599774336 185.0000000000002 613.0118539803462
  endloop
endfacet
facet normal 0.8191520442889809 -3.1130783997781565e-14 -0.5735764363510615
  outer loop
    vertex 1880.130099960036 185.0000000000001 612.7120000000042
    vertex 1880.3400599774332 181.00000000000102 613.0118539803462
    vertex 1880.1300999600364 181.00000000000102 612.7120000000043
  endloop
endfacet
facet normal 0.9063077870366607 -3.652765150524499e-14 -0.4226182617406769
  outer loop
    vertex 1880.1300999600364 181.00000000000102 612.7120000000043
    vertex 1879.9753988043335 185.0000000000001 612.3802423009885
    vertex 1880.130099960036 185.0000000000001 612.7120000000042
  endloop
endfacet
facet normal 0.9063077870366607 -3.652765150524499e-14 -0.4226182617406769
  outer loop
    vertex 1879.9753988043335 185.0000000000001 612.3802423009885
    vertex 1880.1300999600364 181.00000000000102 612.7120000000043
    vertex 1879.9753988043335 181.00000000000102 612.3802423009882
  endloop
endfacet
facet normal 0.9659258262890538 -4.081464480560184e-14 -0.25881904510257486
  outer loop
    vertex 1879.9753988043335 181.00000000000102 612.3802423009882
    vertex 1879.8806570266581 185.0000000000001 612.0266611731053
    vertex 1879.9753988043335 185.0000000000001 612.3802423009885
  endloop
endfacet
facet normal 0.9659258262890538 -4.081464480560184e-14 -0.25881904510257486
  outer loop
    vertex 1879.8806570266581 185.0000000000001 612.0266611731053
    vertex 1879.9753988043335 181.00000000000102 612.3802423009882
    vertex 1879.8806570266581 181.00000000000094 612.0266611731049
  endloop
endfacet
facet normal 0.9961946980917327 -4.386150577674839e-14 -0.0871557427478051
  outer loop
    vertex 1879.8806570266581 181.00000000000094 612.0266611731049
    vertex 1879.8487533079838 185.00000000000014 611.6620000000047
    vertex 1879.8806570266581 185.0000000000001 612.0266611731053
  endloop
endfacet
facet normal 0.9961946980917327 -4.386150577674839e-14 -0.0871557427478051
  outer loop
    vertex 1879.8487533079838 185.00000000000014 611.6620000000047
    vertex 1879.8806570266581 181.00000000000094 612.0266611731049
    vertex 1879.8487533079838 181.00000000000105 611.6620000000044
  endloop
endfacet
facet normal 0.9961946980917451 -4.557565708986407e-14 0.08715574274766288
  outer loop
    vertex 1879.8487533079838 185.00000000000014 611.6620000000047
    vertex 1879.880657026658 181.00000000000108 611.2973388269039
    vertex 1879.8806570266581 185.00000000000026 611.2973388269043
  endloop
endfacet
facet normal 0.9961946980917451 -4.557565708986407e-14 0.08715574274766288
  outer loop
    vertex 1879.880657026658 181.00000000000108 611.2973388269039
    vertex 1879.8487533079838 185.00000000000014 611.6620000000047
    vertex 1879.8487533079838 181.00000000000105 611.6620000000044
  endloop
endfacet
facet normal 0.9659258262890908 -4.590501512469765e-14 0.25881904510243703
  outer loop
    vertex 1879.880657026658 181.00000000000108 611.2973388269039
    vertex 1879.9753988043335 185.00000000000017 610.9437576990207
    vertex 1879.8806570266581 185.00000000000026 611.2973388269043
  endloop
endfacet
facet normal 0.9659258262890908 -4.590501512469765e-14 0.25881904510243703
  outer loop
    vertex 1879.9753988043335 185.00000000000017 610.9437576990207
    vertex 1879.880657026658 181.00000000000108 611.2973388269039
    vertex 1879.975398804333 181.00000000000108 610.9437576990206
  endloop
endfacet
facet normal 0.9063077870367209 -4.4839572504027033e-14 0.42261826174054734
  outer loop
    vertex 1879.9753988043335 185.00000000000017 610.9437576990207
    vertex 1880.1300999600364 181.00000000000108 610.6120000000044
    vertex 1880.1300999600364 185.00000000000026 610.6120000000044
  endloop
endfacet
facet normal 0.9063077870367209 -4.4839572504027033e-14 0.42261826174054734
  outer loop
    vertex 1880.1300999600364 181.00000000000108 610.6120000000044
    vertex 1879.9753988043335 185.00000000000017 610.9437576990207
    vertex 1879.975398804333 181.00000000000108 610.9437576990206
  endloop
endfacet
facet normal 0.8191520442890631 -4.2411702162739116e-14 0.5735764363509446
  outer loop
    vertex 1880.1300999600364 181.00000000000108 610.6120000000044
    vertex 1880.3400599774338 185.00000000000017 610.3121460196627
    vertex 1880.1300999600364 185.00000000000026 610.6120000000044
  endloop
endfacet
facet normal 0.8191520442890631 -4.2411702162739116e-14 0.5735764363509446
  outer loop
    vertex 1880.3400599774338 185.00000000000017 610.3121460196627
    vertex 1880.1300999600364 181.00000000000108 610.6120000000044
    vertex 1880.3400599774336 181.00000000000097 610.3121460196626
  endloop
endfacet
facet normal 0.7071067811865981 -3.86951737125924e-14 0.7071067811864971
  outer loop
    vertex 1880.5988993276414 181.0000000000009 610.0533066694545
    vertex 1880.3400599774338 185.00000000000017 610.3121460196627
    vertex 1880.3400599774336 181.00000000000097 610.3121460196626
  endloop
endfacet
facet normal 0.7071067811865981 -3.86951737125924e-14 0.7071067811864971
  outer loop
    vertex 1880.3400599774338 185.00000000000017 610.3121460196627
    vertex 1880.5988993276414 181.0000000000009 610.0533066694545
    vertex 1880.5988993276421 185.00000000000017 610.0533066694545
  endloop
endfacet
facet normal 0.5735764363510615 -3.380291198989052e-14 0.8191520442889809
  outer loop
    vertex 1880.8987533079828 181.00000000000102 609.8433466520572
    vertex 1880.5988993276421 185.00000000000017 610.0533066694545
    vertex 1880.5988993276414 181.0000000000009 610.0533066694545
  endloop
endfacet
facet normal 0.5735764363510615 -3.380291198989052e-14 0.8191520442889809
  outer loop
    vertex 1880.5988993276421 185.00000000000017 610.0533066694545
    vertex 1880.8987533079828 181.00000000000102 609.8433466520572
    vertex 1880.8987533079835 185.0000000000002 609.8433466520573
  endloop
endfacet
facet normal 0.4226182617406769 -2.78835658914743e-14 0.9063077870366607
  outer loop
    vertex 1881.2305110069992 181.00000000000102 609.6886454963536
    vertex 1880.8987533079835 185.0000000000002 609.8433466520573
    vertex 1880.8987533079828 181.00000000000102 609.8433466520572
  endloop
endfacet
facet normal 0.4226182617406769 -2.78835658914743e-14 0.9063077870366607
  outer loop
    vertex 1880.8987533079835 185.0000000000002 609.8433466520573
    vertex 1881.2305110069992 181.00000000000102 609.6886454963536
    vertex 1881.2305110069992 185.0000000000002 609.6886454963541
  endloop
endfacet
facet normal 0.25881904510257486 -2.111699175321546e-14 0.9659258262890538
  outer loop
    vertex 1881.5840921348824 181.00000000000102 609.5939037186786
    vertex 1881.2305110069992 185.0000000000002 609.6886454963541
    vertex 1881.2305110069992 181.00000000000102 609.6886454963536
  endloop
endfacet
facet normal 0.25881904510257486 -2.111699175321546e-14 0.9659258262890538
  outer loop
    vertex 1881.2305110069992 185.0000000000002 609.6886454963541
    vertex 1881.5840921348824 181.00000000000102 609.5939037186786
    vertex 1881.5840921348824 185.0000000000002 609.5939037186787
  endloop
endfacet
facet normal 0.0871557427478051 -1.3708788506249636e-14 0.9961946980917327
  outer loop
    vertex 1881.948753307983 181.00000000000102 609.5620000000042
    vertex 1881.5840921348824 185.0000000000002 609.5939037186787
    vertex 1881.5840921348824 181.00000000000102 609.5939037186786
  endloop
endfacet
facet normal 0.0871557427478051 -1.3708788506249636e-14 0.9961946980917327
  outer loop
    vertex 1881.5840921348824 185.0000000000002 609.5939037186787
    vertex 1881.948753307983 181.00000000000102 609.5620000000042
    vertex 1881.948753307983 185.0000000000002 609.5620000000043
  endloop
endfacet
facet normal -0.08715574274766288 -5.8840506574924326e-15 0.9961946980917451
  outer loop
    vertex 1882.3134144810836 181.00000000000094 609.5939037186783
    vertex 1881.948753307983 185.0000000000002 609.5620000000043
    vertex 1881.948753307983 181.00000000000102 609.5620000000042
  endloop
endfacet
facet normal -0.08715574274766288 -5.8840506574924326e-15 0.9961946980917451
  outer loop
    vertex 1881.948753307983 185.0000000000002 609.5620000000043
    vertex 1882.3134144810836 181.00000000000094 609.5939037186783
    vertex 1882.3134144810836 185.0000000000001 609.5939037186787
  endloop
endfacet
facet normal -0.25881904510243703 2.1194710930084634e-15 0.9659258262890908
  outer loop
    vertex 1882.6669956089668 181.00000000000094 609.6886454963537
    vertex 1882.3134144810836 185.0000000000001 609.5939037186787
    vertex 1882.3134144810836 181.00000000000094 609.5939037186783
  endloop
endfacet
facet normal -0.25881904510243703 2.1194710930084634e-15 0.9659258262890908
  outer loop
    vertex 1882.3134144810836 185.0000000000001 609.5939037186787
    vertex 1882.6669956089668 181.00000000000094 609.6886454963537
    vertex 1882.6669956089668 185.0000000000001 609.6886454963536
  endloop
endfacet
facet normal -0.422618261740453 1.0058593786848303e-14 0.9063077870367651
  outer loop
    vertex 1882.9987533079832 181.00000000000094 609.8433466520571
    vertex 1882.6669956089668 185.0000000000001 609.6886454963536
    vertex 1882.6669956089668 181.00000000000094 609.6886454963537
  endloop
endfacet
facet normal -0.422618261740453 1.0058593786848303e-14 0.9063077870367651
  outer loop
    vertex 1882.6669956089668 185.0000000000001 609.6886454963536
    vertex 1882.9987533079832 181.00000000000094 609.8433466520571
    vertex 1882.9987533079839 185.0000000000001 609.8433466520571
  endloop
endfacet
facet normal -0.5735764363510604 1.769209119838959e-14 0.819152044288982
  outer loop
    vertex 1883.2986072883245 181.0000000000009 610.0533066694543
    vertex 1882.9987533079839 185.0000000000001 609.8433466520571
    vertex 1882.9987533079832 181.00000000000094 609.8433466520571
  endloop
endfacet
facet normal -0.5735764363510604 1.769209119838959e-14 0.819152044288982
  outer loop
    vertex 1882.9987533079839 185.0000000000001 609.8433466520571
    vertex 1883.2986072883245 181.0000000000009 610.0533066694543
    vertex 1883.2986072883252 185.0 610.0533066694544
  endloop
endfacet
facet normal -0.7071067811864971 2.4788023371481505e-14 0.7071067811865981
  outer loop
    vertex 1883.5574466385335 181.0000000000009 610.3121460196622
    vertex 1883.2986072883252 185.0 610.0533066694544
    vertex 1883.2986072883245 181.0000000000009 610.0533066694543
  endloop
endfacet
facet normal -0.7071067811864971 2.4788023371481505e-14 0.7071067811865981
  outer loop
    vertex 1883.2986072883252 185.0 610.0533066694544
    vertex 1883.5574466385335 181.0000000000009 610.3121460196622
    vertex 1883.5574466385335 185.0 610.3121460196625
  endloop
endfacet
facet normal -0.8191520442889809 3.1130783997781565e-14 0.5735764363510615
  outer loop
    vertex 1883.5574466385335 185.0 610.3121460196625
    vertex 1883.767406655931 181.00000000000088 610.612000000004
    vertex 1883.767406655931 185.00000000000006 610.6120000000043
  endloop
endfacet
facet normal -0.8191520442889809 3.1130783997781565e-14 0.5735764363510615
  outer loop
    vertex 1883.767406655931 181.00000000000088 610.612000000004
    vertex 1883.5574466385335 185.0 610.3121460196625
    vertex 1883.5574466385335 181.0000000000009 610.3121460196622
  endloop
endfacet
facet normal -0.9063077870366607 3.652765150524499e-14 0.4226182617406769
  outer loop
    vertex 1883.767406655931 181.00000000000088 610.612000000004
    vertex 1883.922107811634 184.99999999999997 610.94375769902
    vertex 1883.767406655931 185.00000000000006 610.6120000000043
  endloop
endfacet
facet normal -0.9063077870366607 3.652765150524499e-14 0.4226182617406769
  outer loop
    vertex 1883.922107811634 184.99999999999997 610.94375769902
    vertex 1883.767406655931 181.00000000000088 610.612000000004
    vertex 1883.922107811634 181.00000000000088 610.9437576990205
  endloop
endfacet
facet normal -0.9659258262890538 4.081464480560184e-14 0.25881904510257486
  outer loop
    vertex 1883.922107811634 184.99999999999997 610.94375769902
    vertex 1884.0168495893092 181.00000000000088 611.2973388269038
    vertex 1884.0168495893092 185.00000000000006 611.2973388269033
  endloop
endfacet
facet normal -0.9659258262890538 4.081464480560184e-14 0.25881904510257486
  outer loop
    vertex 1884.0168495893092 181.00000000000088 611.2973388269038
    vertex 1883.922107811634 184.99999999999997 610.94375769902
    vertex 1883.922107811634 181.00000000000088 610.9437576990205
  endloop
endfacet
facet normal -0.9961946980917327 4.386150577674839e-14 0.0871557427478051
  outer loop
    vertex 1884.0168495893092 181.00000000000088 611.2973388269038
    vertex 1884.048753307984 185.00000000000006 611.6620000000039
    vertex 1884.0168495893092 185.00000000000006 611.2973388269033
  endloop
endfacet
facet normal -0.9961946980917327 4.386150577674839e-14 0.0871557427478051
  outer loop
    vertex 1884.048753307984 185.00000000000006 611.6620000000039
    vertex 1884.0168495893092 181.00000000000088 611.2973388269038
    vertex 1884.0487533079836 181.00000000000088 611.6620000000044
  endloop
endfacet
facet normal -0.9961946980917451 4.557565708986407e-14 -0.08715574274766288
  outer loop
    vertex 1884.0487533079836 181.00000000000088 611.6620000000044
    vertex 1884.0168495893095 184.99999999999994 612.0266611731043
    vertex 1884.048753307984 185.00000000000006 611.6620000000039
  endloop
endfacet
facet normal -0.9961946980917451 4.557565708986407e-14 -0.08715574274766288
  outer loop
    vertex 1884.0168495893095 184.99999999999994 612.0266611731043
    vertex 1884.0487533079836 181.00000000000088 611.6620000000044
    vertex 1884.0168495893092 181.00000000000085 612.0266611731048
  endloop
endfacet
facet normal -0.9659258262890908 4.590501512469765e-14 -0.25881904510243703
  outer loop
    vertex 1884.0168495893095 184.99999999999994 612.0266611731043
    vertex 1883.922107811634 181.00000000000085 612.3802423009881
    vertex 1883.9221078116343 185.00000000000003 612.3802423009877
  endloop
endfacet
facet normal -0.9659258262890908 4.590501512469765e-14 -0.25881904510243703
  outer loop
    vertex 1883.922107811634 181.00000000000085 612.3802423009881
    vertex 1884.0168495893095 184.99999999999994 612.0266611731043
    vertex 1884.0168495893092 181.00000000000085 612.0266611731048
  endloop
endfacet
facet normal -0.9063077870367651 4.483957250402809e-14 -0.422618261740453
  outer loop
    vertex 1883.922107811634 181.00000000000085 612.3802423009881
    vertex 1883.7674066559307 184.99999999999994 612.7120000000042
    vertex 1883.9221078116343 185.00000000000003 612.3802423009877
  endloop
endfacet
facet normal -0.9063077870367651 4.483957250402809e-14 -0.422618261740453
  outer loop
    vertex 1883.7674066559307 184.99999999999994 612.7120000000042
    vertex 1883.922107811634 181.00000000000085 612.3802423009881
    vertex 1883.767406655931 181.00000000000085 612.7120000000039
  endloop
endfacet
facet normal -0.819152044288982 4.2411702162736655e-14 -0.5735764363510604
  outer loop
    vertex 1883.7674066559307 184.99999999999994 612.7120000000042
    vertex 1883.557446638533 181.00000000000085 613.0118539803459
    vertex 1883.557446638533 185.00000000000003 613.0118539803461
  endloop
endfacet
facet normal -0.819152044288982 4.2411702162736655e-14 -0.5735764363510604
  outer loop
    vertex 1883.557446638533 181.00000000000085 613.0118539803459
    vertex 1883.7674066559307 184.99999999999994 612.7120000000042
    vertex 1883.767406655931 181.00000000000085 612.7120000000039
  endloop
endfacet
facet normal -0.7071067811865981 3.86951737125924e-14 -0.7071067811864971
  outer loop
    vertex 1883.557446638533 185.00000000000003 613.0118539803461
    vertex 1883.298607288325 181.00000000000094 613.2706933305542
    vertex 1883.298607288325 185.0000000000001 613.2706933305542
  endloop
endfacet
facet normal -0.7071067811865981 3.86951737125924e-14 -0.7071067811864971
  outer loop
    vertex 1883.298607288325 181.00000000000094 613.2706933305542
    vertex 1883.557446638533 185.00000000000003 613.0118539803461
    vertex 1883.557446638533 181.00000000000085 613.0118539803459
  endloop
endfacet
facet normal -0.5735764363511773 3.380291198989491e-14 -0.8191520442888999
  outer loop
    vertex 1882.9987533079834 185.00000000000009 613.4806533479518
    vertex 1883.298607288325 181.00000000000094 613.2706933305542
    vertex 1882.9987533079832 181.00000000000082 613.4806533479517
  endloop
endfacet
facet normal -0.5735764363511773 3.380291198989491e-14 -0.8191520442888999
  outer loop
    vertex 1883.298607288325 181.00000000000094 613.2706933305542
    vertex 1882.9987533079834 185.00000000000009 613.4806533479518
    vertex 1883.298607288325 185.0000000000001 613.2706933305542
  endloop
endfacet
facet normal -0.4226182617405825 2.788356589147049e-14 -0.9063077870367047
  outer loop
    vertex 1882.9987533079834 185.00000000000009 613.4806533479518
    vertex 1882.6669956089672 181.00000000000082 613.6353545036546
    vertex 1882.6669956089672 185.00000000000009 613.6353545036545
  endloop
endfacet
facet normal -0.4226182617405825 2.788356589147049e-14 -0.9063077870367047
  outer loop
    vertex 1882.6669956089672 181.00000000000082 613.6353545036546
    vertex 1882.9987533079834 185.00000000000009 613.4806533479518
    vertex 1882.9987533079832 181.00000000000082 613.4806533479517
  endloop
endfacet
facet normal -0.25881904510257486 2.111699175321546e-14 -0.9659258262890538
  outer loop
    vertex 1882.6669956089672 185.00000000000009 613.6353545036545
    vertex 1882.3134144810838 181.00000000000082 613.7300962813297
    vertex 1882.3134144810838 185.00000000000009 613.73009628133
  endloop
endfacet
facet normal -0.25881904510257486 2.111699175321546e-14 -0.9659258262890538
  outer loop
    vertex 1882.3134144810838 181.00000000000082 613.7300962813297
    vertex 1882.6669956089672 185.00000000000009 613.6353545036545
    vertex 1882.6669956089672 181.00000000000082 613.6353545036546
  endloop
endfacet
facet normal 0.5735764363508113 8.030485425493537e-08 -0.8191520442891524
  outer loop
    vertex 1892.1737516313349 195.84982725122885 571.6203647796641
    vertex 1891.8096448716956 184.10000491781173 571.3654133299682
    vertex 1891.8096432266339 195.84982725122885 571.3654133299672
  endloop
endfacet
facet normal 0.5735764363508113 8.030485425493537e-08 -0.8191520442891524
  outer loop
    vertex 1891.8096448716956 184.10000491781173 571.3654133299682
    vertex 1892.1737516313349 195.84982725122885 571.6203647796641
    vertex 1892.1737532763964 184.10000491781173 571.6203647796651
  endloop
endfacet
facet normal 0.707106781185986 9.900009228075921e-08 -0.7071067811871021
  outer loop
    vertex 1891.8096432266339 195.84982725122885 571.3654133299672
    vertex 1891.4953399464425 184.10000491781173 571.0511084047158
    vertex 1891.495338301381 195.84982725122885 571.0511084047147
  endloop
endfacet
facet normal 0.707106781185986 9.900009228075921e-08 -0.7071067811871021
  outer loop
    vertex 1891.4953399464425 184.10000491781173 571.0511084047158
    vertex 1891.8096432266339 195.84982725122885 571.3654133299672
    vertex 1891.8096448716956 184.10000491781173 571.3654133299682
  endloop
endfacet
facet normal 0.8191520442890486 1.1468724058187762e-07 -0.5735764363509537
  outer loop
    vertex 1891.4953399464425 184.10000491781173 571.0511084047158
    vertex 1891.2403868516844 195.84982725122885 570.687000000014
    vertex 1891.495338301381 195.84982725122885 571.0511084047147
  endloop
endfacet
facet normal 0.8191520442890486 1.1468724058187762e-07 -0.5735764363509537
  outer loop
    vertex 1891.2403868516844 195.84982725122885 570.687000000014
    vertex 1891.4953399464425 184.10000491781173 571.0511084047158
    vertex 1891.2403884967455 184.10000491781173 570.6870000000149
  endloop
endfacet
facet normal 0.9063077870365115 1.2688970007991204e-07 -0.42261826174097755
  outer loop
    vertex 1891.2403868516844 195.84982725122885 570.687000000014
    vertex 1891.0525370933917 184.10000491781184 570.2841513654954
    vertex 1891.0525354483304 195.84982725122896 570.2841513654945
  endloop
endfacet
facet normal 0.9063077870365115 1.2688970007991204e-07 -0.42261826174097755
  outer loop
    vertex 1891.0525370933917 184.10000491781184 570.2841513654954
    vertex 1891.2403868516844 195.84982725122885 570.687000000014
    vertex 1891.2403884967455 184.10000491781173 570.6870000000149
  endloop
endfacet
facet normal 0.9659258262889783 1.3523668869473114e-07 -0.2588190451028213
  outer loop
    vertex 1891.0525370933917 184.10000491781184 570.2841513654954
    vertex 1890.9374918611531 195.8498272512289 569.8548028530646
    vertex 1891.0525354483304 195.84982725122896 570.2841513654945
  endloop
endfacet
facet normal 0.9659258262889783 1.3523668869473114e-07 -0.2588190451028213
  outer loop
    vertex 1890.9374918611531 195.8498272512289 569.8548028530646
    vertex 1891.0525370933917 184.10000491781184 570.2841513654954
    vertex 1890.9374935062147 184.1000049178118 569.8548028530658
  endloop
endfacet
facet normal 0.9961946980917601 1.3947456761199003e-07 -0.08715574274738117
  outer loop
    vertex 1890.9374935062147 184.1000049178118 569.8548028530658
    vertex 1890.8987516313346 195.8498272512289 569.4120000000139
    vertex 1890.9374918611531 195.8498272512289 569.8548028530646
  endloop
endfacet
facet normal 0.9961946980917601 1.3947456761199003e-07 -0.08715574274738117
  outer loop
    vertex 1890.8987516313346 195.8498272512289 569.4120000000139
    vertex 1890.9374935062147 184.1000049178118 569.8548028530658
    vertex 1890.8987532763958 184.1000049178118 569.412000000015
  endloop
endfacet
facet normal 0.9961946980917725 1.3947458435704138e-07 0.08715574274723895
  outer loop
    vertex 1890.8987532763958 184.1000049178118 569.412000000015
    vertex 1890.9374918611531 195.8498272512289 568.9691971469632
    vertex 1890.8987516313346 195.8498272512289 569.4120000000139
  endloop
endfacet
facet normal 0.9961946980917725 1.3947458435704138e-07 0.08715574274723895
  outer loop
    vertex 1890.9374918611531 195.8498272512289 568.9691971469632
    vertex 1890.8987532763958 184.1000049178118 569.412000000015
    vertex 1890.9374935062147 184.1000049178118 568.9691971469643
  endloop
endfacet
facet normal 0.9659258262890895 1.3523671961030094e-07 0.25881904510240616
  outer loop
    vertex 1890.9374935062147 184.1000049178118 568.9691971469643
    vertex 1891.05253544833 195.84982725122893 568.5398486345337
    vertex 1890.9374918611531 195.8498272512289 568.9691971469632
  endloop
endfacet
facet normal 0.9659258262890895 1.3523671961030094e-07 0.25881904510240616
  outer loop
    vertex 1891.05253544833 195.84982725122893 568.5398486345337
    vertex 1890.9374935062147 184.1000049178118 568.9691971469643
    vertex 1891.0525370933915 184.10000491781182 568.5398486345346
  endloop
endfacet
facet normal 0.9063077870365719 1.268897682959174e-07 0.4226182617408481
  outer loop
    vertex 1891.05253544833 195.84982725122893 568.5398486345337
    vertex 1891.240388496745 184.10000491781202 568.1370000000151
    vertex 1891.2403868516835 195.84982725122913 568.1370000000142
  endloop
endfacet
facet normal 0.9063077870365719 1.268897682959174e-07 0.4226182617408481
  outer loop
    vertex 1891.240388496745 184.10000491781202 568.1370000000151
    vertex 1891.05253544833 195.84982725122893 568.5398486345337
    vertex 1891.0525370933915 184.10000491781182 568.5398486345346
  endloop
endfacet
facet normal 0.8191520442889969 1.1468734197372582e-07 0.5735764363510273
  outer loop
    vertex 1891.240388496745 184.10000491781202 568.1370000000151
    vertex 1891.4953383013808 195.84982725122904 567.7728915953135
    vertex 1891.2403868516835 195.84982725122913 568.1370000000142
  endloop
endfacet
facet normal 0.8191520442889969 1.1468734197372582e-07 0.5735764363510273
  outer loop
    vertex 1891.4953383013808 195.84982725122904 567.7728915953135
    vertex 1891.240388496745 184.10000491781202 568.1370000000151
    vertex 1891.4953399464418 184.10000491781193 567.7728915953146
  endloop
endfacet
facet normal 0.7071067811868991 9.90002064165841e-08 0.7071067811861892
  outer loop
    vertex 1891.4953399464418 184.10000491781193 567.7728915953146
    vertex 1891.8096432266332 195.84982725122876 567.4585866700605
    vertex 1891.4953383013808 195.84982725122904 567.7728915953135
  endloop
endfacet
facet normal 0.7071067811868991 9.90002064165841e-08 0.7071067811861892
  outer loop
    vertex 1891.8096432266332 195.84982725122876 567.4585866700605
    vertex 1891.4953399464418 184.10000491781193 567.7728915953146
    vertex 1891.8096448716944 184.10000491781184 567.4585866700619
  endloop
endfacet
facet normal 0.5735764363510645 8.030500534756669e-08 0.8191520442889749
  outer loop
    vertex 1891.8096448716944 184.10000491781184 567.4585866700619
    vertex 1892.1737516313337 195.8498272512288 567.2036352203636
    vertex 1891.8096432266332 195.84982725122876 567.4585866700605
  endloop
endfacet
facet normal 0.5735764363510645 8.030500534756669e-08 0.8191520442889749
  outer loop
    vertex 1892.1737516313337 195.8498272512288 567.2036352203636
    vertex 1891.8096448716944 184.10000491781184 567.4585866700619
    vertex 1892.1737532763955 184.10000491781184 567.2036352203646
  endloop
endfacet
facet normal 0.9659258262889872 -2.5145777943422235e-14 -0.25881904510282366
  outer loop
    vertex 1890.5525370933938 184.10000491781108 596.0341513654953
    vertex 1890.4374935062165 195.85000491781292 595.6048028530643
    vertex 1890.5525370933938 195.8500049178129 596.0341513654939
  endloop
endfacet
facet normal 0.9659258262889872 -2.5145777943422235e-14 -0.25881904510282366
  outer loop
    vertex 1890.4374935062165 195.85000491781292 595.6048028530643
    vertex 1890.5525370933938 184.10000491781108 596.0341513654953
    vertex 1890.4374935062165 184.1000049178112 595.6048028530654
  endloop
endfacet
facet normal 0.9961946980917697 -6.6135888796402215e-15 -0.08715574274738201
  outer loop
    vertex 1890.4374935062165 184.1000049178112 595.6048028530654
    vertex 1890.3987532763979 195.85000491781278 595.1620000000136
    vertex 1890.4374935062165 195.85000491781292 595.6048028530643
  endloop
endfacet
facet normal 0.9961946980917697 -6.6135888796402215e-15 -0.08715574274738201
  outer loop
    vertex 1890.3987532763979 195.85000491781278 595.1620000000136
    vertex 1890.4374935062165 184.1000049178112 595.6048028530654
    vertex 1890.3987532763979 184.10000491781094 595.1620000000146
  endloop
endfacet
facet normal 0.42261826174057443 5.9169757383944046e-08 0.9063077870367062
  outer loop
    vertex 1892.1737532763955 184.10000491781184 567.2036352203646
    vertex 1892.5766002658531 195.84982725122887 567.01578381701
    vertex 1892.1737516313337 195.8498272512288 567.2036352203636
  endloop
endfacet
facet normal 0.42261826174057443 5.9169757383944046e-08 0.9063077870367062
  outer loop
    vertex 1892.5766002658531 195.84982725122887 567.01578381701
    vertex 1892.1737532763955 184.10000491781184 567.2036352203646
    vertex 1892.5766019109153 184.10000491781196 567.0157838170109
  endloop
endfacet
facet normal 0.2588190451051473 3.6236583351762954e-08 0.965925826288364
  outer loop
    vertex 1892.5766019109153 184.10000491781196 567.0157838170109
    vertex 1893.005948778283 195.8498272512289 566.9007402298325
    vertex 1892.5766002658531 195.84982725122887 567.01578381701
  endloop
endfacet
facet normal 0.2588190451051473 3.6236583351762954e-08 0.965925826288364
  outer loop
    vertex 1893.005948778283 195.8498272512289 566.9007402298325
    vertex 1892.5766019109153 184.10000491781196 567.0157838170109
    vertex 1893.005950423345 184.10000491781196 566.9007402298316
  endloop
endfacet
facet normal 0.08715574274718058 1.2202366657878473e-08 0.9961946980917874
  outer loop
    vertex 1893.005950423345 184.10000491781196 566.9007402298316
    vertex 1893.4487516313338 195.84982725122882 566.862000000014
    vertex 1893.005948778283 195.8498272512289 566.9007402298325
  endloop
endfacet
facet normal 0.08715574274718058 1.2202366657878473e-08 0.9961946980917874
  outer loop
    vertex 1893.4487516313338 195.84982725122882 566.862000000014
    vertex 1893.005950423345 184.10000491781196 566.9007402298316
    vertex 1893.4487532763956 184.10000491781187 566.8620000000129
  endloop
endfacet
facet normal -0.0871557427472398 -1.2202534845411852e-08 0.9961946980917822
  outer loop
    vertex 1893.4487532763956 184.10000491781187 566.8620000000129
    vertex 1893.8915544843846 195.8498272512289 566.9007402298326
    vertex 1893.4487516313338 195.84982725122882 566.862000000014
  endloop
endfacet
facet normal -0.0871557427472398 -1.2202534845411852e-08 0.9961946980917822
  outer loop
    vertex 1893.8915544843846 195.8498272512289 566.9007402298326
    vertex 1893.4487532763956 184.10000491781187 566.8620000000129
    vertex 1893.8915561294464 184.1000049178118 566.9007402298316
  endloop
endfacet
facet normal -0.25881904510254705 -3.6236657408969075e-08 0.9659258262890608
  outer loop
    vertex 1893.8915561294464 184.1000049178118 566.9007402298316
    vertex 1894.320902996814 195.84982725122887 567.0157838170096
    vertex 1893.8915544843846 195.8498272512289 566.9007402298326
  endloop
endfacet
facet normal -0.25881904510254705 -3.6236657408969075e-08 0.9659258262890608
  outer loop
    vertex 1894.320902996814 195.84982725122887 567.0157838170096
    vertex 1893.8915561294464 184.1000049178118 566.9007402298316
    vertex 1894.3209046418763 184.10000491781176 567.0157838170088
  endloop
endfacet
facet normal -0.422618261740445 -5.9169757264278e-08 0.9063077870367666
  outer loop
    vertex 1894.3209046418763 184.10000491781176 567.0157838170088
    vertex 1894.723751631334 195.84982725122887 567.2036352203634
    vertex 1894.320902996814 195.84982725122887 567.0157838170096
  endloop
endfacet
facet normal -0.422618261740445 -5.9169757264278e-08 0.9063077870367666
  outer loop
    vertex 1894.723751631334 195.84982725122887 567.2036352203634
    vertex 1894.3209046418763 184.10000491781176 567.0157838170088
    vertex 1894.7237532763957 184.10000491781176 567.2036352203623
  endloop
endfacet
facet normal -0.5735764363517105 -8.030500524156907e-08 0.8191520442885227
  outer loop
    vertex 1894.7237532763957 184.10000491781176 567.2036352203623
    vertex 1895.0878600360343 195.8498272512288 567.4585866700605
    vertex 1894.723751631334 195.84982725122887 567.2036352203634
  endloop
endfacet
facet normal -0.5735764363517105 -8.030500524156907e-08 0.8191520442885227
  outer loop
    vertex 1895.0878600360343 195.8498272512288 567.4585866700605
    vertex 1894.7237532763957 184.10000491781176 567.2036352203623
    vertex 1895.0878616810958 184.10000491781167 567.4585866700593
  endloop
endfacet
facet normal -0.7071067811863921 -9.900020089351426e-08 0.7071067811866961
  outer loop
    vertex 1895.0878616810958 184.10000491781167 567.4585866700593
    vertex 1895.4021649612873 195.84982725122885 567.7728915953132
    vertex 1895.0878600360343 195.8498272512288 567.4585866700605
  endloop
endfacet
facet normal -0.7071067811863921 -9.900020089351426e-08 0.7071067811866961
  outer loop
    vertex 1895.4021649612873 195.84982725122885 567.7728915953132
    vertex 1895.0878616810958 184.10000491781167 567.4585866700593
    vertex 1895.4021666063484 184.10000491781173 567.7728915953121
  endloop
endfacet
facet normal -0.8191520442889151 -1.1468733749355648e-07 0.5735764363511444
  outer loop
    vertex 1895.4021666063484 184.10000491781173 567.7728915953121
    vertex 1895.6571164109841 195.84982725122885 568.1370000000137
    vertex 1895.4021649612873 195.84982725122885 567.7728915953132
  endloop
endfacet
facet normal -0.8191520442889151 -1.1468733749355648e-07 0.5735764363511444
  outer loop
    vertex 1895.6571164109841 195.84982725122885 568.1370000000137
    vertex 1895.4021666063484 184.10000491781173 567.7728915953121
    vertex 1895.6571180560456 184.10000491781173 568.1370000000128
  endloop
endfacet
facet normal -0.9063077870365478 -1.268897682404143e-07 0.4226182617408998
  outer loop
    vertex 1895.6571180560456 184.10000491781173 568.1370000000128
    vertex 1895.8449678143381 195.84982725122876 568.5398486345333
    vertex 1895.6571164109841 195.84982725122885 568.1370000000137
  endloop
endfacet
facet normal -0.9063077870365478 -1.268897682404143e-07 0.4226182617408998
  outer loop
    vertex 1895.8449678143381 195.84982725122876 568.5398486345333
    vertex 1895.6571180560456 184.10000491781173 568.1370000000128
    vertex 1895.8449694593996 184.10000491781165 568.5398486345323
  endloop
endfacet
facet normal -0.965925826289039 -1.3523671957692703e-07 0.25881904510259485
  outer loop
    vertex 1895.8449678143381 195.84982725122876 568.5398486345333
    vertex 1895.9600130465767 184.10000491781173 568.9691971469618
    vertex 1895.9600114015152 195.84982725122885 568.9691971469628
  endloop
endfacet
facet normal -0.965925826289039 -1.3523671957692703e-07 0.25881904510259485
  outer loop
    vertex 1895.9600130465767 184.10000491781173 568.9691971469618
    vertex 1895.8449678143381 195.84982725122876 568.5398486345333
    vertex 1895.8449694593996 184.10000491781165 568.5398486345323
  endloop
endfacet
facet normal 0.5735764363507314 -7.45332137065205e-14 -0.8191520442892122
  outer loop
    vertex 1891.6737532763975 195.85000491781287 597.3703647796636
    vertex 1891.3096448716967 184.10000491781096 597.1154133299679
    vertex 1891.3096448716967 195.85000491781278 597.1154133299669
  endloop
endfacet
facet normal 0.5735764363507314 -7.45332137065205e-14 -0.8191520442892122
  outer loop
    vertex 1891.3096448716967 184.10000491781096 597.1154133299679
    vertex 1891.6737532763975 195.85000491781287 597.3703647796636
    vertex 1891.6737532763975 184.10000491781105 597.3703647796648
  endloop
endfacet
facet normal 0.7071067811870045 -5.038819917494712e-14 -0.7071067811860905
  outer loop
    vertex 1891.3096448716967 184.10000491781096 597.1154133299679
    vertex 1890.9953399464443 195.85000491781273 596.8011084047142
    vertex 1891.3096448716967 195.85000491781278 597.1154133299669
  endloop
endfacet
facet normal 0.7071067811870045 -5.038819917494712e-14 -0.7071067811860905
  outer loop
    vertex 1890.9953399464443 195.85000491781273 596.8011084047142
    vertex 1891.3096448716967 184.10000491781096 597.1154133299679
    vertex 1890.9953399464448 184.10000491781088 596.8011084047155
  endloop
endfacet
facet normal 0.8191520442886057 -4.1069992644772486e-14 -0.5735764363515976
  outer loop
    vertex 1890.9953399464448 184.10000491781088 596.8011084047155
    vertex 1890.7403884967473 195.85000491781273 596.4370000000135
    vertex 1890.9953399464443 195.85000491781273 596.8011084047142
  endloop
endfacet
facet normal 0.8191520442886057 -4.1069992644772486e-14 -0.5735764363515976
  outer loop
    vertex 1890.7403884967473 195.85000491781273 596.4370000000135
    vertex 1890.9953399464448 184.10000491781088 596.8011084047155
    vertex 1890.7403884967473 184.10000491781096 596.4370000000147
  endloop
endfacet
facet normal 0.9063077870367107 -4.224388284884618e-14 -0.4226182617405697
  outer loop
    vertex 1890.7403884967473 195.85000491781273 596.4370000000135
    vertex 1890.5525370933938 184.10000491781108 596.0341513654953
    vertex 1890.5525370933938 195.8500049178129 596.0341513654939
  endloop
endfacet
facet normal 0.9063077870367107 -4.224388284884618e-14 -0.4226182617405697
  outer loop
    vertex 1890.5525370933938 184.10000491781108 596.0341513654953
    vertex 1890.7403884967473 195.85000491781273 596.4370000000135
    vertex 1890.7403884967473 184.10000491781096 596.4370000000147
  endloop
endfacet
facet normal -0.9961946980916992 -9.450780071359662e-15 0.08715574274818792
  outer loop
    vertex 1895.4600130465785 184.10000491781102 594.7191971469614
    vertex 1895.4987532763978 195.85000491781278 595.1620000000132
    vertex 1895.4600130465785 195.85000491781278 594.7191971469624
  endloop
endfacet
facet normal -0.9961946980916992 -9.450780071359662e-15 0.08715574274818792
  outer loop
    vertex 1895.4987532763978 195.85000491781278 595.1620000000132
    vertex 1895.4600130465785 184.10000491781102 594.7191971469614
    vertex 1895.4987532763978 184.10000491781094 595.1620000000121
  endloop
endfacet
facet normal -0.9961946980917117 5.933156110292113e-15 -0.0871557427480457
  outer loop
    vertex 1895.4987532763978 184.10000491781094 595.1620000000121
    vertex 1895.4600130465785 195.85000491781278 595.6048028530639
    vertex 1895.4987532763978 195.85000491781278 595.1620000000132
  endloop
endfacet
facet normal -0.9961946980917117 5.933156110292113e-15 -0.0871557427480457
  outer loop
    vertex 1895.4600130465785 195.85000491781278 595.6048028530639
    vertex 1895.4987532763978 184.10000491781094 595.1620000000121
    vertex 1895.4600130465785 184.10000491781102 595.6048028530629
  endloop
endfacet
facet normal -0.9659258262892407 2.1136041447523532e-14 -0.2588190451018775
  outer loop
    vertex 1895.4600130465785 184.10000491781102 595.6048028530629
    vertex 1895.344969459402 195.85000491781275 596.0341513654938
    vertex 1895.4600130465785 195.85000491781278 595.6048028530639
  endloop
endfacet
facet normal -0.9659258262892407 2.1136041447523532e-14 -0.2588190451018775
  outer loop
    vertex 1895.344969459402 195.85000491781275 596.0341513654938
    vertex 1895.4600130465785 184.10000491781102 595.6048028530629
    vertex 1895.344969459402 184.1000049178109 596.0341513654928
  endloop
endfacet
facet normal -0.9063077870364236 3.5697488853327325e-14 -0.42261826174118494
  outer loop
    vertex 1895.344969459402 184.1000049178109 596.0341513654928
    vertex 1895.157118056048 195.85000491781273 596.4370000000133
    vertex 1895.344969459402 195.85000491781275 596.0341513654938
  endloop
endfacet
facet normal -0.9063077870364236 3.5697488853327325e-14 -0.42261826174118494
  outer loop
    vertex 1895.157118056048 195.85000491781273 596.4370000000133
    vertex 1895.344969459402 184.1000049178109 596.0341513654928
    vertex 1895.157118056048 184.10000491781096 596.4370000000122
  endloop
endfacet
facet normal -0.8191520442895746 5.357961333808582e-14 -0.5735764363502137
  outer loop
    vertex 1895.157118056048 184.10000491781096 596.4370000000122
    vertex 1894.9021666063513 195.85000491781273 596.801108404714
    vertex 1895.157118056048 195.85000491781273 596.4370000000133
  endloop
endfacet
facet normal -0.8191520442895746 5.357961333808582e-14 -0.5735764363502137
  outer loop
    vertex 1894.9021666063513 195.85000491781273 596.801108404714
    vertex 1895.157118056048 184.10000491781096 596.4370000000122
    vertex 1894.9021666063513 184.10000491781088 596.8011084047127
  endloop
endfacet
facet normal -0.7071067811858874 6.658580481195425e-14 -0.7071067811872076
  outer loop
    vertex 1894.9021666063513 195.85000491781273 596.801108404714
    vertex 1894.587861681098 184.10000491781108 597.1154133299657
    vertex 1894.587861681098 195.8500049178129 597.1154133299667
  endloop
endfacet
facet normal -0.7071067811858874 6.658580481195425e-14 -0.7071067811872076
  outer loop
    vertex 1894.587861681098 184.10000491781108 597.1154133299657
    vertex 1894.9021666063513 195.85000491781273 596.801108404714
    vertex 1894.9021666063513 184.10000491781088 596.8011084047127
  endloop
endfacet
facet normal -0.5735764363507121 6.813611477529388e-14 -0.8191520442892256
  outer loop
    vertex 1894.587861681098 195.8500049178129 597.1154133299667
    vertex 1894.2237532763972 184.10000491781105 597.3703647796624
    vertex 1894.2237532763972 195.85000491781287 597.3703647796634
  endloop
endfacet
facet normal -0.5735764363507121 6.813611477529388e-14 -0.8191520442892256
  outer loop
    vertex 1894.2237532763972 184.10000491781105 597.3703647796624
    vertex 1894.587861681098 195.8500049178129 597.1154133299667
    vertex 1894.587861681098 184.10000491781108 597.1154133299657
  endloop
endfacet
facet normal -0.42261826174123096 8.272006276222077e-14 -0.906307787036402
  outer loop
    vertex 1894.2237532763972 195.85000491781287 597.3703647796634
    vertex 1893.8209046418779 184.10000491781105 597.5582161830163
    vertex 1893.8209046418779 195.85000491781287 597.5582161830175
  endloop
endfacet
facet normal -0.42261826174123096 8.272006276222077e-14 -0.906307787036402
  outer loop
    vertex 1893.8209046418779 184.10000491781105 597.5582161830163
    vertex 1894.2237532763972 195.85000491781287 597.3703647796634
    vertex 1894.2237532763972 184.10000491781105 597.3703647796624
  endloop
endfacet
facet normal -0.2588190451023062 9.618358647544657e-14 -0.9659258262891258
  outer loop
    vertex 1893.3915561294484 195.85000491781287 597.6732597701944
    vertex 1893.8209046418779 184.10000491781105 597.5582161830163
    vertex 1893.391556129448 184.10000491781102 597.6732597701933
  endloop
endfacet
facet normal -0.2588190451023062 9.618358647544657e-14 -0.9659258262891258
  outer loop
    vertex 1893.8209046418779 184.10000491781105 597.5582161830163
    vertex 1893.3915561294484 195.85000491781287 597.6732597701944
    vertex 1893.8209046418779 195.85000491781287 597.5582161830175
  endloop
endfacet
facet normal -0.08715574274822317 8.91031174775428e-14 -0.9961946980916961
  outer loop
    vertex 1893.3915561294484 195.85000491781287 597.6732597701944
    vertex 1892.9487532763976 184.10000491781102 597.7120000000124
    vertex 1892.9487532763976 195.85000491781287 597.7120000000135
  endloop
endfacet
facet normal -0.08715574274822317 8.91031174775428e-14 -0.9961946980916961
  outer loop
    vertex 1892.9487532763976 184.10000491781102 597.7120000000124
    vertex 1893.3915561294484 195.85000491781287 597.6732597701944
    vertex 1893.391556129448 184.10000491781102 597.6732597701933
  endloop
endfacet
facet normal 0.08715574274582949 3.914648292601212e-15 -0.9961946980919056
  outer loop
    vertex 1892.9487532763976 195.85000491781287 597.7120000000135
    vertex 1892.5059504233468 184.10000491781102 597.6732597701954
    vertex 1892.5059504233468 195.85000491781287 597.6732597701945
  endloop
endfacet
facet normal 0.08715574274582949 3.914648292601212e-15 -0.9961946980919056
  outer loop
    vertex 1892.5059504233468 184.10000491781102 597.6732597701954
    vertex 1892.9487532763976 195.85000491781287 597.7120000000135
    vertex 1892.9487532763976 184.10000491781102 597.7120000000124
  endloop
endfacet
facet normal 0.25881904510168796 -8.491552521091637e-14 -0.9659258262892915
  outer loop
    vertex 1892.5059504233468 195.85000491781287 597.6732597701945
    vertex 1892.076601910917 184.10000491781105 597.5582161830188
    vertex 1892.076601910917 195.85000491781287 597.5582161830176
  endloop
endfacet
facet normal 0.25881904510168796 -8.491552521091637e-14 -0.9659258262892915
  outer loop
    vertex 1892.076601910917 184.10000491781105 597.5582161830188
    vertex 1892.5059504233468 195.85000491781287 597.6732597701945
    vertex 1892.5059504233468 184.10000491781102 597.6732597701954
  endloop
endfacet
facet normal 0.4226182617412683 -8.979729316575446e-14 -0.9063077870363847
  outer loop
    vertex 1892.076601910917 195.85000491781287 597.5582161830176
    vertex 1891.6737532763975 184.10000491781105 597.3703647796648
    vertex 1891.6737532763975 195.85000491781287 597.3703647796636
  endloop
endfacet
facet normal 0.4226182617412683 -8.979729316575446e-14 -0.9063077870363847
  outer loop
    vertex 1891.6737532763975 184.10000491781105 597.3703647796648
    vertex 1892.076601910917 195.85000491781287 597.5582161830176
    vertex 1892.076601910917 184.10000491781105 597.5582161830188
  endloop
endfacet
facet normal 0.9063077870366985 4.5444338488429094e-14 0.42261826174059575
  outer loop
    vertex 1890.5525370933938 184.10000491781094 594.2898486345343
    vertex 1890.740388496747 195.85000491781278 593.8870000000138
    vertex 1890.5525370933938 195.85000491781278 594.289848634533
  endloop
endfacet
facet normal 0.9063077870366985 4.5444338488429094e-14 0.42261826174059575
  outer loop
    vertex 1890.740388496747 195.85000491781278 593.8870000000138
    vertex 1890.5525370933938 184.10000491781094 594.2898486345343
    vertex 1890.7403884967473 184.10000491781105 593.887000000015
  endloop
endfacet
facet normal 0.81915204428926 5.654536380173904e-14 0.5735764363506634
  outer loop
    vertex 1890.7403884967473 184.10000491781105 593.887000000015
    vertex 1890.9953399464437 195.8500049178128 593.522891595313
    vertex 1890.740388496747 195.85000491781278 593.8870000000138
  endloop
endfacet
facet normal 0.81915204428926 5.654536380173904e-14 0.5735764363506634
  outer loop
    vertex 1890.9953399464437 195.8500049178128 593.522891595313
    vertex 1890.7403884967473 184.10000491781105 593.887000000015
    vertex 1890.9953399464437 184.10000491781096 593.5228915953143
  endloop
endfacet
facet normal 0.7071067811866996 6.374506165151831e-14 0.7071067811863955
  outer loop
    vertex 1890.9953399464437 184.10000491781096 593.5228915953143
    vertex 1891.3096448716965 195.8500049178128 593.2085866700603
    vertex 1890.9953399464437 195.8500049178128 593.522891595313
  endloop
endfacet
facet normal 0.7071067811866996 6.374506165151831e-14 0.7071067811863955
  outer loop
    vertex 1891.3096448716965 195.8500049178128 593.2085866700603
    vertex 1890.9953399464437 184.10000491781096 593.5228915953143
    vertex 1891.3096448716965 184.10000491781096 593.2085866700612
  endloop
endfacet
facet normal 0.5735764363508755 9.41778751848583e-14 0.8191520442891115
  outer loop
    vertex 1891.673753276398 184.10000491781088 592.9536352203643
    vertex 1891.3096448716965 195.8500049178128 593.2085866700603
    vertex 1891.3096448716965 184.10000491781096 593.2085866700612
  endloop
endfacet
facet normal 0.5735764363508755 9.41778751848583e-14 0.8191520442891115
  outer loop
    vertex 1891.3096448716965 195.8500049178128 593.2085866700603
    vertex 1891.673753276398 184.10000491781088 592.9536352203643
    vertex 1891.673753276397 195.85000491781273 592.9536352203631
  endloop
endfacet
facet normal 0.422618261740564 1.1725485834430378e-13 0.9063077870367132
  outer loop
    vertex 1891.673753276398 184.10000491781088 592.9536352203643
    vertex 1892.0766019109167 195.8500049178128 592.7657838170095
    vertex 1891.673753276397 195.85000491781273 592.9536352203631
  endloop
endfacet
facet normal 0.422618261740564 1.1725485834430378e-13 0.9063077870367132
  outer loop
    vertex 1892.0766019109167 195.8500049178128 592.7657838170095
    vertex 1891.673753276398 184.10000491781088 592.9536352203643
    vertex 1892.0766019109174 184.10000491781096 592.7657838170106
  endloop
endfacet
facet normal 0.25881904510306386 9.77553771273474e-14 0.9659258262889228
  outer loop
    vertex 1892.0766019109174 184.10000491781096 592.7657838170106
    vertex 1892.5059504233466 195.8500049178128 592.6507402298323
    vertex 1892.0766019109167 195.8500049178128 592.7657838170095
  endloop
endfacet
facet normal 0.25881904510306386 9.77553771273474e-14 0.9659258262889228
  outer loop
    vertex 1892.5059504233466 195.8500049178128 592.6507402298323
    vertex 1892.0766019109174 184.10000491781096 592.7657838170106
    vertex 1892.5059504233468 184.10000491781096 592.6507402298332
  endloop
endfacet
facet normal 0.08715574274959823 -9.294504801887902e-16 0.9961946980915758
  outer loop
    vertex 1892.5059504233468 184.10000491781096 592.6507402298332
    vertex 1892.9487532763972 195.8500049178128 592.6120000000136
    vertex 1892.5059504233466 195.8500049178128 592.6507402298323
  endloop
endfacet
facet normal 0.08715574274959823 -9.294504801887902e-16 0.9961946980915758
  outer loop
    vertex 1892.9487532763972 195.8500049178128 592.6120000000136
    vertex 1892.5059504233468 184.10000491781096 592.6507402298332
    vertex 1892.9487532763976 184.10000491781096 592.6120000000125
  endloop
endfacet
facet normal 0.9961946980917822 1.0131300692481931e-14 0.08715574274723979
  outer loop
    vertex 1890.3987532763979 184.10000491781094 595.1620000000146
    vertex 1890.4374935062165 195.85000491781278 594.7191971469629
    vertex 1890.3987532763979 195.85000491781278 595.1620000000136
  endloop
endfacet
facet normal 0.9961946980917822 1.0131300692481931e-14 0.08715574274723979
  outer loop
    vertex 1890.4374935062165 195.85000491781278 594.7191971469629
    vertex 1890.3987532763979 184.10000491781094 595.1620000000146
    vertex 1890.4374935062165 184.10000491781102 594.7191971469639
  endloop
endfacet
facet normal 0.9659258262889969 2.855658702137199e-14 0.2588190451027874
  outer loop
    vertex 1890.4374935062165 184.10000491781102 594.7191971469639
    vertex 1890.5525370933938 195.85000491781278 594.289848634533
    vertex 1890.4374935062165 195.85000491781278 594.7191971469629
  endloop
endfacet
facet normal 0.9659258262889969 2.855658702137199e-14 0.2588190451027874
  outer loop
    vertex 1890.5525370933938 195.85000491781278 594.289848634533
    vertex 1890.4374935062165 184.10000491781102 594.7191971469639
    vertex 1890.5525370933938 184.10000491781094 594.2898486345343
  endloop
endfacet
facet normal -0.08715574274727507 -9.208793675364217e-14 0.9961946980917791
  outer loop
    vertex 1892.9487532763976 184.10000491781096 592.6120000000125
    vertex 1893.3915561294475 195.8500049178128 592.6507402298322
    vertex 1892.9487532763972 195.8500049178128 592.6120000000136
  endloop
endfacet
facet normal -0.08715574274727507 -9.208793675364217e-14 0.9961946980917791
  outer loop
    vertex 1893.3915561294475 195.8500049178128 592.6507402298322
    vertex 1892.9487532763976 184.10000491781096 592.6120000000125
    vertex 1893.3915561294484 184.10000491781096 592.6507402298313
  endloop
endfacet
facet normal -0.25881904510244574 -1.0902340325601642e-13 0.9659258262890885
  outer loop
    vertex 1893.3915561294484 184.10000491781096 592.6507402298313
    vertex 1893.8209046418774 195.8500049178128 592.7657838170094
    vertex 1893.3915561294475 195.8500049178128 592.6507402298322
  endloop
endfacet
facet normal -0.25881904510244574 -1.0902340325601642e-13 0.9659258262890885
  outer loop
    vertex 1893.8209046418774 195.8500049178128 592.7657838170094
    vertex 1893.3915561294484 184.10000491781096 592.6507402298313
    vertex 1893.8209046418783 184.10000491781096 592.7657838170081
  endloop
endfacet
facet normal -0.42261826174044576 -1.0368599312060466e-13 0.9063077870367683
  outer loop
    vertex 1893.8209046418783 184.10000491781096 592.7657838170081
    vertex 1894.2237532763972 195.85000491781273 592.9536352203629
    vertex 1893.8209046418774 195.8500049178128 592.7657838170094
  endloop
endfacet
facet normal -0.42261826174044576 -1.0368599312060466e-13 0.9063077870367683
  outer loop
    vertex 1894.2237532763972 195.85000491781273 592.9536352203629
    vertex 1893.8209046418783 184.10000491781096 592.7657838170081
    vertex 1894.2237532763977 184.10000491781088 592.953635220362
  endloop
endfacet
facet normal -0.5735764363518485 -7.89699573317333e-14 0.8191520442884299
  outer loop
    vertex 1894.2237532763977 184.10000491781088 592.953635220362
    vertex 1894.5878616810976 195.8500049178128 593.2085866700601
    vertex 1894.2237532763972 195.85000491781273 592.9536352203629
  endloop
endfacet
facet normal -0.5735764363518485 -7.89699573317333e-14 0.8191520442884299
  outer loop
    vertex 1894.5878616810976 195.8500049178128 593.2085866700601
    vertex 1894.2237532763977 184.10000491781088 592.953635220362
    vertex 1894.5878616810976 184.10000491781096 593.208586670059
  endloop
endfacet
facet normal -0.7071067811863956 -6.908409037896526e-14 0.7071067811866996
  outer loop
    vertex 1894.9021666063504 184.10000491781096 593.5228915953115
    vertex 1894.5878616810976 195.8500049178128 593.2085866700601
    vertex 1894.5878616810976 184.10000491781096 593.208586670059
  endloop
endfacet
facet normal -0.7071067811863956 -6.908409037896526e-14 0.7071067811866996
  outer loop
    vertex 1894.5878616810976 195.8500049178128 593.2085866700601
    vertex 1894.9021666063504 184.10000491781096 593.5228915953115
    vertex 1894.9021666063504 195.8500049178128 593.5228915953128
  endloop
endfacet
facet normal -0.8191520442888632 -5.6471732464024306e-14 0.5735764363512298
  outer loop
    vertex 1894.9021666063504 184.10000491781096 593.5228915953115
    vertex 1895.1571180560475 195.8500049178128 593.8870000000135
    vertex 1894.9021666063504 195.8500049178128 593.5228915953128
  endloop
endfacet
facet normal -0.8191520442888632 -5.6471732464024306e-14 0.5735764363512298
  outer loop
    vertex 1895.1571180560475 195.8500049178128 593.8870000000135
    vertex 1894.9021666063504 184.10000491781096 593.5228915953115
    vertex 1895.157118056048 184.10000491781108 593.8870000000124
  endloop
endfacet
facet normal -0.9063077870365187 -5.28191945131463e-14 0.4226182617409809
  outer loop
    vertex 1895.157118056048 184.10000491781108 593.8870000000124
    vertex 1895.3449694594015 195.85000491781278 594.289848634533
    vertex 1895.1571180560475 195.8500049178128 593.8870000000135
  endloop
endfacet
facet normal -0.9063077870365187 -5.28191945131463e-14 0.4226182617409809
  outer loop
    vertex 1895.3449694594015 195.85000491781278 594.289848634533
    vertex 1895.157118056048 184.10000491781108 593.8870000000124
    vertex 1895.344969459402 184.10000491781096 594.2898486345318
  endloop
endfacet
facet normal -0.9659258262890479 -3.938383764968486e-14 0.25881904510259723
  outer loop
    vertex 1895.344969459402 184.10000491781096 594.2898486345318
    vertex 1895.4600130465785 195.85000491781278 594.7191971469624
    vertex 1895.3449694594015 195.85000491781278 594.289848634533
  endloop
endfacet
facet normal -0.9659258262890479 -3.938383764968486e-14 0.25881904510259723
  outer loop
    vertex 1895.4600130465785 195.85000491781278 594.7191971469624
    vertex 1895.344969459402 184.10000491781096 594.2898486345318
    vertex 1895.4600130465785 184.10000491781102 594.7191971469614
  endloop
endfacet
facet normal -0.9961946980916896 -1.3947458367627322e-07 0.08715574274818706
  outer loop
    vertex 1895.9600130465767 184.10000491781173 568.9691971469618
    vertex 1895.9987516313345 195.84982725122873 569.4120000000136
    vertex 1895.9600114015152 195.84982725122885 568.9691971469628
  endloop
endfacet
facet normal -0.9961946980916896 -1.3947458367627322e-07 0.08715574274818706
  outer loop
    vertex 1895.9987516313345 195.84982725122873 569.4120000000136
    vertex 1895.9600130465767 184.10000491781173 568.9691971469618
    vertex 1895.9987532763957 184.10000491781162 569.4120000000125
  endloop
endfacet
facet normal -0.996194698091702 -1.3947456829236638e-07 -0.08715574274804484
  outer loop
    vertex 1895.9987516313345 195.84982725122873 569.4120000000136
    vertex 1895.9600130465767 184.1000049178117 569.8548028530633
    vertex 1895.9600114015152 195.84982725122882 569.8548028530643
  endloop
endfacet
facet normal -0.996194698091702 -1.3947456829236638e-07 -0.08715574274804484
  outer loop
    vertex 1895.9600130465767 184.1000049178117 569.8548028530633
    vertex 1895.9987516313345 195.84982725122873 569.4120000000136
    vertex 1895.9987532763957 184.10000491781162 569.4120000000125
  endloop
endfacet
facet normal -0.9659258262892318 -1.3523668872865804e-07 -0.2588190451018751
  outer loop
    vertex 1895.9600130465767 184.1000049178117 569.8548028530633
    vertex 1895.8449678143386 195.84982725122882 570.2841513654942
    vertex 1895.9600114015152 195.84982725122882 569.8548028530643
  endloop
endfacet
facet normal -0.9659258262892318 -1.3523668872865804e-07 -0.2588190451018751
  outer loop
    vertex 1895.8449678143386 195.84982725122882 570.2841513654942
    vertex 1895.9600130465767 184.1000049178117 569.8548028530633
    vertex 1895.8449694593999 184.1000049178117 570.2841513654931
  endloop
endfacet
facet normal -0.9063077870365356 -1.2688970013540252e-07 -0.42261826174092576
  outer loop
    vertex 1895.8449694593999 184.1000049178117 570.2841513654931
    vertex 1895.6571164109848 195.8498272512288 570.6870000000134
    vertex 1895.8449678143386 195.84982725122882 570.2841513654942
  endloop
endfacet
facet normal -0.9063077870365356 -1.2688970013540252e-07 -0.42261826174092576
  outer loop
    vertex 1895.6571164109848 195.8498272512288 570.6870000000134
    vertex 1895.8449694593999 184.1000049178117 570.2841513654931
    vertex 1895.6571180560459 184.10000491781167 570.6870000000126
  endloop
endfacet
facet normal -0.8191520442891305 -1.14687245062958e-07 -0.5735764363508367
  outer loop
    vertex 1895.6571180560459 184.10000491781167 570.6870000000126
    vertex 1895.4021649612878 195.84982725122867 571.0511084047145
    vertex 1895.6571164109848 195.8498272512288 570.6870000000134
  endloop
endfacet
facet normal -0.8191520442891305 -1.14687245062958e-07 -0.5735764363508367
  outer loop
    vertex 1895.4021649612878 195.84982725122867 571.0511084047145
    vertex 1895.6571180560459 184.10000491781167 570.6870000000126
    vertex 1895.402166606349 184.10000491781156 571.0511084047133
  endloop
endfacet
facet normal -0.7071067811866961 -9.900008694351838e-08 -0.707106781186392
  outer loop
    vertex 1895.4021649612878 195.84982725122867 571.0511084047145
    vertex 1895.087861681097 184.10000491781173 571.3654133299659
    vertex 1895.087860036035 195.84982725122876 571.3654133299672
  endloop
endfacet
facet normal -0.7071067811866961 -9.900008694351838e-08 -0.707106781186392
  outer loop
    vertex 1895.087861681097 184.10000491781173 571.3654133299659
    vertex 1895.4021649612878 195.84982725122867 571.0511084047145
    vertex 1895.402166606349 184.10000491781156 571.0511084047133
  endloop
endfacet
facet normal -0.5735764363512281 -8.030483296924862e-08 -0.8191520442888603
  outer loop
    vertex 1895.087860036035 195.84982725122876 571.3654133299672
    vertex 1894.723753276396 184.10000491781173 571.6203647796629
    vertex 1894.723751631335 195.84982725122867 571.6203647796639
  endloop
endfacet
facet normal -0.5735764363512281 -8.030483296924862e-08 -0.8191520442888603
  outer loop
    vertex 1894.723753276396 184.10000491781173 571.6203647796629
    vertex 1895.087860036035 195.84982725122876 571.3654133299672
    vertex 1895.087861681097 184.10000491781173 571.3654133299659
  endloop
endfacet
facet normal -0.42261826174060824 -5.91695717959698e-08 -0.9063077870366906
  outer loop
    vertex 1894.723751631335 195.84982725122867 571.6203647796639
    vertex 1894.3209046418758 184.10000491781173 571.8082161830168
    vertex 1894.3209029968148 195.84982725122867 571.8082161830177
  endloop
endfacet
facet normal -0.42261826174060824 -5.91695717959698e-08 -0.9063077870366906
  outer loop
    vertex 1894.3209046418758 184.10000491781173 571.8082161830168
    vertex 1894.723751631335 195.84982725122867 571.6203647796639
    vertex 1894.723753276396 184.10000491781173 571.6203647796629
  endloop
endfacet
facet normal -0.25881904510220466 -3.62364818722075e-08 -0.9659258262891522
  outer loop
    vertex 1894.3209029968148 195.84982725122867 571.8082161830177
    vertex 1893.8915561294461 184.10000491781165 571.9232597701937
    vertex 1893.8915544843849 195.84982725122867 571.9232597701948
  endloop
endfacet
facet normal -0.25881904510220466 -3.62364818722075e-08 -0.9659258262891522
  outer loop
    vertex 1893.8915561294461 184.10000491781165 571.9232597701937
    vertex 1894.3209029968148 195.84982725122867 571.8082161830177
    vertex 1894.3209046418758 184.10000491781173 571.8082161830168
  endloop
endfacet
facet normal -0.08715574274822319 -1.2202354990670281e-08 -0.9961946980916961
  outer loop
    vertex 1893.8915544843849 195.84982725122867 571.9232597701948
    vertex 1893.4487532763956 184.10000491781173 571.9620000000128
    vertex 1893.4487516313343 195.84982725122876 571.9620000000139
  endloop
endfacet
facet normal -0.08715574274822319 -1.2202354990670281e-08 -0.9961946980916961
  outer loop
    vertex 1893.4487532763956 184.10000491781173 571.9620000000128
    vertex 1893.8915544843849 195.84982725122867 571.9232597701948
    vertex 1893.8915561294461 184.10000491781165 571.9232597701937
  endloop
endfacet
facet normal 0.08715574274824717 1.2202524517325444e-08 -0.996194698091694
  outer loop
    vertex 1893.4487516313343 195.84982725122876 571.9620000000139
    vertex 1893.005950423345 184.10000491781173 571.9232597701938
    vertex 1893.0059487782835 195.84982725122885 571.9232597701946
  endloop
endfacet
facet normal 0.08715574274824717 1.2202524517325444e-08 -0.996194698091694
  outer loop
    vertex 1893.005950423345 184.10000491781173 571.9232597701938
    vertex 1893.4487516313343 195.84982725122876 571.9620000000139
    vertex 1893.4487532763956 184.10000491781173 571.9620000000128
  endloop
endfacet
facet normal 0.25881904510008463 3.623657474079781e-08 -0.9659258262897206
  outer loop
    vertex 1893.0059487782835 195.84982725122885 571.9232597701946
    vertex 1892.576601910915 184.10000491781173 571.8082161830187
    vertex 1892.576600265854 195.84982725122885 571.8082161830181
  endloop
endfacet
facet normal 0.25881904510008463 3.623657474079781e-08 -0.9659258262897206
  outer loop
    vertex 1892.576601910915 184.10000491781173 571.8082161830187
    vertex 1893.0059487782835 195.84982725122885 571.9232597701946
    vertex 1893.005950423345 184.10000491781173 571.9232597701938
  endloop
endfacet
facet normal 0.4226182617412339 5.9169592089641896e-08 -0.9063077870363988
  outer loop
    vertex 1892.576600265854 195.84982725122885 571.8082161830181
    vertex 1892.1737532763964 184.10000491781173 571.6203647796651
    vertex 1892.1737516313349 195.84982725122885 571.6203647796641
  endloop
endfacet
facet normal 0.4226182617412339 5.9169592089641896e-08 -0.9063077870363988
  outer loop
    vertex 1892.1737532763964 184.10000491781173 571.6203647796651
    vertex 1892.576600265854 195.84982725122885 571.8082161830181
    vertex 1892.576601910915 184.10000491781173 571.8082161830187
  endloop
endfacet
facet normal 0.6472555505330442 -0.6999748617665605 0.30182021999702163
  outer loop
    vertex 1887.6864745999972 181.00000491781097 593.2466871973907
    vertex 1890.7403884967473 184.10000491781105 593.887000000015
    vertex 1890.5525370933938 184.10000491781094 594.2898486345343
  endloop
endfacet
facet normal 0.6472555505330442 -0.6999748617665605 0.30182021999702163
  outer loop
    vertex 1890.7403884967473 184.10000491781105 593.887000000015
    vertex 1887.6864745999972 181.00000491781097 593.2466871973907
    vertex 1888.0990110152054 181.00000491781097 592.362000000015
  endloop
endfacet
facet normal 0.5850117531598541 -0.6999748617665583 0.40962963950344417
  outer loop
    vertex 1888.0990110152054 181.00000491781097 592.362000000015
    vertex 1890.9953399464437 184.10000491781096 593.5228915953143
    vertex 1890.7403884967473 184.10000491781105 593.887000000015
  endloop
endfacet
facet normal 0.5850117531598541 -0.6999748617665583 0.40962963950344417
  outer loop
    vertex 1890.9953399464437 184.10000491781096 593.5228915953143
    vertex 1888.0990110152054 181.00000491781097 592.362000000015
    vertex 1888.6589043949325 181.000004917811 591.5623893857692
  endloop
endfacet
facet normal 0.5049926696966314 -0.6999748617665844 0.5049926696968188
  outer loop
    vertex 1888.6589043949325 181.000004917811 591.5623893857692
    vertex 1891.3096448716965 184.10000491781096 593.2085866700612
    vertex 1890.9953399464437 184.10000491781096 593.5228915953143
  endloop
endfacet
facet normal 0.5049926696966314 -0.6999748617665844 0.5049926696968188
  outer loop
    vertex 1891.3096448716965 184.10000491781096 593.2085866700612
    vertex 1888.6589043949325 181.000004917811 591.5623893857692
    vertex 1889.3491426621538 181.000004917811 590.8721511185483
  endloop
endfacet
facet normal 0.409629639503797 -0.6999748617666336 0.585011753159517
  outer loop
    vertex 1889.3491426621538 181.000004917811 590.8721511185483
    vertex 1891.673753276398 184.10000491781088 592.9536352203643
    vertex 1891.3096448716965 184.10000491781096 593.2085866700612
  endloop
endfacet
facet normal 0.409629639503797 -0.6999748617666336 0.585011753159517
  outer loop
    vertex 1891.673753276398 184.10000491781088 592.9536352203643
    vertex 1889.3491426621538 181.000004917811 590.8721511185483
    vertex 1890.148753276398 181.00000491781094 590.3122577388211
  endloop
endfacet
facet normal 0.301820219996995 -0.699974861766712 0.6472555505328927
  outer loop
    vertex 1890.148753276398 181.00000491781094 590.3122577388211
    vertex 1892.0766019109174 184.10000491781096 592.7657838170106
    vertex 1891.673753276398 184.10000491781088 592.9536352203643
  endloop
endfacet
facet normal 0.301820219996995 -0.699974861766712 0.6472555505328927
  outer loop
    vertex 1892.0766019109174 184.10000491781096 592.7657838170106
    vertex 1890.148753276398 181.00000491781094 590.3122577388211
    vertex 1891.0334404737741 181.00000491781105 589.899721323613
  endloop
endfacet
facet normal 0.1848401458342384 -0.6999748617667281 0.6898328155304209
  outer loop
    vertex 1891.0334404737741 181.00000491781105 589.899721323613
    vertex 1892.5059504233468 184.10000491781096 592.6507402298332
    vertex 1892.0766019109174 184.10000491781096 592.7657838170106
  endloop
endfacet
facet normal 0.1848401458342384 -0.6999748617667281 0.6898328155304209
  outer loop
    vertex 1892.5059504233468 184.10000491781096 592.6507402298332
    vertex 1891.0334404737741 181.00000491781105 589.899721323613
    vertex 1891.9763234814627 181.00000491781105 589.6470765831453
  endloop
endfacet
facet normal 0.06224379737356499 -0.6999748617665822 0.7114498595005644
  outer loop
    vertex 1892.9487532763978 181.00000491781097 589.5620000000142
    vertex 1892.5059504233468 184.10000491781096 592.6507402298332
    vertex 1891.9763234814627 181.00000491781105 589.6470765831453
  endloop
endfacet
facet normal 0.06224379737356499 -0.6999748617665822 0.7114498595005644
  outer loop
    vertex 1892.5059504233468 184.10000491781096 592.6507402298332
    vertex 1892.9487532763978 181.00000491781097 589.5620000000142
    vertex 1892.9487532763976 184.10000491781096 592.6120000000125
  endloop
endfacet
facet normal -0.06224379737176077 -0.6999748617665861 0.7114498595007184
  outer loop
    vertex 1892.9487532763978 181.00000491781097 589.5620000000142
    vertex 1893.3915561294484 184.10000491781096 592.6507402298313
    vertex 1892.9487532763976 184.10000491781096 592.6120000000125
  endloop
endfacet
facet normal -0.06224379737176077 -0.6999748617665861 0.7114498595007184
  outer loop
    vertex 1893.3915561294484 184.10000491781096 592.6507402298313
    vertex 1892.9487532763978 181.00000491781097 589.5620000000142
    vertex 1893.9211830713325 181.00000491781105 589.6470765831432
  endloop
endfacet
facet normal 0.4096296395031942 -0.6999748617665084 -0.5850117531600888
  outer loop
    vertex 1889.349142662154 181.00000491781086 599.4518488814809
    vertex 1891.6737532763975 184.10000491781105 597.3703647796648
    vertex 1890.1487532763992 181.00000491781097 600.0117422612066
  endloop
endfacet
facet normal 0.4096296395031942 -0.6999748617665084 -0.5850117531600888
  outer loop
    vertex 1891.6737532763975 184.10000491781105 597.3703647796648
    vertex 1889.349142662154 181.00000491781086 599.4518488814809
    vertex 1891.3096448716967 184.10000491781096 597.1154133299679
  endloop
endfacet
facet normal 0.689832815530499 -0.6999748617666056 0.1848401458344104
  outer loop
    vertex 1887.4338298595296 181.0000049178109 594.1895702050786
    vertex 1890.5525370933938 184.10000491781094 594.2898486345343
    vertex 1890.4374935062165 184.10000491781102 594.7191971469639
  endloop
endfacet
facet normal 0.689832815530499 -0.6999748617666056 0.1848401458344104
  outer loop
    vertex 1890.5525370933938 184.10000491781094 594.2898486345343
    vertex 1887.4338298595296 181.0000049178109 594.1895702050786
    vertex 1887.6864745999972 181.00000491781097 593.2466871973907
  endloop
endfacet
facet normal -0.18484014583401837 -0.6999748617667033 0.6898328155305048
  outer loop
    vertex 1893.3915561294484 184.10000491781096 592.6507402298313
    vertex 1894.8640660790218 181.00000491781105 589.899721323611
    vertex 1893.8209046418783 184.10000491781096 592.7657838170081
  endloop
endfacet
facet normal -0.18484014583401837 -0.6999748617667033 0.6898328155305048
  outer loop
    vertex 1894.8640660790218 181.00000491781105 589.899721323611
    vertex 1893.3915561294484 184.10000491781096 592.6507402298313
    vertex 1893.9211830713325 181.00000491781105 589.6470765831432
  endloop
endfacet
facet normal -0.30182021999690745 -0.6999748617666876 0.64725555053296
  outer loop
    vertex 1893.8209046418783 184.10000491781096 592.7657838170081
    vertex 1895.748753276398 181.00000491781105 590.3122577388192
    vertex 1894.2237532763977 184.10000491781088 592.953635220362
  endloop
endfacet
facet normal -0.30182021999690745 -0.6999748617666876 0.64725555053296
  outer loop
    vertex 1895.748753276398 181.00000491781105 590.3122577388192
    vertex 1893.8209046418783 184.10000491781096 592.7657838170081
    vertex 1894.8640660790218 181.00000491781105 589.899721323611
  endloop
endfacet
facet normal -0.4096296395038631 -0.699974861766703 0.5850117531593878
  outer loop
    vertex 1894.2237532763977 184.10000491781088 592.953635220362
    vertex 1896.5483638906426 181.00000491781103 590.8721511185461
    vertex 1894.5878616810976 184.10000491781096 593.208586670059
  endloop
endfacet
facet normal -0.4096296395038631 -0.699974861766703 0.5850117531593878
  outer loop
    vertex 1896.5483638906426 181.00000491781103 590.8721511185461
    vertex 1894.2237532763977 184.10000491781088 592.953635220362
    vertex 1895.748753276398 181.00000491781105 590.3122577388192
  endloop
endfacet
facet normal -0.5049926696959419 -0.6999748617667941 0.5049926696972176
  outer loop
    vertex 1894.5878616810976 184.10000491781096 593.208586670059
    vertex 1897.2386021578652 181.00000491781108 591.562389385767
    vertex 1894.9021666063504 184.10000491781096 593.5228915953115
  endloop
endfacet
facet normal -0.5049926696959419 -0.6999748617667941 0.5049926696972176
  outer loop
    vertex 1897.2386021578652 181.00000491781108 591.562389385767
    vertex 1894.5878616810976 184.10000491781096 593.208586670059
    vertex 1896.5483638906426 181.00000491781103 590.8721511185461
  endloop
endfacet
facet normal -0.5850117531597523 -0.699974861766824 0.40962963950313547
  outer loop
    vertex 1894.9021666063504 184.10000491781096 593.5228915953115
    vertex 1897.7984955375916 181.000004917811 592.3620000000125
    vertex 1895.157118056048 184.10000491781108 593.8870000000124
  endloop
endfacet
facet normal -0.5850117531597523 -0.699974861766824 0.40962963950313547
  outer loop
    vertex 1897.7984955375916 181.000004917811 592.3620000000125
    vertex 1894.9021666063504 184.10000491781096 593.5228915953115
    vertex 1897.2386021578652 181.00000491781108 591.562389385767
  endloop
endfacet
facet normal -0.6472555505328553 -0.6999748617667755 0.30182021999692815
  outer loop
    vertex 1895.157118056048 184.10000491781108 593.8870000000124
    vertex 1898.2110319527994 181.00000491781097 593.2466871973882
    vertex 1895.344969459402 184.10000491781096 594.2898486345318
  endloop
endfacet
facet normal -0.6472555505328553 -0.6999748617667755 0.30182021999692815
  outer loop
    vertex 1898.2110319527994 181.00000491781097 593.2466871973882
    vertex 1895.157118056048 184.10000491781108 593.8870000000124
    vertex 1897.7984955375916 181.000004917811 592.3620000000125
  endloop
endfacet
facet normal -0.6898328155303763 -0.699974861766799 0.18484014583413605
  outer loop
    vertex 1895.344969459402 184.10000491781096 594.2898486345318
    vertex 1898.4636766932674 181.00000491781097 594.1895702050762
    vertex 1895.4600130465785 184.10000491781102 594.7191971469614
  endloop
endfacet
facet normal -0.6898328155303763 -0.699974861766799 0.18484014583413605
  outer loop
    vertex 1898.4636766932674 181.00000491781097 594.1895702050762
    vertex 1895.344969459402 184.10000491781096 594.2898486345318
    vertex 1898.2110319527994 181.00000491781097 593.2466871973882
  endloop
endfacet
facet normal -0.5049926696968257 -0.6999748617666866 -0.5049926696964827
  outer loop
    vertex 1894.587861681098 184.10000491781108 597.1154133299657
    vertex 1897.2386021578645 181.00000491781083 598.7616106142569
    vertex 1896.5483638906433 181.00000491781097 599.4518488814786
  endloop
endfacet
facet normal -0.5049926696968257 -0.6999748617666866 -0.5049926696964827
  outer loop
    vertex 1897.2386021578645 181.00000491781083 598.7616106142569
    vertex 1894.587861681098 184.10000491781108 597.1154133299657
    vertex 1894.9021666063513 184.10000491781088 596.8011084047127
  endloop
endfacet
facet normal -0.4096296395035481 -0.6999748617667149 -0.585011753159594
  outer loop
    vertex 1894.2237532763972 184.10000491781105 597.3703647796624
    vertex 1896.5483638906433 181.00000491781097 599.4518488814786
    vertex 1895.7487532763994 181.00000491781097 600.0117422612045
  endloop
endfacet
facet normal -0.4096296395035481 -0.6999748617667149 -0.585011753159594
  outer loop
    vertex 1896.5483638906433 181.00000491781097 599.4518488814786
    vertex 1894.2237532763972 184.10000491781105 597.3703647796624
    vertex 1894.587861681098 184.10000491781108 597.1154133299657
  endloop
endfacet
facet normal -0.30182021999713826 -0.6999748617667 -0.6472555505328388
  outer loop
    vertex 1893.8209046418779 184.10000491781105 597.5582161830163
    vertex 1895.7487532763994 181.00000491781097 600.0117422612045
    vertex 1894.8640660790231 181.00000491781097 600.4242786764133
  endloop
endfacet
facet normal -0.30182021999713826 -0.6999748617667 -0.6472555505328388
  outer loop
    vertex 1895.7487532763994 181.00000491781097 600.0117422612045
    vertex 1893.8209046418779 184.10000491781105 597.5582161830163
    vertex 1894.2237532763972 184.10000491781105 597.3703647796624
  endloop
endfacet
facet normal -0.18484014583350927 -0.6999748617666489 -0.6898328155306965
  outer loop
    vertex 1893.391556129448 184.10000491781102 597.6732597701933
    vertex 1894.8640660790231 181.00000491781097 600.4242786764133
    vertex 1893.921183071334 181.00000491781094 600.67692341688
  endloop
endfacet
facet normal -0.18484014583350927 -0.6999748617666489 -0.6898328155306965
  outer loop
    vertex 1894.8640660790231 181.00000491781097 600.4242786764133
    vertex 1893.391556129448 184.10000491781102 597.6732597701933
    vertex 1893.8209046418779 184.10000491781105 597.5582161830163
  endloop
endfacet
facet normal -0.06224379737524415 -0.6999748617667332 -0.7114498595002688
  outer loop
    vertex 1893.391556129448 184.10000491781102 597.6732597701933
    vertex 1892.948753276399 181.00000491781094 600.7620000000145
    vertex 1892.9487532763976 184.10000491781102 597.7120000000124
  endloop
endfacet
facet normal -0.06224379737524415 -0.6999748617667332 -0.7114498595002688
  outer loop
    vertex 1892.948753276399 181.00000491781094 600.7620000000145
    vertex 1893.391556129448 184.10000491781102 597.6732597701933
    vertex 1893.921183071334 181.00000491781094 600.67692341688
  endloop
endfacet
facet normal 0.062243797373382266 -0.6999748617667109 -0.7114498595004537
  outer loop
    vertex 1892.5059504233468 184.10000491781102 597.6732597701954
    vertex 1892.948753276399 181.00000491781094 600.7620000000145
    vertex 1891.9763234814636 181.00000491781094 600.6769234168821
  endloop
endfacet
facet normal 0.062243797373382266 -0.6999748617667109 -0.7114498595004537
  outer loop
    vertex 1892.948753276399 181.00000491781094 600.7620000000145
    vertex 1892.5059504233468 184.10000491781102 597.6732597701954
    vertex 1892.9487532763976 184.10000491781102 597.7120000000124
  endloop
endfacet
facet normal 0.1848401458336123 -0.6999748617665354 -0.689832815530784
  outer loop
    vertex 1891.0334404737753 181.00000491781086 600.4242786764154
    vertex 1892.5059504233468 184.10000491781102 597.6732597701954
    vertex 1891.9763234814636 181.00000491781094 600.6769234168821
  endloop
endfacet
facet normal 0.1848401458336123 -0.6999748617665354 -0.689832815530784
  outer loop
    vertex 1892.5059504233468 184.10000491781102 597.6732597701954
    vertex 1891.0334404737753 181.00000491781086 600.4242786764154
    vertex 1892.076601910917 184.10000491781105 597.5582161830188
  endloop
endfacet
facet normal 0.30182021999730363 -0.699974861766484 -0.6472555505329954
  outer loop
    vertex 1890.1487532763992 181.00000491781097 600.0117422612066
    vertex 1892.076601910917 184.10000491781105 597.5582161830188
    vertex 1891.0334404737753 181.00000491781086 600.4242786764154
  endloop
endfacet
facet normal 0.30182021999730363 -0.699974861766484 -0.6472555505329954
  outer loop
    vertex 1892.076601910917 184.10000491781105 597.5582161830188
    vertex 1890.1487532763992 181.00000491781097 600.0117422612066
    vertex 1891.6737532763975 184.10000491781105 597.3703647796648
  endloop
endfacet
facet normal 0.6898328155306563 -0.6999748617665723 -0.18484014583394903
  outer loop
    vertex 1887.4338298595296 181.00000491781086 596.1344297949491
    vertex 1890.5525370933938 184.10000491781108 596.0341513654953
    vertex 1887.6864745999967 181.00000491781066 597.0773128026389
  endloop
endfacet
facet normal 0.6898328155306563 -0.6999748617665723 -0.18484014583394903
  outer loop
    vertex 1890.5525370933938 184.10000491781108 596.0341513654953
    vertex 1887.4338298595296 181.00000491781086 596.1344297949491
    vertex 1890.4374935062165 184.1000049178112 595.6048028530654
  endloop
endfacet
facet normal 0.7114498595005941 -0.6999748617665787 -0.062243797373262855
  outer loop
    vertex 1887.4338298595296 181.00000491781086 596.1344297949491
    vertex 1890.3987532763979 184.10000491781094 595.1620000000146
    vertex 1890.4374935062165 184.1000049178112 595.6048028530654
  endloop
endfacet
facet normal 0.7114498595005941 -0.6999748617665787 -0.062243797373262855
  outer loop
    vertex 1890.3987532763979 184.10000491781094 595.1620000000146
    vertex 1887.4338298595296 181.00000491781086 596.1344297949491
    vertex 1887.3487532763982 181.00000491781088 595.1620000000145
  endloop
endfacet
facet normal 0.7114498595005809 -0.6999748617666055 0.0622437973731136
  outer loop
    vertex 1890.3987532763979 184.10000491781094 595.1620000000146
    vertex 1887.4338298595296 181.0000049178109 594.1895702050786
    vertex 1890.4374935062165 184.10000491781102 594.7191971469639
  endloop
endfacet
facet normal 0.7114498595005809 -0.6999748617666055 0.0622437973731136
  outer loop
    vertex 1887.4338298595296 181.0000049178109 594.1895702050786
    vertex 1890.3987532763979 184.10000491781094 595.1620000000146
    vertex 1887.3487532763982 181.00000491781088 595.1620000000145
  endloop
endfacet
facet normal 0.5049926696966328 -0.6999748617666023 -0.5049926696967925
  outer loop
    vertex 1888.6589043949316 181.0000049178108 598.7616106142591
    vertex 1891.3096448716967 184.10000491781096 597.1154133299679
    vertex 1889.349142662154 181.00000491781086 599.4518488814809
  endloop
endfacet
facet normal 0.5049926696966328 -0.6999748617666023 -0.5049926696967925
  outer loop
    vertex 1891.3096448716967 184.10000491781096 597.1154133299679
    vertex 1888.6589043949316 181.0000049178108 598.7616106142591
    vertex 1890.9953399464448 184.10000491781088 596.8011084047155
  endloop
endfacet
facet normal 0.5850117531597456 -0.6999748617665972 -0.4096296395035329
  outer loop
    vertex 1888.0990110152054 181.00000491781083 597.9620000000144
    vertex 1890.9953399464448 184.10000491781088 596.8011084047155
    vertex 1888.6589043949316 181.0000049178108 598.7616106142591
  endloop
endfacet
facet normal 0.5850117531597456 -0.6999748617665972 -0.4096296395035329
  outer loop
    vertex 1890.9953399464448 184.10000491781088 596.8011084047155
    vertex 1888.0990110152054 181.00000491781083 597.9620000000144
    vertex 1890.7403884967473 184.10000491781096 596.4370000000147
  endloop
endfacet
facet normal 0.6472555505329255 -0.6999748617665634 -0.3018202199972697
  outer loop
    vertex 1887.6864745999967 181.00000491781066 597.0773128026389
    vertex 1890.7403884967473 184.10000491781096 596.4370000000147
    vertex 1888.0990110152054 181.00000491781083 597.9620000000144
  endloop
endfacet
facet normal 0.6472555505329255 -0.6999748617665634 -0.3018202199972697
  outer loop
    vertex 1890.7403884967473 184.10000491781096 596.4370000000147
    vertex 1887.6864745999967 181.00000491781066 597.0773128026389
    vertex 1890.5525370933938 184.10000491781108 596.0341513654953
  endloop
endfacet
facet normal -0.7114498595004979 -0.6999748617667302 0.0622437973726618
  outer loop
    vertex 1898.4636766932674 181.00000491781097 594.1895702050762
    vertex 1895.4987532763978 184.10000491781094 595.1620000000121
    vertex 1895.4600130465785 184.10000491781102 594.7191971469614
  endloop
endfacet
facet normal -0.7114498595004979 -0.6999748617667302 0.0622437973726618
  outer loop
    vertex 1895.4987532763978 184.10000491781094 595.1620000000121
    vertex 1898.4636766932674 181.00000491781097 594.1895702050762
    vertex 1898.5487532763977 181.0000049178109 595.1620000000119
  endloop
endfacet
facet normal -0.711449859500507 -0.6999748617667232 -0.06224379737263629
  outer loop
    vertex 1895.4987532763978 184.10000491781094 595.1620000000121
    vertex 1898.4636766932674 181.00000491781088 596.1344297949469
    vertex 1895.4600130465785 184.10000491781102 595.6048028530629
  endloop
endfacet
facet normal -0.711449859500507 -0.6999748617667232 -0.06224379737263629
  outer loop
    vertex 1898.4636766932674 181.00000491781088 596.1344297949469
    vertex 1895.4987532763978 184.10000491781094 595.1620000000121
    vertex 1898.5487532763977 181.0000049178109 595.1620000000119
  endloop
endfacet
facet normal -0.6898328155304025 -0.6999748617667426 -0.18484014583425132
  outer loop
    vertex 1895.344969459402 184.1000049178109 596.0341513654928
    vertex 1898.4636766932674 181.00000491781088 596.1344297949469
    vertex 1898.2110319527992 181.00000491781086 597.0773128026364
  endloop
endfacet
facet normal -0.6898328155304025 -0.6999748617667426 -0.18484014583425132
  outer loop
    vertex 1898.4636766932674 181.00000491781088 596.1344297949469
    vertex 1895.344969459402 184.1000049178109 596.0341513654928
    vertex 1895.4600130465785 184.10000491781102 595.6048028530629
  endloop
endfacet
facet normal -0.6472555505329505 -0.6999748617667003 -0.3018202199968984
  outer loop
    vertex 1895.157118056048 184.10000491781096 596.4370000000122
    vertex 1898.2110319527992 181.00000491781086 597.0773128026364
    vertex 1897.7984955375912 181.00000491781083 597.9620000000119
  endloop
endfacet
facet normal -0.6472555505329505 -0.6999748617667003 -0.3018202199968984
  outer loop
    vertex 1898.2110319527992 181.00000491781086 597.0773128026364
    vertex 1895.157118056048 184.10000491781096 596.4370000000122
    vertex 1895.344969459402 184.1000049178109 596.0341513654928
  endloop
endfacet
facet normal -0.5850117531595961 -0.6999748617666706 -0.4096296395036208
  outer loop
    vertex 1894.9021666063513 184.10000491781088 596.8011084047127
    vertex 1897.7984955375912 181.00000491781083 597.9620000000119
    vertex 1897.2386021578645 181.00000491781083 598.7616106142569
  endloop
endfacet
facet normal -0.5850117531595961 -0.6999748617666706 -0.4096296395036208
  outer loop
    vertex 1897.7984955375912 181.00000491781083 597.9620000000119
    vertex 1894.9021666063513 184.10000491781088 596.8011084047127
    vertex 1895.157118056048 184.10000491781096 596.4370000000122
  endloop
endfacet
facet normal -0.585011753159911 -0.699974861766586 -0.40962963950331555
  outer loop
    vertex 1895.402166606349 184.10000491781156 571.0511084047133
    vertex 1898.2984955375885 181.00000491781154 572.2120000000112
    vertex 1897.7386021578623 181.0000049178115 573.0116106142565
  endloop
endfacet
facet normal -0.585011753159911 -0.699974861766586 -0.40962963950331555
  outer loop
    vertex 1898.2984955375885 181.00000491781154 572.2120000000112
    vertex 1895.402166606349 184.10000491781156 571.0511084047133
    vertex 1895.6571180560459 184.10000491781167 570.6870000000126
  endloop
endfacet
facet normal -0.5049926696966794 -0.6999748617665664 -0.5049926696967953
  outer loop
    vertex 1895.087861681097 184.10000491781173 571.3654133299659
    vertex 1897.7386021578623 181.0000049178115 573.0116106142565
    vertex 1897.048363890641 181.00000491781168 573.7018488814775
  endloop
endfacet
facet normal -0.5049926696966794 -0.6999748617665664 -0.5049926696967953
  outer loop
    vertex 1897.7386021578623 181.0000049178115 573.0116106142565
    vertex 1895.087861681097 184.10000491781173 571.3654133299659
    vertex 1895.402166606349 184.10000491781156 571.0511084047133
  endloop
endfacet
facet normal -0.4096296395039559 -0.6999748617665513 -0.5850117531595043
  outer loop
    vertex 1894.723753276396 184.10000491781173 571.6203647796629
    vertex 1897.048363890641 181.00000491781168 573.7018488814775
    vertex 1896.2487532763969 181.00000491781165 574.2617422612045
  endloop
endfacet
facet normal -0.4096296395039559 -0.6999748617665513 -0.5850117531595043
  outer loop
    vertex 1897.048363890641 181.00000491781168 573.7018488814775
    vertex 1894.723753276396 184.10000491781173 571.6203647796629
    vertex 1895.087861681097 184.10000491781173 571.3654133299659
  endloop
endfacet
facet normal -0.3018202199972114 -0.6999748617665982 -0.647255550532915
  outer loop
    vertex 1894.3209046418758 184.10000491781173 571.8082161830168
    vertex 1896.2487532763969 181.00000491781165 574.2617422612045
    vertex 1895.3640660790204 181.00000491781162 574.6742786764133
  endloop
endfacet
facet normal -0.3018202199972114 -0.6999748617665982 -0.647255550532915
  outer loop
    vertex 1896.2487532763969 181.00000491781165 574.2617422612045
    vertex 1894.3209046418758 184.10000491781173 571.8082161830168
    vertex 1894.723753276396 184.10000491781173 571.6203647796629
  endloop
endfacet
facet normal -0.18484014583321184 -0.6999748617665557 -0.6898328155308707
  outer loop
    vertex 1893.8915561294461 184.10000491781165 571.9232597701937
    vertex 1895.3640660790204 181.00000491781162 574.6742786764133
    vertex 1894.4211830713316 181.00000491781162 574.9269234168795
  endloop
endfacet
facet normal -0.18484014583321184 -0.6999748617665557 -0.6898328155308707
  outer loop
    vertex 1895.3640660790204 181.00000491781162 574.6742786764133
    vertex 1893.8915561294461 184.10000491781165 571.9232597701937
    vertex 1894.3209046418758 184.10000491781173 571.8082161830168
  endloop
endfacet
facet normal -0.06224379737563799 -0.6999748617666645 -0.7114498595003022
  outer loop
    vertex 1893.8915561294461 184.10000491781165 571.9232597701937
    vertex 1893.4487532763974 181.00000491781162 575.0120000000146
    vertex 1893.4487532763956 184.10000491781173 571.9620000000128
  endloop
endfacet
facet normal -0.06224379737563799 -0.6999748617666645 -0.7114498595003022
  outer loop
    vertex 1893.4487532763974 181.00000491781162 575.0120000000146
    vertex 1893.8915561294461 184.10000491781165 571.9232597701937
    vertex 1894.4211830713316 181.00000491781162 574.9269234168795
  endloop
endfacet
facet normal 0.06224379737428636 -0.6999748617667456 -0.7114498595003405
  outer loop
    vertex 1893.005950423345 184.10000491781173 571.9232597701938
    vertex 1893.4487532763974 181.00000491781162 575.0120000000146
    vertex 1892.476323481463 181.00000491781162 574.9269234168816
  endloop
endfacet
facet normal 0.06224379737428636 -0.6999748617667456 -0.7114498595003405
  outer loop
    vertex 1893.4487532763974 181.00000491781162 575.0120000000146
    vertex 1893.005950423345 184.10000491781173 571.9232597701938
    vertex 1893.4487532763956 184.10000491781173 571.9620000000128
  endloop
endfacet
facet normal -0.6472555505328113 -0.6999748617667558 0.3018202199970681
  outer loop
    vertex 1895.6571180560456 184.10000491781173 568.1370000000128
    vertex 1898.7110319527972 181.00000491781165 567.496687197388
    vertex 1895.8449694593996 184.10000491781165 568.5398486345323
  endloop
endfacet
facet normal -0.6472555505328113 -0.6999748617667558 0.3018202199970681
  outer loop
    vertex 1898.7110319527972 181.00000491781165 567.496687197388
    vertex 1895.6571180560456 184.10000491781173 568.1370000000128
    vertex 1898.2984955375885 181.00000491781168 566.6120000000118
  endloop
endfacet
facet normal -0.6898328155305012 -0.6999748617667526 0.18484014583384545
  outer loop
    vertex 1895.8449694593996 184.10000491781165 568.5398486345323
    vertex 1898.9636766932645 181.00000491781162 568.4395702050759
    vertex 1895.9600130465767 184.10000491781173 568.9691971469618
  endloop
endfacet
facet normal -0.6898328155305012 -0.6999748617667526 0.18484014583384545
  outer loop
    vertex 1898.9636766932645 181.00000491781162 568.4395702050759
    vertex 1895.8449694593996 184.10000491781165 568.5398486345323
    vertex 1898.7110319527972 181.00000491781165 567.496687197388
  endloop
endfacet
facet normal -0.6472555505328177 -0.6999748617666111 -0.30182021999739006
  outer loop
    vertex 1895.6571180560459 184.10000491781167 570.6870000000126
    vertex 1898.7110319527976 181.00000491781154 571.3273128026352
    vertex 1898.2984955375885 181.00000491781154 572.2120000000112
  endloop
endfacet
facet normal -0.6472555505328177 -0.6999748617666111 -0.30182021999739006
  outer loop
    vertex 1898.7110319527976 181.00000491781154 571.3273128026352
    vertex 1895.6571180560459 184.10000491781167 570.6870000000126
    vertex 1895.8449694593999 184.1000049178117 570.2841513654931
  endloop
endfacet
facet normal -0.7114498595004095 -0.6999748617667192 0.062243797373795526
  outer loop
    vertex 1898.9636766932645 181.00000491781162 568.4395702050759
    vertex 1895.9987532763957 184.10000491781162 569.4120000000125
    vertex 1895.9600130465767 184.10000491781173 568.9691971469618
  endloop
endfacet
facet normal -0.7114498595004095 -0.6999748617667192 0.062243797373795526
  outer loop
    vertex 1895.9987532763957 184.10000491781162 569.4120000000125
    vertex 1898.9636766932645 181.00000491781162 568.4395702050759
    vertex 1899.0487532763966 181.00000491781162 569.4120000000107
  endloop
endfacet
facet normal -0.7114498595004456 -0.6999748617667073 -0.06224379737351514
  outer loop
    vertex 1895.9987532763957 184.10000491781162 569.4120000000125
    vertex 1898.9636766932647 181.0000049178116 570.3844297949455
    vertex 1895.9600130465767 184.1000049178117 569.8548028530633
  endloop
endfacet
facet normal -0.7114498595004456 -0.6999748617667073 -0.06224379737351514
  outer loop
    vertex 1898.9636766932647 181.0000049178116 570.3844297949455
    vertex 1895.9987532763957 184.10000491781162 569.4120000000125
    vertex 1899.0487532763966 181.00000491781162 569.4120000000107
  endloop
endfacet
facet normal -0.6898328155306462 -0.6999748617666688 -0.18484014583362132
  outer loop
    vertex 1895.8449694593999 184.1000049178117 570.2841513654931
    vertex 1898.9636766932647 181.0000049178116 570.3844297949455
    vertex 1898.7110319527976 181.00000491781154 571.3273128026352
  endloop
endfacet
facet normal -0.6898328155306462 -0.6999748617666688 -0.18484014583362132
  outer loop
    vertex 1898.9636766932647 181.0000049178116 570.3844297949455
    vertex 1895.8449694593999 184.1000049178117 570.2841513654931
    vertex 1895.9600130465767 184.1000049178117 569.8548028530633
  endloop
endfacet
facet normal 0.711449859500545 -0.699974861766605 0.06224379737353142
  outer loop
    vertex 1887.8487532763959 181.0000049178116 569.4120000000137
    vertex 1890.9374935062147 184.1000049178118 568.9691971469643
    vertex 1890.8987532763958 184.1000049178118 569.412000000015
  endloop
endfacet
facet normal 0.711449859500545 -0.699974861766605 0.06224379737353142
  outer loop
    vertex 1890.9374935062147 184.1000049178118 568.9691971469643
    vertex 1887.8487532763959 181.0000049178116 569.4120000000137
    vertex 1887.933829859528 181.0000049178118 568.4395702050791
  endloop
endfacet
facet normal 0.6898328155306973 -0.6999748617666005 0.18484014583368952
  outer loop
    vertex 1887.933829859528 181.0000049178118 568.4395702050791
    vertex 1891.0525370933915 184.10000491781182 568.5398486345346
    vertex 1890.9374935062147 184.1000049178118 568.9691971469643
  endloop
endfacet
facet normal 0.6898328155306973 -0.6999748617666005 0.18484014583368952
  outer loop
    vertex 1891.0525370933915 184.10000491781182 568.5398486345346
    vertex 1887.933829859528 181.0000049178118 568.4395702050791
    vertex 1888.1864745999949 181.000004917812 567.4966871973907
  endloop
endfacet
facet normal 0.6472555505330475 -0.6999748617666243 0.3018202199968665
  outer loop
    vertex 1888.1864745999949 181.000004917812 567.4966871973907
    vertex 1891.240388496745 184.10000491781202 568.1370000000151
    vertex 1891.0525370933915 184.10000491781182 568.5398486345346
  endloop
endfacet
facet normal 0.6472555505330475 -0.6999748617666243 0.3018202199968665
  outer loop
    vertex 1891.240388496745 184.10000491781202 568.1370000000151
    vertex 1888.1864745999949 181.000004917812 567.4966871973907
    vertex 1888.5990110152031 181.00000491781205 566.6120000000143
  endloop
endfacet
facet normal 0.585011753159457 -0.6999748617666203 0.4096296395039053
  outer loop
    vertex 1888.5990110152031 181.00000491781205 566.6120000000143
    vertex 1891.4953399464418 184.10000491781193 567.7728915953146
    vertex 1891.240388496745 184.10000491781202 568.1370000000151
  endloop
endfacet
facet normal 0.585011753159457 -0.6999748617666203 0.4096296395039053
  outer loop
    vertex 1891.4953399464418 184.10000491781193 567.7728915953146
    vertex 1888.5990110152031 181.00000491781205 566.6120000000143
    vertex 1889.1589043949302 181.00000491781185 565.8123893857697
  endloop
endfacet
facet normal 0.5049926696969241 -0.6999748617666544 0.504992669696429
  outer loop
    vertex 1889.1589043949302 181.00000491781185 565.8123893857697
    vertex 1891.8096448716944 184.10000491781184 567.4585866700619
    vertex 1891.4953399464418 184.10000491781193 567.7728915953146
  endloop
endfacet
facet normal 0.5049926696969241 -0.6999748617666544 0.504992669696429
  outer loop
    vertex 1891.8096448716944 184.10000491781184 567.4585866700619
    vertex 1889.1589043949302 181.00000491781185 565.8123893857697
    vertex 1889.849142662151 181.00000491781188 565.1221511185481
  endloop
endfacet
facet normal 0.40962963950382625 -0.6999748617667352 0.585011753159375
  outer loop
    vertex 1889.849142662151 181.00000491781188 565.1221511185481
    vertex 1892.1737532763955 184.10000491781184 567.2036352203646
    vertex 1891.8096448716944 184.10000491781184 567.4585866700619
  endloop
endfacet
facet normal 0.40962963950382625 -0.6999748617667352 0.585011753159375
  outer loop
    vertex 1892.1737532763955 184.10000491781184 567.2036352203646
    vertex 1889.849142662151 181.00000491781188 565.1221511185481
    vertex 1890.6487532763956 181.0000049178119 564.562257738821
  endloop
endfacet
facet normal 0.3018202199964835 -0.6999748617667303 0.6472555505331115
  outer loop
    vertex 1890.6487532763956 181.0000049178119 564.562257738821
    vertex 1892.5766019109153 184.10000491781196 567.0157838170109
    vertex 1892.1737532763955 184.10000491781184 567.2036352203646
  endloop
endfacet
facet normal 0.3018202199964835 -0.6999748617667303 0.6472555505331115
  outer loop
    vertex 1892.5766019109153 184.10000491781196 567.0157838170109
    vertex 1890.6487532763956 181.0000049178119 564.562257738821
    vertex 1891.5334404737723 181.0000049178119 564.1497213236133
  endloop
endfacet
facet normal -0.5850117531596495 -0.6999748617667696 0.40962963950337516
  outer loop
    vertex 1895.4021666063484 184.10000491781173 567.7728915953121
    vertex 1898.2984955375885 181.00000491781168 566.6120000000118
    vertex 1895.6571180560456 184.10000491781173 568.1370000000128
  endloop
endfacet
facet normal -0.5850117531596495 -0.6999748617667696 0.40962963950337516
  outer loop
    vertex 1898.2984955375885 181.00000491781168 566.6120000000118
    vertex 1895.4021666063484 184.10000491781173 567.7728915953121
    vertex 1897.7386021578627 181.0000049178117 565.8123893857673
  endloop
endfacet
facet normal 0.18484014583270345 -0.6999748617665958 -0.6898328155309661
  outer loop
    vertex 1891.5334404737735 181.00000491781162 574.6742786764154
    vertex 1893.005950423345 184.10000491781173 571.9232597701938
    vertex 1892.476323481463 181.00000491781162 574.9269234168816
  endloop
endfacet
facet normal 0.18484014583270345 -0.6999748617665958 -0.6898328155309661
  outer loop
    vertex 1893.005950423345 184.10000491781173 571.9232597701938
    vertex 1891.5334404737735 181.00000491781162 574.6742786764154
    vertex 1892.576601910915 184.10000491781173 571.8082161830187
  endloop
endfacet
facet normal 0.30182021999713815 -0.6999748617665207 -0.6472555505330329
  outer loop
    vertex 1890.648753276397 181.00000491781162 574.2617422612068
    vertex 1892.576601910915 184.10000491781173 571.8082161830187
    vertex 1891.5334404737735 181.00000491781162 574.6742786764154
  endloop
endfacet
facet normal 0.30182021999713815 -0.6999748617665207 -0.6472555505330329
  outer loop
    vertex 1892.576601910915 184.10000491781173 571.8082161830187
    vertex 1890.648753276397 181.00000491781162 574.2617422612068
    vertex 1892.1737532763964 184.10000491781173 571.6203647796651
  endloop
endfacet
facet normal 0.40962963950345377 -0.699974861766539 -0.5850117531598706
  outer loop
    vertex 1889.8491426621517 181.00000491781174 573.7018488814803
    vertex 1892.1737532763964 184.10000491781173 571.6203647796651
    vertex 1890.648753276397 181.00000491781162 574.2617422612068
  endloop
endfacet
facet normal 0.40962963950345377 -0.699974861766539 -0.5850117531598706
  outer loop
    vertex 1892.1737532763964 184.10000491781173 571.6203647796651
    vertex 1889.8491426621517 181.00000491781174 573.7018488814803
    vertex 1891.8096448716956 184.10000491781173 571.3654133299682
  endloop
endfacet
facet normal 0.5049926696964048 -0.6999748617665774 -0.5049926696970551
  outer loop
    vertex 1889.1589043949298 181.00000491781168 573.0116106142593
    vertex 1891.8096448716956 184.10000491781173 571.3654133299682
    vertex 1889.8491426621517 181.00000491781174 573.7018488814803
  endloop
endfacet
facet normal 0.5049926696964048 -0.6999748617665774 -0.5049926696970551
  outer loop
    vertex 1891.8096448716956 184.10000491781173 571.3654133299682
    vertex 1889.1589043949298 181.00000491781168 573.0116106142593
    vertex 1891.4953399464425 184.10000491781173 571.0511084047158
  endloop
endfacet
facet normal 0.585011753159857 -0.6999748617665452 -0.40962963950346243
  outer loop
    vertex 1888.5990110152031 181.00000491781168 572.2120000000137
    vertex 1891.4953399464425 184.10000491781173 571.0511084047158
    vertex 1889.1589043949298 181.00000491781168 573.0116106142593
  endloop
endfacet
facet normal 0.585011753159857 -0.6999748617665452 -0.40962963950346243
  outer loop
    vertex 1891.4953399464425 184.10000491781173 571.0511084047158
    vertex 1888.5990110152031 181.00000491781168 572.2120000000137
    vertex 1891.2403884967455 184.10000491781173 570.6870000000149
  endloop
endfacet
facet normal 0.6472555505331083 -0.6999748617665279 -0.3018202199969595
  outer loop
    vertex 1888.186474599995 181.00000491781174 571.3273128026378
    vertex 1891.2403884967455 184.10000491781173 570.6870000000149
    vertex 1888.5990110152031 181.00000491781168 572.2120000000137
  endloop
endfacet
facet normal 0.6472555505331083 -0.6999748617665279 -0.3018202199969595
  outer loop
    vertex 1891.2403884967455 184.10000491781173 570.6870000000149
    vertex 1888.186474599995 181.00000491781174 571.3273128026378
    vertex 1891.0525370933917 184.10000491781184 570.2841513654954
  endloop
endfacet
facet normal 0.6898328155307117 -0.6999748617665297 -0.18484014583390396
  outer loop
    vertex 1887.933829859528 181.00000491781174 570.3844297949487
    vertex 1891.0525370933917 184.10000491781184 570.2841513654954
    vertex 1888.186474599995 181.00000491781174 571.3273128026378
  endloop
endfacet
facet normal 0.6898328155307117 -0.6999748617665297 -0.18484014583390396
  outer loop
    vertex 1891.0525370933917 184.10000491781184 570.2841513654954
    vertex 1887.933829859528 181.00000491781174 570.3844297949487
    vertex 1890.9374935062147 184.1000049178118 569.8548028530658
  endloop
endfacet
facet normal 0.7114498595005648 -0.6999748617665739 -0.062243797373654486
  outer loop
    vertex 1887.933829859528 181.00000491781174 570.3844297949487
    vertex 1890.8987532763958 184.1000049178118 569.412000000015
    vertex 1890.9374935062147 184.1000049178118 569.8548028530658
  endloop
endfacet
facet normal 0.7114498595005648 -0.6999748617665739 -0.062243797373654486
  outer loop
    vertex 1890.8987532763958 184.1000049178118 569.412000000015
    vertex 1887.933829859528 181.00000491781174 570.3844297949487
    vertex 1887.8487532763959 181.0000049178116 569.4120000000137
  endloop
endfacet
facet normal 0.18484014583512745 -0.699974861766635 0.6898328155302771
  outer loop
    vertex 1891.5334404737723 181.0000049178119 564.1497213236133
    vertex 1893.005950423345 184.10000491781196 566.9007402298316
    vertex 1892.5766019109153 184.10000491781196 567.0157838170109
  endloop
endfacet
facet normal 0.18484014583512745 -0.699974861766635 0.6898328155302771
  outer loop
    vertex 1893.005950423345 184.10000491781196 566.9007402298316
    vertex 1891.5334404737723 181.0000049178119 564.1497213236133
    vertex 1892.4763234814613 181.00000491781194 563.8970765831449
  endloop
endfacet
facet normal 0.06224379737368039 -0.6999748617666259 0.7114498595005112
  outer loop
    vertex 1893.448753276396 181.00000491781202 563.8120000000129
    vertex 1893.005950423345 184.10000491781196 566.9007402298316
    vertex 1892.4763234814613 181.00000491781194 563.8970765831449
  endloop
endfacet
facet normal 0.06224379737368039 -0.6999748617666259 0.7114498595005112
  outer loop
    vertex 1893.005950423345 184.10000491781196 566.9007402298316
    vertex 1893.448753276396 181.00000491781202 563.8120000000129
    vertex 1893.4487532763956 184.10000491781187 566.8620000000129
  endloop
endfacet
facet normal -0.06224379737271164 -0.699974861766732 0.7114498595004917
  outer loop
    vertex 1893.448753276396 181.00000491781202 563.8120000000129
    vertex 1893.8915561294464 184.1000049178118 566.9007402298316
    vertex 1893.4487532763956 184.10000491781187 566.8620000000129
  endloop
endfacet
facet normal -0.06224379737271164 -0.699974861766732 0.7114498595004917
  outer loop
    vertex 1893.8915561294464 184.1000049178118 566.9007402298316
    vertex 1893.448753276396 181.00000491781202 563.8120000000129
    vertex 1894.4211830713302 181.00000491781185 563.8970765831431
  endloop
endfacet
facet normal -0.18484014583426286 -0.6999748617667433 0.6898328155303989
  outer loop
    vertex 1893.8915561294464 184.1000049178118 566.9007402298316
    vertex 1895.364066079019 181.00000491781174 564.1497213236108
    vertex 1894.3209046418763 184.10000491781176 567.0157838170088
  endloop
endfacet
facet normal -0.18484014583426286 -0.6999748617667433 0.6898328155303989
  outer loop
    vertex 1895.364066079019 181.00000491781174 564.1497213236108
    vertex 1893.8915561294464 184.1000049178118 566.9007402298316
    vertex 1894.4211830713302 181.00000491781185 563.8970765831431
  endloop
endfacet
facet normal -0.30182021999635444 -0.6999748617667279 0.6472555505331743
  outer loop
    vertex 1894.3209046418763 184.10000491781176 567.0157838170088
    vertex 1896.2487532763953 181.00000491781182 564.5622577388184
    vertex 1894.7237532763957 184.10000491781176 567.2036352203623
  endloop
endfacet
facet normal -0.30182021999635444 -0.6999748617667279 0.6472555505331743
  outer loop
    vertex 1896.2487532763953 181.00000491781182 564.5622577388184
    vertex 1894.3209046418763 184.10000491781176 567.0157838170088
    vertex 1895.364066079019 181.00000491781174 564.1497213236108
  endloop
endfacet
facet normal -0.409629639503835 -0.6999748617667564 0.5850117531593434
  outer loop
    vertex 1894.7237532763957 184.10000491781176 567.2036352203623
    vertex 1897.0483638906403 181.00000491781174 565.1221511185454
    vertex 1895.0878616810958 184.10000491781167 567.4585866700593
  endloop
endfacet
facet normal -0.409629639503835 -0.6999748617667564 0.5850117531593434
  outer loop
    vertex 1897.0483638906403 181.00000491781174 565.1221511185454
    vertex 1894.7237532763957 184.10000491781176 567.2036352203623
    vertex 1896.2487532763953 181.00000491781182 564.5622577388184
  endloop
endfacet
facet normal -0.5049926696964583 -0.6999748617667834 0.5049926696967159
  outer loop
    vertex 1895.0878616810958 184.10000491781167 567.4585866700593
    vertex 1897.7386021578627 181.0000049178117 565.8123893857673
    vertex 1895.4021666063484 184.10000491781173 567.7728915953121
  endloop
endfacet
facet normal -0.5049926696964583 -0.6999748617667834 0.5049926696967159
  outer loop
    vertex 1897.7386021578627 181.0000049178117 565.8123893857673
    vertex 1895.0878616810958 184.10000491781167 567.4585866700593
    vertex 1897.0483638906403 181.00000491781174 565.1221511185454
  endloop
endfacet
facet normal 0.996194698091776 -5.789123703979168e-16 0.08715574274731029
  outer loop
    vertex 1890.8987532763958 206.20000491781352 569.412000000012
    vertex 1890.9374935062142 208.00000491781248 568.9691971469617
    vertex 1890.8987532763958 208.0000049178126 569.4120000000121
  endloop
endfacet
facet normal 0.996194698091776 -5.789123703979168e-16 0.08715574274731029
  outer loop
    vertex 1890.9374935062142 208.00000491781248 568.9691971469617
    vertex 1890.8987532763958 206.20000491781352 569.412000000012
    vertex 1890.9374935062147 206.20000491781343 568.9691971469616
  endloop
endfacet
facet normal 0.9961946980917697 4.096164760283266e-15 -0.08715574274738201
  outer loop
    vertex 1890.9374935062147 208.00000491781248 569.8548028530629
    vertex 1890.8987532763958 206.20000491781352 569.412000000012
    vertex 1890.8987532763958 208.0000049178126 569.4120000000121
  endloop
endfacet
facet normal 0.9961946980917697 4.096164760283266e-15 -0.08715574274738201
  outer loop
    vertex 1890.8987532763958 206.20000491781352 569.412000000012
    vertex 1890.9374935062147 208.00000491781248 569.8548028530629
    vertex 1890.9374935062147 206.20000491781343 569.8548028530628
  endloop
endfacet
facet normal 0.965925826288994 2.1555244060753673e-15 -0.2588190451027984
  outer loop
    vertex 1891.0525370933917 206.2000049178134 570.2841513654927
    vertex 1890.9374935062147 208.00000491781248 569.8548028530629
    vertex 1891.0525370933917 208.00000491781245 570.2841513654927
  endloop
endfacet
facet normal 0.965925826288994 2.1555244060753673e-15 -0.2588190451027984
  outer loop
    vertex 1890.9374935062147 208.00000491781248 569.8548028530629
    vertex 1891.0525370933917 206.2000049178134 570.2841513654927
    vertex 1890.9374935062147 206.20000491781343 569.8548028530628
  endloop
endfacet
facet normal 0.9063077870363452 -1.884606870014436e-14 -0.4226182617413534
  outer loop
    vertex 1891.2403884967457 206.2000049178135 570.6870000000121
    vertex 1891.0525370933917 208.00000491781245 570.2841513654927
    vertex 1891.2403884967457 208.00000491781253 570.687000000012
  endloop
endfacet
facet normal 0.9063077870363452 -1.884606870014436e-14 -0.4226182617413534
  outer loop
    vertex 1891.0525370933917 208.00000491781245 570.2841513654927
    vertex 1891.2403884967457 206.2000049178135 570.6870000000121
    vertex 1891.0525370933917 206.2000049178134 570.2841513654927
  endloop
endfacet
facet normal 0.8191520442892448 -1.1932780406330953e-14 -0.5735764363506849
  outer loop
    vertex 1891.4953399464425 206.2000049178135 571.0511084047129
    vertex 1891.2403884967457 208.00000491781253 570.687000000012
    vertex 1891.4953399464425 208.00000491781253 571.0511084047129
  endloop
endfacet
facet normal 0.8191520442892448 -1.1932780406330953e-14 -0.5735764363506849
  outer loop
    vertex 1891.2403884967457 208.00000491781253 570.687000000012
    vertex 1891.4953399464425 206.2000049178135 571.0511084047129
    vertex 1891.2403884967457 206.2000049178135 570.6870000000121
  endloop
endfacet
facet normal 0.707106781185685 2.020938851656193e-14 -0.7071067811874101
  outer loop
    vertex 1891.809644871696 208.00000491781253 571.3654133299655
    vertex 1891.4953399464425 206.2000049178135 571.0511084047129
    vertex 1891.4953399464425 208.00000491781253 571.0511084047129
  endloop
endfacet
facet normal 0.707106781185685 2.020938851656193e-14 -0.7071067811874101
  outer loop
    vertex 1891.4953399464425 206.2000049178135 571.0511084047129
    vertex 1891.809644871696 208.00000491781253 571.3654133299655
    vertex 1891.809644871696 206.2000049178133 571.3654133299655
  endloop
endfacet
facet normal 0.5735764363510448 2.2979837100720288e-14 -0.8191520442889927
  outer loop
    vertex 1892.1737532763964 208.00000491781245 571.6203647796623
    vertex 1891.809644871696 206.2000049178133 571.3654133299655
    vertex 1891.809644871696 208.00000491781253 571.3654133299655
  endloop
endfacet
facet normal 0.5735764363510448 2.2979837100720288e-14 -0.8191520442889927
  outer loop
    vertex 1891.809644871696 206.2000049178133 571.3654133299655
    vertex 1892.1737532763964 208.00000491781245 571.6203647796623
    vertex 1892.1737532763964 206.2000049178132 571.6203647796622
  endloop
endfacet
facet normal 0.4226182617411738 2.1991736546110522e-14 -0.9063077870364289
  outer loop
    vertex 1892.5766019109153 208.00000491781245 571.8082161830159
    vertex 1892.1737532763964 206.2000049178132 571.6203647796622
    vertex 1892.1737532763964 208.00000491781245 571.6203647796623
  endloop
endfacet
facet normal 0.4226182617411738 2.1991736546110522e-14 -0.9063077870364289
  outer loop
    vertex 1892.1737532763964 206.2000049178132 571.6203647796622
    vertex 1892.5766019109153 208.00000491781245 571.8082161830159
    vertex 1892.5766019109158 206.2000049178132 571.8082161830162
  endloop
endfacet
facet normal 0.25881904510187065 2.8099161096572773e-14 -0.9659258262892426
  outer loop
    vertex 1893.0059504233457 208.00000491781245 571.923259770193
    vertex 1892.5766019109158 206.2000049178132 571.8082161830162
    vertex 1892.5766019109153 208.00000491781245 571.8082161830159
  endloop
endfacet
facet normal 0.25881904510187065 2.8099161096572773e-14 -0.9659258262892426
  outer loop
    vertex 1892.5766019109158 206.2000049178132 571.8082161830162
    vertex 1893.0059504233457 208.00000491781245 571.923259770193
    vertex 1893.0059504233457 206.2000049178132 571.9232597701929
  endloop
endfacet
facet normal 0.08715574274821694 5.1837492121642194e-14 -0.9961946980916967
  outer loop
    vertex 1893.448753276396 208.00000491781245 571.962000000012
    vertex 1893.0059504233457 206.2000049178132 571.9232597701929
    vertex 1893.0059504233457 208.00000491781245 571.923259770193
  endloop
endfacet
facet normal 0.08715574274821694 5.1837492121642194e-14 -0.9961946980916967
  outer loop
    vertex 1893.0059504233457 206.2000049178132 571.9232597701929
    vertex 1893.448753276396 208.00000491781245 571.962000000012
    vertex 1893.448753276396 206.2000049178132 571.9620000000119
  endloop
endfacet
facet normal -0.08715574274838937 -2.3382673129809427e-14 -0.9961946980916816
  outer loop
    vertex 1893.8915561294468 208.00000491781245 571.9232597701928
    vertex 1893.448753276396 206.2000049178132 571.9620000000119
    vertex 1893.448753276396 208.00000491781245 571.962000000012
  endloop
endfacet
facet normal -0.08715574274838937 -2.3382673129809427e-14 -0.9961946980916816
  outer loop
    vertex 1893.448753276396 206.2000049178132 571.9620000000119
    vertex 1893.8915561294468 208.00000491781245 571.9232597701928
    vertex 1893.8915561294468 206.2000049178132 571.9232597701929
  endloop
endfacet
facet normal -0.2588190451018259 -2.2979956579616467e-14 -0.9659258262892546
  outer loop
    vertex 1894.3209046418767 208.00000491781245 571.808216183016
    vertex 1893.8915561294468 206.2000049178132 571.9232597701929
    vertex 1893.8915561294468 208.00000491781245 571.9232597701928
  endloop
endfacet
facet normal -0.2588190451018259 -2.2979956579616467e-14 -0.9659258262892546
  outer loop
    vertex 1893.8915561294468 206.2000049178132 571.9232597701929
    vertex 1894.3209046418767 208.00000491781245 571.808216183016
    vertex 1894.3209046418767 206.2000049178132 571.808216183016
  endloop
endfacet
facet normal -0.42261826174100336 2.3556357286495672e-14 -0.9063077870365082
  outer loop
    vertex 1894.7237532763963 208.00000491781245 571.620364779662
    vertex 1894.3209046418767 206.2000049178132 571.808216183016
    vertex 1894.3209046418767 208.00000491781245 571.808216183016
  endloop
endfacet
facet normal -0.42261826174100336 2.3556357286495672e-14 -0.9063077870365082
  outer loop
    vertex 1894.3209046418767 206.2000049178132 571.808216183016
    vertex 1894.7237532763963 208.00000491781245 571.620364779662
    vertex 1894.7237532763963 206.2000049178132 571.6203647796619
  endloop
endfacet
facet normal -0.5735764363509166 -2.011375782753565e-14 -0.8191520442890824
  outer loop
    vertex 1895.0878616810971 208.00000491781253 571.3654133299651
    vertex 1894.7237532763963 206.2000049178132 571.6203647796619
    vertex 1894.7237532763963 208.00000491781245 571.620364779662
  endloop
endfacet
facet normal -0.5735764363509166 -2.011375782753565e-14 -0.8191520442890824
  outer loop
    vertex 1894.7237532763963 206.2000049178132 571.6203647796619
    vertex 1895.0878616810971 208.00000491781253 571.3654133299651
    vertex 1895.0878616810971 206.2000049178133 571.3654133299652
  endloop
endfacet
facet normal -0.7071067811873086 -1.7738315456876236e-14 -0.7071067811857864
  outer loop
    vertex 1895.402166606349 206.2000049178135 571.0511084047125
    vertex 1895.0878616810971 208.00000491781253 571.3654133299651
    vertex 1895.402166606349 208.00000491781253 571.0511084047125
  endloop
endfacet
facet normal -0.7071067811873086 -1.7738315456876236e-14 -0.7071067811857864
  outer loop
    vertex 1895.0878616810971 208.00000491781253 571.3654133299651
    vertex 1895.402166606349 206.2000049178135 571.0511084047125
    vertex 1895.0878616810971 206.2000049178133 571.3654133299652
  endloop
endfacet
facet normal -0.8191520442889452 4.268732108131366e-14 -0.5735764363511128
  outer loop
    vertex 1895.6571180560463 206.2000049178135 570.6870000000115
    vertex 1895.402166606349 208.00000491781253 571.0511084047125
    vertex 1895.6571180560463 208.00000491781253 570.6870000000118
  endloop
endfacet
facet normal -0.8191520442889452 4.268732108131366e-14 -0.5735764363511128
  outer loop
    vertex 1895.402166606349 208.00000491781253 571.0511084047125
    vertex 1895.6571180560463 206.2000049178135 570.6870000000115
    vertex 1895.402166606349 206.2000049178135 571.0511084047125
  endloop
endfacet
facet normal -0.9063077870366985 3.091308495711753e-14 -0.42261826174059575
  outer loop
    vertex 1895.8449694593999 208.00000491781248 570.2841513654923
    vertex 1895.6571180560463 206.2000049178135 570.6870000000115
    vertex 1895.6571180560463 208.00000491781253 570.6870000000118
  endloop
endfacet
facet normal -0.9063077870366985 3.091308495711753e-14 -0.42261826174059575
  outer loop
    vertex 1895.6571180560463 206.2000049178135 570.6870000000115
    vertex 1895.8449694593999 208.00000491781248 570.2841513654923
    vertex 1895.8449694593999 206.20000491781343 570.2841513654923
  endloop
endfacet
facet normal -0.9659258262892407 5.236169855274831e-15 -0.2588190451018775
  outer loop
    vertex 1895.9600130465767 206.20000491781352 569.8548028530624
    vertex 1895.8449694593999 208.00000491781248 570.2841513654923
    vertex 1895.9600130465767 208.0000049178126 569.8548028530624
  endloop
endfacet
facet normal -0.9659258262892407 5.236169855274831e-15 -0.2588190451018775
  outer loop
    vertex 1895.8449694593999 208.00000491781248 570.2841513654923
    vertex 1895.9600130465767 206.20000491781352 569.8548028530624
    vertex 1895.8449694593999 206.20000491781343 570.2841513654923
  endloop
endfacet
facet normal -0.9961946980917117 5.782452018386714e-16 -0.08715574274804569
  outer loop
    vertex 1895.9987532763957 206.20000491781352 569.4120000000116
    vertex 1895.9600130465767 208.0000049178126 569.8548028530624
    vertex 1895.9987532763957 208.0000049178126 569.4120000000117
  endloop
endfacet
facet normal -0.9961946980917117 5.782452018386714e-16 -0.08715574274804569
  outer loop
    vertex 1895.9600130465767 208.0000049178126 569.8548028530624
    vertex 1895.9987532763957 206.20000491781352 569.4120000000116
    vertex 1895.9600130465767 206.20000491781352 569.8548028530624
  endloop
endfacet
facet normal -0.9961946980916992 -4.094945402162838e-15 0.08715574274818791
  outer loop
    vertex 1895.9600130465763 208.00000491781253 568.969197146961
    vertex 1895.9987532763957 206.20000491781352 569.4120000000116
    vertex 1895.9987532763957 208.0000049178126 569.4120000000117
  endloop
endfacet
facet normal -0.9961946980916992 -4.094945402162838e-15 0.08715574274818791
  outer loop
    vertex 1895.9987532763957 206.20000491781352 569.4120000000116
    vertex 1895.9600130465763 208.00000491781253 568.969197146961
    vertex 1895.9600130465767 206.2000049178135 568.9691971469609
  endloop
endfacet
facet normal -0.9659258262891494 -8.645575874254153e-15 0.2588190451022183
  outer loop
    vertex 1895.8449694593996 206.2000049178135 568.5398486345314
    vertex 1895.9600130465763 208.00000491781253 568.969197146961
    vertex 1895.8449694593996 208.00000491781253 568.5398486345315
  endloop
endfacet
facet normal -0.9659258262891494 -8.645575874254153e-15 0.2588190451022183
  outer loop
    vertex 1895.9600130465763 208.00000491781253 568.969197146961
    vertex 1895.8449694593996 206.2000049178135 568.5398486345314
    vertex 1895.9600130465767 206.2000049178135 568.9691971469609
  endloop
endfacet
facet normal -0.9063077870363995 -3.411834844322216e-14 0.4226182617412367
  outer loop
    vertex 1895.6571180560456 206.20000491781357 568.1370000000118
    vertex 1895.8449694593996 208.00000491781253 568.5398486345315
    vertex 1895.6571180560456 208.00000491781262 568.137000000012
  endloop
endfacet
facet normal -0.9063077870363995 -3.411834844322216e-14 0.4226182617412367
  outer loop
    vertex 1895.8449694593996 208.00000491781253 568.5398486345315
    vertex 1895.6571180560456 206.20000491781357 568.1370000000118
    vertex 1895.8449694593996 206.2000049178135 568.5398486345314
  endloop
endfacet
facet normal -0.8191520442887298 -4.557981474271581e-14 0.5735764363514205
  outer loop
    vertex 1895.4021666063484 206.20000491781357 567.7728915953113
    vertex 1895.6571180560456 208.00000491781262 568.137000000012
    vertex 1895.4021666063484 208.00000491781262 567.7728915953113
  endloop
endfacet
facet normal -0.8191520442887298 -4.557981474271581e-14 0.5735764363514205
  outer loop
    vertex 1895.6571180560456 208.00000491781262 568.137000000012
    vertex 1895.4021666063484 206.20000491781357 567.7728915953113
    vertex 1895.6571180560456 206.20000491781357 568.1370000000118
  endloop
endfacet
facet normal -0.7071067811865985 1.5237646458825674e-14 0.7071067811864966
  outer loop
    vertex 1895.0878616810958 206.20000491781357 567.4585866700586
    vertex 1895.4021666063484 208.00000491781262 567.7728915953113
    vertex 1895.0878616810958 208.00000491781282 567.4585866700584
  endloop
endfacet
facet normal -0.7071067811865985 1.5237646458825674e-14 0.7071067811864966
  outer loop
    vertex 1895.4021666063484 208.00000491781262 567.7728915953113
    vertex 1895.0878616810958 206.20000491781357 567.4585866700586
    vertex 1895.4021666063484 206.20000491781357 567.7728915953113
  endloop
endfacet
facet normal -0.5735764363514535 1.8091861993692096e-14 0.8191520442887065
  outer loop
    vertex 1895.0878616810958 206.20000491781357 567.4585866700586
    vertex 1894.7237532763954 208.0000049178127 567.2036352203615
    vertex 1894.7237532763954 206.2000049178135 567.2036352203615
  endloop
endfacet
facet normal -0.5735764363514535 1.8091861993692096e-14 0.8191520442887065
  outer loop
    vertex 1894.7237532763954 208.0000049178127 567.2036352203615
    vertex 1895.0878616810958 206.20000491781357 567.4585866700586
    vertex 1895.0878616810958 208.00000491781282 567.4585866700584
  endloop
endfacet
facet normal -0.42261826174020695 -2.5048657344587327e-14 0.9063077870368798
  outer loop
    vertex 1894.7237532763954 206.2000049178135 567.2036352203615
    vertex 1894.3209046418756 208.00000491781276 567.0157838170079
    vertex 1894.3209046418756 206.20000491781352 567.0157838170079
  endloop
endfacet
facet normal -0.42261826174020695 -2.5048657344587327e-14 0.9063077870368798
  outer loop
    vertex 1894.3209046418756 208.00000491781276 567.0157838170079
    vertex 1894.7237532763954 206.2000049178135 567.2036352203615
    vertex 1894.7237532763954 208.0000049178127 567.2036352203615
  endloop
endfacet
facet normal -0.25881904510302756 2.2066045111493435e-14 0.9659258262889324
  outer loop
    vertex 1894.3209046418756 206.20000491781352 567.0157838170079
    vertex 1893.8915561294461 208.00000491781276 566.9007402298306
    vertex 1893.8915561294461 206.20000491781352 566.9007402298307
  endloop
endfacet
facet normal -0.25881904510302756 2.2066045111493435e-14 0.9659258262889324
  outer loop
    vertex 1893.8915561294461 208.00000491781276 566.9007402298306
    vertex 1894.3209046418756 206.20000491781352 567.0157838170079
    vertex 1894.3209046418756 208.00000491781276 567.0157838170079
  endloop
endfacet
facet normal -0.08715574274703833 2.307491898916253e-14 0.9961946980917998
  outer loop
    vertex 1893.8915561294461 206.20000491781352 566.9007402298307
    vertex 1893.4487532763953 208.00000491781276 566.8620000000121
    vertex 1893.4487532763953 206.20000491781352 566.862000000012
  endloop
endfacet
facet normal -0.08715574274703833 2.307491898916253e-14 0.9961946980917998
  outer loop
    vertex 1893.4487532763953 208.00000491781276 566.8620000000121
    vertex 1893.8915561294461 206.20000491781352 566.9007402298307
    vertex 1893.8915561294461 208.00000491781276 566.9007402298306
  endloop
endfacet
facet normal 0.08715574274728129 -5.1529737980997596e-14 0.9961946980917785
  outer loop
    vertex 1893.4487532763953 206.20000491781352 566.862000000012
    vertex 1893.0059504233445 208.00000491781276 566.9007402298308
    vertex 1893.0059504233445 206.20000491781352 566.9007402298307
  endloop
endfacet
facet normal 0.08715574274728129 -5.1529737980997596e-14 0.9961946980917785
  outer loop
    vertex 1893.0059504233445 208.00000491781276 566.9007402298308
    vertex 1893.4487532763953 206.20000491781352 566.862000000012
    vertex 1893.4487532763953 208.00000491781276 566.8620000000121
  endloop
endfacet
facet normal 0.2588190451026782 -1.2282118803868179e-15 0.9659258262890261
  outer loop
    vertex 1893.0059504233445 206.20000491781352 566.9007402298307
    vertex 1892.5766019109146 208.0000049178127 567.0157838170079
    vertex 1892.5766019109146 206.2000049178135 567.015783817008
  endloop
endfacet
facet normal 0.2588190451026782 -1.2282118803868179e-15 0.9659258262890261
  outer loop
    vertex 1892.5766019109146 208.0000049178127 567.0157838170079
    vertex 1893.0059504233445 206.20000491781352 566.9007402298307
    vertex 1893.0059504233445 208.00000491781276 566.9007402298308
  endloop
endfacet
facet normal 0.4226182617408141 2.1876559891355108e-14 0.9063077870365964
  outer loop
    vertex 1892.5766019109146 206.2000049178135 567.015783817008
    vertex 1892.1737532763952 208.0000049178127 567.2036352203618
    vertex 1892.1737532763952 206.2000049178135 567.2036352203617
  endloop
endfacet
facet normal 0.4226182617408141 2.1876559891355108e-14 0.9063077870365964
  outer loop
    vertex 1892.1737532763952 208.0000049178127 567.2036352203618
    vertex 1892.5766019109146 206.2000049178135 567.015783817008
    vertex 1892.5766019109146 208.0000049178127 567.0157838170079
  endloop
endfacet
facet normal 0.5735764363513253 -2.0946620032589237e-14 0.8191520442887963
  outer loop
    vertex 1892.1737532763952 206.2000049178135 567.2036352203617
    vertex 1891.8096448716944 208.00000491781282 567.4585866700588
    vertex 1891.8096448716944 206.20000491781357 567.4585866700588
  endloop
endfacet
facet normal 0.5735764363513253 -2.0946620032589237e-14 0.8191520442887963
  outer loop
    vertex 1891.8096448716944 208.00000491781282 567.4585866700588
    vertex 1892.1737532763952 206.2000049178135 567.2036352203617
    vertex 1892.1737532763952 208.0000049178127 567.2036352203618
  endloop
endfacet
facet normal 0.7071067811865981 -1.7712535952045804e-14 0.7071067811864971
  outer loop
    vertex 1891.8096448716944 206.20000491781357 567.4585866700588
    vertex 1891.4953399464418 208.00000491781262 567.7728915953115
    vertex 1891.4953399464418 206.20000491781357 567.7728915953115
  endloop
endfacet
facet normal 0.7071067811865981 -1.7712535952045804e-14 0.7071067811864971
  outer loop
    vertex 1891.4953399464418 208.00000491781262 567.7728915953115
    vertex 1891.8096448716944 206.20000491781357 567.4585866700588
    vertex 1891.8096448716944 208.00000491781282 567.4585866700588
  endloop
endfacet
facet normal 0.8191520442891931 1.4814616137239e-14 0.5735764363507586
  outer loop
    vertex 1891.240388496745 208.00000491781253 568.1370000000121
    vertex 1891.4953399464418 206.20000491781357 567.7728915953115
    vertex 1891.4953399464418 208.00000491781262 567.7728915953115
  endloop
endfacet
facet normal 0.8191520442891931 1.4814616137239e-14 0.5735764363507586
  outer loop
    vertex 1891.4953399464418 206.20000491781357 567.7728915953115
    vertex 1891.240388496745 208.00000491781253 568.1370000000121
    vertex 1891.240388496745 206.2000049178135 568.1370000000123
  endloop
endfacet
facet normal 0.9063077870367527 2.2046254445946077e-14 0.422618261740479
  outer loop
    vertex 1891.0525370933915 206.2000049178135 568.5398486345317
    vertex 1891.240388496745 208.00000491781253 568.1370000000121
    vertex 1891.0525370933915 208.00000491781253 568.5398486345317
  endloop
endfacet
facet normal 0.9063077870367527 2.2046254445946077e-14 0.422618261740479
  outer loop
    vertex 1891.240388496745 208.00000491781253 568.1370000000121
    vertex 1891.0525370933915 206.2000049178135 568.5398486345317
    vertex 1891.240388496745 206.2000049178135 568.1370000000123
  endloop
endfacet
facet normal 0.9659258262890446 1.2524458032743755e-15 0.2588190451026097
  outer loop
    vertex 1890.9374935062147 206.20000491781343 568.9691971469616
    vertex 1891.0525370933915 208.00000491781253 568.5398486345317
    vertex 1890.9374935062142 208.00000491781248 568.9691971469617
  endloop
endfacet
facet normal 0.9659258262890446 1.2524458032743755e-15 0.2588190451026097
  outer loop
    vertex 1891.0525370933915 208.00000491781253 568.5398486345317
    vertex 1890.9374935062147 206.20000491781343 568.9691971469616
    vertex 1891.0525370933915 206.2000049178135 568.5398486345317
  endloop
endfacet
facet normal 0.2588190451022563 1.2320759656493974e-13 -0.9659258262891393
  outer loop
    vertex 1892.5059504233473 208.0000049178117 597.6732597701933
    vertex 1892.0766019109174 206.20000491781275 597.558216183016
    vertex 1892.0766019109174 208.00000491781162 597.5582161830165
  endloop
endfacet
facet normal 0.2588190451022563 1.2320759656493974e-13 -0.9659258262891393
  outer loop
    vertex 1892.0766019109174 206.20000491781275 597.558216183016
    vertex 1892.5059504233473 208.0000049178117 597.6732597701933
    vertex 1892.5059504233473 206.20000491781286 597.6732597701932
  endloop
endfacet
facet normal 0.08715574274771323 1.267509639352114e-13 -0.9961946980917408
  outer loop
    vertex 1892.9487532763976 208.00000491781145 597.7120000000124
    vertex 1892.5059504233473 206.20000491781286 597.6732597701932
    vertex 1892.5059504233473 208.0000049178117 597.6732597701933
  endloop
endfacet
facet normal 0.08715574274771323 1.267509639352114e-13 -0.9961946980917408
  outer loop
    vertex 1892.5059504233473 206.20000491781286 597.6732597701932
    vertex 1892.9487532763976 208.00000491781145 597.7120000000124
    vertex 1892.9487532763976 206.20000491781258 597.712000000012
  endloop
endfacet
facet normal -0.08715574274778497 1.264428211810807e-13 -0.9961946980917344
  outer loop
    vertex 1893.3915561294484 208.00000491781145 597.6732597701932
    vertex 1892.9487532763976 206.20000491781258 597.712000000012
    vertex 1892.9487532763976 208.00000491781145 597.7120000000124
  endloop
endfacet
facet normal -0.08715574274778497 1.264428211810807e-13 -0.9961946980917344
  outer loop
    vertex 1892.9487532763976 206.20000491781258 597.712000000012
    vertex 1893.3915561294484 208.00000491781145 597.6732597701932
    vertex 1893.3915561294484 206.20000491781258 597.6732597701932
  endloop
endfacet
facet normal -0.2588190451025835 7.386952815899622e-14 -0.9659258262890514
  outer loop
    vertex 1893.8209046418783 208.00000491781137 597.5582161830162
    vertex 1893.3915561294484 206.20000491781258 597.6732597701932
    vertex 1893.3915561294484 208.00000491781145 597.6732597701932
  endloop
endfacet
facet normal -0.2588190451025835 7.386952815899622e-14 -0.9659258262890514
  outer loop
    vertex 1893.3915561294484 206.20000491781258 597.6732597701932
    vertex 1893.8209046418783 208.00000491781137 597.5582161830162
    vertex 1893.8209046418783 206.2000049178125 597.558216183016
  endloop
endfacet
facet normal -0.4226182617408143 6.8994166035987e-14 -0.9063077870365966
  outer loop
    vertex 1894.2237532763977 208.0000049178114 597.3703647796624
    vertex 1893.8209046418783 206.2000049178125 597.558216183016
    vertex 1893.8209046418783 208.00000491781137 597.5582161830162
  endloop
endfacet
facet normal -0.4226182617408143 6.8994166035987e-14 -0.9063077870365966
  outer loop
    vertex 1893.8209046418783 206.2000049178125 597.558216183016
    vertex 1894.2237532763977 208.0000049178114 597.3703647796624
    vertex 1894.2237532763977 206.20000491781255 597.3703647796624
  endloop
endfacet
facet normal -0.5735764363512436 4.557224802424788e-14 -0.8191520442888536
  outer loop
    vertex 1894.587861681098 208.0000049178114 597.1154133299656
    vertex 1894.2237532763977 206.20000491781255 597.3703647796624
    vertex 1894.2237532763977 208.0000049178114 597.3703647796624
  endloop
endfacet
facet normal -0.5735764363512436 4.557224802424788e-14 -0.8191520442888536
  outer loop
    vertex 1894.2237532763977 206.20000491781255 597.3703647796624
    vertex 1894.587861681098 208.0000049178114 597.1154133299656
    vertex 1894.5878616810983 206.20000491781255 597.1154133299651
  endloop
endfacet
facet normal -0.7071067811868011 8.86104223363412e-14 -0.707106781186294
  outer loop
    vertex 1894.9021666063506 206.20000491781272 596.8011084047124
    vertex 1894.587861681098 208.0000049178114 597.1154133299656
    vertex 1894.9021666063506 208.00000491781168 596.8011084047129
  endloop
endfacet
facet normal -0.7071067811868011 8.86104223363412e-14 -0.707106781186294
  outer loop
    vertex 1894.587861681098 208.0000049178114 597.1154133299656
    vertex 1894.9021666063506 206.20000491781272 596.8011084047124
    vertex 1894.5878616810983 206.20000491781255 597.1154133299651
  endloop
endfacet
facet normal -0.8191520442888115 4.2687321081332886e-14 -0.5735764363513035
  outer loop
    vertex 1895.157118056048 206.20000491781272 596.4370000000121
    vertex 1894.9021666063506 208.00000491781168 596.8011084047129
    vertex 1895.157118056048 208.00000491781168 596.437000000012
  endloop
endfacet
facet normal -0.8191520442888115 4.2687321081332886e-14 -0.5735764363513035
  outer loop
    vertex 1894.9021666063506 208.00000491781168 596.8011084047129
    vertex 1895.157118056048 206.20000491781272 596.4370000000121
    vertex 1894.9021666063506 206.20000491781272 596.8011084047124
  endloop
endfacet
facet normal -0.9063077870367708 3.091803858493372e-14 -0.42261826174044015
  outer loop
    vertex 1895.3449694594015 206.20000491781272 596.0341513654923
    vertex 1895.157118056048 208.00000491781168 596.437000000012
    vertex 1895.3449694594015 208.00000491781168 596.0341513654927
  endloop
endfacet
facet normal -0.9063077870367708 3.091803858493372e-14 -0.42261826174044015
  outer loop
    vertex 1895.157118056048 208.00000491781168 596.437000000012
    vertex 1895.3449694594015 206.20000491781272 596.0341513654923
    vertex 1895.157118056048 206.20000491781272 596.4370000000121
  endloop
endfacet
facet normal -0.9659258262892136 3.118546538153345e-14 -0.25881904510197895
  outer loop
    vertex 1895.4600130465783 208.00000491781162 595.6048028530628
    vertex 1895.3449694594015 206.20000491781272 596.0341513654923
    vertex 1895.3449694594015 208.00000491781168 596.0341513654927
  endloop
endfacet
facet normal -0.9659258262892136 3.118546538153345e-14 -0.25881904510197895
  outer loop
    vertex 1895.3449694594015 206.20000491781272 596.0341513654923
    vertex 1895.4600130465783 208.00000491781162 595.6048028530628
    vertex 1895.4600130465783 206.20000491781266 595.6048028530628
  endloop
endfacet
facet normal -0.9961946980917117 5.791909255257083e-16 -0.08715574274804569
  outer loop
    vertex 1895.4987532763973 206.20000491781275 595.162000000012
    vertex 1895.4600130465783 208.00000491781162 595.6048028530628
    vertex 1895.4987532763973 208.0000049178117 595.162000000012
  endloop
endfacet
facet normal -0.9961946980917117 5.791909255257083e-16 -0.08715574274804569
  outer loop
    vertex 1895.4600130465783 208.00000491781162 595.6048028530628
    vertex 1895.4987532763973 206.20000491781275 595.162000000012
    vertex 1895.4600130465783 206.20000491781266 595.6048028530628
  endloop
endfacet
facet normal -0.9961946980916961 -1.2834069697171121e-14 0.08715574274822317
  outer loop
    vertex 1895.4600130465783 206.20000491781275 594.7191971469613
    vertex 1895.4987532763973 208.0000049178117 595.162000000012
    vertex 1895.4600130465783 208.0000049178117 594.7191971469616
  endloop
endfacet
facet normal -0.9961946980916961 -1.2834069697171121e-14 0.08715574274822317
  outer loop
    vertex 1895.4987532763973 208.0000049178117 595.162000000012
    vertex 1895.4600130465783 206.20000491781275 594.7191971469613
    vertex 1895.4987532763973 206.20000491781275 595.162000000012
  endloop
endfacet
facet normal -0.9659258262892039 -6.054922467999856e-14 0.2588190451020153
  outer loop
    vertex 1895.3449694594015 206.20000491781275 594.2898486345314
    vertex 1895.4600130465783 208.0000049178117 594.7191971469616
    vertex 1895.3449694594015 208.0000049178117 594.2898486345317
  endloop
endfacet
facet normal -0.9659258262892039 -6.054922467999856e-14 0.2588190451020153
  outer loop
    vertex 1895.4600130465783 208.0000049178117 594.7191971469616
    vertex 1895.3449694594015 206.20000491781275 594.2898486345314
    vertex 1895.4600130465783 206.20000491781275 594.7191971469613
  endloop
endfacet
facet normal -0.9063077870364721 -3.411789471379857e-14 0.4226182617410812
  outer loop
    vertex 1895.157118056047 208.00000491781168 593.8870000000118
    vertex 1895.3449694594015 206.20000491781275 594.2898486345314
    vertex 1895.3449694594015 208.0000049178117 594.2898486345317
  endloop
endfacet
facet normal -0.9063077870364721 -3.411789471379857e-14 0.4226182617410812
  outer loop
    vertex 1895.3449694594015 206.20000491781275 594.2898486345314
    vertex 1895.157118056047 208.00000491781168 593.8870000000118
    vertex 1895.157118056047 206.20000491781272 593.887000000012
  endloop
endfacet
facet normal -0.8191520442889777 -4.5574531064567293e-14 0.5735764363510666
  outer loop
    vertex 1894.9021666063504 206.2000049178128 593.5228915953112
    vertex 1895.157118056047 208.00000491781168 593.8870000000118
    vertex 1894.9021666063504 208.00000491781168 593.5228915953116
  endloop
endfacet
facet normal -0.8191520442889777 -4.5574531064567293e-14 0.5735764363510666
  outer loop
    vertex 1895.157118056047 208.00000491781168 593.8870000000118
    vertex 1894.9021666063504 206.2000049178128 593.5228915953112
    vertex 1895.157118056047 206.20000491781272 593.887000000012
  endloop
endfacet
facet normal -0.707106781186091 -1.6200516128535413e-13 0.7071067811870041
  outer loop
    vertex 1894.9021666063504 206.2000049178128 593.5228915953112
    vertex 1894.5878616810974 208.00000491781176 593.2085866700589
    vertex 1894.5878616810974 206.2000049178129 593.2085866700585
  endloop
endfacet
facet normal -0.707106781186091 -1.6200516128535413e-13 0.7071067811870041
  outer loop
    vertex 1894.5878616810974 208.00000491781176 593.2085866700589
    vertex 1894.9021666063504 206.2000049178128 593.5228915953112
    vertex 1894.9021666063504 208.00000491781168 593.5228915953116
  endloop
endfacet
facet normal -0.5735764363513173 -1.0511461020931843e-13 0.819152044288802
  outer loop
    vertex 1894.5878616810974 206.2000049178129 593.2085866700585
    vertex 1894.223753276397 208.00000491781176 592.9536352203619
    vertex 1894.223753276397 206.2000049178129 592.9536352203619
  endloop
endfacet
facet normal -0.5735764363513173 -1.0511461020931843e-13 0.819152044288802
  outer loop
    vertex 1894.223753276397 208.00000491781176 592.9536352203619
    vertex 1894.5878616810974 206.2000049178129 593.2085866700585
    vertex 1894.5878616810974 208.00000491781176 593.2085866700589
  endloop
endfacet
facet normal -0.4226182617407072 -7.048646609407006e-14 0.9063077870366465
  outer loop
    vertex 1894.223753276397 206.2000049178129 592.9536352203619
    vertex 1893.8209046418772 208.00000491781176 592.765783817008
    vertex 1893.8209046418772 206.2000049178129 592.7657838170079
  endloop
endfacet
facet normal -0.4226182617407072 -7.048646609407006e-14 0.9063077870366465
  outer loop
    vertex 1893.8209046418772 208.00000491781176 592.765783817008
    vertex 1894.223753276397 206.2000049178129 592.9536352203619
    vertex 1894.223753276397 208.00000491781176 592.9536352203619
  endloop
endfacet
facet normal -0.2588190451022699 -7.47822687641404e-14 0.9659258262891357
  outer loop
    vertex 1893.8209046418772 206.2000049178129 592.7657838170079
    vertex 1893.3915561294475 208.00000491781176 592.6507402298312
    vertex 1893.3915561294475 206.2000049178129 592.6507402298311
  endloop
endfacet
facet normal -0.2588190451022699 -7.47822687641404e-14 0.9659258262891357
  outer loop
    vertex 1893.3915561294475 208.00000491781176 592.6507402298312
    vertex 1893.8209046418772 206.2000049178129 592.7657838170079
    vertex 1893.8209046418772 208.00000491781176 592.765783817008
  endloop
endfacet
facet normal -0.08715574274764275 -1.2675057532173006e-13 0.9961946980917469
  outer loop
    vertex 1893.3915561294475 206.2000049178129 592.6507402298311
    vertex 1892.948753276397 208.00000491781176 592.6120000000125
    vertex 1892.948753276397 206.2000049178129 592.612000000012
  endloop
endfacet
facet normal -0.08715574274764275 -1.2675057532173006e-13 0.9961946980917469
  outer loop
    vertex 1892.948753276397 208.00000491781176 592.6120000000125
    vertex 1893.3915561294475 206.2000049178129 592.6507402298311
    vertex 1893.3915561294475 208.00000491781176 592.6507402298312
  endloop
endfacet
facet normal 0.08715574274778497 -1.264428211810807e-13 0.9961946980917344
  outer loop
    vertex 1892.948753276397 206.2000049178129 592.612000000012
    vertex 1892.5059504233461 208.00000491781176 592.6507402298313
    vertex 1892.5059504233461 206.2000049178129 592.6507402298312
  endloop
endfacet
facet normal 0.08715574274778497 -1.264428211810807e-13 0.9961946980917344
  outer loop
    vertex 1892.5059504233461 208.00000491781176 592.6507402298313
    vertex 1892.948753276397 206.2000049178129 592.612000000012
    vertex 1892.948753276397 208.00000491781176 592.6120000000125
  endloop
endfacet
facet normal 0.2588190451023941 -1.2229251423385618e-13 0.9659258262891022
  outer loop
    vertex 1892.5059504233461 206.2000049178129 592.6507402298312
    vertex 1892.0766019109162 208.00000491781176 592.7657838170085
    vertex 1892.0766019109162 206.2000049178129 592.765783817008
  endloop
endfacet
facet normal 0.2588190451023941 -1.2229251423385618e-13 0.9659258262891022
  outer loop
    vertex 1892.0766019109162 208.00000491781176 592.7657838170085
    vertex 1892.5059504233461 206.2000049178129 592.6507402298312
    vertex 1892.5059504233461 208.00000491781176 592.6507402298313
  endloop
endfacet
facet normal 0.4226182617409809 -1.1442708321384853e-13 0.9063077870365187
  outer loop
    vertex 1892.0766019109162 206.2000049178129 592.765783817008
    vertex 1891.6737532763968 208.00000491781176 592.953635220362
    vertex 1891.6737532763968 206.2000049178129 592.953635220362
  endloop
endfacet
facet normal 0.4226182617409809 -1.1442708321384853e-13 0.9063077870365187
  outer loop
    vertex 1891.6737532763968 208.00000491781176 592.953635220362
    vertex 1892.0766019109162 206.2000049178129 592.765783817008
    vertex 1892.0766019109162 208.00000491781176 592.7657838170085
  endloop
endfacet
facet normal 0.5735764363511073 -4.508420132037168e-15 0.8191520442889492
  outer loop
    vertex 1891.3096448716965 206.2000049178129 593.2085866700588
    vertex 1891.6737532763968 208.00000491781176 592.953635220362
    vertex 1891.309644871696 208.00000491781176 593.2085866700589
  endloop
endfacet
facet normal 0.5735764363511073 -4.508420132037168e-15 0.8191520442889492
  outer loop
    vertex 1891.6737532763968 208.00000491781176 592.953635220362
    vertex 1891.3096448716965 206.2000049178129 593.2085866700588
    vertex 1891.6737532763968 206.2000049178129 592.953635220362
  endloop
endfacet
facet normal 0.7071067811869025 -5.315957092736259e-14 0.7071067811861925
  outer loop
    vertex 1890.9953399464437 208.00000491781168 593.522891595312
    vertex 1891.3096448716965 206.2000049178129 593.2085866700588
    vertex 1891.309644871696 208.00000491781176 593.2085866700589
  endloop
endfacet
facet normal 0.7071067811869025 -5.315957092736259e-14 0.7071067811861925
  outer loop
    vertex 1891.3096448716965 206.2000049178129 593.2085866700588
    vertex 1890.9953399464437 208.00000491781168 593.522891595312
    vertex 1890.9953399464437 206.20000491781272 593.5228915953115
  endloop
endfacet
facet normal 0.8191520442888115 -1.577125113794741e-13 0.5735764363513035
  outer loop
    vertex 1890.7403884967466 206.20000491781266 593.887000000012
    vertex 1890.9953399464437 208.00000491781168 593.522891595312
    vertex 1890.7403884967466 208.00000491781162 593.8870000000127
  endloop
endfacet
facet normal 0.8191520442888115 -1.577125113794741e-13 0.5735764363513035
  outer loop
    vertex 1890.9953399464437 208.00000491781168 593.522891595312
    vertex 1890.7403884967466 206.20000491781266 593.887000000012
    vertex 1890.9953399464437 206.20000491781272 593.5228915953115
  endloop
endfacet
facet normal 0.9063077870367348 -1.3684623297350188e-13 0.4226182617405179
  outer loop
    vertex 1890.5525370933933 206.20000491781275 594.2898486345315
    vertex 1890.7403884967466 208.00000491781162 593.8870000000127
    vertex 1890.552537093393 208.0000049178117 594.2898486345321
  endloop
endfacet
facet normal 0.9063077870367348 -1.3684623297350188e-13 0.4226182617405179
  outer loop
    vertex 1890.7403884967466 208.00000491781162 593.8870000000127
    vertex 1890.5525370933933 206.20000491781275 594.2898486345315
    vertex 1890.7403884967466 206.20000491781266 593.887000000012
  endloop
endfacet
facet normal 0.9659258262890514 -7.011297593736877e-14 0.2588190451025844
  outer loop
    vertex 1890.4374935062162 206.20000491781275 594.7191971469616
    vertex 1890.552537093393 208.0000049178117 594.2898486345321
    vertex 1890.4374935062162 208.0000049178117 594.719197146962
  endloop
endfacet
facet normal 0.9659258262890514 -7.011297593736877e-14 0.2588190451025844
  outer loop
    vertex 1890.552537093393 208.0000049178117 594.2898486345321
    vertex 1890.4374935062162 206.20000491781275 594.7191971469616
    vertex 1890.5525370933933 206.20000491781275 594.2898486345315
  endloop
endfacet
facet normal 0.9961946980917791 -9.316428693721364e-15 0.08715574274727506
  outer loop
    vertex 1890.3987532763974 208.00000491781162 595.1620000000124
    vertex 1890.4374935062162 206.20000491781275 594.7191971469616
    vertex 1890.4374935062162 208.0000049178117 594.719197146962
  endloop
endfacet
facet normal 0.9961946980917791 -9.316428693721364e-15 0.08715574274727506
  outer loop
    vertex 1890.4374935062162 206.20000491781275 594.7191971469616
    vertex 1890.3987532763974 208.00000491781162 595.1620000000124
    vertex 1890.3987532763974 206.20000491781266 595.1620000000124
  endloop
endfacet
facet normal 0.9961946980917697 4.095891125828389e-15 -0.08715574274738201
  outer loop
    vertex 1890.4374935062162 206.20000491781266 595.6048028530631
    vertex 1890.3987532763974 208.00000491781162 595.1620000000124
    vertex 1890.4374935062162 208.00000491781162 595.6048028530631
  endloop
endfacet
facet normal 0.9961946980917697 4.095891125828389e-15 -0.08715574274738201
  outer loop
    vertex 1890.3987532763974 208.00000491781162 595.1620000000124
    vertex 1890.4374935062162 206.20000491781266 595.6048028530631
    vertex 1890.3987532763974 206.20000491781266 595.1620000000124
  endloop
endfacet
facet normal 0.9659258262889598 4.7570744704117066e-14 -0.25881904510292525
  outer loop
    vertex 1890.5525370933933 206.20000491781272 596.0341513654923
    vertex 1890.4374935062162 208.00000491781162 595.6048028530631
    vertex 1890.5525370933933 208.00000491781168 596.034151365493
  endloop
endfacet
facet normal 0.9659258262889598 4.7570744704117066e-14 -0.25881904510292525
  outer loop
    vertex 1890.4374935062162 208.00000491781162 595.6048028530631
    vertex 1890.5525370933933 206.20000491781272 596.0341513654923
    vertex 1890.4374935062162 206.20000491781266 595.6048028530631
  endloop
endfacet
facet normal 0.9063077870364358 9.767543802415971e-14 -0.4226182617411588
  outer loop
    vertex 1890.7403884967473 206.20000491781272 596.4370000000122
    vertex 1890.5525370933933 208.00000491781168 596.034151365493
    vertex 1890.7403884967473 208.00000491781168 596.4370000000124
  endloop
endfacet
facet normal 0.9063077870364358 9.767543802415971e-14 -0.4226182617411588
  outer loop
    vertex 1890.5525370933933 208.00000491781168 596.034151365493
    vertex 1890.7403884967473 206.20000491781272 596.4370000000122
    vertex 1890.5525370933933 206.20000491781272 596.0341513654923
  endloop
endfacet
facet normal 0.8191520442891111 1.0309773885693895e-13 -0.5735764363508757
  outer loop
    vertex 1890.9953399464441 208.0000049178116 596.8011084047132
    vertex 1890.7403884967473 206.20000491781272 596.4370000000122
    vertex 1890.7403884967473 208.00000491781168 596.4370000000124
  endloop
endfacet
facet normal 0.8191520442891111 1.0309773885693895e-13 -0.5735764363508757
  outer loop
    vertex 1890.7403884967473 206.20000491781272 596.4370000000122
    vertex 1890.9953399464441 208.0000049178116 596.8011084047132
    vertex 1890.9953399464441 206.20000491781272 596.8011084047127
  endloop
endfacet
facet normal 0.7071067811859895 1.2655812630997113e-13 -0.7071067811871056
  outer loop
    vertex 1891.3096448716972 208.00000491781168 597.1154133299656
    vertex 1890.9953399464441 206.20000491781272 596.8011084047127
    vertex 1890.9953399464441 208.0000049178116 596.8011084047132
  endloop
endfacet
facet normal 0.7071067811859895 1.2655812630997113e-13 -0.7071067811871056
  outer loop
    vertex 1890.9953399464441 206.20000491781272 596.8011084047127
    vertex 1891.3096448716972 208.00000491781168 597.1154133299656
    vertex 1891.3096448716972 206.2000049178128 597.1154133299655
  endloop
endfacet
facet normal 0.573576436351072 6.404636114700559e-14 -0.8191520442889738
  outer loop
    vertex 1891.673753276398 208.00000491781162 597.3703647796625
    vertex 1891.3096448716972 206.2000049178128 597.1154133299655
    vertex 1891.3096448716972 208.00000491781168 597.1154133299656
  endloop
endfacet
facet normal 0.573576436351072 6.404636114700559e-14 -0.8191520442889738
  outer loop
    vertex 1891.3096448716972 206.2000049178128 597.1154133299655
    vertex 1891.673753276398 208.00000491781162 597.3703647796625
    vertex 1891.673753276398 206.20000491781275 597.3703647796625
  endloop
endfacet
facet normal 0.42261826174085154 1.1592427484354987e-13 -0.9063077870365791
  outer loop
    vertex 1892.0766019109174 208.00000491781162 597.5582161830165
    vertex 1891.673753276398 206.20000491781275 597.3703647796625
    vertex 1891.673753276398 208.00000491781162 597.3703647796625
  endloop
endfacet
facet normal 0.42261826174085154 1.1592427484354987e-13 -0.9063077870365791
  outer loop
    vertex 1891.673753276398 206.20000491781275 597.3703647796625
    vertex 1892.0766019109174 208.00000491781162 597.5582161830165
    vertex 1892.0766019109174 206.20000491781275 597.558216183016
  endloop
endfacet
facet normal 3.701426948000591e-15 -1.0 -2.817037161522777e-14
  outer loop
    vertex 1891.948753276396 206.2000049178134 572.0100762113652
    vertex 1893.0059504233457 206.2000049178132 571.9232597701929
    vertex 1893.448753276396 206.2000049178132 571.9620000000119
  endloop
endfacet
facet normal 3.701426948000591e-15 -1.0 -2.817037161522777e-14
  outer loop
    vertex 1893.0059504233457 206.2000049178132 571.9232597701929
    vertex 1891.948753276396 206.2000049178134 572.0100762113652
    vertex 1891.5203904473365 206.2000049178134 571.7101333293692
  endloop
endfacet
facet normal 3.701426948000591e-15 -1.0 -2.817037161522777e-14
  outer loop
    vertex 1893.0059504233457 206.2000049178132 571.9232597701929
    vertex 1891.5203904473365 206.2000049178134 571.7101333293692
    vertex 1892.5766019109158 206.2000049178132 571.8082161830162
  endloop
endfacet
facet normal 3.701426948000591e-15 -1.0 -2.817037161522777e-14
  outer loop
    vertex 1892.5766019109158 206.2000049178132 571.8082161830162
    vertex 1891.5203904473365 206.2000049178134 571.7101333293692
    vertex 1892.1737532763964 206.2000049178132 571.6203647796622
  endloop
endfacet
facet normal 3.701426948000591e-15 -1.0 -2.817037161522777e-14
  outer loop
    vertex 1892.1737532763964 206.2000049178132 571.6203647796622
    vertex 1891.5203904473365 206.2000049178134 571.7101333293692
    vertex 1891.1506199470396 206.2000049178135 571.340362829072
  endloop
endfacet
facet normal 3.701426948000591e-15 -1.0 -2.817037161522777e-14
  outer loop
    vertex 1892.1737532763964 206.2000049178132 571.6203647796622
    vertex 1891.1506199470396 206.2000049178135 571.340362829072
    vertex 1891.809644871696 206.2000049178133 571.3654133299655
  endloop
endfacet
facet normal 3.701426948000591e-15 -1.0 -2.817037161522777e-14
  outer loop
    vertex 1891.809644871696 206.2000049178133 571.3654133299655
    vertex 1891.1506199470396 206.2000049178135 571.340362829072
    vertex 1891.4953399464425 206.2000049178135 571.0511084047129
  endloop
endfacet
facet normal 3.701426948000591e-15 -1.0 -2.817037161522777e-14
  outer loop
    vertex 1891.4953399464425 206.2000049178135 571.0511084047129
    vertex 1891.1506199470396 206.2000049178135 571.340362829072
    vertex 1890.8506770650424 206.2000049178135 570.9120000000121
  endloop
endfacet
facet normal 3.701426948000591e-15 -1.0 -2.817037161522777e-14
  outer loop
    vertex 1891.4953399464425 206.2000049178135 571.0511084047129
    vertex 1890.8506770650424 206.2000049178135 570.9120000000121
    vertex 1891.2403884967457 206.2000049178135 570.6870000000121
  endloop
endfacet
facet normal 3.701426948000591e-15 -1.0 -2.817037161522777e-14
  outer loop
    vertex 1891.2403884967457 206.2000049178135 570.6870000000121
    vertex 1890.8506770650424 206.2000049178135 570.9120000000121
    vertex 1890.6296754140383 206.2000049178134 570.4380604299889
  endloop
endfacet
facet normal 3.701426948000591e-15 -1.0 -2.817037161522777e-14
  outer loop
    vertex 1891.2403884967457 206.2000049178135 570.6870000000121
    vertex 1890.6296754140383 206.2000049178134 570.4380604299889
    vertex 1891.0525370933917 206.2000049178134 570.2841513654927
  endloop
endfacet
facet normal 3.701426948000591e-15 -1.0 -2.817037161522777e-14
  outer loop
    vertex 1891.0525370933917 206.2000049178134 570.2841513654927
    vertex 1890.6296754140383 206.2000049178134 570.4380604299889
    vertex 1890.494330017359 206.20000491781343 569.9329445330129
  endloop
endfacet
facet normal 3.701426948000591e-15 -1.0 -2.817037161522777e-14
  outer loop
    vertex 1891.0525370933917 206.2000049178134 570.2841513654927
    vertex 1890.494330017359 206.20000491781343 569.9329445330129
    vertex 1890.9374935062147 206.20000491781343 569.8548028530628
  endloop
endfacet
facet normal 3.701426948000591e-15 -1.0 -2.817037161522777e-14
  outer loop
    vertex 1890.9374935062147 206.20000491781343 569.8548028530628
    vertex 1890.494330017359 206.20000491781343 569.9329445330129
    vertex 1890.4487532763956 206.20000491781352 569.412000000012
  endloop
endfacet
facet normal 3.701426948000591e-15 -1.0 -2.817037161522777e-14
  outer loop
    vertex 1890.9374935062147 206.20000491781343 569.8548028530628
    vertex 1890.4487532763956 206.20000491781352 569.412000000012
    vertex 1890.8987532763958 206.20000491781352 569.412000000012
  endloop
endfacet
facet normal 3.701426948000591e-15 -1.0 -2.817037161522777e-14
  outer loop
    vertex 1890.8987532763958 206.20000491781352 569.412000000012
    vertex 1890.4487532763956 206.20000491781352 569.412000000012
    vertex 1890.9374935062147 206.20000491781343 568.9691971469616
  endloop
endfacet
facet normal 3.701426948000591e-15 -1.0 -2.817037161522777e-14
  outer loop
    vertex 1890.9374935062147 206.20000491781343 568.9691971469616
    vertex 1890.4487532763956 206.20000491781352 569.412000000012
    vertex 1890.4943300173586 206.20000491781343 568.8910554670114
  endloop
endfacet
facet normal 3.701426948000591e-15 -1.0 -2.817037161522777e-14
  outer loop
    vertex 1890.9374935062147 206.20000491781343 568.9691971469616
    vertex 1890.4943300173586 206.20000491781343 568.8910554670114
    vertex 1891.0525370933915 206.2000049178135 568.5398486345317
  endloop
endfacet
facet normal 3.701426948000591e-15 -1.0 -2.817037161522777e-14
  outer loop
    vertex 1891.0525370933915 206.2000049178135 568.5398486345317
    vertex 1890.4943300173586 206.20000491781343 568.8910554670114
    vertex 1890.6296754140374 206.2000049178135 568.3859395700348
  endloop
endfacet
facet normal 3.701426948000591e-15 -1.0 -2.817037161522777e-14
  outer loop
    vertex 1891.0525370933915 206.2000049178135 568.5398486345317
    vertex 1890.6296754140374 206.2000049178135 568.3859395700348
    vertex 1891.240388496745 206.2000049178135 568.1370000000123
  endloop
endfacet
facet normal 3.701426948000591e-15 -1.0 -2.817037161522777e-14
  outer loop
    vertex 1891.240388496745 206.2000049178135 568.1370000000123
    vertex 1890.6296754140374 206.2000049178135 568.3859395700348
    vertex 1890.8506770650417 206.20000491781357 567.912000000012
  endloop
endfacet
facet normal 3.701426948000591e-15 -1.0 -2.817037161522777e-14
  outer loop
    vertex 1891.240388496745 206.2000049178135 568.1370000000123
    vertex 1890.8506770650417 206.20000491781357 567.912000000012
    vertex 1891.4953399464418 206.20000491781357 567.7728915953115
  endloop
endfacet
facet normal 3.701426948000591e-15 -1.0 -2.817037161522777e-14
  outer loop
    vertex 1891.4953399464418 206.20000491781357 567.7728915953115
    vertex 1890.8506770650417 206.20000491781357 567.912000000012
    vertex 1891.1506199470384 206.20000491781357 567.4836371709524
  endloop
endfacet
facet normal 3.701426948000591e-15 -1.0 -2.817037161522777e-14
  outer loop
    vertex 1891.4953399464418 206.20000491781357 567.7728915953115
    vertex 1891.1506199470384 206.20000491781357 567.4836371709524
    vertex 1891.8096448716944 206.20000491781357 567.4585866700588
  endloop
endfacet
facet normal 3.701426948000591e-15 -1.0 -2.817037161522777e-14
  outer loop
    vertex 1891.8096448716944 206.20000491781357 567.4585866700588
    vertex 1891.1506199470384 206.20000491781357 567.4836371709524
    vertex 1891.5203904473358 206.2000049178135 567.1138666706552
  endloop
endfacet
facet normal 3.701426948000591e-15 -1.0 -2.817037161522777e-14
  outer loop
    vertex 1891.8096448716944 206.20000491781357 567.4585866700588
    vertex 1891.5203904473358 206.2000049178135 567.1138666706552
    vertex 1892.1737532763952 206.2000049178135 567.2036352203617
  endloop
endfacet
facet normal 3.701426948000591e-15 -1.0 -2.817037161522777e-14
  outer loop
    vertex 1892.1737532763952 206.2000049178135 567.2036352203617
    vertex 1891.5203904473358 206.2000049178135 567.1138666706552
    vertex 1892.5766019109146 206.2000049178135 567.015783817008
  endloop
endfacet
facet normal 3.701426948000591e-15 -1.0 -2.817037161522777e-14
  outer loop
    vertex 1892.5766019109146 206.2000049178135 567.015783817008
    vertex 1891.5203904473358 206.2000049178135 567.1138666706552
    vertex 1891.9487532763953 206.20000491781352 566.8139237886586
  endloop
endfacet
facet normal 3.701426948000591e-15 -1.0 -2.817037161522777e-14
  outer loop
    vertex 1892.5766019109146 206.2000049178135 567.015783817008
    vertex 1891.9487532763953 206.20000491781352 566.8139237886586
    vertex 1893.0059504233445 206.20000491781352 566.9007402298307
  endloop
endfacet
facet normal 3.701426948000591e-15 -1.0 -2.817037161522777e-14
  outer loop
    vertex 1893.0059504233445 206.20000491781352 566.9007402298307
    vertex 1891.9487532763953 206.20000491781352 566.8139237886586
    vertex 1893.4487532763953 206.20000491781352 566.862000000012
  endloop
endfacet
facet normal 3.701426948000591e-15 -1.0 -2.817037161522777e-14
  outer loop
    vertex 1893.4487532763953 206.20000491781352 566.862000000012
    vertex 1891.9487532763953 206.20000491781352 566.8139237886586
    vertex 1894.9487532763953 206.20000491781352 566.8139237886586
  endloop
endfacet
facet normal 3.701426948000591e-15 -1.0 -2.817037161522777e-14
  outer loop
    vertex 1894.9487532763953 206.20000491781352 566.8139237886586
    vertex 1891.9487532763953 206.20000491781352 566.8139237886586
    vertex 1894.474813706372 206.20000491781352 566.5929221376541
  endloop
endfacet
facet normal 3.701426948000591e-15 -1.0 -2.817037161522777e-14
  outer loop
    vertex 1894.474813706372 206.20000491781352 566.5929221376541
    vertex 1891.9487532763953 206.20000491781352 566.8139237886586
    vertex 1892.422692846418 206.20000491781352 566.5929221376545
  endloop
endfacet
facet normal 3.701426948000591e-15 -1.0 -2.817037161522777e-14
  outer loop
    vertex 1894.474813706372 206.20000491781352 566.5929221376541
    vertex 1892.422692846418 206.20000491781352 566.5929221376545
    vertex 1892.9278087433947 206.20000491781352 566.4575767409752
  endloop
endfacet
facet normal 3.701426948000591e-15 -1.0 -2.817037161522777e-14
  outer loop
    vertex 1894.474813706372 206.20000491781352 566.5929221376541
    vertex 1892.9278087433947 206.20000491781352 566.4575767409752
    vertex 1893.9696978093962 206.20000491781363 566.4575767409752
  endloop
endfacet
facet normal 3.701426948000591e-15 -1.0 -2.817037161522777e-14
  outer loop
    vertex 1893.9696978093962 206.20000491781363 566.4575767409752
    vertex 1892.9278087433947 206.20000491781352 566.4575767409752
    vertex 1893.4487532763956 206.20000491781363 566.4120000000117
  endloop
endfacet
facet normal 3.701426948000591e-15 -1.0 -2.817037161522777e-14
  outer loop
    vertex 1892.9278087433954 206.20000491781335 572.3664232590486
    vertex 1893.969697809397 206.20000491781335 572.3664232590485
    vertex 1893.448753276396 206.20000491781343 572.4120000000119
  endloop
endfacet
facet normal 3.701426948000591e-15 -1.0 -2.817037161522777e-14
  outer loop
    vertex 1893.969697809397 206.20000491781335 572.3664232590485
    vertex 1892.9278087433954 206.20000491781335 572.3664232590486
    vertex 1892.422692846419 206.2000049178134 572.2310778623697
  endloop
endfacet
facet normal 3.701426948000591e-15 -1.0 -2.817037161522777e-14
  outer loop
    vertex 1893.969697809397 206.20000491781335 572.3664232590485
    vertex 1892.422692846419 206.2000049178134 572.2310778623697
    vertex 1894.474813706373 206.2000049178134 572.2310778623694
  endloop
endfacet
facet normal 3.701426948000591e-15 -1.0 -2.817037161522777e-14
  outer loop
    vertex 1894.474813706373 206.2000049178134 572.2310778623694
    vertex 1892.422692846419 206.2000049178134 572.2310778623697
    vertex 1891.948753276396 206.2000049178134 572.0100762113652
  endloop
endfacet
facet normal 3.701426948000591e-15 -1.0 -2.817037161522777e-14
  outer loop
    vertex 1894.474813706373 206.2000049178134 572.2310778623694
    vertex 1891.948753276396 206.2000049178134 572.0100762113652
    vertex 1894.948753276396 206.2000049178134 572.0100762113652
  endloop
endfacet
facet normal 3.701426948000591e-15 -1.0 -2.817037161522777e-14
  outer loop
    vertex 1894.948753276396 206.2000049178134 572.0100762113652
    vertex 1891.948753276396 206.2000049178134 572.0100762113652
    vertex 1893.448753276396 206.2000049178132 571.9620000000119
  endloop
endfacet
facet normal 3.701426948000591e-15 -1.0 -2.817037161522777e-14
  outer loop
    vertex 1894.948753276396 206.2000049178134 572.0100762113652
    vertex 1893.448753276396 206.2000049178132 571.9620000000119
    vertex 1893.8915561294468 206.2000049178132 571.9232597701929
  endloop
endfacet
facet normal 3.701426948000591e-15 -1.0 -2.817037161522777e-14
  outer loop
    vertex 1894.948753276396 206.2000049178134 572.0100762113652
    vertex 1893.8915561294468 206.2000049178132 571.9232597701929
    vertex 1895.3771161054556 206.2000049178134 571.710133329369
  endloop
endfacet
facet normal 3.701426948000591e-15 -1.0 -2.817037161522777e-14
  outer loop
    vertex 1895.3771161054556 206.2000049178134 571.710133329369
    vertex 1893.8915561294468 206.2000049178132 571.9232597701929
    vertex 1894.3209046418767 206.2000049178132 571.808216183016
  endloop
endfacet
facet normal 3.701426948000591e-15 -1.0 -2.817037161522777e-14
  outer loop
    vertex 1895.3771161054556 206.2000049178134 571.710133329369
    vertex 1894.3209046418767 206.2000049178132 571.808216183016
    vertex 1894.7237532763963 206.2000049178132 571.6203647796619
  endloop
endfacet
facet normal 3.701426948000591e-15 -1.0 -2.817037161522777e-14
  outer loop
    vertex 1895.3771161054556 206.2000049178134 571.710133329369
    vertex 1894.7237532763963 206.2000049178132 571.6203647796619
    vertex 1895.7468866057532 206.2000049178135 571.3403628290714
  endloop
endfacet
facet normal 3.701426948000591e-15 -1.0 -2.817037161522777e-14
  outer loop
    vertex 1895.7468866057532 206.2000049178135 571.3403628290714
    vertex 1894.7237532763963 206.2000049178132 571.6203647796619
    vertex 1895.0878616810971 206.2000049178133 571.3654133299652
  endloop
endfacet
facet normal 3.701426948000591e-15 -1.0 -2.817037161522777e-14
  outer loop
    vertex 1895.7468866057532 206.2000049178135 571.3403628290714
    vertex 1895.0878616810971 206.2000049178133 571.3654133299652
    vertex 1895.402166606349 206.2000049178135 571.0511084047125
  endloop
endfacet
facet normal 3.701426948000591e-15 -1.0 -2.817037161522777e-14
  outer loop
    vertex 1895.7468866057532 206.2000049178135 571.3403628290714
    vertex 1895.402166606349 206.2000049178135 571.0511084047125
    vertex 1896.0468294877492 206.2000049178135 570.9120000000116
  endloop
endfacet
facet normal 3.701426948000591e-15 -1.0 -2.817037161522777e-14
  outer loop
    vertex 1896.0468294877492 206.2000049178135 570.9120000000116
    vertex 1895.402166606349 206.2000049178135 571.0511084047125
    vertex 1895.6571180560463 206.2000049178135 570.6870000000115
  endloop
endfacet
facet normal 3.701426948000591e-15 -1.0 -2.817037161522777e-14
  outer loop
    vertex 1896.0468294877492 206.2000049178135 570.9120000000116
    vertex 1895.6571180560463 206.2000049178135 570.6870000000115
    vertex 1896.2678311387535 206.20000491781343 570.4380604299887
  endloop
endfacet
facet normal 3.701426948000591e-15 -1.0 -2.817037161522777e-14
  outer loop
    vertex 1896.2678311387535 206.20000491781343 570.4380604299887
    vertex 1895.6571180560463 206.2000049178135 570.6870000000115
    vertex 1895.8449694593999 206.20000491781343 570.2841513654923
  endloop
endfacet
facet normal 3.701426948000591e-15 -1.0 -2.817037161522777e-14
  outer loop
    vertex 1896.2678311387535 206.20000491781343 570.4380604299887
    vertex 1895.8449694593999 206.20000491781343 570.2841513654923
    vertex 1896.4031765354323 206.20000491781352 569.9329445330126
  endloop
endfacet
facet normal 3.701426948000591e-15 -1.0 -2.817037161522777e-14
  outer loop
    vertex 1896.4031765354323 206.20000491781352 569.9329445330126
    vertex 1895.8449694593999 206.20000491781343 570.2841513654923
    vertex 1895.9600130465767 206.20000491781352 569.8548028530624
  endloop
endfacet
facet normal 3.701426948000591e-15 -1.0 -2.817037161522777e-14
  outer loop
    vertex 1896.4031765354323 206.20000491781352 569.9329445330126
    vertex 1895.9600130465767 206.20000491781352 569.8548028530624
    vertex 1896.4487532763958 206.20000491781352 569.4120000000116
  endloop
endfacet
facet normal 3.701426948000591e-15 -1.0 -2.817037161522777e-14
  outer loop
    vertex 1896.4487532763958 206.20000491781352 569.4120000000116
    vertex 1895.9600130465767 206.20000491781352 569.8548028530624
    vertex 1895.9987532763957 206.20000491781352 569.4120000000116
  endloop
endfacet
facet normal 3.701426948000591e-15 -1.0 -2.817037161522777e-14
  outer loop
    vertex 1896.4487532763958 206.20000491781352 569.4120000000116
    vertex 1895.9987532763957 206.20000491781352 569.4120000000116
    vertex 1895.9600130465767 206.2000049178135 568.9691971469609
  endloop
endfacet
facet normal 3.701426948000591e-15 -1.0 -2.817037161522777e-14
  outer loop
    vertex 1896.4487532763958 206.20000491781352 569.4120000000116
    vertex 1895.9600130465767 206.2000049178135 568.9691971469609
    vertex 1896.4031765354318 206.2000049178135 568.891055467011
  endloop
endfacet
facet normal 3.701426948000591e-15 -1.0 -2.817037161522777e-14
  outer loop
    vertex 1896.4031765354318 206.2000049178135 568.891055467011
    vertex 1895.9600130465767 206.2000049178135 568.9691971469609
    vertex 1895.8449694593996 206.2000049178135 568.5398486345314
  endloop
endfacet
facet normal 3.701426948000591e-15 -1.0 -2.817037161522777e-14
  outer loop
    vertex 1896.4031765354318 206.2000049178135 568.891055467011
    vertex 1895.8449694593996 206.2000049178135 568.5398486345314
    vertex 1896.267831138753 206.2000049178135 568.3859395700346
  endloop
endfacet
facet normal 3.701426948000591e-15 -1.0 -2.817037161522777e-14
  outer loop
    vertex 1896.267831138753 206.2000049178135 568.3859395700346
    vertex 1895.8449694593996 206.2000049178135 568.5398486345314
    vertex 1895.6571180560456 206.20000491781357 568.1370000000118
  endloop
endfacet
facet normal 3.701426948000591e-15 -1.0 -2.817037161522777e-14
  outer loop
    vertex 1896.267831138753 206.2000049178135 568.3859395700346
    vertex 1895.6571180560456 206.20000491781357 568.1370000000118
    vertex 1896.0468294877487 206.20000491781357 567.9120000000116
  endloop
endfacet
facet normal 3.701426948000591e-15 -1.0 -2.817037161522777e-14
  outer loop
    vertex 1896.0468294877487 206.20000491781357 567.9120000000116
    vertex 1895.6571180560456 206.20000491781357 568.1370000000118
    vertex 1895.4021666063484 206.20000491781357 567.7728915953113
  endloop
endfacet
facet normal 3.701426948000591e-15 -1.0 -2.817037161522777e-14
  outer loop
    vertex 1896.0468294877487 206.20000491781357 567.9120000000116
    vertex 1895.4021666063484 206.20000491781357 567.7728915953113
    vertex 1895.7468866057523 206.20000491781357 567.4836371709519
  endloop
endfacet
facet normal 3.701426948000591e-15 -1.0 -2.817037161522777e-14
  outer loop
    vertex 1895.7468866057523 206.20000491781357 567.4836371709519
    vertex 1895.4021666063484 206.20000491781357 567.7728915953113
    vertex 1895.0878616810958 206.20000491781357 567.4585866700586
  endloop
endfacet
facet normal 3.701426948000591e-15 -1.0 -2.817037161522777e-14
  outer loop
    vertex 1895.7468866057523 206.20000491781357 567.4836371709519
    vertex 1895.0878616810958 206.20000491781357 567.4585866700586
    vertex 1895.377116105455 206.20000491781352 567.1138666706548
  endloop
endfacet
facet normal 3.701426948000591e-15 -1.0 -2.817037161522777e-14
  outer loop
    vertex 1895.377116105455 206.20000491781352 567.1138666706548
    vertex 1895.0878616810958 206.20000491781357 567.4585866700586
    vertex 1894.7237532763954 206.2000049178135 567.2036352203615
  endloop
endfacet
facet normal 3.701426948000591e-15 -1.0 -2.817037161522777e-14
  outer loop
    vertex 1895.377116105455 206.20000491781352 567.1138666706548
    vertex 1894.7237532763954 206.2000049178135 567.2036352203615
    vertex 1894.3209046418756 206.20000491781352 567.0157838170079
  endloop
endfacet
facet normal 3.701426948000591e-15 -1.0 -2.817037161522777e-14
  outer loop
    vertex 1895.377116105455 206.20000491781352 567.1138666706548
    vertex 1894.3209046418756 206.20000491781352 567.0157838170079
    vertex 1894.9487532763953 206.20000491781352 566.8139237886586
  endloop
endfacet
facet normal 3.701426948000591e-15 -1.0 -2.817037161522777e-14
  outer loop
    vertex 1894.9487532763953 206.20000491781352 566.8139237886586
    vertex 1894.3209046418756 206.20000491781352 567.0157838170079
    vertex 1893.8915561294461 206.20000491781352 566.9007402298307
  endloop
endfacet
facet normal 3.701426948000591e-15 -1.0 -2.817037161522777e-14
  outer loop
    vertex 1894.9487532763953 206.20000491781352 566.8139237886586
    vertex 1893.8915561294461 206.20000491781352 566.9007402298307
    vertex 1893.4487532763953 206.20000491781352 566.862000000012
  endloop
endfacet
facet normal -0.996194698091743 1.631311761070761e-14 -0.08715574274768859
  outer loop
    vertex 1890.4943300173586 206.7000049178134 568.8910554670115
    vertex 1890.4487532763956 206.20000491781352 569.412000000012
    vertex 1890.4487532763956 206.70000491781352 569.4120000000121
  endloop
endfacet
facet normal -0.996194698091743 1.631311761070761e-14 -0.08715574274768859
  outer loop
    vertex 1890.4487532763956 206.20000491781352 569.412000000012
    vertex 1890.4943300173586 206.7000049178134 568.8910554670115
    vertex 1890.4943300173586 206.20000491781343 568.8910554670114
  endloop
endfacet
facet normal -0.9659258262891848 5.19521188723081e-14 -0.2588190451020866
  outer loop
    vertex 1890.6296754140374 206.2000049178135 568.3859395700348
    vertex 1890.4943300173586 206.7000049178134 568.8910554670115
    vertex 1890.6296754140374 206.70000491781346 568.385939570035
  endloop
endfacet
facet normal -0.9659258262891848 5.19521188723081e-14 -0.2588190451020866
  outer loop
    vertex 1890.4943300173586 206.7000049178134 568.8910554670115
    vertex 1890.6296754140374 206.2000049178135 568.3859395700348
    vertex 1890.4943300173586 206.20000491781343 568.8910554670114
  endloop
endfacet
facet normal -0.9063077870367243 -2.8407582065521937e-14 -0.42261826174054
  outer loop
    vertex 1890.8506770650417 206.20000491781357 567.912000000012
    vertex 1890.6296754140374 206.70000491781346 568.385939570035
    vertex 1890.8506770650417 206.70000491781354 567.9120000000119
  endloop
endfacet
facet normal -0.9063077870367243 -2.8407582065521937e-14 -0.42261826174054
  outer loop
    vertex 1890.6296754140374 206.70000491781346 568.385939570035
    vertex 1890.8506770650417 206.20000491781357 567.912000000012
    vertex 1890.6296754140374 206.2000049178135 568.3859395700348
  endloop
endfacet
facet normal -0.8191520442887166 -8.957740737291578e-14 -0.5735764363514392
  outer loop
    vertex 1891.1506199470384 206.20000491781357 567.4836371709524
    vertex 1890.8506770650417 206.70000491781354 567.9120000000119
    vertex 1891.1506199470384 206.70000491781354 567.4836371709524
  endloop
endfacet
facet normal -0.8191520442887166 -8.957740737291578e-14 -0.5735764363514392
  outer loop
    vertex 1890.8506770650417 206.70000491781354 567.9120000000119
    vertex 1891.1506199470384 206.20000491781357 567.4836371709524
    vertex 1890.8506770650417 206.20000491781357 567.912000000012
  endloop
endfacet
facet normal -0.7071067811865981 1.7712535952045804e-14 -0.7071067811864971
  outer loop
    vertex 1891.5203904473358 206.70000491781346 567.1138666706552
    vertex 1891.1506199470384 206.20000491781357 567.4836371709524
    vertex 1891.1506199470384 206.70000491781354 567.4836371709524
  endloop
endfacet
facet normal -0.7071067811865981 1.7712535952045804e-14 -0.7071067811864971
  outer loop
    vertex 1891.1506199470384 206.20000491781357 567.4836371709524
    vertex 1891.5203904473358 206.70000491781346 567.1138666706552
    vertex 1891.5203904473358 206.2000049178135 567.1138666706552
  endloop
endfacet
facet normal -0.5735764363511276 1.687968712217742e-13 -0.8191520442889347
  outer loop
    vertex 1891.9487532763953 206.70000491781352 566.8139237886588
    vertex 1891.5203904473358 206.2000049178135 567.1138666706552
    vertex 1891.5203904473358 206.70000491781346 567.1138666706552
  endloop
endfacet
facet normal -0.5735764363511276 1.687968712217742e-13 -0.8191520442889347
  outer loop
    vertex 1891.5203904473358 206.2000049178135 567.1138666706552
    vertex 1891.9487532763953 206.70000491781352 566.8139237886588
    vertex 1891.9487532763953 206.20000491781352 566.8139237886586
  endloop
endfacet
facet normal -0.422618261740759 1.8710288462160002e-13 -0.9063077870366222
  outer loop
    vertex 1892.422692846418 206.7000049178136 566.5929221376545
    vertex 1891.9487532763953 206.20000491781352 566.8139237886586
    vertex 1891.9487532763953 206.70000491781352 566.8139237886588
  endloop
endfacet
facet normal -0.422618261740759 1.8710288462160002e-13 -0.9063077870366222
  outer loop
    vertex 1891.9487532763953 206.20000491781352 566.8139237886586
    vertex 1892.422692846418 206.7000049178136 566.5929221376545
    vertex 1892.422692846418 206.20000491781352 566.5929221376545
  endloop
endfacet
facet normal -0.25881904510273906 2.5444200358193418e-14 -0.9659258262890098
  outer loop
    vertex 1892.9278087433947 206.7000049178136 566.4575767409752
    vertex 1892.422692846418 206.20000491781352 566.5929221376545
    vertex 1892.422692846418 206.7000049178136 566.5929221376545
  endloop
endfacet
facet normal -0.25881904510273906 2.5444200358193418e-14 -0.9659258262890098
  outer loop
    vertex 1892.422692846418 206.20000491781352 566.5929221376545
    vertex 1892.9278087433947 206.7000049178136 566.4575767409752
    vertex 1892.9278087433947 206.20000491781352 566.4575767409752
  endloop
endfacet
facet normal -0.08715574274794213 -1.532296401269111e-13 -0.9961946980917208
  outer loop
    vertex 1893.4487532763956 206.7000049178136 566.4120000000116
    vertex 1892.9278087433947 206.20000491781352 566.4575767409752
    vertex 1892.9278087433947 206.7000049178136 566.4575767409752
  endloop
endfacet
facet normal -0.08715574274794213 -1.532296401269111e-13 -0.9961946980917208
  outer loop
    vertex 1892.9278087433947 206.20000491781352 566.4575767409752
    vertex 1893.4487532763956 206.7000049178136 566.4120000000116
    vertex 1893.4487532763956 206.20000491781363 566.4120000000117
  endloop
endfacet
facet normal 0.08715574274785984 -1.52926485577495e-13 -0.996194698091728
  outer loop
    vertex 1893.9696978093962 206.7000049178136 566.4575767409752
    vertex 1893.4487532763956 206.20000491781363 566.4120000000117
    vertex 1893.4487532763956 206.7000049178136 566.4120000000116
  endloop
endfacet
facet normal 0.08715574274785984 -1.52926485577495e-13 -0.996194698091728
  outer loop
    vertex 1893.4487532763956 206.20000491781363 566.4120000000117
    vertex 1893.9696978093962 206.7000049178136 566.4575767409752
    vertex 1893.9696978093962 206.20000491781363 566.4575767409752
  endloop
endfacet
facet normal 0.2588190451029579 2.0069405506612685e-13 -0.9659258262889513
  outer loop
    vertex 1894.474813706372 206.7000049178136 566.5929221376543
    vertex 1893.9696978093962 206.20000491781363 566.4575767409752
    vertex 1893.9696978093962 206.7000049178136 566.4575767409752
  endloop
endfacet
facet normal 0.2588190451029579 2.0069405506612685e-13 -0.9659258262889513
  outer loop
    vertex 1893.9696978093962 206.20000491781363 566.4575767409752
    vertex 1894.474813706372 206.7000049178136 566.5929221376543
    vertex 1894.474813706372 206.20000491781352 566.5929221376541
  endloop
endfacet
facet normal 0.4226182617403842 1.886099654126202e-13 -0.9063077870367969
  outer loop
    vertex 1894.9487532763953 206.70000491781352 566.8139237886586
    vertex 1894.474813706372 206.20000491781352 566.5929221376541
    vertex 1894.474813706372 206.7000049178136 566.5929221376543
  endloop
endfacet
facet normal 0.4226182617403842 1.886099654126202e-13 -0.9063077870367969
  outer loop
    vertex 1894.474813706372 206.20000491781352 566.5929221376541
    vertex 1894.9487532763953 206.70000491781352 566.8139237886586
    vertex 1894.9487532763953 206.20000491781352 566.8139237886586
  endloop
endfacet
facet normal 0.5735764363508948 2.2978112084674363e-14 -0.8191520442890977
  outer loop
    vertex 1895.377116105455 206.70000491781352 567.1138666706548
    vertex 1894.9487532763953 206.20000491781352 566.8139237886586
    vertex 1894.9487532763953 206.70000491781352 566.8139237886586
  endloop
endfacet
facet normal 0.5735764363508948 2.2978112084674363e-14 -0.8191520442890977
  outer loop
    vertex 1894.9487532763953 206.20000491781352 566.8139237886586
    vertex 1895.377116105455 206.70000491781352 567.1138666706548
    vertex 1895.377116105455 206.20000491781352 567.1138666706548
  endloop
endfacet
facet normal 0.7071067811863676 8.403878196175921e-14 -0.7071067811867275
  outer loop
    vertex 1895.7468866057523 206.70000491781354 567.4836371709521
    vertex 1895.377116105455 206.20000491781352 567.1138666706548
    vertex 1895.377116105455 206.70000491781352 567.1138666706548
  endloop
endfacet
facet normal 0.7071067811863676 8.403878196175921e-14 -0.7071067811867275
  outer loop
    vertex 1895.377116105455 206.20000491781352 567.1138666706548
    vertex 1895.7468866057523 206.70000491781354 567.4836371709521
    vertex 1895.7468866057523 206.20000491781357 567.4836371709519
  endloop
endfacet
facet normal 0.8191520442887766 6.860243658638186e-14 -0.5735764363513534
  outer loop
    vertex 1896.0468294877487 206.20000491781357 567.9120000000116
    vertex 1895.7468866057523 206.70000491781354 567.4836371709521
    vertex 1896.0468294877487 206.70000491781354 567.9120000000116
  endloop
endfacet
facet normal 0.8191520442887766 6.860243658638186e-14 -0.5735764363513534
  outer loop
    vertex 1895.7468866057523 206.70000491781354 567.4836371709521
    vertex 1896.0468294877487 206.20000491781357 567.9120000000116
    vertex 1895.7468866057523 206.20000491781357 567.4836371709519
  endloop
endfacet
facet normal 0.9063077870366795 1.2926956718723578e-14 -0.4226182617406364
  outer loop
    vertex 1896.267831138753 206.70000491781346 568.3859395700346
    vertex 1896.0468294877487 206.20000491781357 567.9120000000116
    vertex 1896.0468294877487 206.70000491781354 567.9120000000116
  endloop
endfacet
facet normal 0.9063077870366795 1.2926956718723578e-14 -0.4226182617406364
  outer loop
    vertex 1896.0468294877487 206.20000491781357 567.9120000000116
    vertex 1896.267831138753 206.70000491781346 568.3859395700346
    vertex 1896.267831138753 206.2000049178135 568.3859395700346
  endloop
endfacet
facet normal 0.9659258262891361 8.645575874255451e-15 -0.2588190451022676
  outer loop
    vertex 1896.4031765354318 206.2000049178135 568.891055467011
    vertex 1896.267831138753 206.70000491781346 568.3859395700346
    vertex 1896.4031765354318 206.70000491781346 568.891055467011
  endloop
endfacet
facet normal 0.9659258262891361 8.645575874255451e-15 -0.2588190451022676
  outer loop
    vertex 1896.267831138753 206.70000491781346 568.3859395700346
    vertex 1896.4031765354318 206.2000049178135 568.891055467011
    vertex 1896.267831138753 206.2000049178135 568.3859395700346
  endloop
endfacet
facet normal 0.9961946980917306 4.098993904601919e-15 -0.0871557427478308
  outer loop
    vertex 1896.4487532763958 206.20000491781352 569.4120000000116
    vertex 1896.4031765354318 206.70000491781346 568.891055467011
    vertex 1896.4487532763958 206.70000491781352 569.4120000000116
  endloop
endfacet
facet normal 0.9961946980917306 4.098993904601919e-15 -0.0871557427478308
  outer loop
    vertex 1896.4031765354318 206.70000491781346 568.891055467011
    vertex 1896.4487532763958 206.20000491781352 569.4120000000116
    vertex 1896.4031765354318 206.2000049178135 568.891055467011
  endloop
endfacet
facet normal 0.9961946980917482 -5.7824520182742405e-16 0.08715574274762865
  outer loop
    vertex 1896.4031765354323 206.20000491781352 569.9329445330126
    vertex 1896.4487532763958 206.70000491781352 569.4120000000116
    vertex 1896.4031765354323 206.70000491781352 569.9329445330126
  endloop
endfacet
facet normal 0.9961946980917482 -5.7824520182742405e-16 0.08715574274762865
  outer loop
    vertex 1896.4487532763958 206.70000491781352 569.4120000000116
    vertex 1896.4031765354323 206.20000491781352 569.9329445330126
    vertex 1896.4487532763958 206.20000491781352 569.4120000000116
  endloop
endfacet
facet normal 0.9659258262891268 -5.249973723007153e-15 0.25881904510230225
  outer loop
    vertex 1896.2678311387535 206.7000049178134 570.4380604299887
    vertex 1896.4031765354323 206.20000491781352 569.9329445330126
    vertex 1896.4031765354323 206.70000491781352 569.9329445330126
  endloop
endfacet
facet normal 0.9659258262891268 -5.249973723007153e-15 0.25881904510230225
  outer loop
    vertex 1896.4031765354323 206.20000491781352 569.9329445330126
    vertex 1896.2678311387535 206.7000049178134 570.4380604299887
    vertex 1896.2678311387535 206.20000491781343 570.4380604299887
  endloop
endfacet
facet normal 0.9063077870367399 -9.737933828478774e-15 0.42261826174050693
  outer loop
    vertex 1896.0468294877492 206.2000049178135 570.9120000000116
    vertex 1896.2678311387535 206.7000049178134 570.4380604299887
    vertex 1896.0468294877492 206.70000491781346 570.9120000000116
  endloop
endfacet
facet normal 0.9063077870367399 -9.737933828478774e-15 0.42261826174050693
  outer loop
    vertex 1896.2678311387535 206.7000049178134 570.4380604299887
    vertex 1896.0468294877492 206.2000049178135 570.9120000000116
    vertex 1896.2678311387535 206.20000491781343 570.4380604299887
  endloop
endfacet
facet normal 0.8191520442895639 -6.570994292487524e-14 0.573576436350229
  outer loop
    vertex 1895.7468866057532 206.2000049178135 571.3403628290714
    vertex 1896.0468294877492 206.70000491781346 570.9120000000116
    vertex 1895.7468866057532 206.70000491781346 571.3403628290716
  endloop
endfacet
facet normal 0.8191520442895639 -6.570994292487524e-14 0.573576436350229
  outer loop
    vertex 1896.0468294877492 206.70000491781346 570.9120000000116
    vertex 1895.7468866057532 206.2000049178135 571.3403628290714
    vertex 1896.0468294877492 206.2000049178135 570.9120000000116
  endloop
endfacet
facet normal 0.7071067811863824 -8.151719890765011e-14 0.7071067811867128
  outer loop
    vertex 1895.7468866057532 206.2000049178135 571.3403628290714
    vertex 1895.3771161054556 206.70000491781337 571.710133329369
    vertex 1895.3771161054556 206.2000049178134 571.710133329369
  endloop
endfacet
facet normal 0.7071067811863824 -8.151719890765011e-14 0.7071067811867128
  outer loop
    vertex 1895.3771161054556 206.70000491781337 571.710133329369
    vertex 1895.7468866057532 206.2000049178135 571.3403628290714
    vertex 1895.7468866057532 206.70000491781346 571.3403628290716
  endloop
endfacet
facet normal 0.5735764363510119 -2.0952766218746988e-14 0.8191520442890158
  outer loop
    vertex 1895.3771161054556 206.2000049178134 571.710133329369
    vertex 1894.948753276396 206.70000491781337 572.0100762113652
    vertex 1894.948753276396 206.2000049178134 572.0100762113652
  endloop
endfacet
facet normal 0.5735764363510119 -2.0952766218746988e-14 0.8191520442890158
  outer loop
    vertex 1894.948753276396 206.70000491781337 572.0100762113652
    vertex 1895.3771161054556 206.2000049178134 571.710133329369
    vertex 1895.3771161054556 206.70000491781337 571.710133329369
  endloop
endfacet
facet normal 0.4226182617404947 -1.8711485912670733e-13 0.9063077870367456
  outer loop
    vertex 1894.948753276396 206.2000049178134 572.0100762113652
    vertex 1894.474813706373 206.70000491781337 572.2310778623697
    vertex 1894.474813706373 206.2000049178134 572.2310778623694
  endloop
endfacet
facet normal 0.4226182617404947 -1.8711485912670733e-13 0.9063077870367456
  outer loop
    vertex 1894.474813706373 206.70000491781337 572.2310778623697
    vertex 1894.948753276396 206.2000049178134 572.0100762113652
    vertex 1894.948753276396 206.70000491781337 572.0100762113652
  endloop
endfacet
facet normal 0.2588190451026012 -1.997786725512961e-13 0.9659258262890467
  outer loop
    vertex 1894.474813706373 206.2000049178134 572.2310778623694
    vertex 1893.969697809397 206.70000491781332 572.3664232590485
    vertex 1893.969697809397 206.20000491781335 572.3664232590485
  endloop
endfacet
facet normal 0.2588190451026012 -1.997786725512961e-13 0.9659258262890467
  outer loop
    vertex 1893.969697809397 206.70000491781332 572.3664232590485
    vertex 1894.474813706373 206.2000049178134 572.2310778623694
    vertex 1894.474813706373 206.70000491781337 572.2310778623697
  endloop
endfacet
facet normal 0.08715574274759962 1.5323908376226514e-13 0.9961946980917508
  outer loop
    vertex 1893.969697809397 206.20000491781335 572.3664232590485
    vertex 1893.448753276396 206.7000049178134 572.4120000000117
    vertex 1893.448753276396 206.20000491781343 572.4120000000119
  endloop
endfacet
facet normal 0.08715574274759962 1.5323908376226514e-13 0.9961946980917508
  outer loop
    vertex 1893.448753276396 206.7000049178134 572.4120000000117
    vertex 1893.969697809397 206.20000491781335 572.3664232590485
    vertex 1893.969697809397 206.70000491781332 572.3664232590485
  endloop
endfacet
facet normal -0.08715574274751733 1.5292523321797255e-13 0.996194698091758
  outer loop
    vertex 1893.448753276396 206.20000491781343 572.4120000000119
    vertex 1892.9278087433954 206.70000491781332 572.3664232590486
    vertex 1892.9278087433954 206.20000491781335 572.3664232590486
  endloop
endfacet
facet normal -0.08715574274751733 1.5292523321797255e-13 0.996194698091758
  outer loop
    vertex 1892.9278087433954 206.70000491781332 572.3664232590486
    vertex 1893.448753276396 206.20000491781343 572.4120000000119
    vertex 1893.448753276396 206.7000049178134 572.4120000000117
  endloop
endfacet
facet normal -0.2588190451021298 -2.6358111826311493e-14 0.9659258262891732
  outer loop
    vertex 1892.9278087433954 206.20000491781335 572.3664232590486
    vertex 1892.422692846419 206.70000491781337 572.2310778623697
    vertex 1892.422692846419 206.2000049178134 572.2310778623697
  endloop
endfacet
facet normal -0.2588190451021298 -2.6358111826311493e-14 0.9659258262891732
  outer loop
    vertex 1892.422692846419 206.70000491781337 572.2310778623697
    vertex 1892.9278087433954 206.20000491781335 572.3664232590486
    vertex 1892.9278087433954 206.70000491781332 572.3664232590486
  endloop
endfacet
facet normal -0.4226182617406486 -1.8862300787680183e-13 0.9063077870366736
  outer loop
    vertex 1892.422692846419 206.2000049178134 572.2310778623697
    vertex 1891.948753276396 206.70000491781337 572.0100762113656
    vertex 1891.948753276396 206.2000049178134 572.0100762113652
  endloop
endfacet
facet normal -0.4226182617406486 -1.8862300787680183e-13 0.9063077870366736
  outer loop
    vertex 1891.948753276396 206.70000491781337 572.0100762113656
    vertex 1892.422692846419 206.2000049178134 572.2310778623697
    vertex 1892.422692846419 206.70000491781337 572.2310778623697
  endloop
endfacet
facet normal -0.5735764363507792 -1.708222170877352e-13 0.8191520442891788
  outer loop
    vertex 1891.948753276396 206.2000049178134 572.0100762113652
    vertex 1891.5203904473365 206.70000491781337 571.7101333293692
    vertex 1891.5203904473365 206.2000049178134 571.7101333293692
  endloop
endfacet
facet normal -0.5735764363507792 -1.708222170877352e-13 0.8191520442891788
  outer loop
    vertex 1891.5203904473365 206.70000491781337 571.7101333293692
    vertex 1891.948753276396 206.2000049178134 572.0100762113652
    vertex 1891.948753276396 206.70000491781337 572.0100762113656
  endloop
endfacet
facet normal -0.7071067811868422 -2.0258849495674687e-14 0.7071067811862529
  outer loop
    vertex 1891.1506199470396 206.2000049178135 571.340362829072
    vertex 1891.5203904473365 206.70000491781337 571.7101333293692
    vertex 1891.1506199470396 206.70000491781346 571.340362829072
  endloop
endfacet
facet normal -0.7071067811868422 -2.0258849495674687e-14 0.7071067811862529
  outer loop
    vertex 1891.5203904473365 206.70000491781337 571.7101333293692
    vertex 1891.1506199470396 206.2000049178135 571.340362829072
    vertex 1891.5203904473365 206.2000049178134 571.7101333293692
  endloop
endfacet
facet normal -0.8191520442886511 8.668491371152528e-14 0.5735764363515329
  outer loop
    vertex 1890.8506770650424 206.2000049178135 570.9120000000121
    vertex 1891.1506199470396 206.70000491781346 571.340362829072
    vertex 1890.8506770650424 206.70000491781346 570.9120000000119
  endloop
endfacet
facet normal -0.8191520442886511 8.668491371152528e-14 0.5735764363515329
  outer loop
    vertex 1891.1506199470396 206.70000491781346 571.340362829072
    vertex 1890.8506770650424 206.2000049178135 570.9120000000121
    vertex 1891.1506199470396 206.2000049178135 571.340362829072
  endloop
endfacet
facet normal -0.9063077870366948 2.519610935168773e-14 0.4226182617406033
  outer loop
    vertex 1890.6296754140383 206.70000491781337 570.438060429989
    vertex 1890.8506770650424 206.2000049178135 570.9120000000121
    vertex 1890.8506770650424 206.70000491781346 570.9120000000119
  endloop
endfacet
facet normal -0.9063077870366948 2.519610935168773e-14 0.4226182617406033
  outer loop
    vertex 1890.8506770650424 206.2000049178135 570.9120000000121
    vertex 1890.6296754140383 206.70000491781337 570.438060429989
    vertex 1890.6296754140383 206.2000049178134 570.4380604299889
  endloop
endfacet
facet normal -0.9659258262889058 -5.536288290512017e-14 0.2588190451031273
  outer loop
    vertex 1890.494330017359 206.20000491781343 569.9329445330129
    vertex 1890.6296754140383 206.70000491781337 570.438060429989
    vertex 1890.494330017359 206.7000049178134 569.932944533013
  endloop
endfacet
facet normal -0.9659258262889058 -5.536288290512017e-14 0.2588190451031273
  outer loop
    vertex 1890.6296754140383 206.70000491781337 570.438060429989
    vertex 1890.494330017359 206.20000491781343 569.9329445330129
    vertex 1890.6296754140383 206.2000049178134 570.4380604299889
  endloop
endfacet
facet normal -0.9961946980917358 -1.981846157354036e-14 0.08715574274777087
  outer loop
    vertex 1890.4487532763956 206.20000491781352 569.412000000012
    vertex 1890.494330017359 206.7000049178134 569.932944533013
    vertex 1890.4487532763956 206.70000491781352 569.4120000000121
  endloop
endfacet
facet normal -0.9961946980917358 -1.981846157354036e-14 0.08715574274777087
  outer loop
    vertex 1890.494330017359 206.7000049178134 569.932944533013
    vertex 1890.4487532763956 206.20000491781352 569.412000000012
    vertex 1890.494330017359 206.20000491781343 569.9329445330129
  endloop
endfacet
facet normal -8.014582902202787e-15 -1.0 1.1726137363048328e-14
  outer loop
    vertex 1892.427808743397 206.20000491781295 598.1164232590488
    vertex 1893.4696978093984 206.20000491781295 598.1164232590487
    vertex 1892.9487532763976 206.20000491781295 598.1620000000122
  endloop
endfacet
facet normal -8.014582902202787e-15 -1.0 1.1726137363048328e-14
  outer loop
    vertex 1893.4696978093984 206.20000491781295 598.1164232590487
    vertex 1892.427808743397 206.20000491781295 598.1164232590488
    vertex 1891.9226928464204 206.20000491781295 597.9810778623698
  endloop
endfacet
facet normal -8.014582902202787e-15 -1.0 1.1726137363048328e-14
  outer loop
    vertex 1893.4696978093984 206.20000491781295 598.1164232590487
    vertex 1891.9226928464204 206.20000491781295 597.9810778623698
    vertex 1893.9748137063746 206.20000491781266 597.98107786237
  endloop
endfacet
facet normal -8.014582902202787e-15 -1.0 1.1726137363048328e-14
  outer loop
    vertex 1893.9748137063746 206.20000491781266 597.98107786237
    vertex 1891.9226928464204 206.20000491781295 597.9810778623698
    vertex 1894.4487532763976 206.20000491781266 597.760076211365
  endloop
endfacet
facet normal -8.014582902202787e-15 -1.0 1.1726137363048328e-14
  outer loop
    vertex 1894.4487532763976 206.20000491781266 597.760076211365
    vertex 1891.9226928464204 206.20000491781295 597.9810778623698
    vertex 1891.4487532763976 206.20000491781295 597.7600762113655
  endloop
endfacet
facet normal -8.014582902202787e-15 -1.0 1.1726137363048328e-14
  outer loop
    vertex 1894.4487532763976 206.20000491781266 597.760076211365
    vertex 1891.4487532763976 206.20000491781295 597.7600762113655
    vertex 1892.9487532763976 206.20000491781258 597.712000000012
  endloop
endfacet
facet normal -8.014582902202787e-15 -1.0 1.1726137363048328e-14
  outer loop
    vertex 1892.9487532763976 206.20000491781258 597.712000000012
    vertex 1891.4487532763976 206.20000491781295 597.7600762113655
    vertex 1892.5059504233473 206.20000491781286 597.6732597701932
  endloop
endfacet
facet normal -8.014582902202787e-15 -1.0 1.1726137363048328e-14
  outer loop
    vertex 1892.5059504233473 206.20000491781286 597.6732597701932
    vertex 1891.4487532763976 206.20000491781295 597.7600762113655
    vertex 1891.020390447338 206.20000491781286 597.4601333293692
  endloop
endfacet
facet normal -8.014582902202787e-15 -1.0 1.1726137363048328e-14
  outer loop
    vertex 1892.5059504233473 206.20000491781286 597.6732597701932
    vertex 1891.020390447338 206.20000491781286 597.4601333293692
    vertex 1892.0766019109174 206.20000491781275 597.558216183016
  endloop
endfacet
facet normal -8.014582902202787e-15 -1.0 1.1726137363048328e-14
  outer loop
    vertex 1892.0766019109174 206.20000491781275 597.558216183016
    vertex 1891.020390447338 206.20000491781286 597.4601333293692
    vertex 1891.673753276398 206.20000491781275 597.3703647796625
  endloop
endfacet
facet normal -8.014582902202787e-15 -1.0 1.1726137363048328e-14
  outer loop
    vertex 1891.673753276398 206.20000491781275 597.3703647796625
    vertex 1891.020390447338 206.20000491781286 597.4601333293692
    vertex 1890.6506199470407 206.2000049178129 597.0903628290718
  endloop
endfacet
facet normal -8.014582902202787e-15 -1.0 1.1726137363048328e-14
  outer loop
    vertex 1891.673753276398 206.20000491781275 597.3703647796625
    vertex 1890.6506199470407 206.2000049178129 597.0903628290718
    vertex 1891.3096448716972 206.2000049178128 597.1154133299655
  endloop
endfacet
facet normal -8.014582902202787e-15 -1.0 1.1726137363048328e-14
  outer loop
    vertex 1891.3096448716972 206.2000049178128 597.1154133299655
    vertex 1890.6506199470407 206.2000049178129 597.0903628290718
    vertex 1890.9953399464441 206.20000491781272 596.8011084047127
  endloop
endfacet
facet normal -8.014582902202787e-15 -1.0 1.1726137363048328e-14
  outer loop
    vertex 1890.9953399464441 206.20000491781272 596.8011084047127
    vertex 1890.6506199470407 206.2000049178129 597.0903628290718
    vertex 1890.350677065044 206.2000049178129 596.6620000000124
  endloop
endfacet
facet normal -8.014582902202787e-15 -1.0 1.1726137363048328e-14
  outer loop
    vertex 1890.9953399464441 206.20000491781272 596.8011084047127
    vertex 1890.350677065044 206.2000049178129 596.6620000000124
    vertex 1890.7403884967473 206.20000491781272 596.4370000000122
  endloop
endfacet
facet normal -8.014582902202787e-15 -1.0 1.1726137363048328e-14
  outer loop
    vertex 1890.7403884967473 206.20000491781272 596.4370000000122
    vertex 1890.350677065044 206.2000049178129 596.6620000000124
    vertex 1890.1296754140396 206.20000491781272 596.1880604299894
  endloop
endfacet
facet normal -8.014582902202787e-15 -1.0 1.1726137363048328e-14
  outer loop
    vertex 1890.7403884967473 206.20000491781272 596.4370000000122
    vertex 1890.1296754140396 206.20000491781272 596.1880604299894
    vertex 1890.5525370933933 206.20000491781272 596.0341513654923
  endloop
endfacet
facet normal -8.014582902202787e-15 -1.0 1.1726137363048328e-14
  outer loop
    vertex 1890.5525370933933 206.20000491781272 596.0341513654923
    vertex 1890.1296754140396 206.20000491781272 596.1880604299894
    vertex 1889.9943300173607 206.20000491781263 595.682944533013
  endloop
endfacet
facet normal -8.014582902202787e-15 -1.0 1.1726137363048328e-14
  outer loop
    vertex 1890.5525370933933 206.20000491781272 596.0341513654923
    vertex 1889.9943300173607 206.20000491781263 595.682944533013
    vertex 1890.4374935062162 206.20000491781266 595.6048028530631
  endloop
endfacet
facet normal -8.014582902202787e-15 -1.0 1.1726137363048328e-14
  outer loop
    vertex 1890.4374935062162 206.20000491781266 595.6048028530631
    vertex 1889.9943300173607 206.20000491781263 595.682944533013
    vertex 1889.9487532763972 206.20000491781266 595.1620000000124
  endloop
endfacet
facet normal -8.014582902202787e-15 -1.0 1.1726137363048328e-14
  outer loop
    vertex 1890.4374935062162 206.20000491781266 595.6048028530631
    vertex 1889.9487532763972 206.20000491781266 595.1620000000124
    vertex 1890.3987532763974 206.20000491781266 595.1620000000124
  endloop
endfacet
facet normal -8.014582902202787e-15 -1.0 1.1726137363048328e-14
  outer loop
    vertex 1890.3987532763974 206.20000491781266 595.1620000000124
    vertex 1889.9487532763972 206.20000491781266 595.1620000000124
    vertex 1889.9943300173607 206.20000491781275 594.6410554670115
  endloop
endfacet
facet normal -8.014582902202787e-15 -1.0 1.1726137363048328e-14
  outer loop
    vertex 1890.3987532763974 206.20000491781266 595.1620000000124
    vertex 1889.9943300173607 206.20000491781275 594.6410554670115
    vertex 1890.4374935062162 206.20000491781275 594.7191971469616
  endloop
endfacet
facet normal -8.014582902202787e-15 -1.0 1.1726137363048328e-14
  outer loop
    vertex 1890.4374935062162 206.20000491781275 594.7191971469616
    vertex 1889.9943300173607 206.20000491781275 594.6410554670115
    vertex 1890.5525370933933 206.20000491781275 594.2898486345315
  endloop
endfacet
facet normal -8.014582902202787e-15 -1.0 1.1726137363048328e-14
  outer loop
    vertex 1890.5525370933933 206.20000491781275 594.2898486345315
    vertex 1889.9943300173607 206.20000491781275 594.6410554670115
    vertex 1890.129675414039 206.20000491781266 594.1359395700354
  endloop
endfacet
facet normal -8.014582902202787e-15 -1.0 1.1726137363048328e-14
  outer loop
    vertex 1890.5525370933933 206.20000491781275 594.2898486345315
    vertex 1890.129675414039 206.20000491781266 594.1359395700354
    vertex 1890.7403884967466 206.20000491781266 593.887000000012
  endloop
endfacet
facet normal -8.014582902202787e-15 -1.0 1.1726137363048328e-14
  outer loop
    vertex 1890.7403884967466 206.20000491781266 593.887000000012
    vertex 1890.129675414039 206.20000491781266 594.1359395700354
    vertex 1890.3506770650438 206.20000491781272 593.6620000000123
  endloop
endfacet
facet normal -8.014582902202787e-15 -1.0 1.1726137363048328e-14
  outer loop
    vertex 1890.7403884967466 206.20000491781266 593.887000000012
    vertex 1890.3506770650438 206.20000491781272 593.6620000000123
    vertex 1890.9953399464437 206.20000491781272 593.5228915953115
  endloop
endfacet
facet normal -8.014582902202787e-15 -1.0 1.1726137363048328e-14
  outer loop
    vertex 1890.9953399464437 206.20000491781272 593.5228915953115
    vertex 1890.3506770650438 206.20000491781272 593.6620000000123
    vertex 1890.65061994704 206.2000049178128 593.2336371709525
  endloop
endfacet
facet normal -8.014582902202787e-15 -1.0 1.1726137363048328e-14
  outer loop
    vertex 1890.9953399464437 206.20000491781272 593.5228915953115
    vertex 1890.65061994704 206.2000049178128 593.2336371709525
    vertex 1891.3096448716965 206.2000049178129 593.2085866700588
  endloop
endfacet
facet normal -8.014582902202787e-15 -1.0 1.1726137363048328e-14
  outer loop
    vertex 1891.3096448716965 206.2000049178129 593.2085866700588
    vertex 1890.65061994704 206.2000049178128 593.2336371709525
    vertex 1891.0203904473374 206.2000049178128 592.8638666706554
  endloop
endfacet
facet normal -8.014582902202787e-15 -1.0 1.1726137363048328e-14
  outer loop
    vertex 1891.3096448716965 206.2000049178129 593.2085866700588
    vertex 1891.0203904473374 206.2000049178128 592.8638666706554
    vertex 1891.6737532763968 206.2000049178129 592.953635220362
  endloop
endfacet
facet normal -8.014582902202787e-15 -1.0 1.1726137363048328e-14
  outer loop
    vertex 1891.6737532763968 206.2000049178129 592.953635220362
    vertex 1891.0203904473374 206.2000049178128 592.8638666706554
    vertex 1892.0766019109162 206.2000049178129 592.765783817008
  endloop
endfacet
facet normal -8.014582902202787e-15 -1.0 1.1726137363048328e-14
  outer loop
    vertex 1892.0766019109162 206.2000049178129 592.765783817008
    vertex 1891.0203904473374 206.2000049178128 592.8638666706554
    vertex 1891.448753276397 206.2000049178128 592.5639237886587
  endloop
endfacet
facet normal -8.014582902202787e-15 -1.0 1.1726137363048328e-14
  outer loop
    vertex 1892.0766019109162 206.2000049178129 592.765783817008
    vertex 1891.448753276397 206.2000049178128 592.5639237886587
    vertex 1892.5059504233461 206.2000049178129 592.6507402298312
  endloop
endfacet
facet normal -8.014582902202787e-15 -1.0 1.1726137363048328e-14
  outer loop
    vertex 1892.5059504233461 206.2000049178129 592.6507402298312
    vertex 1891.448753276397 206.2000049178128 592.5639237886587
    vertex 1892.948753276397 206.2000049178129 592.612000000012
  endloop
endfacet
facet normal -8.014582902202787e-15 -1.0 1.1726137363048328e-14
  outer loop
    vertex 1894.4487532763976 206.20000491781266 597.760076211365
    vertex 1893.3915561294484 206.20000491781258 597.6732597701932
    vertex 1894.8771161054576 206.20000491781258 597.4601333293689
  endloop
endfacet
facet normal -8.014582902202787e-15 -1.0 1.1726137363048328e-14
  outer loop
    vertex 1893.3915561294484 206.20000491781258 597.6732597701932
    vertex 1894.4487532763976 206.20000491781266 597.760076211365
    vertex 1892.9487532763976 206.20000491781258 597.712000000012
  endloop
endfacet
facet normal -8.014582902202787e-15 -1.0 1.1726137363048328e-14
  outer loop
    vertex 1894.8771161054576 206.20000491781258 597.4601333293689
    vertex 1893.3915561294484 206.20000491781258 597.6732597701932
    vertex 1893.8209046418783 206.2000049178125 597.558216183016
  endloop
endfacet
facet normal -8.014582902202787e-15 -1.0 1.1726137363048328e-14
  outer loop
    vertex 1894.8771161054576 206.20000491781258 597.4601333293689
    vertex 1893.8209046418783 206.2000049178125 597.558216183016
    vertex 1894.2237532763977 206.20000491781255 597.3703647796624
  endloop
endfacet
facet normal -8.014582902202787e-15 -1.0 1.1726137363048328e-14
  outer loop
    vertex 1894.8771161054576 206.20000491781258 597.4601333293689
    vertex 1894.2237532763977 206.20000491781255 597.3703647796624
    vertex 1895.2468866057548 206.20000491781272 597.0903628290716
  endloop
endfacet
facet normal -8.014582902202787e-15 -1.0 1.1726137363048328e-14
  outer loop
    vertex 1895.2468866057548 206.20000491781272 597.0903628290716
    vertex 1894.2237532763977 206.20000491781255 597.3703647796624
    vertex 1894.5878616810983 206.20000491781255 597.1154133299651
  endloop
endfacet
facet normal -8.014582902202787e-15 -1.0 1.1726137363048328e-14
  outer loop
    vertex 1895.2468866057548 206.20000491781272 597.0903628290716
    vertex 1894.5878616810983 206.20000491781255 597.1154133299651
    vertex 1894.9021666063506 206.20000491781272 596.8011084047124
  endloop
endfacet
facet normal -8.014582902202787e-15 -1.0 1.1726137363048328e-14
  outer loop
    vertex 1895.2468866057548 206.20000491781272 597.0903628290716
    vertex 1894.9021666063506 206.20000491781272 596.8011084047124
    vertex 1895.5468294877508 206.20000491781272 596.662000000012
  endloop
endfacet
facet normal -8.014582902202787e-15 -1.0 1.1726137363048328e-14
  outer loop
    vertex 1895.5468294877508 206.20000491781272 596.662000000012
    vertex 1894.9021666063506 206.20000491781272 596.8011084047124
    vertex 1895.157118056048 206.20000491781272 596.4370000000121
  endloop
endfacet
facet normal -8.014582902202787e-15 -1.0 1.1726137363048328e-14
  outer loop
    vertex 1895.5468294877508 206.20000491781272 596.662000000012
    vertex 1895.157118056048 206.20000491781272 596.4370000000121
    vertex 1895.7678311387551 206.20000491781272 596.1880604299888
  endloop
endfacet
facet normal -8.014582902202787e-15 -1.0 1.1726137363048328e-14
  outer loop
    vertex 1895.7678311387551 206.20000491781272 596.1880604299888
    vertex 1895.157118056048 206.20000491781272 596.4370000000121
    vertex 1895.3449694594015 206.20000491781272 596.0341513654923
  endloop
endfacet
facet normal -8.014582902202787e-15 -1.0 1.1726137363048328e-14
  outer loop
    vertex 1895.7678311387551 206.20000491781272 596.1880604299888
    vertex 1895.3449694594015 206.20000491781272 596.0341513654923
    vertex 1895.9031765354339 206.20000491781266 595.6829445330126
  endloop
endfacet
facet normal -8.014582902202787e-15 -1.0 1.1726137363048328e-14
  outer loop
    vertex 1895.9031765354339 206.20000491781266 595.6829445330126
    vertex 1895.3449694594015 206.20000491781272 596.0341513654923
    vertex 1895.4600130465783 206.20000491781266 595.6048028530628
  endloop
endfacet
facet normal -8.014582902202787e-15 -1.0 1.1726137363048328e-14
  outer loop
    vertex 1895.9031765354339 206.20000491781266 595.6829445330126
    vertex 1895.4600130465783 206.20000491781266 595.6048028530628
    vertex 1895.9487532763972 206.20000491781275 595.162000000012
  endloop
endfacet
facet normal -8.014582902202787e-15 -1.0 1.1726137363048328e-14
  outer loop
    vertex 1895.9487532763972 206.20000491781275 595.162000000012
    vertex 1895.4600130465783 206.20000491781266 595.6048028530628
    vertex 1895.4987532763973 206.20000491781275 595.162000000012
  endloop
endfacet
facet normal -8.014582902202787e-15 -1.0 1.1726137363048328e-14
  outer loop
    vertex 1895.9487532763972 206.20000491781275 595.162000000012
    vertex 1895.4987532763973 206.20000491781275 595.162000000012
    vertex 1895.4600130465783 206.20000491781275 594.7191971469613
  endloop
endfacet
facet normal -8.014582902202787e-15 -1.0 1.1726137363048328e-14
  outer loop
    vertex 1895.9487532763972 206.20000491781275 595.162000000012
    vertex 1895.4600130465783 206.20000491781275 594.7191971469613
    vertex 1895.9031765354339 206.20000491781275 594.641055467011
  endloop
endfacet
facet normal -8.014582902202787e-15 -1.0 1.1726137363048328e-14
  outer loop
    vertex 1895.9031765354339 206.20000491781275 594.641055467011
    vertex 1895.4600130465783 206.20000491781275 594.7191971469613
    vertex 1895.3449694594015 206.20000491781275 594.2898486345314
  endloop
endfacet
facet normal -8.014582902202787e-15 -1.0 1.1726137363048328e-14
  outer loop
    vertex 1895.9031765354339 206.20000491781275 594.641055467011
    vertex 1895.3449694594015 206.20000491781275 594.2898486345314
    vertex 1895.7678311387547 206.20000491781266 594.1359395700347
  endloop
endfacet
facet normal -8.014582902202787e-15 -1.0 1.1726137363048328e-14
  outer loop
    vertex 1895.7678311387547 206.20000491781266 594.1359395700347
    vertex 1895.3449694594015 206.20000491781275 594.2898486345314
    vertex 1895.157118056047 206.20000491781272 593.887000000012
  endloop
endfacet
facet normal -8.014582902202787e-15 -1.0 1.1726137363048328e-14
  outer loop
    vertex 1895.7678311387547 206.20000491781266 594.1359395700347
    vertex 1895.157118056047 206.20000491781272 593.887000000012
    vertex 1895.5468294877503 206.2000049178128 593.6620000000119
  endloop
endfacet
facet normal -8.014582902202787e-15 -1.0 1.1726137363048328e-14
  outer loop
    vertex 1895.5468294877503 206.2000049178128 593.6620000000119
    vertex 1895.157118056047 206.20000491781272 593.887000000012
    vertex 1894.9021666063504 206.2000049178128 593.5228915953112
  endloop
endfacet
facet normal -8.014582902202787e-15 -1.0 1.1726137363048328e-14
  outer loop
    vertex 1895.5468294877503 206.2000049178128 593.6620000000119
    vertex 1894.9021666063504 206.2000049178128 593.5228915953112
    vertex 1895.2468866057538 206.2000049178128 593.2336371709524
  endloop
endfacet
facet normal -8.014582902202787e-15 -1.0 1.1726137363048328e-14
  outer loop
    vertex 1895.2468866057538 206.2000049178128 593.2336371709524
    vertex 1894.9021666063504 206.2000049178128 593.5228915953112
    vertex 1894.5878616810974 206.2000049178129 593.2085866700585
  endloop
endfacet
facet normal -8.014582902202787e-15 -1.0 1.1726137363048328e-14
  outer loop
    vertex 1895.2468866057538 206.2000049178128 593.2336371709524
    vertex 1894.5878616810974 206.2000049178129 593.2085866700585
    vertex 1894.8771161054565 206.2000049178128 592.8638666706552
  endloop
endfacet
facet normal -8.014582902202787e-15 -1.0 1.1726137363048328e-14
  outer loop
    vertex 1894.8771161054565 206.2000049178128 592.8638666706552
    vertex 1894.5878616810974 206.2000049178129 593.2085866700585
    vertex 1894.223753276397 206.2000049178129 592.9536352203619
  endloop
endfacet
facet normal -8.014582902202787e-15 -1.0 1.1726137363048328e-14
  outer loop
    vertex 1894.8771161054565 206.2000049178128 592.8638666706552
    vertex 1894.223753276397 206.2000049178129 592.9536352203619
    vertex 1893.8209046418772 206.2000049178129 592.7657838170079
  endloop
endfacet
facet normal -8.014582902202787e-15 -1.0 1.1726137363048328e-14
  outer loop
    vertex 1894.8771161054565 206.2000049178128 592.8638666706552
    vertex 1893.8209046418772 206.2000049178129 592.7657838170079
    vertex 1894.448753276397 206.20000491781286 592.5639237886584
  endloop
endfacet
facet normal -8.014582902202787e-15 -1.0 1.1726137363048328e-14
  outer loop
    vertex 1894.448753276397 206.20000491781286 592.5639237886584
    vertex 1893.8209046418772 206.2000049178129 592.7657838170079
    vertex 1893.3915561294475 206.2000049178129 592.6507402298311
  endloop
endfacet
facet normal -8.014582902202787e-15 -1.0 1.1726137363048328e-14
  outer loop
    vertex 1894.448753276397 206.20000491781286 592.5639237886584
    vertex 1893.3915561294475 206.2000049178129 592.6507402298311
    vertex 1892.948753276397 206.2000049178129 592.612000000012
  endloop
endfacet
facet normal -8.014582902202787e-15 -1.0 1.1726137363048328e-14
  outer loop
    vertex 1894.448753276397 206.20000491781286 592.5639237886584
    vertex 1892.948753276397 206.2000049178129 592.612000000012
    vertex 1891.448753276397 206.2000049178128 592.5639237886587
  endloop
endfacet
facet normal -8.014582902202787e-15 -1.0 1.1726137363048328e-14
  outer loop
    vertex 1894.448753276397 206.20000491781286 592.5639237886584
    vertex 1891.448753276397 206.2000049178128 592.5639237886587
    vertex 1891.9226928464197 206.20000491781275 592.3429221376542
  endloop
endfacet
facet normal -8.014582902202787e-15 -1.0 1.1726137363048328e-14
  outer loop
    vertex 1894.448753276397 206.20000491781286 592.5639237886584
    vertex 1891.9226928464197 206.20000491781275 592.3429221376542
    vertex 1893.9748137063739 206.20000491781275 592.3429221376542
  endloop
endfacet
facet normal -8.014582902202787e-15 -1.0 1.1726137363048328e-14
  outer loop
    vertex 1893.9748137063739 206.20000491781275 592.3429221376542
    vertex 1891.9226928464197 206.20000491781275 592.3429221376542
    vertex 1893.4696978093975 206.20000491781275 592.2075767409755
  endloop
endfacet
facet normal -8.014582902202787e-15 -1.0 1.1726137363048328e-14
  outer loop
    vertex 1893.4696978093975 206.20000491781275 592.2075767409755
    vertex 1891.9226928464197 206.20000491781275 592.3429221376542
    vertex 1892.4278087433959 206.20000491781275 592.2075767409756
  endloop
endfacet
facet normal -8.014582902202787e-15 -1.0 1.1726137363048328e-14
  outer loop
    vertex 1893.4696978093975 206.20000491781275 592.2075767409755
    vertex 1892.4278087433959 206.20000491781275 592.2075767409756
    vertex 1892.948753276397 206.20000491781275 592.1620000000122
  endloop
endfacet
facet normal 0.5735764363514739 1.708222170875822e-13 -0.8191520442886923
  outer loop
    vertex 1894.8771161054565 206.70000491781278 592.8638666706552
    vertex 1894.448753276397 206.20000491781286 592.5639237886584
    vertex 1894.448753276397 206.70000491781283 592.5639237886586
  endloop
endfacet
facet normal 0.5735764363514739 1.708222170875822e-13 -0.8191520442886923
  outer loop
    vertex 1894.448753276397 206.20000491781286 592.5639237886584
    vertex 1894.8771161054565 206.70000491781278 592.8638666706552
    vertex 1894.8771161054565 206.2000049178128 592.8638666706552
  endloop
endfacet
facet normal 0.7071067811864971 2.0209388516555804e-14 -0.7071067811865981
  outer loop
    vertex 1895.2468866057538 206.70000491781278 593.2336371709524
    vertex 1894.8771161054565 206.2000049178128 592.8638666706552
    vertex 1894.8771161054565 206.70000491781278 592.8638666706552
  endloop
endfacet
facet normal 0.7071067811864971 2.0209388516555804e-14 -0.7071067811865981
  outer loop
    vertex 1894.8771161054565 206.2000049178128 592.8638666706552
    vertex 1895.2468866057538 206.70000491781278 593.2336371709524
    vertex 1895.2468866057538 206.2000049178128 593.2336371709524
  endloop
endfacet
facet normal 0.819152044288663 6.856350021272745e-14 -0.5735764363515157
  outer loop
    vertex 1895.5468294877503 206.7000049178127 593.662000000012
    vertex 1895.2468866057538 206.2000049178128 593.2336371709524
    vertex 1895.2468866057538 206.70000491781278 593.2336371709524
  endloop
endfacet
facet normal 0.819152044288663 6.856350021272745e-14 -0.5735764363515157
  outer loop
    vertex 1895.2468866057538 206.2000049178128 593.2336371709524
    vertex 1895.5468294877503 206.7000049178127 593.662000000012
    vertex 1895.5468294877503 206.2000049178128 593.6620000000119
  endloop
endfacet
facet normal 0.9063077870366332 5.106405392888927e-14 -0.42261826174073547
  outer loop
    vertex 1895.7678311387547 206.20000491781266 594.1359395700347
    vertex 1895.5468294877503 206.7000049178127 593.662000000012
    vertex 1895.7678311387547 206.70000491781263 594.1359395700347
  endloop
endfacet
facet normal 0.9063077870366332 5.106405392888927e-14 -0.42261826174073547
  outer loop
    vertex 1895.5468294877503 206.7000049178127 593.662000000012
    vertex 1895.7678311387547 206.20000491781266 594.1359395700347
    vertex 1895.5468294877503 206.2000049178128 593.6620000000119
  endloop
endfacet
facet normal 0.9659258262891015 -3.8077841050420604e-14 -0.25881904510239706
  outer loop
    vertex 1895.9031765354339 206.20000491781275 594.641055467011
    vertex 1895.7678311387547 206.70000491781263 594.1359395700347
    vertex 1895.9031765354339 206.70000491781275 594.6410554670108
  endloop
endfacet
facet normal 0.9659258262891015 -3.8077841050420604e-14 -0.25881904510239706
  outer loop
    vertex 1895.7678311387547 206.70000491781263 594.1359395700347
    vertex 1895.9031765354339 206.20000491781275 594.641055467011
    vertex 1895.7678311387547 206.20000491781266 594.1359395700347
  endloop
endfacet
facet normal 0.9961946980917358 -2.736459993254075e-14 -0.08715574274777087
  outer loop
    vertex 1895.9487532763972 206.20000491781275 595.162000000012
    vertex 1895.9031765354339 206.70000491781275 594.6410554670108
    vertex 1895.9487532763972 206.70000491781275 595.1620000000117
  endloop
endfacet
facet normal 0.9961946980917358 -2.736459993254075e-14 -0.08715574274777087
  outer loop
    vertex 1895.9031765354339 206.70000491781275 594.6410554670108
    vertex 1895.9487532763972 206.20000491781275 595.162000000012
    vertex 1895.9031765354339 206.20000491781275 594.641055467011
  endloop
endfacet
facet normal 0.996194698091743 3.088534863533934e-14 0.08715574274768859
  outer loop
    vertex 1895.9031765354339 206.70000491781263 595.6829445330123
    vertex 1895.9487532763972 206.20000491781275 595.162000000012
    vertex 1895.9487532763972 206.70000491781275 595.1620000000117
  endloop
endfacet
facet normal 0.996194698091743 3.088534863533934e-14 0.08715574274768859
  outer loop
    vertex 1895.9487532763972 206.20000491781275 595.162000000012
    vertex 1895.9031765354339 206.70000491781263 595.6829445330123
    vertex 1895.9031765354339 206.20000491781266 595.6829445330126
  endloop
endfacet
facet normal 0.9659258262891616 4.148860508304942e-14 0.2588190451021729
  outer loop
    vertex 1895.7678311387551 206.20000491781272 596.1880604299888
    vertex 1895.9031765354339 206.70000491781263 595.6829445330123
    vertex 1895.7678311387551 206.7000049178127 596.1880604299888
  endloop
endfacet
facet normal 0.9659258262891616 4.148860508304942e-14 0.2588190451021729
  outer loop
    vertex 1895.9031765354339 206.70000491781263 595.6829445330123
    vertex 1895.7678311387551 206.20000491781272 596.1880604299888
    vertex 1895.9031765354339 206.20000491781266 595.6829445330126
  endloop
endfacet
facet normal 0.9063077870367859 -4.7866612354776807e-14 0.4226182617404077
  outer loop
    vertex 1895.5468294877508 206.20000491781272 596.662000000012
    vertex 1895.7678311387551 206.7000049178127 596.1880604299888
    vertex 1895.5468294877508 206.7000049178127 596.6620000000121
  endloop
endfacet
facet normal 0.9063077870367859 -4.7866612354776807e-14 0.4226182617404077
  outer loop
    vertex 1895.7678311387551 206.7000049178127 596.1880604299888
    vertex 1895.5468294877508 206.20000491781272 596.662000000012
    vertex 1895.7678311387551 206.20000491781272 596.1880604299888
  endloop
endfacet
facet normal 0.8191520442894504 -6.568533114246255e-14 0.5735764363503911
  outer loop
    vertex 1895.2468866057548 206.7000049178126 597.0903628290716
    vertex 1895.5468294877508 206.20000491781272 596.662000000012
    vertex 1895.5468294877508 206.7000049178127 596.6620000000121
  endloop
endfacet
facet normal 0.8191520442894504 -6.568533114246255e-14 0.5735764363503911
  outer loop
    vertex 1895.5468294877508 206.20000491781272 596.662000000012
    vertex 1895.2468866057548 206.7000049178126 597.0903628290716
    vertex 1895.2468866057548 206.20000491781272 597.0903628290716
  endloop
endfacet
facet normal 0.7071067811865981 -1.7712535952045804e-14 0.7071067811864971
  outer loop
    vertex 1895.2468866057548 206.20000491781272 597.0903628290716
    vertex 1894.8771161054576 206.70000491781255 597.4601333293689
    vertex 1894.8771161054576 206.20000491781258 597.4601333293689
  endloop
endfacet
facet normal 0.7071067811865981 -1.7712535952045804e-14 0.7071067811864971
  outer loop
    vertex 1894.8771161054576 206.70000491781255 597.4601333293689
    vertex 1895.2468866057548 206.20000491781272 597.0903628290716
    vertex 1895.2468866057548 206.7000049178126 597.0903628290716
  endloop
endfacet
facet normal 0.5735764363505718 -1.6882788915047964e-13 0.8191520442893239
  outer loop
    vertex 1894.8771161054576 206.20000491781258 597.4601333293689
    vertex 1894.4487532763976 206.70000491781263 597.7600762113652
    vertex 1894.4487532763976 206.20000491781266 597.760076211365
  endloop
endfacet
facet normal 0.5735764363505718 -1.6882788915047964e-13 0.8191520442893239
  outer loop
    vertex 1894.4487532763976 206.70000491781263 597.7600762113652
    vertex 1894.8771161054576 206.20000491781258 597.4601333293689
    vertex 1894.8771161054576 206.70000491781255 597.4601333293689
  endloop
endfacet
facet normal 0.42261826174134504 -1.8711485912662357e-13 0.906307787036349
  outer loop
    vertex 1894.4487532763976 206.20000491781266 597.760076211365
    vertex 1893.9748137063746 206.70000491781263 597.98107786237
    vertex 1893.9748137063746 206.20000491781266 597.98107786237
  endloop
endfacet
facet normal 0.42261826174134504 -1.8711485912662357e-13 0.906307787036349
  outer loop
    vertex 1893.9748137063746 206.70000491781263 597.98107786237
    vertex 1894.4487532763976 206.20000491781266 597.760076211365
    vertex 1894.4487532763976 206.70000491781263 597.7600762113652
  endloop
endfacet
facet normal 0.25881904510227915 1.4889788537878738e-13 0.965925826289133
  outer loop
    vertex 1893.9748137063746 206.20000491781266 597.98107786237
    vertex 1893.4696978093984 206.70000491781292 598.1164232590486
    vertex 1893.4696978093984 206.20000491781295 598.1164232590487
  endloop
endfacet
facet normal 0.25881904510227915 1.4889788537878738e-13 0.965925826289133
  outer loop
    vertex 1893.4696978093984 206.70000491781292 598.1164232590486
    vertex 1893.9748137063746 206.20000491781266 597.98107786237
    vertex 1893.9748137063746 206.70000491781263 597.98107786237
  endloop
endfacet
facet normal 0.08715574274794212 1.5323423971814587e-13 0.9961946980917208
  outer loop
    vertex 1893.4696978093984 206.20000491781295 598.1164232590487
    vertex 1892.9487532763976 206.70000491781292 598.1620000000122
    vertex 1892.9487532763976 206.20000491781295 598.1620000000122
  endloop
endfacet
facet normal 0.08715574274794212 1.5323423971814587e-13 0.9961946980917208
  outer loop
    vertex 1892.9487532763976 206.70000491781292 598.1620000000122
    vertex 1893.4696978093984 206.20000491781295 598.1164232590487
    vertex 1893.4696978093984 206.70000491781292 598.1164232590486
  endloop
endfacet
facet normal -0.08715574274768859 -2.686668841804242e-14 0.996194698091743
  outer loop
    vertex 1892.9487532763976 206.20000491781295 598.1620000000122
    vertex 1892.427808743397 206.70000491781292 598.1164232590488
    vertex 1892.427808743397 206.20000491781295 598.1164232590488
  endloop
endfacet
facet normal -0.08715574274768859 -2.686668841804242e-14 0.996194698091743
  outer loop
    vertex 1892.427808743397 206.70000491781292 598.1164232590488
    vertex 1892.9487532763976 206.20000491781295 598.1620000000122
    vertex 1892.9487532763976 206.70000491781292 598.1620000000122
  endloop
endfacet
facet normal -0.25881904510229076 -2.0069258401942046e-13 0.9659258262891299
  outer loop
    vertex 1892.427808743397 206.20000491781295 598.1164232590488
    vertex 1891.9226928464204 206.70000491781292 597.9810778623702
    vertex 1891.9226928464204 206.20000491781295 597.9810778623698
  endloop
endfacet
facet normal -0.25881904510229076 -2.0069258401942046e-13 0.9659258262891299
  outer loop
    vertex 1891.9226928464204 206.70000491781292 597.9810778623702
    vertex 1892.427808743397 206.20000491781295 598.1164232590488
    vertex 1892.427808743397 206.70000491781292 598.1164232590488
  endloop
endfacet
facet normal -0.42261826174093214 -1.8862300787671593e-13 0.9063077870365416
  outer loop
    vertex 1891.9226928464204 206.20000491781295 597.9810778623698
    vertex 1891.4487532763976 206.70000491781292 597.7600762113655
    vertex 1891.4487532763976 206.20000491781295 597.7600762113655
  endloop
endfacet
facet normal -0.42261826174093214 -1.8862300787671593e-13 0.9063077870365416
  outer loop
    vertex 1891.4487532763976 206.70000491781292 597.7600762113655
    vertex 1891.9226928464204 206.20000491781295 597.9810778623698
    vertex 1891.9226928464204 206.70000491781292 597.9810778623702
  endloop
endfacet
facet normal -0.5735764363508948 -2.296900926647297e-14 0.8191520442890977
  outer loop
    vertex 1891.4487532763976 206.20000491781295 597.7600762113655
    vertex 1891.020390447338 206.70000491781283 597.4601333293692
    vertex 1891.020390447338 206.20000491781286 597.4601333293692
  endloop
endfacet
facet normal -0.5735764363508948 -2.296900926647297e-14 0.8191520442890977
  outer loop
    vertex 1891.020390447338 206.70000491781283 597.4601333293692
    vertex 1891.4487532763976 206.20000491781295 597.7600762113655
    vertex 1891.4487532763976 206.70000491781292 597.7600762113655
  endloop
endfacet
facet normal -0.7071067811866264 -8.401405147214256e-14 0.7071067811864686
  outer loop
    vertex 1890.6506199470407 206.2000049178129 597.0903628290718
    vertex 1891.020390447338 206.70000491781283 597.4601333293692
    vertex 1890.6506199470407 206.70000491781286 597.0903628290719
  endloop
endfacet
facet normal -0.7071067811866264 -8.401405147214256e-14 0.7071067811864686
  outer loop
    vertex 1891.020390447338 206.70000491781283 597.4601333293692
    vertex 1890.6506199470407 206.2000049178129 597.0903628290718
    vertex 1891.020390447338 206.20000491781286 597.4601333293692
  endloop
endfacet
facet normal -0.8191520442886063 -6.856350021270881e-14 0.5735764363515967
  outer loop
    vertex 1890.350677065044 206.2000049178129 596.6620000000124
    vertex 1890.6506199470407 206.70000491781286 597.0903628290719
    vertex 1890.350677065044 206.70000491781298 596.6620000000124
  endloop
endfacet
facet normal -0.8191520442886063 -6.856350021270881e-14 0.5735764363515967
  outer loop
    vertex 1890.6506199470407 206.70000491781286 597.0903628290719
    vertex 1890.350677065044 206.2000049178129 596.6620000000124
    vertex 1890.6506199470407 206.2000049178129 597.0903628290718
  endloop
endfacet
facet normal -0.9063077870366795 -1.2946600314360641e-14 0.4226182617406364
  outer loop
    vertex 1890.1296754140396 206.7000049178127 596.1880604299894
    vertex 1890.350677065044 206.2000049178129 596.6620000000124
    vertex 1890.350677065044 206.70000491781298 596.6620000000124
  endloop
endfacet
facet normal -0.9063077870366795 -1.2946600314360641e-14 0.4226182617406364
  outer loop
    vertex 1890.350677065044 206.2000049178129 596.6620000000124
    vertex 1890.1296754140396 206.7000049178127 596.1880604299894
    vertex 1890.1296754140396 206.20000491781272 596.1880604299894
  endloop
endfacet
facet normal -0.9659258262889635 -8.647305231456836e-15 0.2588190451029116
  outer loop
    vertex 1889.9943300173607 206.7000049178126 595.682944533013
    vertex 1890.1296754140396 206.20000491781272 596.1880604299894
    vertex 1890.1296754140396 206.7000049178127 596.1880604299894
  endloop
endfacet
facet normal -0.9659258262889635 -8.647305231456836e-15 0.2588190451029116
  outer loop
    vertex 1890.1296754140396 206.20000491781272 596.1880604299894
    vertex 1889.9943300173607 206.7000049178126 595.682944533013
    vertex 1889.9943300173607 206.20000491781263 595.682944533013
  endloop
endfacet
facet normal -0.9961946980917306 -4.095891125840355e-15 0.0871557427478308
  outer loop
    vertex 1889.9487532763972 206.20000491781266 595.1620000000124
    vertex 1889.9943300173607 206.7000049178126 595.682944533013
    vertex 1889.9487532763972 206.70000491781263 595.1620000000124
  endloop
endfacet
facet normal -0.9961946980917306 -4.095891125840355e-15 0.0871557427478308
  outer loop
    vertex 1889.9943300173607 206.7000049178126 595.682944533013
    vertex 1889.9487532763972 206.20000491781266 595.1620000000124
    vertex 1889.9943300173607 206.20000491781263 595.682944533013
  endloop
endfacet
facet normal -0.9961946980917482 5.690460194228441e-16 -0.08715574274762865
  outer loop
    vertex 1889.9943300173607 206.20000491781275 594.6410554670115
    vertex 1889.9487532763972 206.70000491781263 595.1620000000124
    vertex 1889.9943300173607 206.70000491781275 594.6410554670115
  endloop
endfacet
facet normal -0.9961946980917482 5.690460194228441e-16 -0.08715574274762865
  outer loop
    vertex 1889.9487532763972 206.70000491781263 595.1620000000124
    vertex 1889.9943300173607 206.20000491781275 594.6410554670115
    vertex 1889.9487532763972 206.20000491781266 595.1620000000124
  endloop
endfacet
facet normal -0.9659258262891268 5.219649960262587e-15 -0.25881904510230225
  outer loop
    vertex 1890.129675414039 206.70000491781263 594.1359395700354
    vertex 1889.9943300173607 206.20000491781275 594.6410554670115
    vertex 1889.9943300173607 206.70000491781275 594.6410554670115
  endloop
endfacet
facet normal -0.9659258262891268 5.219649960262587e-15 -0.25881904510230225
  outer loop
    vertex 1889.9943300173607 206.20000491781275 594.6410554670115
    vertex 1890.129675414039 206.70000491781263 594.1359395700354
    vertex 1890.129675414039 206.20000491781266 594.1359395700354
  endloop
endfacet
facet normal -0.9063077870364754 9.732321372598142e-15 -0.4226182617410738
  outer loop
    vertex 1890.3506770650438 206.20000491781272 593.6620000000123
    vertex 1890.129675414039 206.70000491781263 594.1359395700354
    vertex 1890.3506770650438 206.7000049178127 593.6620000000123
  endloop
endfacet
facet normal -0.9063077870364754 9.732321372598142e-15 -0.4226182617410738
  outer loop
    vertex 1890.129675414039 206.70000491781263 594.1359395700354
    vertex 1890.3506770650438 206.20000491781272 593.6620000000123
    vertex 1890.129675414039 206.20000491781266 594.1359395700354
  endloop
endfacet
facet normal -0.819152044289183 6.570539151582028e-14 -0.5735764363507733
  outer loop
    vertex 1890.65061994704 206.2000049178128 593.2336371709525
    vertex 1890.3506770650438 206.7000049178127 593.6620000000123
    vertex 1890.65061994704 206.7000049178127 593.2336371709528
  endloop
endfacet
facet normal -0.819152044289183 6.570539151582028e-14 -0.5735764363507733
  outer loop
    vertex 1890.3506770650438 206.7000049178127 593.6620000000123
    vertex 1890.65061994704 206.2000049178128 593.2336371709525
    vertex 1890.3506770650438 206.20000491781272 593.6620000000123
  endloop
endfacet
facet normal -0.7071067811864686 8.151719890768591e-14 -0.7071067811866264
  outer loop
    vertex 1891.0203904473374 206.70000491781278 592.8638666706554
    vertex 1890.65061994704 206.2000049178128 593.2336371709525
    vertex 1890.65061994704 206.7000049178127 593.2336371709528
  endloop
endfacet
facet normal -0.7071067811864686 8.151719890768591e-14 -0.7071067811866264
  outer loop
    vertex 1890.65061994704 206.2000049178128 593.2336371709525
    vertex 1891.0203904473374 206.70000491781278 592.8638666706554
    vertex 1891.0203904473374 206.2000049178128 592.8638666706554
  endloop
endfacet
facet normal -0.573576436351475 2.0952766218737474e-14 -0.8191520442886915
  outer loop
    vertex 1891.448753276397 206.70000491781278 592.5639237886587
    vertex 1891.0203904473374 206.2000049178128 592.8638666706554
    vertex 1891.0203904473374 206.70000491781278 592.8638666706554
  endloop
endfacet
facet normal -0.573576436351475 2.0952766218737474e-14 -0.8191520442886915
  outer loop
    vertex 1891.0203904473374 206.2000049178128 592.8638666706554
    vertex 1891.448753276397 206.70000491781278 592.5639237886587
    vertex 1891.448753276397 206.2000049178128 592.5639237886587
  endloop
endfacet
facet normal -0.42261826174077805 1.8712509536276276e-13 -0.9063077870366132
  outer loop
    vertex 1891.9226928464197 206.70000491781275 592.3429221376545
    vertex 1891.448753276397 206.2000049178128 592.5639237886587
    vertex 1891.448753276397 206.70000491781278 592.5639237886587
  endloop
endfacet
facet normal -0.42261826174077805 1.8712509536276276e-13 -0.9063077870366132
  outer loop
    vertex 1891.448753276397 206.2000049178128 592.5639237886587
    vertex 1891.9226928464197 206.70000491781275 592.3429221376545
    vertex 1891.9226928464197 206.20000491781275 592.3429221376542
  endloop
endfacet
facet normal -0.25881904510227915 1.997786725512517e-13 -0.965925826289133
  outer loop
    vertex 1892.4278087433959 206.70000491781275 592.2075767409756
    vertex 1891.9226928464197 206.20000491781275 592.3429221376542
    vertex 1891.9226928464197 206.70000491781275 592.3429221376545
  endloop
endfacet
facet normal -0.25881904510227915 1.997786725512517e-13 -0.965925826289133
  outer loop
    vertex 1891.9226928464197 206.20000491781275 592.3429221376542
    vertex 1892.4278087433959 206.70000491781275 592.2075767409756
    vertex 1892.4278087433959 206.20000491781275 592.2075767409756
  endloop
endfacet
facet normal -0.08715574274777087 2.6558934277393138e-14 -0.9961946980917358
  outer loop
    vertex 1892.948753276397 206.70000491781275 592.1620000000122
    vertex 1892.4278087433959 206.20000491781275 592.2075767409756
    vertex 1892.4278087433959 206.70000491781275 592.2075767409756
  endloop
endfacet
facet normal -0.08715574274777087 2.6558934277393138e-14 -0.9961946980917358
  outer loop
    vertex 1892.4278087433959 206.20000491781275 592.2075767409756
    vertex 1892.948753276397 206.70000491781275 592.1620000000122
    vertex 1892.948753276397 206.20000491781275 592.1620000000122
  endloop
endfacet
facet normal 0.08715574274751733 -1.5292213043921097e-13 -0.996194698091758
  outer loop
    vertex 1893.4696978093975 206.70000491781275 592.2075767409754
    vertex 1892.948753276397 206.20000491781275 592.1620000000122
    vertex 1892.948753276397 206.70000491781275 592.1620000000122
  endloop
endfacet
facet normal 0.08715574274751733 -1.5292213043921097e-13 -0.996194698091758
  outer loop
    vertex 1892.948753276397 206.20000491781275 592.1620000000122
    vertex 1893.4696978093975 206.70000491781275 592.2075767409754
    vertex 1893.4696978093975 206.20000491781275 592.2075767409755
  endloop
endfacet
facet normal 0.25881904510229076 -1.4796791474750398e-13 -0.9659258262891299
  outer loop
    vertex 1893.9748137063739 206.70000491781275 592.3429221376542
    vertex 1893.4696978093975 206.20000491781275 592.2075767409755
    vertex 1893.4696978093975 206.70000491781275 592.2075767409754
  endloop
endfacet
facet normal 0.25881904510229076 -1.4796791474750398e-13 -0.9659258262891299
  outer loop
    vertex 1893.4696978093975 206.20000491781275 592.2075767409755
    vertex 1893.9748137063739 206.70000491781275 592.3429221376542
    vertex 1893.9748137063739 206.20000491781275 592.3429221376542
  endloop
endfacet
facet normal 0.42261826174036515 1.886015467288936e-13 -0.9063077870368058
  outer loop
    vertex 1894.448753276397 206.70000491781283 592.5639237886586
    vertex 1893.9748137063739 206.20000491781275 592.3429221376542
    vertex 1893.9748137063739 206.70000491781275 592.3429221376542
  endloop
endfacet
facet normal 0.42261826174036515 1.886015467288936e-13 -0.9063077870368058
  outer loop
    vertex 1893.9748137063739 206.20000491781275 592.3429221376542
    vertex 1894.448753276397 206.70000491781283 592.5639237886586
    vertex 1894.448753276397 206.20000491781286 592.5639237886584
  endloop
endfacet
facet normal -1.456538924402966e-14 1.0 7.115482360675856e-14
  outer loop
    vertex 1895.798753276396 208.00000491781185 573.4823193977987
    vertex 1894.7237532763963 208.00000491781245 571.620364779662
    vertex 1891.0987532763959 208.00000491781185 573.4823193977991
  endloop
endfacet
facet normal -1.456538924402966e-14 1.0 7.115482360675856e-14
  outer loop
    vertex 1894.7237532763963 208.00000491781245 571.620364779662
    vertex 1895.798753276396 208.00000491781185 573.4823193977987
    vertex 1898.1487532763956 208.0000049178126 569.4120000000115
  endloop
endfacet
facet normal -1.456538924402966e-14 1.0 7.115482360675856e-14
  outer loop
    vertex 1891.0987532763959 208.00000491781185 573.4823193977991
    vertex 1894.7237532763963 208.00000491781245 571.620364779662
    vertex 1894.3209046418767 208.00000491781245 571.808216183016
  endloop
endfacet
facet normal -1.456538924402966e-14 1.0 7.115482360675856e-14
  outer loop
    vertex 1891.0987532763959 208.00000491781185 573.4823193977991
    vertex 1894.3209046418767 208.00000491781245 571.808216183016
    vertex 1893.8915561294468 208.00000491781245 571.9232597701928
  endloop
endfacet
facet normal -1.456538924402966e-14 1.0 7.115482360675856e-14
  outer loop
    vertex 1891.0987532763959 208.00000491781185 573.4823193977991
    vertex 1893.8915561294468 208.00000491781245 571.9232597701928
    vertex 1893.448753276396 208.00000491781245 571.962000000012
  endloop
endfacet
facet normal -1.456538924402966e-14 1.0 7.115482360675856e-14
  outer loop
    vertex 1894.7237532763963 208.00000491781245 571.620364779662
    vertex 1898.1487532763956 208.0000049178126 569.4120000000115
    vertex 1895.0878616810971 208.00000491781253 571.3654133299651
  endloop
endfacet
facet normal -1.456538924402966e-14 1.0 7.115482360675856e-14
  outer loop
    vertex 1895.0878616810971 208.00000491781253 571.3654133299651
    vertex 1898.1487532763956 208.0000049178126 569.4120000000115
    vertex 1895.402166606349 208.00000491781253 571.0511084047125
  endloop
endfacet
facet normal -1.456538924402966e-14 1.0 7.115482360675856e-14
  outer loop
    vertex 1895.402166606349 208.00000491781253 571.0511084047125
    vertex 1898.1487532763956 208.0000049178126 569.4120000000115
    vertex 1895.6571180560463 208.00000491781253 570.6870000000118
  endloop
endfacet
facet normal -1.456538924402966e-14 1.0 7.115482360675856e-14
  outer loop
    vertex 1895.6571180560463 208.00000491781253 570.6870000000118
    vertex 1898.1487532763956 208.0000049178126 569.4120000000115
    vertex 1895.8449694593999 208.00000491781248 570.2841513654923
  endloop
endfacet
facet normal -1.456538924402966e-14 1.0 7.115482360675856e-14
  outer loop
    vertex 1895.8449694593999 208.00000491781248 570.2841513654923
    vertex 1898.1487532763956 208.0000049178126 569.4120000000115
    vertex 1895.9600130465767 208.0000049178126 569.8548028530624
  endloop
endfacet
facet normal -1.456538924402966e-14 1.0 7.115482360675856e-14
  outer loop
    vertex 1895.9600130465767 208.0000049178126 569.8548028530624
    vertex 1898.1487532763956 208.0000049178126 569.4120000000115
    vertex 1895.9987532763957 208.0000049178126 569.4120000000117
  endloop
endfacet
facet normal -1.456538924402966e-14 1.0 7.115482360675856e-14
  outer loop
    vertex 1895.9987532763957 208.0000049178126 569.4120000000117
    vertex 1898.1487532763956 208.0000049178126 569.4120000000115
    vertex 1895.7987532763955 208.00000491781245 565.3416806022251
  endloop
endfacet
facet normal -1.456538924402966e-14 1.0 7.115482360675856e-14
  outer loop
    vertex 1895.9987532763957 208.0000049178126 569.4120000000117
    vertex 1895.7987532763955 208.00000491781245 565.3416806022251
    vertex 1895.9600130465763 208.00000491781253 568.969197146961
  endloop
endfacet
facet normal -1.456538924402966e-14 1.0 7.115482360675856e-14
  outer loop
    vertex 1895.9600130465763 208.00000491781253 568.969197146961
    vertex 1895.7987532763955 208.00000491781245 565.3416806022251
    vertex 1895.8449694593996 208.00000491781253 568.5398486345315
  endloop
endfacet
facet normal -1.456538924402966e-14 1.0 7.115482360675856e-14
  outer loop
    vertex 1895.8449694593996 208.00000491781253 568.5398486345315
    vertex 1895.7987532763955 208.00000491781245 565.3416806022251
    vertex 1895.6571180560456 208.00000491781262 568.137000000012
  endloop
endfacet
facet normal -1.456538924402966e-14 1.0 7.115482360675856e-14
  outer loop
    vertex 1895.6571180560456 208.00000491781262 568.137000000012
    vertex 1895.7987532763955 208.00000491781245 565.3416806022251
    vertex 1895.4021666063484 208.00000491781262 567.7728915953113
  endloop
endfacet
facet normal -1.456538924402966e-14 1.0 7.115482360675856e-14
  outer loop
    vertex 1895.4021666063484 208.00000491781262 567.7728915953113
    vertex 1895.7987532763955 208.00000491781245 565.3416806022251
    vertex 1895.0878616810958 208.00000491781282 567.4585866700584
  endloop
endfacet
facet normal -1.456538924402966e-14 1.0 7.115482360675856e-14
  outer loop
    vertex 1895.0878616810958 208.00000491781282 567.4585866700584
    vertex 1895.7987532763955 208.00000491781245 565.3416806022251
    vertex 1894.7237532763954 208.0000049178127 567.2036352203615
  endloop
endfacet
facet normal -1.456538924402966e-14 1.0 7.115482360675856e-14
  outer loop
    vertex 1894.7237532763954 208.0000049178127 567.2036352203615
    vertex 1895.7987532763955 208.00000491781245 565.3416806022251
    vertex 1894.3209046418756 208.00000491781276 567.0157838170079
  endloop
endfacet
facet normal -1.456538924402966e-14 1.0 7.115482360675856e-14
  outer loop
    vertex 1894.3209046418756 208.00000491781276 567.0157838170079
    vertex 1895.7987532763955 208.00000491781245 565.3416806022251
    vertex 1893.8915561294461 208.00000491781276 566.9007402298306
  endloop
endfacet
facet normal -1.456538924402966e-14 1.0 7.115482360675856e-14
  outer loop
    vertex 1893.8915561294461 208.00000491781276 566.9007402298306
    vertex 1895.7987532763955 208.00000491781245 565.3416806022251
    vertex 1893.4487532763953 208.00000491781276 566.8620000000121
  endloop
endfacet
facet normal -1.456538924402966e-14 1.0 7.115482360675856e-14
  outer loop
    vertex 1891.0987532763959 208.00000491781185 573.4823193977991
    vertex 1892.1737532763964 208.00000491781245 571.6203647796623
    vertex 1888.7487532763957 208.0000049178124 569.412000000012
  endloop
endfacet
facet normal -1.456538924402966e-14 1.0 7.115482360675856e-14
  outer loop
    vertex 1892.1737532763964 208.00000491781245 571.6203647796623
    vertex 1891.0987532763959 208.00000491781185 573.4823193977991
    vertex 1892.5766019109153 208.00000491781245 571.8082161830159
  endloop
endfacet
facet normal -1.456538924402966e-14 1.0 7.115482360675856e-14
  outer loop
    vertex 1892.5766019109153 208.00000491781245 571.8082161830159
    vertex 1891.0987532763959 208.00000491781185 573.4823193977991
    vertex 1893.0059504233457 208.00000491781245 571.923259770193
  endloop
endfacet
facet normal -1.456538924402966e-14 1.0 7.115482360675856e-14
  outer loop
    vertex 1893.0059504233457 208.00000491781245 571.923259770193
    vertex 1891.0987532763959 208.00000491781185 573.4823193977991
    vertex 1893.448753276396 208.00000491781245 571.962000000012
  endloop
endfacet
facet normal -1.456538924402966e-14 1.0 7.115482360675856e-14
  outer loop
    vertex 1888.7487532763957 208.0000049178124 569.412000000012
    vertex 1892.1737532763964 208.00000491781245 571.6203647796623
    vertex 1891.809644871696 208.00000491781253 571.3654133299655
  endloop
endfacet
facet normal -1.456538924402966e-14 1.0 7.115482360675856e-14
  outer loop
    vertex 1888.7487532763957 208.0000049178124 569.412000000012
    vertex 1891.809644871696 208.00000491781253 571.3654133299655
    vertex 1891.4953399464425 208.00000491781253 571.0511084047129
  endloop
endfacet
facet normal -1.456538924402966e-14 1.0 7.115482360675856e-14
  outer loop
    vertex 1888.7487532763957 208.0000049178124 569.412000000012
    vertex 1891.4953399464425 208.00000491781253 571.0511084047129
    vertex 1891.2403884967457 208.00000491781253 570.687000000012
  endloop
endfacet
facet normal -1.456538924402966e-14 1.0 7.115482360675856e-14
  outer loop
    vertex 1888.7487532763957 208.0000049178124 569.412000000012
    vertex 1891.2403884967457 208.00000491781253 570.687000000012
    vertex 1891.0525370933917 208.00000491781245 570.2841513654927
  endloop
endfacet
facet normal -1.456538924402966e-14 1.0 7.115482360675856e-14
  outer loop
    vertex 1888.7487532763957 208.0000049178124 569.412000000012
    vertex 1891.0525370933917 208.00000491781245 570.2841513654927
    vertex 1890.9374935062147 208.00000491781248 569.8548028530629
  endloop
endfacet
facet normal -1.456538924402966e-14 1.0 7.115482360675856e-14
  outer loop
    vertex 1888.7487532763957 208.0000049178124 569.412000000012
    vertex 1890.9374935062147 208.00000491781248 569.8548028530629
    vertex 1890.8987532763958 208.0000049178126 569.4120000000121
  endloop
endfacet
facet normal -1.456538924402966e-14 1.0 7.115482360675856e-14
  outer loop
    vertex 1888.7487532763957 208.0000049178124 569.412000000012
    vertex 1890.8987532763958 208.0000049178126 569.4120000000121
    vertex 1890.9374935062142 208.00000491781248 568.9691971469617
  endloop
endfacet
facet normal -1.456538924402966e-14 1.0 7.115482360675856e-14
  outer loop
    vertex 1888.7487532763957 208.0000049178124 569.412000000012
    vertex 1890.9374935062142 208.00000491781248 568.9691971469617
    vertex 1891.0987532763954 208.00000491781245 565.3416806022253
  endloop
endfacet
facet normal -1.456538924402966e-14 1.0 7.115482360675856e-14
  outer loop
    vertex 1891.0987532763954 208.00000491781245 565.3416806022253
    vertex 1890.9374935062142 208.00000491781248 568.9691971469617
    vertex 1891.0525370933915 208.00000491781253 568.5398486345317
  endloop
endfacet
facet normal -1.456538924402966e-14 1.0 7.115482360675856e-14
  outer loop
    vertex 1891.0987532763954 208.00000491781245 565.3416806022253
    vertex 1891.0525370933915 208.00000491781253 568.5398486345317
    vertex 1891.240388496745 208.00000491781253 568.1370000000121
  endloop
endfacet
facet normal -1.456538924402966e-14 1.0 7.115482360675856e-14
  outer loop
    vertex 1891.0987532763954 208.00000491781245 565.3416806022253
    vertex 1891.240388496745 208.00000491781253 568.1370000000121
    vertex 1891.4953399464418 208.00000491781262 567.7728915953115
  endloop
endfacet
facet normal -1.456538924402966e-14 1.0 7.115482360675856e-14
  outer loop
    vertex 1891.0987532763954 208.00000491781245 565.3416806022253
    vertex 1891.4953399464418 208.00000491781262 567.7728915953115
    vertex 1891.8096448716944 208.00000491781282 567.4585866700588
  endloop
endfacet
facet normal -1.456538924402966e-14 1.0 7.115482360675856e-14
  outer loop
    vertex 1891.0987532763954 208.00000491781245 565.3416806022253
    vertex 1891.8096448716944 208.00000491781282 567.4585866700588
    vertex 1892.1737532763952 208.0000049178127 567.2036352203618
  endloop
endfacet
facet normal -1.456538924402966e-14 1.0 7.115482360675856e-14
  outer loop
    vertex 1891.0987532763954 208.00000491781245 565.3416806022253
    vertex 1892.1737532763952 208.0000049178127 567.2036352203618
    vertex 1892.5766019109146 208.0000049178127 567.0157838170079
  endloop
endfacet
facet normal -1.456538924402966e-14 1.0 7.115482360675856e-14
  outer loop
    vertex 1891.0987532763954 208.00000491781245 565.3416806022253
    vertex 1892.5766019109146 208.0000049178127 567.0157838170079
    vertex 1893.0059504233445 208.00000491781276 566.9007402298308
  endloop
endfacet
facet normal -1.456538924402966e-14 1.0 7.115482360675856e-14
  outer loop
    vertex 1891.0987532763954 208.00000491781245 565.3416806022253
    vertex 1893.0059504233445 208.00000491781276 566.9007402298308
    vertex 1893.4487532763953 208.00000491781276 566.8620000000121
  endloop
endfacet
facet normal -1.456538924402966e-14 1.0 7.115482360675856e-14
  outer loop
    vertex 1891.0987532763954 208.00000491781245 565.3416806022253
    vertex 1893.4487532763953 208.00000491781276 566.8620000000121
    vertex 1895.7987532763955 208.00000491781245 565.3416806022251
  endloop
endfacet
facet normal -4.9655033459977474e-15 1.0 4.344234006965222e-14
  outer loop
    vertex 1895.2987532763973 208.00000491781145 599.2323193977991
    vertex 1894.2237532763977 208.0000049178114 597.3703647796624
    vertex 1890.5987532763975 208.00000491781148 599.2323193977994
  endloop
endfacet
facet normal -4.9655033459977474e-15 1.0 4.344234006965222e-14
  outer loop
    vertex 1894.2237532763977 208.0000049178114 597.3703647796624
    vertex 1895.2987532763973 208.00000491781145 599.2323193977991
    vertex 1897.6487532763972 208.00000491781137 595.1620000000116
  endloop
endfacet
facet normal -4.9655033459977474e-15 1.0 4.344234006965222e-14
  outer loop
    vertex 1890.5987532763975 208.00000491781148 599.2323193977994
    vertex 1894.2237532763977 208.0000049178114 597.3703647796624
    vertex 1893.8209046418783 208.00000491781137 597.5582161830162
  endloop
endfacet
facet normal -4.9655033459977474e-15 1.0 4.344234006965222e-14
  outer loop
    vertex 1890.5987532763975 208.00000491781148 599.2323193977994
    vertex 1893.8209046418783 208.00000491781137 597.5582161830162
    vertex 1893.3915561294484 208.00000491781145 597.6732597701932
  endloop
endfacet
facet normal -4.9655033459977474e-15 1.0 4.344234006965222e-14
  outer loop
    vertex 1890.5987532763975 208.00000491781148 599.2323193977994
    vertex 1893.3915561294484 208.00000491781145 597.6732597701932
    vertex 1892.9487532763976 208.00000491781145 597.7120000000124
  endloop
endfacet
facet normal -4.9655033459977474e-15 1.0 4.344234006965222e-14
  outer loop
    vertex 1894.2237532763977 208.0000049178114 597.3703647796624
    vertex 1897.6487532763972 208.00000491781137 595.1620000000116
    vertex 1894.587861681098 208.0000049178114 597.1154133299656
  endloop
endfacet
facet normal -4.9655033459977474e-15 1.0 4.344234006965222e-14
  outer loop
    vertex 1894.587861681098 208.0000049178114 597.1154133299656
    vertex 1897.6487532763972 208.00000491781137 595.1620000000116
    vertex 1894.9021666063506 208.00000491781168 596.8011084047129
  endloop
endfacet
facet normal -4.9655033459977474e-15 1.0 4.344234006965222e-14
  outer loop
    vertex 1894.9021666063506 208.00000491781168 596.8011084047129
    vertex 1897.6487532763972 208.00000491781137 595.1620000000116
    vertex 1895.157118056048 208.00000491781168 596.437000000012
  endloop
endfacet
facet normal -4.9655033459977474e-15 1.0 4.344234006965222e-14
  outer loop
    vertex 1895.157118056048 208.00000491781168 596.437000000012
    vertex 1897.6487532763972 208.00000491781137 595.1620000000116
    vertex 1895.3449694594015 208.00000491781168 596.0341513654927
  endloop
endfacet
facet normal -4.9655033459977474e-15 1.0 4.344234006965222e-14
  outer loop
    vertex 1895.3449694594015 208.00000491781168 596.0341513654927
    vertex 1897.6487532763972 208.00000491781137 595.1620000000116
    vertex 1895.4600130465783 208.00000491781162 595.6048028530628
  endloop
endfacet
facet normal -4.9655033459977474e-15 1.0 4.344234006965222e-14
  outer loop
    vertex 1895.4600130465783 208.00000491781162 595.6048028530628
    vertex 1897.6487532763972 208.00000491781137 595.1620000000116
    vertex 1895.4987532763973 208.0000049178117 595.162000000012
  endloop
endfacet
facet normal -4.9655033459977474e-15 1.0 4.344234006965222e-14
  outer loop
    vertex 1895.4987532763973 208.0000049178117 595.162000000012
    vertex 1897.6487532763972 208.00000491781137 595.1620000000116
    vertex 1895.4600130465783 208.0000049178117 594.7191971469616
  endloop
endfacet
facet normal -4.9655033459977474e-15 1.0 4.344234006965222e-14
  outer loop
    vertex 1895.4600130465783 208.0000049178117 594.7191971469616
    vertex 1897.6487532763972 208.00000491781137 595.1620000000116
    vertex 1895.298753276397 208.00000491781182 591.0916806022253
  endloop
endfacet
facet normal -4.9655033459977474e-15 1.0 4.344234006965222e-14
  outer loop
    vertex 1895.4600130465783 208.0000049178117 594.7191971469616
    vertex 1895.298753276397 208.00000491781182 591.0916806022253
    vertex 1895.3449694594015 208.0000049178117 594.2898486345317
  endloop
endfacet
facet normal -4.9655033459977474e-15 1.0 4.344234006965222e-14
  outer loop
    vertex 1895.3449694594015 208.0000049178117 594.2898486345317
    vertex 1895.298753276397 208.00000491781182 591.0916806022253
    vertex 1895.157118056047 208.00000491781168 593.8870000000118
  endloop
endfacet
facet normal -4.9655033459977474e-15 1.0 4.344234006965222e-14
  outer loop
    vertex 1895.157118056047 208.00000491781168 593.8870000000118
    vertex 1895.298753276397 208.00000491781182 591.0916806022253
    vertex 1894.9021666063504 208.00000491781168 593.5228915953116
  endloop
endfacet
facet normal -4.9655033459977474e-15 1.0 4.344234006965222e-14
  outer loop
    vertex 1894.9021666063504 208.00000491781168 593.5228915953116
    vertex 1895.298753276397 208.00000491781182 591.0916806022253
    vertex 1894.5878616810974 208.00000491781176 593.2085866700589
  endloop
endfacet
facet normal -4.9655033459977474e-15 1.0 4.344234006965222e-14
  outer loop
    vertex 1894.5878616810974 208.00000491781176 593.2085866700589
    vertex 1895.298753276397 208.00000491781182 591.0916806022253
    vertex 1894.223753276397 208.00000491781176 592.9536352203619
  endloop
endfacet
facet normal -4.9655033459977474e-15 1.0 4.344234006965222e-14
  outer loop
    vertex 1894.223753276397 208.00000491781176 592.9536352203619
    vertex 1895.298753276397 208.00000491781182 591.0916806022253
    vertex 1893.8209046418772 208.00000491781176 592.765783817008
  endloop
endfacet
facet normal -4.9655033459977474e-15 1.0 4.344234006965222e-14
  outer loop
    vertex 1893.8209046418772 208.00000491781176 592.765783817008
    vertex 1895.298753276397 208.00000491781182 591.0916806022253
    vertex 1893.3915561294475 208.00000491781176 592.6507402298312
  endloop
endfacet
facet normal -4.9655033459977474e-15 1.0 4.344234006965222e-14
  outer loop
    vertex 1893.3915561294475 208.00000491781176 592.6507402298312
    vertex 1895.298753276397 208.00000491781182 591.0916806022253
    vertex 1892.948753276397 208.00000491781176 592.6120000000125
  endloop
endfacet
facet normal -4.9655033459977474e-15 1.0 4.344234006965222e-14
  outer loop
    vertex 1890.5987532763975 208.00000491781148 599.2323193977994
    vertex 1891.673753276398 208.00000491781162 597.3703647796625
    vertex 1888.248753276397 208.00000491781128 595.1620000000125
  endloop
endfacet
facet normal -4.9655033459977474e-15 1.0 4.344234006965222e-14
  outer loop
    vertex 1891.673753276398 208.00000491781162 597.3703647796625
    vertex 1890.5987532763975 208.00000491781148 599.2323193977994
    vertex 1892.0766019109174 208.00000491781162 597.5582161830165
  endloop
endfacet
facet normal -4.9655033459977474e-15 1.0 4.344234006965222e-14
  outer loop
    vertex 1892.0766019109174 208.00000491781162 597.5582161830165
    vertex 1890.5987532763975 208.00000491781148 599.2323193977994
    vertex 1892.5059504233473 208.0000049178117 597.6732597701933
  endloop
endfacet
facet normal -4.9655033459977474e-15 1.0 4.344234006965222e-14
  outer loop
    vertex 1892.5059504233473 208.0000049178117 597.6732597701933
    vertex 1890.5987532763975 208.00000491781148 599.2323193977994
    vertex 1892.9487532763976 208.00000491781145 597.7120000000124
  endloop
endfacet
facet normal -4.9655033459977474e-15 1.0 4.344234006965222e-14
  outer loop
    vertex 1888.248753276397 208.00000491781128 595.1620000000125
    vertex 1891.673753276398 208.00000491781162 597.3703647796625
    vertex 1891.3096448716972 208.00000491781168 597.1154133299656
  endloop
endfacet
facet normal -4.9655033459977474e-15 1.0 4.344234006965222e-14
  outer loop
    vertex 1888.248753276397 208.00000491781128 595.1620000000125
    vertex 1891.3096448716972 208.00000491781168 597.1154133299656
    vertex 1890.9953399464441 208.0000049178116 596.8011084047132
  endloop
endfacet
facet normal -4.9655033459977474e-15 1.0 4.344234006965222e-14
  outer loop
    vertex 1888.248753276397 208.00000491781128 595.1620000000125
    vertex 1890.9953399464441 208.0000049178116 596.8011084047132
    vertex 1890.7403884967473 208.00000491781168 596.4370000000124
  endloop
endfacet
facet normal -4.9655033459977474e-15 1.0 4.344234006965222e-14
  outer loop
    vertex 1888.248753276397 208.00000491781128 595.1620000000125
    vertex 1890.7403884967473 208.00000491781168 596.4370000000124
    vertex 1890.5525370933933 208.00000491781168 596.034151365493
  endloop
endfacet
facet normal -4.9655033459977474e-15 1.0 4.344234006965222e-14
  outer loop
    vertex 1888.248753276397 208.00000491781128 595.1620000000125
    vertex 1890.5525370933933 208.00000491781168 596.034151365493
    vertex 1890.4374935062162 208.00000491781162 595.6048028530631
  endloop
endfacet
facet normal -4.9655033459977474e-15 1.0 4.344234006965222e-14
  outer loop
    vertex 1888.248753276397 208.00000491781128 595.1620000000125
    vertex 1890.4374935062162 208.00000491781162 595.6048028530631
    vertex 1890.3987532763974 208.00000491781162 595.1620000000124
  endloop
endfacet
facet normal -4.9655033459977474e-15 1.0 4.344234006965222e-14
  outer loop
    vertex 1888.248753276397 208.00000491781128 595.1620000000125
    vertex 1890.3987532763974 208.00000491781162 595.1620000000124
    vertex 1890.4374935062162 208.0000049178117 594.719197146962
  endloop
endfacet
facet normal -4.9655033459977474e-15 1.0 4.344234006965222e-14
  outer loop
    vertex 1888.248753276397 208.00000491781128 595.1620000000125
    vertex 1890.4374935062162 208.0000049178117 594.719197146962
    vertex 1890.598753276397 208.00000491781182 591.0916806022258
  endloop
endfacet
facet normal -4.9655033459977474e-15 1.0 4.344234006965222e-14
  outer loop
    vertex 1890.598753276397 208.00000491781182 591.0916806022258
    vertex 1890.4374935062162 208.0000049178117 594.719197146962
    vertex 1890.552537093393 208.0000049178117 594.2898486345321
  endloop
endfacet
facet normal -4.9655033459977474e-15 1.0 4.344234006965222e-14
  outer loop
    vertex 1890.598753276397 208.00000491781182 591.0916806022258
    vertex 1890.552537093393 208.0000049178117 594.2898486345321
    vertex 1890.7403884967466 208.00000491781162 593.8870000000127
  endloop
endfacet
facet normal -4.9655033459977474e-15 1.0 4.344234006965222e-14
  outer loop
    vertex 1890.598753276397 208.00000491781182 591.0916806022258
    vertex 1890.7403884967466 208.00000491781162 593.8870000000127
    vertex 1890.9953399464437 208.00000491781168 593.522891595312
  endloop
endfacet
facet normal -4.9655033459977474e-15 1.0 4.344234006965222e-14
  outer loop
    vertex 1890.598753276397 208.00000491781182 591.0916806022258
    vertex 1890.9953399464437 208.00000491781168 593.522891595312
    vertex 1891.309644871696 208.00000491781176 593.2085866700589
  endloop
endfacet
facet normal -4.9655033459977474e-15 1.0 4.344234006965222e-14
  outer loop
    vertex 1890.598753276397 208.00000491781182 591.0916806022258
    vertex 1891.309644871696 208.00000491781176 593.2085866700589
    vertex 1891.6737532763968 208.00000491781176 592.953635220362
  endloop
endfacet
facet normal -4.9655033459977474e-15 1.0 4.344234006965222e-14
  outer loop
    vertex 1890.598753276397 208.00000491781182 591.0916806022258
    vertex 1891.6737532763968 208.00000491781176 592.953635220362
    vertex 1892.0766019109162 208.00000491781176 592.7657838170085
  endloop
endfacet
facet normal -4.9655033459977474e-15 1.0 4.344234006965222e-14
  outer loop
    vertex 1890.598753276397 208.00000491781182 591.0916806022258
    vertex 1892.0766019109162 208.00000491781176 592.7657838170085
    vertex 1892.5059504233461 208.00000491781176 592.6507402298313
  endloop
endfacet
facet normal -4.9655033459977474e-15 1.0 4.344234006965222e-14
  outer loop
    vertex 1890.598753276397 208.00000491781182 591.0916806022258
    vertex 1892.5059504233461 208.00000491781176 592.6507402298313
    vertex 1892.948753276397 208.00000491781176 592.6120000000125
  endloop
endfacet
facet normal -4.9655033459977474e-15 1.0 4.344234006965222e-14
  outer loop
    vertex 1890.598753276397 208.00000491781182 591.0916806022258
    vertex 1892.948753276397 208.00000491781176 592.6120000000125
    vertex 1895.298753276397 208.00000491781182 591.0916806022253
  endloop
endfacet
facet normal 0.8660254037844608 -5.649547972032573e-14 0.4999999999999618
  outer loop
    vertex 1888.7487532763957 208.0000049178124 569.412000000012
    vertex 1891.0987532763954 211.00000491781267 565.3416806022252
    vertex 1888.748753276396 211.00000491781262 569.4120000000121
  endloop
endfacet
facet normal 0.8660254037844608 -5.649547972032573e-14 0.4999999999999618
  outer loop
    vertex 1891.0987532763954 211.00000491781267 565.3416806022252
    vertex 1888.7487532763957 208.0000049178124 569.412000000012
    vertex 1891.0987532763954 208.00000491781245 565.3416806022253
  endloop
endfacet
facet normal 0.8660254037844132 -4.465866883055114e-14 -0.500000000000044
  outer loop
    vertex 1891.0987532763959 211.00000491781225 573.482319397799
    vertex 1888.7487532763957 208.0000049178124 569.412000000012
    vertex 1888.748753276396 211.00000491781262 569.4120000000121
  endloop
endfacet
facet normal 0.8660254037844132 -4.465866883055114e-14 -0.500000000000044
  outer loop
    vertex 1888.7487532763957 208.0000049178124 569.412000000012
    vertex 1891.0987532763959 211.00000491781225 573.482319397799
    vertex 1891.0987532763959 208.00000491781185 573.4823193977991
  endloop
endfacet
facet normal -4.2587682789291427e-14 1.1775028707138866e-14 -1.0
  outer loop
    vertex 1895.798753276396 211.00000491781225 573.4823193977988
    vertex 1891.0987532763959 208.00000491781185 573.4823193977991
    vertex 1891.0987532763959 211.00000491781225 573.482319397799
  endloop
endfacet
facet normal -4.2587682789291427e-14 1.1775028707138866e-14 -1.0
  outer loop
    vertex 1891.0987532763959 208.00000491781185 573.4823193977991
    vertex 1895.798753276396 211.00000491781225 573.4823193977988
    vertex 1895.798753276396 208.00000491781185 573.4823193977987
  endloop
endfacet
facet normal -0.8660254037844823 6.398294156215819e-14 -0.4999999999999245
  outer loop
    vertex 1898.1487532763956 208.0000049178126 569.4120000000115
    vertex 1895.798753276396 211.00000491781225 573.4823193977988
    vertex 1898.148753276396 211.000004917813 569.4120000000116
  endloop
endfacet
facet normal -0.8660254037844823 6.398294156215819e-14 -0.4999999999999245
  outer loop
    vertex 1895.798753276396 211.00000491781225 573.4823193977988
    vertex 1898.1487532763956 208.0000049178126 569.4120000000115
    vertex 1895.798753276396 208.00000491781185 573.4823193977987
  endloop
endfacet
facet normal -0.8660254037843916 3.712637849377711e-14 0.5000000000000814
  outer loop
    vertex 1895.7987532763955 211.00000491781267 565.3416806022252
    vertex 1898.1487532763956 208.0000049178126 569.4120000000115
    vertex 1898.148753276396 211.000004917813 569.4120000000116
  endloop
endfacet
facet normal -0.8660254037843916 3.712637849377711e-14 0.5000000000000814
  outer loop
    vertex 1898.1487532763956 208.0000049178126 569.4120000000115
    vertex 1895.7987532763955 211.00000491781267 565.3416806022252
    vertex 1895.7987532763955 208.00000491781245 565.3416806022251
  endloop
endfacet
facet normal 4.2587682789291427e-14 -1.177502870713796e-14 1.0
  outer loop
    vertex 1895.7987532763955 208.00000491781245 565.3416806022251
    vertex 1891.0987532763954 211.00000491781267 565.3416806022252
    vertex 1891.0987532763954 208.00000491781245 565.3416806022253
  endloop
endfacet
facet normal 4.2587682789291427e-14 -1.177502870713796e-14 1.0
  outer loop
    vertex 1891.0987532763954 211.00000491781267 565.3416806022252
    vertex 1895.7987532763955 208.00000491781245 565.3416806022251
    vertex 1895.7987532763955 211.00000491781267 565.3416806022252
  endloop
endfacet
facet normal 0.8660254037844631 -6.394122844117042e-14 0.4999999999999577
  outer loop
    vertex 1888.2487532763976 211.00000491781168 595.1620000000127
    vertex 1890.598753276397 208.00000491781182 591.0916806022258
    vertex 1890.598753276397 211.00000491781202 591.0916806022258
  endloop
endfacet
facet normal 0.8660254037844631 -6.394122844117042e-14 0.4999999999999577
  outer loop
    vertex 1890.598753276397 208.00000491781182 591.0916806022258
    vertex 1888.2487532763976 211.00000491781168 595.1620000000127
    vertex 1888.248753276397 208.00000491781128 595.1620000000125
  endloop
endfacet
facet normal 0.8660254037844108 -3.7112474120125235e-14 -0.5000000000000481
  outer loop
    vertex 1890.5987532763975 208.00000491781148 599.2323193977994
    vertex 1888.2487532763976 211.00000491781168 595.1620000000127
    vertex 1890.5987532763975 211.0000049178117 599.2323193977995
  endloop
endfacet
facet normal 0.8660254037844108 -3.7112474120125235e-14 -0.5000000000000481
  outer loop
    vertex 1888.2487532763976 211.00000491781168 595.1620000000127
    vertex 1890.5987532763975 208.00000491781148 599.2323193977994
    vertex 1888.248753276397 208.00000491781128 595.1620000000125
  endloop
endfacet
facet normal -7.138734048339755e-14 2.681484994739226e-14 -1.0
  outer loop
    vertex 1895.2987532763973 211.00000491781176 599.2323193977992
    vertex 1890.5987532763975 208.00000491781148 599.2323193977994
    vertex 1890.5987532763975 211.0000049178117 599.2323193977995
  endloop
endfacet
facet normal -7.138734048339755e-14 2.681484994739226e-14 -1.0
  outer loop
    vertex 1890.5987532763975 208.00000491781148 599.2323193977994
    vertex 1895.2987532763973 211.00000491781176 599.2323193977992
    vertex 1895.2987532763973 208.00000491781145 599.2323193977991
  endloop
endfacet
facet normal -0.8660254037844872 7.905854052166767e-14 -0.49999999999991623
  outer loop
    vertex 1897.6487532763977 211.00000491781176 595.162000000012
    vertex 1895.2987532763973 208.00000491781145 599.2323193977991
    vertex 1895.2987532763973 211.00000491781176 599.2323193977992
  endloop
endfacet
facet normal -0.8660254037844872 7.905854052166767e-14 -0.49999999999991623
  outer loop
    vertex 1895.2987532763973 208.00000491781145 599.2323193977991
    vertex 1897.6487532763977 211.00000491781176 595.162000000012
    vertex 1897.6487532763972 208.00000491781137 595.1620000000116
  endloop
endfacet
facet normal -0.866025403784387 2.2160571535044125e-14 0.5000000000000897
  outer loop
    vertex 1895.298753276397 208.00000491781182 591.0916806022253
    vertex 1897.6487532763977 211.00000491781176 595.162000000012
    vertex 1895.298753276397 211.00000491781202 591.0916806022254
  endloop
endfacet
facet normal -0.866025403784387 2.2160571535044125e-14 0.5000000000000897
  outer loop
    vertex 1897.6487532763977 211.00000491781176 595.162000000012
    vertex 1895.298753276397 208.00000491781182 591.0916806022253
    vertex 1897.6487532763972 208.00000491781137 595.1620000000116
  endloop
endfacet
facet normal 7.138734048339755e-14 -2.681484994739226e-14 1.0
  outer loop
    vertex 1895.298753276397 208.00000491781182 591.0916806022253
    vertex 1890.598753276397 211.00000491781202 591.0916806022258
    vertex 1890.598753276397 208.00000491781182 591.0916806022258
  endloop
endfacet
facet normal 7.138734048339755e-14 -2.681484994739226e-14 1.0
  outer loop
    vertex 1890.598753276397 211.00000491781202 591.0916806022258
    vertex 1895.298753276397 208.00000491781182 591.0916806022253
    vertex 1895.298753276397 211.00000491781202 591.0916806022254
  endloop
endfacet
facet normal -1.5805430769714926e-13 -1.2418834893248945e-14 -1.0
  outer loop
    vertex 1910.948753307985 211.00000000000043 597.6620000000036
    vertex 1914.8806570266563 204.06466117310188 597.6620000000031
    vertex 1914.848753307982 203.70000000000135 597.6620000000029
  endloop
endfacet
facet normal -1.5805430769714926e-13 -1.2418834893248945e-14 -1.0
  outer loop
    vertex 1914.8806570266563 204.06466117310188 597.6620000000031
    vertex 1910.948753307985 211.00000000000043 597.6620000000036
    vertex 1914.9753988043317 204.4182423009852 597.6620000000031
  endloop
endfacet
facet normal -1.5805430769714926e-13 -1.2418834893248945e-14 -1.0
  outer loop
    vertex 1914.9753988043317 204.4182423009852 597.6620000000031
    vertex 1910.948753307985 211.00000000000043 597.6620000000036
    vertex 1915.1300999600346 204.7500000000014 597.6620000000031
  endloop
endfacet
facet normal -1.5805430769714926e-13 -1.2418834893248945e-14 -1.0
  outer loop
    vertex 1915.1300999600346 204.7500000000014 597.6620000000031
    vertex 1910.948753307985 211.00000000000043 597.6620000000036
    vertex 1915.340059977432 205.0498539803431 597.6620000000031
  endloop
endfacet
facet normal -1.5805430769714926e-13 -1.2418834893248945e-14 -1.0
  outer loop
    vertex 1915.340059977432 205.0498539803431 597.6620000000031
    vertex 1910.948753307985 211.00000000000043 597.6620000000036
    vertex 1915.5988993276403 205.3086933305512 597.6620000000028
  endloop
endfacet
facet normal -1.5805430769714926e-13 -1.2418834893248945e-14 -1.0
  outer loop
    vertex 1915.5988993276403 205.3086933305512 597.6620000000028
    vertex 1910.948753307985 211.00000000000043 597.6620000000036
    vertex 1922.9487533079812 211.0000000000001 597.662
  endloop
endfacet
facet normal -1.5805430769714926e-13 -1.2418834893248945e-14 -1.0
  outer loop
    vertex 1915.5988993276403 205.3086933305512 597.6620000000028
    vertex 1922.9487533079812 211.0000000000001 597.662
    vertex 1915.8987533079817 205.51865334794869 597.662000000003
  endloop
endfacet
facet normal -1.5805430769714926e-13 -1.2418834893248945e-14 -1.0
  outer loop
    vertex 1915.8987533079817 205.51865334794869 597.662000000003
    vertex 1922.9487533079812 211.0000000000001 597.662
    vertex 1916.230511006998 205.67335450365172 597.662000000003
  endloop
endfacet
facet normal -1.5805430769714926e-13 -1.2418834893248945e-14 -1.0
  outer loop
    vertex 1916.230511006998 205.67335450365172 597.662000000003
    vertex 1922.9487533079812 211.0000000000001 597.662
    vertex 1916.5840921348813 205.76809628132696 597.662000000003
  endloop
endfacet
facet normal -1.5805430769714926e-13 -1.2418834893248945e-14 -1.0
  outer loop
    vertex 1916.5840921348813 205.76809628132696 597.662000000003
    vertex 1922.9487533079812 211.0000000000001 597.662
    vertex 1916.9487533079819 205.80000000000135 597.6620000000026
  endloop
endfacet
facet normal -1.5805430769714926e-13 -1.2418834893248945e-14 -1.0
  outer loop
    vertex 1916.9487533079819 205.80000000000135 597.6620000000026
    vertex 1922.9487533079812 211.0000000000001 597.662
    vertex 1917.3134144810824 205.76809628132696 597.6620000000029
  endloop
endfacet
facet normal -1.5805430769714926e-13 -1.2418834893248945e-14 -1.0
  outer loop
    vertex 1917.3134144810824 205.76809628132696 597.6620000000029
    vertex 1922.9487533079812 211.0000000000001 597.662
    vertex 1917.6669956089656 205.67335450365172 597.6620000000029
  endloop
endfacet
facet normal -1.5805430769714926e-13 -1.2418834893248945e-14 -1.0
  outer loop
    vertex 1917.6669956089656 205.67335450365172 597.6620000000029
    vertex 1922.9487533079812 211.0000000000001 597.662
    vertex 1917.998753307982 205.51865334794869 597.6620000000029
  endloop
endfacet
facet normal -1.5805430769714926e-13 -1.2418834893248945e-14 -1.0
  outer loop
    vertex 1917.998753307982 205.51865334794869 597.6620000000029
    vertex 1922.9487533079812 211.0000000000001 597.662
    vertex 1918.2986072883234 205.3086933305512 597.6620000000028
  endloop
endfacet
facet normal -1.5805430769714926e-13 -1.2418834893248945e-14 -1.0
  outer loop
    vertex 1918.2986072883234 205.3086933305512 597.6620000000028
    vertex 1922.9487533079812 211.0000000000001 597.662
    vertex 1918.5574466385317 205.0498539803431 597.6620000000028
  endloop
endfacet
facet normal -1.5805430769714926e-13 -1.2418834893248945e-14 -1.0
  outer loop
    vertex 1918.5574466385317 205.0498539803431 597.6620000000028
    vertex 1922.9487533079812 211.0000000000001 597.662
    vertex 1918.767406655929 204.7500000000014 597.6620000000028
  endloop
endfacet
facet normal -1.5805430769714926e-13 -1.2418834893248945e-14 -1.0
  outer loop
    vertex 1918.767406655929 204.7500000000014 597.6620000000028
    vertex 1922.9487533079812 211.0000000000001 597.662
    vertex 1918.9221078116323 204.4182423009852 597.6620000000026
  endloop
endfacet
facet normal -1.5805430769714926e-13 -1.2418834893248945e-14 -1.0
  outer loop
    vertex 1918.9221078116323 204.4182423009852 597.6620000000026
    vertex 1922.9487533079812 211.0000000000001 597.662
    vertex 1919.0168495893074 204.06466117310188 597.6620000000025
  endloop
endfacet
facet normal -1.5805430769714926e-13 -1.2418834893248945e-14 -1.0
  outer loop
    vertex 1919.0168495893074 204.06466117310188 597.6620000000025
    vertex 1922.9487533079812 211.0000000000001 597.662
    vertex 1919.0487533079818 203.70000000000135 597.6620000000026
  endloop
endfacet
facet normal -1.5805430769714926e-13 -1.2418834893248945e-14 -1.0
  outer loop
    vertex 1910.948753307985 211.00000000000043 597.6620000000036
    vertex 1922.9487533079846 184.99999999999895 597.6620000000011
    vertex 1910.9487533079846 184.99999999999994 597.6620000000024
  endloop
endfacet
facet normal -1.5805430769714926e-13 -1.2418834893248945e-14 -1.0
  outer loop
    vertex 1922.9487533079846 184.99999999999895 597.6620000000011
    vertex 1910.948753307985 211.00000000000043 597.6620000000036
    vertex 1914.9753988043317 202.9817576990175 597.662000000003
  endloop
endfacet
facet normal -1.5805430769714926e-13 -1.2418834893248945e-14 -1.0
  outer loop
    vertex 1914.9753988043317 202.9817576990175 597.662000000003
    vertex 1910.948753307985 211.00000000000043 597.6620000000036
    vertex 1914.8806570266563 203.33533882690085 597.6620000000028
  endloop
endfacet
facet normal -1.5805430769714926e-13 -1.2418834893248945e-14 -1.0
  outer loop
    vertex 1914.8806570266563 203.33533882690085 597.6620000000028
    vertex 1910.948753307985 211.00000000000043 597.6620000000036
    vertex 1914.848753307982 203.70000000000135 597.6620000000029
  endloop
endfacet
facet normal -1.5805430769714926e-13 -1.2418834893248945e-14 -1.0
  outer loop
    vertex 1922.9487533079846 184.99999999999895 597.6620000000011
    vertex 1914.9753988043317 202.9817576990175 597.662000000003
    vertex 1915.1300999600346 202.65000000000134 597.662000000003
  endloop
endfacet
facet normal -1.5805430769714926e-13 -1.2418834893248945e-14 -1.0
  outer loop
    vertex 1922.9487533079846 184.99999999999895 597.6620000000011
    vertex 1915.1300999600346 202.65000000000134 597.662000000003
    vertex 1915.340059977432 202.35014601965963 597.6620000000026
  endloop
endfacet
facet normal -1.5805430769714926e-13 -1.2418834893248945e-14 -1.0
  outer loop
    vertex 1922.9487533079846 184.99999999999895 597.6620000000011
    vertex 1915.340059977432 202.35014601965963 597.6620000000026
    vertex 1915.5988993276403 202.0913066694515 597.6620000000023
  endloop
endfacet
facet normal -1.5805430769714926e-13 -1.2418834893248945e-14 -1.0
  outer loop
    vertex 1922.9487533079846 184.99999999999895 597.6620000000011
    vertex 1915.5988993276403 202.0913066694515 597.6620000000023
    vertex 1915.8987533079821 201.88134665205405 597.6620000000025
  endloop
endfacet
facet normal -1.5805430769714926e-13 -1.2418834893248945e-14 -1.0
  outer loop
    vertex 1922.9487533079846 184.99999999999895 597.6620000000011
    vertex 1915.8987533079821 201.88134665205405 597.6620000000025
    vertex 1916.230511006998 201.726645496351 597.6620000000025
  endloop
endfacet
facet normal -1.5805430769714926e-13 -1.2418834893248945e-14 -1.0
  outer loop
    vertex 1922.9487533079846 184.99999999999895 597.6620000000011
    vertex 1916.230511006998 201.726645496351 597.6620000000025
    vertex 1916.5840921348813 201.63190371867577 597.6620000000023
  endloop
endfacet
facet normal -1.5805430769714926e-13 -1.2418834893248945e-14 -1.0
  outer loop
    vertex 1922.9487533079846 184.99999999999895 597.6620000000011
    vertex 1916.5840921348813 201.63190371867577 597.6620000000023
    vertex 1916.9487533079819 201.6000000000014 597.6620000000024
  endloop
endfacet
facet normal -1.5805430769714926e-13 -1.2418834893248945e-14 -1.0
  outer loop
    vertex 1922.9487533079846 184.99999999999895 597.6620000000011
    vertex 1916.9487533079819 201.6000000000014 597.6620000000024
    vertex 1917.3134144810824 201.63190371867577 597.6620000000024
  endloop
endfacet
facet normal -1.5805430769714926e-13 -1.2418834893248945e-14 -1.0
  outer loop
    vertex 1922.9487533079846 184.99999999999895 597.6620000000011
    vertex 1917.3134144810824 201.63190371867577 597.6620000000024
    vertex 1917.6669956089656 201.7266454963511 597.6620000000024
  endloop
endfacet
facet normal -1.5805430769714926e-13 -1.2418834893248945e-14 -1.0
  outer loop
    vertex 1922.9487533079846 184.99999999999895 597.6620000000011
    vertex 1917.6669956089656 201.7266454963511 597.6620000000024
    vertex 1917.998753307982 201.88134665205405 597.6620000000022
  endloop
endfacet
facet normal -1.5805430769714926e-13 -1.2418834893248945e-14 -1.0
  outer loop
    vertex 1922.9487533079846 184.99999999999895 597.6620000000011
    vertex 1917.998753307982 201.88134665205405 597.6620000000022
    vertex 1918.2986072883234 202.09130666945163 597.6620000000022
  endloop
endfacet
facet normal -1.5805430769714926e-13 -1.2418834893248945e-14 -1.0
  outer loop
    vertex 1922.9487533079846 184.99999999999895 597.6620000000011
    vertex 1918.2986072883234 202.09130666945163 597.6620000000022
    vertex 1918.5574466385317 202.35014601965975 597.6620000000023
  endloop
endfacet
facet normal -1.5805430769714926e-13 -1.2418834893248945e-14 -1.0
  outer loop
    vertex 1922.9487533079846 184.99999999999895 597.6620000000011
    vertex 1918.5574466385317 202.35014601965975 597.6620000000023
    vertex 1918.767406655929 202.65000000000146 597.6620000000023
  endloop
endfacet
facet normal -1.5805430769714926e-13 -1.2418834893248945e-14 -1.0
  outer loop
    vertex 1922.9487533079846 184.99999999999895 597.6620000000011
    vertex 1918.767406655929 202.65000000000146 597.6620000000023
    vertex 1918.9221078116323 202.98175769901752 597.6620000000026
  endloop
endfacet
facet normal -1.5805430769714926e-13 -1.2418834893248945e-14 -1.0
  outer loop
    vertex 1922.9487533079846 184.99999999999895 597.6620000000011
    vertex 1918.9221078116323 202.98175769901752 597.6620000000026
    vertex 1919.0168495893074 203.33533882690085 597.6620000000026
  endloop
endfacet
facet normal -1.5805430769714926e-13 -1.2418834893248945e-14 -1.0
  outer loop
    vertex 1922.9487533079846 184.99999999999895 597.6620000000011
    vertex 1919.0168495893074 203.33533882690085 597.6620000000026
    vertex 1919.0487533079818 203.70000000000135 597.6620000000026
  endloop
endfacet
facet normal -1.5805430769714926e-13 -1.2418834893248945e-14 -1.0
  outer loop
    vertex 1922.9487533079846 184.99999999999895 597.6620000000011
    vertex 1919.0487533079818 203.70000000000135 597.6620000000026
    vertex 1922.9487533079812 211.0000000000001 597.662
  endloop
endfacet
facet normal -1.0 8.693328857122742e-15 6.619129610622061e-14
  outer loop
    vertex 1902.9487533079837 211.00000000000082 608.1620000000016
    vertex 1902.948753307983 205.30869333055094 610.3121460196596
    vertex 1902.948753307984 211.00000000000014 617.6620000000016
  endloop
endfacet
facet normal -1.0 8.693328857122742e-15 6.619129610622061e-14
  outer loop
    vertex 1902.948753307983 205.30869333055094 610.3121460196596
    vertex 1902.9487533079837 211.00000000000082 608.1620000000016
    vertex 1902.9487533079832 205.04985398034282 610.0533066694514
  endloop
endfacet
facet normal -1.0 8.693328857122742e-15 6.619129610622061e-14
  outer loop
    vertex 1902.9487533079832 205.04985398034282 610.0533066694514
    vertex 1902.9487533079837 211.00000000000082 608.1620000000016
    vertex 1902.9487533079832 204.750000000001 609.8433466520545
  endloop
endfacet
facet normal -1.0 8.693328857122742e-15 6.619129610622061e-14
  outer loop
    vertex 1902.9487533079832 204.750000000001 609.8433466520545
    vertex 1902.9487533079837 211.00000000000082 608.1620000000016
    vertex 1902.9487533079832 204.4182423009849 609.6886454963511
  endloop
endfacet
facet normal -1.0 8.693328857122742e-15 6.619129610622061e-14
  outer loop
    vertex 1902.9487533079832 204.4182423009849 609.6886454963511
    vertex 1902.9487533079837 211.00000000000082 608.1620000000016
    vertex 1902.9487533079832 204.06466117310148 609.593903718676
  endloop
endfacet
facet normal -1.0 8.693328857122742e-15 6.619129610622061e-14
  outer loop
    vertex 1902.9487533079832 204.06466117310148 609.593903718676
    vertex 1902.9487533079837 211.00000000000082 608.1620000000016
    vertex 1902.9487533079832 203.70000000000095 609.5620000000015
  endloop
endfacet
facet normal -1.0 8.693328857122742e-15 6.619129610622061e-14
  outer loop
    vertex 1902.9487533079832 203.70000000000095 609.5620000000015
    vertex 1902.9487533079837 211.00000000000082 608.1620000000016
    vertex 1902.948753307983 185.000000000001 608.1620000000007
  endloop
endfacet
facet normal -1.0 8.693328857122742e-15 6.619129610622061e-14
  outer loop
    vertex 1902.948753307984 211.00000000000014 617.6620000000016
    vertex 1902.948753307983 205.30869333055094 610.3121460196596
    vertex 1902.948753307983 205.51865334794832 610.6120000000014
  endloop
endfacet
facet normal -1.0 8.693328857122742e-15 6.619129610622061e-14
  outer loop
    vertex 1902.948753307984 211.00000000000014 617.6620000000016
    vertex 1902.948753307983 205.51865334794832 610.6120000000014
    vertex 1902.948753307983 205.67335450365138 610.9437576990179
  endloop
endfacet
facet normal -1.0 8.693328857122742e-15 6.619129610622061e-14
  outer loop
    vertex 1902.948753307984 211.00000000000014 617.6620000000016
    vertex 1902.948753307983 205.67335450365138 610.9437576990179
    vertex 1902.948753307983 205.7680962813266 611.2973388269013
  endloop
endfacet
facet normal -1.0 8.693328857122742e-15 6.619129610622061e-14
  outer loop
    vertex 1902.948753307984 211.00000000000014 617.6620000000016
    vertex 1902.948753307983 205.7680962813266 611.2973388269013
    vertex 1902.948753307983 205.80000000000092 611.6620000000019
  endloop
endfacet
facet normal -1.0 8.693328857122742e-15 6.619129610622061e-14
  outer loop
    vertex 1902.9487533079832 203.70000000000095 609.5620000000015
    vertex 1902.948753307983 185.000000000001 608.1620000000007
    vertex 1902.9487533079832 203.33533882690043 609.593903718676
  endloop
endfacet
facet normal -1.0 8.693328857122742e-15 6.619129610622061e-14
  outer loop
    vertex 1902.9487533079832 203.33533882690043 609.593903718676
    vertex 1902.948753307983 185.000000000001 608.1620000000007
    vertex 1902.9487533079832 202.98175769901664 609.6886454963511
  endloop
endfacet
facet normal -1.0 8.693328857122742e-15 6.619129610622061e-14
  outer loop
    vertex 1902.9487533079832 202.98175769901664 609.6886454963511
    vertex 1902.948753307983 185.000000000001 608.1620000000007
    vertex 1902.9487533079832 202.65000000000055 609.8433466520545
  endloop
endfacet
facet normal -1.0 8.693328857122742e-15 6.619129610622061e-14
  outer loop
    vertex 1902.9487533079832 202.65000000000055 609.8433466520545
    vertex 1902.948753307983 185.000000000001 608.1620000000007
    vertex 1902.9487533079832 202.35014601965884 610.0533066694516
  endloop
endfacet
facet normal -1.0 8.693328857122742e-15 6.619129610622061e-14
  outer loop
    vertex 1902.9487533079832 202.35014601965884 610.0533066694516
    vertex 1902.948753307983 185.000000000001 608.1620000000007
    vertex 1902.9487533079832 202.09130666945072 610.3121460196595
  endloop
endfacet
facet normal -1.0 8.693328857122742e-15 6.619129610622061e-14
  outer loop
    vertex 1902.9487533079832 202.09130666945072 610.3121460196595
    vertex 1902.948753307983 185.000000000001 608.1620000000007
    vertex 1902.9487533079832 201.88134665205314 610.6120000000013
  endloop
endfacet
facet normal -1.0 8.693328857122742e-15 6.619129610622061e-14
  outer loop
    vertex 1902.9487533079832 201.88134665205314 610.6120000000013
    vertex 1902.948753307983 185.000000000001 608.1620000000007
    vertex 1902.948753307983 201.7266454963502 610.9437576990176
  endloop
endfacet
facet normal -1.0 8.693328857122742e-15 6.619129610622061e-14
  outer loop
    vertex 1902.948753307983 201.7266454963502 610.9437576990176
    vertex 1902.948753307983 185.000000000001 608.1620000000007
    vertex 1902.948753307983 201.63190371867495 611.297338826901
  endloop
endfacet
facet normal -1.0 8.693328857122742e-15 6.619129610622061e-14
  outer loop
    vertex 1902.948753307983 201.63190371867495 611.297338826901
    vertex 1902.948753307983 185.000000000001 608.1620000000007
    vertex 1902.948753307983 201.60000000000056 611.6620000000017
  endloop
endfacet
facet normal -1.0 8.693328857122742e-15 6.619129610622061e-14
  outer loop
    vertex 1902.948753307983 201.60000000000056 611.6620000000017
    vertex 1902.948753307983 185.000000000001 608.1620000000007
    vertex 1902.9487533079837 185.00000000000136 617.6620000000025
  endloop
endfacet
facet normal -1.0 8.693328857122742e-15 6.619129610622061e-14
  outer loop
    vertex 1902.948753307984 211.00000000000014 617.6620000000016
    vertex 1902.948753307983 204.06466117310117 613.7300962813273
    vertex 1902.9487533079837 185.00000000000136 617.6620000000025
  endloop
endfacet
facet normal -1.0 8.693328857122742e-15 6.619129610622061e-14
  outer loop
    vertex 1902.948753307983 204.06466117310117 613.7300962813273
    vertex 1902.948753307984 211.00000000000014 617.6620000000016
    vertex 1902.948753307983 204.4182423009845 613.635354503652
  endloop
endfacet
facet normal -1.0 8.693328857122742e-15 6.619129610622061e-14
  outer loop
    vertex 1902.948753307983 204.4182423009845 613.635354503652
    vertex 1902.948753307984 211.00000000000014 617.6620000000016
    vertex 1902.948753307983 204.7500000000006 613.4806533479491
  endloop
endfacet
facet normal -1.0 8.693328857122742e-15 6.619129610622061e-14
  outer loop
    vertex 1902.948753307983 204.7500000000006 613.4806533479491
    vertex 1902.948753307984 211.00000000000014 617.6620000000016
    vertex 1902.948753307983 205.04985398034242 613.2706933305514
  endloop
endfacet
facet normal -1.0 8.693328857122742e-15 6.619129610622061e-14
  outer loop
    vertex 1902.948753307983 205.04985398034242 613.2706933305514
    vertex 1902.948753307984 211.00000000000014 617.6620000000016
    vertex 1902.948753307983 205.30869333055062 613.0118539803432
  endloop
endfacet
facet normal -1.0 8.693328857122742e-15 6.619129610622061e-14
  outer loop
    vertex 1902.948753307983 205.30869333055062 613.0118539803432
    vertex 1902.948753307984 211.00000000000014 617.6620000000016
    vertex 1902.948753307983 205.518653347948 612.7120000000017
  endloop
endfacet
facet normal -1.0 8.693328857122742e-15 6.619129610622061e-14
  outer loop
    vertex 1902.948753307983 205.518653347948 612.7120000000017
    vertex 1902.948753307984 211.00000000000014 617.6620000000016
    vertex 1902.948753307983 205.67335450365132 612.3802423009855
  endloop
endfacet
facet normal -1.0 8.693328857122742e-15 6.619129610622061e-14
  outer loop
    vertex 1902.948753307983 205.67335450365132 612.3802423009855
    vertex 1902.948753307984 211.00000000000014 617.6620000000016
    vertex 1902.948753307983 205.76809628132654 612.0266611731024
  endloop
endfacet
facet normal -1.0 8.693328857122742e-15 6.619129610622061e-14
  outer loop
    vertex 1902.948753307983 205.76809628132654 612.0266611731024
    vertex 1902.948753307984 211.00000000000014 617.6620000000016
    vertex 1902.948753307983 205.80000000000092 611.6620000000019
  endloop
endfacet
facet normal -1.0 8.693328857122742e-15 6.619129610622061e-14
  outer loop
    vertex 1902.9487533079837 185.00000000000136 617.6620000000025
    vertex 1902.948753307983 204.06466117310117 613.7300962813273
    vertex 1902.948753307983 203.70000000000064 613.7620000000016
  endloop
endfacet
facet normal -1.0 8.693328857122742e-15 6.619129610622061e-14
  outer loop
    vertex 1902.9487533079837 185.00000000000136 617.6620000000025
    vertex 1902.948753307983 203.70000000000064 613.7620000000016
    vertex 1902.948753307983 203.3353388269001 613.7300962813273
  endloop
endfacet
facet normal -1.0 8.693328857122742e-15 6.619129610622061e-14
  outer loop
    vertex 1902.9487533079837 185.00000000000136 617.6620000000025
    vertex 1902.948753307983 203.3353388269001 613.7300962813273
    vertex 1902.948753307983 202.98175769901653 613.635354503652
  endloop
endfacet
facet normal -1.0 8.693328857122742e-15 6.619129610622061e-14
  outer loop
    vertex 1902.9487533079837 185.00000000000136 617.6620000000025
    vertex 1902.948753307983 202.98175769901653 613.635354503652
    vertex 1902.948753307983 202.65000000000046 613.4806533479491
  endloop
endfacet
facet normal -1.0 8.693328857122742e-15 6.619129610622061e-14
  outer loop
    vertex 1902.9487533079837 185.00000000000136 617.6620000000025
    vertex 1902.948753307983 202.65000000000046 613.4806533479491
    vertex 1902.948753307983 202.35014601965875 613.2706933305515
  endloop
endfacet
facet normal -1.0 8.693328857122742e-15 6.619129610622061e-14
  outer loop
    vertex 1902.9487533079837 185.00000000000136 617.6620000000025
    vertex 1902.948753307983 202.35014601965875 613.2706933305515
    vertex 1902.948753307983 202.09130666945063 613.0118539803432
  endloop
endfacet
facet normal -1.0 8.693328857122742e-15 6.619129610622061e-14
  outer loop
    vertex 1902.9487533079837 185.00000000000136 617.6620000000025
    vertex 1902.948753307983 202.09130666945063 613.0118539803432
    vertex 1902.948753307983 201.88134665205308 612.7120000000012
  endloop
endfacet
facet normal -1.0 8.693328857122742e-15 6.619129610622061e-14
  outer loop
    vertex 1902.9487533079837 185.00000000000136 617.6620000000025
    vertex 1902.948753307983 201.88134665205308 612.7120000000012
    vertex 1902.948753307983 201.72664549635013 612.3802423009854
  endloop
endfacet
facet normal -1.0 8.693328857122742e-15 6.619129610622061e-14
  outer loop
    vertex 1902.9487533079837 185.00000000000136 617.6620000000025
    vertex 1902.948753307983 201.72664549635013 612.3802423009854
    vertex 1902.948753307983 201.63190371867483 612.0266611731021
  endloop
endfacet
facet normal -1.0 8.693328857122742e-15 6.619129610622061e-14
  outer loop
    vertex 1902.9487533079837 185.00000000000136 617.6620000000025
    vertex 1902.948753307983 201.63190371867483 612.0266611731021
    vertex 1902.948753307983 201.60000000000056 611.6620000000017
  endloop
endfacet
facet normal -1.1228042900071728e-14 1.0913694004706276e-14 -1.0
  outer loop
    vertex 1871.9487532763987 206.70000491781298 604.6620000000138
    vertex 1892.9487532763983 195.35000491781253 604.6620000000134
    vertex 1871.9487532763983 195.34997157830304 604.6620000000141
  endloop
endfacet
facet normal -1.1228042900071728e-14 1.0913694004706276e-14 -1.0
  outer loop
    vertex 1892.9487532763983 195.35000491781253 604.6620000000134
    vertex 1871.9487532763987 206.70000491781298 604.6620000000138
    vertex 1892.9487532763983 206.70000491781317 604.662000000014
  endloop
endfacet
facet normal -0.9719371154201222 -3.142564566107174e-14 -0.23524082058352971
  outer loop
    vertex 1910.4487533079825 206.70000000000252 563.1620000000033
    vertex 1902.3044269300137 195.35000491781284 596.8116576878487
    vertex 1902.3044269300133 206.70000491781298 596.811657687847
  endloop
endfacet
facet normal -0.9719371154201222 -3.142564566107174e-14 -0.23524082058352971
  outer loop
    vertex 1902.3044269300137 195.35000491781284 596.8116576878487
    vertex 1910.4487533079825 206.70000000000252 563.1620000000033
    vertex 1910.4487533079825 195.35000000000184 563.162000000003
  endloop
endfacet
facet normal -0.9659258262891453 -6.869559028490216e-14 -0.2588190451022342
  outer loop
    vertex 1902.3044269300137 195.35000491781284 596.8116576878487
    vertex 1901.8758331738638 206.70000491781292 598.4111913616052
    vertex 1902.3044269300133 206.70000491781298 596.811657687847
  endloop
endfacet
facet normal -0.9659258262891453 -6.869559028490216e-14 -0.2588190451022342
  outer loop
    vertex 1901.8758331738638 206.70000491781292 598.4111913616052
    vertex 1902.3044269300137 195.35000491781284 596.8116576878487
    vertex 1901.8758331738643 195.35000491781278 598.4111913616066
  endloop
endfacet
facet normal -0.9063077870366275 -9.39845540915848e-14 -0.4226182617407475
  outer loop
    vertex 1901.8758331738643 195.35000491781278 598.4111913616066
    vertex 1901.1759946123498 206.70000491781286 599.9120000000116
    vertex 1901.8758331738638 206.70000491781292 598.4111913616052
  endloop
endfacet
facet normal -0.9063077870366275 -9.39845540915848e-14 -0.4226182617407475
  outer loop
    vertex 1901.1759946123498 206.70000491781286 599.9120000000116
    vertex 1901.8758331738643 195.35000491781278 598.4111913616066
    vertex 1901.1759946123505 195.35000491781275 599.9120000000128
  endloop
endfacet
facet normal -0.8191520442890142 -8.507822871450691e-14 -0.5735764363510144
  outer loop
    vertex 1901.1759946123498 206.70000491781286 599.9120000000116
    vertex 1900.2261754860283 195.35000491781264 601.268482292035
    vertex 1900.2261754860283 206.70000491781292 601.2684822920338
  endloop
endfacet
facet normal -0.8191520442890142 -8.507822871450691e-14 -0.5735764363510144
  outer loop
    vertex 1900.2261754860283 195.35000491781264 601.268482292035
    vertex 1901.1759946123498 206.70000491781286 599.9120000000116
    vertex 1901.1759946123505 195.35000491781275 599.9120000000128
  endloop
endfacet
facet normal -0.70710678118653 -8.066690537374523e-14 -0.707106781186565
  outer loop
    vertex 1900.2261754860283 206.70000491781292 601.2684822920338
    vertex 1899.0552355684201 195.3500049178127 602.4394222096431
    vertex 1899.0552355684197 206.70000491781283 602.4394222096421
  endloop
endfacet
facet normal -0.70710678118653 -8.066690537374523e-14 -0.707106781186565
  outer loop
    vertex 1899.0552355684201 195.3500049178127 602.4394222096431
    vertex 1900.2261754860283 206.70000491781292 601.2684822920338
    vertex 1900.2261754860283 195.35000491781264 601.268482292035
  endloop
endfacet
facet normal -0.5735764363510766 -1.1125593927776367e-13 -0.8191520442889705
  outer loop
    vertex 1899.0552355684197 206.70000491781283 602.4394222096421
    vertex 1897.6987532763978 195.35000491781256 603.3892413359653
    vertex 1897.6987532763976 206.70000491781278 603.3892413359637
  endloop
endfacet
facet normal -0.5735764363510766 -1.1125593927776367e-13 -0.8191520442889705
  outer loop
    vertex 1897.6987532763978 195.35000491781256 603.3892413359653
    vertex 1899.0552355684197 206.70000491781283 602.4394222096421
    vertex 1899.0552355684201 195.3500049178127 602.4394222096431
  endloop
endfacet
facet normal -0.4226182617408293 -1.3399860003797926e-13 -0.9063077870365895
  outer loop
    vertex 1897.6987532763976 206.70000491781278 603.3892413359637
    vertex 1896.197944637992 195.35000491781267 604.0890798974793
    vertex 1896.1979446379914 206.7000049178127 604.0890798974779
  endloop
endfacet
facet normal -0.4226182617408293 -1.3399860003797926e-13 -0.9063077870365895
  outer loop
    vertex 1896.197944637992 195.35000491781267 604.0890798974793
    vertex 1897.6987532763976 206.70000491781278 603.3892413359637
    vertex 1897.6987532763978 195.35000491781256 603.3892413359653
  endloop
endfacet
facet normal -0.25881904510264 -1.28701770703577e-13 -0.9659258262890364
  outer loop
    vertex 1896.1979446379914 206.7000049178127 604.0890798974779
    vertex 1894.5984109642343 195.3500049178126 604.5176736536293
    vertex 1894.5984109642338 206.70000491781275 604.517673653628
  endloop
endfacet
facet normal -0.25881904510264 -1.28701770703577e-13 -0.9659258262890364
  outer loop
    vertex 1894.5984109642343 195.3500049178126 604.5176736536293
    vertex 1896.1979446379914 206.7000049178127 604.0890798974779
    vertex 1896.197944637992 195.35000491781267 604.0890798974793
  endloop
endfacet
facet normal -0.087155742748304 -3.8189698035570675e-14 -0.9961946980916891
  outer loop
    vertex 1894.5984109642338 206.70000491781275 604.517673653628
    vertex 1892.9487532763983 195.35000491781253 604.6620000000134
    vertex 1892.9487532763983 206.70000491781317 604.662000000014
  endloop
endfacet
facet normal -0.087155742748304 -3.8189698035570675e-14 -0.9961946980916891
  outer loop
    vertex 1892.9487532763983 195.35000491781253 604.6620000000134
    vertex 1894.5984109642338 206.70000491781275 604.517673653628
    vertex 1894.5984109642343 195.3500049178126 604.5176736536293
  endloop
endfacet
facet normal 8.129917376662608e-14 -3.847842138860297e-14 1.0
  outer loop
    vertex 1906.9487533079835 181.00000000000057 621.6620000000004
    vertex 1871.948753307984 185.00000000000028 621.662000000003
    vertex 1871.948753307984 181.00000000000057 621.6620000000029
  endloop
endfacet
facet normal 8.129917376662608e-14 -3.847842138860297e-14 1.0
  outer loop
    vertex 1871.948753307984 185.00000000000028 621.662000000003
    vertex 1906.9487533079835 181.00000000000057 621.6620000000004
    vertex 1876.9487533079837 185.0000000000004 621.6620000000045
  endloop
endfacet
facet normal 8.129917376662608e-14 -3.847842138860297e-14 1.0
  outer loop
    vertex 1876.9487533079837 185.0000000000004 621.6620000000045
    vertex 1906.9487533079835 181.00000000000057 621.6620000000004
    vertex 1902.948753307984 211.00000000000028 621.6620000000019
  endloop
endfacet
facet normal 8.129917376662608e-14 -3.847842138860297e-14 1.0
  outer loop
    vertex 1902.948753307984 211.00000000000028 621.6620000000019
    vertex 1906.9487533079835 181.00000000000057 621.6620000000004
    vertex 1906.9487533079837 210.9999999999998 621.6620000000016
  endloop
endfacet
facet normal -3.0339785799865806e-14 1.0 -1.8264271488640245e-14
  outer loop
    vertex 1902.9487533079837 185.00000000000136 617.6620000000025
    vertex 1897.998753307983 185.00000000000065 613.4806533479489
    vertex 1891.4487533079837 185.0000000000009 617.662000000003
  endloop
endfacet
facet normal -3.0339785799865806e-14 1.0 -1.8264271488640245e-14
  outer loop
    vertex 1897.998753307983 185.00000000000065 613.4806533479489
    vertex 1902.9487533079837 185.00000000000136 617.6620000000025
    vertex 1898.2986072883248 185.00000000000065 613.2706933305514
  endloop
endfacet
facet normal -3.0339785799865806e-14 1.0 -1.8264271488640245e-14
  outer loop
    vertex 1898.2986072883248 185.00000000000065 613.2706933305514
    vertex 1902.9487533079837 185.00000000000136 617.6620000000025
    vertex 1898.5574466385328 185.00000000000068 613.0118539803432
  endloop
endfacet
facet normal -3.0339785799865806e-14 1.0 -1.8264271488640245e-14
  outer loop
    vertex 1898.5574466385328 185.00000000000068 613.0118539803432
    vertex 1902.9487533079837 185.00000000000136 617.6620000000025
    vertex 1902.948753307983 185.000000000001 608.1620000000007
  endloop
endfacet
facet normal -3.0339785799865806e-14 1.0 -1.8264271488640245e-14
  outer loop
    vertex 1891.4487533079837 185.0000000000009 617.662000000003
    vertex 1897.998753307983 185.00000000000065 613.4806533479489
    vertex 1897.6669956089668 185.00000000000065 613.6353545036518
  endloop
endfacet
facet normal -3.0339785799865806e-14 1.0 -1.8264271488640245e-14
  outer loop
    vertex 1891.4487533079837 185.0000000000009 617.662000000003
    vertex 1897.6669956089668 185.00000000000065 613.6353545036518
    vertex 1897.3134144810833 185.00000000000065 613.7300962813272
  endloop
endfacet
facet normal -3.0339785799865806e-14 1.0 -1.8264271488640245e-14
  outer loop
    vertex 1891.4487533079837 185.0000000000009 617.662000000003
    vertex 1897.3134144810833 185.00000000000065 613.7300962813272
    vertex 1896.9487533079828 185.00000000000074 613.7620000000015
  endloop
endfacet
facet normal -3.0339785799865806e-14 1.0 -1.8264271488640245e-14
  outer loop
    vertex 1898.5574466385328 185.00000000000068 613.0118539803432
    vertex 1902.948753307983 185.000000000001 608.1620000000007
    vertex 1898.7674066559302 185.0000000000007 612.7120000000014
  endloop
endfacet
facet normal -3.0339785799865806e-14 1.0 -1.8264271488640245e-14
  outer loop
    vertex 1898.7674066559302 185.0000000000007 612.7120000000014
    vertex 1902.948753307983 185.000000000001 608.1620000000007
    vertex 1898.9221078116339 185.0000000000007 612.3802423009854
  endloop
endfacet
facet normal -3.0339785799865806e-14 1.0 -1.8264271488640245e-14
  outer loop
    vertex 1898.9221078116339 185.0000000000007 612.3802423009854
    vertex 1902.948753307983 185.000000000001 608.1620000000007
    vertex 1899.016849589309 185.0000000000007 612.0266611731018
  endloop
endfacet
facet normal -3.0339785799865806e-14 1.0 -1.8264271488640245e-14
  outer loop
    vertex 1899.016849589309 185.0000000000007 612.0266611731018
    vertex 1902.948753307983 185.000000000001 608.1620000000007
    vertex 1899.0487533079834 185.0000000000007 611.6620000000013
  endloop
endfacet
facet normal -3.0339785799865806e-14 1.0 -1.8264271488640245e-14
  outer loop
    vertex 1899.0487533079834 185.0000000000007 611.6620000000013
    vertex 1902.948753307983 185.000000000001 608.1620000000007
    vertex 1899.016849589309 185.0000000000007 611.2973388269008
  endloop
endfacet
facet normal -3.0339785799865806e-14 1.0 -1.8264271488640245e-14
  outer loop
    vertex 1899.016849589309 185.0000000000007 611.2973388269008
    vertex 1902.948753307983 185.000000000001 608.1620000000007
    vertex 1898.9221078116339 185.00000000000074 610.9437576990177
  endloop
endfacet
facet normal -3.0339785799865806e-14 1.0 -1.8264271488640245e-14
  outer loop
    vertex 1898.9221078116339 185.00000000000074 610.9437576990177
    vertex 1902.948753307983 185.000000000001 608.1620000000007
    vertex 1898.7674066559305 185.00000000000074 610.6120000000014
  endloop
endfacet
facet normal -3.0339785799865806e-14 1.0 -1.8264271488640245e-14
  outer loop
    vertex 1898.7674066559305 185.00000000000074 610.6120000000014
    vertex 1902.948753307983 185.000000000001 608.1620000000007
    vertex 1898.5574466385333 185.00000000000074 610.31214601966
  endloop
endfacet
facet normal -3.0339785799865806e-14 1.0 -1.8264271488640245e-14
  outer loop
    vertex 1898.5574466385333 185.00000000000074 610.31214601966
    vertex 1902.948753307983 185.000000000001 608.1620000000007
    vertex 1898.2986072883248 185.00000000000074 610.0533066694518
  endloop
endfacet
facet normal -3.0339785799865806e-14 1.0 -1.8264271488640245e-14
  outer loop
    vertex 1898.2986072883248 185.00000000000074 610.0533066694518
    vertex 1902.948753307983 185.000000000001 608.1620000000007
    vertex 1897.9987533079834 185.00000000000074 609.8433466520543
  endloop
endfacet
facet normal -3.0339785799865806e-14 1.0 -1.8264271488640245e-14
  outer loop
    vertex 1897.9987533079834 185.00000000000074 609.8433466520543
    vertex 1902.948753307983 185.000000000001 608.1620000000007
    vertex 1897.6669956089668 185.00000000000077 609.6886454963509
  endloop
endfacet
facet normal -3.0339785799865806e-14 1.0 -1.8264271488640245e-14
  outer loop
    vertex 1897.6669956089668 185.00000000000077 609.6886454963509
    vertex 1902.948753307983 185.000000000001 608.1620000000007
    vertex 1897.3134144810833 185.00000000000085 609.5939037186758
  endloop
endfacet
facet normal -3.0339785799865806e-14 1.0 -1.8264271488640245e-14
  outer loop
    vertex 1897.3134144810833 185.00000000000085 609.5939037186758
    vertex 1902.948753307983 185.000000000001 608.1620000000007
    vertex 1896.9487533079828 185.00000000000085 609.5620000000018
  endloop
endfacet
facet normal -3.0339785799865806e-14 1.0 -1.8264271488640245e-14
  outer loop
    vertex 1896.9487533079828 185.00000000000085 609.5620000000018
    vertex 1902.948753307983 185.000000000001 608.1620000000007
    vertex 1891.448753307983 185.0000000000008 608.162000000003
  endloop
endfacet
facet normal -3.0339785799865806e-14 1.0 -1.8264271488640245e-14
  outer loop
    vertex 1891.4487533079837 185.0000000000009 617.662000000003
    vertex 1895.3400599774332 185.00000000000074 613.0118539803432
    vertex 1891.448753307983 185.0000000000008 608.162000000003
  endloop
endfacet
facet normal -3.0339785799865806e-14 1.0 -1.8264271488640245e-14
  outer loop
    vertex 1895.3400599774332 185.00000000000074 613.0118539803432
    vertex 1891.4487533079837 185.0000000000009 617.662000000003
    vertex 1895.5988993276412 185.00000000000074 613.2706933305516
  endloop
endfacet
facet normal -3.0339785799865806e-14 1.0 -1.8264271488640245e-14
  outer loop
    vertex 1895.5988993276412 185.00000000000074 613.2706933305516
    vertex 1891.4487533079837 185.0000000000009 617.662000000003
    vertex 1895.898753307983 185.00000000000065 613.4806533479491
  endloop
endfacet
facet normal -3.0339785799865806e-14 1.0 -1.8264271488640245e-14
  outer loop
    vertex 1895.898753307983 185.00000000000065 613.4806533479491
    vertex 1891.4487533079837 185.0000000000009 617.662000000003
    vertex 1896.230511006999 185.00000000000065 613.635354503652
  endloop
endfacet
facet normal -3.0339785799865806e-14 1.0 -1.8264271488640245e-14
  outer loop
    vertex 1896.230511006999 185.00000000000065 613.635354503652
    vertex 1891.4487533079837 185.0000000000009 617.662000000003
    vertex 1896.5840921348822 185.00000000000065 613.730096281327
  endloop
endfacet
facet normal -3.0339785799865806e-14 1.0 -1.8264271488640245e-14
  outer loop
    vertex 1896.5840921348822 185.00000000000065 613.730096281327
    vertex 1891.4487533079837 185.0000000000009 617.662000000003
    vertex 1896.9487533079828 185.00000000000074 613.7620000000015
  endloop
endfacet
facet normal -3.0339785799865806e-14 1.0 -1.8264271488640245e-14
  outer loop
    vertex 1891.448753307983 185.0000000000008 608.162000000003
    vertex 1895.3400599774332 185.00000000000074 613.0118539803432
    vertex 1895.1300999600355 185.00000000000068 612.7120000000016
  endloop
endfacet
facet normal -3.0339785799865806e-14 1.0 -1.8264271488640245e-14
  outer loop
    vertex 1891.448753307983 185.0000000000008 608.162000000003
    vertex 1895.1300999600355 185.00000000000068 612.7120000000016
    vertex 1894.9753988043333 185.0000000000008 612.3802423009857
  endloop
endfacet
facet normal -3.0339785799865806e-14 1.0 -1.8264271488640245e-14
  outer loop
    vertex 1891.448753307983 185.0000000000008 608.162000000003
    vertex 1894.9753988043333 185.0000000000008 612.3802423009857
    vertex 1894.8806570266581 185.0000000000007 612.0266611731024
  endloop
endfacet
facet normal -3.0339785799865806e-14 1.0 -1.8264271488640245e-14
  outer loop
    vertex 1891.448753307983 185.0000000000008 608.162000000003
    vertex 1894.8806570266581 185.0000000000007 612.0266611731024
    vertex 1894.8487533079835 185.0000000000007 611.6620000000019
  endloop
endfacet
facet normal -3.0339785799865806e-14 1.0 -1.8264271488640245e-14
  outer loop
    vertex 1891.448753307983 185.0000000000008 608.162000000003
    vertex 1894.8487533079835 185.0000000000007 611.6620000000019
    vertex 1894.8806570266577 185.0000000000008 611.2973388269013
  endloop
endfacet
facet normal -3.0339785799865806e-14 1.0 -1.8264271488640245e-14
  outer loop
    vertex 1891.448753307983 185.0000000000008 608.162000000003
    vertex 1894.8806570266577 185.0000000000008 611.2973388269013
    vertex 1894.9753988043328 185.0000000000007 610.943757699018
  endloop
endfacet
facet normal -3.0339785799865806e-14 1.0 -1.8264271488640245e-14
  outer loop
    vertex 1891.448753307983 185.0000000000008 608.162000000003
    vertex 1894.9753988043328 185.0000000000007 610.943757699018
    vertex 1895.1300999600357 185.00000000000082 610.6120000000018
  endloop
endfacet
facet normal -3.0339785799865806e-14 1.0 -1.8264271488640245e-14
  outer loop
    vertex 1891.448753307983 185.0000000000008 608.162000000003
    vertex 1895.1300999600357 185.00000000000082 610.6120000000018
    vertex 1895.3400599774334 185.00000000000074 610.31214601966
  endloop
endfacet
facet normal -3.0339785799865806e-14 1.0 -1.8264271488640245e-14
  outer loop
    vertex 1891.448753307983 185.0000000000008 608.162000000003
    vertex 1895.3400599774334 185.00000000000074 610.31214601966
    vertex 1895.5988993276414 185.00000000000074 610.053306669452
  endloop
endfacet
facet normal -3.0339785799865806e-14 1.0 -1.8264271488640245e-14
  outer loop
    vertex 1891.448753307983 185.0000000000008 608.162000000003
    vertex 1895.5988993276414 185.00000000000074 610.053306669452
    vertex 1895.8987533079835 185.00000000000082 609.8433466520545
  endloop
endfacet
facet normal -3.0339785799865806e-14 1.0 -1.8264271488640245e-14
  outer loop
    vertex 1891.448753307983 185.0000000000008 608.162000000003
    vertex 1895.8987533079835 185.00000000000082 609.8433466520545
    vertex 1896.230511006999 185.00000000000082 609.6886454963511
  endloop
endfacet
facet normal -3.0339785799865806e-14 1.0 -1.8264271488640245e-14
  outer loop
    vertex 1891.448753307983 185.0000000000008 608.162000000003
    vertex 1896.230511006999 185.00000000000082 609.6886454963511
    vertex 1896.5840921348822 185.00000000000085 609.5939037186756
  endloop
endfacet
facet normal -3.0339785799865806e-14 1.0 -1.8264271488640245e-14
  outer loop
    vertex 1891.448753307983 185.0000000000008 608.162000000003
    vertex 1896.5840921348822 185.00000000000085 609.5939037186756
    vertex 1896.9487533079828 185.00000000000085 609.5620000000018
  endloop
endfacet
facet normal -6.283508673710976e-14 -2.9622680320202593e-14 -1.0
  outer loop
    vertex 1902.948753307984 211.00000000000014 617.6620000000016
    vertex 1891.4487533079837 185.0000000000009 617.662000000003
    vertex 1891.4487533079837 199.49999999999994 617.6620000000033
  endloop
endfacet
facet normal -6.283508673710976e-14 -2.9622680320202593e-14 -1.0
  outer loop
    vertex 1891.4487533079837 185.0000000000009 617.662000000003
    vertex 1902.948753307984 211.00000000000014 617.6620000000016
    vertex 1902.9487533079837 185.00000000000136 617.6620000000025
  endloop
endfacet
facet normal -0.7071067811865454 0.7071067811865498 5.2835623157986036e-14
  outer loop
    vertex 1902.948753307984 211.00000000000028 621.6620000000019
    vertex 1876.9487533079837 185.00000000000017 617.6620000000042
    vertex 1876.9487533079837 185.0000000000004 621.6620000000045
  endloop
endfacet
facet normal -0.7071067811865454 0.7071067811865498 5.2835623157986036e-14
  outer loop
    vertex 1876.9487533079837 185.00000000000017 617.6620000000042
    vertex 1902.948753307984 211.00000000000028 621.6620000000019
    vertex 1891.4487533079837 199.49999999999994 617.6620000000033
  endloop
endfacet
facet normal -0.7071067811865454 0.7071067811865498 5.2835623157986036e-14
  outer loop
    vertex 1891.4487533079837 199.49999999999994 617.6620000000033
    vertex 1902.948753307984 211.00000000000028 621.6620000000019
    vertex 1902.948753307984 211.00000000000014 617.6620000000016
  endloop
endfacet
facet normal -0.7071067811865454 0.7071067811865498 5.2835623157986036e-14
  outer loop
    vertex 1891.4487533079837 199.49999999999994 617.6620000000033
    vertex 1887.4487533079835 195.49999999999994 617.6620000000034
    vertex 1876.9487533079837 185.00000000000017 617.6620000000042
  endloop
endfacet
facet normal -0.7071067811865454 0.7071067811865498 5.2835623157986036e-14
  outer loop
    vertex 1887.4487533079835 195.49999999999994 617.6620000000034
    vertex 1891.4487533079837 199.49999999999994 617.6620000000033
    vertex 1891.448753307983 199.5000000000002 608.1620000000037
  endloop
endfacet
facet normal -0.7071067811865454 0.7071067811865498 5.2835623157986036e-14
  outer loop
    vertex 1887.4487533079835 195.49999999999994 617.6620000000034
    vertex 1891.448753307983 199.5000000000002 608.1620000000037
    vertex 1887.4487533079832 195.5000000000002 608.1620000000038
  endloop
endfacet
facet normal -1.0 -2.8757644046133477e-15 7.560681041147415e-14
  outer loop
    vertex 1922.9487533079823 184.99999999999994 568.1620000000007
    vertex 1922.9487533079835 184.99999999999972 580.412000000002
    vertex 1922.9487533079835 195.79661016949314 580.4120000000022
  endloop
endfacet
facet normal 1.0599338801934073e-13 8.574336209340076e-15 1.0
  outer loop
    vertex 1922.9487533079837 185.00000000000014 584.4120000000012
    vertex 1910.948753307984 199.3220338983063 584.4120000000025
    vertex 1910.948753307984 185.00000000000037 584.4120000000033
  endloop
endfacet
facet normal 1.0599338801934073e-13 8.574336209340076e-15 1.0
  outer loop
    vertex 1910.948753307984 199.3220338983063 584.4120000000025
    vertex 1922.9487533079837 185.00000000000014 584.4120000000012
    vertex 1922.9487533079837 199.32203389830633 584.4120000000017
  endloop
endfacet
facet normal -9.095356677908505e-14 -4.2024176379637045e-15 -1.0
  outer loop
    vertex 1922.9487533079835 195.79661016949314 580.4120000000022
    vertex 1910.9487533079837 185.00000000000003 580.4120000000034
    vertex 1910.9487533079837 195.796610169493 580.412000000003
  endloop
endfacet
facet normal -9.095356677908505e-14 -4.2024176379637045e-15 -1.0
  outer loop
    vertex 1910.9487533079837 185.00000000000003 580.4120000000034
    vertex 1922.9487533079835 195.79661016949314 580.4120000000022
    vertex 1922.9487533079835 184.99999999999972 580.412000000002
  endloop
endfacet
facet normal -6.087392429857096e-14 -5.14683341443975e-15 -1.0
  outer loop
    vertex 1887.4487533079835 185.0000000000005 617.6620000000036
    vertex 1876.9487533079837 185.00000000000017 617.6620000000042
    vertex 1887.4487533079835 195.49999999999994 617.6620000000034
  endloop
endfacet
facet normal -1.971686586320565e-14 1.0 4.377348096070078e-15
  outer loop
    vertex 1887.4487533079835 185.0000000000005 617.6620000000036
    vertex 1882.9987533079834 185.00000000000009 613.4806533479518
    vertex 1876.9487533079837 185.00000000000017 617.6620000000042
  endloop
endfacet
facet normal -1.971686586320565e-14 1.0 4.377348096070078e-15
  outer loop
    vertex 1882.9987533079834 185.00000000000009 613.4806533479518
    vertex 1887.4487533079835 185.0000000000005 617.6620000000036
    vertex 1883.298607288325 185.0000000000001 613.2706933305542
  endloop
endfacet
facet normal -1.971686586320565e-14 1.0 4.377348096070078e-15
  outer loop
    vertex 1883.298607288325 185.0000000000001 613.2706933305542
    vertex 1887.4487533079835 185.0000000000005 617.6620000000036
    vertex 1883.557446638533 185.00000000000003 613.0118539803461
  endloop
endfacet
facet normal -1.971686586320565e-14 1.0 4.377348096070078e-15
  outer loop
    vertex 1883.557446638533 185.00000000000003 613.0118539803461
    vertex 1887.4487533079835 185.0000000000005 617.6620000000036
    vertex 1887.4487533079832 185.0000000000006 608.1620000000036
  endloop
endfacet
facet normal -1.971686586320565e-14 1.0 4.377348096070078e-15
  outer loop
    vertex 1876.9487533079837 185.00000000000017 617.6620000000042
    vertex 1882.9987533079834 185.00000000000009 613.4806533479518
    vertex 1882.6669956089672 185.00000000000009 613.6353545036545
  endloop
endfacet
facet normal -1.971686586320565e-14 1.0 4.377348096070078e-15
  outer loop
    vertex 1876.9487533079837 185.00000000000017 617.6620000000042
    vertex 1882.6669956089672 185.00000000000009 613.6353545036545
    vertex 1882.3134144810838 185.00000000000009 613.73009628133
  endloop
endfacet
facet normal -1.971686586320565e-14 1.0 4.377348096070078e-15
  outer loop
    vertex 1876.9487533079837 185.00000000000017 617.6620000000042
    vertex 1882.3134144810838 185.00000000000009 613.73009628133
    vertex 1881.9487533079835 185.00000000000006 613.7620000000045
  endloop
endfacet
facet normal -1.971686586320565e-14 1.0 4.377348096070078e-15
  outer loop
    vertex 1883.557446638533 185.00000000000003 613.0118539803461
    vertex 1887.4487533079832 185.0000000000006 608.1620000000036
    vertex 1883.7674066559307 184.99999999999994 612.7120000000042
  endloop
endfacet
facet normal -1.971686586320565e-14 1.0 4.377348096070078e-15
  outer loop
    vertex 1883.7674066559307 184.99999999999994 612.7120000000042
    vertex 1887.4487533079832 185.0000000000006 608.1620000000036
    vertex 1883.9221078116343 185.00000000000003 612.3802423009877
  endloop
endfacet
facet normal -1.971686586320565e-14 1.0 4.377348096070078e-15
  outer loop
    vertex 1883.9221078116343 185.00000000000003 612.3802423009877
    vertex 1887.4487533079832 185.0000000000006 608.1620000000036
    vertex 1884.0168495893095 184.99999999999994 612.0266611731043
  endloop
endfacet
facet normal -1.971686586320565e-14 1.0 4.377348096070078e-15
  outer loop
    vertex 1884.0168495893095 184.99999999999994 612.0266611731043
    vertex 1887.4487533079832 185.0000000000006 608.1620000000036
    vertex 1884.048753307984 185.00000000000006 611.6620000000039
  endloop
endfacet
facet normal -1.971686586320565e-14 1.0 4.377348096070078e-15
  outer loop
    vertex 1884.048753307984 185.00000000000006 611.6620000000039
    vertex 1887.4487533079832 185.0000000000006 608.1620000000036
    vertex 1884.0168495893092 185.00000000000006 611.2973388269033
  endloop
endfacet
facet normal -1.971686586320565e-14 1.0 4.377348096070078e-15
  outer loop
    vertex 1884.0168495893092 185.00000000000006 611.2973388269033
    vertex 1887.4487533079832 185.0000000000006 608.1620000000036
    vertex 1883.922107811634 184.99999999999997 610.94375769902
  endloop
endfacet
facet normal -1.971686586320565e-14 1.0 4.377348096070078e-15
  outer loop
    vertex 1883.922107811634 184.99999999999997 610.94375769902
    vertex 1887.4487533079832 185.0000000000006 608.1620000000036
    vertex 1883.767406655931 185.00000000000006 610.6120000000043
  endloop
endfacet
facet normal -1.971686586320565e-14 1.0 4.377348096070078e-15
  outer loop
    vertex 1883.767406655931 185.00000000000006 610.6120000000043
    vertex 1887.4487533079832 185.0000000000006 608.1620000000036
    vertex 1883.5574466385335 185.0 610.3121460196625
  endloop
endfacet
facet normal -1.971686586320565e-14 1.0 4.377348096070078e-15
  outer loop
    vertex 1883.5574466385335 185.0 610.3121460196625
    vertex 1887.4487533079832 185.0000000000006 608.1620000000036
    vertex 1883.2986072883252 185.0 610.0533066694544
  endloop
endfacet
facet normal -1.971686586320565e-14 1.0 4.377348096070078e-15
  outer loop
    vertex 1883.2986072883252 185.0 610.0533066694544
    vertex 1887.4487533079832 185.0000000000006 608.1620000000036
    vertex 1882.9987533079839 185.0000000000001 609.8433466520571
  endloop
endfacet
facet normal -1.971686586320565e-14 1.0 4.377348096070078e-15
  outer loop
    vertex 1882.9987533079839 185.0000000000001 609.8433466520571
    vertex 1887.4487533079832 185.0000000000006 608.1620000000036
    vertex 1882.6669956089668 185.0000000000001 609.6886454963536
  endloop
endfacet
facet normal -1.971686586320565e-14 1.0 4.377348096070078e-15
  outer loop
    vertex 1882.6669956089668 185.0000000000001 609.6886454963536
    vertex 1887.4487533079832 185.0000000000006 608.1620000000036
    vertex 1882.3134144810836 185.0000000000001 609.5939037186787
  endloop
endfacet
facet normal -1.971686586320565e-14 1.0 4.377348096070078e-15
  outer loop
    vertex 1882.3134144810836 185.0000000000001 609.5939037186787
    vertex 1887.4487533079832 185.0000000000006 608.1620000000036
    vertex 1881.948753307983 185.0000000000002 609.5620000000043
  endloop
endfacet
facet normal -1.971686586320565e-14 1.0 4.377348096070078e-15
  outer loop
    vertex 1876.9487533079837 185.00000000000017 617.6620000000042
    vertex 1871.948753307984 185.00000000000028 621.662000000003
    vertex 1876.9487533079837 185.0000000000004 621.6620000000045
  endloop
endfacet
facet normal -1.971686586320565e-14 1.0 4.377348096070078e-15
  outer loop
    vertex 1871.948753307984 185.00000000000028 621.662000000003
    vertex 1876.9487533079837 185.00000000000017 617.6620000000042
    vertex 1871.9487533079828 185.00000000000028 608.1620000000029
  endloop
endfacet
facet normal -1.971686586320565e-14 1.0 4.377348096070078e-15
  outer loop
    vertex 1871.9487533079828 185.00000000000028 608.1620000000029
    vertex 1876.9487533079837 185.00000000000017 617.6620000000042
    vertex 1880.8987533079833 185.00000000000009 613.4806533479519
  endloop
endfacet
facet normal -1.971686586320565e-14 1.0 4.377348096070078e-15
  outer loop
    vertex 1880.8987533079833 185.00000000000009 613.4806533479519
    vertex 1876.9487533079837 185.00000000000017 617.6620000000042
    vertex 1881.2305110069994 185.00000000000009 613.635354503655
  endloop
endfacet
facet normal -1.971686586320565e-14 1.0 4.377348096070078e-15
  outer loop
    vertex 1881.2305110069994 185.00000000000009 613.635354503655
    vertex 1876.9487533079837 185.00000000000017 617.6620000000042
    vertex 1881.584092134883 185.00000000000006 613.73009628133
  endloop
endfacet
facet normal -1.971686586320565e-14 1.0 4.377348096070078e-15
  outer loop
    vertex 1881.584092134883 185.00000000000006 613.73009628133
    vertex 1876.9487533079837 185.00000000000017 617.6620000000042
    vertex 1881.9487533079835 185.00000000000006 613.7620000000045
  endloop
endfacet
facet normal -1.971686586320565e-14 1.0 4.377348096070078e-15
  outer loop
    vertex 1871.9487533079828 185.00000000000028 608.1620000000029
    vertex 1880.8987533079833 185.00000000000009 613.4806533479519
    vertex 1880.5988993276417 185.00000000000009 613.2706933305544
  endloop
endfacet
facet normal -1.971686586320565e-14 1.0 4.377348096070078e-15
  outer loop
    vertex 1871.9487533079828 185.00000000000028 608.1620000000029
    vertex 1880.5988993276417 185.00000000000009 613.2706933305544
    vertex 1880.3400599774336 185.0000000000002 613.0118539803462
  endloop
endfacet
facet normal -1.971686586320565e-14 1.0 4.377348096070078e-15
  outer loop
    vertex 1871.9487533079828 185.00000000000028 608.1620000000029
    vertex 1880.3400599774336 185.0000000000002 613.0118539803462
    vertex 1880.130099960036 185.0000000000001 612.7120000000042
  endloop
endfacet
facet normal -1.971686586320565e-14 1.0 4.377348096070078e-15
  outer loop
    vertex 1871.9487533079828 185.00000000000028 608.1620000000029
    vertex 1880.130099960036 185.0000000000001 612.7120000000042
    vertex 1879.9753988043335 185.0000000000001 612.3802423009885
  endloop
endfacet
facet normal -1.971686586320565e-14 1.0 4.377348096070078e-15
  outer loop
    vertex 1871.9487533079828 185.00000000000028 608.1620000000029
    vertex 1879.9753988043335 185.0000000000001 612.3802423009885
    vertex 1879.8806570266581 185.0000000000001 612.0266611731053
  endloop
endfacet
facet normal -1.971686586320565e-14 1.0 4.377348096070078e-15
  outer loop
    vertex 1871.9487533079828 185.00000000000028 608.1620000000029
    vertex 1879.8806570266581 185.0000000000001 612.0266611731053
    vertex 1879.8487533079838 185.00000000000014 611.6620000000047
  endloop
endfacet
facet normal -1.971686586320565e-14 1.0 4.377348096070078e-15
  outer loop
    vertex 1871.9487533079828 185.00000000000028 608.1620000000029
    vertex 1879.8487533079838 185.00000000000014 611.6620000000047
    vertex 1879.8806570266581 185.00000000000026 611.2973388269043
  endloop
endfacet
facet normal -1.971686586320565e-14 1.0 4.377348096070078e-15
  outer loop
    vertex 1871.9487533079828 185.00000000000028 608.1620000000029
    vertex 1879.8806570266581 185.00000000000026 611.2973388269043
    vertex 1879.9753988043335 185.00000000000017 610.9437576990207
  endloop
endfacet
facet normal -1.971686586320565e-14 1.0 4.377348096070078e-15
  outer loop
    vertex 1871.9487533079828 185.00000000000028 608.1620000000029
    vertex 1879.9753988043335 185.00000000000017 610.9437576990207
    vertex 1880.1300999600364 185.00000000000026 610.6120000000044
  endloop
endfacet
facet normal -1.971686586320565e-14 1.0 4.377348096070078e-15
  outer loop
    vertex 1871.9487533079828 185.00000000000028 608.1620000000029
    vertex 1880.1300999600364 185.00000000000026 610.6120000000044
    vertex 1880.3400599774338 185.00000000000017 610.3121460196627
  endloop
endfacet
facet normal -1.971686586320565e-14 1.0 4.377348096070078e-15
  outer loop
    vertex 1871.9487533079828 185.00000000000028 608.1620000000029
    vertex 1880.3400599774338 185.00000000000017 610.3121460196627
    vertex 1880.5988993276421 185.00000000000017 610.0533066694545
  endloop
endfacet
facet normal -1.971686586320565e-14 1.0 4.377348096070078e-15
  outer loop
    vertex 1871.9487533079828 185.00000000000028 608.1620000000029
    vertex 1880.5988993276421 185.00000000000017 610.0533066694545
    vertex 1880.8987533079835 185.0000000000002 609.8433466520573
  endloop
endfacet
facet normal -1.971686586320565e-14 1.0 4.377348096070078e-15
  outer loop
    vertex 1871.9487533079828 185.00000000000028 608.1620000000029
    vertex 1880.8987533079835 185.0000000000002 609.8433466520573
    vertex 1881.2305110069992 185.0000000000002 609.6886454963541
  endloop
endfacet
facet normal -1.971686586320565e-14 1.0 4.377348096070078e-15
  outer loop
    vertex 1871.9487533079828 185.00000000000028 608.1620000000029
    vertex 1881.2305110069992 185.0000000000002 609.6886454963541
    vertex 1881.5840921348824 185.0000000000002 609.5939037186787
  endloop
endfacet
facet normal -1.971686586320565e-14 1.0 4.377348096070078e-15
  outer loop
    vertex 1871.9487533079828 185.00000000000028 608.1620000000029
    vertex 1881.5840921348824 185.0000000000002 609.5939037186787
    vertex 1881.948753307983 185.0000000000002 609.5620000000043
  endloop
endfacet
facet normal -1.971686586320565e-14 1.0 4.377348096070078e-15
  outer loop
    vertex 1871.9487533079828 185.00000000000028 608.1620000000029
    vertex 1881.948753307983 185.0000000000002 609.5620000000043
    vertex 1887.4487533079832 185.0000000000006 608.1620000000036
  endloop
endfacet
facet normal -1.0 -2.8757644046130314e-15 7.037275876610222e-14
  outer loop
    vertex 1887.4487533079832 185.0000000000006 608.1620000000036
    vertex 1887.4487533079835 195.49999999999994 617.6620000000034
    vertex 1887.4487533079832 195.5000000000002 608.1620000000038
  endloop
endfacet
facet normal -1.0 -2.8757644046130314e-15 7.037275876610222e-14
  outer loop
    vertex 1887.4487533079835 195.49999999999994 617.6620000000034
    vertex 1887.4487533079832 185.0000000000006 608.1620000000036
    vertex 1887.4487533079835 185.0000000000005 617.6620000000036
  endloop
endfacet
facet normal 1.0 2.8757644046130764e-15 -7.037275876610222e-14
  outer loop
    vertex 1891.4487533079837 185.0000000000009 617.662000000003
    vertex 1891.448753307983 199.5000000000002 608.1620000000037
    vertex 1891.4487533079837 199.49999999999994 617.6620000000033
  endloop
endfacet
facet normal 1.0 2.8757644046130764e-15 -7.037275876610222e-14
  outer loop
    vertex 1891.448753307983 199.5000000000002 608.1620000000037
    vertex 1891.4487533079837 185.0000000000009 617.662000000003
    vertex 1891.448753307983 185.0000000000008 608.162000000003
  endloop
endfacet
facet normal 6.846766616065693e-14 -2.960626328540911e-14 1.0
  outer loop
    vertex 1902.948753307983 185.000000000001 608.1620000000007
    vertex 1891.448753307983 199.5000000000002 608.1620000000037
    vertex 1891.448753307983 185.0000000000008 608.162000000003
  endloop
endfacet
facet normal 6.846766616065693e-14 -2.960626328540911e-14 1.0
  outer loop
    vertex 1887.4487533079832 185.0000000000006 608.1620000000036
    vertex 1871.9487533079835 211.00000000000043 608.1620000000039
    vertex 1871.9487533079828 185.00000000000028 608.1620000000029
  endloop
endfacet
facet normal 6.846766616065693e-14 -2.960626328540911e-14 1.0
  outer loop
    vertex 1871.9487533079835 211.00000000000043 608.1620000000039
    vertex 1887.4487533079832 185.0000000000006 608.1620000000036
    vertex 1879.948753307983 211.00000000000065 608.1620000000052
  endloop
endfacet
facet normal 6.846766616065693e-14 -2.960626328540911e-14 1.0
  outer loop
    vertex 1879.948753307983 211.00000000000065 608.1620000000052
    vertex 1887.4487533079832 185.0000000000006 608.1620000000036
    vertex 1887.4487533079832 195.5000000000002 608.1620000000038
  endloop
endfacet
facet normal 6.846766616065693e-14 -2.960626328540911e-14 1.0
  outer loop
    vertex 1879.948753307983 211.00000000000065 608.1620000000052
    vertex 1887.4487533079832 195.5000000000002 608.1620000000038
    vertex 1891.448753307983 199.5000000000002 608.1620000000037
  endloop
endfacet
facet normal 6.846766616065693e-14 -2.960626328540911e-14 1.0
  outer loop
    vertex 1879.948753307983 211.00000000000065 608.1620000000052
    vertex 1891.448753307983 199.5000000000002 608.1620000000037
    vertex 1902.9487533079837 211.00000000000082 608.1620000000016
  endloop
endfacet
facet normal 6.846766616065693e-14 -2.960626328540911e-14 1.0
  outer loop
    vertex 1902.9487533079837 211.00000000000082 608.1620000000016
    vertex 1891.448753307983 199.5000000000002 608.1620000000037
    vertex 1902.948753307983 185.000000000001 608.1620000000007
  endloop
endfacet
facet normal 8.804581973574377e-15 1.0 4.626191154745163e-14
  outer loop
    vertex 1922.9487533079835 184.99999999999972 580.412000000002
    vertex 1917.3134144810838 185.00000000000028 575.2300962813276
    vertex 1916.9487533079832 185.00000000000028 575.262000000002
  endloop
endfacet
facet normal 8.804581973574377e-15 1.0 4.626191154745163e-14
  outer loop
    vertex 1917.3134144810838 185.00000000000028 575.2300962813276
    vertex 1922.9487533079835 184.99999999999972 580.412000000002
    vertex 1917.6669956089672 185.00000000000028 575.135354503652
  endloop
endfacet
facet normal 8.804581973574377e-15 1.0 4.626191154745163e-14
  outer loop
    vertex 1917.6669956089672 185.00000000000028 575.135354503652
    vertex 1922.9487533079835 184.99999999999972 580.412000000002
    vertex 1917.9987533079834 185.0000000000002 574.9806533479489
  endloop
endfacet
facet normal 8.804581973574377e-15 1.0 4.626191154745163e-14
  outer loop
    vertex 1917.9987533079834 185.0000000000002 574.9806533479489
    vertex 1922.9487533079835 184.99999999999972 580.412000000002
    vertex 1918.2986072883252 185.0000000000001 574.7706933305515
  endloop
endfacet
facet normal 8.804581973574377e-15 1.0 4.626191154745163e-14
  outer loop
    vertex 1918.2986072883252 185.0000000000001 574.7706933305515
    vertex 1922.9487533079835 184.99999999999972 580.412000000002
    vertex 1918.557446638533 185.0000000000001 574.5118539803433
  endloop
endfacet
facet normal 8.804581973574377e-15 1.0 4.626191154745163e-14
  outer loop
    vertex 1918.557446638533 185.0000000000001 574.5118539803433
    vertex 1922.9487533079835 184.99999999999972 580.412000000002
    vertex 1918.7674066559307 185.0000000000001 574.2120000000018
  endloop
endfacet
facet normal 8.804581973574377e-15 1.0 4.626191154745163e-14
  outer loop
    vertex 1918.7674066559307 185.0000000000001 574.2120000000018
    vertex 1922.9487533079835 184.99999999999972 580.412000000002
    vertex 1922.9487533079823 184.99999999999994 568.1620000000007
  endloop
endfacet
facet normal 8.804581973574377e-15 1.0 4.626191154745163e-14
  outer loop
    vertex 1918.7674066559307 185.0000000000001 574.2120000000018
    vertex 1922.9487533079823 184.99999999999994 568.1620000000007
    vertex 1918.9221078116343 185.00000000000014 573.8802423009855
  endloop
endfacet
facet normal 8.804581973574377e-15 1.0 4.626191154745163e-14
  outer loop
    vertex 1918.9221078116343 185.00000000000014 573.8802423009855
    vertex 1922.9487533079823 184.99999999999994 568.1620000000007
    vertex 1919.0168495893095 185.00000000000017 573.5266611731022
  endloop
endfacet
facet normal 8.804581973574377e-15 1.0 4.626191154745163e-14
  outer loop
    vertex 1919.0168495893095 185.00000000000017 573.5266611731022
    vertex 1922.9487533079823 184.99999999999994 568.1620000000007
    vertex 1919.0487533079831 185.00000000000017 573.1620000000017
  endloop
endfacet
facet normal 8.804581973574377e-15 1.0 4.626191154745163e-14
  outer loop
    vertex 1919.0487533079831 185.00000000000017 573.1620000000017
    vertex 1922.9487533079823 184.99999999999994 568.1620000000007
    vertex 1919.0168495893088 185.00000000000017 572.7973388269012
  endloop
endfacet
facet normal 8.804581973574377e-15 1.0 4.626191154745163e-14
  outer loop
    vertex 1919.0168495893088 185.00000000000017 572.7973388269012
    vertex 1922.9487533079823 184.99999999999994 568.1620000000007
    vertex 1918.9221078116336 185.00000000000006 572.4437576990179
  endloop
endfacet
facet normal 8.804581973574377e-15 1.0 4.626191154745163e-14
  outer loop
    vertex 1918.9221078116336 185.00000000000006 572.4437576990179
    vertex 1922.9487533079823 184.99999999999994 568.1620000000007
    vertex 1918.7674066559302 185.00000000000017 572.1120000000019
  endloop
endfacet
facet normal 8.804581973574377e-15 1.0 4.626191154745163e-14
  outer loop
    vertex 1918.7674066559302 185.00000000000017 572.1120000000019
    vertex 1922.9487533079823 184.99999999999994 568.1620000000007
    vertex 1918.557446638533 185.0000000000002 571.8121460196601
  endloop
endfacet
facet normal 8.804581973574377e-15 1.0 4.626191154745163e-14
  outer loop
    vertex 1918.557446638533 185.0000000000002 571.8121460196601
    vertex 1922.9487533079823 184.99999999999994 568.1620000000007
    vertex 1918.298607288325 185.0000000000001 571.5533066694519
  endloop
endfacet
facet normal 8.804581973574377e-15 1.0 4.626191154745163e-14
  outer loop
    vertex 1918.298607288325 185.0000000000001 571.5533066694519
    vertex 1922.9487533079823 184.99999999999994 568.1620000000007
    vertex 1917.9987533079832 185.0000000000002 571.3433466520543
  endloop
endfacet
facet normal 8.804581973574377e-15 1.0 4.626191154745163e-14
  outer loop
    vertex 1917.9987533079832 185.0000000000002 571.3433466520543
    vertex 1922.9487533079823 184.99999999999994 568.1620000000007
    vertex 1917.6669956089668 185.0000000000002 571.1886454963515
  endloop
endfacet
facet normal 8.804581973574377e-15 1.0 4.626191154745163e-14
  outer loop
    vertex 1917.6669956089668 185.0000000000002 571.1886454963515
    vertex 1922.9487533079823 184.99999999999994 568.1620000000007
    vertex 1917.3134144810836 185.0000000000002 571.0939037186763
  endloop
endfacet
facet normal 8.804581973574377e-15 1.0 4.626191154745163e-14
  outer loop
    vertex 1917.3134144810836 185.0000000000002 571.0939037186763
    vertex 1922.9487533079823 184.99999999999994 568.1620000000007
    vertex 1916.948753307983 185.0000000000002 571.062000000002
  endloop
endfacet
facet normal 8.804581973574377e-15 1.0 4.626191154745163e-14
  outer loop
    vertex 1910.9487533079837 185.00000000000003 580.4120000000034
    vertex 1914.9753988043337 185.0000000000002 573.8802423009859
    vertex 1910.9487533079825 185.0000000000006 563.1620000000023
  endloop
endfacet
facet normal 8.804581973574377e-15 1.0 4.626191154745163e-14
  outer loop
    vertex 1914.9753988043337 185.0000000000002 573.8802423009859
    vertex 1910.9487533079837 185.00000000000003 580.4120000000034
    vertex 1915.130099960036 185.00000000000028 574.212000000002
  endloop
endfacet
facet normal 8.804581973574377e-15 1.0 4.626191154745163e-14
  outer loop
    vertex 1915.130099960036 185.00000000000028 574.212000000002
    vertex 1910.9487533079837 185.00000000000003 580.4120000000034
    vertex 1915.3400599774336 185.00000000000028 574.511853980344
  endloop
endfacet
facet normal 8.804581973574377e-15 1.0 4.626191154745163e-14
  outer loop
    vertex 1915.3400599774336 185.00000000000028 574.511853980344
    vertex 1910.9487533079837 185.00000000000003 580.4120000000034
    vertex 1915.5988993276417 185.0000000000002 574.7706933305518
  endloop
endfacet
facet normal 8.804581973574377e-15 1.0 4.626191154745163e-14
  outer loop
    vertex 1915.5988993276417 185.0000000000002 574.7706933305518
    vertex 1910.9487533079837 185.00000000000003 580.4120000000034
    vertex 1922.9487533079835 184.99999999999972 580.412000000002
  endloop
endfacet
facet normal 8.804581973574377e-15 1.0 4.626191154745163e-14
  outer loop
    vertex 1915.5988993276417 185.0000000000002 574.7706933305518
    vertex 1922.9487533079835 184.99999999999972 580.412000000002
    vertex 1915.8987533079835 185.0000000000002 574.9806533479492
  endloop
endfacet
facet normal 8.804581973574377e-15 1.0 4.626191154745163e-14
  outer loop
    vertex 1915.8987533079835 185.0000000000002 574.9806533479492
    vertex 1922.9487533079835 184.99999999999972 580.412000000002
    vertex 1916.2305110069994 185.00000000000028 575.1353545036525
  endloop
endfacet
facet normal 8.804581973574377e-15 1.0 4.626191154745163e-14
  outer loop
    vertex 1916.2305110069994 185.00000000000028 575.1353545036525
    vertex 1922.9487533079835 184.99999999999972 580.412000000002
    vertex 1916.584092134883 185.00000000000028 575.2300962813277
  endloop
endfacet
facet normal 8.804581973574377e-15 1.0 4.626191154745163e-14
  outer loop
    vertex 1916.584092134883 185.00000000000028 575.2300962813277
    vertex 1922.9487533079835 184.99999999999972 580.412000000002
    vertex 1916.9487533079832 185.00000000000028 575.262000000002
  endloop
endfacet
facet normal 8.804581973574377e-15 1.0 4.626191154745163e-14
  outer loop
    vertex 1910.9487533079825 185.0000000000006 563.1620000000023
    vertex 1914.9753988043337 185.0000000000002 573.8802423009859
    vertex 1914.8806570266586 185.0000000000003 573.5266611731025
  endloop
endfacet
facet normal 8.804581973574377e-15 1.0 4.626191154745163e-14
  outer loop
    vertex 1910.9487533079825 185.0000000000006 563.1620000000023
    vertex 1914.8806570266586 185.0000000000003 573.5266611731025
    vertex 1914.848753307983 185.00000000000006 573.162000000002
  endloop
endfacet
facet normal 8.804581973574377e-15 1.0 4.626191154745163e-14
  outer loop
    vertex 1910.9487533079825 185.0000000000006 563.1620000000023
    vertex 1914.848753307983 185.00000000000006 573.162000000002
    vertex 1914.8806570266574 185.00000000000017 572.7973388269014
  endloop
endfacet
facet normal 8.804581973574377e-15 1.0 4.626191154745163e-14
  outer loop
    vertex 1910.9487533079825 185.0000000000006 563.1620000000023
    vertex 1914.8806570266574 185.00000000000017 572.7973388269014
    vertex 1914.9753988043326 185.00000000000006 572.4437576990181
  endloop
endfacet
facet normal 8.804581973574377e-15 1.0 4.626191154745163e-14
  outer loop
    vertex 1910.9487533079825 185.0000000000006 563.1620000000023
    vertex 1914.9753988043326 185.00000000000006 572.4437576990181
    vertex 1915.1300999600357 185.00000000000017 572.1120000000022
  endloop
endfacet
facet normal 8.804581973574377e-15 1.0 4.626191154745163e-14
  outer loop
    vertex 1910.9487533079825 185.0000000000006 563.1620000000023
    vertex 1915.1300999600357 185.00000000000017 572.1120000000022
    vertex 1915.3400599774332 185.00000000000017 571.8121460196603
  endloop
endfacet
facet normal 8.804581973574377e-15 1.0 4.626191154745163e-14
  outer loop
    vertex 1910.9487533079825 185.0000000000006 563.1620000000023
    vertex 1915.3400599774332 185.00000000000017 571.8121460196603
    vertex 1915.5988993276412 185.0000000000001 571.5533066694519
  endloop
endfacet
facet normal 8.804581973574377e-15 1.0 4.626191154745163e-14
  outer loop
    vertex 1910.9487533079825 185.0000000000006 563.1620000000023
    vertex 1915.5988993276412 185.0000000000001 571.5533066694519
    vertex 1915.8987533079833 185.0000000000002 571.3433466520545
  endloop
endfacet
facet normal 8.804581973574377e-15 1.0 4.626191154745163e-14
  outer loop
    vertex 1910.9487533079825 185.0000000000006 563.1620000000023
    vertex 1915.8987533079833 185.0000000000002 571.3433466520545
    vertex 1916.230511006999 185.0000000000002 571.1886454963516
  endloop
endfacet
facet normal 8.804581973574377e-15 1.0 4.626191154745163e-14
  outer loop
    vertex 1910.9487533079825 185.0000000000006 563.1620000000023
    vertex 1916.230511006999 185.0000000000002 571.1886454963516
    vertex 1916.5840921348824 185.0000000000002 571.0939037186764
  endloop
endfacet
facet normal 8.804581973574377e-15 1.0 4.626191154745163e-14
  outer loop
    vertex 1910.9487533079825 185.0000000000006 563.1620000000023
    vertex 1916.5840921348824 185.0000000000002 571.0939037186764
    vertex 1916.948753307983 185.0000000000002 571.062000000002
  endloop
endfacet
facet normal 8.804581973574377e-15 1.0 4.626191154745163e-14
  outer loop
    vertex 1910.9487533079825 185.0000000000006 563.1620000000023
    vertex 1916.948753307983 185.0000000000002 571.062000000002
    vertex 1922.9487533079823 184.99999999999994 568.1620000000007
  endloop
endfacet
facet normal 8.804581973574377e-15 1.0 4.626191154745163e-14
  outer loop
    vertex 1910.9487533079825 185.0000000000006 563.1620000000023
    vertex 1922.9487533079823 184.99999999999994 568.1620000000007
    vertex 1926.9487533079825 185.00000000000048 568.1620000000003
  endloop
endfacet
facet normal 8.804581973574377e-15 1.0 4.626191154745163e-14
  outer loop
    vertex 1910.9487533079825 185.0000000000006 563.1620000000023
    vertex 1926.9487533079825 185.00000000000048 568.1620000000003
    vertex 1926.9487533079819 185.0000000000006 563.1619999999996
  endloop
endfacet
facet normal -3.706506127932675e-14 5.093709880831601e-14 -1.0
  outer loop
    vertex 1910.4487533079825 195.35000000000184 563.162000000003
    vertex 1889.9500397900358 185.00000373536028 563.1619982410668
    vertex 1889.950039505913 195.34991126581716 563.1621102807283
  endloop
endfacet
facet normal -3.706506127932675e-14 5.093709880831601e-14 -1.0
  outer loop
    vertex 1871.9487533079796 211.00000000000264 563.1620000000036
    vertex 1883.9487533079796 206.7000000000037 563.1620000000053
    vertex 1871.9487533079796 181.00000000000225 563.1620000000029
  endloop
endfacet
facet normal -3.706506127932675e-14 5.093709880831601e-14 -1.0
  outer loop
    vertex 1883.9487533079796 206.7000000000037 563.1620000000053
    vertex 1871.9487533079796 211.00000000000264 563.1620000000036
    vertex 1910.9487533079825 211.00000000000244 563.1620000000034
  endloop
endfacet
facet normal -3.706506127932675e-14 5.093709880831601e-14 -1.0
  outer loop
    vertex 1883.9487533079796 206.7000000000037 563.1620000000053
    vertex 1910.9487533079825 211.00000000000244 563.1620000000034
    vertex 1910.4487533079825 206.70000000000252 563.1620000000033
  endloop
endfacet
facet normal -3.706506127932675e-14 5.093709880831601e-14 -1.0
  outer loop
    vertex 1910.4487533079825 206.70000000000252 563.1620000000033
    vertex 1910.9487533079825 211.00000000000244 563.1620000000034
    vertex 1910.4487533079825 195.35000000000184 563.162000000003
  endloop
endfacet
facet normal -3.706506127932675e-14 5.093709880831601e-14 -1.0
  outer loop
    vertex 1871.9487533079796 181.00000000000225 563.1620000000029
    vertex 1883.9487533079796 185.00000000000216 563.1620000000045
    vertex 1926.9487533079825 181.00000000000063 563.1620000000007
  endloop
endfacet
facet normal -3.706506127932675e-14 5.093709880831601e-14 -1.0
  outer loop
    vertex 1883.9487533079796 185.00000000000216 563.1620000000045
    vertex 1871.9487533079796 181.00000000000225 563.1620000000029
    vertex 1883.9487533079796 206.7000000000037 563.1620000000053
  endloop
endfacet
facet normal -3.706506127932675e-14 5.093709880831601e-14 -1.0
  outer loop
    vertex 1926.9487533079825 181.00000000000063 563.1620000000007
    vertex 1883.9487533079796 185.00000000000216 563.1620000000045
    vertex 1889.9500397900358 185.00000373536028 563.1619982410668
  endloop
endfacet
facet normal -3.706506127932675e-14 5.093709880831601e-14 -1.0
  outer loop
    vertex 1926.9487533079825 181.00000000000063 563.1620000000007
    vertex 1889.9500397900358 185.00000373536028 563.1619982410668
    vertex 1910.9487533079825 185.0000000000006 563.1620000000023
  endloop
endfacet
facet normal -3.706506127932675e-14 5.093709880831601e-14 -1.0
  outer loop
    vertex 1910.9487533079825 185.0000000000006 563.1620000000023
    vertex 1889.9500397900358 185.00000373536028 563.1619982410668
    vertex 1910.4487533079825 195.35000000000184 563.162000000003
  endloop
endfacet
facet normal -3.706506127932675e-14 5.093709880831601e-14 -1.0
  outer loop
    vertex 1910.9487533079825 185.0000000000006 563.1620000000023
    vertex 1910.4487533079825 195.35000000000184 563.162000000003
    vertex 1910.9487533079825 211.00000000000244 563.1620000000034
  endloop
endfacet
facet normal -3.706506127932675e-14 5.093709880831601e-14 -1.0
  outer loop
    vertex 1926.9487533079825 181.00000000000063 563.1620000000007
    vertex 1910.9487533079825 185.0000000000006 563.1620000000023
    vertex 1926.9487533079819 185.0000000000006 563.1619999999996
  endloop
endfacet
facet normal 1.0 3.323971734203461e-14 -1.3180334280911152e-14
  outer loop
    vertex 1926.9487533079828 181.00000000000102 601.662000000001
    vertex 1926.9487533079814 211.00000000000074 597.6619999999998
    vertex 1926.948753307982 211.0000000000006 601.662
  endloop
endfacet
facet normal 1.0 3.323971734203461e-14 -1.3180334280911152e-14
  outer loop
    vertex 1926.9487533079814 211.00000000000074 597.6619999999998
    vertex 1926.9487533079828 181.00000000000102 601.662000000001
    vertex 1926.9487533079825 185.00000000000048 568.1620000000003
  endloop
endfacet
facet normal 1.0 3.323971734203461e-14 -1.3180334280911152e-14
  outer loop
    vertex 1926.9487533079825 185.00000000000048 568.1620000000003
    vertex 1926.9487533079828 181.00000000000102 601.662000000001
    vertex 1926.9487533079819 185.0000000000006 563.1619999999996
  endloop
endfacet
facet normal 1.0 3.323971734203461e-14 -1.3180334280911152e-14
  outer loop
    vertex 1926.9487533079819 185.0000000000006 563.1619999999996
    vertex 1926.9487533079828 181.00000000000102 601.662000000001
    vertex 1926.9487533079825 181.00000000000063 563.1620000000007
  endloop
endfacet
facet normal 1.103430648406103e-14 1.0 2.6814849947390906e-14
  outer loop
    vertex 1882.798753276397 208.0030398075316 586.7323201346455
    vertex 1881.7237532763972 208.00303980753188 584.8703655165092
    vertex 1878.098753276397 208.00303980753168 586.7323201346459
  endloop
endfacet
facet normal 1.103430648406103e-14 1.0 2.6814849947390906e-14
  outer loop
    vertex 1881.7237532763972 208.00303980753188 584.8703655165092
    vertex 1882.798753276397 208.0030398075316 586.7323201346455
    vertex 1885.1487532763965 208.00303980753174 582.6620007368587
  endloop
endfacet
facet normal 1.103430648406103e-14 1.0 2.6814849947390906e-14
  outer loop
    vertex 1878.098753276397 208.00303980753168 586.7323201346459
    vertex 1881.7237532763972 208.00303980753188 584.8703655165092
    vertex 1881.3209046418779 208.00303980753182 585.0582169198626
  endloop
endfacet
facet normal 1.103430648406103e-14 1.0 2.6814849947390906e-14
  outer loop
    vertex 1878.098753276397 208.00303980753168 586.7323201346459
    vertex 1881.3209046418779 208.00303980753182 585.0582169198626
    vertex 1880.891556129448 208.00303980753182 585.1732605070401
  endloop
endfacet
facet normal 1.103430648406103e-14 1.0 2.6814849947390906e-14
  outer loop
    vertex 1878.098753276397 208.00303980753168 586.7323201346459
    vertex 1880.891556129448 208.00303980753182 585.1732605070401
    vertex 1880.4487532763976 208.00303980753182 585.2120007368588
  endloop
endfacet
facet normal 1.103430648406103e-14 1.0 2.6814849947390906e-14
  outer loop
    vertex 1881.7237532763972 208.00303980753188 584.8703655165092
    vertex 1885.1487532763965 208.00303980753174 582.6620007368587
    vertex 1882.087861681098 208.00303980753188 584.615414066812
  endloop
endfacet
facet normal 1.103430648406103e-14 1.0 2.6814849947390906e-14
  outer loop
    vertex 1882.087861681098 208.00303980753188 584.615414066812
    vertex 1885.1487532763965 208.00303980753174 582.6620007368587
    vertex 1882.4021666063506 208.00303980753188 584.3011091415591
  endloop
endfacet
facet normal 1.103430648406103e-14 1.0 2.6814849947390906e-14
  outer loop
    vertex 1882.4021666063506 208.00303980753188 584.3011091415591
    vertex 1885.1487532763965 208.00303980753174 582.6620007368587
    vertex 1882.6571180560468 208.00303980753188 583.9370007368585
  endloop
endfacet
facet normal 1.103430648406103e-14 1.0 2.6814849947390906e-14
  outer loop
    vertex 1882.6571180560468 208.00303980753188 583.9370007368585
    vertex 1885.1487532763965 208.00303980753174 582.6620007368587
    vertex 1882.8449694594003 208.00303980753188 583.5341521023391
  endloop
endfacet
facet normal 1.103430648406103e-14 1.0 2.6814849947390906e-14
  outer loop
    vertex 1882.8449694594003 208.00303980753188 583.5341521023391
    vertex 1885.1487532763965 208.00303980753174 582.6620007368587
    vertex 1882.9600130465776 208.0030398075319 583.1048035899092
  endloop
endfacet
facet normal 1.103430648406103e-14 1.0 2.6814849947390906e-14
  outer loop
    vertex 1882.9600130465776 208.0030398075319 583.1048035899092
    vertex 1885.1487532763965 208.00303980753174 582.6620007368587
    vertex 1882.9987532763962 208.0030398075319 582.6620007368589
  endloop
endfacet
facet normal 1.103430648406103e-14 1.0 2.6814849947390906e-14
  outer loop
    vertex 1882.9987532763962 208.0030398075319 582.6620007368589
    vertex 1885.1487532763965 208.00303980753174 582.6620007368587
    vertex 1882.798753276396 208.00303980753182 578.5916813390718
  endloop
endfacet
facet normal 1.103430648406103e-14 1.0 2.6814849947390906e-14
  outer loop
    vertex 1882.9987532763962 208.0030398075319 582.6620007368589
    vertex 1882.798753276396 208.00303980753182 578.5916813390718
    vertex 1882.9600130465776 208.0030398075319 582.2191978838081
  endloop
endfacet
facet normal 1.103430648406103e-14 1.0 2.6814849947390906e-14
  outer loop
    vertex 1882.9600130465776 208.0030398075319 582.2191978838081
    vertex 1882.798753276396 208.00303980753182 578.5916813390718
    vertex 1882.8449694593999 208.0030398075319 581.7898493713782
  endloop
endfacet
facet normal 1.103430648406103e-14 1.0 2.6814849947390906e-14
  outer loop
    vertex 1882.8449694593999 208.0030398075319 581.7898493713782
    vertex 1882.798753276396 208.00303980753182 578.5916813390718
    vertex 1882.6571180560468 208.00303980753196 581.3870007368588
  endloop
endfacet
facet normal 1.103430648406103e-14 1.0 2.6814849947390906e-14
  outer loop
    vertex 1882.6571180560468 208.00303980753196 581.3870007368588
    vertex 1882.798753276396 208.00303980753182 578.5916813390718
    vertex 1882.40216660635 208.00303980753196 581.0228923321579
  endloop
endfacet
facet normal 1.103430648406103e-14 1.0 2.6814849947390906e-14
  outer loop
    vertex 1882.40216660635 208.00303980753196 581.0228923321579
    vertex 1882.798753276396 208.00303980753182 578.5916813390718
    vertex 1882.0878616810971 208.00303980753205 580.7085874069054
  endloop
endfacet
facet normal 1.103430648406103e-14 1.0 2.6814849947390906e-14
  outer loop
    vertex 1882.0878616810971 208.00303980753205 580.7085874069054
    vertex 1882.798753276396 208.00303980753182 578.5916813390718
    vertex 1881.7237532763966 208.00303980753205 580.4536359572087
  endloop
endfacet
facet normal 1.103430648406103e-14 1.0 2.6814849947390906e-14
  outer loop
    vertex 1881.7237532763966 208.00303980753205 580.4536359572087
    vertex 1882.798753276396 208.00303980753182 578.5916813390718
    vertex 1881.3209046418772 208.00303980753205 580.2657845538545
  endloop
endfacet
facet normal 1.103430648406103e-14 1.0 2.6814849947390906e-14
  outer loop
    vertex 1881.3209046418772 208.00303980753205 580.2657845538545
    vertex 1882.798753276396 208.00303980753182 578.5916813390718
    vertex 1880.8915561294473 208.00303980753205 580.150740966678
  endloop
endfacet
facet normal 1.103430648406103e-14 1.0 2.6814849947390906e-14
  outer loop
    vertex 1880.8915561294473 208.00303980753205 580.150740966678
    vertex 1882.798753276396 208.00303980753182 578.5916813390718
    vertex 1880.4487532763965 208.00303980753205 580.1120007368589
  endloop
endfacet
facet normal 1.103430648406103e-14 1.0 2.6814849947390906e-14
  outer loop
    vertex 1878.098753276397 208.00303980753168 586.7323201346459
    vertex 1879.1737532763975 208.00303980753182 584.8703655165093
    vertex 1875.7487532763964 208.00303980753182 582.6620007368593
  endloop
endfacet
facet normal 1.103430648406103e-14 1.0 2.6814849947390906e-14
  outer loop
    vertex 1879.1737532763975 208.00303980753182 584.8703655165093
    vertex 1878.098753276397 208.00303980753168 586.7323201346459
    vertex 1879.576601910917 208.00303980753182 585.058216919863
  endloop
endfacet
facet normal 1.103430648406103e-14 1.0 2.6814849947390906e-14
  outer loop
    vertex 1879.576601910917 208.00303980753182 585.058216919863
    vertex 1878.098753276397 208.00303980753168 586.7323201346459
    vertex 1880.0059504233468 208.00303980753182 585.1732605070399
  endloop
endfacet
facet normal 1.103430648406103e-14 1.0 2.6814849947390906e-14
  outer loop
    vertex 1880.0059504233468 208.00303980753182 585.1732605070399
    vertex 1878.098753276397 208.00303980753168 586.7323201346459
    vertex 1880.4487532763976 208.00303980753182 585.2120007368588
  endloop
endfacet
facet normal 1.103430648406103e-14 1.0 2.6814849947390906e-14
  outer loop
    vertex 1875.7487532763964 208.00303980753182 582.6620007368593
    vertex 1879.1737532763975 208.00303980753182 584.8703655165093
    vertex 1878.8096448716967 208.00303980753188 584.6154140668123
  endloop
endfacet
facet normal 1.103430648406103e-14 1.0 2.6814849947390906e-14
  outer loop
    vertex 1875.7487532763964 208.00303980753182 582.6620007368593
    vertex 1878.8096448716967 208.00303980753188 584.6154140668123
    vertex 1878.4953399464441 208.00303980753188 584.3011091415597
  endloop
endfacet
facet normal 1.103430648406103e-14 1.0 2.6814849947390906e-14
  outer loop
    vertex 1875.7487532763964 208.00303980753182 582.6620007368593
    vertex 1878.4953399464441 208.00303980753188 584.3011091415597
    vertex 1878.2403884967462 208.00303980753196 583.9370007368589
  endloop
endfacet
facet normal 1.103430648406103e-14 1.0 2.6814849947390906e-14
  outer loop
    vertex 1875.7487532763964 208.00303980753182 582.6620007368593
    vertex 1878.2403884967462 208.00303980753196 583.9370007368589
    vertex 1878.0525370933922 208.00303980753196 583.5341521023395
  endloop
endfacet
facet normal 1.103430648406103e-14 1.0 2.6814849947390906e-14
  outer loop
    vertex 1875.7487532763964 208.00303980753182 582.6620007368593
    vertex 1878.0525370933922 208.00303980753196 583.5341521023395
    vertex 1877.9374935062153 208.00303980753196 583.1048035899099
  endloop
endfacet
facet normal 1.103430648406103e-14 1.0 2.6814849947390906e-14
  outer loop
    vertex 1875.7487532763964 208.00303980753182 582.6620007368593
    vertex 1877.9374935062153 208.00303980753196 583.1048035899099
    vertex 1877.8987532763963 208.00303980753202 582.6620007368592
  endloop
endfacet
facet normal 1.103430648406103e-14 1.0 2.6814849947390906e-14
  outer loop
    vertex 1875.7487532763964 208.00303980753182 582.6620007368593
    vertex 1877.8987532763963 208.00303980753202 582.6620007368592
    vertex 1877.9374935062153 208.00303980753202 582.2191978838084
  endloop
endfacet
facet normal 1.103430648406103e-14 1.0 2.6814849947390906e-14
  outer loop
    vertex 1875.7487532763964 208.00303980753182 582.6620007368593
    vertex 1877.9374935062153 208.00303980753202 582.2191978838084
    vertex 1878.0987532763959 208.0030398075319 578.5916813390722
  endloop
endfacet
facet normal 1.103430648406103e-14 1.0 2.6814849947390906e-14
  outer loop
    vertex 1878.0987532763959 208.0030398075319 578.5916813390722
    vertex 1877.9374935062153 208.00303980753202 582.2191978838084
    vertex 1878.052537093392 208.00303980753202 581.7898493713785
  endloop
endfacet
facet normal 1.103430648406103e-14 1.0 2.6814849947390906e-14
  outer loop
    vertex 1878.0987532763959 208.0030398075319 578.5916813390722
    vertex 1878.052537093392 208.00303980753202 581.7898493713785
    vertex 1878.2403884967462 208.00303980753205 581.3870007368591
  endloop
endfacet
facet normal 1.103430648406103e-14 1.0 2.6814849947390906e-14
  outer loop
    vertex 1878.0987532763959 208.0030398075319 578.5916813390722
    vertex 1878.2403884967462 208.00303980753205 581.3870007368591
    vertex 1878.4953399464432 208.00303980753196 581.0228923321583
  endloop
endfacet
facet normal 1.103430648406103e-14 1.0 2.6814849947390906e-14
  outer loop
    vertex 1878.0987532763959 208.0030398075319 578.5916813390722
    vertex 1878.4953399464432 208.00303980753196 581.0228923321583
    vertex 1878.809644871696 208.00303980753196 580.7085874069056
  endloop
endfacet
facet normal 1.103430648406103e-14 1.0 2.6814849947390906e-14
  outer loop
    vertex 1878.0987532763959 208.0030398075319 578.5916813390722
    vertex 1878.809644871696 208.00303980753196 580.7085874069056
    vertex 1879.1737532763964 208.00303980753205 580.4536359572089
  endloop
endfacet
facet normal 1.103430648406103e-14 1.0 2.6814849947390906e-14
  outer loop
    vertex 1878.0987532763959 208.0030398075319 578.5916813390722
    vertex 1879.1737532763964 208.00303980753205 580.4536359572089
    vertex 1879.5766019109162 208.00303980753205 580.2657845538549
  endloop
endfacet
facet normal 1.103430648406103e-14 1.0 2.6814849947390906e-14
  outer loop
    vertex 1878.0987532763959 208.0030398075319 578.5916813390722
    vertex 1879.5766019109162 208.00303980753205 580.2657845538549
    vertex 1880.0059504233457 208.00303980753205 580.1507409666777
  endloop
endfacet
facet normal 1.103430648406103e-14 1.0 2.6814849947390906e-14
  outer loop
    vertex 1878.0987532763959 208.0030398075319 578.5916813390722
    vertex 1880.0059504233457 208.00303980753205 580.1507409666777
    vertex 1880.4487532763965 208.00303980753205 580.1120007368589
  endloop
endfacet
facet normal 1.103430648406103e-14 1.0 2.6814849947390906e-14
  outer loop
    vertex 1878.0987532763959 208.0030398075319 578.5916813390722
    vertex 1880.4487532763965 208.00303980753205 580.1120007368589
    vertex 1882.798753276396 208.00303980753182 578.5916813390718
  endloop
endfacet
facet normal 0.8660254037844821 -6.396169166451452e-14 0.4999999999999245
  outer loop
    vertex 1875.7487532763964 211.00303980753205 582.6620007368595
    vertex 1878.0987532763959 208.0030398075319 578.5916813390722
    vertex 1878.0987532763963 211.0030398075323 578.5916813390722
  endloop
endfacet
facet normal 0.8660254037844821 -6.396169166451452e-14 0.4999999999999245
  outer loop
    vertex 1878.0987532763959 208.0030398075319 578.5916813390722
    vertex 1875.7487532763964 211.00303980753205 582.6620007368595
    vertex 1875.7487532763964 208.00303980753182 582.6620007368593
  endloop
endfacet
facet normal 0.866025403784375 1.493642866019966e-14 -0.5000000000001102
  outer loop
    vertex 1878.098753276397 208.00303980753168 586.7323201346459
    vertex 1875.7487532763964 211.00303980753205 582.6620007368595
    vertex 1878.098753276397 211.0030398075319 586.732320134646
  endloop
endfacet
facet normal 0.866025403784375 1.493642866019966e-14 -0.5000000000001102
  outer loop
    vertex 1875.7487532763964 211.00303980753205 582.6620007368595
    vertex 1878.098753276397 208.00303980753168 586.7323201346459
    vertex 1875.7487532763964 208.00303980753182 582.6620007368593
  endloop
endfacet
facet normal -7.138734048339755e-14 2.681484994739226e-14 -1.0
  outer loop
    vertex 1882.798753276397 211.00303980753182 586.7323201346456
    vertex 1878.098753276397 208.00303980753168 586.7323201346459
    vertex 1878.098753276397 211.0030398075319 586.732320134646
  endloop
endfacet
facet normal -7.138734048339755e-14 2.681484994739226e-14 -1.0
  outer loop
    vertex 1878.098753276397 208.00303980753168 586.7323201346459
    vertex 1882.798753276397 211.00303980753182 586.7323201346456
    vertex 1882.798753276397 208.0030398075316 586.7323201346455
  endloop
endfacet
facet normal -0.8660254037844797 1.1885373474024041e-14 -0.49999999999992895
  outer loop
    vertex 1885.1487532763965 208.00303980753174 582.6620007368587
    vertex 1882.798753276397 211.00303980753182 586.7323201346456
    vertex 1885.1487532763965 211.00303980753205 582.6620007368588
  endloop
endfacet
facet normal -0.8660254037844797 1.1885373474024041e-14 -0.49999999999992895
  outer loop
    vertex 1882.798753276397 211.00303980753182 586.7323201346456
    vertex 1885.1487532763965 208.00303980753174 582.6620007368587
    vertex 1882.798753276397 208.0030398075316 586.7323201346455
  endloop
endfacet
facet normal -0.8660254037844108 3.71668126771418e-14 0.5000000000000481
  outer loop
    vertex 1882.7987532763964 211.00303980753205 578.5916813390719
    vertex 1885.1487532763965 208.00303980753174 582.6620007368587
    vertex 1885.1487532763965 211.00303980753205 582.6620007368588
  endloop
endfacet
facet normal -0.8660254037844108 3.71668126771418e-14 0.5000000000000481
  outer loop
    vertex 1885.1487532763965 208.00303980753174 582.6620007368587
    vertex 1882.7987532763964 211.00303980753205 578.5916813390719
    vertex 1882.798753276396 208.00303980753182 578.5916813390718
  endloop
endfacet
facet normal 7.138734048339755e-14 -2.681484994739226e-14 1.0
  outer loop
    vertex 1882.798753276396 208.00303980753182 578.5916813390718
    vertex 1878.0987532763963 211.0030398075323 578.5916813390722
    vertex 1878.0987532763959 208.0030398075319 578.5916813390722
  endloop
endfacet
facet normal 7.138734048339755e-14 -2.681484994739226e-14 1.0
  outer loop
    vertex 1878.0987532763963 211.0030398075323 578.5916813390722
    vertex 1882.798753276396 208.00303980753182 578.5916813390718
    vertex 1882.7987532763964 211.00303980753205 578.5916813390719
  endloop
endfacet
facet normal -5.89239381443909e-14 0.7502088095203635 -0.6612009846620308
  outer loop
    vertex 1926.9487533079825 185.00000000000048 568.1620000000003
    vertex 1922.9487533079812 211.0000000000001 597.662
    vertex 1926.9487533079814 211.00000000000074 597.6619999999998
  endloop
endfacet
facet normal -5.89239381443909e-14 0.7502088095203635 -0.6612009846620308
  outer loop
    vertex 1922.9487533079812 211.0000000000001 597.662
    vertex 1926.9487533079825 185.00000000000048 568.1620000000003
    vertex 1922.9487533079837 199.32203389830633 584.4120000000017
  endloop
endfacet
facet normal -5.89239381443909e-14 0.7502088095203635 -0.6612009846620308
  outer loop
    vertex 1922.9487533079837 199.32203389830633 584.4120000000017
    vertex 1926.9487533079825 185.00000000000048 568.1620000000003
    vertex 1922.9487533079835 195.79661016949314 580.4120000000022
  endloop
endfacet
facet normal -5.89239381443909e-14 0.7502088095203635 -0.6612009846620308
  outer loop
    vertex 1922.9487533079837 199.32203389830633 584.4120000000017
    vertex 1922.9487533079835 195.79661016949314 580.4120000000022
    vertex 1910.948753307984 199.3220338983063 584.4120000000025
  endloop
endfacet
facet normal -5.89239381443909e-14 0.7502088095203635 -0.6612009846620308
  outer loop
    vertex 1922.9487533079835 195.79661016949314 580.4120000000022
    vertex 1926.9487533079825 185.00000000000048 568.1620000000003
    vertex 1922.9487533079823 184.99999999999994 568.1620000000007
  endloop
endfacet
facet normal -5.89239381443909e-14 0.7502088095203635 -0.6612009846620308
  outer loop
    vertex 1910.9487533079837 195.796610169493 580.412000000003
    vertex 1910.948753307984 199.3220338983063 584.4120000000025
    vertex 1922.9487533079835 195.79661016949314 580.4120000000022
  endloop
endfacet
facet normal 1.0 -2.9923423849806883e-15 -6.728130088646651e-14
  outer loop
    vertex 1910.948753307985 211.00000000000043 597.6620000000036
    vertex 1910.948753307984 199.3220338983063 584.4120000000025
    vertex 1910.9487533079832 211.00000000000097 570.6620000000031
  endloop
endfacet
facet normal 1.0 -2.9923423849806883e-15 -6.728130088646651e-14
  outer loop
    vertex 1910.948753307984 199.3220338983063 584.4120000000025
    vertex 1910.948753307985 211.00000000000043 597.6620000000036
    vertex 1910.9487533079846 184.99999999999994 597.6620000000024
  endloop
endfacet
facet normal 1.0 -2.9923423849806883e-15 -6.728130088646651e-14
  outer loop
    vertex 1910.948753307984 199.3220338983063 584.4120000000025
    vertex 1910.9487533079846 184.99999999999994 597.6620000000024
    vertex 1910.948753307984 185.00000000000037 584.4120000000033
  endloop
endfacet
facet normal 1.0 -2.9923423849806883e-15 -6.728130088646651e-14
  outer loop
    vertex 1910.9487533079832 211.00000000000097 570.6620000000031
    vertex 1910.9487533079825 185.0000000000006 563.1620000000023
    vertex 1910.9487533079825 211.00000000000244 563.1620000000034
  endloop
endfacet
facet normal 1.0 -2.9923423849806883e-15 -6.728130088646651e-14
  outer loop
    vertex 1910.9487533079825 185.0000000000006 563.1620000000023
    vertex 1910.9487533079832 211.00000000000097 570.6620000000031
    vertex 1910.948753307984 199.3220338983063 584.4120000000025
  endloop
endfacet
facet normal 1.0 -2.9923423849806883e-15 -6.728130088646651e-14
  outer loop
    vertex 1910.9487533079825 185.0000000000006 563.1620000000023
    vertex 1910.948753307984 199.3220338983063 584.4120000000025
    vertex 1910.9487533079837 195.796610169493 580.412000000003
  endloop
endfacet
facet normal 1.0 -2.9923423849806883e-15 -6.728130088646651e-14
  outer loop
    vertex 1910.9487533079825 185.0000000000006 563.1620000000023
    vertex 1910.9487533079837 195.796610169493 580.412000000003
    vertex 1910.9487533079837 185.00000000000003 580.4120000000034
  endloop
endfacet
facet normal 5.4463554073867307e-14 1.0 5.732315184494997e-14
  outer loop
    vertex 1922.9487533079846 184.99999999999895 597.6620000000011
    vertex 1917.313414481083 185.00000000000043 593.7300962813281
    vertex 1916.948753307983 185.0000000000003 593.7620000000026
  endloop
endfacet
facet normal 5.4463554073867307e-14 1.0 5.732315184494997e-14
  outer loop
    vertex 1917.313414481083 185.00000000000043 593.7300962813281
    vertex 1922.9487533079846 184.99999999999895 597.6620000000011
    vertex 1917.666995608966 185.00000000000043 593.6353545036529
  endloop
endfacet
facet normal 5.4463554073867307e-14 1.0 5.732315184494997e-14
  outer loop
    vertex 1917.666995608966 185.00000000000043 593.6353545036529
    vertex 1922.9487533079846 184.99999999999895 597.6620000000011
    vertex 1917.998753307982 185.00000000000034 593.4806533479493
  endloop
endfacet
facet normal 5.4463554073867307e-14 1.0 5.732315184494997e-14
  outer loop
    vertex 1917.998753307982 185.00000000000034 593.4806533479493
    vertex 1922.9487533079846 184.99999999999895 597.6620000000011
    vertex 1918.2986072883239 185.00000000000034 593.2706933305523
  endloop
endfacet
facet normal 5.4463554073867307e-14 1.0 5.732315184494997e-14
  outer loop
    vertex 1918.2986072883239 185.00000000000034 593.2706933305523
    vertex 1922.9487533079846 184.99999999999895 597.6620000000011
    vertex 1918.557446638532 185.00000000000034 593.0118539803442
  endloop
endfacet
facet normal 5.4463554073867307e-14 1.0 5.732315184494997e-14
  outer loop
    vertex 1918.557446638532 185.00000000000034 593.0118539803442
    vertex 1922.9487533079846 184.99999999999895 597.6620000000011
    vertex 1918.767406655929 185.00000000000043 592.7120000000023
  endloop
endfacet
facet normal 5.4463554073867307e-14 1.0 5.732315184494997e-14
  outer loop
    vertex 1918.767406655929 185.00000000000043 592.7120000000023
    vertex 1922.9487533079846 184.99999999999895 597.6620000000011
    vertex 1922.9487533079837 185.00000000000014 584.4120000000012
  endloop
endfacet
facet normal 5.4463554073867307e-14 1.0 5.732315184494997e-14
  outer loop
    vertex 1918.767406655929 185.00000000000043 592.7120000000023
    vertex 1922.9487533079837 185.00000000000014 584.4120000000012
    vertex 1918.9221078116318 185.00000000000037 592.3802423009861
  endloop
endfacet
facet normal 5.4463554073867307e-14 1.0 5.732315184494997e-14
  outer loop
    vertex 1918.9221078116318 185.00000000000037 592.3802423009861
    vertex 1922.9487533079837 185.00000000000014 584.4120000000012
    vertex 1919.016849589307 185.00000000000048 592.0266611731028
  endloop
endfacet
facet normal 5.4463554073867307e-14 1.0 5.732315184494997e-14
  outer loop
    vertex 1919.016849589307 185.00000000000048 592.0266611731028
    vertex 1922.9487533079837 185.00000000000014 584.4120000000012
    vertex 1919.0487533079813 185.00000000000037 591.6620000000022
  endloop
endfacet
facet normal 5.4463554073867307e-14 1.0 5.732315184494997e-14
  outer loop
    vertex 1919.0487533079813 185.00000000000037 591.6620000000022
    vertex 1922.9487533079837 185.00000000000014 584.4120000000012
    vertex 1919.016849589307 185.00000000000037 591.2973388269016
  endloop
endfacet
facet normal 5.4463554073867307e-14 1.0 5.732315184494997e-14
  outer loop
    vertex 1919.016849589307 185.00000000000037 591.2973388269016
    vertex 1922.9487533079837 185.00000000000014 584.4120000000012
    vertex 1918.9221078116318 185.0000000000002 590.9437576990183
  endloop
endfacet
facet normal 5.4463554073867307e-14 1.0 5.732315184494997e-14
  outer loop
    vertex 1918.9221078116318 185.0000000000002 590.9437576990183
    vertex 1922.9487533079837 185.00000000000014 584.4120000000012
    vertex 1918.7674066559289 185.00000000000023 590.612000000002
  endloop
endfacet
facet normal 5.4463554073867307e-14 1.0 5.732315184494997e-14
  outer loop
    vertex 1918.7674066559289 185.00000000000023 590.612000000002
    vertex 1922.9487533079837 185.00000000000014 584.4120000000012
    vertex 1918.5574466385312 185.00000000000034 590.3121460196605
  endloop
endfacet
facet normal 5.4463554073867307e-14 1.0 5.732315184494997e-14
  outer loop
    vertex 1918.5574466385312 185.00000000000034 590.3121460196605
    vertex 1922.9487533079837 185.00000000000014 584.4120000000012
    vertex 1918.2986072883232 185.00000000000026 590.0533066694525
  endloop
endfacet
facet normal 5.4463554073867307e-14 1.0 5.732315184494997e-14
  outer loop
    vertex 1918.2986072883232 185.00000000000026 590.0533066694525
    vertex 1922.9487533079837 185.00000000000014 584.4120000000012
    vertex 1917.9987533079814 185.00000000000026 589.8433466520547
  endloop
endfacet
facet normal 5.4463554073867307e-14 1.0 5.732315184494997e-14
  outer loop
    vertex 1917.9987533079814 185.00000000000026 589.8433466520547
    vertex 1922.9487533079837 185.00000000000014 584.4120000000012
    vertex 1917.6669956089654 185.00000000000026 589.688645496352
  endloop
endfacet
facet normal 5.4463554073867307e-14 1.0 5.732315184494997e-14
  outer loop
    vertex 1917.6669956089654 185.00000000000026 589.688645496352
    vertex 1922.9487533079837 185.00000000000014 584.4120000000012
    vertex 1917.3134144810817 185.00000000000026 589.5939037186768
  endloop
endfacet
facet normal 5.4463554073867307e-14 1.0 5.732315184494997e-14
  outer loop
    vertex 1917.3134144810817 185.00000000000026 589.5939037186768
    vertex 1922.9487533079837 185.00000000000014 584.4120000000012
    vertex 1916.9487533079812 185.00000000000026 589.5620000000024
  endloop
endfacet
facet normal 5.4463554073867307e-14 1.0 5.732315184494997e-14
  outer loop
    vertex 1916.9487533079812 185.00000000000026 589.5620000000024
    vertex 1922.9487533079837 185.00000000000014 584.4120000000012
    vertex 1910.948753307984 185.00000000000037 584.4120000000033
  endloop
endfacet
facet normal 5.4463554073867307e-14 1.0 5.732315184494997e-14
  outer loop
    vertex 1910.9487533079846 184.99999999999994 597.6620000000024
    vertex 1915.1300999600342 185.00000000000043 592.7120000000026
    vertex 1910.948753307984 185.00000000000037 584.4120000000033
  endloop
endfacet
facet normal 5.4463554073867307e-14 1.0 5.732315184494997e-14
  outer loop
    vertex 1915.1300999600342 185.00000000000043 592.7120000000026
    vertex 1910.9487533079846 184.99999999999994 597.6620000000024
    vertex 1915.340059977432 185.00000000000034 593.0118539803444
  endloop
endfacet
facet normal 5.4463554073867307e-14 1.0 5.732315184494997e-14
  outer loop
    vertex 1915.340059977432 185.00000000000034 593.0118539803444
    vertex 1910.9487533079846 184.99999999999994 597.6620000000024
    vertex 1915.5988993276403 185.00000000000034 593.2706933305523
  endloop
endfacet
facet normal 5.4463554073867307e-14 1.0 5.732315184494997e-14
  outer loop
    vertex 1915.5988993276403 185.00000000000034 593.2706933305523
    vertex 1910.9487533079846 184.99999999999994 597.6620000000024
    vertex 1915.8987533079821 185.00000000000034 593.4806533479497
  endloop
endfacet
facet normal 5.4463554073867307e-14 1.0 5.732315184494997e-14
  outer loop
    vertex 1915.8987533079821 185.00000000000034 593.4806533479497
    vertex 1910.9487533079846 184.99999999999994 597.6620000000024
    vertex 1922.9487533079846 184.99999999999895 597.6620000000011
  endloop
endfacet
facet normal 5.4463554073867307e-14 1.0 5.732315184494997e-14
  outer loop
    vertex 1915.8987533079821 185.00000000000034 593.4806533479497
    vertex 1922.9487533079846 184.99999999999895 597.6620000000011
    vertex 1916.2305110069983 185.00000000000043 593.6353545036529
  endloop
endfacet
facet normal 5.4463554073867307e-14 1.0 5.732315184494997e-14
  outer loop
    vertex 1916.2305110069983 185.00000000000043 593.6353545036529
    vertex 1922.9487533079846 184.99999999999895 597.6620000000011
    vertex 1916.584092134882 185.0000000000003 593.7300962813282
  endloop
endfacet
facet normal 5.4463554073867307e-14 1.0 5.732315184494997e-14
  outer loop
    vertex 1916.584092134882 185.0000000000003 593.7300962813282
    vertex 1922.9487533079846 184.99999999999895 597.6620000000011
    vertex 1916.948753307983 185.0000000000003 593.7620000000026
  endloop
endfacet
facet normal 5.4463554073867307e-14 1.0 5.732315184494997e-14
  outer loop
    vertex 1910.948753307984 185.00000000000037 584.4120000000033
    vertex 1915.1300999600342 185.00000000000043 592.7120000000026
    vertex 1914.9753988043312 185.00000000000034 592.3802423009863
  endloop
endfacet
facet normal 5.4463554073867307e-14 1.0 5.732315184494997e-14
  outer loop
    vertex 1910.948753307984 185.00000000000037 584.4120000000033
    vertex 1914.9753988043312 185.00000000000034 592.3802423009863
    vertex 1914.8806570266556 185.00000000000037 592.026661173103
  endloop
endfacet
facet normal 5.4463554073867307e-14 1.0 5.732315184494997e-14
  outer loop
    vertex 1910.948753307984 185.00000000000037 584.4120000000033
    vertex 1914.8806570266556 185.00000000000037 592.026661173103
    vertex 1914.8487533079813 185.00000000000037 591.6620000000024
  endloop
endfacet
facet normal 5.4463554073867307e-14 1.0 5.732315184494997e-14
  outer loop
    vertex 1910.948753307984 185.00000000000037 584.4120000000033
    vertex 1914.8487533079813 185.00000000000037 591.6620000000024
    vertex 1914.8806570266556 185.00000000000037 591.2973388269019
  endloop
endfacet
facet normal 5.4463554073867307e-14 1.0 5.732315184494997e-14
  outer loop
    vertex 1910.948753307984 185.00000000000037 584.4120000000033
    vertex 1914.8806570266556 185.00000000000037 591.2973388269019
    vertex 1914.9753988043308 185.00000000000037 590.9437576990185
  endloop
endfacet
facet normal 5.4463554073867307e-14 1.0 5.732315184494997e-14
  outer loop
    vertex 1910.948753307984 185.00000000000037 584.4120000000033
    vertex 1914.9753988043308 185.00000000000037 590.9437576990185
    vertex 1915.130099960034 185.0000000000004 590.6120000000024
  endloop
endfacet
facet normal 5.4463554073867307e-14 1.0 5.732315184494997e-14
  outer loop
    vertex 1910.948753307984 185.00000000000037 584.4120000000033
    vertex 1915.130099960034 185.0000000000004 590.6120000000024
    vertex 1915.3400599774313 185.0000000000004 590.3121460196608
  endloop
endfacet
facet normal 5.4463554073867307e-14 1.0 5.732315184494997e-14
  outer loop
    vertex 1910.948753307984 185.00000000000037 584.4120000000033
    vertex 1915.3400599774313 185.0000000000004 590.3121460196608
    vertex 1915.5988993276396 185.00000000000026 590.0533066694525
  endloop
endfacet
facet normal 5.4463554073867307e-14 1.0 5.732315184494997e-14
  outer loop
    vertex 1910.948753307984 185.00000000000037 584.4120000000033
    vertex 1915.5988993276396 185.00000000000026 590.0533066694525
    vertex 1915.8987533079815 185.00000000000026 589.8433466520551
  endloop
endfacet
facet normal 5.4463554073867307e-14 1.0 5.732315184494997e-14
  outer loop
    vertex 1910.948753307984 185.00000000000037 584.4120000000033
    vertex 1915.8987533079815 185.00000000000026 589.8433466520551
    vertex 1916.2305110069974 185.00000000000026 589.688645496352
  endloop
endfacet
facet normal 5.4463554073867307e-14 1.0 5.732315184494997e-14
  outer loop
    vertex 1910.948753307984 185.00000000000037 584.4120000000033
    vertex 1916.2305110069974 185.00000000000026 589.688645496352
    vertex 1916.5840921348806 185.00000000000026 589.5939037186769
  endloop
endfacet
facet normal 5.4463554073867307e-14 1.0 5.732315184494997e-14
  outer loop
    vertex 1910.948753307984 185.00000000000037 584.4120000000033
    vertex 1916.5840921348806 185.00000000000026 589.5939037186769
    vertex 1916.9487533079812 185.00000000000026 589.5620000000024
  endloop
endfacet
facet normal -1.0 -9.607233573372833e-14 -3.618919094337874e-15
  outer loop
    vertex 1922.9487533079837 199.32203389830633 584.4120000000017
    vertex 1922.9487533079846 184.99999999999895 597.6620000000011
    vertex 1922.9487533079812 211.0000000000001 597.662
  endloop
endfacet
facet normal -1.0 -9.607233573372833e-14 -3.618919094337874e-15
  outer loop
    vertex 1922.9487533079846 184.99999999999895 597.6620000000011
    vertex 1922.9487533079837 199.32203389830633 584.4120000000017
    vertex 1922.9487533079837 185.00000000000014 584.4120000000012
  endloop
endfacet
facet normal 1.9922670170902137e-13 -3.4765111837257335e-14 1.0
  outer loop
    vertex 1883.9486992243174 185.0000049178131 573.1620000000116
    vertex 1871.9487532763933 196.35000491781102 573.1620000000144
    vertex 1871.9487532763933 185.000004917811 573.1620000000141
  endloop
endfacet
facet normal 1.9922670170902137e-13 -3.4765111837257335e-14 1.0
  outer loop
    vertex 1871.9487532763933 196.35000491781102 573.1620000000144
    vertex 1883.9486992243174 185.0000049178131 573.1620000000116
    vertex 1883.9486451722394 196.3500049178108 573.1620000000122
  endloop
endfacet
facet normal 1.1419076865382795e-14 1.0 3.545897450517479e-14
  outer loop
    vertex 1871.9487533079835 211.00000000000043 608.1620000000039
    vertex 1879.948753307983 211.00000000000065 608.1620000000052
    vertex 1902.9487533079837 211.00000000000082 608.1620000000016
  endloop
endfacet
facet normal 1.1419076865382795e-14 1.0 3.545897450517479e-14
  outer loop
    vertex 1926.9487533079814 211.00000000000074 597.6619999999998
    vertex 1906.9487533079823 211.00000000000048 601.6620000000014
    vertex 1926.948753307982 211.0000000000006 601.662
  endloop
endfacet
facet normal 1.1419076865382795e-14 1.0 3.545897450517479e-14
  outer loop
    vertex 1906.9487533079823 211.00000000000048 601.6620000000014
    vertex 1926.9487533079814 211.00000000000074 597.6619999999998
    vertex 1895.2987532763973 211.00000491781176 599.2323193977992
  endloop
endfacet
facet normal 1.1419076865382795e-14 1.0 3.545897450517479e-14
  outer loop
    vertex 1895.2987532763973 211.00000491781176 599.2323193977992
    vertex 1926.9487533079814 211.00000000000074 597.6619999999998
    vertex 1910.948753307985 211.00000000000043 597.6620000000036
  endloop
endfacet
facet normal 1.1419076865382795e-14 1.0 3.545897450517479e-14
  outer loop
    vertex 1910.948753307985 211.00000000000043 597.6620000000036
    vertex 1926.9487533079814 211.00000000000074 597.6619999999998
    vertex 1922.9487533079812 211.0000000000001 597.662
  endloop
endfacet
facet normal 1.1419076865382795e-14 1.0 3.545897450517479e-14
  outer loop
    vertex 1910.948753307985 211.00000000000043 597.6620000000036
    vertex 1897.6487532763977 211.00000491781176 595.162000000012
    vertex 1895.2987532763973 211.00000491781176 599.2323193977992
  endloop
endfacet
facet normal 1.1419076865382795e-14 1.0 3.545897450517479e-14
  outer loop
    vertex 1897.6487532763977 211.00000491781176 595.162000000012
    vertex 1910.948753307985 211.00000000000043 597.6620000000036
    vertex 1910.9487533079832 211.00000000000097 570.6620000000031
  endloop
endfacet
facet normal 1.1419076865382795e-14 1.0 3.545897450517479e-14
  outer loop
    vertex 1897.6487532763977 211.00000491781176 595.162000000012
    vertex 1910.9487533079832 211.00000000000097 570.6620000000031
    vertex 1895.298753276397 211.00000491781202 591.0916806022254
  endloop
endfacet
facet normal 1.1419076865382795e-14 1.0 3.545897450517479e-14
  outer loop
    vertex 1895.298753276397 211.00000491781202 591.0916806022254
    vertex 1910.9487533079832 211.00000000000097 570.6620000000031
    vertex 1890.598753276397 211.00000491781202 591.0916806022258
  endloop
endfacet
facet normal 1.1419076865382795e-14 1.0 3.545897450517479e-14
  outer loop
    vertex 1890.598753276397 211.00000491781202 591.0916806022258
    vertex 1910.9487533079832 211.00000000000097 570.6620000000031
    vertex 1882.798753276397 211.00303980753182 586.7323201346456
  endloop
endfacet
facet normal 1.1419076865382795e-14 1.0 3.545897450517479e-14
  outer loop
    vertex 1882.798753276397 211.00303980753182 586.7323201346456
    vertex 1910.9487533079832 211.00000000000097 570.6620000000031
    vertex 1885.1487532763965 211.00303980753205 582.6620007368588
  endloop
endfacet
facet normal 1.1419076865382795e-14 1.0 3.545897450517479e-14
  outer loop
    vertex 1885.1487532763965 211.00303980753205 582.6620007368588
    vertex 1910.9487533079832 211.00000000000097 570.6620000000031
    vertex 1882.7987532763964 211.00303980753205 578.5916813390719
  endloop
endfacet
facet normal 1.1419076865382795e-14 1.0 3.545897450517479e-14
  outer loop
    vertex 1882.7987532763964 211.00303980753205 578.5916813390719
    vertex 1910.9487533079832 211.00000000000097 570.6620000000031
    vertex 1878.0987532763963 211.0030398075323 578.5916813390722
  endloop
endfacet
facet normal 1.1419076865382795e-14 1.0 3.545897450517479e-14
  outer loop
    vertex 1878.0987532763963 211.0030398075323 578.5916813390722
    vertex 1910.9487533079832 211.00000000000097 570.6620000000031
    vertex 1895.798753276396 211.00000491781225 573.4823193977988
  endloop
endfacet
facet normal 1.1419076865382795e-14 1.0 3.545897450517479e-14
  outer loop
    vertex 1895.798753276396 211.00000491781225 573.4823193977988
    vertex 1910.9487533079832 211.00000000000097 570.6620000000031
    vertex 1898.148753276396 211.000004917813 569.4120000000116
  endloop
endfacet
facet normal 1.1419076865382795e-14 1.0 3.545897450517479e-14
  outer loop
    vertex 1898.148753276396 211.000004917813 569.4120000000116
    vertex 1910.9487533079832 211.00000000000097 570.6620000000031
    vertex 1910.9487533079825 211.00000000000244 563.1620000000034
  endloop
endfacet
facet normal 1.1419076865382795e-14 1.0 3.545897450517479e-14
  outer loop
    vertex 1898.148753276396 211.000004917813 569.4120000000116
    vertex 1910.9487533079825 211.00000000000244 563.1620000000034
    vertex 1895.7987532763955 211.00000491781267 565.3416806022252
  endloop
endfacet
facet normal 1.1419076865382795e-14 1.0 3.545897450517479e-14
  outer loop
    vertex 1895.7987532763955 211.00000491781267 565.3416806022252
    vertex 1910.9487533079825 211.00000000000244 563.1620000000034
    vertex 1891.0987532763954 211.00000491781267 565.3416806022252
  endloop
endfacet
facet normal 1.1419076865382795e-14 1.0 3.545897450517479e-14
  outer loop
    vertex 1906.9487533079823 211.00000000000048 601.6620000000014
    vertex 1902.948753307984 211.00000000000028 621.6620000000019
    vertex 1906.9487533079837 210.9999999999998 621.6620000000016
  endloop
endfacet
facet normal 1.1419076865382795e-14 1.0 3.545897450517479e-14
  outer loop
    vertex 1902.948753307984 211.00000000000028 621.6620000000019
    vertex 1906.9487533079823 211.00000000000048 601.6620000000014
    vertex 1902.948753307984 211.00000000000014 617.6620000000016
  endloop
endfacet
facet normal 1.1419076865382795e-14 1.0 3.545897450517479e-14
  outer loop
    vertex 1902.948753307984 211.00000000000014 617.6620000000016
    vertex 1906.9487533079823 211.00000000000048 601.6620000000014
    vertex 1902.9487533079837 211.00000000000082 608.1620000000016
  endloop
endfacet
facet normal 1.1419076865382795e-14 1.0 3.545897450517479e-14
  outer loop
    vertex 1902.9487533079837 211.00000000000082 608.1620000000016
    vertex 1906.9487533079823 211.00000000000048 601.6620000000014
    vertex 1871.9487533079835 211.00000000000043 608.1620000000039
  endloop
endfacet
facet normal 1.1419076865382795e-14 1.0 3.545897450517479e-14
  outer loop
    vertex 1871.9487533079835 211.00000000000043 608.1620000000039
    vertex 1906.9487533079823 211.00000000000048 601.6620000000014
    vertex 1890.5987532763975 211.0000049178117 599.2323193977995
  endloop
endfacet
facet normal 1.1419076865382795e-14 1.0 3.545897450517479e-14
  outer loop
    vertex 1871.9487533079835 211.00000000000043 608.1620000000039
    vertex 1890.5987532763975 211.0000049178117 599.2323193977995
    vertex 1878.098753276397 211.0030398075319 586.732320134646
  endloop
endfacet
facet normal 1.1419076865382795e-14 1.0 3.545897450517479e-14
  outer loop
    vertex 1871.9487533079835 211.00000000000043 608.1620000000039
    vertex 1878.098753276397 211.0030398075319 586.732320134646
    vertex 1875.7487532763964 211.00303980753205 582.6620007368595
  endloop
endfacet
facet normal 1.1419076865382795e-14 1.0 3.545897450517479e-14
  outer loop
    vertex 1871.9487533079835 211.00000000000043 608.1620000000039
    vertex 1875.7487532763964 211.00303980753205 582.6620007368595
    vertex 1871.9487533079796 211.00000000000264 563.1620000000036
  endloop
endfacet
facet normal 1.1419076865382795e-14 1.0 3.545897450517479e-14
  outer loop
    vertex 1890.5987532763975 211.0000049178117 599.2323193977995
    vertex 1906.9487533079823 211.00000000000048 601.6620000000014
    vertex 1895.2987532763973 211.00000491781176 599.2323193977992
  endloop
endfacet
facet normal 1.1419076865382795e-14 1.0 3.545897450517479e-14
  outer loop
    vertex 1878.098753276397 211.0030398075319 586.732320134646
    vertex 1890.5987532763975 211.0000049178117 599.2323193977995
    vertex 1888.2487532763976 211.00000491781168 595.1620000000127
  endloop
endfacet
facet normal 1.1419076865382795e-14 1.0 3.545897450517479e-14
  outer loop
    vertex 1878.098753276397 211.0030398075319 586.732320134646
    vertex 1888.2487532763976 211.00000491781168 595.1620000000127
    vertex 1890.598753276397 211.00000491781202 591.0916806022258
  endloop
endfacet
facet normal 1.1419076865382795e-14 1.0 3.545897450517479e-14
  outer loop
    vertex 1878.098753276397 211.0030398075319 586.732320134646
    vertex 1890.598753276397 211.00000491781202 591.0916806022258
    vertex 1882.798753276397 211.00303980753182 586.7323201346456
  endloop
endfacet
facet normal 1.1419076865382795e-14 1.0 3.545897450517479e-14
  outer loop
    vertex 1871.9487533079796 211.00000000000264 563.1620000000036
    vertex 1875.7487532763964 211.00303980753205 582.6620007368595
    vertex 1878.0987532763963 211.0030398075323 578.5916813390722
  endloop
endfacet
facet normal 1.1419076865382795e-14 1.0 3.545897450517479e-14
  outer loop
    vertex 1871.9487533079796 211.00000000000264 563.1620000000036
    vertex 1878.0987532763963 211.0030398075323 578.5916813390722
    vertex 1891.0987532763959 211.00000491781225 573.482319397799
  endloop
endfacet
facet normal 1.1419076865382795e-14 1.0 3.545897450517479e-14
  outer loop
    vertex 1891.0987532763959 211.00000491781225 573.482319397799
    vertex 1878.0987532763963 211.0030398075323 578.5916813390722
    vertex 1895.798753276396 211.00000491781225 573.4823193977988
  endloop
endfacet
facet normal 1.1419076865382795e-14 1.0 3.545897450517479e-14
  outer loop
    vertex 1871.9487533079796 211.00000000000264 563.1620000000036
    vertex 1891.0987532763959 211.00000491781225 573.482319397799
    vertex 1888.748753276396 211.00000491781262 569.4120000000121
  endloop
endfacet
facet normal 1.1419076865382795e-14 1.0 3.545897450517479e-14
  outer loop
    vertex 1871.9487533079796 211.00000000000264 563.1620000000036
    vertex 1888.748753276396 211.00000491781262 569.4120000000121
    vertex 1891.0987532763954 211.00000491781267 565.3416806022252
  endloop
endfacet
facet normal 1.1419076865382795e-14 1.0 3.545897450517479e-14
  outer loop
    vertex 1871.9487533079796 211.00000000000264 563.1620000000036
    vertex 1891.0987532763954 211.00000491781267 565.3416806022252
    vertex 1910.9487533079825 211.00000000000244 563.1620000000034
  endloop
endfacet
facet normal -6.460183422676835e-15 1.0 2.7147785690856273e-14
  outer loop
    vertex 1880.9696978093978 185.5000049178129 585.616423259052
    vertex 1879.9278087433963 185.5000049178129 585.616423259052
    vertex 1880.4487532763972 185.5000049178129 585.6620000000152
  endloop
endfacet
facet normal -6.460183422676835e-15 1.0 2.7147785690856273e-14
  outer loop
    vertex 1879.9278087433963 185.5000049178129 585.616423259052
    vertex 1880.9696978093978 185.5000049178129 585.616423259052
    vertex 1881.474813706374 185.5000049178129 585.4810778623731
  endloop
endfacet
facet normal -6.460183422676835e-15 1.0 2.7147785690856273e-14
  outer loop
    vertex 1879.9278087433963 185.5000049178129 585.616423259052
    vertex 1881.474813706374 185.5000049178129 585.4810778623731
    vertex 1879.4226928464202 185.5000049178129 585.4810778623732
  endloop
endfacet
facet normal -6.460183422676835e-15 1.0 2.7147785690856273e-14
  outer loop
    vertex 1879.4226928464202 185.5000049178129 585.4810778623732
    vertex 1881.474813706374 185.5000049178129 585.4810778623731
    vertex 1881.9487532763972 185.50000491781282 585.2600762113684
  endloop
endfacet
facet normal -6.460183422676835e-15 1.0 2.7147785690856273e-14
  outer loop
    vertex 1879.4226928464202 185.5000049178129 585.4810778623732
    vertex 1881.9487532763972 185.50000491781282 585.2600762113684
    vertex 1878.9487532763972 185.50000491781282 585.2600762113686
  endloop
endfacet
facet normal -6.460183422676835e-15 1.0 2.7147785690856273e-14
  outer loop
    vertex 1878.9487532763972 185.50000491781282 585.2600762113686
    vertex 1881.9487532763972 185.50000491781282 585.2600762113684
    vertex 1880.4487532763972 185.50000491781302 585.2120000000149
  endloop
endfacet
facet normal -6.460183422676835e-15 1.0 2.7147785690856273e-14
  outer loop
    vertex 1880.4487532763972 185.50000491781302 585.2120000000149
    vertex 1881.9487532763972 185.50000491781282 585.2600762113684
    vertex 1880.8915561294475 185.50000491781302 585.1732597701964
  endloop
endfacet
facet normal -6.460183422676835e-15 1.0 2.7147785690856273e-14
  outer loop
    vertex 1880.8915561294475 185.50000491781302 585.1732597701964
    vertex 1881.9487532763972 185.50000491781282 585.2600762113684
    vertex 1882.3771161054567 185.50000491781293 584.9601333293721
  endloop
endfacet
facet normal -6.460183422676835e-15 1.0 2.7147785690856273e-14
  outer loop
    vertex 1880.8915561294475 185.50000491781302 585.1732597701964
    vertex 1882.3771161054567 185.50000491781293 584.9601333293721
    vertex 1881.3209046418774 185.50000491781302 585.0582161830192
  endloop
endfacet
facet normal -6.460183422676835e-15 1.0 2.7147785690856273e-14
  outer loop
    vertex 1881.3209046418774 185.50000491781302 585.0582161830192
    vertex 1882.3771161054567 185.50000491781293 584.9601333293721
    vertex 1881.7237532763968 185.5000049178131 584.8703647796652
  endloop
endfacet
facet normal -6.460183422676835e-15 1.0 2.7147785690856273e-14
  outer loop
    vertex 1881.7237532763968 185.5000049178131 584.8703647796652
    vertex 1882.3771161054567 185.50000491781293 584.9601333293721
    vertex 1882.746886605754 185.50000491781296 584.5903628290747
  endloop
endfacet
facet normal -6.460183422676835e-15 1.0 2.7147785690856273e-14
  outer loop
    vertex 1881.7237532763968 185.5000049178131 584.8703647796652
    vertex 1882.746886605754 185.50000491781296 584.5903628290747
    vertex 1882.0878616810976 185.50000491781313 584.6154133299684
  endloop
endfacet
facet normal -6.460183422676835e-15 1.0 2.7147785690856273e-14
  outer loop
    vertex 1882.0878616810976 185.50000491781313 584.6154133299684
    vertex 1882.746886605754 185.50000491781296 584.5903628290747
    vertex 1882.4021666063504 185.50000491781287 584.3011084047157
  endloop
endfacet
facet normal -6.460183422676835e-15 1.0 2.7147785690856273e-14
  outer loop
    vertex 1882.4021666063504 185.50000491781287 584.3011084047157
    vertex 1882.746886605754 185.50000491781296 584.5903628290747
    vertex 1883.0468294877503 185.5000049178128 584.1620000000152
  endloop
endfacet
facet normal -6.460183422676835e-15 1.0 2.7147785690856273e-14
  outer loop
    vertex 1882.4021666063504 185.50000491781287 584.3011084047157
    vertex 1883.0468294877503 185.5000049178128 584.1620000000152
    vertex 1882.657118056047 185.5000049178128 583.9370000000152
  endloop
endfacet
facet normal -6.460183422676835e-15 1.0 2.7147785690856273e-14
  outer loop
    vertex 1882.657118056047 185.5000049178128 583.9370000000152
    vertex 1883.0468294877503 185.5000049178128 584.1620000000152
    vertex 1883.2678311387547 185.50000491781287 583.6880604299922
  endloop
endfacet
facet normal -6.460183422676835e-15 1.0 2.7147785690856273e-14
  outer loop
    vertex 1882.657118056047 185.5000049178128 583.9370000000152
    vertex 1883.2678311387547 185.50000491781287 583.6880604299922
    vertex 1882.8449694594008 185.50000491781287 583.5341513654952
  endloop
endfacet
facet normal -6.460183422676835e-15 1.0 2.7147785690856273e-14
  outer loop
    vertex 1882.8449694594008 185.50000491781287 583.5341513654952
    vertex 1883.2678311387547 185.50000491781287 583.6880604299922
    vertex 1883.403176535433 185.500004917813 583.1829445330158
  endloop
endfacet
facet normal -6.460183422676835e-15 1.0 2.7147785690856273e-14
  outer loop
    vertex 1882.8449694594008 185.50000491781287 583.5341513654952
    vertex 1883.403176535433 185.500004917813 583.1829445330158
    vertex 1882.9600130465776 185.500004917813 583.1048028530657
  endloop
endfacet
facet normal -6.460183422676835e-15 1.0 2.7147785690856273e-14
  outer loop
    vertex 1882.9600130465776 185.500004917813 583.1048028530657
    vertex 1883.403176535433 185.500004917813 583.1829445330158
    vertex 1883.4487532763965 185.5000049178129 582.6620000000152
  endloop
endfacet
facet normal -6.460183422676835e-15 1.0 2.7147785690856273e-14
  outer loop
    vertex 1882.9600130465776 185.500004917813 583.1048028530657
    vertex 1883.4487532763965 185.5000049178129 582.6620000000152
    vertex 1882.9987532763967 185.5000049178129 582.6620000000152
  endloop
endfacet
facet normal -6.460183422676835e-15 1.0 2.7147785690856273e-14
  outer loop
    vertex 1882.9987532763967 185.5000049178129 582.6620000000152
    vertex 1883.4487532763965 185.5000049178129 582.6620000000152
    vertex 1883.403176535433 185.50000491781302 582.1410554670142
  endloop
endfacet
facet normal -6.460183422676835e-15 1.0 2.7147785690856273e-14
  outer loop
    vertex 1882.9987532763967 185.5000049178129 582.6620000000152
    vertex 1883.403176535433 185.50000491781302 582.1410554670142
    vertex 1882.9600130465776 185.50000491781302 582.2191971469642
  endloop
endfacet
facet normal -6.460183422676835e-15 1.0 2.7147785690856273e-14
  outer loop
    vertex 1882.9600130465776 185.50000491781302 582.2191971469642
    vertex 1883.403176535433 185.50000491781302 582.1410554670142
    vertex 1882.8449694594003 185.50000491781293 581.7898486345343
  endloop
endfacet
facet normal -6.460183422676835e-15 1.0 2.7147785690856273e-14
  outer loop
    vertex 1882.8449694594003 185.50000491781293 581.7898486345343
    vertex 1883.403176535433 185.50000491781302 582.1410554670142
    vertex 1883.2678311387551 185.50000491781302 581.6359395700381
  endloop
endfacet
facet normal -6.460183422676835e-15 1.0 2.7147785690856273e-14
  outer loop
    vertex 1882.8449694594003 185.50000491781293 581.7898486345343
    vertex 1883.2678311387551 185.50000491781302 581.6359395700381
    vertex 1882.6571180560475 185.50000491781302 581.3870000000152
  endloop
endfacet
facet normal -6.460183422676835e-15 1.0 2.7147785690856273e-14
  outer loop
    vertex 1882.6571180560475 185.50000491781302 581.3870000000152
    vertex 1883.2678311387551 185.50000491781302 581.6359395700381
    vertex 1883.04682948775 185.50000491781296 581.1620000000152
  endloop
endfacet
facet normal -6.460183422676835e-15 1.0 2.7147785690856273e-14
  outer loop
    vertex 1882.6571180560475 185.50000491781302 581.3870000000152
    vertex 1883.04682948775 185.50000491781296 581.1620000000152
    vertex 1882.40216660635 185.50000491781296 581.0228915953145
  endloop
endfacet
facet normal -6.460183422676835e-15 1.0 2.7147785690856273e-14
  outer loop
    vertex 1882.40216660635 185.50000491781296 581.0228915953145
    vertex 1883.04682948775 185.50000491781296 581.1620000000152
    vertex 1882.7468866057536 185.50000491781304 580.7336371709556
  endloop
endfacet
facet normal -6.460183422676835e-15 1.0 2.7147785690856273e-14
  outer loop
    vertex 1882.40216660635 185.50000491781296 581.0228915953145
    vertex 1882.7468866057536 185.50000491781304 580.7336371709556
    vertex 1882.0878616810971 185.50000491781296 580.7085866700618
  endloop
endfacet
facet normal -6.460183422676835e-15 1.0 2.7147785690856273e-14
  outer loop
    vertex 1882.0878616810971 185.50000491781296 580.7085866700618
    vertex 1882.7468866057536 185.50000491781304 580.7336371709556
    vertex 1882.3771161054567 185.50000491781304 580.3638666706584
  endloop
endfacet
facet normal -6.460183422676835e-15 1.0 2.7147785690856273e-14
  outer loop
    vertex 1882.0878616810971 185.50000491781296 580.7085866700618
    vertex 1882.3771161054567 185.50000491781304 580.3638666706584
    vertex 1881.7237532763972 185.50000491781296 580.4536352203648
  endloop
endfacet
facet normal -6.460183422676835e-15 1.0 2.7147785690856273e-14
  outer loop
    vertex 1881.7237532763972 185.50000491781296 580.4536352203648
    vertex 1882.3771161054567 185.50000491781304 580.3638666706584
    vertex 1881.3209046418779 185.50000491781296 580.2657838170111
  endloop
endfacet
facet normal -6.460183422676835e-15 1.0 2.7147785690856273e-14
  outer loop
    vertex 1881.3209046418779 185.50000491781296 580.2657838170111
    vertex 1882.3771161054567 185.50000491781304 580.3638666706584
    vertex 1881.9487532763972 185.500004917813 580.0639237886617
  endloop
endfacet
facet normal -6.460183422676835e-15 1.0 2.7147785690856273e-14
  outer loop
    vertex 1881.3209046418779 185.50000491781296 580.2657838170111
    vertex 1881.9487532763972 185.500004917813 580.0639237886617
    vertex 1880.891556129448 185.50000491781296 580.1507402298342
  endloop
endfacet
facet normal -6.460183422676835e-15 1.0 2.7147785690856273e-14
  outer loop
    vertex 1880.891556129448 185.50000491781296 580.1507402298342
    vertex 1881.9487532763972 185.500004917813 580.0639237886617
    vertex 1880.4487532763972 185.50000491781296 580.112000000015
  endloop
endfacet
facet normal -6.460183422676835e-15 1.0 2.7147785690856273e-14
  outer loop
    vertex 1878.9487532763972 185.50000491781282 585.2600762113686
    vertex 1880.0059504233463 185.50000491781302 585.1732597701965
    vertex 1878.5203904473371 185.50000491781282 584.9601333293724
  endloop
endfacet
facet normal -6.460183422676835e-15 1.0 2.7147785690856273e-14
  outer loop
    vertex 1880.0059504233463 185.50000491781302 585.1732597701965
    vertex 1878.9487532763972 185.50000491781282 585.2600762113686
    vertex 1880.4487532763972 185.50000491781302 585.2120000000149
  endloop
endfacet
facet normal -6.460183422676835e-15 1.0 2.7147785690856273e-14
  outer loop
    vertex 1878.5203904473371 185.50000491781282 584.9601333293724
    vertex 1880.0059504233463 185.50000491781302 585.1732597701965
    vertex 1879.5766019109165 185.50000491781302 585.0582161830193
  endloop
endfacet
facet normal -6.460183422676835e-15 1.0 2.7147785690856273e-14
  outer loop
    vertex 1878.5203904473371 185.50000491781282 584.9601333293724
    vertex 1879.5766019109165 185.50000491781302 585.0582161830193
    vertex 1879.173753276397 185.50000491781302 584.8703647796655
  endloop
endfacet
facet normal -6.460183422676835e-15 1.0 2.7147785690856273e-14
  outer loop
    vertex 1878.5203904473371 185.50000491781282 584.9601333293724
    vertex 1879.173753276397 185.50000491781302 584.8703647796655
    vertex 1878.15061994704 185.50000491781293 584.590362829075
  endloop
endfacet
facet normal -6.460183422676835e-15 1.0 2.7147785690856273e-14
  outer loop
    vertex 1878.15061994704 185.50000491781293 584.590362829075
    vertex 1879.173753276397 185.50000491781302 584.8703647796655
    vertex 1878.8096448716965 185.5000049178131 584.6154133299686
  endloop
endfacet
facet normal -6.460183422676835e-15 1.0 2.7147785690856273e-14
  outer loop
    vertex 1878.15061994704 185.50000491781293 584.590362829075
    vertex 1878.8096448716965 185.5000049178131 584.6154133299686
    vertex 1878.4953399464437 185.50000491781287 584.3011084047159
  endloop
endfacet
facet normal -6.460183422676835e-15 1.0 2.7147785690856273e-14
  outer loop
    vertex 1878.15061994704 185.50000491781293 584.590362829075
    vertex 1878.4953399464437 185.50000491781287 584.3011084047159
    vertex 1877.8506770650436 185.50000491781287 584.1620000000154
  endloop
endfacet
facet normal -6.460183422676835e-15 1.0 2.7147785690856273e-14
  outer loop
    vertex 1877.8506770650436 185.50000491781287 584.1620000000154
    vertex 1878.4953399464437 185.50000491781287 584.3011084047159
    vertex 1878.2403884967466 185.50000491781287 583.9370000000152
  endloop
endfacet
facet normal -6.460183422676835e-15 1.0 2.7147785690856273e-14
  outer loop
    vertex 1877.8506770650436 185.50000491781287 584.1620000000154
    vertex 1878.2403884967466 185.50000491781287 583.9370000000152
    vertex 1877.629675414039 185.50000491781287 583.6880604299927
  endloop
endfacet
facet normal -6.460183422676835e-15 1.0 2.7147785690856273e-14
  outer loop
    vertex 1877.629675414039 185.50000491781287 583.6880604299927
    vertex 1878.2403884967466 185.50000491781287 583.9370000000152
    vertex 1878.0525370933926 185.50000491781287 583.5341513654957
  endloop
endfacet
facet normal -6.460183422676835e-15 1.0 2.7147785690856273e-14
  outer loop
    vertex 1877.629675414039 185.50000491781287 583.6880604299927
    vertex 1878.0525370933926 185.50000491781287 583.5341513654957
    vertex 1877.4943300173597 185.50000491781287 583.1829445330162
  endloop
endfacet
facet normal -6.460183422676835e-15 1.0 2.7147785690856273e-14
  outer loop
    vertex 1877.4943300173597 185.50000491781287 583.1829445330162
    vertex 1878.0525370933926 185.50000491781287 583.5341513654957
    vertex 1877.9374935062153 185.5000049178129 583.1048028530662
  endloop
endfacet
facet normal -6.460183422676835e-15 1.0 2.7147785690856273e-14
  outer loop
    vertex 1877.4943300173597 185.50000491781287 583.1829445330162
    vertex 1877.9374935062153 185.5000049178129 583.1048028530662
    vertex 1877.4487532763965 185.5000049178129 582.6620000000156
  endloop
endfacet
facet normal -6.460183422676835e-15 1.0 2.7147785690856273e-14
  outer loop
    vertex 1877.4487532763965 185.5000049178129 582.6620000000156
    vertex 1877.9374935062153 185.5000049178129 583.1048028530662
    vertex 1877.8987532763967 185.5000049178129 582.6620000000153
  endloop
endfacet
facet normal -6.460183422676835e-15 1.0 2.7147785690856273e-14
  outer loop
    vertex 1877.4487532763965 185.5000049178129 582.6620000000156
    vertex 1877.8987532763967 185.5000049178129 582.6620000000153
    vertex 1877.4943300173597 185.50000491781302 582.1410554670147
  endloop
endfacet
facet normal -6.460183422676835e-15 1.0 2.7147785690856273e-14
  outer loop
    vertex 1877.4943300173597 185.50000491781302 582.1410554670147
    vertex 1877.8987532763967 185.5000049178129 582.6620000000153
    vertex 1877.9374935062153 185.5000049178129 582.2191971469648
  endloop
endfacet
facet normal -6.460183422676835e-15 1.0 2.7147785690856273e-14
  outer loop
    vertex 1877.4943300173597 185.50000491781302 582.1410554670147
    vertex 1877.9374935062153 185.5000049178129 582.2191971469648
    vertex 1878.0525370933922 185.5000049178129 581.7898486345349
  endloop
endfacet
facet normal -6.460183422676835e-15 1.0 2.7147785690856273e-14
  outer loop
    vertex 1877.4943300173597 185.50000491781302 582.1410554670147
    vertex 1878.0525370933922 185.5000049178129 581.7898486345349
    vertex 1877.6296754140394 185.5000049178129 581.6359395700384
  endloop
endfacet
facet normal -6.460183422676835e-15 1.0 2.7147785690856273e-14
  outer loop
    vertex 1877.6296754140394 185.5000049178129 581.6359395700384
    vertex 1878.0525370933922 185.5000049178129 581.7898486345349
    vertex 1878.2403884967468 185.50000491781293 581.3870000000154
  endloop
endfacet
facet normal -6.460183422676835e-15 1.0 2.7147785690856273e-14
  outer loop
    vertex 1877.6296754140394 185.5000049178129 581.6359395700384
    vertex 1878.2403884967468 185.50000491781293 581.3870000000154
    vertex 1877.8506770650433 185.50000491781293 581.1620000000153
  endloop
endfacet
facet normal -6.460183422676835e-15 1.0 2.7147785690856273e-14
  outer loop
    vertex 1877.8506770650433 185.50000491781293 581.1620000000153
    vertex 1878.2403884967468 185.50000491781293 581.3870000000154
    vertex 1878.4953399464432 185.50000491781296 581.0228915953147
  endloop
endfacet
facet normal -6.460183422676835e-15 1.0 2.7147785690856273e-14
  outer loop
    vertex 1877.8506770650433 185.50000491781293 581.1620000000153
    vertex 1878.4953399464432 185.50000491781296 581.0228915953147
    vertex 1878.1506199470396 185.50000491781296 580.733637170956
  endloop
endfacet
facet normal -6.460183422676835e-15 1.0 2.7147785690856273e-14
  outer loop
    vertex 1878.1506199470396 185.50000491781296 580.733637170956
    vertex 1878.4953399464432 185.50000491781296 581.0228915953147
    vertex 1878.809644871696 185.50000491781296 580.708586670062
  endloop
endfacet
facet normal -6.460183422676835e-15 1.0 2.7147785690856273e-14
  outer loop
    vertex 1878.1506199470396 185.50000491781296 580.733637170956
    vertex 1878.809644871696 185.50000491781296 580.708586670062
    vertex 1878.5203904473376 185.50000491781304 580.3638666706586
  endloop
endfacet
facet normal -6.460183422676835e-15 1.0 2.7147785690856273e-14
  outer loop
    vertex 1878.5203904473376 185.50000491781304 580.3638666706586
    vertex 1878.809644871696 185.50000491781296 580.708586670062
    vertex 1879.173753276397 185.50000491781296 580.453635220365
  endloop
endfacet
facet normal -6.460183422676835e-15 1.0 2.7147785690856273e-14
  outer loop
    vertex 1878.5203904473376 185.50000491781304 580.3638666706586
    vertex 1879.173753276397 185.50000491781296 580.453635220365
    vertex 1879.576601910917 185.50000491781287 580.2657838170112
  endloop
endfacet
facet normal -6.460183422676835e-15 1.0 2.7147785690856273e-14
  outer loop
    vertex 1878.5203904473376 185.50000491781304 580.3638666706586
    vertex 1879.576601910917 185.50000491781287 580.2657838170112
    vertex 1878.9487532763972 185.50000491781296 580.063923788662
  endloop
endfacet
facet normal -6.460183422676835e-15 1.0 2.7147785690856273e-14
  outer loop
    vertex 1878.9487532763972 185.50000491781296 580.063923788662
    vertex 1879.576601910917 185.50000491781287 580.2657838170112
    vertex 1880.0059504233463 185.50000491781296 580.1507402298344
  endloop
endfacet
facet normal -6.460183422676835e-15 1.0 2.7147785690856273e-14
  outer loop
    vertex 1878.9487532763972 185.50000491781296 580.063923788662
    vertex 1880.0059504233463 185.50000491781296 580.1507402298344
    vertex 1880.4487532763972 185.50000491781296 580.112000000015
  endloop
endfacet
facet normal -6.460183422676835e-15 1.0 2.7147785690856273e-14
  outer loop
    vertex 1878.9487532763972 185.50000491781296 580.063923788662
    vertex 1880.4487532763972 185.50000491781296 580.112000000015
    vertex 1881.9487532763972 185.500004917813 580.0639237886617
  endloop
endfacet
facet normal -6.460183422676835e-15 1.0 2.7147785690856273e-14
  outer loop
    vertex 1878.9487532763972 185.50000491781296 580.063923788662
    vertex 1881.9487532763972 185.500004917813 580.0639237886617
    vertex 1881.474813706374 185.50000491781307 579.8429221376575
  endloop
endfacet
facet normal -6.460183422676835e-15 1.0 2.7147785690856273e-14
  outer loop
    vertex 1878.9487532763972 185.50000491781296 580.063923788662
    vertex 1881.474813706374 185.50000491781307 579.8429221376575
    vertex 1879.4226928464202 185.500004917813 579.8429221376575
  endloop
endfacet
facet normal -6.460183422676835e-15 1.0 2.7147785690856273e-14
  outer loop
    vertex 1879.4226928464202 185.500004917813 579.8429221376575
    vertex 1881.474813706374 185.50000491781307 579.8429221376575
    vertex 1880.9696978093978 185.50000491781307 579.7075767409787
  endloop
endfacet
facet normal -6.460183422676835e-15 1.0 2.7147785690856273e-14
  outer loop
    vertex 1879.4226928464202 185.500004917813 579.8429221376575
    vertex 1880.9696978093978 185.50000491781307 579.7075767409787
    vertex 1879.9278087433963 185.50000491781307 579.7075767409788
  endloop
endfacet
facet normal -6.460183422676835e-15 1.0 2.7147785690856273e-14
  outer loop
    vertex 1879.9278087433963 185.50000491781307 579.7075767409788
    vertex 1880.9696978093978 185.50000491781307 579.7075767409787
    vertex 1880.4487532763972 185.50000491781307 579.6620000000152
  endloop
endfacet
facet normal 0.08715574274765955 1.5322988457985989e-13 0.9961946980917455
  outer loop
    vertex 1880.9696978093978 185.00000491781293 585.616423259052
    vertex 1880.4487532763972 185.5000049178129 585.6620000000152
    vertex 1880.4487532763972 185.00000491781293 585.6620000000154
  endloop
endfacet
facet normal 0.08715574274765955 1.5322988457985989e-13 0.9961946980917455
  outer loop
    vertex 1880.4487532763972 185.5000049178129 585.6620000000152
    vertex 1880.9696978093978 185.00000491781293 585.616423259052
    vertex 1880.9696978093978 185.5000049178129 585.616423259052
  endloop
endfacet
facet normal 0.25881904510242865 -1.997702269320108e-13 0.9659258262890931
  outer loop
    vertex 1881.474813706374 185.00000491781293 585.4810778623729
    vertex 1880.9696978093978 185.5000049178129 585.616423259052
    vertex 1880.9696978093978 185.00000491781293 585.616423259052
  endloop
endfacet
facet normal 0.25881904510242865 -1.997702269320108e-13 0.9659258262890931
  outer loop
    vertex 1880.9696978093978 185.5000049178129 585.616423259052
    vertex 1881.474813706374 185.00000491781293 585.4810778623729
    vertex 1881.474813706374 185.5000049178129 585.4810778623731
  endloop
endfacet
facet normal 0.42261826174106154 -1.8712790159071255e-13 0.9063077870364812
  outer loop
    vertex 1881.9487532763972 185.00000491781293 585.2600762113684
    vertex 1881.474813706374 185.5000049178129 585.4810778623731
    vertex 1881.474813706374 185.00000491781293 585.4810778623729
  endloop
endfacet
facet normal 0.42261826174106154 -1.8712790159071255e-13 0.9063077870364812
  outer loop
    vertex 1881.474813706374 185.5000049178129 585.4810778623731
    vertex 1881.9487532763972 185.00000491781293 585.2600762113684
    vertex 1881.9487532763972 185.50000491781282 585.2600762113684
  endloop
endfacet
facet normal 0.573576436351012 -2.0957317627847686e-14 0.8191520442890158
  outer loop
    vertex 1882.3771161054567 185.00000491781296 584.9601333293721
    vertex 1881.9487532763972 185.50000491781282 585.2600762113684
    vertex 1881.9487532763972 185.00000491781293 585.2600762113684
  endloop
endfacet
facet normal 0.573576436351012 -2.0957317627847686e-14 0.8191520442890158
  outer loop
    vertex 1881.9487532763972 185.50000491781282 585.2600762113684
    vertex 1882.3771161054567 185.00000491781296 584.9601333293721
    vertex 1882.3771161054567 185.50000491781293 584.9601333293721
  endloop
endfacet
facet normal 0.7071067811867274 -8.151719890763212e-14 0.7071067811863676
  outer loop
    vertex 1882.3771161054567 185.00000491781296 584.9601333293721
    vertex 1882.746886605754 185.50000491781296 584.5903628290747
    vertex 1882.3771161054567 185.50000491781293 584.9601333293721
  endloop
endfacet
facet normal 0.7071067811867274 -8.151719890763212e-14 0.7071067811863676
  outer loop
    vertex 1882.746886605754 185.50000491781296 584.5903628290747
    vertex 1882.3771161054567 185.00000491781296 584.9601333293721
    vertex 1882.746886605754 185.000004917813 584.5903628290746
  endloop
endfacet
facet normal 0.8191520442890127 -6.569780099669195e-14 0.5735764363510166
  outer loop
    vertex 1882.746886605754 185.000004917813 584.5903628290746
    vertex 1883.0468294877503 185.5000049178128 584.1620000000152
    vertex 1882.746886605754 185.50000491781296 584.5903628290747
  endloop
endfacet
facet normal 0.8191520442890127 -6.569780099669195e-14 0.5735764363510166
  outer loop
    vertex 1883.0468294877503 185.5000049178128 584.1620000000152
    vertex 1882.746886605754 185.000004917813 584.5903628290746
    vertex 1883.0468294877503 185.0000049178129 584.1620000000152
  endloop
endfacet
facet normal 0.9063077870367396 -9.726708916686173e-15 0.42261826174050693
  outer loop
    vertex 1883.0468294877503 185.5000049178128 584.1620000000152
    vertex 1883.2678311387547 185.000004917813 583.6880604299922
    vertex 1883.2678311387547 185.50000491781287 583.6880604299922
  endloop
endfacet
facet normal 0.9063077870367396 -9.726708916686173e-15 0.42261826174050693
  outer loop
    vertex 1883.2678311387547 185.000004917813 583.6880604299922
    vertex 1883.0468294877503 185.5000049178128 584.1620000000152
    vertex 1883.0468294877503 185.0000049178129 584.1620000000152
  endloop
endfacet
facet normal 0.9659258262891732 -5.242392782333158e-15 0.2588190451021298
  outer loop
    vertex 1883.2678311387547 185.50000491781287 583.6880604299922
    vertex 1883.403176535433 185.00000491781302 583.1829445330158
    vertex 1883.403176535433 185.500004917813 583.1829445330158
  endloop
endfacet
facet normal 0.9659258262891732 -5.242392782333158e-15 0.2588190451021298
  outer loop
    vertex 1883.403176535433 185.00000491781302 583.1829445330158
    vertex 1883.2678311387547 185.50000491781287 583.6880604299922
    vertex 1883.2678311387547 185.000004917813 583.6880604299922
  endloop
endfacet
facet normal 0.996194698091743 -5.754414529205599e-16 0.08715574274768859
  outer loop
    vertex 1883.403176535433 185.00000491781302 583.1829445330158
    vertex 1883.4487532763965 185.5000049178129 582.6620000000152
    vertex 1883.403176535433 185.500004917813 583.1829445330158
  endloop
endfacet
facet normal 0.996194698091743 -5.754414529205599e-16 0.08715574274768859
  outer loop
    vertex 1883.4487532763965 185.5000049178129 582.6620000000152
    vertex 1883.403176535433 185.00000491781302 583.1829445330158
    vertex 1883.4487532763965 185.00000491781302 582.6620000000152
  endloop
endfacet
facet normal 0.9961946980917358 4.091291534636466e-15 -0.08715574274777087
  outer loop
    vertex 1883.4487532763965 185.5000049178129 582.6620000000152
    vertex 1883.403176535433 185.00000491781302 582.1410554670142
    vertex 1883.403176535433 185.50000491781302 582.1410554670142
  endloop
endfacet
facet normal 0.9961946980917358 4.091291534636466e-15 -0.08715574274777087
  outer loop
    vertex 1883.403176535433 185.00000491781302 582.1410554670142
    vertex 1883.4487532763965 185.5000049178129 582.6620000000152
    vertex 1883.4487532763965 185.00000491781302 582.6620000000152
  endloop
endfacet
facet normal 0.965925826289435 8.64557587422607e-15 -0.25881904510115217
  outer loop
    vertex 1883.403176535433 185.00000491781302 582.1410554670142
    vertex 1883.2678311387551 185.50000491781302 581.6359395700381
    vertex 1883.403176535433 185.50000491781302 582.1410554670142
  endloop
endfacet
facet normal 0.965925826289435 8.64557587422607e-15 -0.25881904510115217
  outer loop
    vertex 1883.2678311387551 185.50000491781302 581.6359395700381
    vertex 1883.403176535433 185.00000491781302 582.1410554670142
    vertex 1883.2678311387551 185.00000491781304 581.6359395700381
  endloop
endfacet
facet normal 0.9063077870361508 1.2951224094754367e-14 -0.4226182617417703
  outer loop
    vertex 1883.2678311387551 185.00000491781304 581.6359395700381
    vertex 1883.04682948775 185.50000491781296 581.1620000000152
    vertex 1883.2678311387551 185.50000491781302 581.6359395700381
  endloop
endfacet
facet normal 0.9063077870361508 1.2951224094754367e-14 -0.4226182617417703
  outer loop
    vertex 1883.04682948775 185.50000491781296 581.1620000000152
    vertex 1883.2678311387551 185.00000491781304 581.6359395700381
    vertex 1883.04682948775 185.00000491781307 581.1620000000152
  endloop
endfacet
facet normal 0.819152044289101 6.857782480384294e-14 -0.5735764363508903
  outer loop
    vertex 1883.04682948775 185.50000491781296 581.1620000000152
    vertex 1882.7468866057536 185.00000491781307 580.7336371709554
    vertex 1882.7468866057536 185.50000491781304 580.7336371709556
  endloop
endfacet
facet normal 0.819152044289101 6.857782480384294e-14 -0.5735764363508903
  outer loop
    vertex 1882.7468866057536 185.00000491781307 580.7336371709554
    vertex 1883.04682948775 185.50000491781296 581.1620000000152
    vertex 1883.04682948775 185.00000491781307 581.1620000000152
  endloop
endfacet
facet normal 0.7071067811867128 8.401405147213262e-14 -0.7071067811863824
  outer loop
    vertex 1882.7468866057536 185.00000491781307 580.7336371709554
    vertex 1882.3771161054567 185.50000491781304 580.3638666706584
    vertex 1882.7468866057536 185.50000491781304 580.7336371709556
  endloop
endfacet
facet normal 0.7071067811867128 8.401405147213262e-14 -0.7071067811863824
  outer loop
    vertex 1882.3771161054567 185.50000491781304 580.3638666706584
    vertex 1882.7468866057536 185.00000491781307 580.7336371709554
    vertex 1882.3771161054567 185.00000491781307 580.3638666706584
  endloop
endfacet
facet normal 0.5735764363513581 2.2993621048887676e-14 -0.8191520442887734
  outer loop
    vertex 1882.3771161054567 185.50000491781304 580.3638666706584
    vertex 1881.9487532763972 185.0000049178131 580.0639237886617
    vertex 1881.9487532763972 185.500004917813 580.0639237886617
  endloop
endfacet
facet normal 0.5735764363513581 2.2993621048887676e-14 -0.8191520442887734
  outer loop
    vertex 1881.9487532763972 185.0000049178131 580.0639237886617
    vertex 1882.3771161054567 185.50000491781304 580.3638666706584
    vertex 1882.3771161054567 185.00000491781307 580.3638666706584
  endloop
endfacet
facet normal 0.4226182617406486 1.8862581410480898e-13 -0.9063077870366736
  outer loop
    vertex 1881.9487532763972 185.500004917813 580.0639237886617
    vertex 1881.474813706374 185.0000049178131 579.8429221376572
    vertex 1881.474813706374 185.50000491781307 579.8429221376575
  endloop
endfacet
facet normal 0.4226182617406486 1.8862581410480898e-13 -0.9063077870366736
  outer loop
    vertex 1881.474813706374 185.0000049178131 579.8429221376572
    vertex 1881.9487532763972 185.500004917813 580.0639237886617
    vertex 1881.9487532763972 185.0000049178131 580.0639237886617
  endloop
endfacet
facet normal 0.25881904510196874 2.006841384001425e-13 -0.9659258262892163
  outer loop
    vertex 1881.474813706374 185.50000491781307 579.8429221376575
    vertex 1880.9696978093978 185.0000049178131 579.7075767409787
    vertex 1880.9696978093978 185.50000491781307 579.7075767409787
  endloop
endfacet
facet normal 0.25881904510196874 2.006841384001425e-13 -0.9659258262892163
  outer loop
    vertex 1880.9696978093978 185.0000049178131 579.7075767409787
    vertex 1881.474813706374 185.50000491781307 579.8429221376575
    vertex 1881.474813706374 185.0000049178131 579.8429221376572
  endloop
endfacet
facet normal 0.08715574274785984 -1.5292213043927062e-13 -0.996194698091728
  outer loop
    vertex 1880.9696978093978 185.50000491781307 579.7075767409787
    vertex 1880.4487532763972 185.0000049178131 579.6620000000153
    vertex 1880.4487532763972 185.50000491781307 579.6620000000152
  endloop
endfacet
facet normal 0.08715574274785984 -1.5292213043927062e-13 -0.996194698091728
  outer loop
    vertex 1880.4487532763972 185.0000049178131 579.6620000000153
    vertex 1880.9696978093978 185.50000491781307 579.7075767409787
    vertex 1880.9696978093978 185.0000049178131 579.7075767409787
  endloop
endfacet
facet normal -0.08715574274794212 -1.5322988457992145e-13 -0.9961946980917208
  outer loop
    vertex 1880.4487532763972 185.50000491781307 579.6620000000152
    vertex 1879.9278087433963 185.0000049178131 579.7075767409788
    vertex 1879.9278087433963 185.50000491781307 579.7075767409788
  endloop
endfacet
facet normal -0.08715574274794212 -1.5322988457992145e-13 -0.9961946980917208
  outer loop
    vertex 1879.9278087433963 185.0000049178131 579.7075767409788
    vertex 1880.4487532763972 185.50000491781307 579.6620000000152
    vertex 1880.4487532763972 185.0000049178131 579.6620000000153
  endloop
endfacet
facet normal -0.25881904510244014 2.5454117024153752e-14 -0.96592582628909
  outer loop
    vertex 1879.9278087433963 185.50000491781307 579.7075767409788
    vertex 1879.4226928464202 185.0000049178131 579.8429221376575
    vertex 1879.4226928464202 185.500004917813 579.8429221376575
  endloop
endfacet
facet normal -0.25881904510244014 2.5454117024153752e-14 -0.96592582628909
  outer loop
    vertex 1879.4226928464202 185.0000049178131 579.8429221376575
    vertex 1879.9278087433963 185.50000491781307 579.7075767409788
    vertex 1879.9278087433963 185.0000049178131 579.7075767409788
  endloop
endfacet
facet normal -0.4226182617404947 1.8713070781877563e-13 -0.9063077870367456
  outer loop
    vertex 1879.4226928464202 185.500004917813 579.8429221376575
    vertex 1878.9487532763972 185.00000491781307 580.0639237886617
    vertex 1878.9487532763972 185.50000491781296 580.063923788662
  endloop
endfacet
facet normal -0.4226182617404947 1.8713070781877563e-13 -0.9063077870367456
  outer loop
    vertex 1878.9487532763972 185.00000491781307 580.0639237886617
    vertex 1879.4226928464202 185.500004917813 579.8429221376575
    vertex 1879.4226928464202 185.0000049178131 579.8429221376575
  endloop
endfacet
facet normal -0.573576436351591 1.6881238018587397e-13 -0.8191520442886103
  outer loop
    vertex 1878.9487532763972 185.50000491781296 580.063923788662
    vertex 1878.5203904473376 185.00000491781307 580.3638666706586
    vertex 1878.5203904473376 185.50000491781304 580.3638666706586
  endloop
endfacet
facet normal -0.573576436351591 1.6881238018587397e-13 -0.8191520442886103
  outer loop
    vertex 1878.5203904473376 185.00000491781307 580.3638666706586
    vertex 1878.9487532763972 185.50000491781296 580.063923788662
    vertex 1878.9487532763972 185.00000491781307 580.0639237886617
  endloop
endfacet
facet normal -0.7071067811859078 1.7712535951973415e-14 -0.7071067811871873
  outer loop
    vertex 1878.5203904473376 185.50000491781304 580.3638666706586
    vertex 1878.1506199470396 185.00000491781307 580.733637170956
    vertex 1878.1506199470396 185.50000491781296 580.733637170956
  endloop
endfacet
facet normal -0.7071067811859078 1.7712535951973415e-14 -0.7071067811871873
  outer loop
    vertex 1878.1506199470396 185.00000491781307 580.733637170956
    vertex 1878.5203904473376 185.50000491781304 580.3638666706586
    vertex 1878.5203904473376 185.00000491781307 580.3638666706586
  endloop
endfacet
facet normal -0.819152044289041 -8.958195878200195e-14 -0.573576436350976
  outer loop
    vertex 1878.1506199470396 185.00000491781307 580.733637170956
    vertex 1877.8506770650433 185.50000491781293 581.1620000000153
    vertex 1878.1506199470396 185.50000491781296 580.733637170956
  endloop
endfacet
facet normal -0.819152044289041 -8.958195878200195e-14 -0.573576436350976
  outer loop
    vertex 1877.8506770650433 185.50000491781293 581.1620000000153
    vertex 1878.1506199470396 185.00000491781307 580.733637170956
    vertex 1877.8506770650433 185.00000491781296 581.1620000000155
  endloop
endfacet
facet normal -0.9063077870370041 9.750976292480927e-15 -0.42261826173993994
  outer loop
    vertex 1877.8506770650433 185.00000491781296 581.1620000000155
    vertex 1877.6296754140394 185.5000049178129 581.6359395700384
    vertex 1877.8506770650433 185.50000491781293 581.1620000000153
  endloop
endfacet
facet normal -0.9063077870370041 9.750976292480927e-15 -0.42261826173993994
  outer loop
    vertex 1877.6296754140394 185.5000049178129 581.6359395700384
    vertex 1877.8506770650433 185.00000491781296 581.1620000000155
    vertex 1877.6296754140394 185.00000491781302 581.6359395700383
  endloop
endfacet
facet normal -0.9659258262887876 7.530711107307247e-14 -0.25881904510356885
  outer loop
    vertex 1877.6296754140394 185.5000049178129 581.6359395700384
    vertex 1877.4943300173597 185.00000491781302 582.1410554670146
    vertex 1877.4943300173597 185.50000491781302 582.1410554670147
  endloop
endfacet
facet normal -0.9659258262887876 7.530711107307247e-14 -0.25881904510356885
  outer loop
    vertex 1877.4943300173597 185.00000491781302 582.1410554670146
    vertex 1877.6296754140394 185.5000049178129 581.6359395700384
    vertex 1877.6296754140394 185.00000491781302 581.6359395700383
  endloop
endfacet
facet normal -0.9961946980917482 1.6300815649529032e-14 -0.08715574274762865
  outer loop
    vertex 1877.4943300173597 185.00000491781302 582.1410554670146
    vertex 1877.4487532763965 185.5000049178129 582.6620000000156
    vertex 1877.4943300173597 185.50000491781302 582.1410554670147
  endloop
endfacet
facet normal -0.9961946980917482 1.6300815649529032e-14 -0.08715574274762865
  outer loop
    vertex 1877.4487532763965 185.5000049178129 582.6620000000156
    vertex 1877.4943300173597 185.00000491781302 582.1410554670146
    vertex 1877.4487532763965 185.00000491781293 582.6620000000155
  endloop
endfacet
facet normal -0.9961946980917306 -1.982921214533956e-14 0.0871557427478308
  outer loop
    vertex 1877.4487532763965 185.00000491781293 582.6620000000155
    vertex 1877.4943300173597 185.50000491781287 583.1829445330162
    vertex 1877.4487532763965 185.5000049178129 582.6620000000156
  endloop
endfacet
facet normal -0.9961946980917306 -1.982921214533956e-14 0.0871557427478308
  outer loop
    vertex 1877.4943300173597 185.50000491781287 583.1829445330162
    vertex 1877.4487532763965 185.00000491781293 582.6620000000155
    vertex 1877.4943300173597 185.000004917813 583.1829445330161
  endloop
endfacet
facet normal -0.9659258262891304 -7.871553937988218e-14 0.2588190451022892
  outer loop
    vertex 1877.4943300173597 185.000004917813 583.1829445330161
    vertex 1877.629675414039 185.50000491781287 583.6880604299927
    vertex 1877.4943300173597 185.50000491781287 583.1829445330162
  endloop
endfacet
facet normal -0.9659258262891304 -7.871553937988218e-14 0.2588190451022892
  outer loop
    vertex 1877.629675414039 185.50000491781287 583.6880604299927
    vertex 1877.4943300173597 185.000004917813 583.1829445330161
    vertex 1877.629675414039 185.0000049178129 583.6880604299923
  endloop
endfacet
facet normal -0.906307787036415 -1.2935375402641798e-14 0.42261826174120315
  outer loop
    vertex 1877.629675414039 185.0000049178129 583.6880604299923
    vertex 1877.8506770650436 185.50000491781287 584.1620000000154
    vertex 1877.629675414039 185.50000491781287 583.6880604299927
  endloop
endfacet
facet normal -0.906307787036415 -1.2935375402641798e-14 0.42261826174120315
  outer loop
    vertex 1877.8506770650436 185.50000491781287 584.1620000000154
    vertex 1877.629675414039 185.0000049178129 583.6880604299923
    vertex 1877.8506770650436 185.000004917813 584.1620000000155
  endloop
endfacet
facet normal -0.8191520442890725 8.670042267574392e-14 0.5735764363509308
  outer loop
    vertex 1877.8506770650436 185.50000491781287 584.1620000000154
    vertex 1878.15061994704 185.00000491781296 584.590362829075
    vertex 1878.15061994704 185.50000491781293 584.590362829075
  endloop
endfacet
facet normal -0.8191520442890725 8.670042267574392e-14 0.5735764363509308
  outer loop
    vertex 1878.15061994704 185.00000491781296 584.590362829075
    vertex 1877.8506770650436 185.50000491781287 584.1620000000154
    vertex 1877.8506770650436 185.000004917813 584.1620000000155
  endloop
endfacet
facet normal -0.7071067811864971 -2.0209388516555804e-14 0.7071067811865981
  outer loop
    vertex 1878.5203904473371 185.00000491781293 584.9601333293724
    vertex 1878.15061994704 185.50000491781293 584.590362829075
    vertex 1878.15061994704 185.00000491781296 584.590362829075
  endloop
endfacet
facet normal -0.7071067811864971 -2.0209388516555804e-14 0.7071067811865981
  outer loop
    vertex 1878.15061994704 185.50000491781293 584.590362829075
    vertex 1878.5203904473371 185.00000491781293 584.9601333293724
    vertex 1878.5203904473371 185.50000491781282 584.9601333293724
  endloop
endfacet
facet normal -0.5735764363504547 -1.708067081234431e-13 0.8191520442894058
  outer loop
    vertex 1878.9487532763972 185.00000491781284 585.2600762113684
    vertex 1878.5203904473371 185.50000491781282 584.9601333293724
    vertex 1878.5203904473371 185.00000491781293 584.9601333293724
  endloop
endfacet
facet normal -0.5735764363504547 -1.708067081234431e-13 0.8191520442894058
  outer loop
    vertex 1878.5203904473371 185.50000491781282 584.9601333293724
    vertex 1878.9487532763972 185.00000491781284 585.2600762113684
    vertex 1878.9487532763972 185.50000491781282 585.2600762113686
  endloop
endfacet
facet normal -0.4226182617412156 -1.8860154672863584e-13 0.9063077870364094
  outer loop
    vertex 1879.4226928464202 185.00000491781293 585.4810778623732
    vertex 1878.9487532763972 185.50000491781282 585.2600762113686
    vertex 1878.9487532763972 185.00000491781284 585.2600762113684
  endloop
endfacet
facet normal -0.4226182617412156 -1.8860154672863584e-13 0.9063077870364094
  outer loop
    vertex 1878.9487532763972 185.50000491781282 585.2600762113686
    vertex 1879.4226928464202 185.00000491781293 585.4810778623732
    vertex 1879.4226928464202 185.5000049178129 585.4810778623732
  endloop
endfacet
facet normal -0.25881904510230225 -2.6358111826310553e-14 0.9659258262891268
  outer loop
    vertex 1879.9278087433963 185.00000491781293 585.616423259052
    vertex 1879.4226928464202 185.5000049178129 585.4810778623732
    vertex 1879.4226928464202 185.00000491781293 585.4810778623732
  endloop
endfacet
facet normal -0.25881904510230225 -2.6358111826310553e-14 0.9659258262891268
  outer loop
    vertex 1879.4226928464202 185.5000049178129 585.4810778623732
    vertex 1879.9278087433963 185.00000491781293 585.616423259052
    vertex 1879.9278087433963 185.5000049178129 585.616423259052
  endloop
endfacet
facet normal -0.08715574274745741 1.5292648557756605e-13 0.9961946980917632
  outer loop
    vertex 1880.4487532763972 185.00000491781293 585.6620000000154
    vertex 1879.9278087433963 185.5000049178129 585.616423259052
    vertex 1879.9278087433963 185.00000491781293 585.616423259052
  endloop
endfacet
facet normal -0.08715574274745741 1.5292648557756605e-13 0.9961946980917632
  outer loop
    vertex 1879.9278087433963 185.5000049178129 585.616423259052
    vertex 1880.4487532763972 185.00000491781293 585.6620000000154
    vertex 1880.4487532763972 185.5000049178129 585.6620000000152
  endloop
endfacet
facet normal -0.9961946980917101 -5.03960764277379e-15 -0.08715574274806331
  outer loop
    vertex 1882.9987532763967 185.5000049178129 582.6620000000152
    vertex 1882.9600130465776 184.10000491781238 583.1048028530658
    vertex 1882.9600130465776 185.500004917813 583.1048028530657
  endloop
endfacet
facet normal -0.9961946980917101 -5.03960764277379e-15 -0.08715574274806331
  outer loop
    vertex 1882.9600130465776 184.10000491781238 583.1048028530658
    vertex 1882.9987532763967 185.5000049178129 582.6620000000152
    vertex 1882.9987532763967 184.10000491781233 582.6620000000152
  endloop
endfacet
facet normal -0.9961946980917008 1.5226122547941492e-15 0.08715574274817027
  outer loop
    vertex 1882.9600130465776 184.1000049178124 582.2191971469643
    vertex 1882.9987532763967 185.5000049178129 582.6620000000152
    vertex 1882.9600130465776 185.50000491781302 582.2191971469642
  endloop
endfacet
facet normal -0.9961946980917008 1.5226122547941492e-15 0.08715574274817027
  outer loop
    vertex 1882.9987532763967 185.5000049178129 582.6620000000152
    vertex 1882.9600130465776 184.1000049178124 582.2191971469643
    vertex 1882.9987532763967 184.10000491781233 582.6620000000152
  endloop
endfacet
facet normal -0.9659258262889735 5.808274763876516e-14 0.25881904510287446
  outer loop
    vertex 1882.8449694594003 185.50000491781293 581.7898486345343
    vertex 1882.9600130465776 184.1000049178124 582.2191971469643
    vertex 1882.9600130465776 185.50000491781302 582.2191971469642
  endloop
endfacet
facet normal -0.9659258262889735 5.808274763876516e-14 0.25881904510287446
  outer loop
    vertex 1882.9600130465776 184.1000049178124 582.2191971469643
    vertex 1882.8449694594003 185.50000491781293 581.7898486345343
    vertex 1882.8449694594003 184.10000491781236 581.7898486345349
  endloop
endfacet
facet normal -0.9063077870372601 1.2326849335886558e-13 0.42261826173939115
  outer loop
    vertex 1882.6571180560475 184.10000491781244 581.3870000000154
    vertex 1882.8449694594003 185.50000491781293 581.7898486345343
    vertex 1882.6571180560475 185.50000491781302 581.3870000000152
  endloop
endfacet
facet normal -0.9063077870372601 1.2326849335886558e-13 0.42261826173939115
  outer loop
    vertex 1882.8449694594003 185.50000491781293 581.7898486345343
    vertex 1882.6571180560475 184.10000491781244 581.3870000000154
    vertex 1882.8449694594003 184.10000491781236 581.7898486345349
  endloop
endfacet
facet normal -0.8191520442884817 9.408378648862272e-14 0.5735764363517747
  outer loop
    vertex 1882.40216660635 185.50000491781296 581.0228915953145
    vertex 1882.6571180560475 184.10000491781244 581.3870000000154
    vertex 1882.6571180560475 185.50000491781302 581.3870000000152
  endloop
endfacet
facet normal -0.8191520442884817 9.408378648862272e-14 0.5735764363517747
  outer loop
    vertex 1882.6571180560475 184.10000491781244 581.3870000000154
    vertex 1882.40216660635 185.50000491781296 581.0228915953145
    vertex 1882.40216660635 184.10000491781238 581.0228915953145
  endloop
endfacet
facet normal -0.7071067811863956 1.1652119804377304e-13 0.7071067811866996
  outer loop
    vertex 1882.40216660635 184.10000491781238 581.0228915953145
    vertex 1882.0878616810971 185.50000491781296 580.7085866700618
    vertex 1882.0878616810971 184.10000491781247 580.708586670062
  endloop
endfacet
facet normal -0.7071067811863956 1.1652119804377304e-13 0.7071067811866996
  outer loop
    vertex 1882.0878616810971 185.50000491781296 580.7085866700618
    vertex 1882.40216660635 184.10000491781238 581.0228915953145
    vertex 1882.40216660635 185.50000491781296 581.0228915953145
  endloop
endfacet
facet normal -0.5735764363518351 1.3541824682125733e-13 0.8191520442884394
  outer loop
    vertex 1882.0878616810971 184.10000491781247 580.708586670062
    vertex 1881.7237532763972 185.50000491781296 580.4536352203648
    vertex 1881.7237532763972 184.10000491781247 580.453635220365
  endloop
endfacet
facet normal -0.5735764363518351 1.3541824682125733e-13 0.8191520442884394
  outer loop
    vertex 1881.7237532763972 185.50000491781296 580.4536352203648
    vertex 1882.0878616810971 184.10000491781247 580.708586670062
    vertex 1882.0878616810971 185.50000491781296 580.7085866700618
  endloop
endfacet
facet normal -0.4226182617406846 1.502043999979964e-13 0.9063077870366568
  outer loop
    vertex 1881.7237532763972 184.10000491781247 580.453635220365
    vertex 1881.3209046418779 185.50000491781296 580.2657838170111
    vertex 1881.3209046418779 184.10000491781238 580.2657838170113
  endloop
endfacet
facet normal -0.4226182617406846 1.502043999979964e-13 0.9063077870366568
  outer loop
    vertex 1881.3209046418779 185.50000491781296 580.2657838170111
    vertex 1881.7237532763972 184.10000491781247 580.453635220365
    vertex 1881.7237532763972 185.50000491781296 580.4536352203648
  endloop
endfacet
facet normal -0.2588190451022563 9.816306397710743e-14 0.9659258262891393
  outer loop
    vertex 1881.3209046418779 184.10000491781238 580.2657838170113
    vertex 1880.891556129448 185.50000491781296 580.1507402298342
    vertex 1880.891556129448 184.10000491781238 580.1507402298342
  endloop
endfacet
facet normal -0.2588190451022563 9.816306397710743e-14 0.9659258262891393
  outer loop
    vertex 1880.891556129448 185.50000491781296 580.1507402298342
    vertex 1881.3209046418779 184.10000491781238 580.2657838170113
    vertex 1881.3209046418779 185.50000491781296 580.2657838170111
  endloop
endfacet
facet normal -0.08715574274784423 1.6576707754099604e-13 0.9961946980917293
  outer loop
    vertex 1880.891556129448 184.10000491781238 580.1507402298342
    vertex 1880.4487532763972 185.50000491781296 580.112000000015
    vertex 1880.4487532763972 184.10000491781238 580.1120000000155
  endloop
endfacet
facet normal -0.08715574274784423 1.6576707754099604e-13 0.9961946980917293
  outer loop
    vertex 1880.4487532763972 185.50000491781296 580.112000000015
    vertex 1880.891556129448 184.10000491781238 580.1507402298342
    vertex 1880.891556129448 185.50000491781296 580.1507402298342
  endloop
endfacet
facet normal 0.08715574274798644 1.660748316816461e-13 0.9961946980917169
  outer loop
    vertex 1880.4487532763972 184.10000491781238 580.1120000000155
    vertex 1880.0059504233463 185.50000491781296 580.1507402298344
    vertex 1880.0059504233463 184.10000491781238 580.1507402298342
  endloop
endfacet
facet normal 0.08715574274798644 1.660748316816461e-13 0.9961946980917169
  outer loop
    vertex 1880.0059504233463 185.50000491781296 580.1507402298344
    vertex 1880.4487532763972 184.10000491781238 580.1120000000155
    vertex 1880.4487532763972 185.50000491781296 580.112000000015
  endloop
endfacet
facet normal 0.2588190451025972 9.907794319931725e-14 0.9659258262890479
  outer loop
    vertex 1880.0059504233463 184.10000491781238 580.1507402298342
    vertex 1879.576601910917 185.50000491781287 580.2657838170112
    vertex 1879.576601910917 184.10000491781238 580.2657838170114
  endloop
endfacet
facet normal 0.2588190451025972 9.907794319931725e-14 0.9659258262890479
  outer loop
    vertex 1879.576601910917 185.50000491781287 580.2657838170112
    vertex 1880.0059504233463 184.10000491781238 580.1507402298342
    vertex 1880.0059504233463 185.50000491781296 580.1507402298344
  endloop
endfacet
facet normal 0.4226182617405032 1.517004193598956e-13 0.9063077870367416
  outer loop
    vertex 1879.576601910917 184.10000491781238 580.2657838170114
    vertex 1879.173753276397 185.50000491781296 580.453635220365
    vertex 1879.173753276397 184.10000491781247 580.4536352203652
  endloop
endfacet
facet normal 0.4226182617405032 1.517004193598956e-13 0.9063077870367416
  outer loop
    vertex 1879.173753276397 185.50000491781296 580.453635220365
    vertex 1879.576601910917 184.10000491781238 580.2657838170114
    vertex 1879.576601910917 185.50000491781287 580.2657838170112
  endloop
endfacet
facet normal 0.5735764363508075 1.3744728435092892e-13 0.819152044289159
  outer loop
    vertex 1879.173753276397 184.10000491781247 580.4536352203652
    vertex 1878.809644871696 185.50000491781296 580.708586670062
    vertex 1878.809644871696 184.10000491781238 580.7085866700622
  endloop
endfacet
facet normal 0.5735764363508075 1.3744728435092892e-13 0.819152044289159
  outer loop
    vertex 1878.809644871696 185.50000491781296 580.708586670062
    vertex 1879.173753276397 184.10000491781247 580.4536352203652
    vertex 1879.173753276397 185.50000491781296 580.453635220365
  endloop
endfacet
facet normal 0.7071067811864966 1.19018050608268e-13 0.7071067811865985
  outer loop
    vertex 1878.809644871696 184.10000491781238 580.7085866700622
    vertex 1878.4953399464432 185.50000491781296 581.0228915953147
    vertex 1878.4953399464432 184.10000491781238 581.0228915953148
  endloop
endfacet
facet normal 0.7071067811864966 1.19018050608268e-13 0.7071067811865985
  outer loop
    vertex 1878.4953399464432 185.50000491781296 581.0228915953147
    vertex 1878.809644871696 184.10000491781238 580.7085866700622
    vertex 1878.809644871696 185.50000491781296 580.708586670062
  endloop
endfacet
facet normal 0.8191520442897083 9.698132272957013e-14 0.573576436350023
  outer loop
    vertex 1878.2403884967468 184.10000491781236 581.3870000000157
    vertex 1878.4953399464432 185.50000491781296 581.0228915953147
    vertex 1878.2403884967468 185.50000491781293 581.3870000000154
  endloop
endfacet
facet normal 0.8191520442897083 9.698132272957013e-14 0.573576436350023
  outer loop
    vertex 1878.4953399464432 185.50000491781296 581.0228915953147
    vertex 1878.2403884967468 184.10000491781236 581.3870000000157
    vertex 1878.4953399464432 184.10000491781238 581.0228915953148
  endloop
endfacet
facet normal 0.9063077870358015 9.923033691005203e-14 0.4226182617425189
  outer loop
    vertex 1878.0525370933922 184.10000491781233 581.7898486345352
    vertex 1878.2403884967468 185.50000491781293 581.3870000000154
    vertex 1878.0525370933922 185.5000049178129 581.7898486345349
  endloop
endfacet
facet normal 0.9063077870358015 9.923033691005203e-14 0.4226182617425189
  outer loop
    vertex 1878.2403884967468 185.50000491781293 581.3870000000154
    vertex 1878.0525370933922 184.10000491781233 581.7898486345352
    vertex 1878.2403884967468 184.10000491781236 581.3870000000157
  endloop
endfacet
facet normal 0.9659258262892136 2.8128227474948838e-14 0.25881904510197895
  outer loop
    vertex 1877.9374935062153 184.10000491781233 582.2191971469648
    vertex 1878.0525370933922 185.5000049178129 581.7898486345349
    vertex 1877.9374935062153 185.5000049178129 582.2191971469648
  endloop
endfacet
facet normal 0.9659258262892136 2.8128227474948838e-14 0.25881904510197895
  outer loop
    vertex 1878.0525370933922 185.5000049178129 581.7898486345349
    vertex 1877.9374935062153 184.10000491781233 582.2191971469648
    vertex 1878.0525370933922 184.10000491781233 581.7898486345352
  endloop
endfacet
facet normal 0.9961946980917806 5.039155308253089e-15 0.08715574274725742
  outer loop
    vertex 1877.8987532763967 184.10000491781233 582.6620000000155
    vertex 1877.9374935062153 185.5000049178129 582.2191971469648
    vertex 1877.8987532763967 185.5000049178129 582.6620000000153
  endloop
endfacet
facet normal 0.9961946980917806 5.039155308253089e-15 0.08715574274725742
  outer loop
    vertex 1877.9374935062153 185.5000049178129 582.2191971469648
    vertex 1877.8987532763967 184.10000491781233 582.6620000000155
    vertex 1877.9374935062153 184.10000491781233 582.2191971469648
  endloop
endfacet
facet normal 0.9961946980917713 -1.5215093842403102e-15 -0.0871557427473644
  outer loop
    vertex 1877.9374935062153 184.1000049178123 583.1048028530662
    vertex 1877.8987532763967 185.5000049178129 582.6620000000153
    vertex 1877.9374935062153 185.5000049178129 583.1048028530662
  endloop
endfacet
facet normal 0.9961946980917713 -1.5215093842403102e-15 -0.0871557427473644
  outer loop
    vertex 1877.8987532763967 185.5000049178129 582.6620000000153
    vertex 1877.9374935062153 184.1000049178123 583.1048028530662
    vertex 1877.8987532763967 184.10000491781233 582.6620000000155
  endloop
endfacet
facet normal 0.9659258262889735 -2.471977262286322e-14 -0.2588190451028744
  outer loop
    vertex 1878.0525370933926 184.10000491781227 583.5341513654961
    vertex 1877.9374935062153 185.5000049178129 583.1048028530662
    vertex 1878.0525370933926 185.50000491781287 583.5341513654957
  endloop
endfacet
facet normal 0.9659258262889735 -2.471977262286322e-14 -0.2588190451028744
  outer loop
    vertex 1877.9374935062153 185.5000049178129 583.1048028530662
    vertex 1878.0525370933926 184.10000491781227 583.5341513654961
    vertex 1877.9374935062153 184.1000049178123 583.1048028530662
  endloop
endfacet
facet normal 0.9063077870366744 -9.603008910755403e-14 -0.42261826174064737
  outer loop
    vertex 1878.2403884967466 184.10000491781227 583.9370000000156
    vertex 1878.0525370933926 185.50000491781287 583.5341513654957
    vertex 1878.2403884967466 185.50000491781287 583.9370000000152
  endloop
endfacet
facet normal 0.9063077870366744 -9.603008910755403e-14 -0.42261826174064737
  outer loop
    vertex 1878.0525370933926 185.50000491781287 583.5341513654957
    vertex 1878.2403884967466 184.10000491781227 583.9370000000156
    vertex 1878.0525370933926 184.10000491781227 583.5341513654961
  endloop
endfacet
facet normal 0.8191520442887296 -9.4083711626207e-14 -0.5735764363514205
  outer loop
    vertex 1878.4953399464437 184.10000491781227 584.301108404716
    vertex 1878.2403884967466 185.50000491781287 583.9370000000152
    vertex 1878.4953399464437 185.50000491781287 584.3011084047159
  endloop
endfacet
facet normal 0.8191520442887296 -9.4083711626207e-14 -0.5735764363514205
  outer loop
    vertex 1878.2403884967466 185.50000491781287 583.9370000000152
    vertex 1878.4953399464437 184.10000491781227 584.301108404716
    vertex 1878.2403884967466 184.10000491781227 583.9370000000156
  endloop
endfacet
facet normal 0.7071067811865985 -1.165275068420764e-13 -0.7071067811864966
  outer loop
    vertex 1878.8096448716965 184.10000491781253 584.6154133299689
    vertex 1878.4953399464437 185.50000491781287 584.3011084047159
    vertex 1878.8096448716965 185.5000049178131 584.6154133299686
  endloop
endfacet
facet normal 0.7071067811865985 -1.165275068420764e-13 -0.7071067811864966
  outer loop
    vertex 1878.4953399464437 185.50000491781287 584.3011084047159
    vertex 1878.8096448716965 184.10000491781253 584.6154133299689
    vertex 1878.4953399464437 184.10000491781227 584.301108404716
  endloop
endfacet
facet normal 0.5735764363507995 -1.3542051270641184e-13 -0.8191520442891644
  outer loop
    vertex 1879.173753276397 185.50000491781302 584.8703647796655
    vertex 1878.8096448716965 184.10000491781253 584.6154133299689
    vertex 1878.8096448716965 185.5000049178131 584.6154133299686
  endloop
endfacet
facet normal 0.5735764363507995 -1.3542051270641184e-13 -0.8191520442891644
  outer loop
    vertex 1878.8096448716965 184.10000491781253 584.6154133299689
    vertex 1879.173753276397 185.50000491781302 584.8703647796655
    vertex 1879.173753276397 184.10000491781244 584.8703647796657
  endloop
endfacet
facet normal 0.4226182617410182 -1.5020472372786577e-13 -0.9063077870365013
  outer loop
    vertex 1879.5766019109165 185.50000491781302 585.0582161830193
    vertex 1879.173753276397 184.10000491781244 584.8703647796657
    vertex 1879.173753276397 185.50000491781302 584.8703647796655
  endloop
endfacet
facet normal 0.4226182617410182 -1.5020472372786577e-13 -0.9063077870365013
  outer loop
    vertex 1879.173753276397 184.10000491781244 584.8703647796657
    vertex 1879.5766019109165 185.50000491781302 585.0582161830193
    vertex 1879.5766019109165 184.1000049178124 585.0582161830197
  endloop
endfacet
facet normal 0.2588190451022563 -9.816306397710743e-14 -0.9659258262891393
  outer loop
    vertex 1880.0059504233463 185.50000491781302 585.1732597701965
    vertex 1879.5766019109165 184.1000049178124 585.0582161830197
    vertex 1879.5766019109165 185.50000491781302 585.0582161830193
  endloop
endfacet
facet normal 0.2588190451022563 -9.816306397710743e-14 -0.9659258262891393
  outer loop
    vertex 1879.5766019109165 184.1000049178124 585.0582161830197
    vertex 1880.0059504233463 185.50000491781302 585.1732597701965
    vertex 1880.0059504233463 184.1000049178124 585.1732597701964
  endloop
endfacet
facet normal 0.08715574274744127 -1.657670775410026e-13 -0.9961946980917645
  outer loop
    vertex 1880.4487532763972 185.50000491781302 585.2120000000149
    vertex 1880.0059504233463 184.1000049178124 585.1732597701964
    vertex 1880.0059504233463 185.50000491781302 585.1732597701965
  endloop
endfacet
facet normal 0.08715574274744127 -1.657670775410026e-13 -0.9961946980917645
  outer loop
    vertex 1880.0059504233463 184.1000049178124 585.1732597701964
    vertex 1880.4487532763972 185.50000491781302 585.2120000000149
    vertex 1880.4487532763972 184.1000049178124 585.2120000000155
  endloop
endfacet
facet normal -0.08715574274765399 -1.6607483168165035e-13 -0.996194698091746
  outer loop
    vertex 1880.8915561294475 185.50000491781302 585.1732597701964
    vertex 1880.4487532763972 184.1000049178124 585.2120000000155
    vertex 1880.4487532763972 185.50000491781302 585.2120000000149
  endloop
endfacet
facet normal -0.08715574274765399 -1.6607483168165035e-13 -0.996194698091746
  outer loop
    vertex 1880.4487532763972 184.1000049178124 585.2120000000155
    vertex 1880.8915561294475 185.50000491781302 585.1732597701964
    vertex 1880.8915561294475 184.1000049178124 585.1732597701964
  endloop
endfacet
facet normal -0.2588190451023941 -9.90769754452217e-14 -0.9659258262891022
  outer loop
    vertex 1881.3209046418774 185.50000491781302 585.0582161830192
    vertex 1880.8915561294475 184.1000049178124 585.1732597701964
    vertex 1880.8915561294475 185.50000491781302 585.1732597701964
  endloop
endfacet
facet normal -0.2588190451023941 -9.90769754452217e-14 -0.9659258262891022
  outer loop
    vertex 1880.8915561294475 184.1000049178124 585.1732597701964
    vertex 1881.3209046418774 185.50000491781302 585.0582161830192
    vertex 1881.3209046418774 184.10000491781244 585.0582161830195
  endloop
endfacet
facet normal -0.4226182617411477 -1.516973988071966e-13 -0.9063077870364411
  outer loop
    vertex 1881.7237532763968 185.5000049178131 584.8703647796652
    vertex 1881.3209046418774 184.10000491781244 585.0582161830195
    vertex 1881.3209046418774 185.50000491781302 585.0582161830192
  endloop
endfacet
facet normal -0.4226182617411477 -1.516973988071966e-13 -0.9063077870364411
  outer loop
    vertex 1881.3209046418774 184.10000491781244 585.0582161830195
    vertex 1881.7237532763968 185.5000049178131 584.8703647796652
    vertex 1881.7237532763968 184.10000491781253 584.8703647796655
  endloop
endfacet
facet normal -0.5735764363509165 -1.374509011521497e-13 -0.8191520442890825
  outer loop
    vertex 1882.0878616810976 185.50000491781313 584.6154133299684
    vertex 1881.7237532763968 184.10000491781253 584.8703647796655
    vertex 1881.7237532763968 185.5000049178131 584.8703647796652
  endloop
endfacet
facet normal -0.5735764363509165 -1.374509011521497e-13 -0.8191520442890825
  outer loop
    vertex 1881.7237532763968 184.10000491781253 584.8703647796655
    vertex 1882.0878616810976 185.50000491781313 584.6154133299684
    vertex 1882.0878616810976 184.10000491781256 584.6154133299688
  endloop
endfacet
facet normal -0.7071067811866996 -1.1902435940658677e-13 -0.7071067811863956
  outer loop
    vertex 1882.4021666063504 185.50000491781287 584.3011084047157
    vertex 1882.0878616810976 184.10000491781256 584.6154133299688
    vertex 1882.0878616810976 185.50000491781313 584.6154133299684
  endloop
endfacet
facet normal -0.7071067811866996 -1.1902435940658677e-13 -0.7071067811863956
  outer loop
    vertex 1882.0878616810976 184.10000491781256 584.6154133299688
    vertex 1882.4021666063504 185.50000491781287 584.3011084047157
    vertex 1882.4021666063504 184.10000491781227 584.3011084047157
  endloop
endfacet
facet normal -0.8191520442890596 -2.3034357981882672e-14 -0.5735764363509496
  outer loop
    vertex 1882.657118056047 185.5000049178128 583.9370000000152
    vertex 1882.4021666063504 184.10000491781227 584.3011084047157
    vertex 1882.4021666063504 185.50000491781287 584.3011084047157
  endloop
endfacet
facet normal -0.8191520442890596 -2.3034357981882672e-14 -0.5735764363509496
  outer loop
    vertex 1882.4021666063504 184.10000491781227 584.3011084047157
    vertex 1882.657118056047 185.5000049178128 583.9370000000152
    vertex 1882.657118056047 184.10000491781219 583.9370000000152
  endloop
endfacet
facet normal -0.9063077870365323 -7.198741202029816e-14 -0.4226182617409517
  outer loop
    vertex 1882.8449694594008 184.10000491781227 583.5341513654957
    vertex 1882.657118056047 185.5000049178128 583.9370000000152
    vertex 1882.8449694594008 185.50000491781287 583.5341513654952
  endloop
endfacet
facet normal -0.9063077870365323 -7.198741202029816e-14 -0.4226182617409517
  outer loop
    vertex 1882.657118056047 185.5000049178128 583.9370000000152
    vertex 1882.8449694594008 184.10000491781227 583.5341513654957
    vertex 1882.657118056047 184.10000491781219 583.9370000000152
  endloop
endfacet
facet normal -0.9659258262892136 -6.149164046379825e-14 -0.25881904510197895
  outer loop
    vertex 1882.9600130465776 184.10000491781238 583.1048028530658
    vertex 1882.8449694594008 185.50000491781287 583.5341513654952
    vertex 1882.9600130465776 185.500004917813 583.1048028530657
  endloop
endfacet
facet normal -0.9659258262892136 -6.149164046379825e-14 -0.25881904510197895
  outer loop
    vertex 1882.8449694594008 185.50000491781287 583.5341513654952
    vertex 1882.9600130465776 184.10000491781238 583.1048028530658
    vertex 1882.8449694594008 184.10000491781227 583.5341513654957
  endloop
endfacet
facet normal 0.5850117531596251 -0.6999748617665816 0.40962963950373155
  outer loop
    vertex 1875.599011015204 181.00000491781236 579.8620000000166
    vertex 1878.4953399464432 184.10000491781238 581.0228915953148
    vertex 1878.2403884967468 184.10000491781236 581.3870000000157
  endloop
endfacet
facet normal 0.5850117531596251 -0.6999748617665816 0.40962963950373155
  outer loop
    vertex 1878.4953399464432 184.10000491781238 581.0228915953148
    vertex 1875.599011015204 181.00000491781236 579.8620000000166
    vertex 1876.158904394931 181.0000049178124 579.0623893857721
  endloop
endfacet
facet normal 0.5049926696970413 -0.6999748617665544 0.5049926696964502
  outer loop
    vertex 1876.158904394931 181.0000049178124 579.0623893857721
    vertex 1878.809644871696 184.10000491781238 580.7085866700622
    vertex 1878.4953399464432 184.10000491781238 581.0228915953148
  endloop
endfacet
facet normal 0.5049926696970413 -0.6999748617665544 0.5049926696964502
  outer loop
    vertex 1878.809644871696 184.10000491781238 580.7085866700622
    vertex 1876.158904394931 181.0000049178124 579.0623893857721
    vertex 1876.8491426621522 181.0000049178124 578.3721511185496
  endloop
endfacet
facet normal 0.4096296395041775 -0.6999748617666663 0.5850117531592113
  outer loop
    vertex 1876.8491426621522 181.0000049178124 578.3721511185496
    vertex 1879.173753276397 184.10000491781247 580.4536352203652
    vertex 1878.809644871696 184.10000491781238 580.7085866700622
  endloop
endfacet
facet normal 0.4096296395041775 -0.6999748617666663 0.5850117531592113
  outer loop
    vertex 1879.173753276397 184.10000491781247 580.4536352203652
    vertex 1876.8491426621522 181.0000049178124 578.3721511185496
    vertex 1877.6487532763956 181.00000491781242 577.8122577388225
  endloop
endfacet
facet normal 0.3018202199962165 -0.6999748617666585 0.6472555505333136
  outer loop
    vertex 1877.6487532763956 181.00000491781242 577.8122577388225
    vertex 1879.576601910917 184.10000491781238 580.2657838170114
    vertex 1879.173753276397 184.10000491781247 580.4536352203652
  endloop
endfacet
facet normal 0.3018202199962165 -0.6999748617666585 0.6472555505333136
  outer loop
    vertex 1879.576601910917 184.10000491781238 580.2657838170114
    vertex 1877.6487532763956 181.00000491781242 577.8122577388225
    vertex 1878.533440473772 181.00000491781245 577.3997213236155
  endloop
endfacet
facet normal 0.18484014583467914 -0.6999748617666343 0.689832815530398
  outer loop
    vertex 1878.533440473772 181.00000491781245 577.3997213236155
    vertex 1880.0059504233463 184.10000491781238 580.1507402298342
    vertex 1879.576601910917 184.10000491781238 580.2657838170114
  endloop
endfacet
facet normal 0.18484014583467914 -0.6999748617666343 0.689832815530398
  outer loop
    vertex 1880.0059504233463 184.10000491781238 580.1507402298342
    vertex 1878.533440473772 181.00000491781245 577.3997213236155
    vertex 1879.47632348146 181.00000491781253 577.1470765831473
  endloop
endfacet
facet normal 0.06224379737305166 -0.699974861766625 0.7114498595005672
  outer loop
    vertex 1880.4487532763958 181.00000491781253 577.0620000000162
    vertex 1880.0059504233463 184.10000491781238 580.1507402298342
    vertex 1879.47632348146 181.00000491781253 577.1470765831473
  endloop
endfacet
facet normal 0.06224379737305166 -0.699974861766625 0.7114498595005672
  outer loop
    vertex 1880.0059504233463 184.10000491781238 580.1507402298342
    vertex 1880.4487532763958 181.00000491781253 577.0620000000162
    vertex 1880.4487532763972 184.10000491781238 580.1120000000155
  endloop
endfacet
facet normal -0.06224379737300731 -0.6999748617665975 0.7114498595005981
  outer loop
    vertex 1881.4211830713302 181.00000491781253 577.1470765831472
    vertex 1880.4487532763972 184.10000491781238 580.1120000000155
    vertex 1880.4487532763958 181.00000491781253 577.0620000000162
  endloop
endfacet
facet normal -0.06224379737300731 -0.6999748617665975 0.7114498595005981
  outer loop
    vertex 1880.4487532763972 184.10000491781238 580.1120000000155
    vertex 1881.4211830713302 181.00000491781253 577.1470765831472
    vertex 1880.891556129448 184.10000491781238 580.1507402298342
  endloop
endfacet
facet normal -0.18484014583424957 -0.6999748617665627 0.6898328155305855
  outer loop
    vertex 1880.891556129448 184.10000491781238 580.1507402298342
    vertex 1882.3640660790197 181.00000491781253 577.399721323615
    vertex 1881.3209046418779 184.10000491781238 580.2657838170113
  endloop
endfacet
facet normal -0.18484014583424957 -0.6999748617665627 0.6898328155305855
  outer loop
    vertex 1882.3640660790197 181.00000491781253 577.399721323615
    vertex 1880.891556129448 184.10000491781238 580.1507402298342
    vertex 1881.4211830713302 181.00000491781253 577.1470765831472
  endloop
endfacet
facet normal -0.30182021999646597 -0.699974861766553 0.6472555505333113
  outer loop
    vertex 1881.3209046418779 184.10000491781238 580.2657838170113
    vertex 1883.2487532763955 181.00000491781245 577.8122577388222
    vertex 1881.7237532763972 184.10000491781247 580.453635220365
  endloop
endfacet
facet normal -0.30182021999646597 -0.699974861766553 0.6472555505333113
  outer loop
    vertex 1883.2487532763955 181.00000491781245 577.8122577388222
    vertex 1881.3209046418779 184.10000491781238 580.2657838170113
    vertex 1882.3640660790197 181.00000491781253 577.399721323615
  endloop
endfacet
facet normal -0.4096296395036948 -0.6999748617665951 0.5850117531596345
  outer loop
    vertex 1881.7237532763972 184.10000491781247 580.453635220365
    vertex 1884.0483638906408 181.0000049178125 578.372151118549
    vertex 1882.0878616810971 184.10000491781247 580.708586670062
  endloop
endfacet
facet normal -0.4096296395036948 -0.6999748617665951 0.5850117531596345
  outer loop
    vertex 1884.0483638906408 181.0000049178125 578.372151118549
    vertex 1881.7237532763972 184.10000491781247 580.453635220365
    vertex 1883.2487532763955 181.00000491781245 577.8122577388222
  endloop
endfacet
facet normal -0.5049926696968202 -0.6999748617666088 0.5049926696965961
  outer loop
    vertex 1882.0878616810971 184.10000491781247 580.708586670062
    vertex 1884.738602157863 181.0000049178124 579.0623893857714
    vertex 1882.40216660635 184.10000491781238 581.0228915953145
  endloop
endfacet
facet normal -0.5049926696968202 -0.6999748617666088 0.5049926696965961
  outer loop
    vertex 1884.738602157863 181.0000049178124 579.0623893857714
    vertex 1882.0878616810971 184.10000491781247 580.708586670062
    vertex 1884.0483638906408 181.0000049178125 578.372151118549
  endloop
endfacet
facet normal -0.5850117531595477 -0.6999748617665844 0.40962963950383724
  outer loop
    vertex 1882.40216660635 184.10000491781238 581.0228915953145
    vertex 1885.2984955375896 181.0000049178124 579.8620000000159
    vertex 1882.6571180560475 184.10000491781244 581.3870000000154
  endloop
endfacet
facet normal -0.5850117531595477 -0.6999748617665844 0.40962963950383724
  outer loop
    vertex 1885.2984955375896 181.0000049178124 579.8620000000159
    vertex 1882.40216660635 184.10000491781238 581.0228915953145
    vertex 1884.738602157863 181.0000049178124 579.0623893857714
  endloop
endfacet
facet normal -0.6472555505329576 -0.6999748617666512 0.3018202199969969
  outer loop
    vertex 1882.6571180560475 184.10000491781244 581.3870000000154
    vertex 1885.711031952798 181.00000491781236 580.7466871973911
    vertex 1882.8449694594003 184.10000491781236 581.7898486345349
  endloop
endfacet
facet normal -0.6472555505329576 -0.6999748617666512 0.3018202199969969
  outer loop
    vertex 1885.711031952798 181.00000491781236 580.7466871973911
    vertex 1882.6571180560475 184.10000491781244 581.3870000000154
    vertex 1885.2984955375896 181.0000049178124 579.8620000000159
  endloop
endfacet
facet normal -0.6898328155306517 -0.6999748617666706 0.18484014583359398
  outer loop
    vertex 1882.8449694594003 184.10000491781236 581.7898486345349
    vertex 1885.9636766932645 181.00000491781233 581.6895702050796
    vertex 1882.9600130465776 184.1000049178124 582.2191971469643
  endloop
endfacet
facet normal -0.6898328155306517 -0.6999748617666706 0.18484014583359398
  outer loop
    vertex 1885.9636766932645 181.00000491781233 581.6895702050796
    vertex 1882.8449694594003 184.10000491781236 581.7898486345349
    vertex 1885.711031952798 181.00000491781236 580.7466871973911
  endloop
endfacet
facet normal 0.5049926696968161 -0.6999748617666324 -0.5049926696965674
  outer loop
    vertex 1876.1589043949305 181.00000491781228 586.2616106142599
    vertex 1878.8096448716965 184.10000491781253 584.6154133299689
    vertex 1876.8491426621529 181.00000491781236 586.9518488814824
  endloop
endfacet
facet normal 0.5049926696968161 -0.6999748617666324 -0.5049926696965674
  outer loop
    vertex 1878.8096448716965 184.10000491781253 584.6154133299689
    vertex 1876.1589043949305 181.00000491781228 586.2616106142599
    vertex 1878.4953399464437 184.10000491781227 584.301108404716
  endloop
endfacet
facet normal 0.5850117531592267 -0.6999748617666846 -0.4096296395041245
  outer loop
    vertex 1875.5990110152036 181.00000491781222 585.4620000000164
    vertex 1878.4953399464437 184.10000491781227 584.301108404716
    vertex 1876.1589043949305 181.00000491781228 586.2616106142599
  endloop
endfacet
facet normal 0.5850117531592267 -0.6999748617666846 -0.4096296395041245
  outer loop
    vertex 1878.4953399464437 184.10000491781227 584.301108404716
    vertex 1875.5990110152036 181.00000491781222 585.4620000000164
    vertex 1878.2403884967466 184.10000491781227 583.9370000000156
  endloop
endfacet
facet normal 0.6472555505332481 -0.699974861766657 -0.30182021999636066
  outer loop
    vertex 1875.1864745999956 181.00000491781225 584.5773128026383
    vertex 1878.2403884967466 184.10000491781227 583.9370000000156
    vertex 1875.5990110152036 181.00000491781222 585.4620000000164
  endloop
endfacet
facet normal 0.6472555505332481 -0.699974861766657 -0.30182021999636066
  outer loop
    vertex 1878.2403884967466 184.10000491781227 583.9370000000156
    vertex 1875.1864745999956 181.00000491781225 584.5773128026383
    vertex 1878.0525370933926 184.10000491781227 583.5341513654961
  endloop
endfacet
facet normal 0.6898328155304908 -0.6999748617666522 -0.18484014583426472
  outer loop
    vertex 1874.9338298595278 181.00000491781228 583.6344297949489
    vertex 1878.0525370933926 184.10000491781227 583.5341513654961
    vertex 1875.1864745999956 181.00000491781225 584.5773128026383
  endloop
endfacet
facet normal 0.6898328155304908 -0.6999748617666522 -0.18484014583426472
  outer loop
    vertex 1878.0525370933926 184.10000491781227 583.5341513654961
    vertex 1874.9338298595278 181.00000491781228 583.6344297949489
    vertex 1877.9374935062153 184.1000049178123 583.1048028530662
  endloop
endfacet
facet normal 0.7114498595004612 -0.6999748617667092 -0.06224379737331547
  outer loop
    vertex 1874.9338298595278 181.00000491781228 583.6344297949489
    vertex 1877.8987532763967 184.10000491781233 582.6620000000155
    vertex 1877.9374935062153 184.1000049178123 583.1048028530662
  endloop
endfacet
facet normal 0.7114498595004612 -0.6999748617667092 -0.06224379737331547
  outer loop
    vertex 1877.8987532763967 184.10000491781233 582.6620000000155
    vertex 1874.9338298595278 181.00000491781228 583.6344297949489
    vertex 1874.8487532763959 181.00000491781228 582.662000000014
  endloop
endfacet
facet normal 0.7114498595004407 -0.6999748617667072 0.06224379737357274
  outer loop
    vertex 1874.8487532763959 181.00000491781228 582.662000000014
    vertex 1877.9374935062153 184.10000491781233 582.2191971469648
    vertex 1877.8987532763967 184.10000491781233 582.6620000000155
  endloop
endfacet
facet normal 0.7114498595004407 -0.6999748617667072 0.06224379737357274
  outer loop
    vertex 1877.9374935062153 184.10000491781233 582.2191971469648
    vertex 1874.8487532763959 181.00000491781228 582.662000000014
    vertex 1874.933829859528 181.0000049178123 581.6895702050783
  endloop
endfacet
facet normal 0.6898328155304843 -0.6999748617666695 0.18484014583422348
  outer loop
    vertex 1874.933829859528 181.0000049178123 581.6895702050783
    vertex 1878.0525370933922 184.10000491781233 581.7898486345352
    vertex 1877.9374935062153 184.10000491781233 582.2191971469648
  endloop
endfacet
facet normal 0.6898328155304843 -0.6999748617666695 0.18484014583422348
  outer loop
    vertex 1878.0525370933922 184.10000491781233 581.7898486345352
    vertex 1874.933829859528 181.0000049178123 581.6895702050783
    vertex 1875.186474599996 181.00000491781236 580.7466871973901
  endloop
endfacet
facet normal 0.64725555053268 -0.6999748617666604 0.3018202199975712
  outer loop
    vertex 1875.186474599996 181.00000491781236 580.7466871973901
    vertex 1878.2403884967468 184.10000491781236 581.3870000000157
    vertex 1878.0525370933922 184.10000491781233 581.7898486345352
  endloop
endfacet
facet normal 0.64725555053268 -0.6999748617666604 0.3018202199975712
  outer loop
    vertex 1878.2403884967468 184.10000491781236 581.3870000000157
    vertex 1875.186474599996 181.00000491781236 580.7466871973901
    vertex 1875.599011015204 181.00000491781236 579.8620000000166
  endloop
endfacet
facet normal -0.6898328155307543 -0.6999748617665997 -0.18484014583347982
  outer loop
    vertex 1882.8449694594008 184.10000491781227 583.5341513654957
    vertex 1885.9636766932645 181.00000491781228 583.6344297949505
    vertex 1885.711031952798 181.00000491781208 584.5773128026393
  endloop
endfacet
facet normal -0.6898328155307543 -0.6999748617665997 -0.18484014583347982
  outer loop
    vertex 1885.9636766932645 181.00000491781228 583.6344297949505
    vertex 1882.8449694594008 184.10000491781227 583.5341513654957
    vertex 1882.9600130465776 184.10000491781238 583.1048028530658
  endloop
endfacet
facet normal -0.647255550532939 -0.6999748617666414 -0.30182021999705944
  outer loop
    vertex 1882.657118056047 184.10000491781219 583.9370000000152
    vertex 1885.711031952798 181.00000491781208 584.5773128026393
    vertex 1885.2984955375894 181.00000491781222 585.4620000000157
  endloop
endfacet
facet normal -0.647255550532939 -0.6999748617666414 -0.30182021999705944
  outer loop
    vertex 1885.711031952798 181.00000491781208 584.5773128026393
    vertex 1882.657118056047 184.10000491781219 583.9370000000152
    vertex 1882.8449694594008 184.10000491781227 583.5341513654957
  endloop
endfacet
facet normal -0.5850117531595908 -0.6999748617666407 -0.40962963950367964
  outer loop
    vertex 1882.4021666063504 184.10000491781227 584.3011084047157
    vertex 1885.2984955375894 181.00000491781222 585.4620000000157
    vertex 1884.738602157863 181.00000491781222 586.2616106142596
  endloop
endfacet
facet normal -0.5850117531595908 -0.6999748617666407 -0.40962963950367964
  outer loop
    vertex 1885.2984955375894 181.00000491781222 585.4620000000157
    vertex 1882.4021666063504 184.10000491781227 584.3011084047157
    vertex 1882.657118056047 184.10000491781219 583.9370000000152
  endloop
endfacet
facet normal -0.5049926696970864 -0.6999748617666365 -0.5049926696962914
  outer loop
    vertex 1882.0878616810976 184.10000491781256 584.6154133299688
    vertex 1884.738602157863 181.00000491781222 586.2616106142596
    vertex 1884.0483638906414 181.00000491781236 586.951848881482
  endloop
endfacet
facet normal -0.5049926696970864 -0.6999748617666365 -0.5049926696962914
  outer loop
    vertex 1884.738602157863 181.00000491781222 586.2616106142596
    vertex 1882.0878616810976 184.10000491781256 584.6154133299688
    vertex 1882.4021666063504 184.10000491781227 584.3011084047157
  endloop
endfacet
facet normal -0.7114498595005898 -0.699974861766561 -0.06224379737351349
  outer loop
    vertex 1882.9987532763967 184.10000491781233 582.6620000000152
    vertex 1885.9636766932645 181.00000491781228 583.6344297949505
    vertex 1882.9600130465776 184.10000491781238 583.1048028530658
  endloop
endfacet
facet normal -0.7114498595005898 -0.699974861766561 -0.06224379737351349
  outer loop
    vertex 1885.9636766932645 181.00000491781228 583.6344297949505
    vertex 1882.9987532763967 184.10000491781233 582.6620000000152
    vertex 1886.048753276396 181.0000049178123 582.6620000000155
  endloop
endfacet
facet normal -0.40962963950373915 -0.6999748617666867 -0.5850117531594938
  outer loop
    vertex 1881.7237532763968 184.10000491781253 584.8703647796655
    vertex 1884.0483638906414 181.00000491781236 586.951848881482
    vertex 1883.2487532763964 181.00000491781245 587.511742261209
  endloop
endfacet
facet normal -0.40962963950373915 -0.6999748617666867 -0.5850117531594938
  outer loop
    vertex 1884.0483638906414 181.00000491781236 586.951848881482
    vertex 1881.7237532763968 184.10000491781253 584.8703647796655
    vertex 1882.0878616810976 184.10000491781256 584.6154133299688
  endloop
endfacet
facet normal -0.30182021999673225 -0.6999748617666961 -0.6472555505330323
  outer loop
    vertex 1881.3209046418774 184.10000491781244 585.0582161830195
    vertex 1883.2487532763964 181.00000491781245 587.511742261209
    vertex 1882.3640660790213 181.00000491781236 587.9242786764164
  endloop
endfacet
facet normal -0.30182021999673225 -0.6999748617666961 -0.6472555505330323
  outer loop
    vertex 1883.2487532763964 181.00000491781245 587.511742261209
    vertex 1881.3209046418774 184.10000491781244 585.0582161830195
    vertex 1881.7237532763968 184.10000491781253 584.8703647796655
  endloop
endfacet
facet normal -0.18484014583406252 -0.6999748617666873 -0.6898328155305092
  outer loop
    vertex 1880.8915561294475 184.1000049178124 585.1732597701964
    vertex 1882.3640660790213 181.00000491781236 587.9242786764164
    vertex 1881.4211830713318 181.00000491781242 588.1769234168842
  endloop
endfacet
facet normal -0.18484014583406252 -0.6999748617666873 -0.6898328155305092
  outer loop
    vertex 1882.3640660790213 181.00000491781236 587.9242786764164
    vertex 1880.8915561294475 184.1000049178124 585.1732597701964
    vertex 1881.3209046418774 184.10000491781244 585.0582161830195
  endloop
endfacet
facet normal -0.06224379737272273 -0.6999748617666305 -0.7114498595005906
  outer loop
    vertex 1880.8915561294475 184.1000049178124 585.1732597701964
    vertex 1880.4487532763972 181.00000491781233 588.2620000000147
    vertex 1880.4487532763972 184.1000049178124 585.2120000000155
  endloop
endfacet
facet normal -0.06224379737272273 -0.6999748617666305 -0.7114498595005906
  outer loop
    vertex 1880.4487532763972 181.00000491781233 588.2620000000147
    vertex 1880.8915561294475 184.1000049178124 585.1732597701964
    vertex 1881.4211830713318 181.00000491781242 588.1769234168842
  endloop
endfacet
facet normal 0.062243797372611126 -0.6999748617666287 -0.7114498595006021
  outer loop
    vertex 1880.0059504233463 184.1000049178124 585.1732597701964
    vertex 1880.4487532763972 181.00000491781233 588.2620000000147
    vertex 1879.4763234814616 181.00000491781233 588.1769234168844
  endloop
endfacet
facet normal 0.062243797372611126 -0.6999748617666287 -0.7114498595006021
  outer loop
    vertex 1880.4487532763972 181.00000491781233 588.2620000000147
    vertex 1880.0059504233463 184.1000049178124 585.1732597701964
    vertex 1880.4487532763972 184.1000049178124 585.2120000000155
  endloop
endfacet
facet normal 0.18484014583413452 -0.6999748617666814 -0.689832815530496
  outer loop
    vertex 1878.5334404737735 181.00000491781233 587.9242786764167
    vertex 1880.0059504233463 184.1000049178124 585.1732597701964
    vertex 1879.4763234814616 181.00000491781233 588.1769234168844
  endloop
endfacet
facet normal 0.18484014583413452 -0.6999748617666814 -0.689832815530496
  outer loop
    vertex 1880.0059504233463 184.1000049178124 585.1732597701964
    vertex 1878.5334404737735 181.00000491781233 587.9242786764167
    vertex 1879.5766019109165 184.1000049178124 585.0582161830197
  endloop
endfacet
facet normal 0.30182021999637865 -0.6999748617666951 -0.6472555505331984
  outer loop
    vertex 1877.6487532763967 181.00000491781236 587.5117422612094
    vertex 1879.5766019109165 184.1000049178124 585.0582161830197
    vertex 1878.5334404737735 181.00000491781233 587.9242786764167
  endloop
endfacet
facet normal 0.30182021999637865 -0.6999748617666951 -0.6472555505331984
  outer loop
    vertex 1879.5766019109165 184.1000049178124 585.0582161830197
    vertex 1877.6487532763967 181.00000491781236 587.5117422612094
    vertex 1879.173753276397 184.10000491781244 584.8703647796657
  endloop
endfacet
facet normal 0.4096296395038948 -0.6999748617666978 -0.5850117531593715
  outer loop
    vertex 1876.8491426621529 181.00000491781236 586.9518488814824
    vertex 1879.173753276397 184.10000491781244 584.8703647796657
    vertex 1877.6487532763967 181.00000491781236 587.5117422612094
  endloop
endfacet
facet normal 0.4096296395038948 -0.6999748617666978 -0.5850117531593715
  outer loop
    vertex 1879.173753276397 184.10000491781244 584.8703647796657
    vertex 1876.8491426621529 181.00000491781236 586.9518488814824
    vertex 1878.8096448716965 184.10000491781253 584.6154133299689
  endloop
endfacet
facet normal -0.7114498595005915 -0.6999748617665771 0.06224379737331176
  outer loop
    vertex 1885.9636766932645 181.00000491781233 581.6895702050796
    vertex 1882.9987532763967 184.10000491781233 582.6620000000152
    vertex 1882.9600130465776 184.1000049178124 582.2191971469643
  endloop
endfacet
facet normal -0.7114498595005915 -0.6999748617665771 0.06224379737331176
  outer loop
    vertex 1882.9987532763967 184.10000491781233 582.6620000000152
    vertex 1885.9636766932645 181.00000491781233 581.6895702050796
    vertex 1886.048753276396 181.0000049178123 582.6620000000155
  endloop
endfacet
facet normal -2.9951578122027148e-09 0.9999999999999967 -8.231334298683513e-08
  outer loop
    vertex 1889.3758331738632 185.00000491781284 585.9111913616085
    vertex 1880.9696978093978 185.00000491781293 585.616423259052
    vertex 1880.4487532763972 185.00000491781293 585.6620000000154
  endloop
endfacet
facet normal -2.9951578122027148e-09 0.9999999999999967 -8.231334298683513e-08
  outer loop
    vertex 1880.9696978093978 185.00000491781293 585.616423259052
    vertex 1889.3758331738632 185.00000491781284 585.9111913616085
    vertex 1889.8044269300128 185.0000049178129 584.3116576878505
  endloop
endfacet
facet normal -2.9951578122027148e-09 0.9999999999999967 -8.231334298683513e-08
  outer loop
    vertex 1880.9696978093978 185.00000491781293 585.616423259052
    vertex 1889.8044269300128 185.0000049178129 584.3116576878505
    vertex 1881.474813706374 185.00000491781293 585.4810778623729
  endloop
endfacet
facet normal -2.9951578122027148e-09 0.9999999999999967 -8.231334298683513e-08
  outer loop
    vertex 1881.474813706374 185.00000491781293 585.4810778623729
    vertex 1889.8044269300128 185.0000049178129 584.3116576878505
    vertex 1881.9487532763972 185.00000491781293 585.2600762113684
  endloop
endfacet
facet normal -2.9951578122027148e-09 0.9999999999999967 -8.231334298683513e-08
  outer loop
    vertex 1881.9487532763972 185.00000491781293 585.2600762113684
    vertex 1889.8044269300128 185.0000049178129 584.3116576878505
    vertex 1882.3771161054567 185.00000491781296 584.9601333293721
  endloop
endfacet
facet normal -2.9951578122027148e-09 0.9999999999999967 -8.231334298683513e-08
  outer loop
    vertex 1882.3771161054567 185.00000491781296 584.9601333293721
    vertex 1889.8044269300128 185.0000049178129 584.3116576878505
    vertex 1882.746886605754 185.000004917813 584.5903628290746
  endloop
endfacet
facet normal -2.9951578122027148e-09 0.9999999999999967 -8.231334298683513e-08
  outer loop
    vertex 1882.746886605754 185.000004917813 584.5903628290746
    vertex 1889.8044269300128 185.0000049178129 584.3116576878505
    vertex 1883.0468294877503 185.0000049178129 584.1620000000152
  endloop
endfacet
facet normal -2.9951578122027148e-09 0.9999999999999967 -8.231334298683513e-08
  outer loop
    vertex 1883.0468294877503 185.0000049178129 584.1620000000152
    vertex 1889.8044269300128 185.0000049178129 584.3116576878505
    vertex 1889.9355122763961 185.00000491781293 582.8133453225568
  endloop
endfacet
facet normal -2.9951578122027148e-09 0.9999999999999967 -8.231334298683513e-08
  outer loop
    vertex 1883.0468294877503 185.0000049178129 584.1620000000152
    vertex 1889.9355122763961 185.00000491781293 582.8133453225568
    vertex 1883.2678311387547 185.000004917813 583.6880604299922
  endloop
endfacet
facet normal -2.9951578122027148e-09 0.9999999999999967 -8.231334298683513e-08
  outer loop
    vertex 1883.2678311387547 185.000004917813 583.6880604299922
    vertex 1889.9355122763961 185.00000491781293 582.8133453225568
    vertex 1883.403176535433 185.00000491781302 583.1829445330158
  endloop
endfacet
facet normal -2.9951578122027148e-09 0.9999999999999967 -8.231334298683513e-08
  outer loop
    vertex 1883.403176535433 185.00000491781302 583.1829445330158
    vertex 1889.9355122763961 185.00000491781293 582.8133453225568
    vertex 1883.4487532763965 185.00000491781302 582.6620000000152
  endloop
endfacet
facet normal -2.9951578122027148e-09 0.9999999999999967 -8.231334298683513e-08
  outer loop
    vertex 1883.4487532763965 185.00000491781302 582.6620000000152
    vertex 1889.9355122763961 185.00000491781293 582.8133453225568
    vertex 1889.9500397900358 185.00000373536028 563.1619982410668
  endloop
endfacet
facet normal -2.9951578122027148e-09 0.9999999999999967 -8.231334298683513e-08
  outer loop
    vertex 1883.4487532763965 185.00000491781302 582.6620000000152
    vertex 1889.9500397900358 185.00000373536028 563.1619982410668
    vertex 1883.403176535433 185.00000491781302 582.1410554670142
  endloop
endfacet
facet normal -2.9951578122027148e-09 0.9999999999999967 -8.231334298683513e-08
  outer loop
    vertex 1883.403176535433 185.00000491781302 582.1410554670142
    vertex 1889.9500397900358 185.00000373536028 563.1619982410668
    vertex 1883.2678311387551 185.00000491781304 581.6359395700381
  endloop
endfacet
facet normal -2.9951578122027148e-09 0.9999999999999967 -8.231334298683513e-08
  outer loop
    vertex 1883.2678311387551 185.00000491781304 581.6359395700381
    vertex 1889.9500397900358 185.00000373536028 563.1619982410668
    vertex 1883.04682948775 185.00000491781307 581.1620000000152
  endloop
endfacet
facet normal -2.9951578122027148e-09 0.9999999999999967 -8.231334298683513e-08
  outer loop
    vertex 1883.04682948775 185.00000491781307 581.1620000000152
    vertex 1889.9500397900358 185.00000373536028 563.1619982410668
    vertex 1882.7468866057536 185.00000491781307 580.7336371709554
  endloop
endfacet
facet normal -2.9951578122027148e-09 0.9999999999999967 -8.231334298683513e-08
  outer loop
    vertex 1882.7468866057536 185.00000491781307 580.7336371709554
    vertex 1889.9500397900358 185.00000373536028 563.1619982410668
    vertex 1882.3771161054567 185.00000491781307 580.3638666706584
  endloop
endfacet
facet normal -2.9951578122027148e-09 0.9999999999999967 -8.231334298683513e-08
  outer loop
    vertex 1882.3771161054567 185.00000491781307 580.3638666706584
    vertex 1889.9500397900358 185.00000373536028 563.1619982410668
    vertex 1881.9487532763972 185.0000049178131 580.0639237886617
  endloop
endfacet
facet normal -2.9951578122027148e-09 0.9999999999999967 -8.231334298683513e-08
  outer loop
    vertex 1881.9487532763972 185.0000049178131 580.0639237886617
    vertex 1889.9500397900358 185.00000373536028 563.1619982410668
    vertex 1881.474813706374 185.0000049178131 579.8429221376572
  endloop
endfacet
facet normal -2.9951578122027148e-09 0.9999999999999967 -8.231334298683513e-08
  outer loop
    vertex 1881.474813706374 185.0000049178131 579.8429221376572
    vertex 1889.9500397900358 185.00000373536028 563.1619982410668
    vertex 1880.9696978093978 185.0000049178131 579.7075767409787
  endloop
endfacet
facet normal -2.9951578122027148e-09 0.9999999999999967 -8.231334298683513e-08
  outer loop
    vertex 1880.9696978093978 185.0000049178131 579.7075767409787
    vertex 1889.9500397900358 185.00000373536028 563.1619982410668
    vertex 1880.4487532763972 185.0000049178131 579.6620000000153
  endloop
endfacet
facet normal -2.9951578122027148e-09 0.9999999999999967 -8.231334298683513e-08
  outer loop
    vertex 1880.4487532763972 185.0000049178131 579.6620000000153
    vertex 1889.9500397900358 185.00000373536028 563.1619982410668
    vertex 1883.9486992243174 185.0000049178131 573.1620000000116
  endloop
endfacet
facet normal -2.9951578122027148e-09 0.9999999999999967 -8.231334298683513e-08
  outer loop
    vertex 1880.4487532763972 185.0000049178131 579.6620000000153
    vertex 1883.9486992243174 185.0000049178131 573.1620000000116
    vertex 1871.9487532763933 185.000004917811 573.1620000000141
  endloop
endfacet
facet normal -2.9951578122027148e-09 0.9999999999999967 -8.231334298683513e-08
  outer loop
    vertex 1883.9486992243174 185.0000049178131 573.1620000000116
    vertex 1889.9500397900358 185.00000373536028 563.1619982410668
    vertex 1883.9487533079796 185.00000000000216 563.1620000000045
  endloop
endfacet
facet normal -2.9951578122027148e-09 0.9999999999999967 -8.231334298683513e-08
  outer loop
    vertex 1882.0984109642327 185.00000491781276 592.0176736536313
    vertex 1871.9487532763962 185.00000491781222 592.162000000016
    vertex 1880.4487532763972 185.00000491781276 592.1620000000153
  endloop
endfacet
facet normal -2.9951578122027148e-09 0.9999999999999967 -8.231334298683513e-08
  outer loop
    vertex 1871.9487532763962 185.00000491781222 592.162000000016
    vertex 1882.0984109642327 185.00000491781276 592.0176736536313
    vertex 1877.8506770650436 185.000004917813 584.1620000000155
  endloop
endfacet
facet normal -2.9951578122027148e-09 0.9999999999999967 -8.231334298683513e-08
  outer loop
    vertex 1871.9487532763962 185.00000491781222 592.162000000016
    vertex 1877.8506770650436 185.000004917813 584.1620000000155
    vertex 1871.9487532763933 185.000004917811 573.1620000000141
  endloop
endfacet
facet normal -2.9951578122027148e-09 0.9999999999999967 -8.231334298683513e-08
  outer loop
    vertex 1877.8506770650436 185.000004917813 584.1620000000155
    vertex 1882.0984109642327 185.00000491781276 592.0176736536313
    vertex 1878.15061994704 185.00000491781296 584.590362829075
  endloop
endfacet
facet normal -2.9951578122027148e-09 0.9999999999999967 -8.231334298683513e-08
  outer loop
    vertex 1878.15061994704 185.00000491781296 584.590362829075
    vertex 1882.0984109642327 185.00000491781276 592.0176736536313
    vertex 1883.4487526339758 185.0000049178128 591.655853263407
  endloop
endfacet
facet normal -2.9951578122027148e-09 0.9999999999999967 -8.231334298683513e-08
  outer loop
    vertex 1878.15061994704 185.00000491781296 584.590362829075
    vertex 1883.4487526339758 185.0000049178128 591.655853263407
    vertex 1883.697944637992 185.0000049178128 591.5890798974813
  endloop
endfacet
facet normal -2.9951578122027148e-09 0.9999999999999967 -8.231334298683513e-08
  outer loop
    vertex 1878.15061994704 185.00000491781296 584.590362829075
    vertex 1883.697944637992 185.0000049178128 591.5890798974813
    vertex 1878.5203904473371 185.00000491781293 584.9601333293724
  endloop
endfacet
facet normal -2.9951578122027148e-09 0.9999999999999967 -8.231334298683513e-08
  outer loop
    vertex 1878.5203904473371 185.00000491781293 584.9601333293724
    vertex 1883.697944637992 185.0000049178128 591.5890798974813
    vertex 1885.1987532763976 185.0000049178127 590.889241335967
  endloop
endfacet
facet normal -2.9951578122027148e-09 0.9999999999999967 -8.231334298683513e-08
  outer loop
    vertex 1878.5203904473371 185.00000491781293 584.9601333293724
    vertex 1885.1987532763976 185.0000049178127 590.889241335967
    vertex 1878.9487532763972 185.00000491781284 585.2600762113684
  endloop
endfacet
facet normal -2.9951578122027148e-09 0.9999999999999967 -8.231334298683513e-08
  outer loop
    vertex 1878.9487532763972 185.00000491781284 585.2600762113684
    vertex 1885.1987532763976 185.0000049178127 590.889241335967
    vertex 1886.5552355684192 185.00000491781276 589.9394222096449
  endloop
endfacet
facet normal -2.9951578122027148e-09 0.9999999999999967 -8.231334298683513e-08
  outer loop
    vertex 1878.9487532763972 185.00000491781284 585.2600762113684
    vertex 1886.5552355684192 185.00000491781276 589.9394222096449
    vertex 1879.4226928464202 185.00000491781293 585.4810778623732
  endloop
endfacet
facet normal -2.9951578122027148e-09 0.9999999999999967 -8.231334298683513e-08
  outer loop
    vertex 1879.4226928464202 185.00000491781293 585.4810778623732
    vertex 1886.5552355684192 185.00000491781276 589.9394222096449
    vertex 1887.7261754860274 185.0000049178128 588.7684822920368
  endloop
endfacet
facet normal -2.9951578122027148e-09 0.9999999999999967 -8.231334298683513e-08
  outer loop
    vertex 1879.4226928464202 185.00000491781293 585.4810778623732
    vertex 1887.7261754860274 185.0000049178128 588.7684822920368
    vertex 1879.9278087433963 185.00000491781293 585.616423259052
  endloop
endfacet
facet normal -2.9951578122027148e-09 0.9999999999999967 -8.231334298683513e-08
  outer loop
    vertex 1879.9278087433963 185.00000491781293 585.616423259052
    vertex 1887.7261754860274 185.0000049178128 588.7684822920368
    vertex 1888.675994612349 185.0000049178129 587.4120000000148
  endloop
endfacet
facet normal -2.9951578122027148e-09 0.9999999999999967 -8.231334298683513e-08
  outer loop
    vertex 1879.9278087433963 185.00000491781293 585.616423259052
    vertex 1888.675994612349 185.0000049178129 587.4120000000148
    vertex 1880.4487532763972 185.00000491781293 585.6620000000154
  endloop
endfacet
facet normal -2.9951578122027148e-09 0.9999999999999967 -8.231334298683513e-08
  outer loop
    vertex 1880.4487532763972 185.00000491781293 585.6620000000154
    vertex 1888.675994612349 185.0000049178129 587.4120000000148
    vertex 1889.3758331738632 185.00000491781284 585.9111913616085
  endloop
endfacet
facet normal -2.9951578122027148e-09 0.9999999999999967 -8.231334298683513e-08
  outer loop
    vertex 1871.9487532763933 185.000004917811 573.1620000000141
    vertex 1877.8506770650436 185.000004917813 584.1620000000155
    vertex 1877.629675414039 185.0000049178129 583.6880604299923
  endloop
endfacet
facet normal -2.9951578122027148e-09 0.9999999999999967 -8.231334298683513e-08
  outer loop
    vertex 1871.9487532763933 185.000004917811 573.1620000000141
    vertex 1877.629675414039 185.0000049178129 583.6880604299923
    vertex 1877.4943300173597 185.000004917813 583.1829445330161
  endloop
endfacet
facet normal -2.9951578122027148e-09 0.9999999999999967 -8.231334298683513e-08
  outer loop
    vertex 1871.9487532763933 185.000004917811 573.1620000000141
    vertex 1877.4943300173597 185.000004917813 583.1829445330161
    vertex 1877.4487532763965 185.00000491781293 582.6620000000155
  endloop
endfacet
facet normal -2.9951578122027148e-09 0.9999999999999967 -8.231334298683513e-08
  outer loop
    vertex 1871.9487532763933 185.000004917811 573.1620000000141
    vertex 1877.4487532763965 185.00000491781293 582.6620000000155
    vertex 1877.4943300173597 185.00000491781302 582.1410554670146
  endloop
endfacet
facet normal -2.9951578122027148e-09 0.9999999999999967 -8.231334298683513e-08
  outer loop
    vertex 1871.9487532763933 185.000004917811 573.1620000000141
    vertex 1877.4943300173597 185.00000491781302 582.1410554670146
    vertex 1877.6296754140394 185.00000491781302 581.6359395700383
  endloop
endfacet
facet normal -2.9951578122027148e-09 0.9999999999999967 -8.231334298683513e-08
  outer loop
    vertex 1871.9487532763933 185.000004917811 573.1620000000141
    vertex 1877.6296754140394 185.00000491781302 581.6359395700383
    vertex 1877.8506770650433 185.00000491781296 581.1620000000155
  endloop
endfacet
facet normal -2.9951578122027148e-09 0.9999999999999967 -8.231334298683513e-08
  outer loop
    vertex 1871.9487532763933 185.000004917811 573.1620000000141
    vertex 1877.8506770650433 185.00000491781296 581.1620000000155
    vertex 1878.1506199470396 185.00000491781307 580.733637170956
  endloop
endfacet
facet normal -2.9951578122027148e-09 0.9999999999999967 -8.231334298683513e-08
  outer loop
    vertex 1871.9487532763933 185.000004917811 573.1620000000141
    vertex 1878.1506199470396 185.00000491781307 580.733637170956
    vertex 1878.5203904473376 185.00000491781307 580.3638666706586
  endloop
endfacet
facet normal -2.9951578122027148e-09 0.9999999999999967 -8.231334298683513e-08
  outer loop
    vertex 1871.9487532763933 185.000004917811 573.1620000000141
    vertex 1878.5203904473376 185.00000491781307 580.3638666706586
    vertex 1878.9487532763972 185.00000491781307 580.0639237886617
  endloop
endfacet
facet normal -2.9951578122027148e-09 0.9999999999999967 -8.231334298683513e-08
  outer loop
    vertex 1871.9487532763933 185.000004917811 573.1620000000141
    vertex 1878.9487532763972 185.00000491781307 580.0639237886617
    vertex 1879.4226928464202 185.0000049178131 579.8429221376575
  endloop
endfacet
facet normal -2.9951578122027148e-09 0.9999999999999967 -8.231334298683513e-08
  outer loop
    vertex 1871.9487532763933 185.000004917811 573.1620000000141
    vertex 1879.4226928464202 185.0000049178131 579.8429221376575
    vertex 1879.9278087433963 185.0000049178131 579.7075767409788
  endloop
endfacet
facet normal -2.9951578122027148e-09 0.9999999999999967 -8.231334298683513e-08
  outer loop
    vertex 1871.9487532763933 185.000004917811 573.1620000000141
    vertex 1879.9278087433963 185.0000049178131 579.7075767409788
    vertex 1880.4487532763972 185.0000049178131 579.6620000000153
  endloop
endfacet
facet normal -0.9961946980917661 5.782452018219227e-16 -0.08715574274742419
  outer loop
    vertex 1889.9355122763961 185.00000491781293 582.8133453225568
    vertex 1889.8044269300128 195.3499715783038 584.3116576878508
    vertex 1889.9355122763961 195.34997157830384 582.8133453225571
  endloop
endfacet
facet normal -0.9961946980917661 5.782452018219227e-16 -0.08715574274742419
  outer loop
    vertex 1889.8044269300128 195.3499715783038 584.3116576878508
    vertex 1889.9355122763961 185.00000491781293 582.8133453225568
    vertex 1889.8044269300128 185.0000049178129 584.3116576878505
  endloop
endfacet
facet normal -0.9659258262890905 5.234811841638542e-15 -0.25881904510243753
  outer loop
    vertex 1889.8044269300128 185.0000049178129 584.3116576878505
    vertex 1889.3758331738632 195.34997157830375 585.9111913616089
    vertex 1889.8044269300128 195.3499715783038 584.3116576878508
  endloop
endfacet
facet normal -0.9659258262890905 5.234811841638542e-15 -0.25881904510243753
  outer loop
    vertex 1889.3758331738632 195.34997157830375 585.9111913616089
    vertex 1889.8044269300128 185.0000049178129 584.3116576878505
    vertex 1889.3758331738632 185.00000491781284 585.9111913616085
  endloop
endfacet
facet normal -0.9063077870366179 -6.0714895138463545e-15 -0.4226182617407685
  outer loop
    vertex 1889.3758331738632 185.00000491781284 585.9111913616085
    vertex 1888.6759946123486 195.3499715783037 587.412000000015
    vertex 1889.3758331738632 195.34997157830375 585.9111913616089
  endloop
endfacet
facet normal -0.9063077870366179 -6.0714895138463545e-15 -0.4226182617407685
  outer loop
    vertex 1888.6759946123486 195.3499715783037 587.412000000015
    vertex 1889.3758331738632 185.00000491781284 585.9111913616085
    vertex 1888.675994612349 185.0000049178129 587.4120000000148
  endloop
endfacet
facet normal -0.8191520442890295 -3.4881921261826185e-16 -0.5735764363509924
  outer loop
    vertex 1888.675994612349 185.0000049178129 587.4120000000148
    vertex 1887.7261754860272 195.3499715783037 588.768482292037
    vertex 1888.6759946123486 195.3499715783037 587.412000000015
  endloop
endfacet
facet normal -0.8191520442890295 -3.4881921261826185e-16 -0.5735764363509924
  outer loop
    vertex 1887.7261754860272 195.3499715783037 588.768482292037
    vertex 1888.675994612349 185.0000049178129 587.4120000000148
    vertex 1887.7261754860274 185.0000049178128 588.7684822920368
  endloop
endfacet
facet normal -0.7071067811865981 1.7712535952045804e-14 -0.7071067811864971
  outer loop
    vertex 1887.7261754860272 195.3499715783037 588.768482292037
    vertex 1886.5552355684192 185.00000491781276 589.9394222096449
    vertex 1886.5552355684192 195.34997157830367 589.9394222096453
  endloop
endfacet
facet normal -0.7071067811865981 1.7712535952045804e-14 -0.7071067811864971
  outer loop
    vertex 1886.5552355684192 185.00000491781276 589.9394222096449
    vertex 1887.7261754860272 195.3499715783037 588.768482292037
    vertex 1887.7261754860274 185.0000049178128 588.7684822920368
  endloop
endfacet
facet normal -0.573576436351146 1.0951213570476498e-14 -0.8191520442889217
  outer loop
    vertex 1886.5552355684192 195.34997157830367 589.9394222096453
    vertex 1885.1987532763976 185.0000049178127 590.889241335967
    vertex 1885.1987532763972 195.3499715783036 590.8892413359672
  endloop
endfacet
facet normal -0.573576436351146 1.0951213570476498e-14 -0.8191520442889217
  outer loop
    vertex 1885.1987532763976 185.0000049178127 590.889241335967
    vertex 1886.5552355684192 195.34997157830367 589.9394222096453
    vertex 1886.5552355684192 185.00000491781276 589.9394222096449
  endloop
endfacet
facet normal -0.42261826174091577 1.4469113781890655e-15 -0.906307787036549
  outer loop
    vertex 1885.1987532763972 195.3499715783036 590.8892413359672
    vertex 1883.697944637992 185.0000049178128 591.5890798974813
    vertex 1883.6979446379912 195.3499715783037 591.5890798974815
  endloop
endfacet
facet normal -0.42261826174091577 1.4469113781890655e-15 -0.906307787036549
  outer loop
    vertex 1883.697944637992 185.0000049178128 591.5890798974813
    vertex 1885.1987532763972 195.3499715783036 590.8892413359672
    vertex 1885.1987532763976 185.0000049178127 590.889241335967
  endloop
endfacet
facet normal -4.631561492859865e-14 9.242372866460132e-14 1.0
  outer loop
    vertex 1883.4487526339753 195.34810886884077 598.6620000000157
    vertex 1871.9487532763983 206.70000491781332 598.6620000000141
    vertex 1871.9487532763976 195.34810886884074 598.6620000000165
  endloop
endfacet
facet normal -4.631561492859865e-14 9.242372866460132e-14 1.0
  outer loop
    vertex 1871.9487532763983 206.70000491781332 598.6620000000141
    vertex 1883.4487526339753 195.34810886884077 598.6620000000157
    vertex 1883.4487532763978 206.70000491781286 598.6620000000161
  endloop
endfacet
facet normal -0.004695467342949202 -0.0002876853848295391 0.9999889348505566
  outer loop
    vertex 1884.1386273677524 195.34810886884077 598.6620000000155
    vertex 1883.4487532763978 206.70000491781286 598.6620000000161
    vertex 1883.4487526339753 195.34810886884077 598.6620000000157
  endloop
endfacet
facet normal -0.004695467342949202 -0.0002876853848295391 0.9999889348505566
  outer loop
    vertex 1883.4487532763978 206.70000491781286 598.6620000000161
    vertex 1884.1386273677524 195.34810886884077 598.6620000000155
    vertex 1884.1273966373146 206.69784056696287 598.6684788955918
  endloop
endfacet
facet normal 0.9063104953863569 0.0011380516507938903 -0.42261092128691674
  outer loop
    vertex 1884.1273966373146 206.69784056696287 598.6684788955918
    vertex 1884.0216733789314 195.35000491781278 598.4111913616076
    vertex 1884.0104426484934 206.69973661593482 598.4176702571839
  endloop
endfacet
facet normal 0.9063104953863569 0.0011380516507938903 -0.42261092128691674
  outer loop
    vertex 1884.0216733789314 195.35000491781278 598.4111913616076
    vertex 1884.1273966373146 206.69784056696287 598.6684788955918
    vertex 1884.1386273677524 195.34810886884077 598.6620000000155
  endloop
endfacet
facet normal 0.9659252381342167 0.0011035420793564035 -0.25881888750675847
  outer loop
    vertex 1884.0216733789314 195.35000491781278 598.4111913616076
    vertex 1883.5818488923435 206.69973661593482 596.8181365834258
    vertex 1884.0104426484934 206.69973661593482 598.4176702571839
  endloop
endfacet
facet normal 0.9659252381342167 0.0011035420793564035 -0.25881888750675847
  outer loop
    vertex 1883.5818488923435 206.69973661593482 596.8181365834258
    vertex 1884.0216733789314 195.35000491781278 598.4111913616076
    vertex 1883.5930796227822 195.3500049178128 596.8116576878498
  endloop
endfacet
facet normal -3.361417769745294e-05 0.9999999994321087 2.4227887576557036e-06
  outer loop
    vertex 1884.0216733789314 195.35000491781278 598.4111913616076
    vertex 1892.4278087433972 195.3500049178127 598.11642325905
    vertex 1883.5930796227822 195.3500049178128 596.8116576878498
  endloop
endfacet
facet normal -3.361417769745294e-05 0.9999999994321087 2.4227887576557036e-06
  outer loop
    vertex 1892.4278087433972 195.3500049178127 598.11642325905
    vertex 1884.0216733789314 195.35000491781278 598.4111913616076
    vertex 1892.9487532763978 195.3500049178127 598.1620000000131
  endloop
endfacet
facet normal -3.361417769745294e-05 0.9999999994321087 2.4227887576557036e-06
  outer loop
    vertex 1883.5930796227822 195.3500049178128 596.8116576878498
    vertex 1892.4278087433972 195.3500049178127 598.11642325905
    vertex 1891.922692846421 195.3500049178126 597.9810778623712
  endloop
endfacet
facet normal -3.361417769745294e-05 0.9999999994321087 2.4227887576557036e-06
  outer loop
    vertex 1883.5930796227822 195.3500049178128 596.8116576878498
    vertex 1891.922692846421 195.3500049178126 597.9810778623712
    vertex 1891.4487532763976 195.3500049178126 597.7600762113669
  endloop
endfacet
facet normal -3.361417769745294e-05 0.9999999994321087 2.4227887576557036e-06
  outer loop
    vertex 1883.5930796227822 195.3500049178128 596.8116576878498
    vertex 1891.4487532763976 195.3500049178126 597.7600762113669
    vertex 1891.020390447338 195.35000491781264 597.4601333293704
  endloop
endfacet
facet normal -3.361417769745294e-05 0.9999999994321087 2.4227887576557036e-06
  outer loop
    vertex 1883.5930796227822 195.3500049178128 596.8116576878498
    vertex 1891.020390447338 195.35000491781264 597.4601333293704
    vertex 1890.6506199470402 195.35000491781264 597.090362829073
  endloop
endfacet
facet normal -3.361417769745294e-05 0.9999999994321087 2.4227887576557036e-06
  outer loop
    vertex 1883.5930796227822 195.3500049178128 596.8116576878498
    vertex 1890.6506199470402 195.35000491781264 597.090362829073
    vertex 1890.3506770650445 195.35000491781267 596.6620000000133
  endloop
endfacet
facet normal -3.361417769745294e-05 0.9999999994321087 2.4227887576557036e-06
  outer loop
    vertex 1883.5930796227822 195.3500049178128 596.8116576878498
    vertex 1890.3506770650445 195.35000491781267 596.6620000000133
    vertex 1883.4487532763976 195.35000491781287 595.162000000014
  endloop
endfacet
facet normal -3.361417769745294e-05 0.9999999994321087 2.4227887576557036e-06
  outer loop
    vertex 1883.4487532763976 195.35000491781287 595.162000000014
    vertex 1890.3506770650445 195.35000491781267 596.6620000000133
    vertex 1890.12967541404 195.35000491781284 596.1880604299928
  endloop
endfacet
facet normal -3.361417769745294e-05 0.9999999994321087 2.4227887576557036e-06
  outer loop
    vertex 1883.4487532763976 195.35000491781287 595.162000000014
    vertex 1890.12967541404 195.35000491781284 596.1880604299928
    vertex 1889.9943300173609 195.35000491781287 595.6829445330167
  endloop
endfacet
facet normal -3.361417769745294e-05 0.9999999994321087 2.4227887576557036e-06
  outer loop
    vertex 1883.4487532763976 195.35000491781287 595.162000000014
    vertex 1889.9943300173609 195.35000491781287 595.6829445330167
    vertex 1889.9487532763976 195.3500049178127 595.1620000000157
  endloop
endfacet
facet normal -3.361417769745294e-05 0.9999999994321087 2.4227887576557036e-06
  outer loop
    vertex 1883.4487532763976 195.35000491781287 595.162000000014
    vertex 1889.9487532763976 195.3500049178127 595.1620000000157
    vertex 1889.9943300173609 195.3500049178127 594.6410554670148
  endloop
endfacet
facet normal -3.361417769745294e-05 0.9999999994321087 2.4227887576557036e-06
  outer loop
    vertex 1883.4487532763976 195.35000491781287 595.162000000014
    vertex 1889.9943300173609 195.3500049178127 594.6410554670148
    vertex 1883.4487526339751 195.34810886884102 591.6558532634073
  endloop
endfacet
facet normal -3.361417769745294e-05 0.9999999994321087 2.4227887576557036e-06
  outer loop
    vertex 1883.4487526339751 195.34810886884102 591.6558532634073
    vertex 1889.9943300173609 195.3500049178127 594.6410554670148
    vertex 1890.1296754140396 195.3500049178127 594.1359395700387
  endloop
endfacet
facet normal -3.361417769745294e-05 0.9999999994321087 2.4227887576557036e-06
  outer loop
    vertex 1883.4487526339751 195.34810886884102 591.6558532634073
    vertex 1890.1296754140396 195.3500049178127 594.1359395700387
    vertex 1890.3506770650438 195.35000491781275 593.6620000000132
  endloop
endfacet
facet normal -3.361417769745294e-05 0.9999999994321087 2.4227887576557036e-06
  outer loop
    vertex 1883.4487526339751 195.34810886884102 591.6558532634073
    vertex 1890.3506770650438 195.35000491781275 593.6620000000132
    vertex 1890.6506199470402 195.35000491781275 593.2336371709539
  endloop
endfacet
facet normal -3.361417769745294e-05 0.9999999994321087 2.4227887576557036e-06
  outer loop
    vertex 1883.4487526339751 195.34810886884102 591.6558532634073
    vertex 1890.6506199470402 195.35000491781275 593.2336371709539
    vertex 1891.0203904473374 195.35000491781284 592.8638666706565
  endloop
endfacet
facet normal -3.361417769745294e-05 0.9999999994321087 2.4227887576557036e-06
  outer loop
    vertex 1883.4487526339751 195.34810886884102 591.6558532634073
    vertex 1891.0203904473374 195.35000491781284 592.8638666706565
    vertex 1891.4487532763972 195.35000491781292 592.5639237886602
  endloop
endfacet
facet normal -3.361417769745294e-05 0.9999999994321087 2.4227887576557036e-06
  outer loop
    vertex 1883.4487526339751 195.34810886884102 591.6558532634073
    vertex 1891.4487532763972 195.35000491781292 592.5639237886602
    vertex 1891.9226928464202 195.35000491781304 592.3429221376555
  endloop
endfacet
facet normal -3.361417769745294e-05 0.9999999994321087 2.4227887576557036e-06
  outer loop
    vertex 1883.4487526339751 195.34810886884102 591.6558532634073
    vertex 1891.9226928464202 195.35000491781304 592.3429221376555
    vertex 1892.4278087433963 195.35000491781304 592.2075767409767
  endloop
endfacet
facet normal -3.361417769745294e-05 0.9999999994321087 2.4227887576557036e-06
  outer loop
    vertex 1883.4487526339751 195.34810886884102 591.6558532634073
    vertex 1892.4278087433963 195.35000491781304 592.2075767409767
    vertex 1892.9487532763972 195.35000491781304 592.1620000000131
  endloop
endfacet
facet normal -3.361417769745294e-05 0.9999999994321087 2.4227887576557036e-06
  outer loop
    vertex 1901.1759946123505 195.35000491781275 599.9120000000128
    vertex 1884.1386273677524 195.34810886884077 598.6620000000155
    vertex 1883.4487526339753 195.34810886884077 598.6620000000157
  endloop
endfacet
facet normal -3.361417769745294e-05 0.9999999994321087 2.4227887576557036e-06
  outer loop
    vertex 1884.1386273677524 195.34810886884077 598.6620000000155
    vertex 1901.1759946123505 195.35000491781275 599.9120000000128
    vertex 1901.8758331738643 195.35000491781278 598.4111913616066
  endloop
endfacet
facet normal -3.361417769745294e-05 0.9999999994321087 2.4227887576557036e-06
  outer loop
    vertex 1884.1386273677524 195.34810886884077 598.6620000000155
    vertex 1901.8758331738643 195.35000491781278 598.4111913616066
    vertex 1884.0216733789314 195.35000491781278 598.4111913616076
  endloop
endfacet
facet normal -3.361417769745294e-05 0.9999999994321087 2.4227887576557036e-06
  outer loop
    vertex 1884.0216733789314 195.35000491781278 598.4111913616076
    vertex 1901.8758331738643 195.35000491781278 598.4111913616066
    vertex 1892.9487532763978 195.3500049178127 598.1620000000131
  endloop
endfacet
facet normal -3.361417769745294e-05 0.9999999994321087 2.4227887576557036e-06
  outer loop
    vertex 1892.9487532763978 195.3500049178127 598.1620000000131
    vertex 1901.8758331738643 195.35000491781278 598.4111913616066
    vertex 1893.469697809399 195.3500049178127 598.11642325905
  endloop
endfacet
facet normal -3.361417769745294e-05 0.9999999994321087 2.4227887576557036e-06
  outer loop
    vertex 1893.469697809399 195.3500049178127 598.11642325905
    vertex 1901.8758331738643 195.35000491781278 598.4111913616066
    vertex 1902.3044269300137 195.35000491781284 596.8116576878487
  endloop
endfacet
facet normal -3.361417769745294e-05 0.9999999994321087 2.4227887576557036e-06
  outer loop
    vertex 1893.469697809399 195.3500049178127 598.11642325905
    vertex 1902.3044269300137 195.35000491781284 596.8116576878487
    vertex 1893.974813706375 195.3500049178126 597.9810778623711
  endloop
endfacet
facet normal -3.361417769745294e-05 0.9999999994321087 2.4227887576557036e-06
  outer loop
    vertex 1893.974813706375 195.3500049178126 597.9810778623711
    vertex 1902.3044269300137 195.35000491781284 596.8116576878487
    vertex 1894.4487532763976 195.3500049178126 597.7600762113667
  endloop
endfacet
facet normal -3.361417769745294e-05 0.9999999994321087 2.4227887576557036e-06
  outer loop
    vertex 1894.4487532763976 195.3500049178126 597.7600762113667
    vertex 1902.3044269300137 195.35000491781284 596.8116576878487
    vertex 1894.8771161054572 195.35000491781273 597.4601333293701
  endloop
endfacet
facet normal -3.361417769745294e-05 0.9999999994321087 2.4227887576557036e-06
  outer loop
    vertex 1894.8771161054572 195.35000491781273 597.4601333293701
    vertex 1902.3044269300137 195.35000491781284 596.8116576878487
    vertex 1895.2468866057545 195.35000491781267 597.0903628290728
  endloop
endfacet
facet normal -3.361417769745294e-05 0.9999999994321087 2.4227887576557036e-06
  outer loop
    vertex 1895.2468866057545 195.35000491781267 597.0903628290728
    vertex 1902.3044269300137 195.35000491781284 596.8116576878487
    vertex 1895.5468294877512 195.35000491781275 596.6620000000131
  endloop
endfacet
facet normal -3.361417769745294e-05 0.9999999994321087 2.4227887576557036e-06
  outer loop
    vertex 1895.5468294877512 195.35000491781275 596.6620000000131
    vertex 1902.3044269300137 195.35000491781284 596.8116576878487
    vertex 1895.7678311387554 195.35000491781267 596.1880604299902
  endloop
endfacet
facet normal -3.361417769745294e-05 0.9999999994321087 2.4227887576557036e-06
  outer loop
    vertex 1895.7678311387554 195.35000491781267 596.1880604299902
    vertex 1902.3044269300137 195.35000491781284 596.8116576878487
    vertex 1910.4487533079825 195.35000000000184 563.162000000003
  endloop
endfacet
facet normal -3.361417769745294e-05 0.9999999994321087 2.4227887576557036e-06
  outer loop
    vertex 1895.7678311387554 195.35000491781267 596.1880604299902
    vertex 1910.4487533079825 195.35000000000184 563.162000000003
    vertex 1895.903176535434 195.35000491781278 595.682944533014
  endloop
endfacet
facet normal -3.361417769745294e-05 0.9999999994321087 2.4227887576557036e-06
  outer loop
    vertex 1895.903176535434 195.35000491781278 595.682944533014
    vertex 1910.4487533079825 195.35000000000184 563.162000000003
    vertex 1895.9487532763976 195.3500049178127 595.1620000000131
  endloop
endfacet
facet normal -3.361417769745294e-05 0.9999999994321087 2.4227887576557036e-06
  outer loop
    vertex 1895.9487532763976 195.3500049178127 595.1620000000131
    vertex 1910.4487533079825 195.35000000000184 563.162000000003
    vertex 1895.903176535434 195.3500049178127 594.6410554670125
  endloop
endfacet
facet normal -3.361417769745294e-05 0.9999999994321087 2.4227887576557036e-06
  outer loop
    vertex 1895.903176535434 195.3500049178127 594.6410554670125
    vertex 1910.4487533079825 195.35000000000184 563.162000000003
    vertex 1895.7678311387554 195.3500049178128 594.135939570036
  endloop
endfacet
facet normal -3.361417769745294e-05 0.9999999994321087 2.4227887576557036e-06
  outer loop
    vertex 1895.7678311387554 195.3500049178128 594.135939570036
    vertex 1910.4487533079825 195.35000000000184 563.162000000003
    vertex 1895.5468294877503 195.35000491781275 593.6620000000131
  endloop
endfacet
facet normal -3.361417769745294e-05 0.9999999994321087 2.4227887576557036e-06
  outer loop
    vertex 1895.5468294877503 195.35000491781275 593.6620000000131
    vertex 1910.4487533079825 195.35000000000184 563.162000000003
    vertex 1895.246886605754 195.35000491781284 593.2336371709536
  endloop
endfacet
facet normal -3.361417769745294e-05 0.9999999994321087 2.4227887576557036e-06
  outer loop
    vertex 1895.246886605754 195.35000491781284 593.2336371709536
    vertex 1910.4487533079825 195.35000000000184 563.162000000003
    vertex 1894.8771161054567 195.35000491781275 592.8638666706563
  endloop
endfacet
facet normal -3.361417769745294e-05 0.9999999994321087 2.4227887576557036e-06
  outer loop
    vertex 1894.8771161054567 195.35000491781275 592.8638666706563
    vertex 1910.4487533079825 195.35000000000184 563.162000000003
    vertex 1894.4487532763972 195.35000491781278 592.5639237886601
  endloop
endfacet
facet normal -3.361417769745294e-05 0.9999999994321087 2.4227887576557036e-06
  outer loop
    vertex 1894.4487532763972 195.35000491781278 592.5639237886601
    vertex 1910.4487533079825 195.35000000000184 563.162000000003
    vertex 1893.9748137063743 195.35000491781287 592.3429221376554
  endloop
endfacet
facet normal -3.361417769745294e-05 0.9999999994321087 2.4227887576557036e-06
  outer loop
    vertex 1893.9748137063743 195.35000491781287 592.3429221376554
    vertex 1910.4487533079825 195.35000000000184 563.162000000003
    vertex 1893.4696978093978 195.35000491781304 592.2075767409766
  endloop
endfacet
facet normal -3.361417769745294e-05 0.9999999994321087 2.4227887576557036e-06
  outer loop
    vertex 1893.4696978093978 195.35000491781304 592.2075767409766
    vertex 1910.4487533079825 195.35000000000184 563.162000000003
    vertex 1892.9487532763972 195.35000491781304 592.1620000000131
  endloop
endfacet
facet normal -3.361417769745294e-05 0.9999999994321087 2.4227887576557036e-06
  outer loop
    vertex 1892.9487532763972 195.35000491781304 592.1620000000131
    vertex 1910.4487533079825 195.35000000000184 563.162000000003
    vertex 1887.7261754860272 195.3499715783037 588.768482292037
  endloop
endfacet
facet normal -3.361417769745294e-05 0.9999999994321087 2.4227887576557036e-06
  outer loop
    vertex 1892.9487532763972 195.35000491781304 592.1620000000131
    vertex 1887.7261754860272 195.3499715783037 588.768482292037
    vertex 1886.5552355684192 195.34997157830367 589.9394222096453
  endloop
endfacet
facet normal -3.361417769745294e-05 0.9999999994321087 2.4227887576557036e-06
  outer loop
    vertex 1892.9487532763972 195.35000491781304 592.1620000000131
    vertex 1886.5552355684192 195.34997157830367 589.9394222096453
    vertex 1885.1987532763972 195.3499715783036 590.8892413359672
  endloop
endfacet
facet normal -3.361417769745294e-05 0.9999999994321087 2.4227887576557036e-06
  outer loop
    vertex 1892.9487532763972 195.35000491781304 592.1620000000131
    vertex 1885.1987532763972 195.3499715783036 590.8892413359672
    vertex 1883.6979446379912 195.3499715783037 591.5890798974815
  endloop
endfacet
facet normal -3.361417769745294e-05 0.9999999994321087 2.4227887576557036e-06
  outer loop
    vertex 1892.9487532763972 195.35000491781304 592.1620000000131
    vertex 1883.6979446379912 195.3499715783037 591.5890798974815
    vertex 1883.4487526339751 195.34810886884102 591.6558532634073
  endloop
endfacet
facet normal -3.361417769745294e-05 0.9999999994321087 2.4227887576557036e-06
  outer loop
    vertex 1887.7261754860272 195.3499715783037 588.768482292037
    vertex 1910.4487533079825 195.35000000000184 563.162000000003
    vertex 1888.6759946123486 195.3499715783037 587.412000000015
  endloop
endfacet
facet normal -3.361417769745294e-05 0.9999999994321087 2.4227887576557036e-06
  outer loop
    vertex 1888.6759946123486 195.3499715783037 587.412000000015
    vertex 1910.4487533079825 195.35000000000184 563.162000000003
    vertex 1889.3758331738632 195.34997157830375 585.9111913616089
  endloop
endfacet
facet normal -3.361417769745294e-05 0.9999999994321087 2.4227887576557036e-06
  outer loop
    vertex 1889.3758331738632 195.34997157830375 585.9111913616089
    vertex 1910.4487533079825 195.35000000000184 563.162000000003
    vertex 1889.8044269300128 195.3499715783038 584.3116576878508
  endloop
endfacet
facet normal -3.361417769745294e-05 0.9999999994321087 2.4227887576557036e-06
  outer loop
    vertex 1889.8044269300128 195.3499715783038 584.3116576878508
    vertex 1910.4487533079825 195.35000000000184 563.162000000003
    vertex 1889.9355122763961 195.34997157830384 582.8133453225571
  endloop
endfacet
facet normal -3.361417769745294e-05 0.9999999994321087 2.4227887576557036e-06
  outer loop
    vertex 1889.9355122763961 195.34997157830384 582.8133453225571
    vertex 1910.4487533079825 195.35000000000184 563.162000000003
    vertex 1894.9487532763953 195.3498272512315 572.0100762113672
  endloop
endfacet
facet normal -3.361417769745294e-05 0.9999999994321087 2.4227887576557036e-06
  outer loop
    vertex 1889.9355122763961 195.34997157830384 582.8133453225571
    vertex 1894.9487532763953 195.3498272512315 572.0100762113672
    vertex 1894.4748137063727 195.34982725123146 572.2310778623715
  endloop
endfacet
facet normal -3.361417769745294e-05 0.9999999994321087 2.4227887576557036e-06
  outer loop
    vertex 1889.9355122763961 195.34997157830384 582.8133453225571
    vertex 1894.4748137063727 195.34982725123146 572.2310778623715
    vertex 1893.9696978093966 195.34982725123146 572.3664232590503
  endloop
endfacet
facet normal -3.361417769745294e-05 0.9999999994321087 2.4227887576557036e-06
  outer loop
    vertex 1889.9355122763961 195.34997157830384 582.8133453225571
    vertex 1893.9696978093966 195.34982725123146 572.3664232590503
    vertex 1893.4487532763956 195.34982725123146 572.4120000000138
  endloop
endfacet
facet normal -3.361417769745294e-05 0.9999999994321087 2.4227887576557036e-06
  outer loop
    vertex 1894.9487532763953 195.3498272512315 572.0100762113672
    vertex 1910.4487533079825 195.35000000000184 563.162000000003
    vertex 1895.377116105455 195.3498272512315 571.7101333293703
  endloop
endfacet
facet normal -3.361417769745294e-05 0.9999999994321087 2.4227887576557036e-06
  outer loop
    vertex 1895.377116105455 195.3498272512315 571.7101333293703
    vertex 1910.4487533079825 195.35000000000184 563.162000000003
    vertex 1895.7468866057525 195.3498272512315 571.3403628290731
  endloop
endfacet
facet normal -3.361417769745294e-05 0.9999999994321087 2.4227887576557036e-06
  outer loop
    vertex 1895.7468866057525 195.3498272512315 571.3403628290731
    vertex 1910.4487533079825 195.35000000000184 563.162000000003
    vertex 1896.0468294877487 195.3498272512315 570.9120000000136
  endloop
endfacet
facet normal -3.361417769745294e-05 0.9999999994321087 2.4227887576557036e-06
  outer loop
    vertex 1896.0468294877487 195.3498272512315 570.9120000000136
    vertex 1910.4487533079825 195.35000000000184 563.162000000003
    vertex 1896.267831138753 195.34982725123155 570.4380604299906
  endloop
endfacet
facet normal -3.361417769745294e-05 0.9999999994321087 2.4227887576557036e-06
  outer loop
    vertex 1896.267831138753 195.34982725123155 570.4380604299906
    vertex 1910.4487533079825 195.35000000000184 563.162000000003
    vertex 1896.4031765354318 195.34982725123155 569.9329445330145
  endloop
endfacet
facet normal -3.361417769745294e-05 0.9999999994321087 2.4227887576557036e-06
  outer loop
    vertex 1896.4031765354318 195.34982725123155 569.9329445330145
    vertex 1910.4487533079825 195.35000000000184 563.162000000003
    vertex 1896.4487532763953 195.3500049178132 569.4120000000134
  endloop
endfacet
facet normal -3.361417769745294e-05 0.9999999994321087 2.4227887576557036e-06
  outer loop
    vertex 1896.4487532763953 195.3500049178132 569.4120000000134
    vertex 1910.4487533079825 195.35000000000184 563.162000000003
    vertex 1896.4031765354318 195.34982725123157 568.891055467013
  endloop
endfacet
facet normal -3.361417769745294e-05 0.9999999994321087 2.4227887576557036e-06
  outer loop
    vertex 1896.4031765354318 195.34982725123157 568.891055467013
    vertex 1910.4487533079825 195.35000000000184 563.162000000003
    vertex 1896.2678311387529 195.34982725123157 568.3859395700365
  endloop
endfacet
facet normal -3.361417769745294e-05 0.9999999994321087 2.4227887576557036e-06
  outer loop
    vertex 1896.2678311387529 195.34982725123157 568.3859395700365
    vertex 1910.4487533079825 195.35000000000184 563.162000000003
    vertex 1896.046829487748 195.34982725123157 567.9120000000136
  endloop
endfacet
facet normal -3.361417769745294e-05 0.9999999994321087 2.4227887576557036e-06
  outer loop
    vertex 1896.046829487748 195.34982725123157 567.9120000000136
    vertex 1910.4487533079825 195.35000000000184 563.162000000003
    vertex 1895.7468866057518 195.3498272512316 567.483637170954
  endloop
endfacet
facet normal -3.361417769745294e-05 0.9999999994321087 2.4227887576557036e-06
  outer loop
    vertex 1895.7468866057518 195.3498272512316 567.483637170954
    vertex 1910.4487533079825 195.35000000000184 563.162000000003
    vertex 1895.3771161054544 195.3498272512316 567.1138666706564
  endloop
endfacet
facet normal -3.361417769745294e-05 0.9999999994321087 2.4227887576557036e-06
  outer loop
    vertex 1895.3771161054544 195.3498272512316 567.1138666706564
    vertex 1910.4487533079825 195.35000000000184 563.162000000003
    vertex 1894.9487532763949 195.34982725123163 566.8139237886604
  endloop
endfacet
facet normal -3.361417769745294e-05 0.9999999994321087 2.4227887576557036e-06
  outer loop
    vertex 1894.9487532763949 195.34982725123163 566.8139237886604
    vertex 1910.4487533079825 195.35000000000184 563.162000000003
    vertex 1894.474813706372 195.34982725123163 566.5929221376558
  endloop
endfacet
facet normal -3.361417769745294e-05 0.9999999994321087 2.4227887576557036e-06
  outer loop
    vertex 1894.474813706372 195.34982725123163 566.5929221376558
    vertex 1910.4487533079825 195.35000000000184 563.162000000003
    vertex 1893.969697809396 195.34982725123163 566.4575767409771
  endloop
endfacet
facet normal -3.361417769745294e-05 0.9999999994321087 2.4227887576557036e-06
  outer loop
    vertex 1893.969697809396 195.34982725123163 566.4575767409771
    vertex 1910.4487533079825 195.35000000000184 563.162000000003
    vertex 1893.4487532763949 195.34982725123163 566.4120000000137
  endloop
endfacet
facet normal -3.361417769745294e-05 0.9999999994321087 2.4227887576557036e-06
  outer loop
    vertex 1893.4487532763949 195.34982725123163 566.4120000000137
    vertex 1910.4487533079825 195.35000000000184 563.162000000003
    vertex 1889.950039505913 195.34991126581716 563.1621102807283
  endloop
endfacet
facet normal -3.361417769745294e-05 0.9999999994321087 2.4227887576557036e-06
  outer loop
    vertex 1889.9355122763961 195.34997157830384 582.8133453225571
    vertex 1890.4487532763953 195.34982725123146 569.4120000000155
    vertex 1889.950039505913 195.34991126581716 563.1621102807283
  endloop
endfacet
facet normal -3.361417769745294e-05 0.9999999994321087 2.4227887576557036e-06
  outer loop
    vertex 1890.4487532763953 195.34982725123146 569.4120000000155
    vertex 1889.9355122763961 195.34997157830384 582.8133453225571
    vertex 1890.4943300173586 195.34982725123155 569.9329445330148
  endloop
endfacet
facet normal -3.361417769745294e-05 0.9999999994321087 2.4227887576557036e-06
  outer loop
    vertex 1890.4943300173586 195.34982725123155 569.9329445330148
    vertex 1889.9355122763961 195.34997157830384 582.8133453225571
    vertex 1890.6296754140378 195.34982725123152 570.438060429991
  endloop
endfacet
facet normal -3.361417769745294e-05 0.9999999994321087 2.4227887576557036e-06
  outer loop
    vertex 1890.6296754140378 195.34982725123152 570.438060429991
    vertex 1889.9355122763961 195.34997157830384 582.8133453225571
    vertex 1890.8506770650422 195.3498272512314 570.9120000000139
  endloop
endfacet
facet normal -3.361417769745294e-05 0.9999999994321087 2.4227887576557036e-06
  outer loop
    vertex 1890.8506770650422 195.3498272512314 570.9120000000139
    vertex 1889.9355122763961 195.34997157830384 582.8133453225571
    vertex 1891.1506199470384 195.3498272512315 571.3403628290735
  endloop
endfacet
facet normal -3.361417769745294e-05 0.9999999994321087 2.4227887576557036e-06
  outer loop
    vertex 1891.1506199470384 195.3498272512315 571.3403628290735
    vertex 1889.9355122763961 195.34997157830384 582.8133453225571
    vertex 1891.5203904473353 195.3498272512315 571.7101333293707
  endloop
endfacet
facet normal -3.361417769745294e-05 0.9999999994321087 2.4227887576557036e-06
  outer loop
    vertex 1891.5203904473353 195.3498272512315 571.7101333293707
    vertex 1889.9355122763961 195.34997157830384 582.8133453225571
    vertex 1891.9487532763953 195.34982725123146 572.0100762113674
  endloop
endfacet
facet normal -3.361417769745294e-05 0.9999999994321087 2.4227887576557036e-06
  outer loop
    vertex 1891.9487532763953 195.34982725123146 572.0100762113674
    vertex 1889.9355122763961 195.34997157830384 582.8133453225571
    vertex 1892.4226928464186 195.34982725123146 572.2310778623716
  endloop
endfacet
facet normal -3.361417769745294e-05 0.9999999994321087 2.4227887576557036e-06
  outer loop
    vertex 1892.4226928464186 195.34982725123146 572.2310778623716
    vertex 1889.9355122763961 195.34997157830384 582.8133453225571
    vertex 1892.927808743395 195.34982725123146 572.3664232590502
  endloop
endfacet
facet normal -3.361417769745294e-05 0.9999999994321087 2.4227887576557036e-06
  outer loop
    vertex 1892.927808743395 195.34982725123146 572.3664232590502
    vertex 1889.9355122763961 195.34997157830384 582.8133453225571
    vertex 1893.4487532763956 195.34982725123146 572.4120000000138
  endloop
endfacet
facet normal -3.361417769745294e-05 0.9999999994321087 2.4227887576557036e-06
  outer loop
    vertex 1889.950039505913 195.34991126581716 563.1621102807283
    vertex 1890.4487532763953 195.34982725123146 569.4120000000155
    vertex 1890.4943300173586 195.34982725123155 568.8910554670133
  endloop
endfacet
facet normal -3.361417769745294e-05 0.9999999994321087 2.4227887576557036e-06
  outer loop
    vertex 1889.950039505913 195.34991126581716 563.1621102807283
    vertex 1890.4943300173586 195.34982725123155 568.8910554670133
    vertex 1890.6296754140371 195.3498272512315 568.3859395700368
  endloop
endfacet
facet normal -3.361417769745294e-05 0.9999999994321087 2.4227887576557036e-06
  outer loop
    vertex 1889.950039505913 195.34991126581716 563.1621102807283
    vertex 1890.6296754140371 195.3498272512315 568.3859395700368
    vertex 1890.8506770650415 195.34982725123177 567.9120000000139
  endloop
endfacet
facet normal -3.361417769745294e-05 0.9999999994321087 2.4227887576557036e-06
  outer loop
    vertex 1889.950039505913 195.34991126581716 563.1621102807283
    vertex 1890.8506770650415 195.34982725123177 567.9120000000139
    vertex 1891.1506199470377 195.34982725123157 567.4836371709544
  endloop
endfacet
facet normal -3.361417769745294e-05 0.9999999994321087 2.4227887576557036e-06
  outer loop
    vertex 1889.950039505913 195.34991126581716 563.1621102807283
    vertex 1891.1506199470377 195.34982725123157 567.4836371709544
    vertex 1891.5203904473349 195.3498272512316 567.1138666706569
  endloop
endfacet
facet normal -3.361417769745294e-05 0.9999999994321087 2.4227887576557036e-06
  outer loop
    vertex 1889.950039505913 195.34991126581716 563.1621102807283
    vertex 1891.5203904473349 195.3498272512316 567.1138666706569
    vertex 1891.9487532763949 195.34982725123155 566.8139237886606
  endloop
endfacet
facet normal -3.361417769745294e-05 0.9999999994321087 2.4227887576557036e-06
  outer loop
    vertex 1889.950039505913 195.34991126581716 563.1621102807283
    vertex 1891.9487532763949 195.34982725123155 566.8139237886606
    vertex 1892.422692846418 195.34982725123163 566.5929221376559
  endloop
endfacet
facet normal -3.361417769745294e-05 0.9999999994321087 2.4227887576557036e-06
  outer loop
    vertex 1889.950039505913 195.34991126581716 563.1621102807283
    vertex 1892.422692846418 195.34982725123163 566.5929221376559
    vertex 1892.9278087433947 195.34982725123163 566.457576740977
  endloop
endfacet
facet normal -3.361417769745294e-05 0.9999999994321087 2.4227887576557036e-06
  outer loop
    vertex 1889.950039505913 195.34991126581716 563.1621102807283
    vertex 1892.9278087433947 195.34982725123163 566.457576740977
    vertex 1893.4487532763949 195.34982725123163 566.4120000000137
  endloop
endfacet
facet normal -3.361417769745294e-05 0.9999999994321087 2.4227887576557036e-06
  outer loop
    vertex 1894.5984109642343 195.3500049178126 604.5176736536293
    vertex 1871.9487532763983 195.34997157830304 604.6620000000141
    vertex 1892.9487532763983 195.35000491781253 604.6620000000134
  endloop
endfacet
facet normal -3.361417769745294e-05 0.9999999994321087 2.4227887576557036e-06
  outer loop
    vertex 1871.9487532763983 195.34997157830304 604.6620000000141
    vertex 1894.5984109642343 195.3500049178126 604.5176736536293
    vertex 1871.9487532763976 195.34810886884074 598.6620000000165
  endloop
endfacet
facet normal -3.361417769745294e-05 0.9999999994321087 2.4227887576557036e-06
  outer loop
    vertex 1871.9487532763976 195.34810886884074 598.6620000000165
    vertex 1894.5984109642343 195.3500049178126 604.5176736536293
    vertex 1896.197944637992 195.35000491781267 604.0890798974793
  endloop
endfacet
facet normal -3.361417769745294e-05 0.9999999994321087 2.4227887576557036e-06
  outer loop
    vertex 1871.9487532763976 195.34810886884074 598.6620000000165
    vertex 1896.197944637992 195.35000491781267 604.0890798974793
    vertex 1897.6987532763978 195.35000491781256 603.3892413359653
  endloop
endfacet
facet normal -3.361417769745294e-05 0.9999999994321087 2.4227887576557036e-06
  outer loop
    vertex 1871.9487532763976 195.34810886884074 598.6620000000165
    vertex 1897.6987532763978 195.35000491781256 603.3892413359653
    vertex 1899.0552355684201 195.3500049178127 602.4394222096431
  endloop
endfacet
facet normal -3.361417769745294e-05 0.9999999994321087 2.4227887576557036e-06
  outer loop
    vertex 1871.9487532763976 195.34810886884074 598.6620000000165
    vertex 1899.0552355684201 195.3500049178127 602.4394222096431
    vertex 1900.2261754860283 195.35000491781264 601.268482292035
  endloop
endfacet
facet normal -3.361417769745294e-05 0.9999999994321087 2.4227887576557036e-06
  outer loop
    vertex 1871.9487532763976 195.34810886884074 598.6620000000165
    vertex 1900.2261754860283 195.35000491781264 601.268482292035
    vertex 1901.1759946123505 195.35000491781275 599.9120000000128
  endloop
endfacet
facet normal -3.361417769745294e-05 0.9999999994321087 2.4227887576557036e-06
  outer loop
    vertex 1871.9487532763976 195.34810886884074 598.6620000000165
    vertex 1901.1759946123505 195.35000491781275 599.9120000000128
    vertex 1883.4487526339753 195.34810886884077 598.6620000000157
  endloop
endfacet
facet normal -0.9999997267490127 -9.724497857702741e-09 -0.0007392576682632249
  outer loop
    vertex 1889.950039505913 195.34991126581716 563.1621102807283
    vertex 1889.9355122763961 185.00000491781293 582.8133453225568
    vertex 1889.9355122763961 195.34997157830384 582.8133453225571
  endloop
endfacet
facet normal -0.9999997267490127 -9.724497857702741e-09 -0.0007392576682632249
  outer loop
    vertex 1889.9355122763961 185.00000491781293 582.8133453225568
    vertex 1889.950039505913 195.34991126581716 563.1621102807283
    vertex 1889.9500397900358 185.00000373536028 563.1619982410668
  endloop
endfacet
facet normal -3.2901218939825372e-06 0.9999999999945877 2.4491520706975353e-14
  outer loop
    vertex 1893.9696961643356 195.84982725122865 572.3664232590504
    vertex 1892.927807098334 195.84982725122865 572.3664232590504
    vertex 1893.4487516313345 195.84982725122865 572.4120000000138
  endloop
endfacet
facet normal -3.2901218939825372e-06 0.9999999999945877 2.4491520706975353e-14
  outer loop
    vertex 1892.927807098334 195.84982725122865 572.3664232590504
    vertex 1893.9696961643356 195.84982725122865 572.3664232590504
    vertex 1894.4748120613117 195.84982725122873 572.2310778623715
  endloop
endfacet
facet normal -3.2901218939825372e-06 0.9999999999945877 2.4491520706975353e-14
  outer loop
    vertex 1892.927807098334 195.84982725122865 572.3664232590504
    vertex 1894.4748120613117 195.84982725122873 572.2310778623715
    vertex 1892.4226912013576 195.84982725122865 572.2310778623716
  endloop
endfacet
facet normal -3.2901218939825372e-06 0.9999999999945877 2.4491520706975353e-14
  outer loop
    vertex 1892.4226912013576 195.84982725122865 572.2310778623716
    vertex 1894.4748120613117 195.84982725122873 572.2310778623715
    vertex 1894.9487516313343 195.84982725122876 572.0100762113672
  endloop
endfacet
facet normal -3.2901218939825372e-06 0.9999999999945877 2.4491520706975353e-14
  outer loop
    vertex 1892.4226912013576 195.84982725122865 572.2310778623716
    vertex 1894.9487516313343 195.84982725122876 572.0100762113672
    vertex 1891.9487516313343 195.84982725122873 572.0100762113674
  endloop
endfacet
facet normal -3.2901218939825372e-06 0.9999999999945877 2.4491520706975353e-14
  outer loop
    vertex 1891.9487516313343 195.84982725122873 572.0100762113674
    vertex 1894.9487516313343 195.84982725122876 572.0100762113672
    vertex 1893.4487516313343 195.84982725122876 571.9620000000139
  endloop
endfacet
facet normal -3.2901218939825372e-06 0.9999999999945877 2.4491520706975353e-14
  outer loop
    vertex 1893.4487516313343 195.84982725122876 571.9620000000139
    vertex 1894.9487516313343 195.84982725122876 572.0100762113672
    vertex 1893.8915544843849 195.84982725122867 571.9232597701948
  endloop
endfacet
facet normal -3.2901218939825372e-06 0.9999999999945877 2.4491520706975353e-14
  outer loop
    vertex 1893.8915544843849 195.84982725122867 571.9232597701948
    vertex 1894.9487516313343 195.84982725122876 572.0100762113672
    vertex 1895.3771144603938 195.84982725122867 571.7101333293705
  endloop
endfacet
facet normal -3.2901218939825372e-06 0.9999999999945877 2.4491520706975353e-14
  outer loop
    vertex 1893.8915544843849 195.84982725122867 571.9232597701948
    vertex 1895.3771144603938 195.84982725122867 571.7101333293705
    vertex 1894.3209029968148 195.84982725122867 571.8082161830177
  endloop
endfacet
facet normal -3.2901218939825372e-06 0.9999999999945877 2.4491520706975353e-14
  outer loop
    vertex 1894.3209029968148 195.84982725122867 571.8082161830177
    vertex 1895.3771144603938 195.84982725122867 571.7101333293705
    vertex 1894.723751631335 195.84982725122867 571.6203647796639
  endloop
endfacet
facet normal -3.2901218939825372e-06 0.9999999999945877 2.4491520706975353e-14
  outer loop
    vertex 1894.723751631335 195.84982725122867 571.6203647796639
    vertex 1895.3771144603938 195.84982725122867 571.7101333293705
    vertex 1895.7468849606914 195.84982725122876 571.3403628290731
  endloop
endfacet
facet normal -3.2901218939825372e-06 0.9999999999945877 2.4491520706975353e-14
  outer loop
    vertex 1894.723751631335 195.84982725122867 571.6203647796639
    vertex 1895.7468849606914 195.84982725122876 571.3403628290731
    vertex 1895.087860036035 195.84982725122876 571.3654133299672
  endloop
endfacet
facet normal -3.2901218939825372e-06 0.9999999999945877 2.4491520706975353e-14
  outer loop
    vertex 1895.087860036035 195.84982725122876 571.3654133299672
    vertex 1895.7468849606914 195.84982725122876 571.3403628290731
    vertex 1895.4021649612878 195.84982725122867 571.0511084047145
  endloop
endfacet
facet normal -3.2901218939825372e-06 0.9999999999945877 2.4491520706975353e-14
  outer loop
    vertex 1895.4021649612878 195.84982725122867 571.0511084047145
    vertex 1895.7468849606914 195.84982725122876 571.3403628290731
    vertex 1896.0468278426877 195.84982725122867 570.9120000000136
  endloop
endfacet
facet normal -3.2901218939825372e-06 0.9999999999945877 2.4491520706975353e-14
  outer loop
    vertex 1895.4021649612878 195.84982725122867 571.0511084047145
    vertex 1896.0468278426877 195.84982725122867 570.9120000000136
    vertex 1895.6571164109848 195.8498272512288 570.6870000000134
  endloop
endfacet
facet normal -3.2901218939825372e-06 0.9999999999945877 2.4491520706975353e-14
  outer loop
    vertex 1895.6571164109848 195.8498272512288 570.6870000000134
    vertex 1896.0468278426877 195.84982725122867 570.9120000000136
    vertex 1896.267829493692 195.84982725122882 570.4380604299906
  endloop
endfacet
facet normal -3.2901218939825372e-06 0.9999999999945877 2.4491520706975353e-14
  outer loop
    vertex 1895.6571164109848 195.8498272512288 570.6870000000134
    vertex 1896.267829493692 195.84982725122882 570.4380604299906
    vertex 1895.8449678143386 195.84982725122882 570.2841513654942
  endloop
endfacet
facet normal -3.2901218939825372e-06 0.9999999999945877 2.4491520706975353e-14
  outer loop
    vertex 1895.8449678143386 195.84982725122882 570.2841513654942
    vertex 1896.267829493692 195.84982725122882 570.4380604299906
    vertex 1896.4031748903708 195.84982725122882 569.9329445330145
  endloop
endfacet
facet normal -3.2901218939825372e-06 0.9999999999945877 2.4491520706975353e-14
  outer loop
    vertex 1895.8449678143386 195.84982725122882 570.2841513654942
    vertex 1896.4031748903708 195.84982725122882 569.9329445330145
    vertex 1895.9600114015152 195.84982725122882 569.8548028530643
  endloop
endfacet
facet normal -3.2901218939825372e-06 0.9999999999945877 2.4491520706975353e-14
  outer loop
    vertex 1895.9600114015152 195.84982725122882 569.8548028530643
    vertex 1896.4031748903708 195.84982725122882 569.9329445330145
    vertex 1896.4487516313343 195.85000491781057 569.4120000000136
  endloop
endfacet
facet normal -3.2901218939825372e-06 0.9999999999945877 2.4491520706975353e-14
  outer loop
    vertex 1895.9600114015152 195.84982725122882 569.8548028530643
    vertex 1896.4487516313343 195.85000491781057 569.4120000000136
    vertex 1895.9987516313345 195.84982725122873 569.4120000000136
  endloop
endfacet
facet normal -3.2901218939825372e-06 0.9999999999945877 2.4491520706975353e-14
  outer loop
    vertex 1895.9987516313345 195.84982725122873 569.4120000000136
    vertex 1896.4487516313343 195.85000491781057 569.4120000000136
    vertex 1896.4031748903708 195.84982725122885 568.891055467013
  endloop
endfacet
facet normal -3.2901218939825372e-06 0.9999999999945877 2.4491520706975353e-14
  outer loop
    vertex 1895.9987516313345 195.84982725122873 569.4120000000136
    vertex 1896.4031748903708 195.84982725122885 568.891055467013
    vertex 1895.9600114015152 195.84982725122885 568.9691971469628
  endloop
endfacet
facet normal -3.2901218939825372e-06 0.9999999999945877 2.4491520706975353e-14
  outer loop
    vertex 1895.9600114015152 195.84982725122885 568.9691971469628
    vertex 1896.4031748903708 195.84982725122885 568.891055467013
    vertex 1895.8449678143381 195.84982725122876 568.5398486345333
  endloop
endfacet
facet normal -3.2901218939825372e-06 0.9999999999945877 2.4491520706975353e-14
  outer loop
    vertex 1895.8449678143381 195.84982725122876 568.5398486345333
    vertex 1896.4031748903708 195.84982725122885 568.891055467013
    vertex 1896.2678294936918 195.84982725122876 568.3859395700365
  endloop
endfacet
facet normal -3.2901218939825372e-06 0.9999999999945877 2.4491520706975353e-14
  outer loop
    vertex 1895.8449678143381 195.84982725122876 568.5398486345333
    vertex 1896.2678294936918 195.84982725122876 568.3859395700365
    vertex 1895.6571164109841 195.84982725122885 568.1370000000137
  endloop
endfacet
facet normal -3.2901218939825372e-06 0.9999999999945877 2.4491520706975353e-14
  outer loop
    vertex 1895.6571164109841 195.84982725122885 568.1370000000137
    vertex 1896.2678294936918 195.84982725122876 568.3859395700365
    vertex 1896.0468278426874 195.84982725122885 567.9120000000136
  endloop
endfacet
facet normal -3.2901218939825372e-06 0.9999999999945877 2.4491520706975353e-14
  outer loop
    vertex 1895.6571164109841 195.84982725122885 568.1370000000137
    vertex 1896.0468278426874 195.84982725122885 567.9120000000136
    vertex 1895.4021649612873 195.84982725122885 567.7728915953132
  endloop
endfacet
facet normal -3.2901218939825372e-06 0.9999999999945877 2.4491520706975353e-14
  outer loop
    vertex 1895.4021649612873 195.84982725122885 567.7728915953132
    vertex 1896.0468278426874 195.84982725122885 567.9120000000136
    vertex 1895.7468849606907 195.8498272512288 567.483637170954
  endloop
endfacet
facet normal -3.2901218939825372e-06 0.9999999999945877 2.4491520706975353e-14
  outer loop
    vertex 1895.4021649612873 195.84982725122885 567.7728915953132
    vertex 1895.7468849606907 195.8498272512288 567.483637170954
    vertex 1895.0878600360343 195.8498272512288 567.4585866700605
  endloop
endfacet
facet normal -3.2901218939825372e-06 0.9999999999945877 2.4491520706975353e-14
  outer loop
    vertex 1895.0878600360343 195.8498272512288 567.4585866700605
    vertex 1895.7468849606907 195.8498272512288 567.483637170954
    vertex 1895.3771144603934 195.84982725122887 567.1138666706568
  endloop
endfacet
facet normal -3.2901218939825372e-06 0.9999999999945877 2.4491520706975353e-14
  outer loop
    vertex 1895.0878600360343 195.8498272512288 567.4585866700605
    vertex 1895.3771144603934 195.84982725122887 567.1138666706568
    vertex 1894.723751631334 195.84982725122887 567.2036352203634
  endloop
endfacet
facet normal -3.2901218939825372e-06 0.9999999999945877 2.4491520706975353e-14
  outer loop
    vertex 1894.723751631334 195.84982725122887 567.2036352203634
    vertex 1895.3771144603934 195.84982725122887 567.1138666706568
    vertex 1894.320902996814 195.84982725122887 567.0157838170096
  endloop
endfacet
facet normal -3.2901218939825372e-06 0.9999999999945877 2.4491520706975353e-14
  outer loop
    vertex 1894.320902996814 195.84982725122887 567.0157838170096
    vertex 1895.3771144603934 195.84982725122887 567.1138666706568
    vertex 1894.9487516313338 195.84982725122882 566.8139237886604
  endloop
endfacet
facet normal -3.2901218939825372e-06 0.9999999999945877 2.4491520706975353e-14
  outer loop
    vertex 1894.320902996814 195.84982725122887 567.0157838170096
    vertex 1894.9487516313338 195.84982725122882 566.8139237886604
    vertex 1893.8915544843846 195.8498272512289 566.9007402298326
  endloop
endfacet
facet normal -3.2901218939825372e-06 0.9999999999945877 2.4491520706975353e-14
  outer loop
    vertex 1893.8915544843846 195.8498272512289 566.9007402298326
    vertex 1894.9487516313338 195.84982725122882 566.8139237886604
    vertex 1893.4487516313338 195.84982725122882 566.862000000014
  endloop
endfacet
facet normal -3.2901218939825372e-06 0.9999999999945877 2.4491520706975353e-14
  outer loop
    vertex 1891.9487516313343 195.84982725122873 572.0100762113674
    vertex 1893.0059487782835 195.84982725122885 571.9232597701946
    vertex 1891.5203888022747 195.84982725122867 571.7101333293708
  endloop
endfacet
facet normal -3.2901218939825372e-06 0.9999999999945877 2.4491520706975353e-14
  outer loop
    vertex 1893.0059487782835 195.84982725122885 571.9232597701946
    vertex 1891.9487516313343 195.84982725122873 572.0100762113674
    vertex 1893.4487516313343 195.84982725122876 571.9620000000139
  endloop
endfacet
facet normal -3.2901218939825372e-06 0.9999999999945877 2.4491520706975353e-14
  outer loop
    vertex 1891.5203888022747 195.84982725122867 571.7101333293708
    vertex 1893.0059487782835 195.84982725122885 571.9232597701946
    vertex 1892.576600265854 195.84982725122885 571.8082161830181
  endloop
endfacet
facet normal -3.2901218939825372e-06 0.9999999999945877 2.4491520706975353e-14
  outer loop
    vertex 1891.5203888022747 195.84982725122867 571.7101333293708
    vertex 1892.576600265854 195.84982725122885 571.8082161830181
    vertex 1892.1737516313349 195.84982725122885 571.6203647796641
  endloop
endfacet
facet normal -3.2901218939825372e-06 0.9999999999945877 2.4491520706975353e-14
  outer loop
    vertex 1891.5203888022747 195.84982725122867 571.7101333293708
    vertex 1892.1737516313349 195.84982725122885 571.6203647796641
    vertex 1891.1506183019774 195.84982725122867 571.3403628290735
  endloop
endfacet
facet normal -3.2901218939825372e-06 0.9999999999945877 2.4491520706975353e-14
  outer loop
    vertex 1891.1506183019774 195.84982725122867 571.3403628290735
    vertex 1892.1737516313349 195.84982725122885 571.6203647796641
    vertex 1891.8096432266339 195.84982725122885 571.3654133299672
  endloop
endfacet
facet normal -3.2901218939825372e-06 0.9999999999945877 2.4491520706975353e-14
  outer loop
    vertex 1891.1506183019774 195.84982725122867 571.3403628290735
    vertex 1891.8096432266339 195.84982725122885 571.3654133299672
    vertex 1891.495338301381 195.84982725122885 571.0511084047147
  endloop
endfacet
facet normal -3.2901218939825372e-06 0.9999999999945877 2.4491520706975353e-14
  outer loop
    vertex 1891.1506183019774 195.84982725122867 571.3403628290735
    vertex 1891.495338301381 195.84982725122885 571.0511084047147
    vertex 1890.8506754199811 195.84982725122867 570.9120000000139
  endloop
endfacet
facet normal -3.2901218939825372e-06 0.9999999999945877 2.4491520706975353e-14
  outer loop
    vertex 1890.8506754199811 195.84982725122867 570.9120000000139
    vertex 1891.495338301381 195.84982725122885 571.0511084047147
    vertex 1891.2403868516844 195.84982725122885 570.687000000014
  endloop
endfacet
facet normal -3.2901218939825372e-06 0.9999999999945877 2.4491520706975353e-14
  outer loop
    vertex 1890.8506754199811 195.84982725122867 570.9120000000139
    vertex 1891.2403868516844 195.84982725122885 570.687000000014
    vertex 1890.6296737689768 195.8498272512287 570.4380604299907
  endloop
endfacet
facet normal -3.2901218939825372e-06 0.9999999999945877 2.4491520706975353e-14
  outer loop
    vertex 1890.6296737689768 195.8498272512287 570.4380604299907
    vertex 1891.2403868516844 195.84982725122885 570.687000000014
    vertex 1891.0525354483304 195.84982725122896 570.2841513654945
  endloop
endfacet
facet normal -3.2901218939825372e-06 0.9999999999945877 2.4491520706975353e-14
  outer loop
    vertex 1890.6296737689768 195.8498272512287 570.4380604299907
    vertex 1891.0525354483304 195.84982725122896 570.2841513654945
    vertex 1890.4943283722976 195.84982725122873 569.9329445330147
  endloop
endfacet
facet normal -3.2901218939825372e-06 0.9999999999945877 2.4491520706975353e-14
  outer loop
    vertex 1890.4943283722976 195.84982725122873 569.9329445330147
    vertex 1891.0525354483304 195.84982725122896 570.2841513654945
    vertex 1890.9374918611531 195.8498272512289 569.8548028530646
  endloop
endfacet
facet normal -3.2901218939825372e-06 0.9999999999945877 2.4491520706975353e-14
  outer loop
    vertex 1890.4943283722976 195.84982725122873 569.9329445330147
    vertex 1890.9374918611531 195.8498272512289 569.8548028530646
    vertex 1890.4487516313343 195.84982725122873 569.4120000000155
  endloop
endfacet
facet normal -3.2901218939825372e-06 0.9999999999945877 2.4491520706975353e-14
  outer loop
    vertex 1890.4487516313343 195.84982725122873 569.4120000000155
    vertex 1890.9374918611531 195.8498272512289 569.8548028530646
    vertex 1890.8987516313346 195.8498272512289 569.4120000000139
  endloop
endfacet
facet normal -3.2901218939825372e-06 0.9999999999945877 2.4491520706975353e-14
  outer loop
    vertex 1890.4487516313343 195.84982725122873 569.4120000000155
    vertex 1890.8987516313346 195.8498272512289 569.4120000000139
    vertex 1890.4943283722976 195.84982725122873 568.8910554670132
  endloop
endfacet
facet normal -3.2901218939825372e-06 0.9999999999945877 2.4491520706975353e-14
  outer loop
    vertex 1890.4943283722976 195.84982725122873 568.8910554670132
    vertex 1890.8987516313346 195.8498272512289 569.4120000000139
    vertex 1890.9374918611531 195.8498272512289 568.9691971469632
  endloop
endfacet
facet normal -3.2901218939825372e-06 0.9999999999945877 2.4491520706975353e-14
  outer loop
    vertex 1890.4943283722976 195.84982725122873 568.8910554670132
    vertex 1890.9374918611531 195.8498272512289 568.9691971469632
    vertex 1891.05253544833 195.84982725122893 568.5398486345337
  endloop
endfacet
facet normal -3.2901218939825372e-06 0.9999999999945877 2.4491520706975353e-14
  outer loop
    vertex 1890.4943283722976 195.84982725122873 568.8910554670132
    vertex 1891.05253544833 195.84982725122893 568.5398486345337
    vertex 1890.629673768976 195.84982725122876 568.3859395700367
  endloop
endfacet
facet normal -3.2901218939825372e-06 0.9999999999945877 2.4491520706975353e-14
  outer loop
    vertex 1890.629673768976 195.84982725122876 568.3859395700367
    vertex 1891.05253544833 195.84982725122893 568.5398486345337
    vertex 1891.2403868516835 195.84982725122913 568.1370000000142
  endloop
endfacet
facet normal -3.2901218939825372e-06 0.9999999999945877 2.4491520706975353e-14
  outer loop
    vertex 1890.629673768976 195.84982725122876 568.3859395700367
    vertex 1891.2403868516835 195.84982725122913 568.1370000000142
    vertex 1890.8506754199807 195.84982725122896 567.9120000000139
  endloop
endfacet
facet normal -3.2901218939825372e-06 0.9999999999945877 2.4491520706975353e-14
  outer loop
    vertex 1890.8506754199807 195.84982725122896 567.9120000000139
    vertex 1891.2403868516835 195.84982725122913 568.1370000000142
    vertex 1891.4953383013808 195.84982725122904 567.7728915953135
  endloop
endfacet
facet normal -3.2901218939825372e-06 0.9999999999945877 2.4491520706975353e-14
  outer loop
    vertex 1890.8506754199807 195.84982725122896 567.9120000000139
    vertex 1891.4953383013808 195.84982725122904 567.7728915953135
    vertex 1891.150618301977 195.84982725122876 567.4836371709544
  endloop
endfacet
facet normal -3.2901218939825372e-06 0.9999999999945877 2.4491520706975353e-14
  outer loop
    vertex 1891.150618301977 195.84982725122876 567.4836371709544
    vertex 1891.4953383013808 195.84982725122904 567.7728915953135
    vertex 1891.8096432266332 195.84982725122876 567.4585866700605
  endloop
endfacet
facet normal -3.2901218939825372e-06 0.9999999999945877 2.4491520706975353e-14
  outer loop
    vertex 1891.150618301977 195.84982725122876 567.4836371709544
    vertex 1891.8096432266332 195.84982725122876 567.4585866700605
    vertex 1891.5203888022743 195.8498272512288 567.113866670657
  endloop
endfacet
facet normal -3.2901218939825372e-06 0.9999999999945877 2.4491520706975353e-14
  outer loop
    vertex 1891.5203888022743 195.8498272512288 567.113866670657
    vertex 1891.8096432266332 195.84982725122876 567.4585866700605
    vertex 1892.1737516313337 195.8498272512288 567.2036352203636
  endloop
endfacet
facet normal -3.2901218939825372e-06 0.9999999999945877 2.4491520706975353e-14
  outer loop
    vertex 1891.5203888022743 195.8498272512288 567.113866670657
    vertex 1892.1737516313337 195.8498272512288 567.2036352203636
    vertex 1892.5766002658531 195.84982725122887 567.01578381701
  endloop
endfacet
facet normal -3.2901218939825372e-06 0.9999999999945877 2.4491520706975353e-14
  outer loop
    vertex 1891.5203888022743 195.8498272512288 567.113866670657
    vertex 1892.5766002658531 195.84982725122887 567.01578381701
    vertex 1891.9487516313338 195.84982725122882 566.8139237886606
  endloop
endfacet
facet normal -3.2901218939825372e-06 0.9999999999945877 2.4491520706975353e-14
  outer loop
    vertex 1891.9487516313338 195.84982725122882 566.8139237886606
    vertex 1892.5766002658531 195.84982725122887 567.01578381701
    vertex 1893.005948778283 195.8498272512289 566.9007402298325
  endloop
endfacet
facet normal -3.2901218939825372e-06 0.9999999999945877 2.4491520706975353e-14
  outer loop
    vertex 1891.9487516313338 195.84982725122882 566.8139237886606
    vertex 1893.005948778283 195.8498272512289 566.9007402298325
    vertex 1893.4487516313338 195.84982725122882 566.862000000014
  endloop
endfacet
facet normal -3.2901218939825372e-06 0.9999999999945877 2.4491520706975353e-14
  outer loop
    vertex 1891.9487516313338 195.84982725122882 566.8139237886606
    vertex 1893.4487516313338 195.84982725122882 566.862000000014
    vertex 1894.9487516313338 195.84982725122882 566.8139237886604
  endloop
endfacet
facet normal -3.2901218939825372e-06 0.9999999999945877 2.4491520706975353e-14
  outer loop
    vertex 1891.9487516313338 195.84982725122882 566.8139237886606
    vertex 1894.9487516313338 195.84982725122882 566.8139237886604
    vertex 1894.474812061311 195.84982725122882 566.5929221376558
  endloop
endfacet
facet normal -3.2901218939825372e-06 0.9999999999945877 2.4491520706975353e-14
  outer loop
    vertex 1891.9487516313338 195.84982725122882 566.8139237886606
    vertex 1894.474812061311 195.84982725122882 566.5929221376558
    vertex 1892.4226912013569 195.84982725122882 566.5929221376559
  endloop
endfacet
facet normal -3.2901218939825372e-06 0.9999999999945877 2.4491520706975353e-14
  outer loop
    vertex 1892.4226912013569 195.84982725122882 566.5929221376559
    vertex 1894.474812061311 195.84982725122882 566.5929221376558
    vertex 1893.9696961643351 195.84982725122882 566.4575767409771
  endloop
endfacet
facet normal -3.2901218939825372e-06 0.9999999999945877 2.4491520706975353e-14
  outer loop
    vertex 1892.4226912013569 195.84982725122882 566.5929221376559
    vertex 1893.9696961643351 195.84982725122882 566.4575767409771
    vertex 1892.9278070983332 195.84982725122882 566.4575767409772
  endloop
endfacet
facet normal -3.2901218939825372e-06 0.9999999999945877 2.4491520706975353e-14
  outer loop
    vertex 1892.9278070983332 195.84982725122882 566.4575767409772
    vertex 1893.9696961643351 195.84982725122882 566.4575767409771
    vertex 1893.4487516313343 195.84982725122882 566.4120000000137
  endloop
endfacet
facet normal 0.9961946979893256 3.277602226832426e-06 -0.08715574385669554
  outer loop
    vertex 1896.4487532763953 195.3500049178132 569.4120000000134
    vertex 1896.4031748903708 195.84982725122885 568.891055467013
    vertex 1896.4487516313343 195.85000491781057 569.4120000000136
  endloop
endfacet
facet normal 0.9961946979893256 3.277602226832426e-06 -0.08715574385669554
  outer loop
    vertex 1896.4031748903708 195.84982725122885 568.891055467013
    vertex 1896.4487532763953 195.3500049178132 569.4120000000134
    vertex 1896.4031765354318 195.34982725123157 568.891055467013
  endloop
endfacet
facet normal 0.9659258262842583 3.1780139390683413e-06 -0.25881904510096065
  outer loop
    vertex 1896.4031765354318 195.34982725123157 568.891055467013
    vertex 1896.2678294936918 195.84982725122876 568.3859395700365
    vertex 1896.4031748903708 195.84982725122885 568.891055467013
  endloop
endfacet
facet normal 0.9659258262842583 3.1780139390683413e-06 -0.25881904510096065
  outer loop
    vertex 1896.2678294936918 195.84982725122876 568.3859395700365
    vertex 1896.4031765354318 195.34982725123157 568.891055467013
    vertex 1896.2678311387529 195.34982725123157 568.3859395700365
  endloop
endfacet
facet normal 0.9063077870325179 2.9818629863432025e-06 -0.42261826173904093
  outer loop
    vertex 1896.2678294936918 195.84982725122876 568.3859395700365
    vertex 1896.046829487748 195.34982725123157 567.9120000000136
    vertex 1896.0468278426874 195.84982725122885 567.9120000000136
  endloop
endfacet
facet normal 0.9063077870325179 2.9818629863432025e-06 -0.42261826173904093
  outer loop
    vertex 1896.046829487748 195.34982725123157 567.9120000000136
    vertex 1896.2678294936918 195.84982725122876 568.3859395700365
    vertex 1896.2678311387529 195.34982725123157 568.3859395700365
  endloop
endfacet
facet normal 0.8191520442858786 2.6951099843430852e-06 -0.5735764363491602
  outer loop
    vertex 1896.046829487748 195.34982725123157 567.9120000000136
    vertex 1895.7468849606907 195.8498272512288 567.483637170954
    vertex 1896.0468278426874 195.84982725122885 567.9120000000136
  endloop
endfacet
facet normal 0.8191520442858786 2.6951099843430852e-06 -0.5735764363491602
  outer loop
    vertex 1895.7468849606907 195.8498272512288 567.483637170954
    vertex 1896.046829487748 195.34982725123157 567.9120000000136
    vertex 1895.7468866057518 195.3498272512316 567.483637170954
  endloop
endfacet
facet normal 0.7071067811846697 2.326467812073285e-06 -0.7071067811845982
  outer loop
    vertex 1895.7468849606907 195.8498272512288 567.483637170954
    vertex 1895.3771161054544 195.3498272512316 567.1138666706564
    vertex 1895.3771144603934 195.84982725122887 567.1138666706568
  endloop
endfacet
facet normal 0.7071067811846697 2.326467812073285e-06 -0.7071067811845982
  outer loop
    vertex 1895.3771161054544 195.3498272512316 567.1138666706564
    vertex 1895.7468849606907 195.8498272512288 567.483637170954
    vertex 1895.7468866057518 195.3498272512316 567.483637170954
  endloop
endfacet
facet normal 0.5735764363497576 1.8871366934298134e-06 -0.8191520442877201
  outer loop
    vertex 1895.3771144603934 195.84982725122887 567.1138666706568
    vertex 1894.9487532763949 195.34982725123163 566.8139237886604
    vertex 1894.9487516313338 195.84982725122882 566.8139237886604
  endloop
endfacet
facet normal 0.5735764363497576 1.8871366934298134e-06 -0.8191520442877201
  outer loop
    vertex 1894.9487532763949 195.34982725123163 566.8139237886604
    vertex 1895.3771144603934 195.84982725122887 567.1138666706568
    vertex 1895.3771161054544 195.3498272512316 567.1138666706564
  endloop
endfacet
facet normal 0.42261826174066525 1.390465717693549e-06 -0.9063077870355992
  outer loop
    vertex 1894.9487516313338 195.84982725122882 566.8139237886604
    vertex 1894.474813706372 195.34982725123163 566.5929221376558
    vertex 1894.474812061311 195.84982725122882 566.5929221376558
  endloop
endfacet
facet normal 0.42261826174066525 1.390465717693549e-06 -0.9063077870355992
  outer loop
    vertex 1894.474813706372 195.34982725123163 566.5929221376558
    vertex 1894.9487516313338 195.84982725122882 566.8139237886604
    vertex 1894.9487532763949 195.34982725123163 566.8139237886604
  endloop
endfacet
facet normal 0.2588190451023752 8.515462862936616e-07 -0.9659258262887319
  outer loop
    vertex 1894.474812061311 195.84982725122882 566.5929221376558
    vertex 1893.969697809396 195.34982725123163 566.4575767409771
    vertex 1893.9696961643351 195.84982725122882 566.4575767409771
  endloop
endfacet
facet normal 0.2588190451023752 8.515462862936616e-07 -0.9659258262887319
  outer loop
    vertex 1893.969697809396 195.34982725123163 566.4575767409771
    vertex 1894.474812061311 195.84982725122882 566.5929221376558
    vertex 1894.474813706372 195.34982725123163 566.5929221376558
  endloop
endfacet
facet normal 0.08715574274753944 2.867530912210391e-07 -0.9961946980917148
  outer loop
    vertex 1893.9696961643351 195.84982725122882 566.4575767409771
    vertex 1893.4487532763949 195.34982725123163 566.4120000000137
    vertex 1893.4487516313343 195.84982725122882 566.4120000000137
  endloop
endfacet
facet normal 0.08715574274753944 2.867530912210391e-07 -0.9961946980917148
  outer loop
    vertex 1893.4487532763949 195.34982725123163 566.4120000000137
    vertex 1893.9696961643351 195.84982725122882 566.4575767409771
    vertex 1893.969697809396 195.34982725123163 566.4575767409771
  endloop
endfacet
facet normal -0.08715574274765596 -2.867528310274236e-07 -0.9961946980917046
  outer loop
    vertex 1893.4487516313343 195.84982725122882 566.4120000000137
    vertex 1892.9278087433947 195.34982725123163 566.457576740977
    vertex 1892.9278070983332 195.84982725122882 566.4575767409772
  endloop
endfacet
facet normal -0.08715574274765596 -2.867528310274236e-07 -0.9961946980917046
  outer loop
    vertex 1892.9278087433947 195.34982725123163 566.457576740977
    vertex 1893.4487516313343 195.84982725122882 566.4120000000137
    vertex 1893.4487532763949 195.34982725123163 566.4120000000137
  endloop
endfacet
facet normal -0.2588190451022485 -8.515461598477338e-07 -0.9659258262887659
  outer loop
    vertex 1892.9278070983332 195.84982725122882 566.4575767409772
    vertex 1892.422692846418 195.34982725123163 566.5929221376559
    vertex 1892.4226912013569 195.84982725122882 566.5929221376559
  endloop
endfacet
facet normal -0.2588190451022485 -8.515461598477338e-07 -0.9659258262887659
  outer loop
    vertex 1892.422692846418 195.34982725123163 566.5929221376559
    vertex 1892.9278070983332 195.84982725122882 566.4575767409772
    vertex 1892.9278087433947 195.34982725123163 566.457576740977
  endloop
endfacet
facet normal -0.4226182617407947 -1.3904656690706963e-06 -0.9063077870355388
  outer loop
    vertex 1892.4226912013569 195.84982725122882 566.5929221376559
    vertex 1891.9487532763949 195.34982725123155 566.8139237886606
    vertex 1891.9487516313338 195.84982725122882 566.8139237886606
  endloop
endfacet
facet normal -0.4226182617407947 -1.3904656690706963e-06 -0.9063077870355388
  outer loop
    vertex 1891.9487532763949 195.34982725123155 566.8139237886606
    vertex 1892.4226912013569 195.84982725122882 566.5929221376559
    vertex 1892.422692846418 195.34982725123163 566.5929221376559
  endloop
endfacet
facet normal -0.5735764363497705 -1.8871362206855264e-06 -0.8191520442877112
  outer loop
    vertex 1891.9487516313338 195.84982725122882 566.8139237886606
    vertex 1891.5203904473349 195.3498272512316 567.1138666706569
    vertex 1891.5203888022743 195.8498272512288 567.113866670657
  endloop
endfacet
facet normal -0.5735764363497705 -1.8871362206855264e-06 -0.8191520442877112
  outer loop
    vertex 1891.5203904473349 195.3498272512316 567.1138666706569
    vertex 1891.9487516313338 195.84982725122882 566.8139237886606
    vertex 1891.9487532763949 195.34982725123155 566.8139237886606
  endloop
endfacet
facet normal -0.7071067811847276 -2.3264670722756157e-06 -0.7071067811845403
  outer loop
    vertex 1891.5203904473349 195.3498272512316 567.1138666706569
    vertex 1891.150618301977 195.84982725122876 567.4836371709544
    vertex 1891.5203888022743 195.8498272512288 567.113866670657
  endloop
endfacet
facet normal -0.7071067811847276 -2.3264670722756157e-06 -0.7071067811845403
  outer loop
    vertex 1891.150618301977 195.84982725122876 567.4836371709544
    vertex 1891.5203904473349 195.3498272512316 567.1138666706569
    vertex 1891.1506199470377 195.34982725123157 567.4836371709544
  endloop
endfacet
facet normal -0.8191520442861228 -2.6951096578695535e-06 -0.5735764363488118
  outer loop
    vertex 1891.150618301977 195.84982725122876 567.4836371709544
    vertex 1890.8506770650415 195.34982725123177 567.9120000000139
    vertex 1890.8506754199807 195.84982725122896 567.9120000000139
  endloop
endfacet
facet normal -0.8191520442861228 -2.6951096578695535e-06 -0.5735764363488118
  outer loop
    vertex 1890.8506770650415 195.34982725123177 567.9120000000139
    vertex 1891.150618301977 195.84982725122876 567.4836371709544
    vertex 1891.1506199470377 195.34982725123157 567.4836371709544
  endloop
endfacet
facet normal -0.9063077870325476 -2.9818630399488485e-06 -0.42261826173897754
  outer loop
    vertex 1890.8506770650415 195.34982725123177 567.9120000000139
    vertex 1890.629673768976 195.84982725122876 568.3859395700367
    vertex 1890.8506754199807 195.84982725122896 567.9120000000139
  endloop
endfacet
facet normal -0.9063077870325476 -2.9818630399488485e-06 -0.42261826173897754
  outer loop
    vertex 1890.629673768976 195.84982725122876 568.3859395700367
    vertex 1890.8506770650415 195.34982725123177 567.9120000000139
    vertex 1890.6296754140371 195.3498272512315 568.3859395700368
  endloop
endfacet
facet normal -0.9659258262842954 -3.1780140186196263e-06 -0.2588190451008228
  outer loop
    vertex 1890.6296754140371 195.3498272512315 568.3859395700368
    vertex 1890.4943283722976 195.84982725122873 568.8910554670132
    vertex 1890.629673768976 195.84982725122876 568.3859395700367
  endloop
endfacet
facet normal -0.9659258262842954 -3.1780140186196263e-06 -0.2588190451008228
  outer loop
    vertex 1890.4943283722976 195.84982725122873 568.8910554670132
    vertex 1890.6296754140371 195.3498272512315 568.3859395700368
    vertex 1890.4943300173586 195.34982725123155 568.8910554670133
  endloop
endfacet
facet normal -0.9961946980864169 -3.2776022303503515e-06 -0.08715574274693574
  outer loop
    vertex 1890.4943300173586 195.34982725123155 568.8910554670133
    vertex 1890.4487516313343 195.84982725122873 569.4120000000155
    vertex 1890.4943283722976 195.84982725122873 568.8910554670132
  endloop
endfacet
facet normal -0.9961946980864169 -3.2776022303503515e-06 -0.08715574274693574
  outer loop
    vertex 1890.4487516313343 195.84982725122873 569.4120000000155
    vertex 1890.4943300173586 195.34982725123155 568.8910554670133
    vertex 1890.4487532763953 195.34982725123146 569.4120000000155
  endloop
endfacet
facet normal -0.99619469808636 -3.2776022035608017e-06 0.08715574274758742
  outer loop
    vertex 1890.4487532763953 195.34982725123146 569.4120000000155
    vertex 1890.4943283722976 195.84982725122873 569.9329445330147
    vertex 1890.4487516313343 195.84982725122873 569.4120000000155
  endloop
endfacet
facet normal -0.99619469808636 -3.2776022035608017e-06 0.08715574274758742
  outer loop
    vertex 1890.4943283722976 195.84982725122873 569.9329445330147
    vertex 1890.4487532763953 195.34982725123146 569.4120000000155
    vertex 1890.4943300173586 195.34982725123155 569.9329445330148
  endloop
endfacet
facet normal -0.9659258262840396 -3.178013845676157e-06 0.25881904510177717
  outer loop
    vertex 1890.4943300173586 195.34982725123155 569.9329445330148
    vertex 1890.6296737689768 195.8498272512287 570.4380604299907
    vertex 1890.4943283722976 195.84982725122873 569.9329445330147
  endloop
endfacet
facet normal -0.9659258262840396 -3.178013845676157e-06 0.25881904510177717
  outer loop
    vertex 1890.6296737689768 195.8498272512287 570.4380604299907
    vertex 1890.4943300173586 195.34982725123155 569.9329445330148
    vertex 1890.6296754140378 195.34982725123152 570.438060429991
  endloop
endfacet
facet normal -0.906307787032681 -2.98186323719216e-06 0.4226182617386914
  outer loop
    vertex 1890.6296754140378 195.34982725123152 570.438060429991
    vertex 1890.8506754199811 195.84982725122867 570.9120000000139
    vertex 1890.6296737689768 195.8498272512287 570.4380604299907
  endloop
endfacet
facet normal -0.906307787032681 -2.98186323719216e-06 0.4226182617386914
  outer loop
    vertex 1890.8506754199811 195.84982725122867 570.9120000000139
    vertex 1890.6296754140378 195.34982725123152 570.438060429991
    vertex 1890.8506770650422 195.3498272512314 570.9120000000139
  endloop
endfacet
facet normal -0.8191520442860408 -2.695110279997444e-06 0.5735764363489289
  outer loop
    vertex 1890.8506770650422 195.3498272512314 570.9120000000139
    vertex 1891.1506183019774 195.84982725122867 571.3403628290735
    vertex 1890.8506754199811 195.84982725122867 570.9120000000139
  endloop
endfacet
facet normal -0.8191520442860408 -2.695110279997444e-06 0.5735764363489289
  outer loop
    vertex 1891.1506183019774 195.84982725122867 571.3403628290735
    vertex 1890.8506770650422 195.3498272512314 570.9120000000139
    vertex 1891.1506199470384 195.3498272512315 571.3403628290735
  endloop
endfacet
facet normal -0.7071067811847129 -2.3264674930258013e-06 0.707106781184555
  outer loop
    vertex 1891.1506199470384 195.3498272512315 571.3403628290735
    vertex 1891.5203888022747 195.84982725122867 571.7101333293708
    vertex 1891.1506183019774 195.84982725122867 571.3403628290735
  endloop
endfacet
facet normal -0.7071067811847129 -2.3264674930258013e-06 0.707106781184555
  outer loop
    vertex 1891.5203888022747 195.84982725122867 571.7101333293708
    vertex 1891.1506199470384 195.3498272512315 571.3403628290735
    vertex 1891.5203904473353 195.3498272512315 571.7101333293707
  endloop
endfacet
facet normal -0.5735764363502325 -1.8871364124447224e-06 0.8191520442873877
  outer loop
    vertex 1891.5203904473353 195.3498272512315 571.7101333293707
    vertex 1891.9487516313343 195.84982725122873 572.0100762113674
    vertex 1891.5203888022747 195.84982725122867 571.7101333293708
  endloop
endfacet
facet normal -0.5735764363502325 -1.8871364124447224e-06 0.8191520442873877
  outer loop
    vertex 1891.9487516313343 195.84982725122873 572.0100762113674
    vertex 1891.5203904473353 195.3498272512315 571.7101333293707
    vertex 1891.9487532763953 195.34982725123146 572.0100762113674
  endloop
endfacet
facet normal -0.4226182617398339 -1.3904657176638078e-06 0.9063077870359869
  outer loop
    vertex 1891.9487532763953 195.34982725123146 572.0100762113674
    vertex 1892.4226912013576 195.84982725122865 572.2310778623716
    vertex 1891.9487516313343 195.84982725122873 572.0100762113674
  endloop
endfacet
facet normal -0.4226182617398339 -1.3904657176638078e-06 0.9063077870359869
  outer loop
    vertex 1892.4226912013576 195.84982725122865 572.2310778623716
    vertex 1891.9487532763953 195.34982725123146 572.0100762113674
    vertex 1892.4226928464186 195.34982725123146 572.2310778623716
  endloop
endfacet
facet normal -0.2588190451018749 -8.515464668842073e-07 0.9659258262888659
  outer loop
    vertex 1892.4226928464186 195.34982725123146 572.2310778623716
    vertex 1892.927807098334 195.84982725122865 572.3664232590504
    vertex 1892.4226912013576 195.84982725122865 572.2310778623716
  endloop
endfacet
facet normal -0.2588190451018749 -8.515464668842073e-07 0.9659258262888659
  outer loop
    vertex 1892.927807098334 195.84982725122865 572.3664232590504
    vertex 1892.4226928464186 195.34982725123146 572.2310778623716
    vertex 1892.927808743395 195.34982725123146 572.3664232590502
  endloop
endfacet
facet normal -0.08715574274785626 -2.8675324403311784e-07 0.996194698091687
  outer loop
    vertex 1892.927808743395 195.34982725123146 572.3664232590502
    vertex 1893.4487516313345 195.84982725122865 572.4120000000138
    vertex 1892.927807098334 195.84982725122865 572.3664232590504
  endloop
endfacet
facet normal -0.08715574274785626 -2.8675324403311784e-07 0.996194698091687
  outer loop
    vertex 1893.4487516313345 195.84982725122865 572.4120000000138
    vertex 1892.927808743395 195.34982725123146 572.3664232590502
    vertex 1893.4487532763956 195.34982725123146 572.4120000000138
  endloop
endfacet
facet normal 0.08715574274785291 2.8675292092988436e-07 0.9961946980916874
  outer loop
    vertex 1893.4487532763956 195.34982725123146 572.4120000000138
    vertex 1893.9696961643356 195.84982725122865 572.3664232590504
    vertex 1893.4487516313345 195.84982725122865 572.4120000000138
  endloop
endfacet
facet normal 0.08715574274785291 2.8675292092988436e-07 0.9961946980916874
  outer loop
    vertex 1893.9696961643356 195.84982725122865 572.3664232590504
    vertex 1893.4487532763956 195.34982725123146 572.4120000000138
    vertex 1893.9696978093966 195.34982725123146 572.3664232590503
  endloop
endfacet
facet normal 0.2588190451022658 8.515461535800008e-07 0.9659258262887613
  outer loop
    vertex 1893.9696978093966 195.34982725123146 572.3664232590503
    vertex 1894.4748120613117 195.84982725122873 572.2310778623715
    vertex 1893.9696961643356 195.84982725122865 572.3664232590504
  endloop
endfacet
facet normal 0.2588190451022658 8.515461535800008e-07 0.9659258262887613
  outer loop
    vertex 1894.4748120613117 195.84982725122873 572.2310778623715
    vertex 1893.9696978093966 195.34982725123146 572.3664232590503
    vertex 1894.4748137063727 195.34982725123146 572.2310778623715
  endloop
endfacet
facet normal 0.42261826174049216 1.3904656690574758e-06 0.9063077870356799
  outer loop
    vertex 1894.4748137063727 195.34982725123146 572.2310778623715
    vertex 1894.9487516313343 195.84982725122876 572.0100762113672
    vertex 1894.4748120613117 195.84982725122873 572.2310778623715
  endloop
endfacet
facet normal 0.42261826174049216 1.3904656690574758e-06 0.9063077870356799
  outer loop
    vertex 1894.9487516313343 195.84982725122876 572.0100762113672
    vertex 1894.4748137063727 195.34982725123146 572.2310778623715
    vertex 1894.9487532763953 195.3498272512315 572.0100762113672
  endloop
endfacet
facet normal 0.5735764363505695 1.8871363538307036e-06 0.8191520442871519
  outer loop
    vertex 1894.9487532763953 195.3498272512315 572.0100762113672
    vertex 1895.3771144603938 195.84982725122867 571.7101333293705
    vertex 1894.9487516313343 195.84982725122876 572.0100762113672
  endloop
endfacet
facet normal 0.5735764363505695 1.8871363538307036e-06 0.8191520442871519
  outer loop
    vertex 1895.3771144603938 195.84982725122867 571.7101333293705
    vertex 1894.9487532763953 195.3498272512315 572.0100762113672
    vertex 1895.377116105455 195.3498272512315 571.7101333293703
  endloop
endfacet
facet normal 0.7071067811842531 2.326467518906275e-06 0.7071067811850149
  outer loop
    vertex 1895.377116105455 195.3498272512315 571.7101333293703
    vertex 1895.7468849606914 195.84982725122876 571.3403628290731
    vertex 1895.3771144603938 195.84982725122867 571.7101333293705
  endloop
endfacet
facet normal 0.7071067811842531 2.326467518906275e-06 0.7071067811850149
  outer loop
    vertex 1895.7468849606914 195.84982725122876 571.3403628290731
    vertex 1895.377116105455 195.3498272512315 571.7101333293703
    vertex 1895.7468866057525 195.3498272512315 571.3403628290731
  endloop
endfacet
facet normal 0.8191520442861228 2.6951102492190203e-06 0.5735764363488118
  outer loop
    vertex 1895.7468866057525 195.3498272512315 571.3403628290731
    vertex 1896.0468278426877 195.84982725122867 570.9120000000136
    vertex 1895.7468849606914 195.84982725122876 571.3403628290731
  endloop
endfacet
facet normal 0.8191520442861228 2.6951102492190203e-06 0.5735764363488118
  outer loop
    vertex 1896.0468278426877 195.84982725122867 570.9120000000136
    vertex 1895.7468866057525 195.3498272512315 571.3403628290731
    vertex 1896.0468294877487 195.3498272512315 570.9120000000136
  endloop
endfacet
facet normal 0.9063077870327105 2.9818632908013624e-06 0.42261826173862804
  outer loop
    vertex 1896.0468278426877 195.84982725122867 570.9120000000136
    vertex 1896.267831138753 195.34982725123155 570.4380604299906
    vertex 1896.267829493692 195.84982725122882 570.4380604299906
  endloop
endfacet
facet normal 0.9063077870327105 2.9818632908013624e-06 0.42261826173862804
  outer loop
    vertex 1896.267831138753 195.34982725123155 570.4380604299906
    vertex 1896.0468278426877 195.84982725122867 570.9120000000136
    vertex 1896.0468294877487 195.3498272512315 570.9120000000136
  endloop
endfacet
facet normal 0.965925826284249 3.1780139251948086e-06 0.25881904510099524
  outer loop
    vertex 1896.267831138753 195.34982725123155 570.4380604299906
    vertex 1896.4031748903708 195.84982725122882 569.9329445330145
    vertex 1896.267829493692 195.84982725122882 570.4380604299906
  endloop
endfacet
facet normal 0.965925826284249 3.1780139251948086e-06 0.25881904510099524
  outer loop
    vertex 1896.4031748903708 195.84982725122882 569.9329445330145
    vertex 1896.267831138753 195.34982725123155 570.4380604299906
    vertex 1896.4031765354318 195.34982725123155 569.9329445330145
  endloop
endfacet
facet normal 0.9961946979893446 3.2776022064334347e-06 0.08715574385647841
  outer loop
    vertex 1896.4031748903708 195.84982725122882 569.9329445330145
    vertex 1896.4487532763953 195.3500049178132 569.4120000000134
    vertex 1896.4487516313343 195.85000491781057 569.4120000000136
  endloop
endfacet
facet normal 0.9961946979893446 3.2776022064334347e-06 0.08715574385647841
  outer loop
    vertex 1896.4487532763953 195.3500049178132 569.4120000000134
    vertex 1896.4031748903708 195.84982725122882 569.9329445330145
    vertex 1896.4031765354318 195.34982725123155 569.9329445330145
  endloop
endfacet
facet normal -1.3376954864262113e-16 1.0 4.1817613784260596e-14
  outer loop
    vertex 1894.4487532763976 195.85000491781267 597.7600762113666
    vertex 1893.3915561294484 195.85000491781287 597.6732597701944
    vertex 1892.9487532763976 195.85000491781287 597.7120000000135
  endloop
endfacet
facet normal -1.3376954864262113e-16 1.0 4.1817613784260596e-14
  outer loop
    vertex 1893.3915561294484 195.85000491781287 597.6732597701944
    vertex 1894.4487532763976 195.85000491781267 597.7600762113666
    vertex 1894.8771161054572 195.8500049178127 597.4601333293701
  endloop
endfacet
facet normal -1.3376954864262113e-16 1.0 4.1817613784260596e-14
  outer loop
    vertex 1893.3915561294484 195.85000491781287 597.6732597701944
    vertex 1894.8771161054572 195.8500049178127 597.4601333293701
    vertex 1893.8209046418779 195.85000491781287 597.5582161830175
  endloop
endfacet
facet normal -1.3376954864262113e-16 1.0 4.1817613784260596e-14
  outer loop
    vertex 1893.8209046418779 195.85000491781287 597.5582161830175
    vertex 1894.8771161054572 195.8500049178127 597.4601333293701
    vertex 1894.2237532763972 195.85000491781287 597.3703647796634
  endloop
endfacet
facet normal -1.3376954864262113e-16 1.0 4.1817613784260596e-14
  outer loop
    vertex 1894.2237532763972 195.85000491781287 597.3703647796634
    vertex 1894.8771161054572 195.8500049178127 597.4601333293701
    vertex 1895.2468866057545 195.85000491781273 597.0903628290728
  endloop
endfacet
facet normal -1.3376954864262113e-16 1.0 4.1817613784260596e-14
  outer loop
    vertex 1894.2237532763972 195.85000491781287 597.3703647796634
    vertex 1895.2468866057545 195.85000491781273 597.0903628290728
    vertex 1894.587861681098 195.8500049178129 597.1154133299667
  endloop
endfacet
facet normal -1.3376954864262113e-16 1.0 4.1817613784260596e-14
  outer loop
    vertex 1894.587861681098 195.8500049178129 597.1154133299667
    vertex 1895.2468866057545 195.85000491781273 597.0903628290728
    vertex 1894.9021666063513 195.85000491781273 596.801108404714
  endloop
endfacet
facet normal -1.3376954864262113e-16 1.0 4.1817613784260596e-14
  outer loop
    vertex 1894.9021666063513 195.85000491781273 596.801108404714
    vertex 1895.2468866057545 195.85000491781273 597.0903628290728
    vertex 1895.5468294877512 195.85000491781273 596.662000000013
  endloop
endfacet
facet normal -1.3376954864262113e-16 1.0 4.1817613784260596e-14
  outer loop
    vertex 1894.9021666063513 195.85000491781273 596.801108404714
    vertex 1895.5468294877512 195.85000491781273 596.662000000013
    vertex 1895.157118056048 195.85000491781273 596.4370000000133
  endloop
endfacet
facet normal -1.3376954864262113e-16 1.0 4.1817613784260596e-14
  outer loop
    vertex 1895.157118056048 195.85000491781273 596.4370000000133
    vertex 1895.5468294877512 195.85000491781273 596.662000000013
    vertex 1895.7678311387554 195.85000491781273 596.1880604299902
  endloop
endfacet
facet normal -1.3376954864262113e-16 1.0 4.1817613784260596e-14
  outer loop
    vertex 1895.157118056048 195.85000491781273 596.4370000000133
    vertex 1895.7678311387554 195.85000491781273 596.1880604299902
    vertex 1895.344969459402 195.85000491781275 596.0341513654938
  endloop
endfacet
facet normal -1.3376954864262113e-16 1.0 4.1817613784260596e-14
  outer loop
    vertex 1895.344969459402 195.85000491781275 596.0341513654938
    vertex 1895.7678311387554 195.85000491781273 596.1880604299902
    vertex 1895.903176535434 195.85000491781278 595.682944533014
  endloop
endfacet
facet normal -1.3376954864262113e-16 1.0 4.1817613784260596e-14
  outer loop
    vertex 1895.344969459402 195.85000491781275 596.0341513654938
    vertex 1895.903176535434 195.85000491781278 595.682944533014
    vertex 1895.4600130465785 195.85000491781278 595.6048028530639
  endloop
endfacet
facet normal -1.3376954864262113e-16 1.0 4.1817613784260596e-14
  outer loop
    vertex 1895.4600130465785 195.85000491781278 595.6048028530639
    vertex 1895.903176535434 195.85000491781278 595.682944533014
    vertex 1895.9487532763976 195.85000491781278 595.1620000000131
  endloop
endfacet
facet normal -1.3376954864262113e-16 1.0 4.1817613784260596e-14
  outer loop
    vertex 1895.4600130465785 195.85000491781278 595.6048028530639
    vertex 1895.9487532763976 195.85000491781278 595.1620000000131
    vertex 1895.4987532763978 195.85000491781278 595.1620000000132
  endloop
endfacet
facet normal -1.3376954864262113e-16 1.0 4.1817613784260596e-14
  outer loop
    vertex 1895.4987532763978 195.85000491781278 595.1620000000132
    vertex 1895.9487532763976 195.85000491781278 595.1620000000131
    vertex 1895.903176535434 195.85000491781278 594.6410554670125
  endloop
endfacet
facet normal -1.3376954864262113e-16 1.0 4.1817613784260596e-14
  outer loop
    vertex 1895.4987532763978 195.85000491781278 595.1620000000132
    vertex 1895.903176535434 195.85000491781278 594.6410554670125
    vertex 1895.4600130465785 195.85000491781278 594.7191971469624
  endloop
endfacet
facet normal -1.3376954864262113e-16 1.0 4.1817613784260596e-14
  outer loop
    vertex 1895.4600130465785 195.85000491781278 594.7191971469624
    vertex 1895.903176535434 195.85000491781278 594.6410554670125
    vertex 1895.3449694594015 195.85000491781278 594.289848634533
  endloop
endfacet
facet normal -1.3376954864262113e-16 1.0 4.1817613784260596e-14
  outer loop
    vertex 1895.3449694594015 195.85000491781278 594.289848634533
    vertex 1895.903176535434 195.85000491781278 594.6410554670125
    vertex 1895.7678311387554 195.85000491781278 594.135939570036
  endloop
endfacet
facet normal -1.3376954864262113e-16 1.0 4.1817613784260596e-14
  outer loop
    vertex 1895.3449694594015 195.85000491781278 594.289848634533
    vertex 1895.7678311387554 195.85000491781278 594.135939570036
    vertex 1895.1571180560475 195.8500049178128 593.8870000000135
  endloop
endfacet
facet normal -1.3376954864262113e-16 1.0 4.1817613784260596e-14
  outer loop
    vertex 1895.1571180560475 195.8500049178128 593.8870000000135
    vertex 1895.7678311387554 195.85000491781278 594.135939570036
    vertex 1895.5468294877503 195.8500049178128 593.6620000000129
  endloop
endfacet
facet normal -1.3376954864262113e-16 1.0 4.1817613784260596e-14
  outer loop
    vertex 1895.1571180560475 195.8500049178128 593.8870000000135
    vertex 1895.5468294877503 195.8500049178128 593.6620000000129
    vertex 1894.9021666063504 195.8500049178128 593.5228915953128
  endloop
endfacet
facet normal -1.3376954864262113e-16 1.0 4.1817613784260596e-14
  outer loop
    vertex 1894.9021666063504 195.8500049178128 593.5228915953128
    vertex 1895.5468294877503 195.8500049178128 593.6620000000129
    vertex 1895.246886605754 195.8500049178128 593.2336371709536
  endloop
endfacet
facet normal -1.3376954864262113e-16 1.0 4.1817613784260596e-14
  outer loop
    vertex 1894.9021666063504 195.8500049178128 593.5228915953128
    vertex 1895.246886605754 195.8500049178128 593.2336371709536
    vertex 1894.5878616810976 195.8500049178128 593.2085866700601
  endloop
endfacet
facet normal -1.3376954864262113e-16 1.0 4.1817613784260596e-14
  outer loop
    vertex 1894.5878616810976 195.8500049178128 593.2085866700601
    vertex 1895.246886605754 195.8500049178128 593.2336371709536
    vertex 1894.8771161054567 195.8500049178128 592.8638666706563
  endloop
endfacet
facet normal -1.3376954864262113e-16 1.0 4.1817613784260596e-14
  outer loop
    vertex 1894.5878616810976 195.8500049178128 593.2085866700601
    vertex 1894.8771161054567 195.8500049178128 592.8638666706563
    vertex 1894.2237532763972 195.85000491781273 592.9536352203629
  endloop
endfacet
facet normal -1.3376954864262113e-16 1.0 4.1817613784260596e-14
  outer loop
    vertex 1894.2237532763972 195.85000491781273 592.9536352203629
    vertex 1894.8771161054567 195.8500049178128 592.8638666706563
    vertex 1893.8209046418774 195.8500049178128 592.7657838170094
  endloop
endfacet
facet normal -1.3376954864262113e-16 1.0 4.1817613784260596e-14
  outer loop
    vertex 1893.8209046418774 195.8500049178128 592.7657838170094
    vertex 1894.8771161054567 195.8500049178128 592.8638666706563
    vertex 1894.4487532763972 195.85000491781284 592.5639237886598
  endloop
endfacet
facet normal -1.3376954864262113e-16 1.0 4.1817613784260596e-14
  outer loop
    vertex 1893.8209046418774 195.8500049178128 592.7657838170094
    vertex 1894.4487532763972 195.85000491781284 592.5639237886598
    vertex 1893.3915561294475 195.8500049178128 592.6507402298322
  endloop
endfacet
facet normal -1.3376954864262113e-16 1.0 4.1817613784260596e-14
  outer loop
    vertex 1893.3915561294475 195.8500049178128 592.6507402298322
    vertex 1894.4487532763972 195.85000491781284 592.5639237886598
    vertex 1892.9487532763972 195.8500049178128 592.6120000000136
  endloop
endfacet
facet normal -1.3376954864262113e-16 1.0 4.1817613784260596e-14
  outer loop
    vertex 1892.9487532763972 195.8500049178128 592.6120000000136
    vertex 1894.4487532763972 195.85000491781284 592.5639237886598
    vertex 1891.4487532763972 195.8500049178128 592.5639237886603
  endloop
endfacet
facet normal -1.3376954864262113e-16 1.0 4.1817613784260596e-14
  outer loop
    vertex 1891.4487532763972 195.8500049178128 592.5639237886603
    vertex 1894.4487532763972 195.85000491781284 592.5639237886598
    vertex 1891.9226928464202 195.850004917813 592.3429221376554
  endloop
endfacet
facet normal -1.3376954864262113e-16 1.0 4.1817613784260596e-14
  outer loop
    vertex 1891.9226928464202 195.850004917813 592.3429221376554
    vertex 1894.4487532763972 195.85000491781284 592.5639237886598
    vertex 1893.9748137063743 195.85000491781284 592.3429221376555
  endloop
endfacet
facet normal -1.3376954864262113e-16 1.0 4.1817613784260596e-14
  outer loop
    vertex 1891.9226928464202 195.850004917813 592.3429221376554
    vertex 1893.9748137063743 195.85000491781284 592.3429221376555
    vertex 1893.4696978093978 195.850004917813 592.2075767409766
  endloop
endfacet
facet normal -1.3376954864262113e-16 1.0 4.1817613784260596e-14
  outer loop
    vertex 1891.9226928464202 195.850004917813 592.3429221376554
    vertex 1893.4696978093978 195.850004917813 592.2075767409766
    vertex 1892.4278087433963 195.850004917813 592.2075767409767
  endloop
endfacet
facet normal -1.3376954864262113e-16 1.0 4.1817613784260596e-14
  outer loop
    vertex 1892.4278087433963 195.850004917813 592.2075767409767
    vertex 1893.4696978093978 195.850004917813 592.2075767409766
    vertex 1892.9487532763972 195.850004917813 592.1620000000133
  endloop
endfacet
facet normal -1.3376954864262113e-16 1.0 4.1817613784260596e-14
  outer loop
    vertex 1893.469697809399 195.85000491781267 598.11642325905
    vertex 1892.4278087433972 195.85000491781267 598.11642325905
    vertex 1892.9487532763978 195.85000491781267 598.1620000000134
  endloop
endfacet
facet normal -1.3376954864262113e-16 1.0 4.1817613784260596e-14
  outer loop
    vertex 1892.4278087433972 195.85000491781267 598.11642325905
    vertex 1893.469697809399 195.85000491781267 598.11642325905
    vertex 1893.974813706375 195.85000491781258 597.9810778623711
  endloop
endfacet
facet normal -1.3376954864262113e-16 1.0 4.1817613784260596e-14
  outer loop
    vertex 1892.4278087433972 195.85000491781267 598.11642325905
    vertex 1893.974813706375 195.85000491781258 597.9810778623711
    vertex 1891.922692846421 195.85000491781258 597.9810778623711
  endloop
endfacet
facet normal -1.3376954864262113e-16 1.0 4.1817613784260596e-14
  outer loop
    vertex 1891.922692846421 195.85000491781258 597.9810778623711
    vertex 1893.974813706375 195.85000491781258 597.9810778623711
    vertex 1894.4487532763976 195.85000491781267 597.7600762113666
  endloop
endfacet
facet normal -1.3376954864262113e-16 1.0 4.1817613784260596e-14
  outer loop
    vertex 1891.922692846421 195.85000491781258 597.9810778623711
    vertex 1894.4487532763976 195.85000491781267 597.7600762113666
    vertex 1891.4487532763976 195.85000491781267 597.760076211367
  endloop
endfacet
facet normal -1.3376954864262113e-16 1.0 4.1817613784260596e-14
  outer loop
    vertex 1891.4487532763976 195.85000491781267 597.760076211367
    vertex 1894.4487532763976 195.85000491781267 597.7600762113666
    vertex 1892.9487532763976 195.85000491781287 597.7120000000135
  endloop
endfacet
facet normal -1.3376954864262113e-16 1.0 4.1817613784260596e-14
  outer loop
    vertex 1891.4487532763976 195.85000491781267 597.760076211367
    vertex 1892.9487532763976 195.85000491781287 597.7120000000135
    vertex 1892.5059504233468 195.85000491781287 597.6732597701945
  endloop
endfacet
facet normal -1.3376954864262113e-16 1.0 4.1817613784260596e-14
  outer loop
    vertex 1891.4487532763976 195.85000491781267 597.760076211367
    vertex 1892.5059504233468 195.85000491781287 597.6732597701945
    vertex 1891.020390447338 195.8500049178127 597.4601333293704
  endloop
endfacet
facet normal -1.3376954864262113e-16 1.0 4.1817613784260596e-14
  outer loop
    vertex 1891.020390447338 195.8500049178127 597.4601333293704
    vertex 1892.5059504233468 195.85000491781287 597.6732597701945
    vertex 1892.076601910917 195.85000491781287 597.5582161830176
  endloop
endfacet
facet normal -1.3376954864262113e-16 1.0 4.1817613784260596e-14
  outer loop
    vertex 1891.020390447338 195.8500049178127 597.4601333293704
    vertex 1892.076601910917 195.85000491781287 597.5582161830176
    vertex 1891.6737532763975 195.85000491781287 597.3703647796636
  endloop
endfacet
facet normal -1.3376954864262113e-16 1.0 4.1817613784260596e-14
  outer loop
    vertex 1891.020390447338 195.8500049178127 597.4601333293704
    vertex 1891.6737532763975 195.85000491781287 597.3703647796636
    vertex 1890.6506199470402 195.8500049178126 597.0903628290729
  endloop
endfacet
facet normal -1.3376954864262113e-16 1.0 4.1817613784260596e-14
  outer loop
    vertex 1890.6506199470402 195.8500049178126 597.0903628290729
    vertex 1891.6737532763975 195.85000491781287 597.3703647796636
    vertex 1891.3096448716967 195.85000491781278 597.1154133299669
  endloop
endfacet
facet normal -1.3376954864262113e-16 1.0 4.1817613784260596e-14
  outer loop
    vertex 1890.6506199470402 195.8500049178126 597.0903628290729
    vertex 1891.3096448716967 195.85000491781278 597.1154133299669
    vertex 1890.9953399464443 195.85000491781273 596.8011084047142
  endloop
endfacet
facet normal -1.3376954864262113e-16 1.0 4.1817613784260596e-14
  outer loop
    vertex 1890.6506199470402 195.8500049178126 597.0903628290729
    vertex 1890.9953399464443 195.85000491781273 596.8011084047142
    vertex 1890.3506770650445 195.85000491781273 596.6620000000136
  endloop
endfacet
facet normal -1.3376954864262113e-16 1.0 4.1817613784260596e-14
  outer loop
    vertex 1890.3506770650445 195.85000491781273 596.6620000000136
    vertex 1890.9953399464443 195.85000491781273 596.8011084047142
    vertex 1890.7403884967473 195.85000491781273 596.4370000000135
  endloop
endfacet
facet normal -1.3376954864262113e-16 1.0 4.1817613784260596e-14
  outer loop
    vertex 1890.3506770650445 195.85000491781273 596.6620000000136
    vertex 1890.7403884967473 195.85000491781273 596.4370000000135
    vertex 1890.12967541404 195.8500049178128 596.1880604299928
  endloop
endfacet
facet normal -1.3376954864262113e-16 1.0 4.1817613784260596e-14
  outer loop
    vertex 1890.12967541404 195.8500049178128 596.1880604299928
    vertex 1890.7403884967473 195.85000491781273 596.4370000000135
    vertex 1890.5525370933938 195.8500049178129 596.0341513654939
  endloop
endfacet
facet normal -1.3376954864262113e-16 1.0 4.1817613784260596e-14
  outer loop
    vertex 1890.12967541404 195.8500049178128 596.1880604299928
    vertex 1890.5525370933938 195.8500049178129 596.0341513654939
    vertex 1889.9943300173609 195.85000491781292 595.6829445330167
  endloop
endfacet
facet normal -1.3376954864262113e-16 1.0 4.1817613784260596e-14
  outer loop
    vertex 1889.9943300173609 195.85000491781292 595.6829445330167
    vertex 1890.5525370933938 195.8500049178129 596.0341513654939
    vertex 1890.4374935062165 195.85000491781292 595.6048028530643
  endloop
endfacet
facet normal -1.3376954864262113e-16 1.0 4.1817613784260596e-14
  outer loop
    vertex 1889.9943300173609 195.85000491781292 595.6829445330167
    vertex 1890.4374935062165 195.85000491781292 595.6048028530643
    vertex 1889.9487532763976 195.85000491781278 595.1620000000157
  endloop
endfacet
facet normal -1.3376954864262113e-16 1.0 4.1817613784260596e-14
  outer loop
    vertex 1889.9487532763976 195.85000491781278 595.1620000000157
    vertex 1890.4374935062165 195.85000491781292 595.6048028530643
    vertex 1890.3987532763979 195.85000491781278 595.1620000000136
  endloop
endfacet
facet normal -1.3376954864262113e-16 1.0 4.1817613784260596e-14
  outer loop
    vertex 1889.9487532763976 195.85000491781278 595.1620000000157
    vertex 1890.3987532763979 195.85000491781278 595.1620000000136
    vertex 1889.9943300173609 195.85000491781267 594.6410554670148
  endloop
endfacet
facet normal -1.3376954864262113e-16 1.0 4.1817613784260596e-14
  outer loop
    vertex 1889.9943300173609 195.85000491781267 594.6410554670148
    vertex 1890.3987532763979 195.85000491781278 595.1620000000136
    vertex 1890.4374935062165 195.85000491781278 594.7191971469629
  endloop
endfacet
facet normal -1.3376954864262113e-16 1.0 4.1817613784260596e-14
  outer loop
    vertex 1889.9943300173609 195.85000491781267 594.6410554670148
    vertex 1890.4374935062165 195.85000491781278 594.7191971469629
    vertex 1890.5525370933938 195.85000491781278 594.289848634533
  endloop
endfacet
facet normal -1.3376954864262113e-16 1.0 4.1817613784260596e-14
  outer loop
    vertex 1889.9943300173609 195.85000491781267 594.6410554670148
    vertex 1890.5525370933938 195.85000491781278 594.289848634533
    vertex 1890.1296754140396 195.85000491781278 594.1359395700387
  endloop
endfacet
facet normal -1.3376954864262113e-16 1.0 4.1817613784260596e-14
  outer loop
    vertex 1890.1296754140396 195.85000491781278 594.1359395700387
    vertex 1890.5525370933938 195.85000491781278 594.289848634533
    vertex 1890.740388496747 195.85000491781278 593.8870000000138
  endloop
endfacet
facet normal -1.3376954864262113e-16 1.0 4.1817613784260596e-14
  outer loop
    vertex 1890.1296754140396 195.85000491781278 594.1359395700387
    vertex 1890.740388496747 195.85000491781278 593.8870000000138
    vertex 1890.3506770650438 195.85000491781273 593.6620000000136
  endloop
endfacet
facet normal -1.3376954864262113e-16 1.0 4.1817613784260596e-14
  outer loop
    vertex 1890.3506770650438 195.85000491781273 593.6620000000136
    vertex 1890.740388496747 195.85000491781278 593.8870000000138
    vertex 1890.9953399464437 195.8500049178128 593.522891595313
  endloop
endfacet
facet normal -1.3376954864262113e-16 1.0 4.1817613784260596e-14
  outer loop
    vertex 1890.3506770650438 195.85000491781273 593.6620000000136
    vertex 1890.9953399464437 195.8500049178128 593.522891595313
    vertex 1890.6506199470402 195.8500049178128 593.2336371709537
  endloop
endfacet
facet normal -1.3376954864262113e-16 1.0 4.1817613784260596e-14
  outer loop
    vertex 1890.6506199470402 195.8500049178128 593.2336371709537
    vertex 1890.9953399464437 195.8500049178128 593.522891595313
    vertex 1891.3096448716965 195.8500049178128 593.2085866700603
  endloop
endfacet
facet normal -1.3376954864262113e-16 1.0 4.1817613784260596e-14
  outer loop
    vertex 1890.6506199470402 195.8500049178128 593.2336371709537
    vertex 1891.3096448716965 195.8500049178128 593.2085866700603
    vertex 1891.0203904473374 195.8500049178128 592.8638666706565
  endloop
endfacet
facet normal -1.3376954864262113e-16 1.0 4.1817613784260596e-14
  outer loop
    vertex 1891.0203904473374 195.8500049178128 592.8638666706565
    vertex 1891.3096448716965 195.8500049178128 593.2085866700603
    vertex 1891.673753276397 195.85000491781273 592.9536352203631
  endloop
endfacet
facet normal -1.3376954864262113e-16 1.0 4.1817613784260596e-14
  outer loop
    vertex 1891.0203904473374 195.8500049178128 592.8638666706565
    vertex 1891.673753276397 195.85000491781273 592.9536352203631
    vertex 1892.0766019109167 195.8500049178128 592.7657838170095
  endloop
endfacet
facet normal -1.3376954864262113e-16 1.0 4.1817613784260596e-14
  outer loop
    vertex 1891.0203904473374 195.8500049178128 592.8638666706565
    vertex 1892.0766019109167 195.8500049178128 592.7657838170095
    vertex 1891.4487532763972 195.8500049178128 592.5639237886603
  endloop
endfacet
facet normal -1.3376954864262113e-16 1.0 4.1817613784260596e-14
  outer loop
    vertex 1891.4487532763972 195.8500049178128 592.5639237886603
    vertex 1892.0766019109167 195.8500049178128 592.7657838170095
    vertex 1892.5059504233466 195.8500049178128 592.6507402298323
  endloop
endfacet
facet normal -1.3376954864262113e-16 1.0 4.1817613784260596e-14
  outer loop
    vertex 1891.4487532763972 195.8500049178128 592.5639237886603
    vertex 1892.5059504233466 195.8500049178128 592.6507402298323
    vertex 1892.9487532763972 195.8500049178128 592.6120000000136
  endloop
endfacet
facet normal -0.5735764363507454 9.485214746041688e-14 -0.8191520442892023
  outer loop
    vertex 1891.4487532763972 195.8500049178128 592.5639237886603
    vertex 1891.0203904473374 195.35000491781284 592.8638666706565
    vertex 1891.0203904473374 195.8500049178128 592.8638666706565
  endloop
endfacet
facet normal -0.5735764363507454 9.485214746041688e-14 -0.8191520442892023
  outer loop
    vertex 1891.0203904473374 195.35000491781284 592.8638666706565
    vertex 1891.4487532763972 195.8500049178128 592.5639237886603
    vertex 1891.4487532763972 195.35000491781292 592.5639237886602
  endloop
endfacet
facet normal -0.7071067811868569 -1.0992152044868202e-13 -0.7071067811862382
  outer loop
    vertex 1891.0203904473374 195.35000491781284 592.8638666706565
    vertex 1890.6506199470402 195.8500049178128 593.2336371709537
    vertex 1891.0203904473374 195.8500049178128 592.8638666706565
  endloop
endfacet
facet normal -0.7071067811868569 -1.0992152044868202e-13 -0.7071067811862382
  outer loop
    vertex 1890.6506199470402 195.8500049178128 593.2336371709537
    vertex 1891.0203904473374 195.35000491781284 592.8638666706565
    vertex 1890.6506199470402 195.35000491781275 593.2336371709539
  endloop
endfacet
facet normal -0.8191520442887734 1.391524324315042e-14 -0.5735764363513579
  outer loop
    vertex 1890.6506199470402 195.35000491781275 593.2336371709539
    vertex 1890.3506770650438 195.85000491781273 593.6620000000136
    vertex 1890.6506199470402 195.8500049178128 593.2336371709537
  endloop
endfacet
facet normal -0.8191520442887734 1.391524324315042e-14 -0.5735764363513579
  outer loop
    vertex 1890.3506770650438 195.85000491781273 593.6620000000136
    vertex 1890.6506199470402 195.35000491781275 593.2336371709539
    vertex 1890.3506770650438 195.35000491781275 593.6620000000132
  endloop
endfacet
facet normal -0.9063077870375102 8.600370956439231e-14 -0.4226182617388546
  outer loop
    vertex 1890.3506770650438 195.85000491781273 593.6620000000136
    vertex 1890.1296754140396 195.3500049178127 594.1359395700387
    vertex 1890.1296754140396 195.85000491781278 594.1359395700387
  endloop
endfacet
facet normal -0.9063077870375102 8.600370956439231e-14 -0.4226182617388546
  outer loop
    vertex 1890.1296754140396 195.3500049178127 594.1359395700387
    vertex 1890.3506770650438 195.85000491781273 593.6620000000136
    vertex 1890.3506770650438 195.35000491781275 593.6620000000132
  endloop
endfacet
facet normal -0.9659258262891268 5.24239278232101e-15 -0.25881904510230225
  outer loop
    vertex 1890.1296754140396 195.3500049178127 594.1359395700387
    vertex 1889.9943300173609 195.85000491781267 594.6410554670148
    vertex 1890.1296754140396 195.85000491781278 594.1359395700387
  endloop
endfacet
facet normal -0.9659258262891268 5.24239278232101e-15 -0.25881904510230225
  outer loop
    vertex 1889.9943300173609 195.85000491781267 594.6410554670148
    vertex 1890.1296754140396 195.3500049178127 594.1359395700387
    vertex 1889.9943300173609 195.3500049178127 594.6410554670148
  endloop
endfacet
facet normal -0.9961946980917482 5.828447930297132e-16 -0.08715574274762866
  outer loop
    vertex 1889.9943300173609 195.85000491781267 594.6410554670148
    vertex 1889.9487532763976 195.3500049178127 595.1620000000157
    vertex 1889.9487532763976 195.85000491781278 595.1620000000157
  endloop
endfacet
facet normal -0.9961946980917482 5.828447930297132e-16 -0.08715574274762866
  outer loop
    vertex 1889.9487532763976 195.3500049178127 595.1620000000157
    vertex 1889.9943300173609 195.85000491781267 594.6410554670148
    vertex 1889.9943300173609 195.3500049178127 594.6410554670148
  endloop
endfacet
facet normal -0.9961946980917358 -4.099482810415022e-15 0.08715574274777087
  outer loop
    vertex 1889.9487532763976 195.85000491781278 595.1620000000157
    vertex 1889.9943300173609 195.35000491781287 595.6829445330167
    vertex 1889.9943300173609 195.85000491781292 595.6829445330167
  endloop
endfacet
facet normal -0.9961946980917358 -4.099482810415022e-15 0.08715574274777087
  outer loop
    vertex 1889.9943300173609 195.35000491781287 595.6829445330167
    vertex 1889.9487532763976 195.85000491781278 595.1620000000157
    vertex 1889.9487532763976 195.3500049178127 595.1620000000157
  endloop
endfacet
facet normal -0.9659258262889173 -8.644711195667889e-15 0.2588190451030842
  outer loop
    vertex 1889.9943300173609 195.35000491781287 595.6829445330167
    vertex 1890.12967541404 195.8500049178128 596.1880604299928
    vertex 1889.9943300173609 195.85000491781292 595.6829445330167
  endloop
endfacet
facet normal -0.9659258262889173 -8.644711195667889e-15 0.2588190451030842
  outer loop
    vertex 1890.12967541404 195.8500049178128 596.1880604299928
    vertex 1889.9943300173609 195.35000491781287 595.6829445330167
    vertex 1890.12967541404 195.35000491781284 596.1880604299928
  endloop
endfacet
facet normal -0.9063077870359089 -8.920751318791683e-14 0.42261826174228867
  outer loop
    vertex 1890.12967541404 195.35000491781284 596.1880604299928
    vertex 1890.3506770650445 195.85000491781273 596.6620000000136
    vertex 1890.12967541404 195.8500049178128 596.1880604299928
  endloop
endfacet
facet normal -0.9063077870359089 -8.920751318791683e-14 0.42261826174228867
  outer loop
    vertex 1890.3506770650445 195.85000491781273 596.6620000000136
    vertex 1890.12967541404 195.35000491781284 596.1880604299928
    vertex 1890.3506770650445 195.35000491781267 596.6620000000133
  endloop
endfacet
facet normal -0.8191520442893402 -1.6822061495764444e-14 0.5735764363505488
  outer loop
    vertex 1890.3506770650445 195.35000491781267 596.6620000000133
    vertex 1890.6506199470402 195.8500049178126 597.0903628290729
    vertex 1890.3506770650445 195.85000491781273 596.6620000000136
  endloop
endfacet
facet normal -0.8191520442893402 -1.6822061495764444e-14 0.5735764363505488
  outer loop
    vertex 1890.6506199470402 195.8500049178126 597.0903628290729
    vertex 1890.3506770650445 195.35000491781267 596.6620000000133
    vertex 1890.6506199470402 195.35000491781264 597.090362829073
  endloop
endfacet
facet normal -0.7071067811862382 1.0739993739468779e-13 0.7071067811868569
  outer loop
    vertex 1891.020390447338 195.35000491781264 597.4601333293704
    vertex 1890.6506199470402 195.8500049178126 597.0903628290729
    vertex 1890.6506199470402 195.35000491781264 597.090362829073
  endloop
endfacet
facet normal -0.7071067811862382 1.0739993739468779e-13 0.7071067811868569
  outer loop
    vertex 1890.6506199470402 195.8500049178126 597.0903628290729
    vertex 1891.020390447338 195.35000491781264 597.4601333293704
    vertex 1891.020390447338 195.8500049178127 597.4601333293704
  endloop
endfacet
facet normal -0.5735764363513002 -9.689300229056135e-14 0.8191520442888139
  outer loop
    vertex 1891.4487532763976 195.3500049178126 597.7600762113669
    vertex 1891.020390447338 195.8500049178127 597.4601333293704
    vertex 1891.020390447338 195.35000491781264 597.4601333293704
  endloop
endfacet
facet normal -0.5735764363513002 -9.689300229056135e-14 0.8191520442888139
  outer loop
    vertex 1891.020390447338 195.8500049178127 597.4601333293704
    vertex 1891.4487532763976 195.3500049178126 597.7600762113669
    vertex 1891.4487532763976 195.85000491781267 597.760076211367
  endloop
endfacet
facet normal -0.42261826174017164 5.672778734760197e-14 0.9063077870368962
  outer loop
    vertex 1891.922692846421 195.3500049178126 597.9810778623712
    vertex 1891.4487532763976 195.85000491781267 597.760076211367
    vertex 1891.4487532763976 195.3500049178126 597.7600762113669
  endloop
endfacet
facet normal -0.42261826174017164 5.672778734760197e-14 0.9063077870368962
  outer loop
    vertex 1891.4487532763976 195.85000491781267 597.760076211367
    vertex 1891.922692846421 195.3500049178126 597.9810778623712
    vertex 1891.922692846421 195.85000491781258 597.9810778623711
  endloop
endfacet
facet normal -0.2588190451022907 1.4796119848539324e-13 0.9659258262891299
  outer loop
    vertex 1892.4278087433972 195.3500049178127 598.11642325905
    vertex 1891.922692846421 195.85000491781258 597.9810778623711
    vertex 1891.922692846421 195.3500049178126 597.9810778623712
  endloop
endfacet
facet normal -0.2588190451022907 1.4796119848539324e-13 0.9659258262891299
  outer loop
    vertex 1891.922692846421 195.85000491781258 597.9810778623711
    vertex 1892.4278087433972 195.3500049178127 598.11642325905
    vertex 1892.4278087433972 195.85000491781267 598.11642325905
  endloop
endfacet
facet normal -0.08715574274751733 -2.06655507275296e-13 0.996194698091758
  outer loop
    vertex 1892.9487532763978 195.3500049178127 598.1620000000131
    vertex 1892.4278087433972 195.85000491781267 598.11642325905
    vertex 1892.4278087433972 195.3500049178127 598.11642325905
  endloop
endfacet
facet normal -0.08715574274751733 -2.06655507275296e-13 0.996194698091758
  outer loop
    vertex 1892.4278087433972 195.85000491781267 598.11642325905
    vertex 1892.9487532763978 195.3500049178127 598.1620000000131
    vertex 1892.9487532763978 195.85000491781267 598.1620000000134
  endloop
endfacet
facet normal 0.08715574274759963 -2.0634775313464828e-13 0.9961946980917508
  outer loop
    vertex 1893.469697809399 195.3500049178127 598.11642325905
    vertex 1892.9487532763978 195.85000491781267 598.1620000000134
    vertex 1892.9487532763978 195.3500049178127 598.1620000000131
  endloop
endfacet
facet normal 0.08715574274759963 -2.0634775313464828e-13 0.9961946980917508
  outer loop
    vertex 1892.9487532763978 195.85000491781267 598.1620000000134
    vertex 1893.469697809399 195.3500049178127 598.11642325905
    vertex 1893.469697809399 195.85000491781267 598.11642325905
  endloop
endfacet
facet normal 0.2588190451025207 -1.1262659833608889e-13 0.9659258262890684
  outer loop
    vertex 1893.974813706375 195.3500049178126 597.9810778623711
    vertex 1893.469697809399 195.85000491781267 598.11642325905
    vertex 1893.469697809399 195.3500049178127 598.11642325905
  endloop
endfacet
facet normal 0.2588190451025207 -1.1262659833608889e-13 0.9659258262890684
  outer loop
    vertex 1893.469697809399 195.85000491781267 598.11642325905
    vertex 1893.974813706375 195.3500049178126 597.9810778623711
    vertex 1893.974813706375 195.85000491781258 597.9810778623711
  endloop
endfacet
facet normal 0.42261826174097156 5.82359360976343e-14 0.9063077870365231
  outer loop
    vertex 1894.4487532763976 195.3500049178126 597.7600762113667
    vertex 1893.974813706375 195.85000491781258 597.9810778623711
    vertex 1893.974813706375 195.3500049178126 597.9810778623711
  endloop
endfacet
facet normal 0.42261826174097156 5.82359360976343e-14 0.9063077870365231
  outer loop
    vertex 1893.974813706375 195.85000491781258 597.9810778623711
    vertex 1894.4487532763976 195.3500049178126 597.7600762113667
    vertex 1894.4487532763976 195.85000491781267 597.7600762113666
  endloop
endfacet
facet normal 0.5735764363513591 1.268925231572764e-13 0.8191520442887725
  outer loop
    vertex 1894.8771161054572 195.35000491781273 597.4601333293701
    vertex 1894.4487532763976 195.85000491781267 597.7600762113666
    vertex 1894.4487532763976 195.3500049178126 597.7600762113667
  endloop
endfacet
facet normal 0.5735764363513591 1.268925231572764e-13 0.8191520442887725
  outer loop
    vertex 1894.4487532763976 195.85000491781267 597.7600762113666
    vertex 1894.8771161054572 195.35000491781273 597.4601333293701
    vertex 1894.8771161054572 195.8500049178127 597.4601333293701
  endloop
endfacet
facet normal 0.7071067811865981 -1.7712535952045804e-14 0.7071067811864971
  outer loop
    vertex 1895.2468866057545 195.35000491781267 597.0903628290728
    vertex 1894.8771161054572 195.8500049178127 597.4601333293701
    vertex 1894.8771161054572 195.35000491781273 597.4601333293701
  endloop
endfacet
facet normal 0.7071067811865981 -1.7712535952045804e-14 0.7071067811864971
  outer loop
    vertex 1894.8771161054572 195.8500049178127 597.4601333293701
    vertex 1895.2468866057545 195.35000491781267 597.0903628290728
    vertex 1895.2468866057545 195.85000491781273 597.0903628290728
  endloop
endfacet
facet normal 0.8191520442888302 8.958195878206385e-14 0.5735764363512771
  outer loop
    vertex 1895.2468866057545 195.35000491781267 597.0903628290728
    vertex 1895.5468294877512 195.85000491781273 596.662000000013
    vertex 1895.2468866057545 195.85000491781273 597.0903628290728
  endloop
endfacet
facet normal 0.8191520442888302 8.958195878206385e-14 0.5735764363512771
  outer loop
    vertex 1895.5468294877512 195.85000491781273 596.662000000013
    vertex 1895.2468866057545 195.35000491781267 597.0903628290728
    vertex 1895.5468294877512 195.35000491781275 596.6620000000131
  endloop
endfacet
facet normal 0.906307787036709 6.653345436387776e-14 0.42261826174057293
  outer loop
    vertex 1895.5468294877512 195.35000491781275 596.6620000000131
    vertex 1895.7678311387554 195.85000491781273 596.1880604299902
    vertex 1895.5468294877512 195.85000491781273 596.662000000013
  endloop
endfacet
facet normal 0.906307787036709 6.653345436387776e-14 0.42261826174057293
  outer loop
    vertex 1895.7678311387554 195.85000491781273 596.1880604299902
    vertex 1895.5468294877512 195.35000491781275 596.6620000000131
    vertex 1895.7678311387554 195.35000491781267 596.1880604299902
  endloop
endfacet
facet normal 0.9659258262891268 -5.233340794909519e-15 0.2588190451023023
  outer loop
    vertex 1895.7678311387554 195.35000491781267 596.1880604299902
    vertex 1895.903176535434 195.85000491781278 595.682944533014
    vertex 1895.7678311387554 195.85000491781273 596.1880604299902
  endloop
endfacet
facet normal 0.9659258262891268 -5.233340794909519e-15 0.2588190451023023
  outer loop
    vertex 1895.903176535434 195.85000491781278 595.682944533014
    vertex 1895.7678311387554 195.35000491781267 596.1880604299902
    vertex 1895.903176535434 195.35000491781278 595.682944533014
  endloop
endfacet
facet normal 0.9961946980917482 -5.754414529132679e-16 0.08715574274762866
  outer loop
    vertex 1895.903176535434 195.35000491781278 595.682944533014
    vertex 1895.9487532763976 195.85000491781278 595.1620000000131
    vertex 1895.903176535434 195.85000491781278 595.682944533014
  endloop
endfacet
facet normal 0.9961946980917482 -5.754414529132679e-16 0.08715574274762866
  outer loop
    vertex 1895.9487532763976 195.85000491781278 595.1620000000131
    vertex 1895.903176535434 195.35000491781278 595.682944533014
    vertex 1895.9487532763976 195.3500049178127 595.1620000000131
  endloop
endfacet
facet normal 0.9961946980917306 4.095891125840355e-15 -0.0871557427478308
  outer loop
    vertex 1895.9487532763976 195.3500049178127 595.1620000000131
    vertex 1895.903176535434 195.85000491781278 594.6410554670125
    vertex 1895.9487532763976 195.85000491781278 595.1620000000131
  endloop
endfacet
facet normal 0.9961946980917306 4.095891125840355e-15 -0.0871557427478308
  outer loop
    vertex 1895.903176535434 195.85000491781278 594.6410554670125
    vertex 1895.9487532763976 195.3500049178127 595.1620000000131
    vertex 1895.903176535434 195.3500049178127 594.6410554670125
  endloop
endfacet
facet normal 0.9659258262891361 8.644104827546959e-15 -0.2588190451022676
  outer loop
    vertex 1895.903176535434 195.3500049178127 594.6410554670125
    vertex 1895.7678311387554 195.85000491781278 594.135939570036
    vertex 1895.903176535434 195.85000491781278 594.6410554670125
  endloop
endfacet
facet normal 0.9659258262891361 8.644104827546959e-15 -0.2588190451022676
  outer loop
    vertex 1895.7678311387554 195.85000491781278 594.135939570036
    vertex 1895.903176535434 195.3500049178127 594.6410554670125
    vertex 1895.7678311387554 195.3500049178128 594.135939570036
  endloop
endfacet
facet normal 0.9063077870364458 -6.333320656186235e-14 -0.42261826174113715
  outer loop
    vertex 1895.7678311387554 195.3500049178128 594.135939570036
    vertex 1895.5468294877503 195.8500049178128 593.6620000000129
    vertex 1895.7678311387554 195.85000491781278 594.135939570036
  endloop
endfacet
facet normal 0.9063077870364458 -6.333320656186235e-14 -0.42261826174113715
  outer loop
    vertex 1895.5468294877503 195.8500049178128 593.6620000000129
    vertex 1895.7678311387554 195.3500049178128 594.135939570036
    vertex 1895.5468294877503 195.35000491781275 593.6620000000131
  endloop
endfacet
facet normal 0.819152044288959 -8.668372933834515e-14 -0.573576436351093
  outer loop
    vertex 1895.5468294877503 195.35000491781275 593.6620000000131
    vertex 1895.246886605754 195.8500049178128 593.2336371709536
    vertex 1895.5468294877503 195.8500049178128 593.6620000000129
  endloop
endfacet
facet normal 0.819152044288959 -8.668372933834515e-14 -0.573576436351093
  outer loop
    vertex 1895.246886605754 195.8500049178128 593.2336371709536
    vertex 1895.5468294877503 195.35000491781275 593.6620000000131
    vertex 1895.246886605754 195.35000491781284 593.2336371709536
  endloop
endfacet
facet normal 0.7071067811864971 2.0209388516555804e-14 -0.7071067811865981
  outer loop
    vertex 1895.246886605754 195.8500049178128 593.2336371709536
    vertex 1894.8771161054567 195.35000491781275 592.8638666706563
    vertex 1894.8771161054567 195.8500049178128 592.8638666706563
  endloop
endfacet
facet normal 0.7071067811864971 2.0209388516555804e-14 -0.7071067811865981
  outer loop
    vertex 1894.8771161054567 195.35000491781275 592.8638666706563
    vertex 1895.246886605754 195.8500049178128 593.2336371709536
    vertex 1895.246886605754 195.35000491781284 593.2336371709536
  endloop
endfacet
facet normal 0.5735764363510106 -1.2485166832715197e-13 -0.8191520442890167
  outer loop
    vertex 1894.8771161054567 195.8500049178128 592.8638666706563
    vertex 1894.4487532763972 195.35000491781278 592.5639237886601
    vertex 1894.4487532763972 195.85000491781284 592.5639237886598
  endloop
endfacet
facet normal 0.5735764363510106 -1.2485166832715197e-13 -0.8191520442890167
  outer loop
    vertex 1894.4487532763972 195.35000491781278 592.5639237886601
    vertex 1894.8771161054567 195.8500049178128 592.8638666706563
    vertex 1894.8771161054567 195.35000491781275 592.8638666706563
  endloop
endfacet
facet normal 0.4226182617410029 -5.674363603957238e-14 -0.9063077870365084
  outer loop
    vertex 1894.4487532763972 195.85000491781284 592.5639237886598
    vertex 1893.9748137063743 195.35000491781287 592.3429221376554
    vertex 1893.9748137063743 195.85000491781284 592.3429221376555
  endloop
endfacet
facet normal 0.4226182617410029 -5.674363603957238e-14 -0.9063077870365084
  outer loop
    vertex 1893.9748137063743 195.35000491781287 592.3429221376554
    vertex 1894.4487532763972 195.85000491781284 592.5639237886598
    vertex 1894.4487532763972 195.35000491781278 592.5639237886601
  endloop
endfacet
facet normal 0.2588190451020493 1.1352157375405306e-13 -0.9659258262891948
  outer loop
    vertex 1893.9748137063743 195.85000491781284 592.3429221376555
    vertex 1893.4696978093978 195.35000491781304 592.2075767409766
    vertex 1893.4696978093978 195.850004917813 592.2075767409766
  endloop
endfacet
facet normal 0.2588190451020493 1.1352157375405306e-13 -0.9659258262891948
  outer loop
    vertex 1893.4696978093978 195.35000491781304 592.2075767409766
    vertex 1893.9748137063743 195.85000491781284 592.3429221376555
    vertex 1893.9748137063743 195.35000491781287 592.3429221376554
  endloop
endfacet
facet normal 0.08715574274785984 2.0665550727535525e-13 -0.996194698091728
  outer loop
    vertex 1893.4696978093978 195.850004917813 592.2075767409766
    vertex 1892.9487532763972 195.35000491781304 592.1620000000131
    vertex 1892.9487532763972 195.850004917813 592.1620000000133
  endloop
endfacet
facet normal 0.08715574274785984 2.0665550727535525e-13 -0.996194698091728
  outer loop
    vertex 1892.9487532763972 195.35000491781304 592.1620000000131
    vertex 1893.4696978093978 195.850004917813 592.2075767409766
    vertex 1893.4696978093978 195.35000491781304 592.2075767409766
  endloop
endfacet
facet normal -0.08715574274794212 2.0634775313470634e-13 -0.9961946980917208
  outer loop
    vertex 1892.9487532763972 195.850004917813 592.1620000000133
    vertex 1892.4278087433963 195.35000491781304 592.2075767409767
    vertex 1892.4278087433963 195.850004917813 592.2075767409767
  endloop
endfacet
facet normal -0.08715574274794212 2.0634775313470634e-13 -0.9961946980917208
  outer loop
    vertex 1892.4278087433963 195.35000491781304 592.2075767409767
    vertex 1892.9487532763972 195.850004917813 592.1620000000133
    vertex 1892.9487532763972 195.35000491781304 592.1620000000131
  endloop
endfacet
facet normal -0.25881904510227915 -1.488818262156243e-13 -0.965925826289133
  outer loop
    vertex 1892.4278087433963 195.850004917813 592.2075767409767
    vertex 1891.9226928464202 195.35000491781304 592.3429221376555
    vertex 1891.9226928464202 195.850004917813 592.3429221376554
  endloop
endfacet
facet normal -0.25881904510227915 -1.488818262156243e-13 -0.965925826289133
  outer loop
    vertex 1891.9226928464202 195.35000491781304 592.3429221376555
    vertex 1892.4278087433963 195.850004917813 592.2075767409767
    vertex 1892.4278087433963 195.35000491781304 592.2075767409767
  endloop
endfacet
facet normal -0.4226182617412742 -5.821447494952644e-14 -0.9063077870363819
  outer loop
    vertex 1891.9226928464202 195.850004917813 592.3429221376554
    vertex 1891.4487532763972 195.35000491781292 592.5639237886602
    vertex 1891.4487532763972 195.8500049178128 592.5639237886603
  endloop
endfacet
facet normal -0.4226182617412742 -5.821447494952644e-14 -0.9063077870363819
  outer loop
    vertex 1891.4487532763972 195.35000491781292 592.5639237886602
    vertex 1891.9226928464202 195.850004917813 592.3429221376554
    vertex 1891.9226928464202 195.35000491781304 592.3429221376555
  endloop
endfacet
facet normal -0.08715574273571755 1.6569709554655845e-05 -0.9961946979549883
  outer loop
    vertex 1880.448771158927 196.35000491781062 592.1621872200825
    vertex 1882.0984109642327 185.00000491781276 592.0176736536313
    vertex 1880.4487532763972 185.00000491781276 592.1620000000153
  endloop
endfacet
facet normal -0.08715574273571755 1.6569709554655845e-05 -0.9961946979549883
  outer loop
    vertex 1882.0984109642327 185.00000491781276 592.0176736536313
    vertex 1880.448771158927 196.35000491781062 592.1621872200825
    vertex 1882.098428846763 196.35000491781054 592.0178608736984
  endloop
endfacet
facet normal -7.669667991832365e-14 1.649516010031795e-05 -0.9999999998639548
  outer loop
    vertex 1871.948771158926 196.35000491781 592.1621872200832
    vertex 1880.4487532763972 185.00000491781276 592.1620000000153
    vertex 1871.9487532763962 185.00000491781222 592.162000000016
  endloop
endfacet
facet normal -7.669667991832365e-14 1.649516010031795e-05 -0.9999999998639548
  outer loop
    vertex 1880.4487532763972 185.00000491781276 592.1620000000153
    vertex 1871.948771158926 196.35000491781 592.1621872200832
    vertex 1880.448771158927 196.35000491781062 592.1621872200825
  endloop
endfacet
facet normal -1.0 1.332196872892047e-14 7.574678647020158e-14
  outer loop
    vertex 1871.9487532763983 206.70000491781332 598.6620000000141
    vertex 1871.948771158926 196.35000491781 592.1621872200832
    vertex 1871.9487532763976 195.34810886884074 598.6620000000165
  endloop
endfacet
facet normal -1.0 1.332196872892047e-14 7.574678647020158e-14
  outer loop
    vertex 1871.948771158926 196.35000491781 592.1621872200832
    vertex 1871.9487532763983 206.70000491781332 598.6620000000141
    vertex 1871.9487532763933 196.35000491781102 573.1620000000144
  endloop
endfacet
facet normal -1.0 1.332196872892047e-14 7.574678647020158e-14
  outer loop
    vertex 1871.9487532763976 195.34810886884074 598.6620000000165
    vertex 1871.948771158926 196.35000491781 592.1621872200832
    vertex 1871.9487532763962 185.00000491781222 592.162000000016
  endloop
endfacet
facet normal -1.0 1.332196872892047e-14 7.574678647020158e-14
  outer loop
    vertex 1871.9487533079796 211.00000000000264 563.1620000000036
    vertex 1871.9487532763933 196.35000491781102 573.1620000000144
    vertex 1871.9487533079835 211.00000000000043 608.1620000000039
  endloop
endfacet
facet normal -1.0 1.332196872892047e-14 7.574678647020158e-14
  outer loop
    vertex 1871.9487532763933 196.35000491781102 573.1620000000144
    vertex 1871.9487533079796 211.00000000000264 563.1620000000036
    vertex 1871.9487533079796 181.00000000000225 563.1620000000029
  endloop
endfacet
facet normal -1.0 1.332196872892047e-14 7.574678647020158e-14
  outer loop
    vertex 1871.9487533079835 211.00000000000043 608.1620000000039
    vertex 1871.9487532763933 196.35000491781102 573.1620000000144
    vertex 1871.9487532763983 206.70000491781332 598.6620000000141
  endloop
endfacet
facet normal -1.0 1.332196872892047e-14 7.574678647020158e-14
  outer loop
    vertex 1871.9487532763933 196.35000491781102 573.1620000000144
    vertex 1871.9487533079796 181.00000000000225 563.1620000000029
    vertex 1871.9487532763933 185.000004917811 573.1620000000141
  endloop
endfacet
facet normal -1.0 1.332196872892047e-14 7.574678647020158e-14
  outer loop
    vertex 1871.9487532763933 185.000004917811 573.1620000000141
    vertex 1871.9487533079796 181.00000000000225 563.1620000000029
    vertex 1871.9487533079828 185.00000000000028 608.1620000000029
  endloop
endfacet
facet normal -1.0 1.332196872892047e-14 7.574678647020158e-14
  outer loop
    vertex 1871.9487533079828 185.00000000000028 608.1620000000029
    vertex 1871.948753307984 181.00000000000057 621.6620000000029
    vertex 1871.948753307984 185.00000000000028 621.662000000003
  endloop
endfacet
facet normal -1.0 1.332196872892047e-14 7.574678647020158e-14
  outer loop
    vertex 1871.948753307984 181.00000000000057 621.6620000000029
    vertex 1871.9487533079828 185.00000000000028 608.1620000000029
    vertex 1871.9487533079796 181.00000000000225 563.1620000000029
  endloop
endfacet
facet normal -1.0 1.332196872892047e-14 7.574678647020158e-14
  outer loop
    vertex 1871.9487533079835 211.00000000000043 608.1620000000039
    vertex 1871.9487532763987 206.70000491781298 604.6620000000138
    vertex 1871.9487533079828 185.00000000000028 608.1620000000029
  endloop
endfacet
facet normal -1.0 1.332196872892047e-14 7.574678647020158e-14
  outer loop
    vertex 1871.9487532763987 206.70000491781298 604.6620000000138
    vertex 1871.9487533079835 211.00000000000043 608.1620000000039
    vertex 1871.9487532763983 206.70000491781332 598.6620000000141
  endloop
endfacet
facet normal -1.0 1.332196872892047e-14 7.574678647020158e-14
  outer loop
    vertex 1871.9487533079828 185.00000000000028 608.1620000000029
    vertex 1871.9487532763987 206.70000491781298 604.6620000000138
    vertex 1871.9487532763983 195.34997157830304 604.6620000000141
  endloop
endfacet
facet normal -1.0 1.332196872892047e-14 7.574678647020158e-14
  outer loop
    vertex 1871.9487533079828 185.00000000000028 608.1620000000029
    vertex 1871.9487532763983 195.34997157830304 604.6620000000141
    vertex 1871.9487532763976 195.34810886884074 598.6620000000165
  endloop
endfacet
facet normal -1.0 1.332196872892047e-14 7.574678647020158e-14
  outer loop
    vertex 1871.9487533079828 185.00000000000028 608.1620000000029
    vertex 1871.9487532763976 195.34810886884074 598.6620000000165
    vertex 1871.9487532763962 185.00000491781222 592.162000000016
  endloop
endfacet
facet normal -1.0 1.332196872892047e-14 7.574678647020158e-14
  outer loop
    vertex 1871.9487533079828 185.00000000000028 608.1620000000029
    vertex 1871.9487532763962 185.00000491781222 592.162000000016
    vertex 1871.9487532763933 185.000004917811 573.1620000000141
  endloop
endfacet
facet normal -0.25882833853585285 7.389367379784096e-15 -0.9659233360731948
  outer loop
    vertex 1883.6979446379912 195.3499715783037 591.5890798974815
    vertex 1883.4487526339758 185.0000049178128 591.655853263407
    vertex 1883.4487526339751 195.34810886884102 591.6558532634073
  endloop
endfacet
facet normal -0.25882833853585285 7.389367379784096e-15 -0.9659233360731948
  outer loop
    vertex 1883.4487526339758 185.0000049178128 591.655853263407
    vertex 1883.6979446379912 195.3499715783037 591.5890798974815
    vertex 1883.697944637992 185.0000049178128 591.5890798974813
  endloop
endfacet
facet normal 9.366246871445337e-06 -0.9999999999536997 -2.2077566635759217e-06
  outer loop
    vertex 1884.1273966373146 206.69784056696287 598.6684788955918
    vertex 1901.8758331738638 206.70000491781292 598.4111913616052
    vertex 1901.1759946123498 206.70000491781286 599.9120000000116
  endloop
endfacet
facet normal 9.366246871445337e-06 -0.9999999999536997 -2.2077566635759217e-06
  outer loop
    vertex 1901.8758331738638 206.70000491781292 598.4111913616052
    vertex 1884.1273966373146 206.69784056696287 598.6684788955918
    vertex 1884.0104426484934 206.69973661593482 598.4176702571839
  endloop
endfacet
facet normal 9.366246871445337e-06 -0.9999999999536997 -2.2077566635759217e-06
  outer loop
    vertex 1901.8758331738638 206.70000491781292 598.4111913616052
    vertex 1884.0104426484934 206.69973661593482 598.4176702571839
    vertex 1892.9487532763976 206.70000491781292 598.1620000000122
  endloop
endfacet
facet normal 9.366246871445337e-06 -0.9999999999536997 -2.2077566635759217e-06
  outer loop
    vertex 1892.9487532763976 206.70000491781292 598.1620000000122
    vertex 1884.0104426484934 206.69973661593482 598.4176702571839
    vertex 1892.427808743397 206.70000491781292 598.1164232590488
  endloop
endfacet
facet normal 9.366246871445337e-06 -0.9999999999536997 -2.2077566635759217e-06
  outer loop
    vertex 1892.427808743397 206.70000491781292 598.1164232590488
    vertex 1884.0104426484934 206.69973661593482 598.4176702571839
    vertex 1883.5818488923435 206.69973661593482 596.8181365834258
  endloop
endfacet
facet normal 9.366246871445337e-06 -0.9999999999536997 -2.2077566635759217e-06
  outer loop
    vertex 1892.427808743397 206.70000491781292 598.1164232590488
    vertex 1883.5818488923435 206.69973661593482 596.8181365834258
    vertex 1891.9226928464204 206.70000491781292 597.9810778623702
  endloop
endfacet
facet normal 9.366246871445337e-06 -0.9999999999536997 -2.2077566635759217e-06
  outer loop
    vertex 1891.9226928464204 206.70000491781292 597.9810778623702
    vertex 1883.5818488923435 206.69973661593482 596.8181365834258
    vertex 1891.4487532763976 206.70000491781292 597.7600762113655
  endloop
endfacet
facet normal 9.366246871445337e-06 -0.9999999999536997 -2.2077566635759217e-06
  outer loop
    vertex 1891.4487532763976 206.70000491781292 597.7600762113655
    vertex 1883.5818488923435 206.69973661593482 596.8181365834258
    vertex 1891.020390447338 206.70000491781283 597.4601333293692
  endloop
endfacet
facet normal 9.366246871445337e-06 -0.9999999999536997 -2.2077566635759217e-06
  outer loop
    vertex 1891.020390447338 206.70000491781283 597.4601333293692
    vertex 1883.5818488923435 206.69973661593482 596.8181365834258
    vertex 1890.6506199470407 206.70000491781286 597.0903628290719
  endloop
endfacet
facet normal 9.366246871445337e-06 -0.9999999999536997 -2.2077566635759217e-06
  outer loop
    vertex 1890.6506199470407 206.70000491781286 597.0903628290719
    vertex 1883.5818488923435 206.69973661593482 596.8181365834258
    vertex 1890.350677065044 206.70000491781298 596.6620000000124
  endloop
endfacet
facet normal 9.366246871445337e-06 -0.9999999999536997 -2.2077566635759217e-06
  outer loop
    vertex 1890.350677065044 206.70000491781298 596.6620000000124
    vertex 1883.5818488923435 206.69973661593482 596.8181365834258
    vertex 1883.4487532763978 206.69987076687397 595.2968467318989
  endloop
endfacet
facet normal 9.366246871445337e-06 -0.9999999999536997 -2.2077566635759217e-06
  outer loop
    vertex 1890.350677065044 206.70000491781298 596.6620000000124
    vertex 1883.4487532763978 206.69987076687397 595.2968467318989
    vertex 1890.1296754140396 206.7000049178127 596.1880604299894
  endloop
endfacet
facet normal 9.366246871445337e-06 -0.9999999999536997 -2.2077566635759217e-06
  outer loop
    vertex 1890.1296754140396 206.7000049178127 596.1880604299894
    vertex 1883.4487532763978 206.69987076687397 595.2968467318989
    vertex 1889.9943300173607 206.7000049178126 595.682944533013
  endloop
endfacet
facet normal 9.366246871445337e-06 -0.9999999999536997 -2.2077566635759217e-06
  outer loop
    vertex 1889.9943300173607 206.7000049178126 595.682944533013
    vertex 1883.4487532763978 206.69987076687397 595.2968467318989
    vertex 1889.9487532763972 206.70000491781263 595.1620000000124
  endloop
endfacet
facet normal 9.366246871445337e-06 -0.9999999999536997 -2.2077566635759217e-06
  outer loop
    vertex 1889.9487532763972 206.70000491781263 595.1620000000124
    vertex 1883.4487532763978 206.69987076687397 595.2968467318989
    vertex 1883.4375225459596 206.69973661593494 595.16847889559
  endloop
endfacet
facet normal 9.366246871445337e-06 -0.9999999999536997 -2.2077566635759217e-06
  outer loop
    vertex 1889.9487532763972 206.70000491781263 595.1620000000124
    vertex 1883.4375225459596 206.69973661593494 595.16847889559
    vertex 1883.4487526339751 206.69979072750104 591.6558532634076
  endloop
endfacet
facet normal 9.366246871445337e-06 -0.9999999999536997 -2.2077566635759217e-06
  outer loop
    vertex 1889.9487532763972 206.70000491781263 595.1620000000124
    vertex 1883.4487526339751 206.69979072750104 591.6558532634076
    vertex 1889.9943300173607 206.70000491781275 594.6410554670115
  endloop
endfacet
facet normal 9.366246871445337e-06 -0.9999999999536997 -2.2077566635759217e-06
  outer loop
    vertex 1889.9943300173607 206.70000491781275 594.6410554670115
    vertex 1883.4487526339751 206.69979072750104 591.6558532634076
    vertex 1890.129675414039 206.70000491781263 594.1359395700354
  endloop
endfacet
facet normal 9.366246871445337e-06 -0.9999999999536997 -2.2077566635759217e-06
  outer loop
    vertex 1890.129675414039 206.70000491781263 594.1359395700354
    vertex 1883.4487526339751 206.69979072750104 591.6558532634076
    vertex 1890.3506770650438 206.7000049178127 593.6620000000123
  endloop
endfacet
facet normal 9.366246871445337e-06 -0.9999999999536997 -2.2077566635759217e-06
  outer loop
    vertex 1890.3506770650438 206.7000049178127 593.6620000000123
    vertex 1883.4487526339751 206.69979072750104 591.6558532634076
    vertex 1890.65061994704 206.7000049178127 593.2336371709528
  endloop
endfacet
facet normal 9.366246871445337e-06 -0.9999999999536997 -2.2077566635759217e-06
  outer loop
    vertex 1890.65061994704 206.7000049178127 593.2336371709528
    vertex 1883.4487526339751 206.69979072750104 591.6558532634076
    vertex 1891.0203904473374 206.70000491781278 592.8638666706554
  endloop
endfacet
facet normal 9.366246871445337e-06 -0.9999999999536997 -2.2077566635759217e-06
  outer loop
    vertex 1891.0203904473374 206.70000491781278 592.8638666706554
    vertex 1883.4487526339751 206.69979072750104 591.6558532634076
    vertex 1891.448753276397 206.70000491781278 592.5639237886587
  endloop
endfacet
facet normal 9.366246871445337e-06 -0.9999999999536997 -2.2077566635759217e-06
  outer loop
    vertex 1891.448753276397 206.70000491781278 592.5639237886587
    vertex 1883.4487526339751 206.69979072750104 591.6558532634076
    vertex 1891.9226928464197 206.70000491781275 592.3429221376545
  endloop
endfacet
facet normal 9.366246871445337e-06 -0.9999999999536997 -2.2077566635759217e-06
  outer loop
    vertex 1891.9226928464197 206.70000491781275 592.3429221376545
    vertex 1883.4487526339751 206.69979072750104 591.6558532634076
    vertex 1892.4278087433959 206.70000491781275 592.2075767409756
  endloop
endfacet
facet normal 9.366246871445337e-06 -0.9999999999536997 -2.2077566635759217e-06
  outer loop
    vertex 1892.4278087433959 206.70000491781275 592.2075767409756
    vertex 1883.4487526339751 206.69979072750104 591.6558532634076
    vertex 1892.948753276397 206.70000491781275 592.1620000000122
  endloop
endfacet
facet normal 9.366246871445337e-06 -0.9999999999536997 -2.2077566635759217e-06
  outer loop
    vertex 1883.948753276396 206.7000049178139 573.8518740913665
    vertex 1892.9278087433954 206.70000491781332 572.3664232590486
    vertex 1893.448753276396 206.7000049178134 572.4120000000117
  endloop
endfacet
facet normal 9.366246871445337e-06 -0.9999999999536997 -2.2077566635759217e-06
  outer loop
    vertex 1892.9278087433954 206.70000491781332 572.3664232590486
    vertex 1883.948753276396 206.7000049178139 573.8518740913665
    vertex 1892.422692846419 206.70000491781337 572.2310778623697
  endloop
endfacet
facet normal 9.366246871445337e-06 -0.9999999999536997 -2.2077566635759217e-06
  outer loop
    vertex 1892.422692846419 206.70000491781337 572.2310778623697
    vertex 1883.948753276396 206.7000049178139 573.8518740913665
    vertex 1891.948753276396 206.70000491781337 572.0100762113656
  endloop
endfacet
facet normal 9.366246871445337e-06 -0.9999999999536997 -2.2077566635759217e-06
  outer loop
    vertex 1891.948753276396 206.70000491781337 572.0100762113656
    vertex 1883.948753276396 206.7000049178139 573.8518740913665
    vertex 1891.5203904473365 206.70000491781337 571.7101333293692
  endloop
endfacet
facet normal 9.366246871445337e-06 -0.9999999999536997 -2.2077566635759217e-06
  outer loop
    vertex 1891.5203904473365 206.70000491781337 571.7101333293692
    vertex 1883.948753276396 206.7000049178139 573.8518740913665
    vertex 1891.1506199470396 206.70000491781346 571.340362829072
  endloop
endfacet
facet normal 9.366246871445337e-06 -0.9999999999536997 -2.2077566635759217e-06
  outer loop
    vertex 1891.1506199470396 206.70000491781346 571.340362829072
    vertex 1883.948753276396 206.7000049178139 573.8518740913665
    vertex 1883.9487533079796 206.7000000000037 563.1620000000053
  endloop
endfacet
facet normal 9.366246871445337e-06 -0.9999999999536997 -2.2077566635759217e-06
  outer loop
    vertex 1891.1506199470396 206.70000491781346 571.340362829072
    vertex 1883.9487533079796 206.7000000000037 563.1620000000053
    vertex 1890.8506770650424 206.70000491781346 570.9120000000119
  endloop
endfacet
facet normal 9.366246871445337e-06 -0.9999999999536997 -2.2077566635759217e-06
  outer loop
    vertex 1890.8506770650424 206.70000491781346 570.9120000000119
    vertex 1883.9487533079796 206.7000000000037 563.1620000000053
    vertex 1890.6296754140383 206.70000491781337 570.438060429989
  endloop
endfacet
facet normal 9.366246871445337e-06 -0.9999999999536997 -2.2077566635759217e-06
  outer loop
    vertex 1890.6296754140383 206.70000491781337 570.438060429989
    vertex 1883.9487533079796 206.7000000000037 563.1620000000053
    vertex 1890.494330017359 206.7000049178134 569.932944533013
  endloop
endfacet
facet normal 9.366246871445337e-06 -0.9999999999536997 -2.2077566635759217e-06
  outer loop
    vertex 1890.494330017359 206.7000049178134 569.932944533013
    vertex 1883.9487533079796 206.7000000000037 563.1620000000053
    vertex 1890.4487532763956 206.70000491781352 569.4120000000121
  endloop
endfacet
facet normal 9.366246871445337e-06 -0.9999999999536997 -2.2077566635759217e-06
  outer loop
    vertex 1890.4487532763956 206.70000491781352 569.4120000000121
    vertex 1883.9487533079796 206.7000000000037 563.1620000000053
    vertex 1890.4943300173586 206.7000049178134 568.8910554670115
  endloop
endfacet
facet normal 9.366246871445337e-06 -0.9999999999536997 -2.2077566635759217e-06
  outer loop
    vertex 1890.4943300173586 206.7000049178134 568.8910554670115
    vertex 1883.9487533079796 206.7000000000037 563.1620000000053
    vertex 1890.6296754140374 206.70000491781346 568.385939570035
  endloop
endfacet
facet normal 9.366246871445337e-06 -0.9999999999536997 -2.2077566635759217e-06
  outer loop
    vertex 1890.6296754140374 206.70000491781346 568.385939570035
    vertex 1883.9487533079796 206.7000000000037 563.1620000000053
    vertex 1890.8506770650417 206.70000491781354 567.9120000000119
  endloop
endfacet
facet normal 9.366246871445337e-06 -0.9999999999536997 -2.2077566635759217e-06
  outer loop
    vertex 1890.8506770650417 206.70000491781354 567.9120000000119
    vertex 1883.9487533079796 206.7000000000037 563.1620000000053
    vertex 1891.1506199470384 206.70000491781354 567.4836371709524
  endloop
endfacet
facet normal 9.366246871445337e-06 -0.9999999999536997 -2.2077566635759217e-06
  outer loop
    vertex 1891.1506199470384 206.70000491781354 567.4836371709524
    vertex 1883.9487533079796 206.7000000000037 563.1620000000053
    vertex 1891.5203904473358 206.70000491781346 567.1138666706552
  endloop
endfacet
facet normal 9.366246871445337e-06 -0.9999999999536997 -2.2077566635759217e-06
  outer loop
    vertex 1891.5203904473358 206.70000491781346 567.1138666706552
    vertex 1883.9487533079796 206.7000000000037 563.1620000000053
    vertex 1891.9487532763953 206.70000491781352 566.8139237886588
  endloop
endfacet
facet normal 9.366246871445337e-06 -0.9999999999536997 -2.2077566635759217e-06
  outer loop
    vertex 1891.9487532763953 206.70000491781352 566.8139237886588
    vertex 1883.9487533079796 206.7000000000037 563.1620000000053
    vertex 1892.422692846418 206.7000049178136 566.5929221376545
  endloop
endfacet
facet normal 9.366246871445337e-06 -0.9999999999536997 -2.2077566635759217e-06
  outer loop
    vertex 1892.422692846418 206.7000049178136 566.5929221376545
    vertex 1883.9487533079796 206.7000000000037 563.1620000000053
    vertex 1892.9278087433947 206.7000049178136 566.4575767409752
  endloop
endfacet
facet normal 9.366246871445337e-06 -0.9999999999536997 -2.2077566635759217e-06
  outer loop
    vertex 1892.9278087433947 206.7000049178136 566.4575767409752
    vertex 1883.9487533079796 206.7000000000037 563.1620000000053
    vertex 1893.4487532763956 206.7000049178136 566.4120000000116
  endloop
endfacet
facet normal 9.366246871445337e-06 -0.9999999999536997 -2.2077566635759217e-06
  outer loop
    vertex 1901.8758331738638 206.70000491781292 598.4111913616052
    vertex 1893.4696978093984 206.70000491781292 598.1164232590486
    vertex 1902.3044269300133 206.70000491781298 596.811657687847
  endloop
endfacet
facet normal 9.366246871445337e-06 -0.9999999999536997 -2.2077566635759217e-06
  outer loop
    vertex 1893.4696978093984 206.70000491781292 598.1164232590486
    vertex 1901.8758331738638 206.70000491781292 598.4111913616052
    vertex 1892.9487532763976 206.70000491781292 598.1620000000122
  endloop
endfacet
facet normal 9.366246871445337e-06 -0.9999999999536997 -2.2077566635759217e-06
  outer loop
    vertex 1902.3044269300133 206.70000491781298 596.811657687847
    vertex 1893.4696978093984 206.70000491781292 598.1164232590486
    vertex 1893.9748137063746 206.70000491781263 597.98107786237
  endloop
endfacet
facet normal 9.366246871445337e-06 -0.9999999999536997 -2.2077566635759217e-06
  outer loop
    vertex 1902.3044269300133 206.70000491781298 596.811657687847
    vertex 1893.9748137063746 206.70000491781263 597.98107786237
    vertex 1894.4487532763976 206.70000491781263 597.7600762113652
  endloop
endfacet
facet normal 9.366246871445337e-06 -0.9999999999536997 -2.2077566635759217e-06
  outer loop
    vertex 1902.3044269300133 206.70000491781298 596.811657687847
    vertex 1894.4487532763976 206.70000491781263 597.7600762113652
    vertex 1894.8771161054576 206.70000491781255 597.4601333293689
  endloop
endfacet
facet normal 9.366246871445337e-06 -0.9999999999536997 -2.2077566635759217e-06
  outer loop
    vertex 1902.3044269300133 206.70000491781298 596.811657687847
    vertex 1894.8771161054576 206.70000491781255 597.4601333293689
    vertex 1895.2468866057548 206.7000049178126 597.0903628290716
  endloop
endfacet
facet normal 9.366246871445337e-06 -0.9999999999536997 -2.2077566635759217e-06
  outer loop
    vertex 1902.3044269300133 206.70000491781298 596.811657687847
    vertex 1895.2468866057548 206.7000049178126 597.0903628290716
    vertex 1895.5468294877508 206.7000049178127 596.6620000000121
  endloop
endfacet
facet normal 9.366246871445337e-06 -0.9999999999536997 -2.2077566635759217e-06
  outer loop
    vertex 1902.3044269300133 206.70000491781298 596.811657687847
    vertex 1895.5468294877508 206.7000049178127 596.6620000000121
    vertex 1895.7678311387551 206.7000049178127 596.1880604299888
  endloop
endfacet
facet normal 9.366246871445337e-06 -0.9999999999536997 -2.2077566635759217e-06
  outer loop
    vertex 1902.3044269300133 206.70000491781298 596.811657687847
    vertex 1895.7678311387551 206.7000049178127 596.1880604299888
    vertex 1910.4487533079825 206.70000000000252 563.1620000000033
  endloop
endfacet
facet normal 9.366246871445337e-06 -0.9999999999536997 -2.2077566635759217e-06
  outer loop
    vertex 1910.4487533079825 206.70000000000252 563.1620000000033
    vertex 1895.7678311387551 206.7000049178127 596.1880604299888
    vertex 1895.9031765354339 206.70000491781263 595.6829445330123
  endloop
endfacet
facet normal 9.366246871445337e-06 -0.9999999999536997 -2.2077566635759217e-06
  outer loop
    vertex 1910.4487533079825 206.70000000000252 563.1620000000033
    vertex 1895.9031765354339 206.70000491781263 595.6829445330123
    vertex 1895.9487532763972 206.70000491781275 595.1620000000117
  endloop
endfacet
facet normal 9.366246871445337e-06 -0.9999999999536997 -2.2077566635759217e-06
  outer loop
    vertex 1910.4487533079825 206.70000000000252 563.1620000000033
    vertex 1895.9487532763972 206.70000491781275 595.1620000000117
    vertex 1895.9031765354339 206.70000491781275 594.6410554670108
  endloop
endfacet
facet normal 9.366246871445337e-06 -0.9999999999536997 -2.2077566635759217e-06
  outer loop
    vertex 1910.4487533079825 206.70000000000252 563.1620000000033
    vertex 1895.9031765354339 206.70000491781275 594.6410554670108
    vertex 1895.7678311387547 206.70000491781263 594.1359395700347
  endloop
endfacet
facet normal 9.366246871445337e-06 -0.9999999999536997 -2.2077566635759217e-06
  outer loop
    vertex 1910.4487533079825 206.70000000000252 563.1620000000033
    vertex 1895.7678311387547 206.70000491781263 594.1359395700347
    vertex 1895.5468294877503 206.7000049178127 593.662000000012
  endloop
endfacet
facet normal 9.366246871445337e-06 -0.9999999999536997 -2.2077566635759217e-06
  outer loop
    vertex 1910.4487533079825 206.70000000000252 563.1620000000033
    vertex 1895.5468294877503 206.7000049178127 593.662000000012
    vertex 1895.2468866057538 206.70000491781278 593.2336371709524
  endloop
endfacet
facet normal 9.366246871445337e-06 -0.9999999999536997 -2.2077566635759217e-06
  outer loop
    vertex 1910.4487533079825 206.70000000000252 563.1620000000033
    vertex 1895.2468866057538 206.70000491781278 593.2336371709524
    vertex 1894.8771161054565 206.70000491781278 592.8638666706552
  endloop
endfacet
facet normal 9.366246871445337e-06 -0.9999999999536997 -2.2077566635759217e-06
  outer loop
    vertex 1910.4487533079825 206.70000000000252 563.1620000000033
    vertex 1894.8771161054565 206.70000491781278 592.8638666706552
    vertex 1894.448753276397 206.70000491781283 592.5639237886586
  endloop
endfacet
facet normal 9.366246871445337e-06 -0.9999999999536997 -2.2077566635759217e-06
  outer loop
    vertex 1910.4487533079825 206.70000000000252 563.1620000000033
    vertex 1894.448753276397 206.70000491781283 592.5639237886586
    vertex 1893.9748137063739 206.70000491781275 592.3429221376542
  endloop
endfacet
facet normal 9.366246871445337e-06 -0.9999999999536997 -2.2077566635759217e-06
  outer loop
    vertex 1910.4487533079825 206.70000000000252 563.1620000000033
    vertex 1893.9748137063739 206.70000491781275 592.3429221376542
    vertex 1893.4696978093975 206.70000491781275 592.2075767409754
  endloop
endfacet
facet normal 9.366246871445337e-06 -0.9999999999536997 -2.2077566635759217e-06
  outer loop
    vertex 1910.4487533079825 206.70000000000252 563.1620000000033
    vertex 1893.4696978093975 206.70000491781275 592.2075767409754
    vertex 1892.948753276397 206.70000491781275 592.1620000000122
  endloop
endfacet
facet normal 9.366246871445337e-06 -0.9999999999536997 -2.2077566635759217e-06
  outer loop
    vertex 1910.4487533079825 206.70000000000252 563.1620000000033
    vertex 1892.948753276397 206.70000491781275 592.1620000000122
    vertex 1883.4487526339751 206.69979072750104 591.6558532634076
  endloop
endfacet
facet normal 9.366246871445337e-06 -0.9999999999536997 -2.2077566635759217e-06
  outer loop
    vertex 1910.4487533079825 206.70000000000252 563.1620000000033
    vertex 1883.4487526339751 206.69979072750104 591.6558532634076
    vertex 1894.948753276396 206.70000491781337 572.0100762113652
  endloop
endfacet
facet normal 9.366246871445337e-06 -0.9999999999536997 -2.2077566635759217e-06
  outer loop
    vertex 1894.948753276396 206.70000491781337 572.0100762113652
    vertex 1883.4487526339751 206.69979072750104 591.6558532634076
    vertex 1894.474813706373 206.70000491781337 572.2310778623697
  endloop
endfacet
facet normal 9.366246871445337e-06 -0.9999999999536997 -2.2077566635759217e-06
  outer loop
    vertex 1894.474813706373 206.70000491781337 572.2310778623697
    vertex 1883.4487526339751 206.69979072750104 591.6558532634076
    vertex 1893.969697809397 206.70000491781332 572.3664232590485
  endloop
endfacet
facet normal 9.366246871445337e-06 -0.9999999999536997 -2.2077566635759217e-06
  outer loop
    vertex 1893.969697809397 206.70000491781332 572.3664232590485
    vertex 1883.4487526339751 206.69979072750104 591.6558532634076
    vertex 1883.948753276396 206.7000049178139 573.8518740913665
  endloop
endfacet
facet normal 9.366246871445337e-06 -0.9999999999536997 -2.2077566635759217e-06
  outer loop
    vertex 1893.969697809397 206.70000491781332 572.3664232590485
    vertex 1883.948753276396 206.7000049178139 573.8518740913665
    vertex 1893.448753276396 206.7000049178134 572.4120000000117
  endloop
endfacet
facet normal 9.366246871445337e-06 -0.9999999999536997 -2.2077566635759217e-06
  outer loop
    vertex 1910.4487533079825 206.70000000000252 563.1620000000033
    vertex 1894.948753276396 206.70000491781337 572.0100762113652
    vertex 1895.3771161054556 206.70000491781337 571.710133329369
  endloop
endfacet
facet normal 9.366246871445337e-06 -0.9999999999536997 -2.2077566635759217e-06
  outer loop
    vertex 1910.4487533079825 206.70000000000252 563.1620000000033
    vertex 1895.3771161054556 206.70000491781337 571.710133329369
    vertex 1895.7468866057532 206.70000491781346 571.3403628290716
  endloop
endfacet
facet normal 9.366246871445337e-06 -0.9999999999536997 -2.2077566635759217e-06
  outer loop
    vertex 1910.4487533079825 206.70000000000252 563.1620000000033
    vertex 1895.7468866057532 206.70000491781346 571.3403628290716
    vertex 1896.0468294877492 206.70000491781346 570.9120000000116
  endloop
endfacet
facet normal 9.366246871445337e-06 -0.9999999999536997 -2.2077566635759217e-06
  outer loop
    vertex 1910.4487533079825 206.70000000000252 563.1620000000033
    vertex 1896.0468294877492 206.70000491781346 570.9120000000116
    vertex 1896.2678311387535 206.7000049178134 570.4380604299887
  endloop
endfacet
facet normal 9.366246871445337e-06 -0.9999999999536997 -2.2077566635759217e-06
  outer loop
    vertex 1910.4487533079825 206.70000000000252 563.1620000000033
    vertex 1896.2678311387535 206.7000049178134 570.4380604299887
    vertex 1896.4031765354323 206.70000491781352 569.9329445330126
  endloop
endfacet
facet normal 9.366246871445337e-06 -0.9999999999536997 -2.2077566635759217e-06
  outer loop
    vertex 1910.4487533079825 206.70000000000252 563.1620000000033
    vertex 1896.4031765354323 206.70000491781352 569.9329445330126
    vertex 1896.4487532763958 206.70000491781352 569.4120000000116
  endloop
endfacet
facet normal 9.366246871445337e-06 -0.9999999999536997 -2.2077566635759217e-06
  outer loop
    vertex 1910.4487533079825 206.70000000000252 563.1620000000033
    vertex 1896.4487532763958 206.70000491781352 569.4120000000116
    vertex 1896.4031765354318 206.70000491781346 568.891055467011
  endloop
endfacet
facet normal 9.366246871445337e-06 -0.9999999999536997 -2.2077566635759217e-06
  outer loop
    vertex 1910.4487533079825 206.70000000000252 563.1620000000033
    vertex 1896.4031765354318 206.70000491781346 568.891055467011
    vertex 1896.267831138753 206.70000491781346 568.3859395700346
  endloop
endfacet
facet normal 9.366246871445337e-06 -0.9999999999536997 -2.2077566635759217e-06
  outer loop
    vertex 1910.4487533079825 206.70000000000252 563.1620000000033
    vertex 1896.267831138753 206.70000491781346 568.3859395700346
    vertex 1896.0468294877487 206.70000491781354 567.9120000000116
  endloop
endfacet
facet normal 9.366246871445337e-06 -0.9999999999536997 -2.2077566635759217e-06
  outer loop
    vertex 1910.4487533079825 206.70000000000252 563.1620000000033
    vertex 1896.0468294877487 206.70000491781354 567.9120000000116
    vertex 1895.7468866057523 206.70000491781354 567.4836371709521
  endloop
endfacet
facet normal 9.366246871445337e-06 -0.9999999999536997 -2.2077566635759217e-06
  outer loop
    vertex 1910.4487533079825 206.70000000000252 563.1620000000033
    vertex 1895.7468866057523 206.70000491781354 567.4836371709521
    vertex 1895.377116105455 206.70000491781352 567.1138666706548
  endloop
endfacet
facet normal 9.366246871445337e-06 -0.9999999999536997 -2.2077566635759217e-06
  outer loop
    vertex 1910.4487533079825 206.70000000000252 563.1620000000033
    vertex 1895.377116105455 206.70000491781352 567.1138666706548
    vertex 1894.9487532763953 206.70000491781352 566.8139237886586
  endloop
endfacet
facet normal 9.366246871445337e-06 -0.9999999999536997 -2.2077566635759217e-06
  outer loop
    vertex 1910.4487533079825 206.70000000000252 563.1620000000033
    vertex 1894.9487532763953 206.70000491781352 566.8139237886586
    vertex 1894.474813706372 206.7000049178136 566.5929221376543
  endloop
endfacet
facet normal 9.366246871445337e-06 -0.9999999999536997 -2.2077566635759217e-06
  outer loop
    vertex 1910.4487533079825 206.70000000000252 563.1620000000033
    vertex 1894.474813706372 206.7000049178136 566.5929221376543
    vertex 1893.9696978093962 206.7000049178136 566.4575767409752
  endloop
endfacet
facet normal 9.366246871445337e-06 -0.9999999999536997 -2.2077566635759217e-06
  outer loop
    vertex 1910.4487533079825 206.70000000000252 563.1620000000033
    vertex 1893.9696978093962 206.7000049178136 566.4575767409752
    vertex 1893.4487532763956 206.7000049178136 566.4120000000116
  endloop
endfacet
facet normal 9.366246871445337e-06 -0.9999999999536997 -2.2077566635759217e-06
  outer loop
    vertex 1910.4487533079825 206.70000000000252 563.1620000000033
    vertex 1893.4487532763956 206.7000049178136 566.4120000000116
    vertex 1883.9487533079796 206.7000000000037 563.1620000000053
  endloop
endfacet
facet normal 9.366246871445337e-06 -0.9999999999536997 -2.2077566635759217e-06
  outer loop
    vertex 1871.9487532763987 206.70000491781298 604.6620000000138
    vertex 1894.5984109642338 206.70000491781275 604.517673653628
    vertex 1892.9487532763983 206.70000491781317 604.662000000014
  endloop
endfacet
facet normal 9.366246871445337e-06 -0.9999999999536997 -2.2077566635759217e-06
  outer loop
    vertex 1894.5984109642338 206.70000491781275 604.517673653628
    vertex 1871.9487532763987 206.70000491781298 604.6620000000138
    vertex 1871.9487532763983 206.70000491781332 598.6620000000141
  endloop
endfacet
facet normal 9.366246871445337e-06 -0.9999999999536997 -2.2077566635759217e-06
  outer loop
    vertex 1894.5984109642338 206.70000491781275 604.517673653628
    vertex 1871.9487532763983 206.70000491781332 598.6620000000141
    vertex 1896.1979446379914 206.7000049178127 604.0890798974779
  endloop
endfacet
facet normal 9.366246871445337e-06 -0.9999999999536997 -2.2077566635759217e-06
  outer loop
    vertex 1896.1979446379914 206.7000049178127 604.0890798974779
    vertex 1871.9487532763983 206.70000491781332 598.6620000000141
    vertex 1897.6987532763976 206.70000491781278 603.3892413359637
  endloop
endfacet
facet normal 9.366246871445337e-06 -0.9999999999536997 -2.2077566635759217e-06
  outer loop
    vertex 1897.6987532763976 206.70000491781278 603.3892413359637
    vertex 1871.9487532763983 206.70000491781332 598.6620000000141
    vertex 1899.0552355684197 206.70000491781283 602.4394222096421
  endloop
endfacet
facet normal 9.366246871445337e-06 -0.9999999999536997 -2.2077566635759217e-06
  outer loop
    vertex 1899.0552355684197 206.70000491781283 602.4394222096421
    vertex 1871.9487532763983 206.70000491781332 598.6620000000141
    vertex 1900.2261754860283 206.70000491781292 601.2684822920338
  endloop
endfacet
facet normal 9.366246871445337e-06 -0.9999999999536997 -2.2077566635759217e-06
  outer loop
    vertex 1900.2261754860283 206.70000491781292 601.2684822920338
    vertex 1871.9487532763983 206.70000491781332 598.6620000000141
    vertex 1901.1759946123498 206.70000491781286 599.9120000000116
  endloop
endfacet
facet normal 9.366246871445337e-06 -0.9999999999536997 -2.2077566635759217e-06
  outer loop
    vertex 1901.1759946123498 206.70000491781286 599.9120000000116
    vertex 1871.9487532763983 206.70000491781332 598.6620000000141
    vertex 1884.1273966373146 206.69784056696287 598.6684788955918
  endloop
endfacet
facet normal 9.366246871445337e-06 -0.9999999999536997 -2.2077566635759217e-06
  outer loop
    vertex 1884.1273966373146 206.69784056696287 598.6684788955918
    vertex 1871.9487532763983 206.70000491781332 598.6620000000141
    vertex 1883.4487532763978 206.70000491781286 598.6620000000161
  endloop
endfacet
facet normal 0.9999989157689305 0.0004440114509140546 0.0014040351829839985
  outer loop
    vertex 1883.4375225459596 206.69973661593494 595.16847889559
    vertex 1883.4487526339751 196.35000491781028 591.6558532634073
    vertex 1883.4487526339751 206.69979072750104 591.6558532634076
  endloop
endfacet
facet normal 0.9999989157689305 0.0004440114509140546 0.0014040351829839985
  outer loop
    vertex 1883.4487526339751 196.35000491781028 591.6558532634073
    vertex 1883.4375225459596 206.69973661593494 595.16847889559
    vertex 1883.4487532763976 195.35000491781287 595.162000000014
  endloop
endfacet
facet normal 0.9999989157689305 0.0004440114509140546 0.0014040351829839985
  outer loop
    vertex 1883.4487526339751 196.35000491781028 591.6558532634073
    vertex 1883.4487532763976 195.35000491781287 595.162000000014
    vertex 1883.4487526339751 195.34810886884102 591.6558532634073
  endloop
endfacet
facet normal 0.9996058875326439 1.0128271660766343e-15 0.028072577545985165
  outer loop
    vertex 1883.4487526339751 206.69979072750104 591.6558532634076
    vertex 1883.9487532763965 196.3500049178123 573.8518740913663
    vertex 1883.948753276396 206.7000049178139 573.8518740913665
  endloop
endfacet
facet normal 0.9996058875326439 1.0128271660766343e-15 0.028072577545985165
  outer loop
    vertex 1883.9487532763965 196.3500049178123 573.8518740913663
    vertex 1883.4487526339751 206.69979072750104 591.6558532634076
    vertex 1883.4487526339751 196.35000491781028 591.6558532634073
  endloop
endfacet
facet normal -0.2588893035055425 7.340736384352945e-06 -0.9659069978401278
  outer loop
    vertex 1882.098428846763 196.35000491781054 592.0178608736984
    vertex 1883.4487526339758 185.0000049178128 591.655853263407
    vertex 1882.0984109642327 185.00000491781276 592.0176736536313
  endloop
endfacet
facet normal -0.2588893035055425 7.340736384352945e-06 -0.9659069978401278
  outer loop
    vertex 1883.4487526339758 185.0000049178128 591.655853263407
    vertex 1882.098428846763 196.35000491781054 592.0178608736984
    vertex 1883.4487526339751 195.34810886884102 591.6558532634073
  endloop
endfacet
facet normal -0.2588893035055425 7.340736384352945e-06 -0.9659069978401278
  outer loop
    vertex 1883.4487526339751 195.34810886884102 591.6558532634073
    vertex 1882.098428846763 196.35000491781054 592.0178608736984
    vertex 1883.4487526339751 196.35000491781028 591.6558532634073
  endloop
endfacet
facet normal 0.9999999999926577 -1.2710624590416531e-06 3.6151297806524084e-06
  outer loop
    vertex 1883.9487532763965 196.3500049178123 573.8518740913663
    vertex 1883.9487533079796 206.7000000000037 563.1620000000053
    vertex 1883.948753276396 206.7000049178139 573.8518740913665
  endloop
endfacet
facet normal 0.9999999999926577 -1.2710624590416531e-06 3.6151297806524084e-06
  outer loop
    vertex 1883.9487533079796 206.7000000000037 563.1620000000053
    vertex 1883.9487532763965 196.3500049178123 573.8518740913663
    vertex 1883.9486451722394 196.3500049178108 573.1620000000122
  endloop
endfacet
facet normal 0.9999999999926577 -1.2710624590416531e-06 3.6151297806524084e-06
  outer loop
    vertex 1883.9487533079796 206.7000000000037 563.1620000000053
    vertex 1883.9486451722394 196.3500049178108 573.1620000000122
    vertex 1883.9487533079796 185.00000000000216 563.1620000000045
  endloop
endfacet
facet normal 0.9999999999926577 -1.2710624590416531e-06 3.6151297806524084e-06
  outer loop
    vertex 1883.9487533079796 185.00000000000216 563.1620000000045
    vertex 1883.9486451722394 196.3500049178108 573.1620000000122
    vertex 1883.9486992243174 185.0000049178131 573.1620000000116
  endloop
endfacet
facet normal 4.199872737680778e-14 -1.0 -5.218346030572174e-14
  outer loop
    vertex 1871.9487532763933 196.35000491781102 573.1620000000144
    vertex 1880.448771158927 196.35000491781062 592.1621872200825
    vertex 1871.948771158926 196.35000491781 592.1621872200832
  endloop
endfacet
facet normal 4.199872737680778e-14 -1.0 -5.218346030572174e-14
  outer loop
    vertex 1880.448771158927 196.35000491781062 592.1621872200825
    vertex 1871.9487532763933 196.35000491781102 573.1620000000144
    vertex 1877.8506770650436 196.32941080753298 584.162000736859
  endloop
endfacet
facet normal 4.199872737680778e-14 -1.0 -5.218346030572174e-14
  outer loop
    vertex 1880.448771158927 196.35000491781062 592.1621872200825
    vertex 1877.8506770650436 196.32941080753298 584.162000736859
    vertex 1882.098428846763 196.35000491781054 592.0178608736984
  endloop
endfacet
facet normal 4.199872737680778e-14 -1.0 -5.218346030572174e-14
  outer loop
    vertex 1882.098428846763 196.35000491781054 592.0178608736984
    vertex 1877.8506770650436 196.32941080753298 584.162000736859
    vertex 1878.15061994704 196.32941080753295 584.5903635659183
  endloop
endfacet
facet normal 4.199872737680778e-14 -1.0 -5.218346030572174e-14
  outer loop
    vertex 1882.098428846763 196.35000491781054 592.0178608736984
    vertex 1878.15061994704 196.32941080753295 584.5903635659183
    vertex 1883.4487526339751 196.35000491781028 591.6558532634073
  endloop
endfacet
facet normal 4.199872737680778e-14 -1.0 -5.218346030572174e-14
  outer loop
    vertex 1883.4487526339751 196.35000491781028 591.6558532634073
    vertex 1878.15061994704 196.32941080753295 584.5903635659183
    vertex 1878.5203904473371 196.32941080753295 584.9601340662158
  endloop
endfacet
facet normal 4.199872737680778e-14 -1.0 -5.218346030572174e-14
  outer loop
    vertex 1883.4487526339751 196.35000491781028 591.6558532634073
    vertex 1878.5203904473371 196.32941080753295 584.9601340662158
    vertex 1878.9487532763967 196.32941080753292 585.2600769482121
  endloop
endfacet
facet normal 4.199872737680778e-14 -1.0 -5.218346030572174e-14
  outer loop
    vertex 1883.4487526339751 196.35000491781028 591.6558532634073
    vertex 1878.9487532763967 196.32941080753292 585.2600769482121
    vertex 1879.4226928464197 196.32941080753292 585.4810785992163
  endloop
endfacet
facet normal 4.199872737680778e-14 -1.0 -5.218346030572174e-14
  outer loop
    vertex 1883.4487526339751 196.35000491781028 591.6558532634073
    vertex 1879.4226928464197 196.32941080753292 585.4810785992163
    vertex 1879.9278087433963 196.32941080753292 585.6164239958954
  endloop
endfacet
facet normal 4.199872737680778e-14 -1.0 -5.218346030572174e-14
  outer loop
    vertex 1883.4487526339751 196.35000491781028 591.6558532634073
    vertex 1879.9278087433963 196.32941080753292 585.6164239958954
    vertex 1880.4487532763967 196.32941080753292 585.6620007368588
  endloop
endfacet
facet normal 4.199872737680778e-14 -1.0 -5.218346030572174e-14
  outer loop
    vertex 1877.8506770650436 196.32941080753298 584.162000736859
    vertex 1871.9487532763933 196.35000491781102 573.1620000000144
    vertex 1877.6296754140385 196.3294108075329 583.688061166836
  endloop
endfacet
facet normal 4.199872737680778e-14 -1.0 -5.218346030572174e-14
  outer loop
    vertex 1877.6296754140385 196.3294108075329 583.688061166836
    vertex 1871.9487532763933 196.35000491781102 573.1620000000144
    vertex 1877.4943300173597 196.329410807533 583.1829452698597
  endloop
endfacet
facet normal 4.199872737680778e-14 -1.0 -5.218346030572174e-14
  outer loop
    vertex 1877.4943300173597 196.329410807533 583.1829452698597
    vertex 1871.9487532763933 196.35000491781102 573.1620000000144
    vertex 1877.4487532763965 196.329410807533 582.6620007368589
  endloop
endfacet
facet normal 4.199872737680778e-14 -1.0 -5.218346030572174e-14
  outer loop
    vertex 1877.4487532763965 196.329410807533 582.6620007368589
    vertex 1871.9487532763933 196.35000491781102 573.1620000000144
    vertex 1877.4943300173597 196.329410807533 582.1410562038582
  endloop
endfacet
facet normal 4.199872737680778e-14 -1.0 -5.218346030572174e-14
  outer loop
    vertex 1877.4943300173597 196.329410807533 582.1410562038582
    vertex 1871.9487532763933 196.35000491781102 573.1620000000144
    vertex 1877.6296754140394 196.329410807533 581.6359403068819
  endloop
endfacet
facet normal 4.199872737680778e-14 -1.0 -5.218346030572174e-14
  outer loop
    vertex 1877.6296754140394 196.329410807533 581.6359403068819
    vertex 1871.9487532763933 196.35000491781102 573.1620000000144
    vertex 1877.8506770650433 196.32941080753304 581.1620007368589
  endloop
endfacet
facet normal 4.199872737680778e-14 -1.0 -5.218346030572174e-14
  outer loop
    vertex 1877.8506770650433 196.32941080753304 581.1620007368589
    vertex 1871.9487532763933 196.35000491781102 573.1620000000144
    vertex 1878.1506199470396 196.32941080753307 580.733637907799
  endloop
endfacet
facet normal 4.199872737680778e-14 -1.0 -5.218346030572174e-14
  outer loop
    vertex 1878.1506199470396 196.32941080753307 580.733637907799
    vertex 1871.9487532763933 196.35000491781102 573.1620000000144
    vertex 1878.520390447337 196.32941080753315 580.3638674075019
  endloop
endfacet
facet normal 4.199872737680778e-14 -1.0 -5.218346030572174e-14
  outer loop
    vertex 1878.520390447337 196.32941080753315 580.3638674075019
    vertex 1871.9487532763933 196.35000491781102 573.1620000000144
    vertex 1878.9487532763965 196.32941080753307 580.0639245255055
  endloop
endfacet
facet normal 4.199872737680778e-14 -1.0 -5.218346030572174e-14
  outer loop
    vertex 1878.9487532763965 196.32941080753307 580.0639245255055
    vertex 1871.9487532763933 196.35000491781102 573.1620000000144
    vertex 1879.4226928464193 196.32941080753326 579.8429228745008
  endloop
endfacet
facet normal 4.199872737680778e-14 -1.0 -5.218346030572174e-14
  outer loop
    vertex 1879.4226928464193 196.32941080753326 579.8429228745008
    vertex 1871.9487532763933 196.35000491781102 573.1620000000144
    vertex 1879.9278087433959 196.32941080753326 579.7075774778222
  endloop
endfacet
facet normal 4.199872737680778e-14 -1.0 -5.218346030572174e-14
  outer loop
    vertex 1879.9278087433959 196.32941080753326 579.7075774778222
    vertex 1871.9487532763933 196.35000491781102 573.1620000000144
    vertex 1880.4487532763965 196.32941080753326 579.6620007368587
  endloop
endfacet
facet normal 4.199872737680778e-14 -1.0 -5.218346030572174e-14
  outer loop
    vertex 1880.4487532763965 196.32941080753326 579.6620007368587
    vertex 1871.9487532763933 196.35000491781102 573.1620000000144
    vertex 1883.9487532763965 196.3500049178123 573.8518740913663
  endloop
endfacet
facet normal 4.199872737680778e-14 -1.0 -5.218346030572174e-14
  outer loop
    vertex 1883.9487532763965 196.3500049178123 573.8518740913663
    vertex 1871.9487532763933 196.35000491781102 573.1620000000144
    vertex 1883.9486451722394 196.3500049178108 573.1620000000122
  endloop
endfacet
facet normal 4.199872737680778e-14 -1.0 -5.218346030572174e-14
  outer loop
    vertex 1883.4487526339751 196.35000491781028 591.6558532634073
    vertex 1883.4487532763965 196.3294108075332 582.6620007368584
    vertex 1883.9487532763965 196.3500049178123 573.8518740913663
  endloop
endfacet
facet normal 4.199872737680778e-14 -1.0 -5.218346030572174e-14
  outer loop
    vertex 1883.4487532763965 196.3294108075332 582.6620007368584
    vertex 1883.4487526339751 196.35000491781028 591.6558532634073
    vertex 1883.403176535433 196.32941080753318 583.1829452698593
  endloop
endfacet
facet normal 4.199872737680778e-14 -1.0 -5.218346030572174e-14
  outer loop
    vertex 1883.403176535433 196.32941080753318 583.1829452698593
    vertex 1883.4487526339751 196.35000491781028 591.6558532634073
    vertex 1883.2678311387542 196.32941080753315 583.6880611668354
  endloop
endfacet
facet normal 4.199872737680778e-14 -1.0 -5.218346030572174e-14
  outer loop
    vertex 1883.2678311387542 196.32941080753315 583.6880611668354
    vertex 1883.4487526339751 196.35000491781028 591.6558532634073
    vertex 1883.0468294877503 196.32941080753298 584.1620007368583
  endloop
endfacet
facet normal 4.199872737680778e-14 -1.0 -5.218346030572174e-14
  outer loop
    vertex 1883.0468294877503 196.32941080753298 584.1620007368583
    vertex 1883.4487526339751 196.35000491781028 591.6558532634073
    vertex 1882.7468866057536 196.32941080753307 584.5903635659182
  endloop
endfacet
facet normal 4.199872737680778e-14 -1.0 -5.218346030572174e-14
  outer loop
    vertex 1882.7468866057536 196.32941080753307 584.5903635659182
    vertex 1883.4487526339751 196.35000491781028 591.6558532634073
    vertex 1882.3771161054565 196.32941080753295 584.9601340662156
  endloop
endfacet
facet normal 4.199872737680778e-14 -1.0 -5.218346030572174e-14
  outer loop
    vertex 1882.3771161054565 196.32941080753295 584.9601340662156
    vertex 1883.4487526339751 196.35000491781028 591.6558532634073
    vertex 1881.948753276397 196.32941080753292 585.2600769482117
  endloop
endfacet
facet normal 4.199872737680778e-14 -1.0 -5.218346030572174e-14
  outer loop
    vertex 1881.948753276397 196.32941080753292 585.2600769482117
    vertex 1883.4487526339751 196.35000491781028 591.6558532634073
    vertex 1881.4748137063739 196.32941080753292 585.4810785992164
  endloop
endfacet
facet normal 4.199872737680778e-14 -1.0 -5.218346030572174e-14
  outer loop
    vertex 1881.4748137063739 196.32941080753292 585.4810785992164
    vertex 1883.4487526339751 196.35000491781028 591.6558532634073
    vertex 1880.9696978093978 196.32941080753292 585.6164239958953
  endloop
endfacet
facet normal 4.199872737680778e-14 -1.0 -5.218346030572174e-14
  outer loop
    vertex 1880.9696978093978 196.32941080753292 585.6164239958953
    vertex 1883.4487526339751 196.35000491781028 591.6558532634073
    vertex 1880.4487532763967 196.32941080753292 585.6620007368588
  endloop
endfacet
facet normal 4.199872737680778e-14 -1.0 -5.218346030572174e-14
  outer loop
    vertex 1883.9487532763965 196.3500049178123 573.8518740913663
    vertex 1883.4487532763965 196.3294108075332 582.6620007368584
    vertex 1883.403176535433 196.3294108075332 582.1410562038577
  endloop
endfacet
facet normal 4.199872737680778e-14 -1.0 -5.218346030572174e-14
  outer loop
    vertex 1883.9487532763965 196.3500049178123 573.8518740913663
    vertex 1883.403176535433 196.3294108075332 582.1410562038577
    vertex 1883.2678311387547 196.32941080753324 581.6359403068813
  endloop
endfacet
facet normal 4.199872737680778e-14 -1.0 -5.218346030572174e-14
  outer loop
    vertex 1883.9487532763965 196.3500049178123 573.8518740913663
    vertex 1883.2678311387547 196.32941080753324 581.6359403068813
    vertex 1883.04682948775 196.32941080753324 581.1620007368583
  endloop
endfacet
facet normal 4.199872737680778e-14 -1.0 -5.218346030572174e-14
  outer loop
    vertex 1883.9487532763965 196.3500049178123 573.8518740913663
    vertex 1883.04682948775 196.32941080753324 581.1620007368583
    vertex 1882.7468866057536 196.32941080753324 580.7336379077989
  endloop
endfacet
facet normal 4.199872737680778e-14 -1.0 -5.218346030572174e-14
  outer loop
    vertex 1883.9487532763965 196.3500049178123 573.8518740913663
    vertex 1882.7468866057536 196.32941080753324 580.7336379077989
    vertex 1882.377116105456 196.32941080753324 580.3638674075016
  endloop
endfacet
facet normal 4.199872737680778e-14 -1.0 -5.218346030572174e-14
  outer loop
    vertex 1883.9487532763965 196.3500049178123 573.8518740913663
    vertex 1882.377116105456 196.32941080753324 580.3638674075016
    vertex 1881.9487532763965 196.32941080753326 580.0639245255051
  endloop
endfacet
facet normal 4.199872737680778e-14 -1.0 -5.218346030572174e-14
  outer loop
    vertex 1883.9487532763965 196.3500049178123 573.8518740913663
    vertex 1881.9487532763965 196.32941080753326 580.0639245255051
    vertex 1881.4748137063734 196.32941080753326 579.8429228745009
  endloop
endfacet
facet normal 4.199872737680778e-14 -1.0 -5.218346030572174e-14
  outer loop
    vertex 1883.9487532763965 196.3500049178123 573.8518740913663
    vertex 1881.4748137063734 196.32941080753326 579.8429228745009
    vertex 1880.9696978093973 196.32941080753326 579.707577477822
  endloop
endfacet
facet normal 4.199872737680778e-14 -1.0 -5.218346030572174e-14
  outer loop
    vertex 1883.9487532763965 196.3500049178123 573.8518740913663
    vertex 1880.9696978093973 196.32941080753326 579.707577477822
    vertex 1880.4487532763965 196.32941080753326 579.6620007368587
  endloop
endfacet
facet normal -0.5735764363507995 -4.730783921209064e-14 0.8191520442891644
  outer loop
    vertex 1882.0878616810971 195.8500049178116 580.7085874069048
    vertex 1881.7237532763966 208.00303980753205 580.4536359572087
    vertex 1881.7237532763966 195.8500049178116 580.4536359572079
  endloop
endfacet
facet normal -0.5735764363507995 -4.730783921209064e-14 0.8191520442891644
  outer loop
    vertex 1881.7237532763966 208.00303980753205 580.4536359572087
    vertex 1882.0878616810971 195.8500049178116 580.7085874069048
    vertex 1882.0878616810971 208.00303980753205 580.7085874069054
  endloop
endfacet
facet normal -0.4226182617411849 -4.5237531190848546e-14 0.9063077870364236
  outer loop
    vertex 1881.7237532763966 195.8500049178116 580.4536359572079
    vertex 1881.3209046418772 208.00303980753205 580.2657845538545
    vertex 1881.3209046418772 195.8500049178115 580.2657845538541
  endloop
endfacet
facet normal -0.4226182617411849 -4.5237531190848546e-14 0.9063077870364236
  outer loop
    vertex 1881.3209046418772 208.00303980753205 580.2657845538545
    vertex 1881.7237532763966 195.8500049178116 580.4536359572079
    vertex 1881.7237532763966 208.00303980753205 580.4536359572087
  endloop
endfacet
facet normal -0.258819045101688 -4.0703105163889345e-14 0.9659258262892915
  outer loop
    vertex 1881.3209046418772 195.8500049178115 580.2657845538541
    vertex 1880.8915561294473 208.00303980753205 580.150740966678
    vertex 1880.8915561294473 195.8500049178115 580.1507409666773
  endloop
endfacet
facet normal -0.258819045101688 -4.0703105163889345e-14 0.9659258262892915
  outer loop
    vertex 1880.8915561294473 208.00303980753205 580.150740966678
    vertex 1881.3209046418772 195.8500049178115 580.2657845538541
    vertex 1881.3209046418772 208.00303980753205 580.2657845538545
  endloop
endfacet
facet normal -0.08715574274824717 -5.645454344910414e-14 0.996194698091694
  outer loop
    vertex 1880.8915561294473 195.8500049178115 580.1507409666773
    vertex 1880.4487532763965 208.00303980753205 580.1120007368589
    vertex 1880.4487532763965 195.8500049178115 580.112000736858
  endloop
endfacet
facet normal -0.08715574274824717 -5.645454344910414e-14 0.996194698091694
  outer loop
    vertex 1880.4487532763965 208.00303980753205 580.1120007368589
    vertex 1880.8915561294473 195.8500049178115 580.1507409666773
    vertex 1880.8915561294473 208.00303980753205 580.150740966678
  endloop
endfacet
facet normal 0.08715574274818791 -4.874976657643428e-14 0.9961946980916992
  outer loop
    vertex 1880.4487532763965 195.8500049178115 580.112000736858
    vertex 1880.0059504233457 208.00303980753205 580.1507409666777
    vertex 1880.0059504233457 195.8500049178115 580.1507409666774
  endloop
endfacet
facet normal 0.08715574274818791 -4.874976657643428e-14 0.9961946980916992
  outer loop
    vertex 1880.0059504233457 208.00303980753205 580.1507409666777
    vertex 1880.4487532763965 195.8500049178115 580.112000736858
    vertex 1880.4487532763965 208.00303980753205 580.1120007368589
  endloop
endfacet
facet normal 0.2588190451024077 -3.9788736236960374e-14 0.9659258262890986
  outer loop
    vertex 1880.0059504233457 195.8500049178115 580.1507409666774
    vertex 1879.5766019109162 208.00303980753205 580.2657845538549
    vertex 1879.5766019109162 195.8500049178115 580.2657845538542
  endloop
endfacet
facet normal 0.2588190451024077 -3.9788736236960374e-14 0.9659258262890986
  outer loop
    vertex 1879.5766019109162 208.00303980753205 580.2657845538549
    vertex 1880.0059504233457 195.8500049178115 580.1507409666774
    vertex 1880.0059504233457 208.00303980753205 580.1507409666777
  endloop
endfacet
facet normal 0.42261826174099215 -4.4198687790514326e-14 0.9063077870365135
  outer loop
    vertex 1879.1737532763968 195.8500049178116 580.453635957208
    vertex 1879.5766019109162 208.00303980753205 580.2657845538549
    vertex 1879.1737532763964 208.00303980753205 580.4536359572089
  endloop
endfacet
facet normal 0.42261826174099215 -4.4198687790514326e-14 0.9063077870365135
  outer loop
    vertex 1879.5766019109162 208.00303980753205 580.2657845538549
    vertex 1879.1737532763968 195.8500049178116 580.453635957208
    vertex 1879.5766019109162 195.8500049178115 580.2657845538542
  endloop
endfacet
facet normal 0.5735764363511073 -3.676448571540734e-14 0.8191520442889492
  outer loop
    vertex 1879.1737532763968 195.8500049178116 580.453635957208
    vertex 1878.809644871696 208.00303980753196 580.7085874069056
    vertex 1878.809644871696 195.8500049178115 580.708587406905
  endloop
endfacet
facet normal 0.5735764363511073 -3.676448571540734e-14 0.8191520442889492
  outer loop
    vertex 1878.809644871696 208.00303980753196 580.7085874069056
    vertex 1879.1737532763968 195.8500049178116 580.453635957208
    vertex 1879.1737532763964 208.00303980753205 580.4536359572089
  endloop
endfacet
facet normal 0.7071067811865981 -3.346409700496526e-14 0.7071067811864971
  outer loop
    vertex 1878.809644871696 195.8500049178115 580.708587406905
    vertex 1878.4953399464432 208.00303980753196 581.0228923321583
    vertex 1878.4953399464432 195.85000491781133 581.0228923321578
  endloop
endfacet
facet normal 0.7071067811865981 -3.346409700496526e-14 0.7071067811864971
  outer loop
    vertex 1878.4953399464432 208.00303980753196 581.0228923321583
    vertex 1878.809644871696 195.8500049178115 580.708587406905
    vertex 1878.809644871696 208.00303980753196 580.7085874069056
  endloop
endfacet
facet normal 0.8191520442888784 -2.6710546781679605e-14 0.5735764363512081
  outer loop
    vertex 1878.2403884967462 195.8500049178113 581.3870007368585
    vertex 1878.4953399464432 208.00303980753196 581.0228923321583
    vertex 1878.2403884967462 208.00303980753205 581.3870007368591
  endloop
endfacet
facet normal 0.8191520442888784 -2.6710546781679605e-14 0.5735764363512081
  outer loop
    vertex 1878.4953399464432 208.00303980753196 581.0228923321583
    vertex 1878.2403884967462 195.8500049178113 581.3870007368585
    vertex 1878.4953399464432 195.85000491781133 581.0228923321578
  endloop
endfacet
facet normal 0.906307787036268 -5.6874499846239766e-15 0.42261826174151845
  outer loop
    vertex 1878.0525370933922 195.85000491781128 581.789849371378
    vertex 1878.2403884967462 208.00303980753205 581.3870007368591
    vertex 1878.052537093392 208.00303980753202 581.7898493713785
  endloop
endfacet
facet normal 0.906307787036268 -5.6874499846239766e-15 0.42261826174151845
  outer loop
    vertex 1878.2403884967462 208.00303980753205 581.3870007368591
    vertex 1878.0525370933922 195.85000491781128 581.789849371378
    vertex 1878.2403884967462 195.8500049178113 581.3870007368585
  endloop
endfacet
facet normal 0.9659258262893288 1.4222652767144083e-15 0.25881904510154935
  outer loop
    vertex 1877.9374935062153 195.85000491781128 582.2191978838076
    vertex 1878.052537093392 208.00303980753202 581.7898493713785
    vertex 1877.9374935062153 208.00303980753202 582.2191978838084
  endloop
endfacet
facet normal 0.9659258262893288 1.4222652767144083e-15 0.25881904510154935
  outer loop
    vertex 1878.052537093392 208.00303980753202 581.7898493713785
    vertex 1877.9374935062153 195.85000491781128 582.2191978838076
    vertex 1878.0525370933922 195.85000491781128 581.789849371378
  endloop
endfacet
facet normal 0.9961946980917117 -3.8140027280174635e-15 0.08715574274804566
  outer loop
    vertex 1877.8987532763963 195.85000491781128 582.6620007368584
    vertex 1877.9374935062153 208.00303980753202 582.2191978838084
    vertex 1877.8987532763963 208.00303980753202 582.6620007368592
  endloop
endfacet
facet normal 0.9961946980917117 -3.8140027280174635e-15 0.08715574274804566
  outer loop
    vertex 1877.9374935062153 208.00303980753202 582.2191978838084
    vertex 1877.8987532763963 195.85000491781128 582.6620007368584
    vertex 1877.9374935062153 195.85000491781128 582.2191978838076
  endloop
endfacet
facet normal 0.9961946980916992 7.331648652028668e-15 -0.08715574274818788
  outer loop
    vertex 1877.9374935062153 195.85000491781125 583.1048035899091
    vertex 1877.8987532763963 208.00303980753202 582.6620007368592
    vertex 1877.9374935062153 208.00303980753196 583.1048035899099
  endloop
endfacet
facet normal 0.9961946980916992 7.331648652028668e-15 -0.08715574274818788
  outer loop
    vertex 1877.8987532763963 208.00303980753202 582.6620007368592
    vertex 1877.9374935062153 195.85000491781125 583.1048035899091
    vertex 1877.8987532763963 195.85000491781128 582.6620007368584
  endloop
endfacet
facet normal 0.9659258262891629 1.633303463470478e-14 -0.2588190451021675
  outer loop
    vertex 1878.0525370933922 195.85000491781125 583.5341521023388
    vertex 1877.9374935062153 208.00303980753196 583.1048035899099
    vertex 1878.0525370933922 208.00303980753196 583.5341521023395
  endloop
endfacet
facet normal 0.9659258262891629 1.633303463470478e-14 -0.2588190451021675
  outer loop
    vertex 1877.9374935062153 208.00303980753196 583.1048035899099
    vertex 1878.0525370933922 195.85000491781125 583.5341521023388
    vertex 1877.9374935062153 195.85000491781125 583.1048035899091
  endloop
endfacet
facet normal 0.9063077870363632 2.2346443392201098e-14 -0.42261826174131445
  outer loop
    vertex 1878.2403884967466 195.85000491781125 583.9370007368583
    vertex 1878.0525370933922 208.00303980753196 583.5341521023395
    vertex 1878.2403884967462 208.00303980753196 583.9370007368589
  endloop
endfacet
facet normal 0.9063077870363632 2.2346443392201098e-14 -0.42261826174131445
  outer loop
    vertex 1878.0525370933922 208.00303980753196 583.5341521023395
    vertex 1878.2403884967466 195.85000491781125 583.9370007368583
    vertex 1878.0525370933922 195.85000491781125 583.5341521023388
  endloop
endfacet
facet normal 0.8191520442884149 2.960315794151411e-14 -0.5735764363518701
  outer loop
    vertex 1878.4953399464441 208.00303980753188 584.3011091415597
    vertex 1878.2403884967466 195.85000491781125 583.9370007368583
    vertex 1878.2403884967462 208.00303980753196 583.9370007368589
  endloop
endfacet
facet normal 0.8191520442884149 2.960315794151411e-14 -0.5735764363518701
  outer loop
    vertex 1878.2403884967466 195.85000491781125 583.9370007368583
    vertex 1878.4953399464441 208.00303980753188 584.3011091415597
    vertex 1878.4953399464441 195.85000491781125 584.301109141559
  endloop
endfacet
facet normal 0.7071067811864971 3.5961619335656463e-14 -0.7071067811865981
  outer loop
    vertex 1878.8096448716967 208.00303980753188 584.6154140668123
    vertex 1878.4953399464441 195.85000491781125 584.301109141559
    vertex 1878.4953399464441 208.00303980753188 584.3011091415597
  endloop
endfacet
facet normal 0.7071067811864971 3.5961619335656463e-14 -0.7071067811865981
  outer loop
    vertex 1878.4953399464441 195.85000491781125 584.301109141559
    vertex 1878.8096448716967 208.00303980753188 584.6154140668123
    vertex 1878.8096448716967 195.8500049178113 584.6154140668117
  endloop
endfacet
facet normal 0.573576436351072 4.730754785551554e-14 -0.8191520442889736
  outer loop
    vertex 1879.1737532763975 208.00303980753182 584.8703655165093
    vertex 1878.8096448716967 195.8500049178113 584.6154140668117
    vertex 1878.8096448716967 208.00303980753188 584.6154140668123
  endloop
endfacet
facet normal 0.573576436351072 4.730754785551554e-14 -0.8191520442889736
  outer loop
    vertex 1878.8096448716967 195.8500049178113 584.6154140668117
    vertex 1879.1737532763975 208.00303980753182 584.8703655165093
    vertex 1879.1737532763975 195.85000491781122 584.8703655165085
  endloop
endfacet
facet normal 0.4226182617406847 5.19670070035727e-14 -0.9063077870366568
  outer loop
    vertex 1879.576601910917 208.00303980753182 585.058216919863
    vertex 1879.1737532763975 195.85000491781122 584.8703655165085
    vertex 1879.1737532763975 208.00303980753182 584.8703655165093
  endloop
endfacet
facet normal 0.4226182617406847 5.19670070035727e-14 -0.9063077870366568
  outer loop
    vertex 1879.1737532763975 195.85000491781122 584.8703655165085
    vertex 1879.576601910917 208.00303980753182 585.058216919863
    vertex 1879.576601910917 195.8500049178112 585.0582169198624
  endloop
endfacet
facet normal 0.2588190451024457 4.07021902462637e-14 -0.9659258262890885
  outer loop
    vertex 1880.0059504233468 208.00303980753182 585.1732605070399
    vertex 1879.576601910917 195.8500049178112 585.0582169198624
    vertex 1879.576601910917 208.00303980753182 585.058216919863
  endloop
endfacet
facet normal 0.2588190451024457 4.07021902462637e-14 -0.9659258262890885
  outer loop
    vertex 1879.576601910917 195.8500049178112 585.0582169198624
    vertex 1880.0059504233468 208.00303980753182 585.1732605070399
    vertex 1880.0059504233468 195.8500049178112 585.1732605070396
  endloop
endfacet
facet normal 0.08715574274723979 4.9057638665594854e-14 -0.9961946980917822
  outer loop
    vertex 1880.4487532763976 208.00303980753182 585.2120007368588
    vertex 1880.0059504233468 195.8500049178112 585.1732605070396
    vertex 1880.0059504233468 208.00303980753182 585.1732605070399
  endloop
endfacet
facet normal 0.08715574274723979 4.9057638665594854e-14 -0.9961946980917822
  outer loop
    vertex 1880.0059504233468 195.8500049178112 585.1732605070396
    vertex 1880.4487532763976 208.00303980753182 585.2120007368588
    vertex 1880.4487532763976 195.8500049178112 585.212000736858
  endloop
endfacet
facet normal -0.08715574274725106 5.614678930845983e-14 -0.9961946980917812
  outer loop
    vertex 1880.891556129448 208.00303980753182 585.1732605070401
    vertex 1880.4487532763976 195.8500049178112 585.212000736858
    vertex 1880.4487532763976 208.00303980753182 585.2120007368588
  endloop
endfacet
facet normal -0.08715574274725106 5.614678930845983e-14 -0.9961946980917812
  outer loop
    vertex 1880.4487532763976 195.8500049178112 585.212000736858
    vertex 1880.891556129448 208.00303980753182 585.1732605070401
    vertex 1880.891556129448 195.8500049178112 585.1732605070395
  endloop
endfacet
facet normal -0.25881904510296244 3.978873623695299e-14 -0.9659258262889501
  outer loop
    vertex 1881.3209046418779 208.00303980753182 585.0582169198626
    vertex 1880.891556129448 195.8500049178112 585.1732605070395
    vertex 1880.891556129448 208.00303980753182 585.1732605070401
  endloop
endfacet
facet normal -0.25881904510296244 3.978873623695299e-14 -0.9659258262889501
  outer loop
    vertex 1880.891556129448 195.8500049178112 585.1732605070395
    vertex 1881.3209046418779 208.00303980753182 585.0582169198626
    vertex 1881.3209046418779 195.85000491781122 585.0582169198623
  endloop
endfacet
facet normal -0.4226182617406474 4.374500792871188e-14 -0.9063077870366744
  outer loop
    vertex 1881.7237532763972 208.00303980753188 584.8703655165092
    vertex 1881.3209046418779 195.85000491781122 585.0582169198623
    vertex 1881.3209046418779 208.00303980753182 585.0582169198626
  endloop
endfacet
facet normal -0.4226182617406474 4.374500792871188e-14 -0.9063077870366744
  outer loop
    vertex 1881.3209046418779 195.85000491781122 585.0582169198623
    vertex 1881.7237532763972 208.00303980753188 584.8703655165092
    vertex 1881.7237532763972 195.8500049178113 584.8703655165084
  endloop
endfacet
facet normal -0.573576436351189 4.5281717451547034e-14 -0.8191520442888919
  outer loop
    vertex 1882.087861681098 208.00303980753188 584.615414066812
    vertex 1881.7237532763972 195.8500049178113 584.8703655165084
    vertex 1881.7237532763972 208.00303980753188 584.8703655165092
  endloop
endfacet
facet normal -0.573576436351189 4.5281717451547034e-14 -0.8191520442888919
  outer loop
    vertex 1881.7237532763972 195.8500049178113 584.8703655165084
    vertex 1882.087861681098 208.00303980753188 584.615414066812
    vertex 1882.087861681098 195.85000491781133 584.6154140668115
  endloop
endfacet
facet normal -0.7071067811866996 2.8213799909381356e-14 -0.7071067811863956
  outer loop
    vertex 1882.4021666063506 195.85000491781125 584.3011091415588
    vertex 1882.087861681098 208.00303980753188 584.615414066812
    vertex 1882.4021666063506 208.00303980753188 584.3011091415591
  endloop
endfacet
facet normal -0.7071067811866996 2.8213799909381356e-14 -0.7071067811863956
  outer loop
    vertex 1882.087861681098 208.00303980753188 584.615414066812
    vertex 1882.4021666063506 195.85000491781125 584.3011091415588
    vertex 1882.087861681098 195.85000491781133 584.6154140668115
  endloop
endfacet
facet normal -0.8191520442895746 2.2452611412175044e-14 -0.5735764363502138
  outer loop
    vertex 1882.657118056047 195.85000491781133 583.9370007368581
    vertex 1882.4021666063506 208.00303980753188 584.3011091415591
    vertex 1882.6571180560468 208.00303980753188 583.9370007368585
  endloop
endfacet
facet normal -0.8191520442895746 2.2452611412175044e-14 -0.5735764363502138
  outer loop
    vertex 1882.4021666063506 208.00303980753188 584.3011091415591
    vertex 1882.657118056047 195.85000491781133 583.9370007368581
    vertex 1882.4021666063506 195.85000491781125 584.3011091415588
  endloop
endfacet
facet normal -0.9063077870367527 2.0715077485913584e-14 -0.422618261740479
  outer loop
    vertex 1882.8449694594003 195.85000491781125 583.5341521023385
    vertex 1882.6571180560468 208.00303980753188 583.9370007368585
    vertex 1882.8449694594003 208.00303980753188 583.5341521023391
  endloop
endfacet
facet normal -0.9063077870367527 2.0715077485913584e-14 -0.422618261740479
  outer loop
    vertex 1882.6571180560468 208.00303980753188 583.9370007368585
    vertex 1882.8449694594003 195.85000491781125 583.5341521023385
    vertex 1882.657118056047 195.85000491781133 583.9370007368581
  endloop
endfacet
facet normal -0.9659258262890446 1.3882794985732581e-14 -0.2588190451026097
  outer loop
    vertex 1882.9600130465776 195.85000491781136 583.1048035899084
    vertex 1882.8449694594003 208.00303980753188 583.5341521023391
    vertex 1882.9600130465776 208.0030398075319 583.1048035899092
  endloop
endfacet
facet normal -0.9659258262890446 1.3882794985732581e-14 -0.2588190451026097
  outer loop
    vertex 1882.8449694594003 208.00303980753188 583.5341521023391
    vertex 1882.9600130465776 195.85000491781136 583.1048035899084
    vertex 1882.8449694594003 195.85000491781125 583.5341521023385
  endloop
endfacet
facet normal -0.996194698091776 3.8139304398969944e-15 -0.0871557427473103
  outer loop
    vertex 1882.9987532763962 195.85000491781128 582.662000736858
    vertex 1882.9600130465776 208.0030398075319 583.1048035899092
    vertex 1882.9987532763962 208.0030398075319 582.6620007368589
  endloop
endfacet
facet normal -0.996194698091776 3.8139304398969944e-15 -0.0871557427473103
  outer loop
    vertex 1882.9600130465776 208.0030398075319 583.1048035899092
    vertex 1882.9987532763962 195.85000491781128 582.662000736858
    vertex 1882.9600130465776 195.85000491781136 583.1048035899084
  endloop
endfacet
facet normal -0.9961946980917697 -7.331555833533435e-15 0.08715574274738203
  outer loop
    vertex 1882.9600130465776 195.85000491781136 582.2191978838073
    vertex 1882.9987532763962 208.0030398075319 582.6620007368589
    vertex 1882.9600130465776 208.0030398075319 582.2191978838081
  endloop
endfacet
facet normal -0.9961946980917697 -7.331555833533435e-15 0.08715574274738203
  outer loop
    vertex 1882.9987532763962 208.0030398075319 582.6620007368589
    vertex 1882.9600130465776 195.85000491781136 582.2191978838073
    vertex 1882.9987532763962 195.85000491781128 582.662000736858
  endloop
endfacet
facet normal -0.9659258262888925 -3.1638052789991995e-14 0.2588190451031772
  outer loop
    vertex 1882.8449694594003 195.8500049178113 581.7898493713775
    vertex 1882.9600130465776 208.0030398075319 582.2191978838081
    vertex 1882.8449694593999 208.0030398075319 581.7898493713782
  endloop
endfacet
facet normal -0.9659258262888925 -3.1638052789991995e-14 0.2588190451031772
  outer loop
    vertex 1882.9600130465776 208.0030398075319 582.2191978838081
    vertex 1882.8449694594003 195.8500049178113 581.7898493713775
    vertex 1882.9600130465776 195.85000491781136 582.2191978838073
  endloop
endfacet
facet normal -0.9063077870368117 -3.7374694398384795e-14 0.4226182617403528
  outer loop
    vertex 1882.6571180560468 195.8500049178114 581.3870007368582
    vertex 1882.8449694593999 208.0030398075319 581.7898493713782
    vertex 1882.6571180560468 208.00303980753196 581.3870007368588
  endloop
endfacet
facet normal -0.9063077870368117 -3.7374694398384795e-14 0.4226182617403528
  outer loop
    vertex 1882.8449694593999 208.0030398075319 581.7898493713782
    vertex 1882.6571180560468 195.8500049178114 581.3870007368582
    vertex 1882.8449694594003 195.8500049178113 581.7898493713775
  endloop
endfacet
facet normal -0.8191520442892448 -2.534421168055303e-14 0.5735764363506849
  outer loop
    vertex 1882.40216660635 195.85000491781133 581.0228923321575
    vertex 1882.6571180560468 208.00303980753196 581.3870007368588
    vertex 1882.40216660635 208.00303980753196 581.0228923321579
  endloop
endfacet
facet normal -0.8191520442892448 -2.534421168055303e-14 0.5735764363506849
  outer loop
    vertex 1882.6571180560468 208.00303980753196 581.3870007368588
    vertex 1882.40216660635 195.85000491781133 581.0228923321575
    vertex 1882.6571180560468 195.8500049178114 581.3870007368582
  endloop
endfacet
facet normal -0.7071067811863956 -3.070998270771849e-14 0.7071067811866996
  outer loop
    vertex 1882.40216660635 195.85000491781133 581.0228923321575
    vertex 1882.0878616810971 208.00303980753205 580.7085874069054
    vertex 1882.0878616810971 195.8500049178116 580.7085874069048
  endloop
endfacet
facet normal -0.7071067811863956 -3.070998270771849e-14 0.7071067811866996
  outer loop
    vertex 1882.0878616810971 208.00303980753205 580.7085874069054
    vertex 1882.40216660635 195.85000491781133 581.0228923321575
    vertex 1882.40216660635 208.00303980753196 581.0228923321579
  endloop
endfacet
facet normal 3.355479366070804e-14 -1.0 -5.203117664740355e-14
  outer loop
    vertex 1879.9278087433963 195.82941080753295 585.6164239958954
    vertex 1880.9696978093978 195.82941080753295 585.6164239958953
    vertex 1880.4487532763967 195.82941080753295 585.6620007368585
  endloop
endfacet
facet normal 3.355479366070804e-14 -1.0 -5.203117664740355e-14
  outer loop
    vertex 1880.9696978093978 195.82941080753295 585.6164239958953
    vertex 1879.9278087433963 195.82941080753295 585.6164239958954
    vertex 1879.4226928464197 195.82941080753295 585.4810785992165
  endloop
endfacet
facet normal 3.355479366070804e-14 -1.0 -5.203117664740355e-14
  outer loop
    vertex 1880.9696978093978 195.82941080753295 585.6164239958953
    vertex 1879.4226928464197 195.82941080753295 585.4810785992165
    vertex 1881.4748137063739 195.82941080753295 585.4810785992164
  endloop
endfacet
facet normal 3.355479366070804e-14 -1.0 -5.203117664740355e-14
  outer loop
    vertex 1881.4748137063739 195.82941080753295 585.4810785992164
    vertex 1879.4226928464197 195.82941080753295 585.4810785992165
    vertex 1878.9487532763967 195.82941080753287 585.2600769482121
  endloop
endfacet
facet normal 3.355479366070804e-14 -1.0 -5.203117664740355e-14
  outer loop
    vertex 1881.4748137063739 195.82941080753295 585.4810785992164
    vertex 1878.9487532763967 195.82941080753287 585.2600769482121
    vertex 1881.948753276397 195.82941080753304 585.2600769482119
  endloop
endfacet
facet normal 3.355479366070804e-14 -1.0 -5.203117664740355e-14
  outer loop
    vertex 1881.948753276397 195.82941080753304 585.2600769482119
    vertex 1878.9487532763967 195.82941080753287 585.2600769482121
    vertex 1880.4487532763976 195.8500049178112 585.212000736858
  endloop
endfacet
facet normal 3.355479366070804e-14 -1.0 -5.203117664740355e-14
  outer loop
    vertex 1880.4487532763976 195.8500049178112 585.212000736858
    vertex 1878.9487532763967 195.82941080753287 585.2600769482121
    vertex 1880.0059504233468 195.8500049178112 585.1732605070396
  endloop
endfacet
facet normal 3.355479366070804e-14 -1.0 -5.203117664740355e-14
  outer loop
    vertex 1880.0059504233468 195.8500049178112 585.1732605070396
    vertex 1878.9487532763967 195.82941080753287 585.2600769482121
    vertex 1878.5203904473371 195.82941080753287 584.9601340662158
  endloop
endfacet
facet normal 3.355479366070804e-14 -1.0 -5.203117664740355e-14
  outer loop
    vertex 1880.0059504233468 195.8500049178112 585.1732605070396
    vertex 1878.5203904473371 195.82941080753287 584.9601340662158
    vertex 1879.576601910917 195.8500049178112 585.0582169198624
  endloop
endfacet
facet normal 3.355479366070804e-14 -1.0 -5.203117664740355e-14
  outer loop
    vertex 1879.576601910917 195.8500049178112 585.0582169198624
    vertex 1878.5203904473371 195.82941080753287 584.9601340662158
    vertex 1879.1737532763975 195.85000491781122 584.8703655165085
  endloop
endfacet
facet normal 3.355479366070804e-14 -1.0 -5.203117664740355e-14
  outer loop
    vertex 1879.1737532763975 195.85000491781122 584.8703655165085
    vertex 1878.5203904473371 195.82941080753287 584.9601340662158
    vertex 1878.15061994704 195.82941080753298 584.5903635659186
  endloop
endfacet
facet normal 3.355479366070804e-14 -1.0 -5.203117664740355e-14
  outer loop
    vertex 1879.1737532763975 195.85000491781122 584.8703655165085
    vertex 1878.15061994704 195.82941080753298 584.5903635659186
    vertex 1878.8096448716967 195.8500049178113 584.6154140668117
  endloop
endfacet
facet normal 3.355479366070804e-14 -1.0 -5.203117664740355e-14
  outer loop
    vertex 1878.8096448716967 195.8500049178113 584.6154140668117
    vertex 1878.15061994704 195.82941080753298 584.5903635659186
    vertex 1878.4953399464441 195.85000491781125 584.301109141559
  endloop
endfacet
facet normal 3.355479366070804e-14 -1.0 -5.203117664740355e-14
  outer loop
    vertex 1878.4953399464441 195.85000491781125 584.301109141559
    vertex 1878.15061994704 195.82941080753298 584.5903635659186
    vertex 1877.8506770650436 195.8294108075329 584.1620007368587
  endloop
endfacet
facet normal 3.355479366070804e-14 -1.0 -5.203117664740355e-14
  outer loop
    vertex 1878.4953399464441 195.85000491781125 584.301109141559
    vertex 1877.8506770650436 195.8294108075329 584.1620007368587
    vertex 1878.2403884967466 195.85000491781125 583.9370007368583
  endloop
endfacet
facet normal 3.355479366070804e-14 -1.0 -5.203117664740355e-14
  outer loop
    vertex 1878.2403884967466 195.85000491781125 583.9370007368583
    vertex 1877.8506770650436 195.8294108075329 584.1620007368587
    vertex 1877.6296754140385 195.8294108075329 583.688061166836
  endloop
endfacet
facet normal 3.355479366070804e-14 -1.0 -5.203117664740355e-14
  outer loop
    vertex 1878.2403884967466 195.85000491781125 583.9370007368583
    vertex 1877.6296754140385 195.8294108075329 583.688061166836
    vertex 1878.0525370933922 195.85000491781125 583.5341521023388
  endloop
endfacet
facet normal 3.355479366070804e-14 -1.0 -5.203117664740355e-14
  outer loop
    vertex 1878.0525370933922 195.85000491781125 583.5341521023388
    vertex 1877.6296754140385 195.8294108075329 583.688061166836
    vertex 1877.4943300173597 195.8294108075329 583.1829452698597
  endloop
endfacet
facet normal 3.355479366070804e-14 -1.0 -5.203117664740355e-14
  outer loop
    vertex 1878.0525370933922 195.85000491781125 583.5341521023388
    vertex 1877.4943300173597 195.8294108075329 583.1829452698597
    vertex 1877.9374935062153 195.85000491781125 583.1048035899091
  endloop
endfacet
facet normal 3.355479366070804e-14 -1.0 -5.203117664740355e-14
  outer loop
    vertex 1877.9374935062153 195.85000491781125 583.1048035899091
    vertex 1877.4943300173597 195.8294108075329 583.1829452698597
    vertex 1877.4487532763965 195.82941080753295 582.6620007368589
  endloop
endfacet
facet normal 3.355479366070804e-14 -1.0 -5.203117664740355e-14
  outer loop
    vertex 1877.9374935062153 195.85000491781125 583.1048035899091
    vertex 1877.4487532763965 195.82941080753295 582.6620007368589
    vertex 1877.8987532763963 195.85000491781128 582.6620007368584
  endloop
endfacet
facet normal 3.355479366070804e-14 -1.0 -5.203117664740355e-14
  outer loop
    vertex 1877.8987532763963 195.85000491781128 582.6620007368584
    vertex 1877.4487532763965 195.82941080753295 582.6620007368589
    vertex 1877.4943300173597 195.82941080753304 582.1410562038582
  endloop
endfacet
facet normal 3.355479366070804e-14 -1.0 -5.203117664740355e-14
  outer loop
    vertex 1877.8987532763963 195.85000491781128 582.6620007368584
    vertex 1877.4943300173597 195.82941080753304 582.1410562038582
    vertex 1877.9374935062153 195.85000491781128 582.2191978838076
  endloop
endfacet
facet normal 3.355479366070804e-14 -1.0 -5.203117664740355e-14
  outer loop
    vertex 1877.9374935062153 195.85000491781128 582.2191978838076
    vertex 1877.4943300173597 195.82941080753304 582.1410562038582
    vertex 1878.0525370933922 195.85000491781128 581.789849371378
  endloop
endfacet
facet normal 3.355479366070804e-14 -1.0 -5.203117664740355e-14
  outer loop
    vertex 1878.0525370933922 195.85000491781128 581.789849371378
    vertex 1877.4943300173597 195.82941080753304 582.1410562038582
    vertex 1877.6296754140394 195.82941080753295 581.6359403068819
  endloop
endfacet
facet normal 3.355479366070804e-14 -1.0 -5.203117664740355e-14
  outer loop
    vertex 1878.0525370933922 195.85000491781128 581.789849371378
    vertex 1877.6296754140394 195.82941080753295 581.6359403068819
    vertex 1878.2403884967462 195.8500049178113 581.3870007368585
  endloop
endfacet
facet normal 3.355479366070804e-14 -1.0 -5.203117664740355e-14
  outer loop
    vertex 1878.2403884967462 195.8500049178113 581.3870007368585
    vertex 1877.6296754140394 195.82941080753295 581.6359403068819
    vertex 1877.8506770650433 195.82941080753307 581.1620007368587
  endloop
endfacet
facet normal 3.355479366070804e-14 -1.0 -5.203117664740355e-14
  outer loop
    vertex 1878.2403884967462 195.8500049178113 581.3870007368585
    vertex 1877.8506770650433 195.82941080753307 581.1620007368587
    vertex 1878.4953399464432 195.85000491781133 581.0228923321578
  endloop
endfacet
facet normal 3.355479366070804e-14 -1.0 -5.203117664740355e-14
  outer loop
    vertex 1878.4953399464432 195.85000491781133 581.0228923321578
    vertex 1877.8506770650433 195.82941080753307 581.1620007368587
    vertex 1878.1506199470396 195.82941080753318 580.7336379077992
  endloop
endfacet
facet normal 3.355479366070804e-14 -1.0 -5.203117664740355e-14
  outer loop
    vertex 1878.4953399464432 195.85000491781133 581.0228923321578
    vertex 1878.1506199470396 195.82941080753318 580.7336379077992
    vertex 1878.809644871696 195.8500049178115 580.708587406905
  endloop
endfacet
facet normal 3.355479366070804e-14 -1.0 -5.203117664740355e-14
  outer loop
    vertex 1878.809644871696 195.8500049178115 580.708587406905
    vertex 1878.1506199470396 195.82941080753318 580.7336379077992
    vertex 1878.520390447337 195.82941080753318 580.3638674075019
  endloop
endfacet
facet normal 3.355479366070804e-14 -1.0 -5.203117664740355e-14
  outer loop
    vertex 1878.809644871696 195.8500049178115 580.708587406905
    vertex 1878.520390447337 195.82941080753318 580.3638674075019
    vertex 1879.1737532763968 195.8500049178116 580.453635957208
  endloop
endfacet
facet normal 3.355479366070804e-14 -1.0 -5.203117664740355e-14
  outer loop
    vertex 1879.1737532763968 195.8500049178116 580.453635957208
    vertex 1878.520390447337 195.82941080753318 580.3638674075019
    vertex 1879.5766019109162 195.8500049178115 580.2657845538542
  endloop
endfacet
facet normal 3.355479366070804e-14 -1.0 -5.203117664740355e-14
  outer loop
    vertex 1879.5766019109162 195.8500049178115 580.2657845538542
    vertex 1878.520390447337 195.82941080753318 580.3638674075019
    vertex 1878.9487532763965 195.82941080753318 580.0639245255054
  endloop
endfacet
facet normal 3.355479366070804e-14 -1.0 -5.203117664740355e-14
  outer loop
    vertex 1879.5766019109162 195.8500049178115 580.2657845538542
    vertex 1878.9487532763965 195.82941080753318 580.0639245255054
    vertex 1880.0059504233457 195.8500049178115 580.1507409666774
  endloop
endfacet
facet normal 3.355479366070804e-14 -1.0 -5.203117664740355e-14
  outer loop
    vertex 1880.0059504233457 195.8500049178115 580.1507409666774
    vertex 1878.9487532763965 195.82941080753318 580.0639245255054
    vertex 1880.4487532763965 195.8500049178115 580.112000736858
  endloop
endfacet
facet normal 3.355479366070804e-14 -1.0 -5.203117664740355e-14
  outer loop
    vertex 1880.4487532763965 195.8500049178115 580.112000736858
    vertex 1878.9487532763965 195.82941080753318 580.0639245255054
    vertex 1881.9487532763965 195.8294108075332 580.0639245255052
  endloop
endfacet
facet normal 3.355479366070804e-14 -1.0 -5.203117664740355e-14
  outer loop
    vertex 1881.9487532763965 195.8294108075332 580.0639245255052
    vertex 1878.9487532763965 195.82941080753318 580.0639245255054
    vertex 1881.4748137063734 195.8294108075333 579.8429228745009
  endloop
endfacet
facet normal 3.355479366070804e-14 -1.0 -5.203117664740355e-14
  outer loop
    vertex 1881.4748137063734 195.8294108075333 579.8429228745009
    vertex 1878.9487532763965 195.82941080753318 580.0639245255054
    vertex 1879.4226928464193 195.8294108075332 579.842922874501
  endloop
endfacet
facet normal 3.355479366070804e-14 -1.0 -5.203117664740355e-14
  outer loop
    vertex 1881.4748137063734 195.8294108075333 579.8429228745009
    vertex 1879.4226928464193 195.8294108075332 579.842922874501
    vertex 1879.9278087433959 195.8294108075333 579.7075774778222
  endloop
endfacet
facet normal 3.355479366070804e-14 -1.0 -5.203117664740355e-14
  outer loop
    vertex 1881.4748137063734 195.8294108075333 579.8429228745009
    vertex 1879.9278087433959 195.8294108075333 579.7075774778222
    vertex 1880.9696978093973 195.8294108075333 579.707577477822
  endloop
endfacet
facet normal 3.355479366070804e-14 -1.0 -5.203117664740355e-14
  outer loop
    vertex 1880.9696978093973 195.8294108075333 579.707577477822
    vertex 1879.9278087433959 195.8294108075333 579.7075774778222
    vertex 1880.4487532763965 195.8294108075333 579.6620007368584
  endloop
endfacet
facet normal 3.355479366070804e-14 -1.0 -5.203117664740355e-14
  outer loop
    vertex 1881.948753276397 195.82941080753304 585.2600769482119
    vertex 1880.891556129448 195.8500049178112 585.1732605070395
    vertex 1882.3771161054565 195.82941080753307 584.9601340662156
  endloop
endfacet
facet normal 3.355479366070804e-14 -1.0 -5.203117664740355e-14
  outer loop
    vertex 1880.891556129448 195.8500049178112 585.1732605070395
    vertex 1881.948753276397 195.82941080753304 585.2600769482119
    vertex 1880.4487532763976 195.8500049178112 585.212000736858
  endloop
endfacet
facet normal 3.355479366070804e-14 -1.0 -5.203117664740355e-14
  outer loop
    vertex 1882.3771161054565 195.82941080753307 584.9601340662156
    vertex 1880.891556129448 195.8500049178112 585.1732605070395
    vertex 1881.3209046418779 195.85000491781122 585.0582169198623
  endloop
endfacet
facet normal 3.355479366070804e-14 -1.0 -5.203117664740355e-14
  outer loop
    vertex 1882.3771161054565 195.82941080753307 584.9601340662156
    vertex 1881.3209046418779 195.85000491781122 585.0582169198623
    vertex 1881.7237532763972 195.8500049178113 584.8703655165084
  endloop
endfacet
facet normal 3.355479366070804e-14 -1.0 -5.203117664740355e-14
  outer loop
    vertex 1882.3771161054565 195.82941080753307 584.9601340662156
    vertex 1881.7237532763972 195.8500049178113 584.8703655165084
    vertex 1882.7468866057536 195.8294108075331 584.5903635659182
  endloop
endfacet
facet normal 3.355479366070804e-14 -1.0 -5.203117664740355e-14
  outer loop
    vertex 1882.7468866057536 195.8294108075331 584.5903635659182
    vertex 1881.7237532763972 195.8500049178113 584.8703655165084
    vertex 1882.087861681098 195.85000491781133 584.6154140668115
  endloop
endfacet
facet normal 3.355479366070804e-14 -1.0 -5.203117664740355e-14
  outer loop
    vertex 1882.7468866057536 195.8294108075331 584.5903635659182
    vertex 1882.087861681098 195.85000491781133 584.6154140668115
    vertex 1882.4021666063506 195.85000491781125 584.3011091415588
  endloop
endfacet
facet normal 3.355479366070804e-14 -1.0 -5.203117664740355e-14
  outer loop
    vertex 1882.7468866057536 195.8294108075331 584.5903635659182
    vertex 1882.4021666063506 195.85000491781125 584.3011091415588
    vertex 1883.0468294877503 195.8294108075331 584.1620007368583
  endloop
endfacet
facet normal 3.355479366070804e-14 -1.0 -5.203117664740355e-14
  outer loop
    vertex 1883.0468294877503 195.8294108075331 584.1620007368583
    vertex 1882.4021666063506 195.85000491781125 584.3011091415588
    vertex 1882.657118056047 195.85000491781133 583.9370007368581
  endloop
endfacet
facet normal 3.355479366070804e-14 -1.0 -5.203117664740355e-14
  outer loop
    vertex 1883.0468294877503 195.8294108075331 584.1620007368583
    vertex 1882.657118056047 195.85000491781133 583.9370007368581
    vertex 1883.2678311387542 195.8294108075331 583.6880611668355
  endloop
endfacet
facet normal 3.355479366070804e-14 -1.0 -5.203117664740355e-14
  outer loop
    vertex 1883.2678311387542 195.8294108075331 583.6880611668355
    vertex 1882.657118056047 195.85000491781133 583.9370007368581
    vertex 1882.8449694594003 195.85000491781125 583.5341521023385
  endloop
endfacet
facet normal 3.355479366070804e-14 -1.0 -5.203117664740355e-14
  outer loop
    vertex 1883.2678311387542 195.8294108075331 583.6880611668355
    vertex 1882.8449694594003 195.85000491781125 583.5341521023385
    vertex 1883.403176535433 195.8294108075332 583.1829452698593
  endloop
endfacet
facet normal 3.355479366070804e-14 -1.0 -5.203117664740355e-14
  outer loop
    vertex 1883.403176535433 195.8294108075332 583.1829452698593
    vertex 1882.8449694594003 195.85000491781125 583.5341521023385
    vertex 1882.9600130465776 195.85000491781136 583.1048035899084
  endloop
endfacet
facet normal 3.355479366070804e-14 -1.0 -5.203117664740355e-14
  outer loop
    vertex 1883.403176535433 195.8294108075332 583.1829452698593
    vertex 1882.9600130465776 195.85000491781136 583.1048035899084
    vertex 1883.4487532763965 195.82941080753312 582.6620007368584
  endloop
endfacet
facet normal 3.355479366070804e-14 -1.0 -5.203117664740355e-14
  outer loop
    vertex 1883.4487532763965 195.82941080753312 582.6620007368584
    vertex 1882.9600130465776 195.85000491781136 583.1048035899084
    vertex 1882.9987532763962 195.85000491781128 582.662000736858
  endloop
endfacet
facet normal 3.355479366070804e-14 -1.0 -5.203117664740355e-14
  outer loop
    vertex 1883.4487532763965 195.82941080753312 582.6620007368584
    vertex 1882.9987532763962 195.85000491781128 582.662000736858
    vertex 1883.403176535433 195.82941080753324 582.1410562038577
  endloop
endfacet
facet normal 3.355479366070804e-14 -1.0 -5.203117664740355e-14
  outer loop
    vertex 1883.403176535433 195.82941080753324 582.1410562038577
    vertex 1882.9987532763962 195.85000491781128 582.662000736858
    vertex 1882.9600130465776 195.85000491781136 582.2191978838073
  endloop
endfacet
facet normal 3.355479366070804e-14 -1.0 -5.203117664740355e-14
  outer loop
    vertex 1883.403176535433 195.82941080753324 582.1410562038577
    vertex 1882.9600130465776 195.85000491781136 582.2191978838073
    vertex 1882.8449694594003 195.8500049178113 581.7898493713775
  endloop
endfacet
facet normal 3.355479366070804e-14 -1.0 -5.203117664740355e-14
  outer loop
    vertex 1883.403176535433 195.82941080753324 582.1410562038577
    vertex 1882.8449694594003 195.8500049178113 581.7898493713775
    vertex 1883.2678311387547 195.82941080753324 581.6359403068815
  endloop
endfacet
facet normal 3.355479366070804e-14 -1.0 -5.203117664740355e-14
  outer loop
    vertex 1883.2678311387547 195.82941080753324 581.6359403068815
    vertex 1882.8449694594003 195.8500049178113 581.7898493713775
    vertex 1882.6571180560468 195.8500049178114 581.3870007368582
  endloop
endfacet
facet normal 3.355479366070804e-14 -1.0 -5.203117664740355e-14
  outer loop
    vertex 1883.2678311387547 195.82941080753324 581.6359403068815
    vertex 1882.6571180560468 195.8500049178114 581.3870007368582
    vertex 1883.04682948775 195.82941080753318 581.1620007368583
  endloop
endfacet
facet normal 3.355479366070804e-14 -1.0 -5.203117664740355e-14
  outer loop
    vertex 1883.04682948775 195.82941080753318 581.1620007368583
    vertex 1882.6571180560468 195.8500049178114 581.3870007368582
    vertex 1882.40216660635 195.85000491781133 581.0228923321575
  endloop
endfacet
facet normal 3.355479366070804e-14 -1.0 -5.203117664740355e-14
  outer loop
    vertex 1883.04682948775 195.82941080753318 581.1620007368583
    vertex 1882.40216660635 195.85000491781133 581.0228923321575
    vertex 1882.7468866057536 195.82941080753326 580.7336379077988
  endloop
endfacet
facet normal 3.355479366070804e-14 -1.0 -5.203117664740355e-14
  outer loop
    vertex 1882.7468866057536 195.82941080753326 580.7336379077988
    vertex 1882.40216660635 195.85000491781133 581.0228923321575
    vertex 1882.0878616810971 195.8500049178116 580.7085874069048
  endloop
endfacet
facet normal 3.355479366070804e-14 -1.0 -5.203117664740355e-14
  outer loop
    vertex 1882.7468866057536 195.82941080753326 580.7336379077988
    vertex 1882.0878616810971 195.8500049178116 580.7085874069048
    vertex 1882.377116105456 195.82941080753326 580.3638674075016
  endloop
endfacet
facet normal 3.355479366070804e-14 -1.0 -5.203117664740355e-14
  outer loop
    vertex 1882.377116105456 195.82941080753326 580.3638674075016
    vertex 1882.0878616810971 195.8500049178116 580.7085874069048
    vertex 1881.7237532763966 195.8500049178116 580.4536359572079
  endloop
endfacet
facet normal 3.355479366070804e-14 -1.0 -5.203117664740355e-14
  outer loop
    vertex 1882.377116105456 195.82941080753326 580.3638674075016
    vertex 1881.7237532763966 195.8500049178116 580.4536359572079
    vertex 1881.3209046418772 195.8500049178115 580.2657845538541
  endloop
endfacet
facet normal 3.355479366070804e-14 -1.0 -5.203117664740355e-14
  outer loop
    vertex 1882.377116105456 195.82941080753326 580.3638674075016
    vertex 1881.3209046418772 195.8500049178115 580.2657845538541
    vertex 1881.9487532763965 195.8294108075332 580.0639245255052
  endloop
endfacet
facet normal 3.355479366070804e-14 -1.0 -5.203117664740355e-14
  outer loop
    vertex 1881.9487532763965 195.8294108075332 580.0639245255052
    vertex 1881.3209046418772 195.8500049178115 580.2657845538541
    vertex 1880.8915561294473 195.8500049178115 580.1507409666773
  endloop
endfacet
facet normal 3.355479366070804e-14 -1.0 -5.203117664740355e-14
  outer loop
    vertex 1881.9487532763965 195.8294108075332 580.0639245255052
    vertex 1880.8915561294473 195.8500049178115 580.1507409666773
    vertex 1880.4487532763965 195.8500049178115 580.112000736858
  endloop
endfacet
facet normal -0.08715574274800206 2.0634775313470515e-13 -0.9961946980917156
  outer loop
    vertex 1880.4487532763965 196.32941080753326 579.6620007368587
    vertex 1879.9278087433959 195.8294108075333 579.7075774778222
    vertex 1879.9278087433959 196.32941080753326 579.7075774778222
  endloop
endfacet
facet normal -0.08715574274800206 2.0634775313470515e-13 -0.9961946980917156
  outer loop
    vertex 1879.9278087433959 195.8294108075333 579.7075774778222
    vertex 1880.4487532763965 196.32941080753326 579.6620007368587
    vertex 1880.4487532763965 195.8294108075333 579.6620007368584
  endloop
endfacet
facet normal 0.0871557427477999 2.0665550727535629e-13 -0.9961946980917332
  outer loop
    vertex 1880.9696978093973 196.32941080753326 579.707577477822
    vertex 1880.4487532763965 195.8294108075333 579.6620007368584
    vertex 1880.4487532763965 196.32941080753326 579.6620007368587
  endloop
endfacet
facet normal 0.0871557427477999 2.0665550727535629e-13 -0.9961946980917332
  outer loop
    vertex 1880.4487532763965 195.8294108075333 579.6620007368584
    vertex 1880.9696978093973 196.32941080753326 579.707577477822
    vertex 1880.9696978093973 195.8294108075333 579.707577477822
  endloop
endfacet
facet normal 0.25881904510246323 2.6358111826278216e-14 -0.9659258262890837
  outer loop
    vertex 1881.4748137063734 196.32941080753326 579.8429228745009
    vertex 1880.9696978093973 195.8294108075333 579.707577477822
    vertex 1880.9696978093973 196.32941080753326 579.707577477822
  endloop
endfacet
facet normal 0.25881904510246323 2.6358111826278216e-14 -0.9659258262890837
  outer loop
    vertex 1880.9696978093973 195.8294108075333 579.707577477822
    vertex 1881.4748137063734 196.32941080753326 579.8429228745009
    vertex 1881.4748137063734 195.8294108075333 579.8429228745009
  endloop
endfacet
facet normal 0.42261826174050693 -1.3850703826760113e-13 -0.9063077870367399
  outer loop
    vertex 1881.9487532763965 196.32941080753326 580.0639245255051
    vertex 1881.4748137063734 195.8294108075333 579.8429228745009
    vertex 1881.4748137063734 196.32941080753326 579.8429228745009
  endloop
endfacet
facet normal 0.42261826174050693 -1.3850703826760113e-13 -0.9063077870367399
  outer loop
    vertex 1881.4748137063734 195.8294108075333 579.8429228745009
    vertex 1881.9487532763965 196.32941080753326 580.0639245255051
    vertex 1881.9487532763965 195.8294108075332 580.0639245255052
  endloop
endfacet
facet normal 0.5735764363511264 -1.248562197362933e-13 -0.8191520442889355
  outer loop
    vertex 1882.377116105456 196.32941080753324 580.3638674075016
    vertex 1881.9487532763965 195.8294108075332 580.0639245255052
    vertex 1881.9487532763965 196.32941080753326 580.0639245255051
  endloop
endfacet
facet normal 0.5735764363511264 -1.248562197362933e-13 -0.8191520442889355
  outer loop
    vertex 1881.9487532763965 195.8294108075332 580.0639245255052
    vertex 1882.377116105456 196.32941080753324 580.3638674075016
    vertex 1882.377116105456 195.82941080753326 580.3638674075016
  endloop
endfacet
facet normal 0.7071067811861519 2.020938851656445e-14 -0.7071067811869431
  outer loop
    vertex 1882.7468866057536 196.32941080753324 580.7336379077989
    vertex 1882.377116105456 195.82941080753326 580.3638674075016
    vertex 1882.377116105456 196.32941080753324 580.3638674075016
  endloop
endfacet
facet normal 0.7071067811861519 2.020938851656445e-14 -0.7071067811869431
  outer loop
    vertex 1882.377116105456 195.82941080753326 580.3638674075016
    vertex 1882.7468866057536 196.32941080753324 580.7336379077989
    vertex 1882.7468866057536 195.82941080753326 580.7336379077988
  endloop
endfacet
facet normal 0.819152044288959 1.6822061495687628e-14 -0.5735764363510929
  outer loop
    vertex 1883.04682948775 195.82941080753318 581.1620007368583
    vertex 1882.7468866057536 196.32941080753324 580.7336379077989
    vertex 1883.04682948775 196.32941080753324 581.1620007368583
  endloop
endfacet
facet normal 0.819152044288959 1.6822061495687628e-14 -0.5735764363510929
  outer loop
    vertex 1882.7468866057536 196.32941080753324 580.7336379077989
    vertex 1883.04682948775 195.82941080753318 581.1620007368583
    vertex 1882.7468866057536 195.82941080753326 580.7336379077988
  endloop
endfacet
facet normal 0.9063077870364458 -6.333320656183481e-14 -0.42261826174113715
  outer loop
    vertex 1883.2678311387547 195.82941080753324 581.6359403068815
    vertex 1883.04682948775 196.32941080753324 581.1620007368583
    vertex 1883.2678311387547 196.32941080753324 581.6359403068813
  endloop
endfacet
facet normal 0.9063077870364458 -6.333320656183481e-14 -0.42261826174113715
  outer loop
    vertex 1883.04682948775 196.32941080753324 581.1620007368583
    vertex 1883.2678311387547 195.82941080753324 581.6359403068815
    vertex 1883.04682948775 195.82941080753318 581.1620007368583
  endloop
endfacet
facet normal 0.9659258262892971 -3.806267916893577e-14 -0.2588190451016667
  outer loop
    vertex 1883.403176535433 195.82941080753324 582.1410562038577
    vertex 1883.2678311387547 196.32941080753324 581.6359403068813
    vertex 1883.403176535433 196.3294108075332 582.1410562038577
  endloop
endfacet
facet normal 0.9659258262892971 -3.806267916893577e-14 -0.2588190451016667
  outer loop
    vertex 1883.2678311387547 196.32941080753324 581.6359403068813
    vertex 1883.403176535433 195.82941080753324 582.1410562038577
    vertex 1883.2678311387547 195.82941080753324 581.6359403068815
  endloop
endfacet
facet normal 0.996194698091733 4.091291534634425e-15 -0.08715574274780083
  outer loop
    vertex 1883.4487532763965 195.82941080753312 582.6620007368584
    vertex 1883.403176535433 196.3294108075332 582.1410562038577
    vertex 1883.4487532763965 196.3294108075332 582.6620007368584
  endloop
endfacet
facet normal 0.996194698091733 4.091291534634425e-15 -0.08715574274780083
  outer loop
    vertex 1883.403176535433 196.3294108075332 582.1410562038577
    vertex 1883.4487532763965 195.82941080753312 582.6620007368584
    vertex 1883.403176535433 195.82941080753324 582.1410562038577
  endloop
endfacet
facet normal 0.9961946980917454 -5.82844793030522e-16 0.08715574274765861
  outer loop
    vertex 1883.403176535433 195.8294108075332 583.1829452698593
    vertex 1883.4487532763965 196.3294108075332 582.6620007368584
    vertex 1883.403176535433 196.32941080753318 583.1829452698593
  endloop
endfacet
facet normal 0.9961946980917454 -5.82844793030522e-16 0.08715574274765861
  outer loop
    vertex 1883.4487532763965 196.3294108075332 582.6620007368584
    vertex 1883.403176535433 195.8294108075332 583.1829452698593
    vertex 1883.4487532763965 195.82941080753312 582.6620007368584
  endloop
endfacet
facet normal 0.9659258262891384 4.14658622609705e-14 0.2588190451022591
  outer loop
    vertex 1883.2678311387542 195.8294108075331 583.6880611668355
    vertex 1883.403176535433 196.32941080753318 583.1829452698593
    vertex 1883.2678311387542 196.32941080753315 583.6880611668354
  endloop
endfacet
facet normal 0.9659258262891384 4.14658622609705e-14 0.2588190451022591
  outer loop
    vertex 1883.403176535433 196.32941080753318 583.1829452698593
    vertex 1883.2678311387542 195.8294108075331 583.6880611668355
    vertex 1883.403176535433 195.8294108075332 583.1829452698593
  endloop
endfacet
facet normal 0.906307787036709 6.654187304772223e-14 0.42261826174057304
  outer loop
    vertex 1883.0468294877503 196.32941080753298 584.1620007368583
    vertex 1883.2678311387542 195.8294108075331 583.6880611668355
    vertex 1883.2678311387542 196.32941080753315 583.6880611668354
  endloop
endfacet
facet normal 0.906307787036709 6.654187304772223e-14 0.42261826174057304
  outer loop
    vertex 1883.2678311387542 195.8294108075331 583.6880611668355
    vertex 1883.0468294877503 196.32941080753298 584.1620007368583
    vertex 1883.0468294877503 195.8294108075331 584.1620007368583
  endloop
endfacet
facet normal 0.8191520442889438 -1.3918610279145593e-14 0.5735764363511148
  outer loop
    vertex 1882.7468866057536 195.8294108075331 584.5903635659182
    vertex 1883.0468294877503 196.32941080753298 584.1620007368583
    vertex 1882.7468866057536 196.32941080753307 584.5903635659182
  endloop
endfacet
facet normal 0.8191520442889438 -1.3918610279145593e-14 0.5735764363511148
  outer loop
    vertex 1883.0468294877503 196.32941080753298 584.1620007368583
    vertex 1882.7468866057536 195.8294108075331 584.5903635659182
    vertex 1883.0468294877503 195.8294108075331 584.1620007368583
  endloop
endfacet
facet normal 0.7071067811865981 -1.7712535952045804e-14 0.7071067811864971
  outer loop
    vertex 1882.7468866057536 195.8294108075331 584.5903635659182
    vertex 1882.3771161054565 196.32941080753295 584.9601340662156
    vertex 1882.3771161054565 195.82941080753307 584.9601340662156
  endloop
endfacet
facet normal 0.7071067811865981 -1.7712535952045804e-14 0.7071067811864971
  outer loop
    vertex 1882.3771161054565 196.32941080753295 584.9601340662156
    vertex 1882.7468866057536 195.8294108075331 584.5903635659182
    vertex 1882.7468866057536 196.32941080753307 584.5903635659182
  endloop
endfacet
facet normal 0.5735764363510119 1.2687701419319876e-13 0.8191520442890158
  outer loop
    vertex 1882.3771161054565 195.82941080753307 584.9601340662156
    vertex 1881.948753276397 196.32941080753292 585.2600769482117
    vertex 1881.948753276397 195.82941080753304 585.2600769482119
  endloop
endfacet
facet normal 0.5735764363510119 1.2687701419319876e-13 0.8191520442890158
  outer loop
    vertex 1881.948753276397 196.32941080753292 585.2600769482117
    vertex 1882.3771161054565 195.82941080753307 584.9601340662156
    vertex 1882.3771161054565 196.32941080753295 584.9601340662156
  endloop
endfacet
facet normal 0.4226182617409198 1.3999933832569403e-13 0.9063077870365472
  outer loop
    vertex 1881.948753276397 195.82941080753304 585.2600769482119
    vertex 1881.4748137063739 196.32941080753292 585.4810785992164
    vertex 1881.4748137063739 195.82941080753295 585.4810785992164
  endloop
endfacet
facet normal 0.4226182617409198 1.3999933832569403e-13 0.9063077870365472
  outer loop
    vertex 1881.4748137063739 196.32941080753292 585.4810785992164
    vertex 1881.948753276397 195.82941080753304 585.2600769482119
    vertex 1881.948753276397 196.32941080753292 585.2600769482117
  endloop
endfacet
facet normal 0.2588190451026012 -2.5444200358226118e-14 0.9659258262890469
  outer loop
    vertex 1881.4748137063739 195.82941080753295 585.4810785992164
    vertex 1880.9696978093978 196.32941080753292 585.6164239958953
    vertex 1880.9696978093978 195.82941080753295 585.6164239958953
  endloop
endfacet
facet normal 0.2588190451026012 -2.5444200358226118e-14 0.9659258262890469
  outer loop
    vertex 1880.9696978093978 196.32941080753292 585.6164239958953
    vertex 1881.4748137063739 195.82941080753295 585.4810785992164
    vertex 1881.4748137063739 196.32941080753292 585.4810785992164
  endloop
endfacet
facet normal 0.08715574274759963 -2.0635210827300244e-13 0.9961946980917508
  outer loop
    vertex 1880.9696978093978 195.82941080753295 585.6164239958953
    vertex 1880.4487532763967 196.32941080753292 585.6620007368588
    vertex 1880.4487532763967 195.82941080753295 585.6620007368585
  endloop
endfacet
facet normal 0.08715574274759963 -2.0635210827300244e-13 0.9961946980917508
  outer loop
    vertex 1880.4487532763967 196.32941080753292 585.6620007368588
    vertex 1880.9696978093978 195.82941080753295 585.6164239958953
    vertex 1880.9696978093978 196.32941080753292 585.6164239958953
  endloop
endfacet
facet normal -0.08715574274751733 -2.066598624136502e-13 0.996194698091758
  outer loop
    vertex 1880.4487532763967 195.82941080753295 585.6620007368585
    vertex 1879.9278087433963 196.32941080753292 585.6164239958954
    vertex 1879.9278087433963 195.82941080753295 585.6164239958954
  endloop
endfacet
facet normal -0.08715574274751733 -2.066598624136502e-13 0.996194698091758
  outer loop
    vertex 1879.9278087433963 196.32941080753292 585.6164239958954
    vertex 1880.4487532763967 195.82941080753295 585.6620007368585
    vertex 1880.4487532763967 196.32941080753292 585.6620007368588
  endloop
endfacet
facet normal -0.25881904510245174 1.4797636036682374e-13 0.9659258262890869
  outer loop
    vertex 1879.9278087433963 195.82941080753295 585.6164239958954
    vertex 1879.4226928464197 196.32941080753292 585.4810785992163
    vertex 1879.4226928464197 195.82941080753295 585.4810785992165
  endloop
endfacet
facet normal -0.25881904510245174 1.4797636036682374e-13 0.9659258262890869
  outer loop
    vertex 1879.4226928464197 196.32941080753292 585.4810785992163
    vertex 1879.9278087433963 195.82941080753295 585.6164239958954
    vertex 1879.9278087433963 196.32941080753292 585.6164239958954
  endloop
endfacet
facet normal -0.42261826174050693 1.3852849941553622e-13 0.9063077870367399
  outer loop
    vertex 1879.4226928464197 195.82941080753295 585.4810785992165
    vertex 1878.9487532763967 196.32941080753292 585.2600769482121
    vertex 1878.9487532763967 195.82941080753287 585.2600769482121
  endloop
endfacet
facet normal -0.42261826174050693 1.3852849941553622e-13 0.9063077870367399
  outer loop
    vertex 1878.9487532763967 196.32941080753292 585.2600769482121
    vertex 1879.4226928464197 195.82941080753295 585.4810785992165
    vertex 1879.4226928464197 196.32941080753292 585.4810785992163
  endloop
endfacet
facet normal -0.5735764363510106 -2.2978112084672388e-14 0.8191520442890166
  outer loop
    vertex 1878.9487532763967 195.82941080753287 585.2600769482121
    vertex 1878.5203904473371 196.32941080753295 584.9601340662158
    vertex 1878.5203904473371 195.82941080753287 584.9601340662158
  endloop
endfacet
facet normal -0.5735764363510106 -2.2978112084672388e-14 0.8191520442890166
  outer loop
    vertex 1878.5203904473371 196.32941080753295 584.9601340662158
    vertex 1878.9487532763967 195.82941080753287 585.2600769482121
    vertex 1878.9487532763967 196.32941080753292 585.2600769482121
  endloop
endfacet
facet normal -0.7071067811865833 1.0739993739465717e-13 0.7071067811865118
  outer loop
    vertex 1878.15061994704 195.82941080753298 584.5903635659186
    vertex 1878.5203904473371 196.32941080753295 584.9601340662158
    vertex 1878.15061994704 196.32941080753295 584.5903635659183
  endloop
endfacet
facet normal -0.7071067811865833 1.0739993739465717e-13 0.7071067811865118
  outer loop
    vertex 1878.5203904473371 196.32941080753295 584.9601340662158
    vertex 1878.15061994704 195.82941080753298 584.5903635659186
    vertex 1878.5203904473371 195.82941080753287 584.9601340662158
  endloop
endfacet
facet normal -0.8191520442890725 -1.6831164313903542e-14 0.5735764363509307
  outer loop
    vertex 1877.8506770650436 195.8294108075329 584.1620007368587
    vertex 1878.15061994704 196.32941080753295 584.5903635659183
    vertex 1877.8506770650436 196.32941080753298 584.162000736859
  endloop
endfacet
facet normal -0.8191520442890725 -1.6831164313903542e-14 0.5735764363509307
  outer loop
    vertex 1878.15061994704 196.32941080753295 584.5903635659183
    vertex 1877.8506770650436 195.8294108075329 584.1620007368587
    vertex 1878.15061994704 195.82941080753298 584.5903635659186
  endloop
endfacet
facet normal -0.9063077870363844 -8.920395736712852e-14 0.4226182617412694
  outer loop
    vertex 1877.6296754140385 196.3294108075329 583.688061166836
    vertex 1877.8506770650436 195.8294108075329 584.1620007368587
    vertex 1877.8506770650436 196.32941080753298 584.162000736859
  endloop
endfacet
facet normal -0.9063077870363844 -8.920395736712852e-14 0.4226182617412694
  outer loop
    vertex 1877.8506770650436 195.8294108075329 584.1620007368587
    vertex 1877.6296754140385 196.3294108075329 583.688061166836
    vertex 1877.6296754140385 195.8294108075329 583.688061166836
  endloop
endfacet
facet normal -0.9659258262891132 -8.64410482751551e-15 0.25881904510235393
  outer loop
    vertex 1877.4943300173597 195.8294108075329 583.1829452698597
    vertex 1877.6296754140385 196.3294108075329 583.688061166836
    vertex 1877.4943300173597 196.329410807533 583.1829452698597
  endloop
endfacet
facet normal -0.9659258262891132 -8.64410482751551e-15 0.25881904510235393
  outer loop
    vertex 1877.6296754140385 196.3294108075329 583.688061166836
    vertex 1877.4943300173597 195.8294108075329 583.1829452698597
    vertex 1877.6296754140385 195.8294108075329 583.688061166836
  endloop
endfacet
facet normal -0.996194698091733 -4.095891125839555e-15 0.08715574274780083
  outer loop
    vertex 1877.4487532763965 195.82941080753295 582.6620007368589
    vertex 1877.4943300173597 196.329410807533 583.1829452698597
    vertex 1877.4487532763965 196.329410807533 582.6620007368589
  endloop
endfacet
facet normal -0.996194698091733 -4.095891125839555e-15 0.08715574274780083
  outer loop
    vertex 1877.4943300173597 196.329410807533 583.1829452698597
    vertex 1877.4487532763965 195.82941080753295 582.6620007368589
    vertex 1877.4943300173597 195.8294108075329 583.1829452698597
  endloop
endfacet
facet normal -0.9961946980917454 5.766938124474512e-16 -0.08715574274765861
  outer loop
    vertex 1877.4943300173597 195.82941080753304 582.1410562038582
    vertex 1877.4487532763965 196.329410807533 582.6620007368589
    vertex 1877.4943300173597 196.329410807533 582.1410562038582
  endloop
endfacet
facet normal -0.9961946980917454 5.766938124474512e-16 -0.08715574274765861
  outer loop
    vertex 1877.4487532763965 196.329410807533 582.6620007368589
    vertex 1877.4943300173597 195.82941080753304 582.1410562038582
    vertex 1877.4487532763965 195.82941080753295 582.6620007368589
  endloop
endfacet
facet normal -0.9659258262888049 5.235676520331218e-15 -0.25881904510350406
  outer loop
    vertex 1877.6296754140394 195.82941080753295 581.6359403068819
    vertex 1877.4943300173597 196.329410807533 582.1410562038582
    vertex 1877.6296754140394 196.329410807533 581.6359403068819
  endloop
endfacet
facet normal -0.9659258262888049 5.235676520331218e-15 -0.25881904510350406
  outer loop
    vertex 1877.4943300173597 196.329410807533 582.1410562038582
    vertex 1877.6296754140394 195.82941080753295 581.6359403068819
    vertex 1877.4943300173597 195.82941080753304 582.1410562038582
  endloop
endfacet
facet normal -0.906307787037035 8.598224841692113e-14 -0.42261826173987377
  outer loop
    vertex 1877.8506770650433 195.82941080753307 581.1620007368587
    vertex 1877.6296754140394 196.329410807533 581.6359403068819
    vertex 1877.8506770650433 196.32941080753304 581.1620007368589
  endloop
endfacet
facet normal -0.906307787037035 8.598224841692113e-14 -0.42261826173987377
  outer loop
    vertex 1877.6296754140394 196.329410807533 581.6359403068819
    vertex 1877.8506770650433 195.82941080753307 581.1620007368587
    vertex 1877.6296754140394 195.82941080753295 581.6359403068819
  endloop
endfacet
facet normal -0.8191520442891544 1.3935303616545081e-14 -0.5735764363508139
  outer loop
    vertex 1878.1506199470396 195.82941080753318 580.7336379077992
    vertex 1877.8506770650433 196.32941080753304 581.1620007368589
    vertex 1878.1506199470396 196.32941080753307 580.733637907799
  endloop
endfacet
facet normal -0.8191520442891544 1.3935303616545081e-14 -0.5735764363508139
  outer loop
    vertex 1877.8506770650433 196.32941080753304 581.1620007368589
    vertex 1878.1506199470396 195.82941080753318 580.7336379077992
    vertex 1877.8506770650433 195.82941080753307 581.1620007368587
  endloop
endfacet
facet normal -0.7071067811865117 -1.0992152044875745e-13 -0.7071067811865833
  outer loop
    vertex 1878.520390447337 196.32941080753315 580.3638674075019
    vertex 1878.1506199470396 195.82941080753318 580.7336379077992
    vertex 1878.1506199470396 196.32941080753307 580.733637907799
  endloop
endfacet
facet normal -0.7071067811865117 -1.0992152044875745e-13 -0.7071067811865833
  outer loop
    vertex 1878.1506199470396 195.82941080753318 580.7336379077992
    vertex 1878.520390447337 196.32941080753315 580.3638674075019
    vertex 1878.520390447337 195.82941080753318 580.3638674075019
  endloop
endfacet
facet normal -0.5735764363511857 9.486884079784131e-14 -0.8191520442888941
  outer loop
    vertex 1878.9487532763965 196.32941080753307 580.0639245255055
    vertex 1878.520390447337 195.82941080753318 580.3638674075019
    vertex 1878.520390447337 196.32941080753315 580.3638674075019
  endloop
endfacet
facet normal -0.5735764363511857 9.486884079784131e-14 -0.8191520442888941
  outer loop
    vertex 1878.520390447337 195.82941080753318 580.3638674075019
    vertex 1878.9487532763965 196.32941080753307 580.0639245255055
    vertex 1878.9487532763965 195.82941080753318 580.0639245255054
  endloop
endfacet
facet normal -0.4226182617408489 -5.821728117764878e-14 -0.9063077870365802
  outer loop
    vertex 1879.4226928464193 196.32941080753326 579.8429228745008
    vertex 1878.9487532763965 195.82941080753318 580.0639245255054
    vertex 1878.9487532763965 196.32941080753307 580.0639245255055
  endloop
endfacet
facet normal -0.4226182617408489 -5.821728117764878e-14 -0.9063077870365802
  outer loop
    vertex 1878.9487532763965 195.82941080753318 580.0639245255054
    vertex 1879.4226928464193 196.32941080753326 579.8429228745008
    vertex 1879.4226928464193 195.8294108075332 579.842922874501
  endloop
endfacet
facet normal -0.2588190451022676 -1.488894071562963e-13 -0.9659258262891361
  outer loop
    vertex 1879.9278087433959 196.32941080753326 579.7075774778222
    vertex 1879.4226928464193 195.8294108075332 579.842922874501
    vertex 1879.4226928464193 196.32941080753326 579.8429228745008
  endloop
endfacet
facet normal -0.2588190451022676 -1.488894071562963e-13 -0.9659258262891361
  outer loop
    vertex 1879.4226928464193 195.8294108075332 579.842922874501
    vertex 1879.9278087433959 196.32941080753326 579.7075774778222
    vertex 1879.9278087433959 195.8294108075333 579.7075774778222
  endloop
endfacet
facet normal -1.2963446291884698e-14 -1.0 -1.5366545320287106e-14
  outer loop
    vertex 1893.4487532763974 181.00000491781162 575.0120000000146
    vertex 1915.8987533079835 181.00000000000057 574.9806533479491
    vertex 1916.230511007 181.00000000000065 575.135354503652
  endloop
endfacet
facet normal -1.2963446291884698e-14 -1.0 -1.5366545320287106e-14
  outer loop
    vertex 1915.8987533079835 181.00000000000057 574.9806533479491
    vertex 1893.4487532763974 181.00000491781162 575.0120000000146
    vertex 1894.4211830713316 181.00000491781162 574.9269234168795
  endloop
endfacet
facet normal -1.2963446291884698e-14 -1.0 -1.5366545320287106e-14
  outer loop
    vertex 1915.8987533079835 181.00000000000057 574.9806533479491
    vertex 1894.4211830713316 181.00000491781162 574.9269234168795
    vertex 1915.5988993276417 181.00000000000057 574.7706933305516
  endloop
endfacet
facet normal -1.2963446291884698e-14 -1.0 -1.5366545320287106e-14
  outer loop
    vertex 1915.5988993276417 181.00000000000057 574.7706933305516
    vertex 1894.4211830713316 181.00000491781162 574.9269234168795
    vertex 1895.3640660790204 181.00000491781162 574.6742786764133
  endloop
endfacet
facet normal -1.2963446291884698e-14 -1.0 -1.5366545320287106e-14
  outer loop
    vertex 1915.5988993276417 181.00000000000057 574.7706933305516
    vertex 1895.3640660790204 181.00000491781162 574.6742786764133
    vertex 1915.3400599774336 181.00000000000065 574.5118539803433
  endloop
endfacet
facet normal -1.2963446291884698e-14 -1.0 -1.5366545320287106e-14
  outer loop
    vertex 1915.3400599774336 181.00000000000065 574.5118539803433
    vertex 1895.3640660790204 181.00000491781162 574.6742786764133
    vertex 1896.2487532763969 181.00000491781165 574.2617422612045
  endloop
endfacet
facet normal -1.2963446291884698e-14 -1.0 -1.5366545320287106e-14
  outer loop
    vertex 1915.3400599774336 181.00000000000065 574.5118539803433
    vertex 1896.2487532763969 181.00000491781165 574.2617422612045
    vertex 1915.130099960036 181.00000000000065 574.2120000000019
  endloop
endfacet
facet normal -1.2963446291884698e-14 -1.0 -1.5366545320287106e-14
  outer loop
    vertex 1915.130099960036 181.00000000000065 574.2120000000019
    vertex 1896.2487532763969 181.00000491781165 574.2617422612045
    vertex 1897.048363890641 181.00000491781168 573.7018488814775
  endloop
endfacet
facet normal -1.2963446291884698e-14 -1.0 -1.5366545320287106e-14
  outer loop
    vertex 1915.130099960036 181.00000000000065 574.2120000000019
    vertex 1897.048363890641 181.00000491781168 573.7018488814775
    vertex 1914.9753988043337 181.00000000000057 573.8802423009857
  endloop
endfacet
facet normal -1.2963446291884698e-14 -1.0 -1.5366545320287106e-14
  outer loop
    vertex 1914.9753988043337 181.00000000000057 573.8802423009857
    vertex 1897.048363890641 181.00000491781168 573.7018488814775
    vertex 1914.8806570266586 181.00000000000068 573.5266611731024
  endloop
endfacet
facet normal -1.2963446291884698e-14 -1.0 -1.5366545320287106e-14
  outer loop
    vertex 1914.8806570266586 181.00000000000068 573.5266611731024
    vertex 1897.048363890641 181.00000491781168 573.7018488814775
    vertex 1897.7386021578623 181.0000049178115 573.0116106142565
  endloop
endfacet
facet normal -1.2963446291884698e-14 -1.0 -1.5366545320287106e-14
  outer loop
    vertex 1914.8806570266586 181.00000000000068 573.5266611731024
    vertex 1897.7386021578623 181.0000049178115 573.0116106142565
    vertex 1914.8487533079835 181.0000000000005 573.1620000000019
  endloop
endfacet
facet normal -1.2963446291884698e-14 -1.0 -1.5366545320287106e-14
  outer loop
    vertex 1914.8487533079835 181.0000000000005 573.1620000000019
    vertex 1897.7386021578623 181.0000049178115 573.0116106142565
    vertex 1914.880657026658 181.0000000000005 572.7973388269013
  endloop
endfacet
facet normal -1.2963446291884698e-14 -1.0 -1.5366545320287106e-14
  outer loop
    vertex 1914.880657026658 181.0000000000005 572.7973388269013
    vertex 1897.7386021578623 181.0000049178115 573.0116106142565
    vertex 1898.2984955375885 181.00000491781154 572.2120000000112
  endloop
endfacet
facet normal -1.2963446291884698e-14 -1.0 -1.5366545320287106e-14
  outer loop
    vertex 1914.880657026658 181.0000000000005 572.7973388269013
    vertex 1898.2984955375885 181.00000491781154 572.2120000000112
    vertex 1914.975398804333 181.0000000000005 572.443757699018
  endloop
endfacet
facet normal -1.2963446291884698e-14 -1.0 -1.5366545320287106e-14
  outer loop
    vertex 1914.975398804333 181.0000000000005 572.443757699018
    vertex 1898.2984955375885 181.00000491781154 572.2120000000112
    vertex 1915.130099960036 181.00000000000054 572.1120000000017
  endloop
endfacet
facet normal -1.2963446291884698e-14 -1.0 -1.5366545320287106e-14
  outer loop
    vertex 1915.130099960036 181.00000000000054 572.1120000000017
    vertex 1898.2984955375885 181.00000491781154 572.2120000000112
    vertex 1898.7110319527976 181.00000491781154 571.3273128026352
  endloop
endfacet
facet normal -1.2963446291884698e-14 -1.0 -1.5366545320287106e-14
  outer loop
    vertex 1915.130099960036 181.00000000000054 572.1120000000017
    vertex 1898.7110319527976 181.00000491781154 571.3273128026352
    vertex 1915.3400599774332 181.00000000000054 571.81214601966
  endloop
endfacet
facet normal -1.2963446291884698e-14 -1.0 -1.5366545320287106e-14
  outer loop
    vertex 1915.3400599774332 181.00000000000054 571.81214601966
    vertex 1898.7110319527976 181.00000491781154 571.3273128026352
    vertex 1915.5988993276412 181.00000000000057 571.553306669452
  endloop
endfacet
facet normal -1.2963446291884698e-14 -1.0 -1.5366545320287106e-14
  outer loop
    vertex 1915.5988993276412 181.00000000000057 571.553306669452
    vertex 1898.7110319527976 181.00000491781154 571.3273128026352
    vertex 1915.8987533079833 181.00000000000057 571.3433466520545
  endloop
endfacet
facet normal -1.2963446291884698e-14 -1.0 -1.5366545320287106e-14
  outer loop
    vertex 1915.8987533079833 181.00000000000057 571.3433466520545
    vertex 1898.7110319527976 181.00000491781154 571.3273128026352
    vertex 1916.2305110069994 181.00000000000057 571.1886454963515
  endloop
endfacet
facet normal -1.2963446291884698e-14 -1.0 -1.5366545320287106e-14
  outer loop
    vertex 1916.2305110069994 181.00000000000057 571.1886454963515
    vertex 1898.7110319527976 181.00000491781154 571.3273128026352
    vertex 1898.9636766932647 181.0000049178116 570.3844297949455
  endloop
endfacet
facet normal -1.2963446291884698e-14 -1.0 -1.5366545320287106e-14
  outer loop
    vertex 1916.2305110069994 181.00000000000057 571.1886454963515
    vertex 1898.9636766932647 181.0000049178116 570.3844297949455
    vertex 1916.584092134883 181.00000000000057 571.093903718676
  endloop
endfacet
facet normal -1.2963446291884698e-14 -1.0 -1.5366545320287106e-14
  outer loop
    vertex 1916.584092134883 181.00000000000057 571.093903718676
    vertex 1898.9636766932647 181.0000049178116 570.3844297949455
    vertex 1916.9487533079832 181.00000000000057 571.0620000000018
  endloop
endfacet
facet normal -1.2963446291884698e-14 -1.0 -1.5366545320287106e-14
  outer loop
    vertex 1871.948753307984 181.00000000000057 621.6620000000029
    vertex 1881.2305110069994 181.000000000001 613.6353545036545
    vertex 1906.9487533079835 181.00000000000057 621.6620000000004
  endloop
endfacet
facet normal -1.2963446291884698e-14 -1.0 -1.5366545320287106e-14
  outer loop
    vertex 1881.2305110069994 181.000000000001 613.6353545036545
    vertex 1871.948753307984 181.00000000000057 621.6620000000029
    vertex 1880.8987533079833 181.000000000001 613.4806533479519
  endloop
endfacet
facet normal -1.2963446291884698e-14 -1.0 -1.5366545320287106e-14
  outer loop
    vertex 1880.8987533079833 181.000000000001 613.4806533479519
    vertex 1871.948753307984 181.00000000000057 621.6620000000029
    vertex 1880.5988993276414 181.000000000001 613.2706933305543
  endloop
endfacet
facet normal -1.2963446291884698e-14 -1.0 -1.5366545320287106e-14
  outer loop
    vertex 1880.5988993276414 181.000000000001 613.2706933305543
    vertex 1871.948753307984 181.00000000000057 621.6620000000029
    vertex 1880.3400599774332 181.00000000000102 613.0118539803462
  endloop
endfacet
facet normal -1.2963446291884698e-14 -1.0 -1.5366545320287106e-14
  outer loop
    vertex 1880.3400599774332 181.00000000000102 613.0118539803462
    vertex 1871.948753307984 181.00000000000057 621.6620000000029
    vertex 1880.1300999600364 181.00000000000102 612.7120000000043
  endloop
endfacet
facet normal -1.2963446291884698e-14 -1.0 -1.5366545320287106e-14
  outer loop
    vertex 1880.1300999600364 181.00000000000102 612.7120000000043
    vertex 1871.948753307984 181.00000000000057 621.6620000000029
    vertex 1879.9753988043335 181.00000000000102 612.3802423009882
  endloop
endfacet
facet normal -1.2963446291884698e-14 -1.0 -1.5366545320287106e-14
  outer loop
    vertex 1879.9753988043335 181.00000000000102 612.3802423009882
    vertex 1871.948753307984 181.00000000000057 621.6620000000029
    vertex 1879.8806570266581 181.00000000000094 612.0266611731049
  endloop
endfacet
facet normal -1.2963446291884698e-14 -1.0 -1.5366545320287106e-14
  outer loop
    vertex 1879.8806570266581 181.00000000000094 612.0266611731049
    vertex 1871.948753307984 181.00000000000057 621.6620000000029
    vertex 1874.9338298595278 181.00000491781228 583.6344297949489
  endloop
endfacet
facet normal -1.2963446291884698e-14 -1.0 -1.5366545320287106e-14
  outer loop
    vertex 1874.9338298595278 181.00000491781228 583.6344297949489
    vertex 1871.948753307984 181.00000000000057 621.6620000000029
    vertex 1871.9487533079796 181.00000000000225 563.1620000000029
  endloop
endfacet
facet normal -1.2963446291884698e-14 -1.0 -1.5366545320287106e-14
  outer loop
    vertex 1906.9487533079835 181.00000000000057 621.6620000000004
    vertex 1881.2305110069994 181.000000000001 613.6353545036545
    vertex 1881.584092134883 181.00000000000088 613.73009628133
  endloop
endfacet
facet normal -1.2963446291884698e-14 -1.0 -1.5366545320287106e-14
  outer loop
    vertex 1906.9487533079835 181.00000000000057 621.6620000000004
    vertex 1881.584092134883 181.00000000000088 613.73009628133
    vertex 1881.9487533079835 181.00000000000088 613.7620000000044
  endloop
endfacet
facet normal -1.2963446291884698e-14 -1.0 -1.5366545320287106e-14
  outer loop
    vertex 1879.8806570266581 181.00000000000094 612.0266611731049
    vertex 1874.9338298595278 181.00000491781228 583.6344297949489
    vertex 1879.8487533079838 181.00000000000105 611.6620000000044
  endloop
endfacet
facet normal -1.2963446291884698e-14 -1.0 -1.5366545320287106e-14
  outer loop
    vertex 1879.8487533079838 181.00000000000105 611.6620000000044
    vertex 1874.9338298595278 181.00000491781228 583.6344297949489
    vertex 1879.880657026658 181.00000000000108 611.2973388269039
  endloop
endfacet
facet normal -1.2963446291884698e-14 -1.0 -1.5366545320287106e-14
  outer loop
    vertex 1879.880657026658 181.00000000000108 611.2973388269039
    vertex 1874.9338298595278 181.00000491781228 583.6344297949489
    vertex 1879.975398804333 181.00000000000108 610.9437576990206
  endloop
endfacet
facet normal -1.2963446291884698e-14 -1.0 -1.5366545320287106e-14
  outer loop
    vertex 1879.975398804333 181.00000000000108 610.9437576990206
    vertex 1874.9338298595278 181.00000491781228 583.6344297949489
    vertex 1880.1300999600364 181.00000000000108 610.6120000000044
  endloop
endfacet
facet normal -1.2963446291884698e-14 -1.0 -1.5366545320287106e-14
  outer loop
    vertex 1880.1300999600364 181.00000000000108 610.6120000000044
    vertex 1874.9338298595278 181.00000491781228 583.6344297949489
    vertex 1880.3400599774336 181.00000000000097 610.3121460196626
  endloop
endfacet
facet normal -1.2963446291884698e-14 -1.0 -1.5366545320287106e-14
  outer loop
    vertex 1880.3400599774336 181.00000000000097 610.3121460196626
    vertex 1874.9338298595278 181.00000491781228 583.6344297949489
    vertex 1880.5988993276414 181.0000000000009 610.0533066694545
  endloop
endfacet
facet normal -1.2963446291884698e-14 -1.0 -1.5366545320287106e-14
  outer loop
    vertex 1880.5988993276414 181.0000000000009 610.0533066694545
    vertex 1874.9338298595278 181.00000491781228 583.6344297949489
    vertex 1880.8987533079828 181.00000000000102 609.8433466520572
  endloop
endfacet
facet normal -1.2963446291884698e-14 -1.0 -1.5366545320287106e-14
  outer loop
    vertex 1880.8987533079828 181.00000000000102 609.8433466520572
    vertex 1874.9338298595278 181.00000491781228 583.6344297949489
    vertex 1881.2305110069992 181.00000000000102 609.6886454963536
  endloop
endfacet
facet normal -1.2963446291884698e-14 -1.0 -1.5366545320287106e-14
  outer loop
    vertex 1881.2305110069992 181.00000000000102 609.6886454963536
    vertex 1874.9338298595278 181.00000491781228 583.6344297949489
    vertex 1881.5840921348824 181.00000000000102 609.5939037186786
  endloop
endfacet
facet normal -1.2963446291884698e-14 -1.0 -1.5366545320287106e-14
  outer loop
    vertex 1881.5840921348824 181.00000000000102 609.5939037186786
    vertex 1874.9338298595278 181.00000491781228 583.6344297949489
    vertex 1875.1864745999956 181.00000491781225 584.5773128026383
  endloop
endfacet
facet normal -1.2963446291884698e-14 -1.0 -1.5366545320287106e-14
  outer loop
    vertex 1881.5840921348824 181.00000000000102 609.5939037186786
    vertex 1875.1864745999956 181.00000491781225 584.5773128026383
    vertex 1881.948753307983 181.00000000000102 609.5620000000042
  endloop
endfacet
facet normal -1.2963446291884698e-14 -1.0 -1.5366545320287106e-14
  outer loop
    vertex 1881.948753307983 181.00000000000102 609.5620000000042
    vertex 1875.1864745999956 181.00000491781225 584.5773128026383
    vertex 1875.5990110152036 181.00000491781222 585.4620000000164
  endloop
endfacet
facet normal -1.2963446291884698e-14 -1.0 -1.5366545320287106e-14
  outer loop
    vertex 1881.948753307983 181.00000000000102 609.5620000000042
    vertex 1875.5990110152036 181.00000491781222 585.4620000000164
    vertex 1876.1589043949305 181.00000491781228 586.2616106142599
  endloop
endfacet
facet normal -1.2963446291884698e-14 -1.0 -1.5366545320287106e-14
  outer loop
    vertex 1881.948753307983 181.00000000000102 609.5620000000042
    vertex 1876.1589043949305 181.00000491781228 586.2616106142599
    vertex 1896.9487533079828 181.00000000000077 609.5620000000014
  endloop
endfacet
facet normal -1.2963446291884698e-14 -1.0 -1.5366545320287106e-14
  outer loop
    vertex 1896.9487533079828 181.00000000000077 609.5620000000014
    vertex 1876.1589043949305 181.00000491781228 586.2616106142599
    vertex 1876.8491426621529 181.00000491781236 586.9518488814824
  endloop
endfacet
facet normal -1.2963446291884698e-14 -1.0 -1.5366545320287106e-14
  outer loop
    vertex 1896.9487533079828 181.00000000000077 609.5620000000014
    vertex 1876.8491426621529 181.00000491781236 586.9518488814824
    vertex 1888.6589043949316 181.0000049178108 598.7616106142591
  endloop
endfacet
facet normal -1.2963446291884698e-14 -1.0 -1.5366545320287106e-14
  outer loop
    vertex 1896.9487533079828 181.00000000000077 609.5620000000014
    vertex 1888.6589043949316 181.0000049178108 598.7616106142591
    vertex 1889.349142662154 181.00000491781086 599.4518488814809
  endloop
endfacet
facet normal -1.2963446291884698e-14 -1.0 -1.5366545320287106e-14
  outer loop
    vertex 1896.9487533079828 181.00000000000077 609.5620000000014
    vertex 1889.349142662154 181.00000491781086 599.4518488814809
    vertex 1890.1487532763992 181.00000491781097 600.0117422612066
  endloop
endfacet
facet normal -1.2963446291884698e-14 -1.0 -1.5366545320287106e-14
  outer loop
    vertex 1896.9487533079828 181.00000000000077 609.5620000000014
    vertex 1890.1487532763992 181.00000491781097 600.0117422612066
    vertex 1891.0334404737753 181.00000491781086 600.4242786764154
  endloop
endfacet
facet normal -1.2963446291884698e-14 -1.0 -1.5366545320287106e-14
  outer loop
    vertex 1896.9487533079828 181.00000000000077 609.5620000000014
    vertex 1891.0334404737753 181.00000491781086 600.4242786764154
    vertex 1891.9763234814636 181.00000491781094 600.6769234168821
  endloop
endfacet
facet normal -1.2963446291884698e-14 -1.0 -1.5366545320287106e-14
  outer loop
    vertex 1896.9487533079828 181.00000000000077 609.5620000000014
    vertex 1891.9763234814636 181.00000491781094 600.6769234168821
    vertex 1892.948753276399 181.00000491781094 600.7620000000145
  endloop
endfacet
facet normal -1.2963446291884698e-14 -1.0 -1.5366545320287106e-14
  outer loop
    vertex 1896.9487533079828 181.00000000000077 609.5620000000014
    vertex 1892.948753276399 181.00000491781094 600.7620000000145
    vertex 1906.9487533079823 181.000000000001 601.6620000000006
  endloop
endfacet
facet normal -1.2963446291884698e-14 -1.0 -1.5366545320287106e-14
  outer loop
    vertex 1888.6589043949316 181.0000049178108 598.7616106142591
    vertex 1876.8491426621529 181.00000491781236 586.9518488814824
    vertex 1888.0990110152054 181.00000491781083 597.9620000000144
  endloop
endfacet
facet normal -1.2963446291884698e-14 -1.0 -1.5366545320287106e-14
  outer loop
    vertex 1888.0990110152054 181.00000491781083 597.9620000000144
    vertex 1876.8491426621529 181.00000491781236 586.9518488814824
    vertex 1887.6864745999967 181.00000491781066 597.0773128026389
  endloop
endfacet
facet normal -1.2963446291884698e-14 -1.0 -1.5366545320287106e-14
  outer loop
    vertex 1887.6864745999967 181.00000491781066 597.0773128026389
    vertex 1876.8491426621529 181.00000491781236 586.9518488814824
    vertex 1887.4338298595296 181.00000491781086 596.1344297949491
  endloop
endfacet
facet normal -1.2963446291884698e-14 -1.0 -1.5366545320287106e-14
  outer loop
    vertex 1887.4338298595296 181.00000491781086 596.1344297949491
    vertex 1876.8491426621529 181.00000491781236 586.9518488814824
    vertex 1887.3487532763982 181.00000491781088 595.1620000000145
  endloop
endfacet
facet normal -1.2963446291884698e-14 -1.0 -1.5366545320287106e-14
  outer loop
    vertex 1887.3487532763982 181.00000491781088 595.1620000000145
    vertex 1876.8491426621529 181.00000491781236 586.9518488814824
    vertex 1877.6487532763967 181.00000491781236 587.5117422612094
  endloop
endfacet
facet normal -1.2963446291884698e-14 -1.0 -1.5366545320287106e-14
  outer loop
    vertex 1887.3487532763982 181.00000491781088 595.1620000000145
    vertex 1877.6487532763967 181.00000491781236 587.5117422612094
    vertex 1887.4338298595296 181.0000049178109 594.1895702050786
  endloop
endfacet
facet normal -1.2963446291884698e-14 -1.0 -1.5366545320287106e-14
  outer loop
    vertex 1887.4338298595296 181.0000049178109 594.1895702050786
    vertex 1877.6487532763967 181.00000491781236 587.5117422612094
    vertex 1887.6864745999972 181.00000491781097 593.2466871973907
  endloop
endfacet
facet normal -1.2963446291884698e-14 -1.0 -1.5366545320287106e-14
  outer loop
    vertex 1887.6864745999972 181.00000491781097 593.2466871973907
    vertex 1877.6487532763967 181.00000491781236 587.5117422612094
    vertex 1878.5334404737735 181.00000491781233 587.9242786764167
  endloop
endfacet
facet normal -1.2963446291884698e-14 -1.0 -1.5366545320287106e-14
  outer loop
    vertex 1887.6864745999972 181.00000491781097 593.2466871973907
    vertex 1878.5334404737735 181.00000491781233 587.9242786764167
    vertex 1888.0990110152054 181.00000491781097 592.362000000015
  endloop
endfacet
facet normal -1.2963446291884698e-14 -1.0 -1.5366545320287106e-14
  outer loop
    vertex 1888.0990110152054 181.00000491781097 592.362000000015
    vertex 1878.5334404737735 181.00000491781233 587.9242786764167
    vertex 1888.6589043949325 181.000004917811 591.5623893857692
  endloop
endfacet
facet normal -1.2963446291884698e-14 -1.0 -1.5366545320287106e-14
  outer loop
    vertex 1888.6589043949325 181.000004917811 591.5623893857692
    vertex 1878.5334404737735 181.00000491781233 587.9242786764167
    vertex 1889.3491426621538 181.000004917811 590.8721511185483
  endloop
endfacet
facet normal -1.2963446291884698e-14 -1.0 -1.5366545320287106e-14
  outer loop
    vertex 1889.3491426621538 181.000004917811 590.8721511185483
    vertex 1878.5334404737735 181.00000491781233 587.9242786764167
    vertex 1879.4763234814616 181.00000491781233 588.1769234168844
  endloop
endfacet
facet normal -1.2963446291884698e-14 -1.0 -1.5366545320287106e-14
  outer loop
    vertex 1889.3491426621538 181.000004917811 590.8721511185483
    vertex 1879.4763234814616 181.00000491781233 588.1769234168844
    vertex 1890.148753276398 181.00000491781094 590.3122577388211
  endloop
endfacet
facet normal -1.2963446291884698e-14 -1.0 -1.5366545320287106e-14
  outer loop
    vertex 1890.148753276398 181.00000491781094 590.3122577388211
    vertex 1879.4763234814616 181.00000491781233 588.1769234168844
    vertex 1891.0334404737741 181.00000491781105 589.899721323613
  endloop
endfacet
facet normal -1.2963446291884698e-14 -1.0 -1.5366545320287106e-14
  outer loop
    vertex 1891.0334404737741 181.00000491781105 589.899721323613
    vertex 1879.4763234814616 181.00000491781233 588.1769234168844
    vertex 1891.9763234814627 181.00000491781105 589.6470765831453
  endloop
endfacet
facet normal -1.2963446291884698e-14 -1.0 -1.5366545320287106e-14
  outer loop
    vertex 1891.9763234814627 181.00000491781105 589.6470765831453
    vertex 1879.4763234814616 181.00000491781233 588.1769234168844
    vertex 1892.9487532763978 181.00000491781097 589.5620000000142
  endloop
endfacet
facet normal -1.2963446291884698e-14 -1.0 -1.5366545320287106e-14
  outer loop
    vertex 1892.9487532763978 181.00000491781097 589.5620000000142
    vertex 1879.4763234814616 181.00000491781233 588.1769234168844
    vertex 1880.4487532763972 181.00000491781233 588.2620000000147
  endloop
endfacet
facet normal -1.2963446291884698e-14 -1.0 -1.5366545320287106e-14
  outer loop
    vertex 1892.9487532763978 181.00000491781097 589.5620000000142
    vertex 1880.4487532763972 181.00000491781233 588.2620000000147
    vertex 1916.9487533079812 181.00000000000063 589.562000000002
  endloop
endfacet
facet normal -1.2963446291884698e-14 -1.0 -1.5366545320287106e-14
  outer loop
    vertex 1874.9338298595278 181.00000491781228 583.6344297949489
    vertex 1871.9487533079796 181.00000000000225 563.1620000000029
    vertex 1874.8487532763959 181.00000491781228 582.662000000014
  endloop
endfacet
facet normal -1.2963446291884698e-14 -1.0 -1.5366545320287106e-14
  outer loop
    vertex 1874.8487532763959 181.00000491781228 582.662000000014
    vertex 1871.9487533079796 181.00000000000225 563.1620000000029
    vertex 1874.933829859528 181.0000049178123 581.6895702050783
  endloop
endfacet
facet normal -1.2963446291884698e-14 -1.0 -1.5366545320287106e-14
  outer loop
    vertex 1874.933829859528 181.0000049178123 581.6895702050783
    vertex 1871.9487533079796 181.00000000000225 563.1620000000029
    vertex 1875.186474599996 181.00000491781236 580.7466871973901
  endloop
endfacet
facet normal -1.2963446291884698e-14 -1.0 -1.5366545320287106e-14
  outer loop
    vertex 1875.186474599996 181.00000491781236 580.7466871973901
    vertex 1871.9487533079796 181.00000000000225 563.1620000000029
    vertex 1875.599011015204 181.00000491781236 579.8620000000166
  endloop
endfacet
facet normal -1.2963446291884698e-14 -1.0 -1.5366545320287106e-14
  outer loop
    vertex 1875.599011015204 181.00000491781236 579.8620000000166
    vertex 1871.9487533079796 181.00000000000225 563.1620000000029
    vertex 1876.158904394931 181.0000049178124 579.0623893857721
  endloop
endfacet
facet normal -1.2963446291884698e-14 -1.0 -1.5366545320287106e-14
  outer loop
    vertex 1876.158904394931 181.0000049178124 579.0623893857721
    vertex 1871.9487533079796 181.00000000000225 563.1620000000029
    vertex 1876.8491426621522 181.0000049178124 578.3721511185496
  endloop
endfacet
facet normal -1.2963446291884698e-14 -1.0 -1.5366545320287106e-14
  outer loop
    vertex 1876.8491426621522 181.0000049178124 578.3721511185496
    vertex 1871.9487533079796 181.00000000000225 563.1620000000029
    vertex 1877.6487532763956 181.00000491781242 577.8122577388225
  endloop
endfacet
facet normal -1.2963446291884698e-14 -1.0 -1.5366545320287106e-14
  outer loop
    vertex 1877.6487532763956 181.00000491781242 577.8122577388225
    vertex 1871.9487533079796 181.00000000000225 563.1620000000029
    vertex 1878.533440473772 181.00000491781245 577.3997213236155
  endloop
endfacet
facet normal -1.2963446291884698e-14 -1.0 -1.5366545320287106e-14
  outer loop
    vertex 1878.533440473772 181.00000491781245 577.3997213236155
    vertex 1871.9487533079796 181.00000000000225 563.1620000000029
    vertex 1879.47632348146 181.00000491781253 577.1470765831473
  endloop
endfacet
facet normal -1.2963446291884698e-14 -1.0 -1.5366545320287106e-14
  outer loop
    vertex 1879.47632348146 181.00000491781253 577.1470765831473
    vertex 1871.9487533079796 181.00000000000225 563.1620000000029
    vertex 1880.4487532763958 181.00000491781253 577.0620000000162
  endloop
endfacet
facet normal -1.2963446291884698e-14 -1.0 -1.5366545320287106e-14
  outer loop
    vertex 1880.4487532763958 181.00000491781253 577.0620000000162
    vertex 1871.9487533079796 181.00000000000225 563.1620000000029
    vertex 1890.648753276397 181.00000491781162 574.2617422612068
  endloop
endfacet
facet normal -1.2963446291884698e-14 -1.0 -1.5366545320287106e-14
  outer loop
    vertex 1880.4487532763958 181.00000491781253 577.0620000000162
    vertex 1890.648753276397 181.00000491781162 574.2617422612068
    vertex 1891.5334404737735 181.00000491781162 574.6742786764154
  endloop
endfacet
facet normal -1.2963446291884698e-14 -1.0 -1.5366545320287106e-14
  outer loop
    vertex 1880.4487532763958 181.00000491781253 577.0620000000162
    vertex 1891.5334404737735 181.00000491781162 574.6742786764154
    vertex 1892.476323481463 181.00000491781162 574.9269234168816
  endloop
endfacet
facet normal -1.2963446291884698e-14 -1.0 -1.5366545320287106e-14
  outer loop
    vertex 1880.4487532763958 181.00000491781253 577.0620000000162
    vertex 1892.476323481463 181.00000491781162 574.9269234168816
    vertex 1893.4487532763974 181.00000491781162 575.0120000000146
  endloop
endfacet
facet normal -1.2963446291884698e-14 -1.0 -1.5366545320287106e-14
  outer loop
    vertex 1880.4487532763958 181.00000491781253 577.0620000000162
    vertex 1893.4487532763974 181.00000491781162 575.0120000000146
    vertex 1916.9487533079837 181.00000000000063 575.2620000000015
  endloop
endfacet
facet normal -1.2963446291884698e-14 -1.0 -1.5366545320287106e-14
  outer loop
    vertex 1916.9487533079837 181.00000000000063 575.2620000000015
    vertex 1893.4487532763974 181.00000491781162 575.0120000000146
    vertex 1916.5840921348831 181.00000000000063 575.230096281327
  endloop
endfacet
facet normal -1.2963446291884698e-14 -1.0 -1.5366545320287106e-14
  outer loop
    vertex 1916.5840921348831 181.00000000000063 575.230096281327
    vertex 1893.4487532763974 181.00000491781162 575.0120000000146
    vertex 1916.230511007 181.00000000000065 575.135354503652
  endloop
endfacet
facet normal -1.2963446291884698e-14 -1.0 -1.5366545320287106e-14
  outer loop
    vertex 1890.648753276397 181.00000491781162 574.2617422612068
    vertex 1871.9487533079796 181.00000000000225 563.1620000000029
    vertex 1889.8491426621517 181.00000491781174 573.7018488814803
  endloop
endfacet
facet normal -1.2963446291884698e-14 -1.0 -1.5366545320287106e-14
  outer loop
    vertex 1889.8491426621517 181.00000491781174 573.7018488814803
    vertex 1871.9487533079796 181.00000000000225 563.1620000000029
    vertex 1889.1589043949298 181.00000491781168 573.0116106142593
  endloop
endfacet
facet normal -1.2963446291884698e-14 -1.0 -1.5366545320287106e-14
  outer loop
    vertex 1889.1589043949298 181.00000491781168 573.0116106142593
    vertex 1871.9487533079796 181.00000000000225 563.1620000000029
    vertex 1888.5990110152031 181.00000491781168 572.2120000000137
  endloop
endfacet
facet normal -1.2963446291884698e-14 -1.0 -1.5366545320287106e-14
  outer loop
    vertex 1888.5990110152031 181.00000491781168 572.2120000000137
    vertex 1871.9487533079796 181.00000000000225 563.1620000000029
    vertex 1888.186474599995 181.00000491781174 571.3273128026378
  endloop
endfacet
facet normal -1.2963446291884698e-14 -1.0 -1.5366545320287106e-14
  outer loop
    vertex 1888.186474599995 181.00000491781174 571.3273128026378
    vertex 1871.9487533079796 181.00000000000225 563.1620000000029
    vertex 1887.933829859528 181.00000491781174 570.3844297949487
  endloop
endfacet
facet normal -1.2963446291884698e-14 -1.0 -1.5366545320287106e-14
  outer loop
    vertex 1887.933829859528 181.00000491781174 570.3844297949487
    vertex 1871.9487533079796 181.00000000000225 563.1620000000029
    vertex 1887.8487532763959 181.0000049178116 569.4120000000137
  endloop
endfacet
facet normal -1.2963446291884698e-14 -1.0 -1.5366545320287106e-14
  outer loop
    vertex 1887.8487532763959 181.0000049178116 569.4120000000137
    vertex 1871.9487533079796 181.00000000000225 563.1620000000029
    vertex 1887.933829859528 181.0000049178118 568.4395702050791
  endloop
endfacet
facet normal -1.2963446291884698e-14 -1.0 -1.5366545320287106e-14
  outer loop
    vertex 1887.933829859528 181.0000049178118 568.4395702050791
    vertex 1871.9487533079796 181.00000000000225 563.1620000000029
    vertex 1888.1864745999949 181.000004917812 567.4966871973907
  endloop
endfacet
facet normal -1.2963446291884698e-14 -1.0 -1.5366545320287106e-14
  outer loop
    vertex 1888.1864745999949 181.000004917812 567.4966871973907
    vertex 1871.9487533079796 181.00000000000225 563.1620000000029
    vertex 1888.5990110152031 181.00000491781205 566.6120000000143
  endloop
endfacet
facet normal -1.2963446291884698e-14 -1.0 -1.5366545320287106e-14
  outer loop
    vertex 1888.5990110152031 181.00000491781205 566.6120000000143
    vertex 1871.9487533079796 181.00000000000225 563.1620000000029
    vertex 1889.1589043949302 181.00000491781185 565.8123893857697
  endloop
endfacet
facet normal -1.2963446291884698e-14 -1.0 -1.5366545320287106e-14
  outer loop
    vertex 1889.1589043949302 181.00000491781185 565.8123893857697
    vertex 1871.9487533079796 181.00000000000225 563.1620000000029
    vertex 1889.849142662151 181.00000491781188 565.1221511185481
  endloop
endfacet
facet normal -1.2963446291884698e-14 -1.0 -1.5366545320287106e-14
  outer loop
    vertex 1889.849142662151 181.00000491781188 565.1221511185481
    vertex 1871.9487533079796 181.00000000000225 563.1620000000029
    vertex 1890.6487532763956 181.0000049178119 564.562257738821
  endloop
endfacet
facet normal -1.2963446291884698e-14 -1.0 -1.5366545320287106e-14
  outer loop
    vertex 1890.6487532763956 181.0000049178119 564.562257738821
    vertex 1871.9487533079796 181.00000000000225 563.1620000000029
    vertex 1891.5334404737723 181.0000049178119 564.1497213236133
  endloop
endfacet
facet normal -1.2963446291884698e-14 -1.0 -1.5366545320287106e-14
  outer loop
    vertex 1891.5334404737723 181.0000049178119 564.1497213236133
    vertex 1871.9487533079796 181.00000000000225 563.1620000000029
    vertex 1892.4763234814613 181.00000491781194 563.8970765831449
  endloop
endfacet
facet normal -1.2963446291884698e-14 -1.0 -1.5366545320287106e-14
  outer loop
    vertex 1892.4763234814613 181.00000491781194 563.8970765831449
    vertex 1871.9487533079796 181.00000000000225 563.1620000000029
    vertex 1893.448753276396 181.00000491781202 563.8120000000129
  endloop
endfacet
facet normal -1.2963446291884698e-14 -1.0 -1.5366545320287106e-14
  outer loop
    vertex 1893.448753276396 181.00000491781202 563.8120000000129
    vertex 1871.9487533079796 181.00000000000225 563.1620000000029
    vertex 1926.9487533079825 181.00000000000063 563.1620000000007
  endloop
endfacet
facet normal -1.2963446291884698e-14 -1.0 -1.5366545320287106e-14
  outer loop
    vertex 1926.9487533079828 181.00000000000102 601.662000000001
    vertex 1918.9221078116318 181.00000000000054 592.3802423009857
    vertex 1926.9487533079825 181.00000000000063 563.1620000000007
  endloop
endfacet
facet normal -1.2963446291884698e-14 -1.0 -1.5366545320287106e-14
  outer loop
    vertex 1918.9221078116318 181.00000000000054 592.3802423009857
    vertex 1926.9487533079828 181.00000000000102 601.662000000001
    vertex 1918.767406655929 181.00000000000063 592.7120000000021
  endloop
endfacet
facet normal -1.2963446291884698e-14 -1.0 -1.5366545320287106e-14
  outer loop
    vertex 1918.767406655929 181.00000000000063 592.7120000000021
    vertex 1926.9487533079828 181.00000000000102 601.662000000001
    vertex 1918.557446638532 181.0000000000005 593.0118539803437
  endloop
endfacet
facet normal -1.2963446291884698e-14 -1.0 -1.5366545320287106e-14
  outer loop
    vertex 1918.557446638532 181.0000000000005 593.0118539803437
    vertex 1926.9487533079828 181.00000000000102 601.662000000001
    vertex 1918.2986072883239 181.0000000000007 593.2706933305518
  endloop
endfacet
facet normal -1.2963446291884698e-14 -1.0 -1.5366545320287106e-14
  outer loop
    vertex 1918.2986072883239 181.0000000000007 593.2706933305518
    vertex 1926.9487533079828 181.00000000000102 601.662000000001
    vertex 1906.9487533079823 181.000000000001 601.6620000000006
  endloop
endfacet
facet normal -1.2963446291884698e-14 -1.0 -1.5366545320287106e-14
  outer loop
    vertex 1918.2986072883239 181.0000000000007 593.2706933305518
    vertex 1906.9487533079823 181.000000000001 601.6620000000006
    vertex 1917.998753307982 181.00000000000063 593.4806533479494
  endloop
endfacet
facet normal -1.2963446291884698e-14 -1.0 -1.5366545320287106e-14
  outer loop
    vertex 1917.998753307982 181.00000000000063 593.4806533479494
    vertex 1906.9487533079823 181.000000000001 601.6620000000006
    vertex 1917.666995608966 181.0000000000007 593.6353545036524
  endloop
endfacet
facet normal -1.2963446291884698e-14 -1.0 -1.5366545320287106e-14
  outer loop
    vertex 1917.666995608966 181.0000000000007 593.6353545036524
    vertex 1906.9487533079823 181.000000000001 601.6620000000006
    vertex 1894.8640660790231 181.00000491781097 600.4242786764133
  endloop
endfacet
facet normal -1.2963446291884698e-14 -1.0 -1.5366545320287106e-14
  outer loop
    vertex 1894.8640660790231 181.00000491781097 600.4242786764133
    vertex 1906.9487533079823 181.000000000001 601.6620000000006
    vertex 1893.921183071334 181.00000491781094 600.67692341688
  endloop
endfacet
facet normal -1.2963446291884698e-14 -1.0 -1.5366545320287106e-14
  outer loop
    vertex 1893.921183071334 181.00000491781094 600.67692341688
    vertex 1906.9487533079823 181.000000000001 601.6620000000006
    vertex 1892.948753276399 181.00000491781094 600.7620000000145
  endloop
endfacet
facet normal -1.2963446291884698e-14 -1.0 -1.5366545320287106e-14
  outer loop
    vertex 1917.666995608966 181.0000000000007 593.6353545036524
    vertex 1894.8640660790231 181.00000491781097 600.4242786764133
    vertex 1895.7487532763994 181.00000491781097 600.0117422612045
  endloop
endfacet
facet normal -1.2963446291884698e-14 -1.0 -1.5366545320287106e-14
  outer loop
    vertex 1917.666995608966 181.0000000000007 593.6353545036524
    vertex 1895.7487532763994 181.00000491781097 600.0117422612045
    vertex 1896.5483638906433 181.00000491781097 599.4518488814786
  endloop
endfacet
facet normal -1.2963446291884698e-14 -1.0 -1.5366545320287106e-14
  outer loop
    vertex 1917.666995608966 181.0000000000007 593.6353545036524
    vertex 1896.5483638906433 181.00000491781097 599.4518488814786
    vertex 1917.313414481083 181.0000000000007 593.7300962813276
  endloop
endfacet
facet normal -1.2963446291884698e-14 -1.0 -1.5366545320287106e-14
  outer loop
    vertex 1917.313414481083 181.0000000000007 593.7300962813276
    vertex 1896.5483638906433 181.00000491781097 599.4518488814786
    vertex 1897.2386021578645 181.00000491781083 598.7616106142569
  endloop
endfacet
facet normal -1.2963446291884698e-14 -1.0 -1.5366545320287106e-14
  outer loop
    vertex 1917.313414481083 181.0000000000007 593.7300962813276
    vertex 1897.2386021578645 181.00000491781083 598.7616106142569
    vertex 1897.7984955375912 181.00000491781083 597.9620000000119
  endloop
endfacet
facet normal -1.2963446291884698e-14 -1.0 -1.5366545320287106e-14
  outer loop
    vertex 1917.313414481083 181.0000000000007 593.7300962813276
    vertex 1897.7984955375912 181.00000491781083 597.9620000000119
    vertex 1898.2110319527992 181.00000491781086 597.0773128026364
  endloop
endfacet
facet normal -1.2963446291884698e-14 -1.0 -1.5366545320287106e-14
  outer loop
    vertex 1917.313414481083 181.0000000000007 593.7300962813276
    vertex 1898.2110319527992 181.00000491781086 597.0773128026364
    vertex 1898.4636766932674 181.00000491781088 596.1344297949469
  endloop
endfacet
facet normal -1.2963446291884698e-14 -1.0 -1.5366545320287106e-14
  outer loop
    vertex 1917.313414481083 181.0000000000007 593.7300962813276
    vertex 1898.4636766932674 181.00000491781088 596.1344297949469
    vertex 1916.948753307983 181.00000000000068 593.7620000000021
  endloop
endfacet
facet normal -1.2963446291884698e-14 -1.0 -1.5366545320287106e-14
  outer loop
    vertex 1916.948753307983 181.00000000000068 593.7620000000021
    vertex 1898.4636766932674 181.00000491781088 596.1344297949469
    vertex 1898.5487532763977 181.0000049178109 595.1620000000119
  endloop
endfacet
facet normal -1.2963446291884698e-14 -1.0 -1.5366545320287106e-14
  outer loop
    vertex 1916.948753307983 181.00000000000068 593.7620000000021
    vertex 1898.5487532763977 181.0000049178109 595.1620000000119
    vertex 1898.4636766932674 181.00000491781097 594.1895702050762
  endloop
endfacet
facet normal -1.2963446291884698e-14 -1.0 -1.5366545320287106e-14
  outer loop
    vertex 1926.9487533079825 181.00000000000063 563.1620000000007
    vertex 1918.9221078116318 181.00000000000054 592.3802423009857
    vertex 1919.016849589307 181.00000000000065 592.0266611731023
  endloop
endfacet
facet normal -1.2963446291884698e-14 -1.0 -1.5366545320287106e-14
  outer loop
    vertex 1926.9487533079825 181.00000000000063 563.1620000000007
    vertex 1919.016849589307 181.00000000000065 592.0266611731023
    vertex 1919.0487533079813 181.00000000000074 591.6620000000019
  endloop
endfacet
facet normal -1.2963446291884698e-14 -1.0 -1.5366545320287106e-14
  outer loop
    vertex 1926.9487533079825 181.00000000000063 563.1620000000007
    vertex 1919.0487533079813 181.00000000000074 591.6620000000019
    vertex 1919.016849589307 181.00000000000065 591.2973388269013
  endloop
endfacet
facet normal -1.2963446291884698e-14 -1.0 -1.5366545320287106e-14
  outer loop
    vertex 1926.9487533079825 181.00000000000063 563.1620000000007
    vertex 1919.016849589307 181.00000000000065 591.2973388269013
    vertex 1918.9221078116318 181.00000000000057 590.9437576990181
  endloop
endfacet
facet normal -1.2963446291884698e-14 -1.0 -1.5366545320287106e-14
  outer loop
    vertex 1926.9487533079825 181.00000000000063 563.1620000000007
    vertex 1918.9221078116318 181.00000000000057 590.9437576990181
    vertex 1918.7674066559289 181.0000000000006 590.612000000002
  endloop
endfacet
facet normal -1.2963446291884698e-14 -1.0 -1.5366545320287106e-14
  outer loop
    vertex 1926.9487533079825 181.00000000000063 563.1620000000007
    vertex 1918.7674066559289 181.0000000000006 590.612000000002
    vertex 1918.5574466385312 181.0000000000007 590.3121460196601
  endloop
endfacet
facet normal -1.2963446291884698e-14 -1.0 -1.5366545320287106e-14
  outer loop
    vertex 1926.9487533079825 181.00000000000063 563.1620000000007
    vertex 1918.5574466385312 181.0000000000007 590.3121460196601
    vertex 1918.2986072883232 181.0000000000005 590.053306669452
  endloop
endfacet
facet normal -1.2963446291884698e-14 -1.0 -1.5366545320287106e-14
  outer loop
    vertex 1926.9487533079825 181.00000000000063 563.1620000000007
    vertex 1918.2986072883232 181.0000000000005 590.053306669452
    vertex 1917.9987533079814 181.00000000000063 589.8433466520547
  endloop
endfacet
facet normal -1.2963446291884698e-14 -1.0 -1.5366545320287106e-14
  outer loop
    vertex 1926.9487533079825 181.00000000000063 563.1620000000007
    vertex 1917.9987533079814 181.00000000000063 589.8433466520547
    vertex 1917.6669956089654 181.00000000000063 589.6886454963515
  endloop
endfacet
facet normal -1.2963446291884698e-14 -1.0 -1.5366545320287106e-14
  outer loop
    vertex 1926.9487533079825 181.00000000000063 563.1620000000007
    vertex 1917.6669956089654 181.00000000000063 589.6886454963515
    vertex 1917.3134144810817 181.00000000000063 589.5939037186763
  endloop
endfacet
facet normal -1.2963446291884698e-14 -1.0 -1.5366545320287106e-14
  outer loop
    vertex 1926.9487533079825 181.00000000000063 563.1620000000007
    vertex 1917.3134144810817 181.00000000000063 589.5939037186763
    vertex 1916.9487533079812 181.00000000000063 589.562000000002
  endloop
endfacet
facet normal -1.2963446291884698e-14 -1.0 -1.5366545320287106e-14
  outer loop
    vertex 1926.9487533079825 181.00000000000063 563.1620000000007
    vertex 1916.9487533079812 181.00000000000063 589.562000000002
    vertex 1918.557446638533 181.00000000000048 574.5118539803433
  endloop
endfacet
facet normal -1.2963446291884698e-14 -1.0 -1.5366545320287106e-14
  outer loop
    vertex 1918.557446638533 181.00000000000048 574.5118539803433
    vertex 1916.9487533079812 181.00000000000063 589.562000000002
    vertex 1918.2986072883252 181.00000000000048 574.7706933305514
  endloop
endfacet
facet normal -1.2963446291884698e-14 -1.0 -1.5366545320287106e-14
  outer loop
    vertex 1918.2986072883252 181.00000000000048 574.7706933305514
    vertex 1916.9487533079812 181.00000000000063 589.562000000002
    vertex 1917.9987533079834 181.00000000000057 574.9806533479489
  endloop
endfacet
facet normal -1.2963446291884698e-14 -1.0 -1.5366545320287106e-14
  outer loop
    vertex 1917.9987533079834 181.00000000000057 574.9806533479489
    vertex 1916.9487533079812 181.00000000000063 589.562000000002
    vertex 1917.6669956089675 181.00000000000065 575.1353545036519
  endloop
endfacet
facet normal -1.2963446291884698e-14 -1.0 -1.5366545320287106e-14
  outer loop
    vertex 1917.6669956089675 181.00000000000065 575.1353545036519
    vertex 1916.9487533079812 181.00000000000063 589.562000000002
    vertex 1882.3640660790213 181.00000491781236 587.9242786764164
  endloop
endfacet
facet normal -1.2963446291884698e-14 -1.0 -1.5366545320287106e-14
  outer loop
    vertex 1882.3640660790213 181.00000491781236 587.9242786764164
    vertex 1916.9487533079812 181.00000000000063 589.562000000002
    vertex 1881.4211830713318 181.00000491781242 588.1769234168842
  endloop
endfacet
facet normal -1.2963446291884698e-14 -1.0 -1.5366545320287106e-14
  outer loop
    vertex 1881.4211830713318 181.00000491781242 588.1769234168842
    vertex 1916.9487533079812 181.00000000000063 589.562000000002
    vertex 1880.4487532763972 181.00000491781233 588.2620000000147
  endloop
endfacet
facet normal -1.2963446291884698e-14 -1.0 -1.5366545320287106e-14
  outer loop
    vertex 1917.6669956089675 181.00000000000065 575.1353545036519
    vertex 1882.3640660790213 181.00000491781236 587.9242786764164
    vertex 1883.2487532763964 181.00000491781245 587.511742261209
  endloop
endfacet
facet normal -1.2963446291884698e-14 -1.0 -1.5366545320287106e-14
  outer loop
    vertex 1917.6669956089675 181.00000000000065 575.1353545036519
    vertex 1883.2487532763964 181.00000491781245 587.511742261209
    vertex 1884.0483638906414 181.00000491781236 586.951848881482
  endloop
endfacet
facet normal -1.2963446291884698e-14 -1.0 -1.5366545320287106e-14
  outer loop
    vertex 1917.6669956089675 181.00000000000065 575.1353545036519
    vertex 1884.0483638906414 181.00000491781236 586.951848881482
    vertex 1884.738602157863 181.00000491781222 586.2616106142596
  endloop
endfacet
facet normal -1.2963446291884698e-14 -1.0 -1.5366545320287106e-14
  outer loop
    vertex 1917.6669956089675 181.00000000000065 575.1353545036519
    vertex 1884.738602157863 181.00000491781222 586.2616106142596
    vertex 1885.2984955375894 181.00000491781222 585.4620000000157
  endloop
endfacet
facet normal -1.2963446291884698e-14 -1.0 -1.5366545320287106e-14
  outer loop
    vertex 1917.6669956089675 181.00000000000065 575.1353545036519
    vertex 1885.2984955375894 181.00000491781222 585.4620000000157
    vertex 1885.711031952798 181.00000491781208 584.5773128026393
  endloop
endfacet
facet normal -1.2963446291884698e-14 -1.0 -1.5366545320287106e-14
  outer loop
    vertex 1917.6669956089675 181.00000000000065 575.1353545036519
    vertex 1885.711031952798 181.00000491781208 584.5773128026393
    vertex 1885.9636766932645 181.00000491781228 583.6344297949505
  endloop
endfacet
facet normal -1.2963446291884698e-14 -1.0 -1.5366545320287106e-14
  outer loop
    vertex 1917.6669956089675 181.00000000000065 575.1353545036519
    vertex 1885.9636766932645 181.00000491781228 583.6344297949505
    vertex 1917.3134144810842 181.00000000000065 575.2300962813272
  endloop
endfacet
facet normal -1.2963446291884698e-14 -1.0 -1.5366545320287106e-14
  outer loop
    vertex 1917.3134144810842 181.00000000000065 575.2300962813272
    vertex 1885.9636766932645 181.00000491781228 583.6344297949505
    vertex 1886.048753276396 181.0000049178123 582.6620000000155
  endloop
endfacet
facet normal -1.2963446291884698e-14 -1.0 -1.5366545320287106e-14
  outer loop
    vertex 1917.3134144810842 181.00000000000065 575.2300962813272
    vertex 1886.048753276396 181.0000049178123 582.6620000000155
    vertex 1885.9636766932645 181.00000491781233 581.6895702050796
  endloop
endfacet
facet normal -1.2963446291884698e-14 -1.0 -1.5366545320287106e-14
  outer loop
    vertex 1917.3134144810842 181.00000000000065 575.2300962813272
    vertex 1885.9636766932645 181.00000491781233 581.6895702050796
    vertex 1885.711031952798 181.00000491781236 580.7466871973911
  endloop
endfacet
facet normal -1.2963446291884698e-14 -1.0 -1.5366545320287106e-14
  outer loop
    vertex 1917.3134144810842 181.00000000000065 575.2300962813272
    vertex 1885.711031952798 181.00000491781236 580.7466871973911
    vertex 1885.2984955375896 181.0000049178124 579.8620000000159
  endloop
endfacet
facet normal -1.2963446291884698e-14 -1.0 -1.5366545320287106e-14
  outer loop
    vertex 1917.3134144810842 181.00000000000065 575.2300962813272
    vertex 1885.2984955375896 181.0000049178124 579.8620000000159
    vertex 1884.738602157863 181.0000049178124 579.0623893857714
  endloop
endfacet
facet normal -1.2963446291884698e-14 -1.0 -1.5366545320287106e-14
  outer loop
    vertex 1917.3134144810842 181.00000000000065 575.2300962813272
    vertex 1884.738602157863 181.0000049178124 579.0623893857714
    vertex 1884.0483638906408 181.0000049178125 578.372151118549
  endloop
endfacet
facet normal -1.2963446291884698e-14 -1.0 -1.5366545320287106e-14
  outer loop
    vertex 1917.3134144810842 181.00000000000065 575.2300962813272
    vertex 1884.0483638906408 181.0000049178125 578.372151118549
    vertex 1916.9487533079837 181.00000000000063 575.2620000000015
  endloop
endfacet
facet normal -1.2963446291884698e-14 -1.0 -1.5366545320287106e-14
  outer loop
    vertex 1916.9487533079837 181.00000000000063 575.2620000000015
    vertex 1884.0483638906408 181.0000049178125 578.372151118549
    vertex 1883.2487532763955 181.00000491781245 577.8122577388222
  endloop
endfacet
facet normal -1.2963446291884698e-14 -1.0 -1.5366545320287106e-14
  outer loop
    vertex 1916.9487533079837 181.00000000000063 575.2620000000015
    vertex 1883.2487532763955 181.00000491781245 577.8122577388222
    vertex 1882.3640660790197 181.00000491781253 577.399721323615
  endloop
endfacet
facet normal -1.2963446291884698e-14 -1.0 -1.5366545320287106e-14
  outer loop
    vertex 1916.9487533079837 181.00000000000063 575.2620000000015
    vertex 1882.3640660790197 181.00000491781253 577.399721323615
    vertex 1881.4211830713302 181.00000491781253 577.1470765831472
  endloop
endfacet
facet normal -1.2963446291884698e-14 -1.0 -1.5366545320287106e-14
  outer loop
    vertex 1916.9487533079837 181.00000000000063 575.2620000000015
    vertex 1881.4211830713302 181.00000491781253 577.1470765831472
    vertex 1880.4487532763958 181.00000491781253 577.0620000000162
  endloop
endfacet
facet normal -1.2963446291884698e-14 -1.0 -1.5366545320287106e-14
  outer loop
    vertex 1926.9487533079825 181.00000000000063 563.1620000000007
    vertex 1918.557446638533 181.00000000000048 574.5118539803433
    vertex 1918.7674066559307 181.00000000000057 574.2120000000017
  endloop
endfacet
facet normal -1.2963446291884698e-14 -1.0 -1.5366545320287106e-14
  outer loop
    vertex 1926.9487533079825 181.00000000000063 563.1620000000007
    vertex 1918.7674066559307 181.00000000000057 574.2120000000017
    vertex 1918.9221078116343 181.0000000000005 573.8802423009853
  endloop
endfacet
facet normal -1.2963446291884698e-14 -1.0 -1.5366545320287106e-14
  outer loop
    vertex 1926.9487533079825 181.00000000000063 563.1620000000007
    vertex 1918.9221078116343 181.0000000000005 573.8802423009853
    vertex 1919.0168495893095 181.00000000000063 573.526661173102
  endloop
endfacet
facet normal -1.2963446291884698e-14 -1.0 -1.5366545320287106e-14
  outer loop
    vertex 1926.9487533079825 181.00000000000063 563.1620000000007
    vertex 1919.0168495893095 181.00000000000063 573.526661173102
    vertex 1919.0487533079831 181.0000000000005 573.1620000000013
  endloop
endfacet
facet normal -1.2963446291884698e-14 -1.0 -1.5366545320287106e-14
  outer loop
    vertex 1926.9487533079825 181.00000000000063 563.1620000000007
    vertex 1919.0487533079831 181.0000000000005 573.1620000000013
    vertex 1919.0168495893088 181.0000000000005 572.7973388269008
  endloop
endfacet
facet normal -1.2963446291884698e-14 -1.0 -1.5366545320287106e-14
  outer loop
    vertex 1926.9487533079825 181.00000000000063 563.1620000000007
    vertex 1919.0168495893088 181.0000000000005 572.7973388269008
    vertex 1918.9221078116336 181.00000000000043 572.4437576990175
  endloop
endfacet
facet normal -1.2963446291884698e-14 -1.0 -1.5366545320287106e-14
  outer loop
    vertex 1926.9487533079825 181.00000000000063 563.1620000000007
    vertex 1918.9221078116336 181.00000000000043 572.4437576990175
    vertex 1918.7674066559307 181.00000000000054 572.1120000000014
  endloop
endfacet
facet normal -1.2963446291884698e-14 -1.0 -1.5366545320287106e-14
  outer loop
    vertex 1926.9487533079825 181.00000000000063 563.1620000000007
    vertex 1918.7674066559307 181.00000000000054 572.1120000000014
    vertex 1918.557446638533 181.00000000000057 571.81214601966
  endloop
endfacet
facet normal -1.2963446291884698e-14 -1.0 -1.5366545320287106e-14
  outer loop
    vertex 1926.9487533079825 181.00000000000063 563.1620000000007
    vertex 1918.557446638533 181.00000000000057 571.81214601966
    vertex 1918.298607288325 181.00000000000048 571.5533066694519
  endloop
endfacet
facet normal -1.2963446291884698e-14 -1.0 -1.5366545320287106e-14
  outer loop
    vertex 1926.9487533079825 181.00000000000063 563.1620000000007
    vertex 1918.298607288325 181.00000000000048 571.5533066694519
    vertex 1917.9987533079832 181.00000000000057 571.3433466520543
  endloop
endfacet
facet normal -1.2963446291884698e-14 -1.0 -1.5366545320287106e-14
  outer loop
    vertex 1926.9487533079825 181.00000000000063 563.1620000000007
    vertex 1917.9987533079832 181.00000000000057 571.3433466520543
    vertex 1917.6669956089672 181.00000000000057 571.1886454963513
  endloop
endfacet
facet normal -1.2963446291884698e-14 -1.0 -1.5366545320287106e-14
  outer loop
    vertex 1926.9487533079825 181.00000000000063 563.1620000000007
    vertex 1917.6669956089672 181.00000000000057 571.1886454963513
    vertex 1917.3134144810838 181.00000000000057 571.0939037186762
  endloop
endfacet
facet normal -1.2963446291884698e-14 -1.0 -1.5366545320287106e-14
  outer loop
    vertex 1926.9487533079825 181.00000000000063 563.1620000000007
    vertex 1917.3134144810838 181.00000000000057 571.0939037186762
    vertex 1916.9487533079832 181.00000000000057 571.0620000000018
  endloop
endfacet
facet normal -1.2963446291884698e-14 -1.0 -1.5366545320287106e-14
  outer loop
    vertex 1926.9487533079825 181.00000000000063 563.1620000000007
    vertex 1916.9487533079832 181.00000000000057 571.0620000000018
    vertex 1898.9636766932647 181.0000049178116 570.3844297949455
  endloop
endfacet
facet normal -1.2963446291884698e-14 -1.0 -1.5366545320287106e-14
  outer loop
    vertex 1926.9487533079825 181.00000000000063 563.1620000000007
    vertex 1898.9636766932647 181.0000049178116 570.3844297949455
    vertex 1899.0487532763966 181.00000491781162 569.4120000000107
  endloop
endfacet
facet normal -1.2963446291884698e-14 -1.0 -1.5366545320287106e-14
  outer loop
    vertex 1926.9487533079825 181.00000000000063 563.1620000000007
    vertex 1899.0487532763966 181.00000491781162 569.4120000000107
    vertex 1898.9636766932645 181.00000491781162 568.4395702050759
  endloop
endfacet
facet normal -1.2963446291884698e-14 -1.0 -1.5366545320287106e-14
  outer loop
    vertex 1926.9487533079825 181.00000000000063 563.1620000000007
    vertex 1898.9636766932645 181.00000491781162 568.4395702050759
    vertex 1898.7110319527972 181.00000491781165 567.496687197388
  endloop
endfacet
facet normal -1.2963446291884698e-14 -1.0 -1.5366545320287106e-14
  outer loop
    vertex 1926.9487533079825 181.00000000000063 563.1620000000007
    vertex 1898.7110319527972 181.00000491781165 567.496687197388
    vertex 1898.2984955375885 181.00000491781168 566.6120000000118
  endloop
endfacet
facet normal -1.2963446291884698e-14 -1.0 -1.5366545320287106e-14
  outer loop
    vertex 1926.9487533079825 181.00000000000063 563.1620000000007
    vertex 1898.2984955375885 181.00000491781168 566.6120000000118
    vertex 1897.7386021578627 181.0000049178117 565.8123893857673
  endloop
endfacet
facet normal -1.2963446291884698e-14 -1.0 -1.5366545320287106e-14
  outer loop
    vertex 1926.9487533079825 181.00000000000063 563.1620000000007
    vertex 1897.7386021578627 181.0000049178117 565.8123893857673
    vertex 1897.0483638906403 181.00000491781174 565.1221511185454
  endloop
endfacet
facet normal -1.2963446291884698e-14 -1.0 -1.5366545320287106e-14
  outer loop
    vertex 1926.9487533079825 181.00000000000063 563.1620000000007
    vertex 1897.0483638906403 181.00000491781174 565.1221511185454
    vertex 1896.2487532763953 181.00000491781182 564.5622577388184
  endloop
endfacet
facet normal -1.2963446291884698e-14 -1.0 -1.5366545320287106e-14
  outer loop
    vertex 1926.9487533079825 181.00000000000063 563.1620000000007
    vertex 1896.2487532763953 181.00000491781182 564.5622577388184
    vertex 1895.364066079019 181.00000491781174 564.1497213236108
  endloop
endfacet
facet normal -1.2963446291884698e-14 -1.0 -1.5366545320287106e-14
  outer loop
    vertex 1926.9487533079825 181.00000000000063 563.1620000000007
    vertex 1895.364066079019 181.00000491781174 564.1497213236108
    vertex 1894.4211830713302 181.00000491781185 563.8970765831431
  endloop
endfacet
facet normal -1.2963446291884698e-14 -1.0 -1.5366545320287106e-14
  outer loop
    vertex 1926.9487533079825 181.00000000000063 563.1620000000007
    vertex 1894.4211830713302 181.00000491781185 563.8970765831431
    vertex 1893.448753276396 181.00000491781202 563.8120000000129
  endloop
endfacet
facet normal -1.2963446291884698e-14 -1.0 -1.5366545320287106e-14
  outer loop
    vertex 1898.2110319527994 181.00000491781097 593.2466871973882
    vertex 1916.948753307983 181.00000000000068 593.7620000000021
    vertex 1898.4636766932674 181.00000491781097 594.1895702050762
  endloop
endfacet
facet normal -1.2963446291884698e-14 -1.0 -1.5366545320287106e-14
  outer loop
    vertex 1916.948753307983 181.00000000000068 593.7620000000021
    vertex 1898.2110319527994 181.00000491781097 593.2466871973882
    vertex 1916.584092134882 181.00000000000068 593.7300962813275
  endloop
endfacet
facet normal -1.2963446291884698e-14 -1.0 -1.5366545320287106e-14
  outer loop
    vertex 1916.584092134882 181.00000000000068 593.7300962813275
    vertex 1898.2110319527994 181.00000491781097 593.2466871973882
    vertex 1916.2305110069983 181.0000000000007 593.6353545036526
  endloop
endfacet
facet normal -1.2963446291884698e-14 -1.0 -1.5366545320287106e-14
  outer loop
    vertex 1916.2305110069983 181.0000000000007 593.6353545036526
    vertex 1898.2110319527994 181.00000491781097 593.2466871973882
    vertex 1915.8987533079821 181.00000000000063 593.4806533479496
  endloop
endfacet
facet normal -1.2963446291884698e-14 -1.0 -1.5366545320287106e-14
  outer loop
    vertex 1915.8987533079821 181.00000000000063 593.4806533479496
    vertex 1898.2110319527994 181.00000491781097 593.2466871973882
    vertex 1915.5988993276403 181.00000000000063 593.270693330552
  endloop
endfacet
facet normal -1.2963446291884698e-14 -1.0 -1.5366545320287106e-14
  outer loop
    vertex 1915.5988993276403 181.00000000000063 593.270693330552
    vertex 1898.2110319527994 181.00000491781097 593.2466871973882
    vertex 1915.340059977432 181.0000000000007 593.0118539803437
  endloop
endfacet
facet normal -1.2963446291884698e-14 -1.0 -1.5366545320287106e-14
  outer loop
    vertex 1915.340059977432 181.0000000000007 593.0118539803437
    vertex 1898.2110319527994 181.00000491781097 593.2466871973882
    vertex 1897.7984955375916 181.000004917811 592.3620000000125
  endloop
endfacet
facet normal -1.2963446291884698e-14 -1.0 -1.5366545320287106e-14
  outer loop
    vertex 1915.340059977432 181.0000000000007 593.0118539803437
    vertex 1897.7984955375916 181.000004917811 592.3620000000125
    vertex 1915.1300999600342 181.0000000000007 592.712000000002
  endloop
endfacet
facet normal -1.2963446291884698e-14 -1.0 -1.5366545320287106e-14
  outer loop
    vertex 1915.1300999600342 181.0000000000007 592.712000000002
    vertex 1897.7984955375916 181.000004917811 592.3620000000125
    vertex 1914.9753988043312 181.00000000000063 592.3802423009862
  endloop
endfacet
facet normal -1.2963446291884698e-14 -1.0 -1.5366545320287106e-14
  outer loop
    vertex 1914.9753988043312 181.00000000000063 592.3802423009862
    vertex 1897.7984955375916 181.000004917811 592.3620000000125
    vertex 1914.8806570266556 181.00000000000074 592.0266611731029
  endloop
endfacet
facet normal -1.2963446291884698e-14 -1.0 -1.5366545320287106e-14
  outer loop
    vertex 1914.8806570266556 181.00000000000074 592.0266611731029
    vertex 1897.7984955375916 181.000004917811 592.3620000000125
    vertex 1897.2386021578652 181.00000491781108 591.562389385767
  endloop
endfacet
facet normal -1.2963446291884698e-14 -1.0 -1.5366545320287106e-14
  outer loop
    vertex 1914.8806570266556 181.00000000000074 592.0266611731029
    vertex 1897.2386021578652 181.00000491781108 591.562389385767
    vertex 1914.8487533079813 181.00000000000057 591.6620000000023
  endloop
endfacet
facet normal -1.2963446291884698e-14 -1.0 -1.5366545320287106e-14
  outer loop
    vertex 1914.8487533079813 181.00000000000057 591.6620000000023
    vertex 1897.2386021578652 181.00000491781108 591.562389385767
    vertex 1914.8806570266556 181.00000000000057 591.2973388269019
  endloop
endfacet
facet normal -1.2963446291884698e-14 -1.0 -1.5366545320287106e-14
  outer loop
    vertex 1914.8806570266556 181.00000000000057 591.2973388269019
    vertex 1897.2386021578652 181.00000491781108 591.562389385767
    vertex 1896.5483638906426 181.00000491781103 590.8721511185461
  endloop
endfacet
facet normal -1.2963446291884698e-14 -1.0 -1.5366545320287106e-14
  outer loop
    vertex 1914.8806570266556 181.00000000000057 591.2973388269019
    vertex 1896.5483638906426 181.00000491781103 590.8721511185461
    vertex 1914.9753988043308 181.00000000000057 590.9437576990185
  endloop
endfacet
facet normal -1.2963446291884698e-14 -1.0 -1.5366545320287106e-14
  outer loop
    vertex 1914.9753988043308 181.00000000000057 590.9437576990185
    vertex 1896.5483638906426 181.00000491781103 590.8721511185461
    vertex 1915.130099960034 181.0000000000006 590.6120000000021
  endloop
endfacet
facet normal -1.2963446291884698e-14 -1.0 -1.5366545320287106e-14
  outer loop
    vertex 1915.130099960034 181.0000000000006 590.6120000000021
    vertex 1896.5483638906426 181.00000491781103 590.8721511185461
    vertex 1895.748753276398 181.00000491781105 590.3122577388192
  endloop
endfacet
facet normal -1.2963446291884698e-14 -1.0 -1.5366545320287106e-14
  outer loop
    vertex 1915.130099960034 181.0000000000006 590.6120000000021
    vertex 1895.748753276398 181.00000491781105 590.3122577388192
    vertex 1915.3400599774313 181.0000000000006 590.3121460196601
  endloop
endfacet
facet normal -1.2963446291884698e-14 -1.0 -1.5366545320287106e-14
  outer loop
    vertex 1915.3400599774313 181.0000000000006 590.3121460196601
    vertex 1895.748753276398 181.00000491781105 590.3122577388192
    vertex 1894.8640660790218 181.00000491781105 589.899721323611
  endloop
endfacet
facet normal -1.2963446291884698e-14 -1.0 -1.5366545320287106e-14
  outer loop
    vertex 1915.3400599774313 181.0000000000006 590.3121460196601
    vertex 1894.8640660790218 181.00000491781105 589.899721323611
    vertex 1915.5988993276396 181.0000000000005 590.0533066694521
  endloop
endfacet
facet normal -1.2963446291884698e-14 -1.0 -1.5366545320287106e-14
  outer loop
    vertex 1915.5988993276396 181.0000000000005 590.0533066694521
    vertex 1894.8640660790218 181.00000491781105 589.899721323611
    vertex 1915.8987533079815 181.00000000000063 589.843346652055
  endloop
endfacet
facet normal -1.2963446291884698e-14 -1.0 -1.5366545320287106e-14
  outer loop
    vertex 1915.8987533079815 181.00000000000063 589.843346652055
    vertex 1894.8640660790218 181.00000491781105 589.899721323611
    vertex 1893.9211830713325 181.00000491781105 589.6470765831432
  endloop
endfacet
facet normal -1.2963446291884698e-14 -1.0 -1.5366545320287106e-14
  outer loop
    vertex 1915.8987533079815 181.00000000000063 589.843346652055
    vertex 1893.9211830713325 181.00000491781105 589.6470765831432
    vertex 1916.2305110069974 181.00000000000063 589.6886454963516
  endloop
endfacet
facet normal -1.2963446291884698e-14 -1.0 -1.5366545320287106e-14
  outer loop
    vertex 1916.2305110069974 181.00000000000063 589.6886454963516
    vertex 1893.9211830713325 181.00000491781105 589.6470765831432
    vertex 1916.5840921348806 181.00000000000063 589.5939037186762
  endloop
endfacet
facet normal -1.2963446291884698e-14 -1.0 -1.5366545320287106e-14
  outer loop
    vertex 1916.5840921348806 181.00000000000063 589.5939037186762
    vertex 1893.9211830713325 181.00000491781105 589.6470765831432
    vertex 1892.9487532763978 181.00000491781097 589.5620000000142
  endloop
endfacet
facet normal -1.2963446291884698e-14 -1.0 -1.5366545320287106e-14
  outer loop
    vertex 1916.5840921348806 181.00000000000063 589.5939037186762
    vertex 1892.9487532763978 181.00000491781097 589.5620000000142
    vertex 1916.9487533079812 181.00000000000063 589.562000000002
  endloop
endfacet
facet normal -1.2963446291884698e-14 -1.0 -1.5366545320287106e-14
  outer loop
    vertex 1906.9487533079835 181.00000000000057 621.6620000000004
    vertex 1898.5574466385328 181.00000000000068 613.0118539803428
    vertex 1906.9487533079823 181.000000000001 601.6620000000006
  endloop
endfacet
facet normal -1.2963446291884698e-14 -1.0 -1.5366545320287106e-14
  outer loop
    vertex 1898.5574466385328 181.00000000000068 613.0118539803428
    vertex 1906.9487533079835 181.00000000000057 621.6620000000004
    vertex 1898.2986072883248 181.00000000000057 613.2706933305509
  endloop
endfacet
facet normal -1.2963446291884698e-14 -1.0 -1.5366545320287106e-14
  outer loop
    vertex 1898.2986072883248 181.00000000000057 613.2706933305509
    vertex 1906.9487533079835 181.00000000000057 621.6620000000004
    vertex 1897.998753307983 181.00000000000057 613.4806533479484
  endloop
endfacet
facet normal -1.2963446291884698e-14 -1.0 -1.5366545320287106e-14
  outer loop
    vertex 1897.998753307983 181.00000000000057 613.4806533479484
    vertex 1906.9487533079835 181.00000000000057 621.6620000000004
    vertex 1897.6669956089668 181.00000000000057 613.6353545036512
  endloop
endfacet
facet normal -1.2963446291884698e-14 -1.0 -1.5366545320287106e-14
  outer loop
    vertex 1897.6669956089668 181.00000000000057 613.6353545036512
    vertex 1906.9487533079835 181.00000000000057 621.6620000000004
    vertex 1897.3134144810833 181.00000000000065 613.7300962813267
  endloop
endfacet
facet normal -1.2963446291884698e-14 -1.0 -1.5366545320287106e-14
  outer loop
    vertex 1897.3134144810833 181.00000000000065 613.7300962813267
    vertex 1906.9487533079835 181.00000000000057 621.6620000000004
    vertex 1896.9487533079828 181.00000000000065 613.7620000000011
  endloop
endfacet
facet normal -1.2963446291884698e-14 -1.0 -1.5366545320287106e-14
  outer loop
    vertex 1896.9487533079828 181.00000000000065 613.7620000000011
    vertex 1906.9487533079835 181.00000000000057 621.6620000000004
    vertex 1881.9487533079835 181.00000000000088 613.7620000000044
  endloop
endfacet
facet normal -1.2963446291884698e-14 -1.0 -1.5366545320287106e-14
  outer loop
    vertex 1906.9487533079823 181.000000000001 601.6620000000006
    vertex 1898.5574466385328 181.00000000000068 613.0118539803428
    vertex 1898.767406655931 181.0000000000007 612.7120000000007
  endloop
endfacet
facet normal -1.2963446291884698e-14 -1.0 -1.5366545320287106e-14
  outer loop
    vertex 1906.9487533079823 181.000000000001 601.6620000000006
    vertex 1898.767406655931 181.0000000000007 612.7120000000007
    vertex 1898.9221078116339 181.0000000000007 612.3802423009847
  endloop
endfacet
facet normal -1.2963446291884698e-14 -1.0 -1.5366545320287106e-14
  outer loop
    vertex 1906.9487533079823 181.000000000001 601.6620000000006
    vertex 1898.9221078116339 181.0000000000007 612.3802423009847
    vertex 1899.016849589309 181.0000000000007 612.0266611731016
  endloop
endfacet
facet normal -1.2963446291884698e-14 -1.0 -1.5366545320287106e-14
  outer loop
    vertex 1906.9487533079823 181.000000000001 601.6620000000006
    vertex 1899.016849589309 181.0000000000007 612.0266611731016
    vertex 1899.0487533079834 181.0000000000007 611.6620000000011
  endloop
endfacet
facet normal -1.2963446291884698e-14 -1.0 -1.5366545320287106e-14
  outer loop
    vertex 1906.9487533079823 181.000000000001 601.6620000000006
    vertex 1899.0487533079834 181.0000000000007 611.6620000000011
    vertex 1899.016849589309 181.00000000000074 611.2973388269005
  endloop
endfacet
facet normal -1.2963446291884698e-14 -1.0 -1.5366545320287106e-14
  outer loop
    vertex 1906.9487533079823 181.000000000001 601.6620000000006
    vertex 1899.016849589309 181.00000000000074 611.2973388269005
    vertex 1898.9221078116339 181.00000000000065 610.943757699017
  endloop
endfacet
facet normal -1.2963446291884698e-14 -1.0 -1.5366545320287106e-14
  outer loop
    vertex 1906.9487533079823 181.000000000001 601.6620000000006
    vertex 1898.9221078116339 181.00000000000065 610.943757699017
    vertex 1898.7674066559305 181.00000000000074 610.6120000000011
  endloop
endfacet
facet normal -1.2963446291884698e-14 -1.0 -1.5366545320287106e-14
  outer loop
    vertex 1906.9487533079823 181.000000000001 601.6620000000006
    vertex 1898.7674066559305 181.00000000000074 610.6120000000011
    vertex 1898.5574466385326 181.00000000000065 610.3121460196595
  endloop
endfacet
facet normal -1.2963446291884698e-14 -1.0 -1.5366545320287106e-14
  outer loop
    vertex 1906.9487533079823 181.000000000001 601.6620000000006
    vertex 1898.5574466385326 181.00000000000065 610.3121460196595
    vertex 1898.2986072883245 181.00000000000065 610.0533066694514
  endloop
endfacet
facet normal -1.2963446291884698e-14 -1.0 -1.5366545320287106e-14
  outer loop
    vertex 1906.9487533079823 181.000000000001 601.6620000000006
    vertex 1898.2986072883245 181.00000000000065 610.0533066694514
    vertex 1897.9987533079825 181.00000000000065 609.8433466520538
  endloop
endfacet
facet normal -1.2963446291884698e-14 -1.0 -1.5366545320287106e-14
  outer loop
    vertex 1906.9487533079823 181.000000000001 601.6620000000006
    vertex 1897.9987533079825 181.00000000000065 609.8433466520538
    vertex 1897.6669956089668 181.00000000000077 609.6886454963503
  endloop
endfacet
facet normal -1.2963446291884698e-14 -1.0 -1.5366545320287106e-14
  outer loop
    vertex 1906.9487533079823 181.000000000001 601.6620000000006
    vertex 1897.6669956089668 181.00000000000077 609.6886454963503
    vertex 1897.3134144810833 181.00000000000077 609.5939037186754
  endloop
endfacet
facet normal -1.2963446291884698e-14 -1.0 -1.5366545320287106e-14
  outer loop
    vertex 1906.9487533079823 181.000000000001 601.6620000000006
    vertex 1897.3134144810833 181.00000000000077 609.5939037186754
    vertex 1896.9487533079828 181.00000000000077 609.5620000000014
  endloop
endfacet
facet normal -1.2963446291884698e-14 -1.0 -1.5366545320287106e-14
  outer loop
    vertex 1882.3134144810838 181.00000000000082 613.7300962813297
    vertex 1896.9487533079828 181.00000000000065 613.7620000000011
    vertex 1881.9487533079835 181.00000000000088 613.7620000000044
  endloop
endfacet
facet normal -1.2963446291884698e-14 -1.0 -1.5366545320287106e-14
  outer loop
    vertex 1896.9487533079828 181.00000000000065 613.7620000000011
    vertex 1882.3134144810838 181.00000000000082 613.7300962813297
    vertex 1896.5840921348822 181.00000000000065 613.7300962813267
  endloop
endfacet
facet normal -1.2963446291884698e-14 -1.0 -1.5366545320287106e-14
  outer loop
    vertex 1896.5840921348822 181.00000000000065 613.7300962813267
    vertex 1882.3134144810838 181.00000000000082 613.7300962813297
    vertex 1882.6669956089672 181.00000000000082 613.6353545036546
  endloop
endfacet
facet normal -1.2963446291884698e-14 -1.0 -1.5366545320287106e-14
  outer loop
    vertex 1896.5840921348822 181.00000000000065 613.7300962813267
    vertex 1882.6669956089672 181.00000000000082 613.6353545036546
    vertex 1896.230511006999 181.00000000000065 613.6353545036513
  endloop
endfacet
facet normal -1.2963446291884698e-14 -1.0 -1.5366545320287106e-14
  outer loop
    vertex 1896.230511006999 181.00000000000065 613.6353545036513
    vertex 1882.6669956089672 181.00000000000082 613.6353545036546
    vertex 1882.9987533079832 181.00000000000082 613.4806533479517
  endloop
endfacet
facet normal -1.2963446291884698e-14 -1.0 -1.5366545320287106e-14
  outer loop
    vertex 1896.230511006999 181.00000000000065 613.6353545036513
    vertex 1882.9987533079832 181.00000000000082 613.4806533479517
    vertex 1895.898753307983 181.00000000000065 613.4806533479486
  endloop
endfacet
facet normal -1.2963446291884698e-14 -1.0 -1.5366545320287106e-14
  outer loop
    vertex 1895.898753307983 181.00000000000065 613.4806533479486
    vertex 1882.9987533079832 181.00000000000082 613.4806533479517
    vertex 1883.298607288325 181.00000000000094 613.2706933305542
  endloop
endfacet
facet normal -1.2963446291884698e-14 -1.0 -1.5366545320287106e-14
  outer loop
    vertex 1895.898753307983 181.00000000000065 613.4806533479486
    vertex 1883.298607288325 181.00000000000094 613.2706933305542
    vertex 1895.5988993276412 181.00000000000065 613.2706933305511
  endloop
endfacet
facet normal -1.2963446291884698e-14 -1.0 -1.5366545320287106e-14
  outer loop
    vertex 1895.5988993276412 181.00000000000065 613.2706933305511
    vertex 1883.298607288325 181.00000000000094 613.2706933305542
    vertex 1883.557446638533 181.00000000000085 613.0118539803459
  endloop
endfacet
facet normal -1.2963446291884698e-14 -1.0 -1.5366545320287106e-14
  outer loop
    vertex 1895.5988993276412 181.00000000000065 613.2706933305511
    vertex 1883.557446638533 181.00000000000085 613.0118539803459
    vertex 1895.3400599774332 181.00000000000074 613.011853980343
  endloop
endfacet
facet normal -1.2963446291884698e-14 -1.0 -1.5366545320287106e-14
  outer loop
    vertex 1895.3400599774332 181.00000000000074 613.011853980343
    vertex 1883.557446638533 181.00000000000085 613.0118539803459
    vertex 1883.767406655931 181.00000000000085 612.7120000000039
  endloop
endfacet
facet normal -1.2963446291884698e-14 -1.0 -1.5366545320287106e-14
  outer loop
    vertex 1895.3400599774332 181.00000000000074 613.011853980343
    vertex 1883.767406655931 181.00000000000085 612.7120000000039
    vertex 1895.1300999600362 181.00000000000068 612.7120000000009
  endloop
endfacet
facet normal -1.2963446291884698e-14 -1.0 -1.5366545320287106e-14
  outer loop
    vertex 1895.1300999600362 181.00000000000068 612.7120000000009
    vertex 1883.767406655931 181.00000000000085 612.7120000000039
    vertex 1883.922107811634 181.00000000000085 612.3802423009881
  endloop
endfacet
facet normal -1.2963446291884698e-14 -1.0 -1.5366545320287106e-14
  outer loop
    vertex 1895.1300999600362 181.00000000000068 612.7120000000009
    vertex 1883.922107811634 181.00000000000085 612.3802423009881
    vertex 1894.9753988043333 181.0000000000008 612.380242300985
  endloop
endfacet
facet normal -1.2963446291884698e-14 -1.0 -1.5366545320287106e-14
  outer loop
    vertex 1894.9753988043333 181.0000000000008 612.380242300985
    vertex 1883.922107811634 181.00000000000085 612.3802423009881
    vertex 1884.0168495893092 181.00000000000085 612.0266611731048
  endloop
endfacet
facet normal -1.2963446291884698e-14 -1.0 -1.5366545320287106e-14
  outer loop
    vertex 1894.9753988043333 181.0000000000008 612.380242300985
    vertex 1884.0168495893092 181.00000000000085 612.0266611731048
    vertex 1894.8806570266581 181.0000000000007 612.026661173102
  endloop
endfacet
facet normal -1.2963446291884698e-14 -1.0 -1.5366545320287106e-14
  outer loop
    vertex 1894.8806570266581 181.0000000000007 612.026661173102
    vertex 1884.0168495893092 181.00000000000085 612.0266611731048
    vertex 1884.0487533079836 181.00000000000088 611.6620000000044
  endloop
endfacet
facet normal -1.2963446291884698e-14 -1.0 -1.5366545320287106e-14
  outer loop
    vertex 1894.8806570266581 181.0000000000007 612.026661173102
    vertex 1884.0487533079836 181.00000000000088 611.6620000000044
    vertex 1894.8487533079835 181.0000000000007 611.6620000000014
  endloop
endfacet
facet normal -1.2963446291884698e-14 -1.0 -1.5366545320287106e-14
  outer loop
    vertex 1894.8487533079835 181.0000000000007 611.6620000000014
    vertex 1884.0487533079836 181.00000000000088 611.6620000000044
    vertex 1884.0168495893092 181.00000000000088 611.2973388269038
  endloop
endfacet
facet normal -1.2963446291884698e-14 -1.0 -1.5366545320287106e-14
  outer loop
    vertex 1894.8487533079835 181.0000000000007 611.6620000000014
    vertex 1884.0168495893092 181.00000000000088 611.2973388269038
    vertex 1894.8806570266581 181.0000000000007 611.2973388269008
  endloop
endfacet
facet normal -1.2963446291884698e-14 -1.0 -1.5366545320287106e-14
  outer loop
    vertex 1894.8806570266581 181.0000000000007 611.2973388269008
    vertex 1884.0168495893092 181.00000000000088 611.2973388269038
    vertex 1883.922107811634 181.00000000000088 610.9437576990205
  endloop
endfacet
facet normal -1.2963446291884698e-14 -1.0 -1.5366545320287106e-14
  outer loop
    vertex 1894.8806570266581 181.0000000000007 611.2973388269008
    vertex 1883.922107811634 181.00000000000088 610.9437576990205
    vertex 1894.9753988043328 181.00000000000074 610.9437576990173
  endloop
endfacet
facet normal -1.2963446291884698e-14 -1.0 -1.5366545320287106e-14
  outer loop
    vertex 1894.9753988043328 181.00000000000074 610.9437576990173
    vertex 1883.922107811634 181.00000000000088 610.9437576990205
    vertex 1883.767406655931 181.00000000000088 610.612000000004
  endloop
endfacet
facet normal -1.2963446291884698e-14 -1.0 -1.5366545320287106e-14
  outer loop
    vertex 1894.9753988043328 181.00000000000074 610.9437576990173
    vertex 1883.767406655931 181.00000000000088 610.612000000004
    vertex 1895.1300999600357 181.00000000000074 610.612000000001
  endloop
endfacet
facet normal -1.2963446291884698e-14 -1.0 -1.5366545320287106e-14
  outer loop
    vertex 1895.1300999600357 181.00000000000074 610.612000000001
    vertex 1883.767406655931 181.00000000000088 610.612000000004
    vertex 1883.5574466385335 181.0000000000009 610.3121460196622
  endloop
endfacet
facet normal -1.2963446291884698e-14 -1.0 -1.5366545320287106e-14
  outer loop
    vertex 1895.1300999600357 181.00000000000074 610.612000000001
    vertex 1883.5574466385335 181.0000000000009 610.3121460196622
    vertex 1895.3400599774332 181.00000000000074 610.3121460196597
  endloop
endfacet
facet normal -1.2963446291884698e-14 -1.0 -1.5366545320287106e-14
  outer loop
    vertex 1895.3400599774332 181.00000000000074 610.3121460196597
    vertex 1883.5574466385335 181.0000000000009 610.3121460196622
    vertex 1883.2986072883245 181.0000000000009 610.0533066694543
  endloop
endfacet
facet normal -1.2963446291884698e-14 -1.0 -1.5366545320287106e-14
  outer loop
    vertex 1895.3400599774332 181.00000000000074 610.3121460196597
    vertex 1883.2986072883245 181.0000000000009 610.0533066694543
    vertex 1895.5988993276412 181.00000000000074 610.0533066694516
  endloop
endfacet
facet normal -1.2963446291884698e-14 -1.0 -1.5366545320287106e-14
  outer loop
    vertex 1895.5988993276412 181.00000000000074 610.0533066694516
    vertex 1883.2986072883245 181.0000000000009 610.0533066694543
    vertex 1882.9987533079832 181.00000000000094 609.8433466520571
  endloop
endfacet
facet normal -1.2963446291884698e-14 -1.0 -1.5366545320287106e-14
  outer loop
    vertex 1895.5988993276412 181.00000000000074 610.0533066694516
    vertex 1882.9987533079832 181.00000000000094 609.8433466520571
    vertex 1895.8987533079826 181.00000000000074 609.843346652054
  endloop
endfacet
facet normal -1.2963446291884698e-14 -1.0 -1.5366545320287106e-14
  outer loop
    vertex 1895.8987533079826 181.00000000000074 609.843346652054
    vertex 1882.9987533079832 181.00000000000094 609.8433466520571
    vertex 1882.6669956089668 181.00000000000094 609.6886454963537
  endloop
endfacet
facet normal -1.2963446291884698e-14 -1.0 -1.5366545320287106e-14
  outer loop
    vertex 1895.8987533079826 181.00000000000074 609.843346652054
    vertex 1882.6669956089668 181.00000000000094 609.6886454963537
    vertex 1896.230511006999 181.00000000000074 609.6886454963504
  endloop
endfacet
facet normal -1.2963446291884698e-14 -1.0 -1.5366545320287106e-14
  outer loop
    vertex 1896.230511006999 181.00000000000074 609.6886454963504
    vertex 1882.6669956089668 181.00000000000094 609.6886454963537
    vertex 1882.3134144810836 181.00000000000094 609.5939037186783
  endloop
endfacet
facet normal -1.2963446291884698e-14 -1.0 -1.5366545320287106e-14
  outer loop
    vertex 1896.230511006999 181.00000000000074 609.6886454963504
    vertex 1882.3134144810836 181.00000000000094 609.5939037186783
    vertex 1896.5840921348822 181.00000000000077 609.5939037186754
  endloop
endfacet
facet normal -1.2963446291884698e-14 -1.0 -1.5366545320287106e-14
  outer loop
    vertex 1896.5840921348822 181.00000000000077 609.5939037186754
    vertex 1882.3134144810836 181.00000000000094 609.5939037186783
    vertex 1881.948753307983 181.00000000000102 609.5620000000042
  endloop
endfacet
facet normal -1.2963446291884698e-14 -1.0 -1.5366545320287106e-14
  outer loop
    vertex 1896.5840921348822 181.00000000000077 609.5939037186754
    vertex 1881.948753307983 181.00000000000102 609.5620000000042
    vertex 1896.9487533079828 181.00000000000077 609.5620000000014
  endloop
endfacet
facet normal 0.9961941658433637 0.0010354975415443025 -0.0871556749987409
  outer loop
    vertex 1883.5818488923435 206.69973661593482 596.8181365834258
    vertex 1883.4375225459596 206.69973661593494 595.16847889559
    vertex 1883.4487532763978 206.69987076687397 595.2968467318989
  endloop
endfacet
facet normal 0.9961941658433637 0.0010354975415443025 -0.0871556749987409
  outer loop
    vertex 1883.4375225459596 206.69973661593494 595.16847889559
    vertex 1883.5818488923435 206.69973661593482 596.8181365834258
    vertex 1883.5930796227822 195.3500049178128 596.8116576878498
  endloop
endfacet
facet normal 0.9961941658433637 0.0010354975415443025 -0.0871556749987409
  outer loop
    vertex 1883.4375225459596 206.69973661593494 595.16847889559
    vertex 1883.5930796227822 195.3500049178128 596.8116576878498
    vertex 1883.4487532763976 195.35000491781287 595.162000000014
  endloop
endfacet
endsolid flsun-cube-linear-rail-xy-gantry
