solid flsun-cube-linear-rail-xy-gantry
facet normal 1.0 -1.1324282841412149e-14 2.988940820232298e-14
  outer loop
    vertex 2412.0537734679356 211.83012701892275 567.1619999999955
    vertex 2412.0537734679356 215.4367191520009 567.6619999999945
    vertex 2412.0537734679356 212.06328084799978 567.6619999999947
  endloop
endfacet
facet normal 1.0 -1.1324282841412149e-14 2.988940820232298e-14
  outer loop
    vertex 2412.0537734679356 215.4367191520009 567.6619999999945
    vertex 2412.0537734679356 211.83012701892275 567.1619999999955
    vertex 2412.0537734679356 215.66987298107847 567.1619999999944
  endloop
endfacet
facet normal 1.0 -1.1324282841412149e-14 2.988940820232298e-14
  outer loop
    vertex 2412.0537734679356 215.66987298107847 567.1619999999944
    vertex 2412.0537734679356 211.83012701892275 567.1619999999955
    vertex 2412.0537734679356 211.33022221559554 566.4480619515632
  endloop
endfacet
facet normal 1.0 -1.1324282841412149e-14 2.988940820232298e-14
  outer loop
    vertex 2412.0537734679356 215.66987298107847 567.1619999999944
    vertex 2412.0537734679356 211.33022221559554 566.4480619515632
    vertex 2412.0537734679356 216.1697777844058 566.4480619515617
  endloop
endfacet
facet normal 1.0 -1.1324282841412149e-14 2.988940820232298e-14
  outer loop
    vertex 2412.0537734679356 216.1697777844058 566.4480619515617
    vertex 2412.0537734679356 211.33022221559554 566.4480619515632
    vertex 2412.0537734679356 210.7139380484334 565.8317777844003
  endloop
endfacet
facet normal 1.0 -1.1324282841412149e-14 2.988940820232298e-14
  outer loop
    vertex 2412.0537734679356 216.1697777844058 566.4480619515617
    vertex 2412.0537734679356 210.7139380484334 565.8317777844003
    vertex 2412.0537734679356 216.7860619515676 565.8317777843993
  endloop
endfacet
facet normal 1.0 -1.1324282841412149e-14 2.988940820232298e-14
  outer loop
    vertex 2412.0537734679356 216.7860619515676 565.8317777843993
    vertex 2412.0537734679356 210.7139380484334 565.8317777844003
    vertex 2412.0537734679356 210.0000000000007 565.3318729810733
  endloop
endfacet
facet normal 1.0 -1.1324282841412149e-14 2.988940820232298e-14
  outer loop
    vertex 2412.0537734679356 216.7860619515676 565.8317777843993
    vertex 2412.0537734679356 210.0000000000007 565.3318729810733
    vertex 2412.0537734679356 217.50000000000074 565.3318729810728
  endloop
endfacet
facet normal 1.0 -1.1324282841412149e-14 2.988940820232298e-14
  outer loop
    vertex 2412.0537734679356 217.50000000000074 565.3318729810728
    vertex 2412.0537734679356 210.0000000000007 565.3318729810733
    vertex 2412.0537734679356 209.21010071662894 564.9635368960658
  endloop
endfacet
facet normal 1.0 -1.1324282841412149e-14 2.988940820232298e-14
  outer loop
    vertex 2412.0537734679356 217.50000000000074 565.3318729810728
    vertex 2412.0537734679356 209.21010071662894 564.9635368960658
    vertex 2412.0537734679356 218.28989928337234 564.963536896066
  endloop
endfacet
facet normal 1.0 -1.1324282841412149e-14 2.988940820232298e-14
  outer loop
    vertex 2412.0537734679356 218.28989928337234 564.963536896066
    vertex 2412.0537734679356 209.21010071662894 564.9635368960658
    vertex 2412.0537734679356 219.1317591116659 564.7379612349347
  endloop
endfacet
facet normal 1.0 -1.1324282841412149e-14 2.988940820232298e-14
  outer loop
    vertex 2412.0537734679356 219.1317591116659 564.7379612349347
    vertex 2412.0537734679356 209.21010071662894 564.9635368960658
    vertex 2412.053773467936 208.3682408883352 564.7379612349341
  endloop
endfacet
facet normal 1.0 -1.1324282841412149e-14 2.988940820232298e-14
  outer loop
    vertex 2412.0537734679356 219.1317591116659 564.7379612349347
    vertex 2412.053773467936 208.3682408883352 564.7379612349341
    vertex 2412.053773467936 220.00000000000045 564.6619999999956
  endloop
endfacet
facet normal 1.0 -1.1324282841412149e-14 2.988940820232298e-14
  outer loop
    vertex 2412.053773467936 220.00000000000045 564.6619999999956
    vertex 2412.053773467936 208.3682408883352 564.7379612349341
    vertex 2412.053773467936 207.50000000000063 564.6619999999946
  endloop
endfacet
facet normal 1.0 -1.1324282841412149e-14 2.988940820232298e-14
  outer loop
    vertex 2412.0537734679356 181.2500000000002 563.6619999999963
    vertex 2412.0537734679356 183.9739505494564 567.6619999999947
    vertex 2412.053773467935 181.25000000000026 567.6619999999947
  endloop
endfacet
facet normal 1.0 -1.1324282841412149e-14 2.988940820232298e-14
  outer loop
    vertex 2412.0537734679356 183.9739505494564 567.6619999999947
    vertex 2412.0537734679356 181.2500000000002 563.6619999999963
    vertex 2412.0537734679356 202.9367191520013 567.6619999999947
  endloop
endfacet
facet normal 1.0 -1.1324282841412149e-14 2.988940820232298e-14
  outer loop
    vertex 2412.0537734679356 202.9367191520013 567.6619999999947
    vertex 2412.0537734679356 181.2500000000002 563.6619999999963
    vertex 2412.0537734679356 203.1698729810783 567.1619999999954
  endloop
endfacet
facet normal 1.0 -1.1324282841412149e-14 2.988940820232298e-14
  outer loop
    vertex 2412.0537734679356 203.1698729810783 567.1619999999954
    vertex 2412.0537734679356 181.2500000000002 563.6619999999963
    vertex 2412.0537734679356 203.66977778440557 566.4480619515631
  endloop
endfacet
facet normal 1.0 -1.1324282841412149e-14 2.988940820232298e-14
  outer loop
    vertex 2412.0537734679356 203.66977778440557 566.4480619515631
    vertex 2412.0537734679356 181.2500000000002 563.6619999999963
    vertex 2412.0537734679356 204.28606195156792 565.8317777844005
  endloop
endfacet
facet normal 1.0 -1.1324282841412149e-14 2.988940820232298e-14
  outer loop
    vertex 2412.0537734679356 204.28606195156792 565.8317777844005
    vertex 2412.0537734679356 181.2500000000002 563.6619999999963
    vertex 2412.0537734679356 205.00000000000065 565.3318729810735
  endloop
endfacet
facet normal 1.0 -1.1324282841412149e-14 2.988940820232298e-14
  outer loop
    vertex 2412.0537734679356 205.00000000000065 565.3318729810735
    vertex 2412.0537734679356 181.2500000000002 563.6619999999963
    vertex 2412.0537734679356 205.7898992833721 564.963536896066
  endloop
endfacet
facet normal 1.0 -1.1324282841412149e-14 2.988940820232298e-14
  outer loop
    vertex 2412.0537734679356 205.7898992833721 564.963536896066
    vertex 2412.0537734679356 181.2500000000002 563.6619999999963
    vertex 2412.053773467936 206.63175911166581 564.7379612349342
  endloop
endfacet
facet normal 1.0 -1.1324282841412149e-14 2.988940820232298e-14
  outer loop
    vertex 2412.053773467936 206.63175911166581 564.7379612349342
    vertex 2412.0537734679356 181.2500000000002 563.6619999999963
    vertex 2412.053773467936 207.50000000000063 564.6619999999946
  endloop
endfacet
facet normal 1.0 -1.1324282841412149e-14 2.988940820232298e-14
  outer loop
    vertex 2412.053773467936 224.3301270189229 567.1619999999945
    vertex 2412.053773467936 226.25000000000063 567.6619999999944
    vertex 2412.053773467936 224.56328084800035 567.6619999999944
  endloop
endfacet
facet normal 1.0 -1.1324282841412149e-14 2.988940820232298e-14
  outer loop
    vertex 2412.053773467936 226.25000000000063 567.6619999999944
    vertex 2412.053773467936 224.3301270189229 567.1619999999945
    vertex 2412.053773467936 229.00000000000054 567.6619999999944
  endloop
endfacet
facet normal 1.0 -1.1324282841412149e-14 2.988940820232298e-14
  outer loop
    vertex 2412.053773467936 229.00000000000054 567.6619999999944
    vertex 2412.053773467936 224.3301270189229 567.1619999999945
    vertex 2412.053773467936 229.00000000000054 563.6619999999956
  endloop
endfacet
facet normal 1.0 -1.1324282841412149e-14 2.988940820232298e-14
  outer loop
    vertex 2412.053773467936 229.00000000000054 563.6619999999956
    vertex 2412.053773467936 224.3301270189229 567.1619999999945
    vertex 2412.053773467936 223.83022221559548 566.4480619515618
  endloop
endfacet
facet normal 1.0 -1.1324282841412149e-14 2.988940820232298e-14
  outer loop
    vertex 2412.053773467936 229.00000000000054 563.6619999999956
    vertex 2412.053773467936 223.83022221559548 566.4480619515618
    vertex 2412.053773467936 223.2139380484336 565.8317777843994
  endloop
endfacet
facet normal 1.0 -1.1324282841412149e-14 2.988940820232298e-14
  outer loop
    vertex 2412.053773467936 229.00000000000054 563.6619999999956
    vertex 2412.053773467936 223.2139380484336 565.8317777843994
    vertex 2412.053773467936 222.5000000000005 565.3318729810727
  endloop
endfacet
facet normal 1.0 -1.1324282841412149e-14 2.988940820232298e-14
  outer loop
    vertex 2412.053773467936 229.00000000000054 563.6619999999956
    vertex 2412.053773467936 222.5000000000005 565.3318729810727
    vertex 2412.053773467936 221.71010071662894 564.9635368960659
  endloop
endfacet
facet normal 1.0 -1.1324282841412149e-14 2.988940820232298e-14
  outer loop
    vertex 2412.053773467936 229.00000000000054 563.6619999999956
    vertex 2412.053773467936 221.71010071662894 564.9635368960659
    vertex 2412.053773467936 220.86824088833546 564.7379612349347
  endloop
endfacet
facet normal 1.0 -1.1324282841412149e-14 2.988940820232298e-14
  outer loop
    vertex 2412.053773467936 229.00000000000054 563.6619999999956
    vertex 2412.053773467936 220.86824088833546 564.7379612349347
    vertex 2412.053773467936 220.00000000000045 564.6619999999956
  endloop
endfacet
facet normal 1.0 -1.1324282841412149e-14 2.988940820232298e-14
  outer loop
    vertex 2412.053773467936 229.00000000000054 563.6619999999956
    vertex 2412.053773467936 220.00000000000045 564.6619999999956
    vertex 2412.053773467936 207.50000000000063 564.6619999999946
  endloop
endfacet
facet normal 1.0 -1.1324282841412149e-14 2.988940820232298e-14
  outer loop
    vertex 2412.053773467936 229.00000000000054 563.6619999999956
    vertex 2412.053773467936 207.50000000000063 564.6619999999946
    vertex 2412.0537734679356 181.2500000000002 563.6619999999963
  endloop
endfacet
facet normal 0.1305261922199923 -0.9914448613738183 -6.4971252415137e-15
  outer loop
    vertex 2388.553773467936 195.3000000000011 563.6619999999964
    vertex 2388.1526039480273 195.24718503074916 567.6619999999959
    vertex 2388.1526039480273 195.2471850307492 563.6619999999964
  endloop
endfacet
facet normal 0.1305261922199923 -0.9914448613738183 -6.4971252415137e-15
  outer loop
    vertex 2388.1526039480273 195.24718503074916 567.6619999999959
    vertex 2388.553773467936 195.3000000000011 563.6619999999964
    vertex 2388.553773467936 195.30000000000106 567.6619999999959
  endloop
endfacet
facet normal -0.13052619222002143 -0.9914448613738145 -5.729085366741405e-15
  outer loop
    vertex 2388.954942987845 195.24718503074916 563.6619999999964
    vertex 2388.553773467936 195.30000000000106 567.6619999999959
    vertex 2388.553773467936 195.3000000000011 563.6619999999964
  endloop
endfacet
facet normal -0.13052619222002143 -0.9914448613738145 -5.729085366741405e-15
  outer loop
    vertex 2388.553773467936 195.30000000000106 567.6619999999959
    vertex 2388.954942987845 195.24718503074916 563.6619999999964
    vertex 2388.954942987845 195.24718503074914 567.6619999999959
  endloop
endfacet
facet normal -0.38268343236509667 -0.923879532511284 -4.570617791986523e-15
  outer loop
    vertex 2389.328773467936 195.09233937586697 563.6619999999964
    vertex 2388.954942987845 195.24718503074914 567.6619999999959
    vertex 2388.954942987845 195.24718503074916 563.6619999999964
  endloop
endfacet
facet normal -0.38268343236509667 -0.923879532511284 -4.570617791986523e-15
  outer loop
    vertex 2388.954942987845 195.24718503074914 567.6619999999959
    vertex 2389.328773467936 195.09233937586697 563.6619999999964
    vertex 2389.328773467936 195.09233937586697 567.6619999999959
  endloop
endfacet
facet normal -0.6087614290087445 -0.7933533402912168 -3.1006701680107937e-15
  outer loop
    vertex 2389.649788978775 194.8460155108403 563.6619999999962
    vertex 2389.328773467936 195.09233937586697 567.6619999999959
    vertex 2389.328773467936 195.09233937586697 563.6619999999964
  endloop
endfacet
facet normal -0.6087614290087445 -0.7933533402912168 -3.1006701680107937e-15
  outer loop
    vertex 2389.328773467936 195.09233937586697 567.6619999999959
    vertex 2389.649788978775 194.8460155108403 563.6619999999962
    vertex 2389.649788978775 194.84601551084026 567.6619999999956
  endloop
endfacet
facet normal -0.7933533402912887 -0.608761429008651 -1.4194169961845897e-15
  outer loop
    vertex 2389.649788978775 194.8460155108403 563.6619999999962
    vertex 2389.896112843802 194.5250000000011 567.6619999999956
    vertex 2389.649788978775 194.84601551084026 567.6619999999956
  endloop
endfacet
facet normal -0.7933533402912887 -0.608761429008651 -1.4194169961845897e-15
  outer loop
    vertex 2389.896112843802 194.5250000000011 567.6619999999956
    vertex 2389.649788978775 194.8460155108403 563.6619999999962
    vertex 2389.896112843802 194.52500000000106 563.6619999999962
  endloop
endfacet
facet normal -0.923879532511279 -0.3826834323651089 3.585670982330107e-16
  outer loop
    vertex 2389.896112843802 194.52500000000106 563.6619999999962
    vertex 2390.050958498684 194.15116951990996 567.6619999999956
    vertex 2389.896112843802 194.5250000000011 567.6619999999956
  endloop
endfacet
facet normal -0.923879532511279 -0.3826834323651089 3.585670982330107e-16
  outer loop
    vertex 2390.050958498684 194.15116951990996 567.6619999999956
    vertex 2389.896112843802 194.52500000000106 563.6619999999962
    vertex 2390.050958498684 194.15116951990998 563.6619999999962
  endloop
endfacet
facet normal -0.9914448613738058 -0.13052619222008746 2.112115437466803e-15
  outer loop
    vertex 2390.050958498684 194.15116951990998 563.6619999999962
    vertex 2390.1037734679358 193.75000000000102 567.6619999999956
    vertex 2390.050958498684 194.15116951990996 567.6619999999956
  endloop
endfacet
facet normal -0.9914448613738058 -0.13052619222008746 2.112115437466803e-15
  outer loop
    vertex 2390.1037734679358 193.75000000000102 567.6619999999956
    vertex 2390.050958498684 194.15116951990998 563.6619999999962
    vertex 2390.1037734679358 193.75000000000105 563.6619999999962
  endloop
endfacet
facet normal -0.9914448613738018 0.13052619222011658 3.7217266000737124e-15
  outer loop
    vertex 2390.1037734679358 193.75000000000105 563.6619999999962
    vertex 2390.050958498684 193.34883048009212 567.6619999999956
    vertex 2390.1037734679358 193.75000000000102 567.6619999999956
  endloop
endfacet
facet normal -0.9914448613738018 0.13052619222011658 3.7217266000737124e-15
  outer loop
    vertex 2390.050958498684 193.34883048009212 567.6619999999956
    vertex 2390.1037734679358 193.75000000000105 563.6619999999962
    vertex 2390.050958498684 193.34883048009212 563.6619999999962
  endloop
endfacet
facet normal -0.9238795325112676 0.3826834323651361 5.077708245328879e-15
  outer loop
    vertex 2390.050958498684 193.34883048009212 563.6619999999962
    vertex 2389.896112843802 192.97500000000102 567.6619999999956
    vertex 2390.050958498684 193.34883048009212 567.6619999999956
  endloop
endfacet
facet normal -0.9238795325112676 0.3826834323651361 5.077708245328879e-15
  outer loop
    vertex 2389.896112843802 192.97500000000102 567.6619999999956
    vertex 2390.050958498684 193.34883048009212 563.6619999999962
    vertex 2389.896112843802 192.97500000000113 563.6619999999962
  endloop
endfacet
facet normal -0.7933533402912707 0.6087614290086744 6.087652464974264e-15
  outer loop
    vertex 2389.896112843802 192.97500000000113 563.6619999999962
    vertex 2389.649788978775 192.65398448916193 567.6619999999956
    vertex 2389.896112843802 192.97500000000102 567.6619999999956
  endloop
endfacet
facet normal -0.7933533402912707 0.6087614290086744 6.087652464974264e-15
  outer loop
    vertex 2389.649788978775 192.65398448916193 567.6619999999956
    vertex 2389.896112843802 192.97500000000113 563.6619999999962
    vertex 2389.649788978775 192.65398448916196 563.6619999999962
  endloop
endfacet
facet normal -0.6087614290087212 0.7933533402912348 6.682733229453597e-15
  outer loop
    vertex 2389.649788978775 192.65398448916193 567.6619999999956
    vertex 2389.328773467936 192.4076606241352 563.6619999999962
    vertex 2389.328773467936 192.40766062413516 567.6619999999956
  endloop
endfacet
facet normal -0.6087614290087212 0.7933533402912348 6.682733229453597e-15
  outer loop
    vertex 2389.328773467936 192.4076606241352 563.6619999999962
    vertex 2389.649788978775 192.65398448916193 567.6619999999956
    vertex 2389.649788978775 192.65398448916196 563.6619999999962
  endloop
endfacet
facet normal -0.38268343236506946 0.9238795325112953 6.8223967680843085e-15
  outer loop
    vertex 2389.328773467936 192.40766062413516 567.6619999999956
    vertex 2388.954942987845 192.252814969253 563.6619999999962
    vertex 2388.954942987845 192.25281496925297 567.6619999999956
  endloop
endfacet
facet normal -0.38268343236506946 0.9238795325112953 6.8223967680843085e-15
  outer loop
    vertex 2388.954942987845 192.252814969253 563.6619999999962
    vertex 2389.328773467936 192.40766062413516 567.6619999999956
    vertex 2389.328773467936 192.4076606241352 563.6619999999962
  endloop
endfacet
facet normal -0.1305261922199923 0.9914448613738183 6.4971252415137e-15
  outer loop
    vertex 2388.954942987845 192.25281496925297 567.6619999999956
    vertex 2388.553773467936 192.20000000000107 563.6619999999962
    vertex 2388.553773467936 192.20000000000104 567.6619999999956
  endloop
endfacet
facet normal -0.1305261922199923 0.9914448613738183 6.4971252415137e-15
  outer loop
    vertex 2388.553773467936 192.20000000000107 563.6619999999962
    vertex 2388.954942987845 192.25281496925297 567.6619999999956
    vertex 2388.954942987845 192.252814969253 563.6619999999962
  endloop
endfacet
facet normal 0.13052619222002143 0.9914448613738145 5.729085366741405e-15
  outer loop
    vertex 2388.553773467936 192.20000000000104 567.6619999999956
    vertex 2388.152603948027 192.25281496925302 563.6619999999962
    vertex 2388.152603948027 192.252814969253 567.6619999999956
  endloop
endfacet
facet normal 0.13052619222002143 0.9914448613738145 5.729085366741405e-15
  outer loop
    vertex 2388.152603948027 192.25281496925302 563.6619999999962
    vertex 2388.553773467936 192.20000000000104 567.6619999999956
    vertex 2388.553773467936 192.20000000000107 563.6619999999962
  endloop
endfacet
facet normal 0.38268343236509667 0.923879532511284 4.570617791986523e-15
  outer loop
    vertex 2388.152603948027 192.252814969253 567.6619999999956
    vertex 2387.778773467936 192.4076606241352 563.6619999999962
    vertex 2387.778773467936 192.4076606241352 567.6619999999956
  endloop
endfacet
facet normal 0.38268343236509667 0.923879532511284 4.570617791986523e-15
  outer loop
    vertex 2387.778773467936 192.4076606241352 563.6619999999962
    vertex 2388.152603948027 192.252814969253 567.6619999999956
    vertex 2388.152603948027 192.25281496925302 563.6619999999962
  endloop
endfacet
facet normal 0.6087614290087445 0.7933533402912168 3.1006701680107937e-15
  outer loop
    vertex 2387.778773467936 192.4076606241352 567.6619999999956
    vertex 2387.4577579570964 192.65398448916199 563.6619999999962
    vertex 2387.4577579570964 192.65398448916196 567.6619999999956
  endloop
endfacet
facet normal 0.6087614290087445 0.7933533402912168 3.1006701680107937e-15
  outer loop
    vertex 2387.4577579570964 192.65398448916199 563.6619999999962
    vertex 2387.778773467936 192.4076606241352 567.6619999999956
    vertex 2387.778773467936 192.4076606241352 563.6619999999962
  endloop
endfacet
facet normal 0.7933533402912887 0.608761429008651 1.4194169961845897e-15
  outer loop
    vertex 2387.4577579570964 192.65398448916199 563.6619999999962
    vertex 2387.2114340920702 192.97500000000107 567.6619999999956
    vertex 2387.4577579570964 192.65398448916196 567.6619999999956
  endloop
endfacet
facet normal 0.7933533402912887 0.608761429008651 1.4194169961845897e-15
  outer loop
    vertex 2387.2114340920702 192.97500000000107 567.6619999999956
    vertex 2387.4577579570964 192.65398448916199 563.6619999999962
    vertex 2387.2114340920702 192.9750000000011 563.6619999999962
  endloop
endfacet
facet normal 0.923879532511279 0.3826834323651089 -3.585670982330107e-16
  outer loop
    vertex 2387.2114340920702 192.97500000000107 567.6619999999956
    vertex 2387.056588437188 193.34883048009218 563.6619999999964
    vertex 2387.056588437188 193.34883048009215 567.6619999999959
  endloop
endfacet
facet normal 0.923879532511279 0.3826834323651089 -3.585670982330107e-16
  outer loop
    vertex 2387.056588437188 193.34883048009218 563.6619999999964
    vertex 2387.2114340920702 192.97500000000107 567.6619999999956
    vertex 2387.2114340920702 192.9750000000011 563.6619999999962
  endloop
endfacet
facet normal 0.9914448613738058 0.13052619222008746 -2.112115437466803e-15
  outer loop
    vertex 2387.056588437188 193.34883048009218 563.6619999999964
    vertex 2387.003773467936 193.75000000000108 567.6619999999959
    vertex 2387.056588437188 193.34883048009215 567.6619999999959
  endloop
endfacet
facet normal 0.9914448613738058 0.13052619222008746 -2.112115437466803e-15
  outer loop
    vertex 2387.003773467936 193.75000000000108 567.6619999999959
    vertex 2387.056588437188 193.34883048009218 563.6619999999964
    vertex 2387.003773467936 193.7500000000011 563.6619999999964
  endloop
endfacet
facet normal 0.9914448613738018 -0.13052619222011658 -3.7217266000737124e-15
  outer loop
    vertex 2387.003773467936 193.7500000000011 563.6619999999964
    vertex 2387.056588437188 194.15116951991 567.6619999999959
    vertex 2387.003773467936 193.75000000000108 567.6619999999959
  endloop
endfacet
facet normal 0.9914448613738018 -0.13052619222011658 -3.7217266000737124e-15
  outer loop
    vertex 2387.056588437188 194.15116951991 567.6619999999959
    vertex 2387.003773467936 193.7500000000011 563.6619999999964
    vertex 2387.056588437188 194.15116951991004 563.6619999999964
  endloop
endfacet
facet normal 0.9238795325112676 -0.3826834323651361 -5.077708245328879e-15
  outer loop
    vertex 2387.056588437188 194.15116951991004 563.6619999999964
    vertex 2387.2114340920702 194.52500000000109 567.6619999999959
    vertex 2387.056588437188 194.15116951991 567.6619999999959
  endloop
endfacet
facet normal 0.9238795325112676 -0.3826834323651361 -5.077708245328879e-15
  outer loop
    vertex 2387.2114340920702 194.52500000000109 567.6619999999959
    vertex 2387.056588437188 194.15116951991004 563.6619999999964
    vertex 2387.2114340920702 194.5250000000011 563.6619999999964
  endloop
endfacet
facet normal 0.7933533402912707 -0.6087614290086744 -6.087652464974264e-15
  outer loop
    vertex 2387.2114340920702 194.5250000000011 563.6619999999964
    vertex 2387.457757957097 194.8460155108403 567.6619999999959
    vertex 2387.2114340920702 194.52500000000109 567.6619999999959
  endloop
endfacet
facet normal 0.7933533402912707 -0.6087614290086744 -6.087652464974264e-15
  outer loop
    vertex 2387.457757957097 194.8460155108403 567.6619999999959
    vertex 2387.2114340920702 194.5250000000011 563.6619999999964
    vertex 2387.457757957097 194.84601551084032 563.6619999999964
  endloop
endfacet
facet normal 0.6087614290087212 -0.7933533402912348 -6.682733229453597e-15
  outer loop
    vertex 2387.778773467936 195.092339375867 563.6619999999964
    vertex 2387.457757957097 194.8460155108403 567.6619999999959
    vertex 2387.457757957097 194.84601551084032 563.6619999999964
  endloop
endfacet
facet normal 0.6087614290087212 -0.7933533402912348 -6.682733229453597e-15
  outer loop
    vertex 2387.457757957097 194.8460155108403 567.6619999999959
    vertex 2387.778773467936 195.092339375867 563.6619999999964
    vertex 2387.778773467936 195.09233937586697 567.6619999999959
  endloop
endfacet
facet normal 0.38268343236506946 -0.9238795325112953 -6.8223967680843085e-15
  outer loop
    vertex 2388.1526039480273 195.2471850307492 563.6619999999964
    vertex 2387.778773467936 195.09233937586697 567.6619999999959
    vertex 2387.778773467936 195.092339375867 563.6619999999964
  endloop
endfacet
facet normal 0.38268343236506946 -0.9238795325112953 -6.8223967680843085e-15
  outer loop
    vertex 2387.778773467936 195.09233937586697 567.6619999999959
    vertex 2388.1526039480273 195.2471850307492 563.6619999999964
    vertex 2388.1526039480273 195.24718503074916 567.6619999999959
  endloop
endfacet
facet normal 1.3586400278034435e-14 1.0 1.0580467076552976e-13
  outer loop
    vertex 2373.203773467936 198.00000000000117 569.661999999995
    vertex 2374.8787734679363 198.0000000000017 565.6619999999962
    vertex 2373.203773467936 198.00000000000173 563.6619999999963
  endloop
endfacet
facet normal 1.3586400278034435e-14 1.0 1.0580467076552976e-13
  outer loop
    vertex 2374.8787734679363 198.0000000000017 565.6619999999962
    vertex 2373.203773467936 198.00000000000117 569.661999999995
    vertex 2384.553773467936 198.000000000001 569.661999999995
  endloop
endfacet
facet normal 1.3586400278034435e-14 1.0 1.0580467076552976e-13
  outer loop
    vertex 2374.8787734679363 198.0000000000017 565.6619999999962
    vertex 2384.553773467936 198.000000000001 569.661999999995
    vertex 2382.8787734679363 198.00000000000168 565.6619999999959
  endloop
endfacet
facet normal 1.3586400278034435e-14 1.0 1.0580467076552976e-13
  outer loop
    vertex 2382.8787734679363 198.00000000000168 565.6619999999959
    vertex 2384.553773467936 198.000000000001 569.661999999995
    vertex 2382.8787734679363 198.00000000000168 563.661999999996
  endloop
endfacet
facet normal 1.3586400278034435e-14 1.0 1.0580467076552976e-13
  outer loop
    vertex 2382.8787734679363 198.00000000000168 563.661999999996
    vertex 2384.553773467936 198.000000000001 569.661999999995
    vertex 2384.553773467936 198.00000000000156 563.661999999996
  endloop
endfacet
facet normal 1.3586400278034435e-14 1.0 1.0580467076552976e-13
  outer loop
    vertex 2374.8787734679363 198.0000000000017 563.6619999999963
    vertex 2373.203773467936 198.00000000000173 563.6619999999963
    vertex 2374.8787734679363 198.0000000000017 565.6619999999962
  endloop
endfacet
facet normal 1.2528933733007276e-14 1.0 -1.8210770588953242e-14
  outer loop
    vertex 2373.2037734679366 212.00000000000128 564.5874657390045
    vertex 2362.853773467936 212.00000000000134 563.661999999997
    vertex 2362.853773467936 212.00000000000136 564.5874657390046
  endloop
endfacet
facet normal 1.2528933733007276e-14 1.0 -1.8210770588953242e-14
  outer loop
    vertex 2362.853773467936 212.00000000000134 563.661999999997
    vertex 2373.2037734679366 212.00000000000128 564.5874657390045
    vertex 2373.203773467936 212.00000000000128 563.6619999999965
  endloop
endfacet
facet normal 0.9238795325112676 -0.3826834323651361 -5.077708245328879e-15
  outer loop
    vertex 2387.056588437188 214.15116951991004 563.6619999999964
    vertex 2387.2114340920702 214.52500000000117 567.6619999999942
    vertex 2387.056588437188 214.15116951991007 567.6619999999942
  endloop
endfacet
facet normal 0.9238795325112676 -0.3826834323651361 -5.077708245328879e-15
  outer loop
    vertex 2387.2114340920702 214.52500000000117 567.6619999999942
    vertex 2387.056588437188 214.15116951991004 563.6619999999964
    vertex 2387.2114340920702 214.5250000000011 563.6619999999964
  endloop
endfacet
facet normal 0.7933533402912707 -0.6087614290086744 -6.087652464974264e-15
  outer loop
    vertex 2387.2114340920702 214.5250000000011 563.6619999999964
    vertex 2387.457757957097 214.84601551084026 567.6619999999942
    vertex 2387.2114340920702 214.52500000000117 567.6619999999942
  endloop
endfacet
facet normal 0.7933533402912707 -0.6087614290086744 -6.087652464974264e-15
  outer loop
    vertex 2387.457757957097 214.84601551084026 567.6619999999942
    vertex 2387.2114340920702 214.5250000000011 563.6619999999964
    vertex 2387.457757957097 214.84601551084026 563.6619999999964
  endloop
endfacet
facet normal 0.6087614290087212 -0.7933533402912348 -6.682733229453597e-15
  outer loop
    vertex 2387.778773467936 215.092339375867 563.6619999999964
    vertex 2387.457757957097 214.84601551084026 567.6619999999942
    vertex 2387.457757957097 214.84601551084026 563.6619999999964
  endloop
endfacet
facet normal 0.6087614290087212 -0.7933533402912348 -6.682733229453597e-15
  outer loop
    vertex 2387.457757957097 214.84601551084026 567.6619999999942
    vertex 2387.778773467936 215.092339375867 563.6619999999964
    vertex 2387.778773467936 215.09233937586697 567.6619999999942
  endloop
endfacet
facet normal 0.38268343236506946 -0.9238795325112953 -6.8223967680843085e-15
  outer loop
    vertex 2388.1526039480273 215.24718503074925 563.6619999999964
    vertex 2387.778773467936 215.09233937586697 567.6619999999942
    vertex 2387.778773467936 215.092339375867 563.6619999999964
  endloop
endfacet
facet normal 0.38268343236506946 -0.9238795325112953 -6.8223967680843085e-15
  outer loop
    vertex 2387.778773467936 215.09233937586697 567.6619999999942
    vertex 2388.1526039480273 215.24718503074925 563.6619999999964
    vertex 2388.1526039480273 215.2471850307492 567.6619999999942
  endloop
endfacet
facet normal 0.1305261922199923 -0.9914448613738183 -6.4971252415137e-15
  outer loop
    vertex 2388.553773467936 215.30000000000115 563.6619999999964
    vertex 2388.1526039480273 215.2471850307492 567.6619999999942
    vertex 2388.1526039480273 215.24718503074925 563.6619999999964
  endloop
endfacet
facet normal 0.1305261922199923 -0.9914448613738183 -6.4971252415137e-15
  outer loop
    vertex 2388.1526039480273 215.2471850307492 567.6619999999942
    vertex 2388.553773467936 215.30000000000115 563.6619999999964
    vertex 2388.553773467936 215.30000000000112 567.6619999999942
  endloop
endfacet
facet normal -0.13052619222002143 -0.9914448613738145 -5.729085366741405e-15
  outer loop
    vertex 2388.9549429878452 215.24718503074914 563.6619999999964
    vertex 2388.553773467936 215.30000000000112 567.6619999999942
    vertex 2388.553773467936 215.30000000000115 563.6619999999964
  endloop
endfacet
facet normal -0.13052619222002143 -0.9914448613738145 -5.729085366741405e-15
  outer loop
    vertex 2388.553773467936 215.30000000000112 567.6619999999942
    vertex 2388.9549429878452 215.24718503074914 563.6619999999964
    vertex 2388.9549429878452 215.2471850307492 567.6619999999942
  endloop
endfacet
facet normal -0.38268343236509667 -0.923879532511284 -4.570617791986523e-15
  outer loop
    vertex 2389.328773467936 215.09233937586697 563.6619999999964
    vertex 2388.9549429878452 215.2471850307492 567.6619999999942
    vertex 2388.9549429878452 215.24718503074914 563.6619999999964
  endloop
endfacet
facet normal -0.38268343236509667 -0.923879532511284 -4.570617791986523e-15
  outer loop
    vertex 2388.9549429878452 215.2471850307492 567.6619999999942
    vertex 2389.328773467936 215.09233937586697 563.6619999999964
    vertex 2389.328773467936 215.092339375867 567.6619999999942
  endloop
endfacet
facet normal -0.6087614290087445 -0.7933533402912168 -3.1006701680107937e-15
  outer loop
    vertex 2389.6497889787756 214.84601551084023 563.6619999999964
    vertex 2389.328773467936 215.092339375867 567.6619999999942
    vertex 2389.328773467936 215.09233937586697 563.6619999999964
  endloop
endfacet
facet normal -0.6087614290087445 -0.7933533402912168 -3.1006701680107937e-15
  outer loop
    vertex 2389.328773467936 215.092339375867 567.6619999999942
    vertex 2389.6497889787756 214.84601551084023 563.6619999999964
    vertex 2389.6497889787756 214.84601551084026 567.6619999999942
  endloop
endfacet
facet normal -0.7933533402912887 -0.608761429008651 -1.4194169961845897e-15
  outer loop
    vertex 2389.6497889787756 214.84601551084023 563.6619999999964
    vertex 2389.8961128438023 214.5250000000011 567.6619999999942
    vertex 2389.6497889787756 214.84601551084026 567.6619999999942
  endloop
endfacet
facet normal -0.7933533402912887 -0.608761429008651 -1.4194169961845897e-15
  outer loop
    vertex 2389.8961128438023 214.5250000000011 567.6619999999942
    vertex 2389.6497889787756 214.84601551084023 563.6619999999964
    vertex 2389.8961128438023 214.52500000000106 563.6619999999964
  endloop
endfacet
facet normal -0.923879532511279 -0.3826834323651089 3.585670982330107e-16
  outer loop
    vertex 2389.8961128438023 214.52500000000106 563.6619999999964
    vertex 2390.050958498684 214.15116951991004 567.6619999999942
    vertex 2389.8961128438023 214.5250000000011 567.6619999999942
  endloop
endfacet
facet normal -0.923879532511279 -0.3826834323651089 3.585670982330107e-16
  outer loop
    vertex 2390.050958498684 214.15116951991004 567.6619999999942
    vertex 2389.8961128438023 214.52500000000106 563.6619999999964
    vertex 2390.050958498684 214.15116951990998 563.6619999999964
  endloop
endfacet
facet normal -0.9914448613738058 -0.13052619222008746 2.112115437466803e-15
  outer loop
    vertex 2390.050958498684 214.15116951990998 563.6619999999964
    vertex 2390.103773467936 213.7500000000011 567.6619999999942
    vertex 2390.050958498684 214.15116951991004 567.6619999999942
  endloop
endfacet
facet normal -0.9914448613738058 -0.13052619222008746 2.112115437466803e-15
  outer loop
    vertex 2390.103773467936 213.7500000000011 567.6619999999942
    vertex 2390.050958498684 214.15116951990998 563.6619999999964
    vertex 2390.103773467936 213.75000000000105 563.6619999999964
  endloop
endfacet
facet normal -0.9914448613738018 0.13052619222011658 3.7217266000737124e-15
  outer loop
    vertex 2390.103773467936 213.75000000000105 563.6619999999964
    vertex 2390.050958498684 213.34883048009218 567.6619999999942
    vertex 2390.103773467936 213.7500000000011 567.6619999999942
  endloop
endfacet
facet normal -0.9914448613738018 0.13052619222011658 3.7217266000737124e-15
  outer loop
    vertex 2390.050958498684 213.34883048009218 567.6619999999942
    vertex 2390.103773467936 213.75000000000105 563.6619999999964
    vertex 2390.050958498684 213.34883048009215 563.6619999999964
  endloop
endfacet
facet normal -0.9238795325112676 0.3826834323651361 5.077708245328879e-15
  outer loop
    vertex 2390.050958498684 213.34883048009215 563.6619999999964
    vertex 2389.8961128438023 212.9750000000011 567.6619999999942
    vertex 2390.050958498684 213.34883048009218 567.6619999999942
  endloop
endfacet
facet normal -0.9238795325112676 0.3826834323651361 5.077708245328879e-15
  outer loop
    vertex 2389.8961128438023 212.9750000000011 567.6619999999942
    vertex 2390.050958498684 213.34883048009215 563.6619999999964
    vertex 2389.8961128438023 212.97500000000105 563.6619999999964
  endloop
endfacet
facet normal -0.7933533402912707 0.6087614290086744 6.087652464974264e-15
  outer loop
    vertex 2389.8961128438023 212.97500000000105 563.6619999999964
    vertex 2389.6497889787756 212.65398448916196 567.6619999999942
    vertex 2389.8961128438023 212.9750000000011 567.6619999999942
  endloop
endfacet
facet normal -0.7933533402912707 0.6087614290086744 6.087652464974264e-15
  outer loop
    vertex 2389.6497889787756 212.65398448916196 567.6619999999942
    vertex 2389.8961128438023 212.97500000000105 563.6619999999964
    vertex 2389.649788978775 212.6539844891619 563.6619999999964
  endloop
endfacet
facet normal -0.6087614290087212 0.7933533402912348 6.682733229453597e-15
  outer loop
    vertex 2389.6497889787756 212.65398448916196 567.6619999999942
    vertex 2389.328773467936 212.40766062413516 563.6619999999964
    vertex 2389.328773467936 212.40766062413522 567.6619999999942
  endloop
endfacet
facet normal -0.6087614290087212 0.7933533402912348 6.682733229453597e-15
  outer loop
    vertex 2389.328773467936 212.40766062413516 563.6619999999964
    vertex 2389.6497889787756 212.65398448916196 567.6619999999942
    vertex 2389.649788978775 212.6539844891619 563.6619999999964
  endloop
endfacet
facet normal -0.38268343236506946 0.9238795325112953 6.8223967680843085e-15
  outer loop
    vertex 2389.328773467936 212.40766062413522 567.6619999999942
    vertex 2388.954942987845 212.25281496925297 563.6619999999964
    vertex 2388.954942987845 212.25281496925302 567.6619999999942
  endloop
endfacet
facet normal -0.38268343236506946 0.9238795325112953 6.8223967680843085e-15
  outer loop
    vertex 2388.954942987845 212.25281496925297 563.6619999999964
    vertex 2389.328773467936 212.40766062413522 567.6619999999942
    vertex 2389.328773467936 212.40766062413516 563.6619999999964
  endloop
endfacet
facet normal -0.1305261922199923 0.9914448613738183 6.4971252415137e-15
  outer loop
    vertex 2388.954942987845 212.25281496925302 567.6619999999942
    vertex 2388.553773467936 212.20000000000115 563.6619999999964
    vertex 2388.553773467936 212.2000000000011 567.6619999999942
  endloop
endfacet
facet normal -0.1305261922199923 0.9914448613738183 6.4971252415137e-15
  outer loop
    vertex 2388.553773467936 212.20000000000115 563.6619999999964
    vertex 2388.954942987845 212.25281496925302 567.6619999999942
    vertex 2388.954942987845 212.25281496925297 563.6619999999964
  endloop
endfacet
facet normal 0.13052619222002143 0.9914448613738145 5.729085366741405e-15
  outer loop
    vertex 2388.553773467936 212.2000000000011 567.6619999999942
    vertex 2388.1526039480273 212.25281496925308 563.6619999999964
    vertex 2388.1526039480273 212.25281496925302 567.6619999999942
  endloop
endfacet
facet normal 0.13052619222002143 0.9914448613738145 5.729085366741405e-15
  outer loop
    vertex 2388.1526039480273 212.25281496925308 563.6619999999964
    vertex 2388.553773467936 212.2000000000011 567.6619999999942
    vertex 2388.553773467936 212.20000000000115 563.6619999999964
  endloop
endfacet
facet normal 0.38268343236509667 0.923879532511284 4.570617791986523e-15
  outer loop
    vertex 2388.1526039480273 212.25281496925302 567.6619999999942
    vertex 2387.778773467936 212.40766062413522 563.6619999999964
    vertex 2387.778773467936 212.40766062413516 567.6619999999942
  endloop
endfacet
facet normal 0.38268343236509667 0.923879532511284 4.570617791986523e-15
  outer loop
    vertex 2387.778773467936 212.40766062413522 563.6619999999964
    vertex 2388.1526039480273 212.25281496925302 567.6619999999942
    vertex 2388.1526039480273 212.25281496925308 563.6619999999964
  endloop
endfacet
facet normal 0.6087614290087445 0.7933533402912168 3.1006701680107937e-15
  outer loop
    vertex 2387.778773467936 212.40766062413516 567.6619999999942
    vertex 2387.457757957097 212.65398448916196 563.6619999999964
    vertex 2387.457757957097 212.65398448916196 567.6619999999942
  endloop
endfacet
facet normal 0.6087614290087445 0.7933533402912168 3.1006701680107937e-15
  outer loop
    vertex 2387.457757957097 212.65398448916196 563.6619999999964
    vertex 2387.778773467936 212.40766062413516 567.6619999999942
    vertex 2387.778773467936 212.40766062413522 563.6619999999964
  endloop
endfacet
facet normal 0.7933533402912887 0.608761429008651 1.4194169961845897e-15
  outer loop
    vertex 2387.457757957097 212.65398448916196 563.6619999999964
    vertex 2387.2114340920702 212.97500000000116 567.6619999999942
    vertex 2387.457757957097 212.65398448916196 567.6619999999942
  endloop
endfacet
facet normal 0.7933533402912887 0.608761429008651 1.4194169961845897e-15
  outer loop
    vertex 2387.2114340920702 212.97500000000116 567.6619999999942
    vertex 2387.457757957097 212.65398448916196 563.6619999999964
    vertex 2387.2114340920702 212.9750000000011 563.6619999999964
  endloop
endfacet
facet normal 0.923879532511279 0.3826834323651089 -3.585670982330107e-16
  outer loop
    vertex 2387.2114340920702 212.9750000000011 563.6619999999964
    vertex 2387.056588437188 213.34883048009223 567.6619999999942
    vertex 2387.2114340920702 212.97500000000116 567.6619999999942
  endloop
endfacet
facet normal 0.923879532511279 0.3826834323651089 -3.585670982330107e-16
  outer loop
    vertex 2387.056588437188 213.34883048009223 567.6619999999942
    vertex 2387.2114340920702 212.9750000000011 563.6619999999964
    vertex 2387.056588437188 213.34883048009218 563.6619999999964
  endloop
endfacet
facet normal 0.9914448613738058 0.13052619222008746 -2.112115437466803e-15
  outer loop
    vertex 2387.056588437188 213.34883048009218 563.6619999999964
    vertex 2387.0037734679363 213.75000000000117 567.6619999999942
    vertex 2387.056588437188 213.34883048009223 567.6619999999942
  endloop
endfacet
facet normal 0.9914448613738058 0.13052619222008746 -2.112115437466803e-15
  outer loop
    vertex 2387.0037734679363 213.75000000000117 567.6619999999942
    vertex 2387.056588437188 213.34883048009218 563.6619999999964
    vertex 2387.0037734679363 213.7500000000011 563.6619999999964
  endloop
endfacet
facet normal 0.9914448613738018 -0.13052619222011658 -3.7217266000737124e-15
  outer loop
    vertex 2387.0037734679363 213.7500000000011 563.6619999999964
    vertex 2387.056588437188 214.15116951991007 567.6619999999942
    vertex 2387.0037734679363 213.75000000000117 567.6619999999942
  endloop
endfacet
facet normal 0.9914448613738018 -0.13052619222011658 -3.7217266000737124e-15
  outer loop
    vertex 2387.056588437188 214.15116951991007 567.6619999999942
    vertex 2387.0037734679363 213.7500000000011 563.6619999999964
    vertex 2387.056588437188 214.15116951991004 563.6619999999964
  endloop
endfacet
facet normal -9.650287630302349e-16 -0.2588190451024072 0.9659258262890987
  outer loop
    vertex 2390.8537734679367 208.37215136548136 567.2657838169913
    vertex 2384.0537734679365 207.9428028530517 567.1507402298141
    vertex 2390.8537734679367 207.94280285305155 567.1507402298141
  endloop
endfacet
facet normal -9.650287630302349e-16 -0.2588190451024072 0.9659258262890987
  outer loop
    vertex 2384.0537734679365 207.9428028530517 567.1507402298141
    vertex 2390.8537734679367 208.37215136548136 567.2657838169913
    vertex 2384.0537734679365 208.3721513654815 567.2657838169911
  endloop
endfacet
facet normal 1.6489549466704224e-15 -0.08715574274772883 0.9961946980917395
  outer loop
    vertex 2390.8537734679367 207.94280285305155 567.1507402298141
    vertex 2384.0537734679365 207.500000000001 567.1119999999954
    vertex 2390.8537734679367 207.5000000000009 567.1119999999951
  endloop
endfacet
facet normal 1.6489549466704224e-15 -0.08715574274772883 0.9961946980917395
  outer loop
    vertex 2384.0537734679365 207.500000000001 567.1119999999954
    vertex 2390.8537734679367 207.94280285305155 567.1507402298141
    vertex 2384.0537734679365 207.9428028530517 567.1507402298141
  endloop
endfacet
facet normal 4.212835994732647e-15 0.08715574274771652 0.9961946980917404
  outer loop
    vertex 2390.8537734679367 207.5000000000009 567.1119999999951
    vertex 2384.0537734679365 207.0571971469503 567.1507402298141
    vertex 2390.8537734679367 207.05719714695016 567.150740229814
  endloop
endfacet
facet normal 4.212835994732647e-15 0.08715574274771652 0.9961946980917404
  outer loop
    vertex 2384.0537734679365 207.0571971469503 567.1507402298141
    vertex 2390.8537734679367 207.5000000000009 567.1119999999951
    vertex 2384.0537734679365 207.500000000001 567.1119999999954
  endloop
endfacet
facet normal 6.6487121528882804e-15 0.2588190451023954 0.9659258262891021
  outer loop
    vertex 2390.8537734679367 207.05719714695016 567.150740229814
    vertex 2384.0537734679365 206.6278486345206 567.2657838169913
    vertex 2390.8537734679367 206.62784863452046 567.2657838169911
  endloop
endfacet
facet normal 6.6487121528882804e-15 0.2588190451023954 0.9659258262891021
  outer loop
    vertex 2384.0537734679365 206.6278486345206 567.2657838169913
    vertex 2390.8537734679367 207.05719714695016 567.150740229814
    vertex 2384.0537734679365 207.0571971469503 567.1507402298141
  endloop
endfacet
facet normal 8.882570556695476e-15 0.42261826174079403 0.9063077870366061
  outer loop
    vertex 2390.8537734679367 206.62784863452046 567.2657838169911
    vertex 2384.0537734679365 206.22500000000096 567.453635220345
    vertex 2390.8537734679367 206.22500000000085 567.4536352203448
  endloop
endfacet
facet normal 8.882570556695476e-15 0.42261826174079403 0.9063077870366061
  outer loop
    vertex 2384.0537734679365 206.22500000000096 567.453635220345
    vertex 2390.8537734679367 206.62784863452046 567.2657838169911
    vertex 2384.0537734679365 206.6278486345206 567.2657838169913
  endloop
endfacet
facet normal 1.0847980196310125e-14 0.5735764363510847 0.8191520442889648
  outer loop
    vertex 2390.8537734679367 206.22500000000085 567.4536352203448
    vertex 2384.053773467936 205.86089159530033 567.708586670042
    vertex 2390.853773467936 205.86089159530022 567.7085866700418
  endloop
endfacet
facet normal 1.0847980196310125e-14 0.5735764363510847 0.8191520442889648
  outer loop
    vertex 2384.053773467936 205.86089159530033 567.708586670042
    vertex 2390.8537734679367 206.22500000000085 567.4536352203448
    vertex 2384.0537734679365 206.22500000000096 567.453635220345
  endloop
endfacet
facet normal 1.2480936016737762e-14 0.7071067811864925 0.7071067811866026
  outer loop
    vertex 2390.853773467936 205.86089159530022 567.7085866700418
    vertex 2384.053773467936 205.5465866700476 568.0228915952947
    vertex 2390.853773467936 205.54658667004745 568.0228915952945
  endloop
endfacet
facet normal 1.2480936016737762e-14 0.7071067811864925 0.7071067811866026
  outer loop
    vertex 2384.053773467936 205.5465866700476 568.0228915952947
    vertex 2390.853773467936 205.86089159530022 567.7085866700418
    vertex 2384.053773467936 205.86089159530033 567.708586670042
  endloop
endfacet
facet normal 1.373509770655805e-14 0.8191520442888912 0.57357643635119
  outer loop
    vertex 2390.853773467936 205.2916352203505 568.386999999995
    vertex 2384.053773467936 205.5465866700476 568.0228915952947
    vertex 2384.053773467936 205.29163522035066 568.386999999995
  endloop
endfacet
facet normal 1.373509770655805e-14 0.8191520442888912 0.57357643635119
  outer loop
    vertex 2384.053773467936 205.5465866700476 568.0228915952947
    vertex 2390.853773467936 205.2916352203505 568.386999999995
    vertex 2390.853773467936 205.54658667004745 568.0228915952945
  endloop
endfacet
facet normal 1.4573916394167197e-14 0.9063077870366967 0.42261826174059947
  outer loop
    vertex 2390.853773467936 205.1037838169968 568.7898486345147
    vertex 2384.053773467936 205.29163522035066 568.386999999995
    vertex 2384.053773467936 205.10378381699692 568.7898486345149
  endloop
endfacet
facet normal 1.4573916394167197e-14 0.9063077870366967 0.42261826174059947
  outer loop
    vertex 2384.053773467936 205.29163522035066 568.386999999995
    vertex 2390.853773467936 205.1037838169968 568.7898486345147
    vertex 2390.853773467936 205.2916352203505 568.386999999995
  endloop
endfacet
facet normal 1.4968903154116713e-14 0.9659258262890411 0.2588190451026221
  outer loop
    vertex 2390.853773467936 204.9887402298197 569.2191971469443
    vertex 2384.053773467936 205.10378381699692 568.7898486345149
    vertex 2384.053773467936 204.9887402298198 569.2191971469445
  endloop
endfacet
facet normal 1.4968903154116713e-14 0.9659258262890411 0.2588190451026221
  outer loop
    vertex 2384.053773467936 205.10378381699692 568.7898486345149
    vertex 2390.853773467936 204.9887402298197 569.2191971469443
    vertex 2390.853773467936 205.1037838169968 568.7898486345147
  endloop
endfacet
facet normal 1.490906736635968e-14 0.996194698091749 0.08715574274761925
  outer loop
    vertex 2390.853773467936 204.95000000000084 569.661999999995
    vertex 2384.053773467936 204.9887402298198 569.2191971469445
    vertex 2384.053773467936 204.95000000000095 569.6619999999951
  endloop
endfacet
facet normal 1.490906736635968e-14 0.996194698091749 0.08715574274761925
  outer loop
    vertex 2384.053773467936 204.9887402298198 569.2191971469445
    vertex 2390.853773467936 204.95000000000084 569.661999999995
    vertex 2390.853773467936 204.9887402298197 569.2191971469443
  endloop
endfacet
facet normal 1.4396227111028147e-14 0.9961946980917501 -0.08715574274760696
  outer loop
    vertex 2390.853773467936 204.9887402298197 570.1048028530458
    vertex 2384.053773467936 204.95000000000095 569.6619999999951
    vertex 2384.053773467936 204.9887402298198 570.104802853046
  endloop
endfacet
facet normal 1.4396227111028147e-14 0.9961946980917501 -0.08715574274760696
  outer loop
    vertex 2384.053773467936 204.95000000000095 569.6619999999951
    vertex 2390.853773467936 204.9887402298197 570.1048028530458
    vertex 2390.853773467936 204.95000000000084 569.661999999995
  endloop
endfacet
facet normal 1.3445964779769545e-14 0.9659258262890444 -0.2588190451026103
  outer loop
    vertex 2390.853773467936 205.1037838169968 570.5341513654755
    vertex 2384.053773467936 204.9887402298198 570.104802853046
    vertex 2384.053773467936 205.1037838169969 570.5341513654759
  endloop
endfacet
facet normal 1.3445964779769545e-14 0.9659258262890444 -0.2588190451026103
  outer loop
    vertex 2384.053773467936 204.9887402298198 570.104802853046
    vertex 2390.853773467936 205.1037838169968 570.5341513654755
    vertex 2390.853773467936 204.9887402298197 570.1048028530458
  endloop
endfacet
facet normal 1.2087153612666497e-14 0.9063077870367018 -0.4226182617405884
  outer loop
    vertex 2390.853773467936 205.2916352203505 570.9369999999951
    vertex 2384.053773467936 205.1037838169969 570.5341513654759
    vertex 2384.053773467936 205.29163522035063 570.9369999999952
  endloop
endfacet
facet normal 1.2087153612666497e-14 0.9063077870367018 -0.4226182617405884
  outer loop
    vertex 2384.053773467936 205.1037838169969 570.5341513654759
    vertex 2390.853773467936 205.2916352203505 570.9369999999951
    vertex 2390.853773467936 205.1037838169968 570.5341513654755
  endloop
endfacet
facet normal 1.0360069546654635e-14 0.8191520442888981 -0.5735764363511799
  outer loop
    vertex 2390.8537734679367 205.54658667004745 571.3011084046957
    vertex 2384.053773467936 205.29163522035063 570.9369999999952
    vertex 2384.0537734679365 205.54658667004753 571.3011084046959
  endloop
endfacet
facet normal 1.0360069546654635e-14 0.8191520442888981 -0.5735764363511799
  outer loop
    vertex 2384.053773467936 205.29163522035063 570.9369999999952
    vertex 2390.8537734679367 205.54658667004745 571.3011084046957
    vertex 2390.853773467936 205.2916352203505 570.9369999999951
  endloop
endfacet
facet normal 8.320191001226552e-15 0.7071067811865519 -0.7071067811865432
  outer loop
    vertex 2384.0537734679365 205.86089159530025 571.6154133299486
    vertex 2390.8537734679367 205.54658667004745 571.3011084046957
    vertex 2384.0537734679365 205.54658667004753 571.3011084046959
  endloop
endfacet
facet normal 8.320191001226552e-15 0.7071067811865519 -0.7071067811865432
  outer loop
    vertex 2390.8537734679367 205.54658667004745 571.3011084046957
    vertex 2384.0537734679365 205.86089159530025 571.6154133299486
    vertex 2390.8537734679367 205.86089159530016 571.6154133299484
  endloop
endfacet
facet normal 6.026929604268259e-15 0.5735764363510469 -0.8191520442889912
  outer loop
    vertex 2384.0537734679365 206.22500000000093 571.8703647796455
    vertex 2390.8537734679367 205.86089159530016 571.6154133299484
    vertex 2384.0537734679365 205.86089159530025 571.6154133299486
  endloop
endfacet
facet normal 6.026929604268259e-15 0.5735764363510469 -0.8191520442889912
  outer loop
    vertex 2390.8537734679367 205.86089159530016 571.6154133299484
    vertex 2384.0537734679365 206.22500000000093 571.8703647796455
    vertex 2390.8537734679367 206.22500000000085 571.8703647796453
  endloop
endfacet
facet normal 3.5496905620997266e-15 0.42261826174080513 -0.9063077870366008
  outer loop
    vertex 2384.0537734679365 206.6278486345205 572.0582161829994
    vertex 2390.8537734679367 206.22500000000085 571.8703647796453
    vertex 2384.0537734679365 206.22500000000093 571.8703647796455
  endloop
endfacet
facet normal 3.5496905620997266e-15 0.42261826174080513 -0.9063077870366008
  outer loop
    vertex 2390.8537734679367 206.22500000000085 571.8703647796453
    vertex 2384.0537734679365 206.6278486345205 572.0582161829994
    vertex 2390.8537734679367 206.6278486345204 572.0582161829991
  endloop
endfacet
facet normal 9.65028763029442e-16 0.2588190451024072 -0.9659258262890987
  outer loop
    vertex 2384.0537734679365 207.05719714695024 572.1732597701763
    vertex 2390.8537734679367 206.6278486345204 572.0582161829991
    vertex 2384.0537734679365 206.6278486345205 572.0582161829994
  endloop
endfacet
facet normal 9.65028763029442e-16 0.2588190451024072 -0.9659258262890987
  outer loop
    vertex 2390.8537734679367 206.6278486345204 572.0582161829991
    vertex 2384.0537734679365 207.05719714695024 572.1732597701763
    vertex 2390.8537734679367 207.05719714695016 572.1732597701762
  endloop
endfacet
facet normal -1.6489549466704406e-15 0.08715574274772883 -0.9961946980917395
  outer loop
    vertex 2384.0537734679365 207.50000000000094 572.2119999999953
    vertex 2390.8537734679367 207.05719714695016 572.1732597701762
    vertex 2384.0537734679365 207.05719714695024 572.1732597701763
  endloop
endfacet
facet normal -1.6489549466704406e-15 0.08715574274772883 -0.9961946980917395
  outer loop
    vertex 2390.8537734679367 207.05719714695016 572.1732597701762
    vertex 2384.0537734679365 207.50000000000094 572.2119999999953
    vertex 2390.8537734679367 207.50000000000085 572.2119999999951
  endloop
endfacet
facet normal -4.212835994733465e-15 -0.08715574274771654 -0.9961946980917404
  outer loop
    vertex 2384.0537734679365 207.94280285305163 572.1732597701763
    vertex 2390.8537734679367 207.50000000000085 572.2119999999951
    vertex 2384.0537734679365 207.50000000000094 572.2119999999953
  endloop
endfacet
facet normal -4.212835994733465e-15 -0.08715574274771654 -0.9961946980917404
  outer loop
    vertex 2390.8537734679367 207.50000000000085 572.2119999999951
    vertex 2384.0537734679365 207.94280285305163 572.1732597701763
    vertex 2390.8537734679367 207.94280285305155 572.1732597701763
  endloop
endfacet
facet normal -6.648712152888333e-15 -0.2588190451023954 -0.9659258262891021
  outer loop
    vertex 2384.0537734679365 208.37215136548141 572.0582161829992
    vertex 2390.8537734679367 207.94280285305155 572.1732597701763
    vertex 2384.0537734679365 207.94280285305163 572.1732597701763
  endloop
endfacet
facet normal -6.648712152888333e-15 -0.2588190451023954 -0.9659258262891021
  outer loop
    vertex 2390.8537734679367 207.94280285305155 572.1732597701763
    vertex 2384.0537734679365 208.37215136548141 572.0582161829992
    vertex 2390.8537734679367 208.3721513654813 572.0582161829994
  endloop
endfacet
facet normal -8.882570556695208e-15 -0.4226182617408328 -0.9063077870365878
  outer loop
    vertex 2384.053773467936 208.77500000000094 571.8703647796455
    vertex 2390.8537734679367 208.3721513654813 572.0582161829994
    vertex 2384.0537734679365 208.37215136548141 572.0582161829992
  endloop
endfacet
facet normal -8.882570556695208e-15 -0.4226182617408328 -0.9063077870365878
  outer loop
    vertex 2390.8537734679367 208.3721513654813 572.0582161829994
    vertex 2384.053773467936 208.77500000000094 571.8703647796455
    vertex 2390.853773467936 208.77500000000083 571.8703647796455
  endloop
endfacet
facet normal -1.0847980196308913e-14 -0.5735764363509892 -0.8191520442890317
  outer loop
    vertex 2384.053773467936 209.13910840470166 571.6154133299485
    vertex 2390.853773467936 208.77500000000083 571.8703647796455
    vertex 2384.053773467936 208.77500000000094 571.8703647796455
  endloop
endfacet
facet normal -1.0847980196308913e-14 -0.5735764363509892 -0.8191520442890317
  outer loop
    vertex 2390.853773467936 208.77500000000083 571.8703647796455
    vertex 2384.053773467936 209.13910840470166 571.6154133299485
    vertex 2390.853773467936 209.13910840470157 571.6154133299486
  endloop
endfacet
facet normal -1.2480936016738429e-14 -0.7071067811865432 -0.7071067811865519
  outer loop
    vertex 2384.053773467936 209.45341332995437 571.3011084046958
    vertex 2390.853773467936 209.13910840470157 571.6154133299486
    vertex 2384.053773467936 209.13910840470166 571.6154133299485
  endloop
endfacet
facet normal -1.2480936016738429e-14 -0.7071067811865432 -0.7071067811865519
  outer loop
    vertex 2390.853773467936 209.13910840470157 571.6154133299486
    vertex 2384.053773467936 209.45341332995437 571.3011084046958
    vertex 2390.853773467936 209.4534133299543 571.3011084046959
  endloop
endfacet
facet normal -1.3737119412114101e-14 -0.8191520442888912 -0.57357643635119
  outer loop
    vertex 2390.853773467936 209.7083647796512 570.9369999999952
    vertex 2384.053773467936 209.45341332995437 571.3011084046958
    vertex 2384.053773467936 209.70836477965128 570.9369999999952
  endloop
endfacet
facet normal -1.3737119412114101e-14 -0.8191520442888912 -0.57357643635119
  outer loop
    vertex 2384.053773467936 209.45341332995437 571.3011084046958
    vertex 2390.853773467936 209.7083647796512 570.9369999999952
    vertex 2390.853773467936 209.4534133299543 571.3011084046959
  endloop
endfacet
facet normal -1.4573916394167197e-14 -0.9063077870366967 -0.42261826174059963
  outer loop
    vertex 2390.853773467936 209.89621618300492 570.5341513654759
    vertex 2384.053773467936 209.70836477965128 570.9369999999952
    vertex 2384.053773467936 209.896216183005 570.5341513654756
  endloop
endfacet
facet normal -1.4573916394167197e-14 -0.9063077870366967 -0.42261826174059963
  outer loop
    vertex 2384.053773467936 209.70836477965128 570.9369999999952
    vertex 2390.853773467936 209.89621618300492 570.5341513654759
    vertex 2390.853773467936 209.7083647796512 570.9369999999952
  endloop
endfacet
facet normal -1.4968903154116928e-14 -0.9659258262890411 -0.2588190451026221
  outer loop
    vertex 2390.853773467936 210.01125977018202 570.104802853046
    vertex 2384.053773467936 209.896216183005 570.5341513654756
    vertex 2384.053773467936 210.0112597701821 570.104802853046
  endloop
endfacet
facet normal -1.4968903154116928e-14 -0.9659258262890411 -0.2588190451026221
  outer loop
    vertex 2384.053773467936 209.896216183005 570.5341513654756
    vertex 2390.853773467936 210.01125977018202 570.104802853046
    vertex 2390.853773467936 209.89621618300492 570.5341513654759
  endloop
endfacet
facet normal -1.490906736635968e-14 -0.996194698091749 -0.08715574274761925
  outer loop
    vertex 2390.853773467936 210.05000000000086 569.6619999999951
    vertex 2384.053773467936 210.0112597701821 570.104802853046
    vertex 2384.053773467936 210.05000000000095 569.6619999999951
  endloop
endfacet
facet normal -1.490906736635968e-14 -0.996194698091749 -0.08715574274761925
  outer loop
    vertex 2384.053773467936 210.0112597701821 570.104802853046
    vertex 2390.853773467936 210.05000000000086 569.6619999999951
    vertex 2390.853773467936 210.01125977018202 570.104802853046
  endloop
endfacet
facet normal -1.439622711102835e-14 -0.9961946980917501 0.08715574274760696
  outer loop
    vertex 2390.853773467936 210.01125977018202 569.2191971469445
    vertex 2384.053773467936 210.05000000000095 569.6619999999951
    vertex 2384.053773467936 210.0112597701821 569.2191971469445
  endloop
endfacet
facet normal -1.439622711102835e-14 -0.9961946980917501 0.08715574274760696
  outer loop
    vertex 2384.053773467936 210.05000000000095 569.6619999999951
    vertex 2390.853773467936 210.01125977018202 569.2191971469445
    vertex 2390.853773467936 210.05000000000086 569.6619999999951
  endloop
endfacet
facet normal -1.3445964779769545e-14 -0.9659258262890444 0.2588190451026102
  outer loop
    vertex 2390.853773467936 209.89621618300492 568.7898486345149
    vertex 2384.053773467936 210.0112597701821 569.2191971469445
    vertex 2384.053773467936 209.89621618300507 568.7898486345147
  endloop
endfacet
facet normal -1.3445964779769545e-14 -0.9659258262890444 0.2588190451026102
  outer loop
    vertex 2384.053773467936 210.0112597701821 569.2191971469445
    vertex 2390.853773467936 209.89621618300492 568.7898486345149
    vertex 2390.853773467936 210.01125977018202 569.2191971469445
  endloop
endfacet
facet normal -1.208715361266615e-14 -0.9063077870367018 0.4226182617405884
  outer loop
    vertex 2390.853773467936 209.7083647796512 568.386999999995
    vertex 2384.053773467936 209.89621618300507 568.7898486345147
    vertex 2384.053773467936 209.70836477965133 568.386999999995
  endloop
endfacet
facet normal -1.208715361266615e-14 -0.9063077870367018 0.4226182617405884
  outer loop
    vertex 2384.053773467936 209.89621618300507 568.7898486345147
    vertex 2390.853773467936 209.7083647796512 568.386999999995
    vertex 2390.853773467936 209.89621618300492 568.7898486345149
  endloop
endfacet
facet normal -1.0360069546654635e-14 -0.8191520442888981 0.5735764363511799
  outer loop
    vertex 2390.853773467936 209.4534133299543 568.0228915952947
    vertex 2384.053773467936 209.70836477965133 568.386999999995
    vertex 2384.053773467936 209.4534133299544 568.0228915952946
  endloop
endfacet
facet normal -1.0360069546654635e-14 -0.8191520442888981 0.5735764363511799
  outer loop
    vertex 2384.053773467936 209.70836477965133 568.386999999995
    vertex 2390.853773467936 209.4534133299543 568.0228915952947
    vertex 2390.853773467936 209.7083647796512 568.386999999995
  endloop
endfacet
facet normal -8.320191001226552e-15 -0.7071067811865519 0.7071067811865432
  outer loop
    vertex 2390.853773467936 209.4534133299543 568.0228915952947
    vertex 2384.053773467936 209.13910840470174 567.7085866700419
    vertex 2390.853773467936 209.1391084047016 567.708586670042
  endloop
endfacet
facet normal -8.320191001226552e-15 -0.7071067811865519 0.7071067811865432
  outer loop
    vertex 2384.053773467936 209.13910840470174 567.7085866700419
    vertex 2390.853773467936 209.4534133299543 568.0228915952947
    vertex 2384.053773467936 209.4534133299544 568.0228915952946
  endloop
endfacet
facet normal -6.024042309508167e-15 -0.573576436351047 0.8191520442889912
  outer loop
    vertex 2390.853773467936 209.1391084047016 567.708586670042
    vertex 2384.053773467936 208.77500000000103 567.453635220345
    vertex 2390.853773467936 208.7750000000009 567.453635220345
  endloop
endfacet
facet normal -6.024042309508167e-15 -0.573576436351047 0.8191520442889912
  outer loop
    vertex 2384.053773467936 208.77500000000103 567.453635220345
    vertex 2390.853773467936 209.1391084047016 567.708586670042
    vertex 2384.053773467936 209.13910840470174 567.7085866700419
  endloop
endfacet
facet normal -3.5496905620998134e-15 -0.42261826174080513 0.9063077870366008
  outer loop
    vertex 2390.853773467936 208.7750000000009 567.453635220345
    vertex 2384.0537734679365 208.3721513654815 567.2657838169911
    vertex 2390.8537734679367 208.37215136548136 567.2657838169913
  endloop
endfacet
facet normal -3.5496905620998134e-15 -0.42261826174080513 0.9063077870366008
  outer loop
    vertex 2384.0537734679365 208.3721513654815 567.2657838169911
    vertex 2390.853773467936 208.7750000000009 567.453635220345
    vertex 2384.053773467936 208.77500000000103 567.453635220345
  endloop
endfacet
facet normal 0.6310873187074955 -0.3278299723933028 0.7030336445485311
  outer loop
    vertex 2393.8537734679367 221.71010071662923 564.9635368960659
    vertex 2390.8537734679367 221.27500000000094 567.4536352203447
    vertex 2390.8537734679367 220.8721513654813 567.265783816991
  endloop
endfacet
facet normal 0.6310873187074955 -0.3278299723933028 0.7030336445485311
  outer loop
    vertex 2390.8537734679367 221.27500000000094 567.4536352203447
    vertex 2393.8537734679367 221.71010071662923 564.9635368960659
    vertex 2393.8537734679367 222.5000000000008 565.3318729810727
  endloop
endfacet
facet normal 0.6310873187075838 -0.4449300096967861 0.6354259064892542
  outer loop
    vertex 2393.8537734679367 222.5000000000008 565.3318729810727
    vertex 2390.853773467936 221.63910840470157 567.7085866700417
    vertex 2390.8537734679367 221.27500000000094 567.4536352203447
  endloop
endfacet
facet normal 0.6310873187075838 -0.4449300096967861 0.6354259064892542
  outer loop
    vertex 2390.853773467936 221.63910840470157 567.7085866700417
    vertex 2393.8537734679367 222.5000000000008 565.3318729810727
    vertex 2393.853773467936 223.21393804843385 565.8317777843994
  endloop
endfacet
facet normal 0.6310873187075965 -0.5485110738020543 0.5485110738015906
  outer loop
    vertex 2390.853773467936 221.63910840470157 567.7085866700417
    vertex 2393.853773467936 223.83022221559577 566.4480619515618
    vertex 2390.853773467936 221.95341332995426 568.0228915952944
  endloop
endfacet
facet normal 0.6310873187075965 -0.5485110738020543 0.5485110738015906
  outer loop
    vertex 2393.853773467936 223.83022221559577 566.4480619515618
    vertex 2390.853773467936 221.63910840470157 567.7085866700417
    vertex 2393.853773467936 223.21393804843385 565.8317777843994
  endloop
endfacet
facet normal 0.6310873187075573 -0.6354259064888517 0.4449300096973988
  outer loop
    vertex 2393.853773467936 223.83022221559577 566.4480619515618
    vertex 2390.853773467936 222.2083647796512 568.3869999999949
    vertex 2390.853773467936 221.95341332995426 568.0228915952944
  endloop
endfacet
facet normal 0.6310873187075573 -0.6354259064888517 0.4449300096973988
  outer loop
    vertex 2390.853773467936 222.2083647796512 568.3869999999949
    vertex 2393.853773467936 223.83022221559577 566.4480619515618
    vertex 2393.853773467936 224.33012701892315 567.1619999999945
  endloop
endfacet
facet normal 0.6310873187075308 -0.7030336445484989 0.3278299723933039
  outer loop
    vertex 2393.853773467936 224.33012701892315 567.1619999999945
    vertex 2390.853773467936 222.39621618300492 568.7898486345146
    vertex 2390.853773467936 222.2083647796512 568.3869999999949
  endloop
endfacet
facet normal 0.6310873187075308 -0.7030336445484989 0.3278299723933039
  outer loop
    vertex 2390.853773467936 222.39621618300492 568.7898486345146
    vertex 2393.853773467936 224.33012701892315 567.1619999999945
    vertex 2393.8537734679367 224.69846310393055 567.9518992833662
  endloop
endfacet
facet normal 0.6310873187075308 -0.7030336445484989 0.3278299723933039
  outer loop
    vertex 2393.8537734679367 224.69846310393055 567.9518992833662
    vertex 2393.853773467936 224.33012701892315 567.1619999999945
    vertex 2393.8537734679367 224.56328084800063 567.6619999999944
  endloop
endfacet
facet normal 0.6310873187074714 -0.7492800610705395 0.2007689872683107
  outer loop
    vertex 2393.8537734679367 224.69846310393055 567.9518992833662
    vertex 2390.853773467936 222.51125977018202 569.2191971469442
    vertex 2390.853773467936 222.39621618300492 568.7898486345146
  endloop
endfacet
facet normal 0.6310873187074714 -0.7492800610705395 0.2007689872683107
  outer loop
    vertex 2390.853773467936 222.51125977018202 569.2191971469442
    vertex 2393.8537734679367 224.69846310393055 567.9518992833662
    vertex 2393.8537734679367 224.92403876506157 568.7937591116597
  endloop
endfacet
facet normal 0.6310873187074334 -0.7727599820909038 0.0676077380595462
  outer loop
    vertex 2393.8537734679367 224.92403876506157 568.7937591116597
    vertex 2390.853773467936 222.55000000000086 569.661999999995
    vertex 2390.853773467936 222.51125977018202 569.2191971469442
  endloop
endfacet
facet normal 0.6310873187074334 -0.7727599820909038 0.0676077380595462
  outer loop
    vertex 2390.853773467936 222.55000000000086 569.661999999995
    vertex 2393.8537734679367 224.92403876506157 568.7937591116597
    vertex 2393.8537734679367 225.0000000000007 569.6619999999946
  endloop
endfacet
facet normal 0.6310873187074184 -0.772759982090911 -0.06760773805960464
  outer loop
    vertex 2393.8537734679367 225.0000000000007 569.6619999999946
    vertex 2390.853773467936 222.51125977018202 570.1048028530457
    vertex 2390.853773467936 222.55000000000086 569.661999999995
  endloop
endfacet
facet normal 0.6310873187074184 -0.772759982090911 -0.06760773805960464
  outer loop
    vertex 2390.853773467936 222.51125977018202 570.1048028530457
    vertex 2393.8537734679367 225.0000000000007 569.6619999999946
    vertex 2393.8537734679367 224.92403876506157 570.5302408883289
  endloop
endfacet
facet normal 0.6310873187074338 -0.7492800610706168 -0.2007689872681403
  outer loop
    vertex 2393.8537734679367 224.92403876506157 570.5302408883289
    vertex 2390.853773467936 222.39621618300492 570.5341513654754
    vertex 2390.853773467936 222.51125977018202 570.1048028530457
  endloop
endfacet
facet normal 0.6310873187074338 -0.7492800610706168 -0.2007689872681403
  outer loop
    vertex 2390.853773467936 222.39621618300492 570.5341513654754
    vertex 2393.8537734679367 224.92403876506157 570.5302408883289
    vertex 2393.8537734679367 224.69846310393055 571.3721007166234
  endloop
endfacet
facet normal 0.6310873187074871 -0.7030336445484342 -0.3278299723935271
  outer loop
    vertex 2393.8537734679367 224.69846310393055 571.3721007166234
    vertex 2390.853773467936 222.2083647796512 570.936999999995
    vertex 2390.853773467936 222.39621618300492 570.5341513654754
  endloop
endfacet
facet normal 0.6310873187074871 -0.7030336445484342 -0.3278299723935271
  outer loop
    vertex 2390.853773467936 222.2083647796512 570.936999999995
    vertex 2393.8537734679367 224.69846310393055 571.3721007166234
    vertex 2393.8537734679367 224.33012701892315 572.1619999999951
  endloop
endfacet
facet normal 0.6310873187074443 -0.6354259064887522 -0.4449300096977012
  outer loop
    vertex 2393.8537734679367 224.33012701892315 572.1619999999951
    vertex 2390.853773467936 221.95341332995426 571.3011084046956
    vertex 2390.853773467936 222.2083647796512 570.936999999995
  endloop
endfacet
facet normal 0.6310873187074443 -0.6354259064887522 -0.4449300096977012
  outer loop
    vertex 2390.853773467936 221.95341332995426 571.3011084046956
    vertex 2393.8537734679367 224.33012701892315 572.1619999999951
    vertex 2393.8537734679367 223.8302222155957 572.8759380484271
  endloop
endfacet
facet normal 0.6310873187074711 -0.5485110738023923 -0.5485110738013969
  outer loop
    vertex 2390.853773467936 221.63910840470157 571.6154133299483
    vertex 2393.8537734679367 223.8302222155957 572.8759380484271
    vertex 2393.853773467936 223.21393804843382 573.4922222155899
  endloop
endfacet
facet normal 0.6310873187074711 -0.5485110738023923 -0.5485110738013969
  outer loop
    vertex 2393.8537734679367 223.8302222155957 572.8759380484271
    vertex 2390.853773467936 221.63910840470157 571.6154133299483
    vertex 2390.853773467936 221.95341332995426 571.3011084046956
  endloop
endfacet
facet normal 0.6310873187075362 -0.4449300096971979 -0.6354259064890132
  outer loop
    vertex 2390.853773467936 221.63910840470157 571.6154133299483
    vertex 2393.853773467936 222.50000000000074 573.9921270189172
    vertex 2390.853773467936 221.27500000000083 571.8703647796452
  endloop
endfacet
facet normal 0.6310873187075362 -0.4449300096971979 -0.6354259064890132
  outer loop
    vertex 2393.853773467936 222.50000000000074 573.9921270189172
    vertex 2390.853773467936 221.63910840470157 571.6154133299483
    vertex 2393.853773467936 223.21393804843382 573.4922222155899
  endloop
endfacet
facet normal 0.6310873187074674 -0.3278299723928145 -0.703033644548784
  outer loop
    vertex 2390.853773467936 221.27500000000083 571.8703647796452
    vertex 2393.8537734679367 221.71010071662917 574.3604631039237
    vertex 2390.8537734679367 220.8721513654813 572.0582161829991
  endloop
endfacet
facet normal 0.6310873187074674 -0.3278299723928145 -0.703033644548784
  outer loop
    vertex 2393.8537734679367 221.71010071662917 574.3604631039237
    vertex 2390.853773467936 221.27500000000083 571.8703647796452
    vertex 2393.853773467936 222.50000000000074 573.9921270189172
  endloop
endfacet
facet normal 0.631087318707528 -0.2007689872696523 -0.7492800610701323
  outer loop
    vertex 2390.8537734679367 220.8721513654813 572.0582161829991
    vertex 2393.8537734679367 220.8682408883357 574.5860387650569
    vertex 2390.8537734679367 220.44280285305155 572.1732597701761
  endloop
endfacet
facet normal 0.631087318707528 -0.2007689872696523 -0.7492800610701323
  outer loop
    vertex 2393.8537734679367 220.8682408883357 574.5860387650569
    vertex 2390.8537734679367 220.8721513654813 572.0582161829991
    vertex 2393.8537734679367 221.71010071662917 574.3604631039237
  endloop
endfacet
facet normal 0.6310873187075834 -0.06760773805880035 -0.7727599820908468
  outer loop
    vertex 2390.8537734679367 220.00000000000085 572.211999999995
    vertex 2393.8537734679367 220.8682408883357 574.5860387650569
    vertex 2393.8537734679367 220.00000000000068 574.6619999999949
  endloop
endfacet
facet normal 0.6310873187075834 -0.06760773805880035 -0.7727599820908468
  outer loop
    vertex 2393.8537734679367 220.8682408883357 574.5860387650569
    vertex 2390.8537734679367 220.00000000000085 572.211999999995
    vertex 2390.8537734679367 220.44280285305155 572.1732597701761
  endloop
endfacet
facet normal 0.6310873187075853 0.06760773805881345 -0.7727599820908441
  outer loop
    vertex 2390.8537734679367 219.55719714695016 572.1732597701761
    vertex 2393.8537734679367 220.00000000000068 574.6619999999949
    vertex 2393.8537734679367 219.131759111666 574.5860387650569
  endloop
endfacet
facet normal 0.6310873187075853 0.06760773805881345 -0.7727599820908441
  outer loop
    vertex 2393.8537734679367 220.00000000000068 574.6619999999949
    vertex 2390.8537734679367 219.55719714695016 572.1732597701761
    vertex 2390.8537734679367 220.00000000000085 572.211999999995
  endloop
endfacet
facet normal 0.6310873187075303 0.2007689872696112 -0.7492800610701414
  outer loop
    vertex 2390.8537734679367 219.1278486345204 572.0582161829991
    vertex 2393.8537734679367 219.131759111666 574.5860387650569
    vertex 2393.8537734679367 218.28989928337245 574.3604631039237
  endloop
endfacet
facet normal 0.6310873187075303 0.2007689872696112 -0.7492800610701414
  outer loop
    vertex 2393.8537734679367 219.131759111666 574.5860387650569
    vertex 2390.8537734679367 219.1278486345204 572.0582161829991
    vertex 2390.8537734679367 219.55719714695016 572.1732597701761
  endloop
endfacet
facet normal 0.6310873187074757 0.3278299723930844 -0.7030336445486509
  outer loop
    vertex 2390.8537734679367 218.72500000000085 571.8703647796452
    vertex 2393.8537734679367 218.28989928337245 574.3604631039237
    vertex 2393.8537734679367 217.50000000000088 573.9921270189172
  endloop
endfacet
facet normal 0.6310873187074757 0.3278299723930844 -0.7030336445486509
  outer loop
    vertex 2393.8537734679367 218.28989928337245 574.3604631039237
    vertex 2390.8537734679367 218.72500000000085 571.8703647796452
    vertex 2390.8537734679367 219.1278486345204 572.0582161829991
  endloop
endfacet
facet normal 0.6310873187075512 0.44493000969716356 -0.6354259064890223
  outer loop
    vertex 2390.8537734679367 218.36089159530016 571.6154133299483
    vertex 2393.8537734679367 217.50000000000088 573.9921270189172
    vertex 2393.8537734679367 216.78606195156775 573.4922222155899
  endloop
endfacet
facet normal 0.6310873187075512 0.44493000969716356 -0.6354259064890223
  outer loop
    vertex 2393.8537734679367 217.50000000000088 573.9921270189172
    vertex 2390.8537734679367 218.36089159530016 571.6154133299483
    vertex 2390.8537734679367 218.72500000000085 571.8703647796452
  endloop
endfacet
facet normal 0.6310873187075151 0.5485110738022488 -0.5485110738014898
  outer loop
    vertex 2393.8537734679367 216.1697777844059 572.8759380484271
    vertex 2390.8537734679367 218.36089159530016 571.6154133299483
    vertex 2393.8537734679367 216.78606195156775 573.4922222155899
  endloop
endfacet
facet normal 0.6310873187075151 0.5485110738022488 -0.5485110738014898
  outer loop
    vertex 2390.8537734679367 218.36089159530016 571.6154133299483
    vertex 2393.8537734679367 216.1697777844059 572.8759380484271
    vertex 2390.8537734679367 218.04658667004745 571.3011084046956
  endloop
endfacet
facet normal 0.6310873187074975 0.6354259064887758 -0.4449300096975919
  outer loop
    vertex 2393.8537734679367 216.1697777844059 572.8759380484271
    vertex 2390.8537734679367 217.7916352203505 570.936999999995
    vertex 2390.8537734679367 218.04658667004745 571.3011084046956
  endloop
endfacet
facet normal 0.6310873187074975 0.6354259064887758 -0.4449300096975919
  outer loop
    vertex 2390.8537734679367 217.7916352203505 570.936999999995
    vertex 2393.8537734679367 216.1697777844059 572.8759380484271
    vertex 2393.8537734679367 215.66987298107864 572.1619999999951
  endloop
endfacet
facet normal 0.6310873187075342 0.7030336445483749 -0.32782997239356326
  outer loop
    vertex 2393.8537734679367 215.66987298107864 572.1619999999951
    vertex 2390.8537734679367 217.6037838169968 570.5341513654754
    vertex 2390.8537734679367 217.7916352203505 570.936999999995
  endloop
endfacet
facet normal 0.6310873187075342 0.7030336445483749 -0.32782997239356326
  outer loop
    vertex 2390.8537734679367 217.6037838169968 570.5341513654754
    vertex 2393.8537734679367 215.66987298107864 572.1619999999951
    vertex 2393.8537734679367 215.30153689607118 571.3721007166234
  endloop
endfacet
facet normal 0.6310873187075354 0.7492800610704267 -0.20076898726853054
  outer loop
    vertex 2393.8537734679367 215.30153689607118 571.3721007166234
    vertex 2390.8537734679367 217.4887402298197 570.1048028530457
    vertex 2390.8537734679367 217.6037838169968 570.5341513654754
  endloop
endfacet
facet normal 0.6310873187075354 0.7492800610704267 -0.20076898726853054
  outer loop
    vertex 2390.8537734679367 217.4887402298197 570.1048028530457
    vertex 2393.8537734679367 215.30153689607118 571.3721007166234
    vertex 2393.8537734679367 215.0759612349395 570.5302408883289
  endloop
endfacet
facet normal 0.6310873187075429 0.7727599820908331 -0.06760773805933497
  outer loop
    vertex 2393.8537734679367 215.0759612349395 570.5302408883289
    vertex 2390.8537734679367 217.45000000000084 569.661999999995
    vertex 2390.8537734679367 217.4887402298197 570.1048028530457
  endloop
endfacet
facet normal 0.6310873187075429 0.7727599820908331 -0.06760773805933497
  outer loop
    vertex 2390.8537734679367 217.45000000000084 569.661999999995
    vertex 2393.8537734679367 215.0759612349395 570.5302408883289
    vertex 2393.8537734679367 215.00000000000074 569.6619999999946
  endloop
endfacet
facet normal 0.6310873187075579 0.7727599820908243 0.06760773805929535
  outer loop
    vertex 2393.8537734679367 215.00000000000074 569.6619999999946
    vertex 2390.8537734679367 217.4887402298197 569.2191971469442
    vertex 2390.8537734679367 217.45000000000084 569.661999999995
  endloop
endfacet
facet normal 0.6310873187075579 0.7727599820908243 0.06760773805929535
  outer loop
    vertex 2390.8537734679367 217.4887402298197 569.2191971469442
    vertex 2393.8537734679367 215.00000000000074 569.6619999999946
    vertex 2393.8537734679367 215.0759612349395 568.7937591116597
  endloop
endfacet
facet normal 0.6310873187075731 0.7492800610703444 0.20076898726871975
  outer loop
    vertex 2393.8537734679367 215.0759612349395 568.7937591116597
    vertex 2390.8537734679367 217.6037838169968 568.7898486345146
    vertex 2390.8537734679367 217.4887402298197 569.2191971469442
  endloop
endfacet
facet normal 0.6310873187075731 0.7492800610703444 0.20076898726871975
  outer loop
    vertex 2390.8537734679367 217.6037838169968 568.7898486345146
    vertex 2393.8537734679367 215.0759612349395 568.7937591116597
    vertex 2393.8537734679367 215.30153689607118 567.9518992833662
  endloop
endfacet
facet normal 0.6310873187075738 0.703033644548329 0.32782997239358574
  outer loop
    vertex 2393.8537734679367 215.30153689607118 567.9518992833662
    vertex 2390.8537734679367 217.7916352203505 568.3869999999949
    vertex 2390.8537734679367 217.6037838169968 568.7898486345146
  endloop
endfacet
facet normal 0.6310873187075738 0.703033644548329 0.32782997239358574
  outer loop
    vertex 2390.8537734679367 217.7916352203505 568.3869999999949
    vertex 2393.8537734679367 215.30153689607118 567.9518992833662
    vertex 2393.853773467936 215.4367191520011 567.6619999999946
  endloop
endfacet
facet normal 0.6310873187075738 0.703033644548329 0.32782997239358574
  outer loop
    vertex 2393.8537734679367 215.66987298107864 567.1619999999945
    vertex 2390.8537734679367 217.7916352203505 568.3869999999949
    vertex 2393.853773467936 215.4367191520011 567.6619999999946
  endloop
endfacet
facet normal 0.6310873187075645 0.6354259064888941 0.44493000969732777
  outer loop
    vertex 2393.8537734679367 215.66987298107864 567.1619999999945
    vertex 2390.8537734679367 218.04658667004745 568.0228915952944
    vertex 2390.8537734679367 217.7916352203505 568.3869999999949
  endloop
endfacet
facet normal 0.6310873187075645 0.6354259064888941 0.44493000969732777
  outer loop
    vertex 2390.8537734679367 218.04658667004745 568.0228915952944
    vertex 2393.8537734679367 215.66987298107864 567.1619999999945
    vertex 2393.8537734679367 216.16977778440597 566.4480619515618
  endloop
endfacet
facet normal 0.6310873187076173 0.5485110738020579 0.548511073801563
  outer loop
    vertex 2393.8537734679367 216.16977778440597 566.4480619515618
    vertex 2390.8537734679367 218.36089159530016 567.7085866700417
    vertex 2390.8537734679367 218.04658667004745 568.0228915952944
  endloop
endfacet
facet normal 0.6310873187076173 0.5485110738020579 0.548511073801563
  outer loop
    vertex 2390.8537734679367 218.36089159530016 567.7085866700417
    vertex 2393.8537734679367 216.16977778440597 566.4480619515618
    vertex 2393.8537734679367 216.78606195156777 565.8317777843994
  endloop
endfacet
facet normal 0.631087318707601 0.44493000969679175 0.6354259064892331
  outer loop
    vertex 2393.8537734679367 217.50000000000094 565.3318729810727
    vertex 2390.8537734679367 218.36089159530016 567.7085866700417
    vertex 2393.8537734679367 216.78606195156777 565.8317777843994
  endloop
endfacet
facet normal 0.631087318707601 0.44493000969679175 0.6354259064892331
  outer loop
    vertex 2390.8537734679367 218.36089159530016 567.7085866700417
    vertex 2393.8537734679367 217.50000000000094 565.3318729810727
    vertex 2390.8537734679367 218.72500000000088 567.4536352203447
  endloop
endfacet
facet normal 0.6310873187075052 0.3278299723933464 0.7030336445485021
  outer loop
    vertex 2393.853773467936 218.2898992833725 564.9635368960659
    vertex 2390.8537734679367 218.72500000000088 567.4536352203447
    vertex 2393.8537734679367 217.50000000000094 565.3318729810727
  endloop
endfacet
facet normal 0.6310873187075052 0.3278299723933464 0.7030336445485021
  outer loop
    vertex 2390.8537734679367 218.72500000000088 567.4536352203447
    vertex 2393.853773467936 218.2898992833725 564.9635368960659
    vertex 2390.8537734679367 219.1278486345204 567.265783816991
  endloop
endfacet
facet normal 0.6310873187074542 0.20076898726843853 0.7492800610705197
  outer loop
    vertex 2393.8537734679367 219.13175911166607 564.7379612349346
    vertex 2390.8537734679367 219.1278486345204 567.265783816991
    vertex 2393.853773467936 218.2898992833725 564.9635368960659
  endloop
endfacet
facet normal 0.6310873187074542 0.20076898726843853 0.7492800610705197
  outer loop
    vertex 2390.8537734679367 219.1278486345204 567.265783816991
    vertex 2393.8537734679367 219.13175911166607 564.7379612349346
    vertex 2390.8537734679367 219.55719714695022 567.1507402298139
  endloop
endfacet
facet normal 0.6310873187074506 0.0676077380595727 0.7727599820908877
  outer loop
    vertex 2393.8537734679367 220.00000000000074 564.6619999999954
    vertex 2390.8537734679367 219.55719714695022 567.1507402298139
    vertex 2393.8537734679367 219.13175911166607 564.7379612349346
  endloop
endfacet
facet normal 0.6310873187074506 0.0676077380595727 0.7727599820908877
  outer loop
    vertex 2390.8537734679367 219.55719714695022 567.1507402298139
    vertex 2393.8537734679367 220.00000000000074 564.6619999999954
    vertex 2390.8537734679367 220.00000000000085 567.1119999999951
  endloop
endfacet
facet normal 0.6310873187074476 -0.06760773805957845 0.7727599820908895
  outer loop
    vertex 2393.8537734679367 220.86824088833575 564.7379612349346
    vertex 2390.8537734679367 220.00000000000085 567.1119999999951
    vertex 2393.8537734679367 220.00000000000074 564.6619999999954
  endloop
endfacet
facet normal 0.6310873187074476 -0.06760773805957845 0.7727599820908895
  outer loop
    vertex 2390.8537734679367 220.00000000000085 567.1119999999951
    vertex 2393.8537734679367 220.86824088833575 564.7379612349346
    vertex 2390.8537734679367 220.4428028530516 567.1507402298139
  endloop
endfacet
facet normal 0.6310873187074503 -0.20076898726848183 0.7492800610705115
  outer loop
    vertex 2393.8537734679367 220.86824088833575 564.7379612349346
    vertex 2390.8537734679367 220.8721513654813 567.265783816991
    vertex 2390.8537734679367 220.4428028530516 567.1507402298139
  endloop
endfacet
facet normal 0.6310873187074503 -0.20076898726848183 0.7492800610705115
  outer loop
    vertex 2390.8537734679367 220.8721513654813 567.265783816991
    vertex 2393.8537734679367 220.86824088833575 564.7379612349346
    vertex 2393.8537734679367 221.71010071662923 564.9635368960659
  endloop
endfacet
facet normal 0.6310873187075456 0.7727599820908011 -0.06760773805967317
  outer loop
    vertex 2393.853773467936 202.5759612349398 570.5302408883294
    vertex 2390.853773467936 204.95000000000084 569.661999999995
    vertex 2390.853773467936 204.9887402298197 570.1048028530458
  endloop
endfacet
facet normal 0.6310873187075456 0.7727599820908011 -0.06760773805967317
  outer loop
    vertex 2390.853773467936 204.95000000000084 569.661999999995
    vertex 2393.853773467936 202.5759612349398 570.5302408883294
    vertex 2393.853773467936 202.50000000000054 569.6619999999956
  endloop
endfacet
facet normal 0.6310873187075422 0.7727599820908121 0.06760773805958123
  outer loop
    vertex 2393.853773467936 202.50000000000054 569.6619999999956
    vertex 2390.853773467936 204.9887402298197 569.2191971469443
    vertex 2390.853773467936 204.95000000000084 569.661999999995
  endloop
endfacet
facet normal 0.6310873187075422 0.7727599820908121 0.06760773805958123
  outer loop
    vertex 2390.853773467936 204.9887402298197 569.2191971469443
    vertex 2393.853773467936 202.50000000000054 569.6619999999956
    vertex 2393.853773467936 202.57596123493974 568.7937591116607
  endloop
endfacet
facet normal 0.6310873187075057 0.7492800610704042 0.20076898726870807
  outer loop
    vertex 2393.853773467936 202.57596123493974 568.7937591116607
    vertex 2390.853773467936 205.1037838169968 568.7898486345147
    vertex 2390.853773467936 204.9887402298197 569.2191971469443
  endloop
endfacet
facet normal 0.6310873187075057 0.7492800610704042 0.20076898726870807
  outer loop
    vertex 2390.853773467936 205.1037838169968 568.7898486345147
    vertex 2393.853773467936 202.57596123493974 568.7937591116607
    vertex 2393.853773467936 202.8015368960713 567.9518992833675
  endloop
endfacet
facet normal 0.6310873187074967 0.7030336445485165 0.3278299723933318
  outer loop
    vertex 2393.853773467936 202.8015368960713 567.9518992833675
    vertex 2390.853773467936 205.2916352203505 568.386999999995
    vertex 2390.853773467936 205.1037838169968 568.7898486345147
  endloop
endfacet
facet normal 0.6310873187074967 0.7030336445485165 0.3278299723933318
  outer loop
    vertex 2390.853773467936 205.2916352203505 568.386999999995
    vertex 2393.853773467936 202.8015368960713 567.9518992833675
    vertex 2393.853773467936 203.1698729810785 567.1619999999955
  endloop
endfacet
facet normal 0.6310873187074967 0.7030336445485165 0.3278299723933318
  outer loop
    vertex 2393.853773467936 203.1698729810785 567.1619999999955
    vertex 2393.853773467936 202.8015368960713 567.9518992833675
    vertex 2393.853773467936 202.93671915200147 567.6619999999948
  endloop
endfacet
facet normal 0.6310873187074966 0.6354259064888562 0.4449300096974784
  outer loop
    vertex 2393.853773467936 203.1698729810785 567.1619999999955
    vertex 2390.853773467936 205.54658667004745 568.0228915952945
    vertex 2390.853773467936 205.2916352203505 568.386999999995
  endloop
endfacet
facet normal 0.6310873187074966 0.6354259064888562 0.4449300096974784
  outer loop
    vertex 2390.853773467936 205.54658667004745 568.0228915952945
    vertex 2393.853773467936 203.1698729810785 567.1619999999955
    vertex 2393.853773467936 203.66977778440574 566.4480619515632
  endloop
endfacet
facet normal 0.6310873187074958 0.548511073802056 0.5485110738017047
  outer loop
    vertex 2393.853773467936 203.66977778440574 566.4480619515632
    vertex 2390.853773467936 205.86089159530022 567.7085866700418
    vertex 2390.853773467936 205.54658667004745 568.0228915952945
  endloop
endfacet
facet normal 0.6310873187074958 0.548511073802056 0.5485110738017047
  outer loop
    vertex 2390.853773467936 205.86089159530022 567.7085866700418
    vertex 2393.853773467936 203.66977778440574 566.4480619515632
    vertex 2393.853773467936 204.2860619515681 565.8317777844003
  endloop
endfacet
facet normal 0.6310873187075008 0.4449300096971523 0.6354259064890803
  outer loop
    vertex 2393.853773467936 205.00000000000085 565.3318729810733
    vertex 2390.853773467936 205.86089159530022 567.7085866700418
    vertex 2393.853773467936 204.2860619515681 565.8317777844003
  endloop
endfacet
facet normal 0.6310873187075008 0.4449300096971523 0.6354259064890803
  outer loop
    vertex 2390.853773467936 205.86089159530022 567.7085866700418
    vertex 2393.853773467936 205.00000000000085 565.3318729810733
    vertex 2390.8537734679367 206.22500000000085 567.4536352203448
  endloop
endfacet
facet normal 0.6310873187074901 0.3278299723937364 0.7030336445483337
  outer loop
    vertex 2393.853773467936 205.78989928337228 564.9635368960658
    vertex 2390.8537734679367 206.22500000000085 567.4536352203448
    vertex 2393.853773467936 205.00000000000085 565.3318729810733
  endloop
endfacet
facet normal 0.6310873187074901 0.3278299723937364 0.7030336445483337
  outer loop
    vertex 2390.8537734679367 206.22500000000085 567.4536352203448
    vertex 2393.853773467936 205.78989928337228 564.9635368960658
    vertex 2390.8537734679367 206.62784863452046 567.2657838169911
  endloop
endfacet
facet normal 0.6310873187075147 0.2007689872686394 0.7492800610704149
  outer loop
    vertex 2393.8537734679367 206.63175911166599 564.7379612349341
    vertex 2390.8537734679367 206.62784863452046 567.2657838169911
    vertex 2393.853773467936 205.78989928337228 564.9635368960658
  endloop
endfacet
facet normal 0.6310873187075147 0.2007689872686394 0.7492800610704149
  outer loop
    vertex 2390.8537734679367 206.62784863452046 567.2657838169911
    vertex 2393.8537734679367 206.63175911166599 564.7379612349341
    vertex 2390.8537734679367 207.05719714695016 567.150740229814
  endloop
endfacet
facet normal 0.6310873187075625 0.06760773805980663 0.7727599820907759
  outer loop
    vertex 2393.8537734679367 207.50000000000082 564.6619999999946
    vertex 2390.8537734679367 207.05719714695016 567.150740229814
    vertex 2393.8537734679367 206.63175911166599 564.7379612349341
  endloop
endfacet
facet normal 0.6310873187075625 0.06760773805980663 0.7727599820907759
  outer loop
    vertex 2390.8537734679367 207.05719714695016 567.150740229814
    vertex 2393.8537734679367 207.50000000000082 564.6619999999946
    vertex 2390.8537734679367 207.5000000000009 567.1119999999951
  endloop
endfacet
facet normal 0.6310873187075575 -0.06760773805985155 0.7727599820907759
  outer loop
    vertex 2393.8537734679367 208.36824088833538 564.7379612349341
    vertex 2390.8537734679367 207.5000000000009 567.1119999999951
    vertex 2393.8537734679367 207.50000000000082 564.6619999999946
  endloop
endfacet
facet normal 0.6310873187075575 -0.06760773805985155 0.7727599820907759
  outer loop
    vertex 2390.8537734679367 207.5000000000009 567.1119999999951
    vertex 2393.8537734679367 208.36824088833538 564.7379612349341
    vertex 2390.8537734679367 207.94280285305155 567.1507402298141
  endloop
endfacet
facet normal 0.6310873187074953 -0.20076898726866219 0.7492800610704251
  outer loop
    vertex 2393.8537734679367 208.36824088833538 564.7379612349341
    vertex 2390.8537734679367 208.37215136548136 567.2657838169913
    vertex 2390.8537734679367 207.94280285305155 567.1507402298141
  endloop
endfacet
facet normal 0.6310873187074953 -0.20076898726866219 0.7492800610704251
  outer loop
    vertex 2390.8537734679367 208.37215136548136 567.2657838169913
    vertex 2393.8537734679367 208.36824088833538 564.7379612349341
    vertex 2393.853773467936 209.21010071662914 564.9635368960658
  endloop
endfacet
facet normal 0.6310873187074699 -0.3278299723936821 0.7030336445483772
  outer loop
    vertex 2393.853773467936 209.21010071662914 564.9635368960658
    vertex 2390.853773467936 208.7750000000009 567.453635220345
    vertex 2390.8537734679367 208.37215136548136 567.2657838169913
  endloop
endfacet
facet normal 0.6310873187074699 -0.3278299723936821 0.7030336445483772
  outer loop
    vertex 2390.853773467936 208.7750000000009 567.453635220345
    vertex 2393.853773467936 209.21010071662914 564.9635368960658
    vertex 2393.853773467936 210.00000000000088 565.3318729810736
  endloop
endfacet
facet normal 0.6310873187074838 -0.44493000969718655 0.635425906489073
  outer loop
    vertex 2393.853773467936 210.00000000000088 565.3318729810736
    vertex 2390.853773467936 209.1391084047016 567.708586670042
    vertex 2390.853773467936 208.7750000000009 567.453635220345
  endloop
endfacet
facet normal 0.6310873187074838 -0.44493000969718655 0.635425906489073
  outer loop
    vertex 2390.853773467936 209.1391084047016 567.708586670042
    vertex 2393.853773467936 210.00000000000088 565.3318729810736
    vertex 2393.853773467936 210.7139380484336 565.8317777844006
  endloop
endfacet
facet normal 0.6310873187074598 -0.5485110738021812 0.5485110738016208
  outer loop
    vertex 2390.853773467936 209.1391084047016 567.708586670042
    vertex 2393.853773467936 211.3302222155957 566.4480619515635
    vertex 2390.853773467936 209.4534133299543 568.0228915952947
  endloop
endfacet
facet normal 0.6310873187074598 -0.5485110738021812 0.5485110738016208
  outer loop
    vertex 2393.853773467936 211.3302222155957 566.4480619515635
    vertex 2390.853773467936 209.1391084047016 567.708586670042
    vertex 2393.853773467936 210.7139380484336 565.8317777844006
  endloop
endfacet
facet normal 0.6310873187074433 -0.635425906488903 0.4449300096974871
  outer loop
    vertex 2393.853773467936 211.3302222155957 566.4480619515635
    vertex 2390.853773467936 209.7083647796512 568.386999999995
    vertex 2390.853773467936 209.4534133299543 568.0228915952947
  endloop
endfacet
facet normal 0.6310873187074433 -0.635425906488903 0.4449300096974871
  outer loop
    vertex 2390.853773467936 209.7083647796512 568.386999999995
    vertex 2393.853773467936 211.3302222155957 566.4480619515635
    vertex 2393.853773467936 211.83012701892295 567.1619999999957
  endloop
endfacet
facet normal 0.63108731870745 -0.7030336445485228 0.3278299723934082
  outer loop
    vertex 2393.853773467936 211.83012701892295 567.1619999999957
    vertex 2390.853773467936 209.89621618300492 568.7898486345149
    vertex 2390.853773467936 209.7083647796512 568.386999999995
  endloop
endfacet
facet normal 0.63108731870745 -0.7030336445485228 0.3278299723934082
  outer loop
    vertex 2390.853773467936 209.89621618300492 568.7898486345149
    vertex 2393.853773467936 211.83012701892295 567.1619999999957
    vertex 2393.853773467936 212.19846310393032 567.9518992833679
  endloop
endfacet
facet normal 0.63108731870745 -0.7030336445485228 0.3278299723934082
  outer loop
    vertex 2393.853773467936 212.19846310393032 567.9518992833679
    vertex 2393.853773467936 211.83012701892295 567.1619999999957
    vertex 2393.853773467936 212.06328084799995 567.6619999999949
  endloop
endfacet
facet normal 0.6310873187074572 -0.7492800610704795 0.20076898726857956
  outer loop
    vertex 2393.853773467936 212.19846310393032 567.9518992833679
    vertex 2390.853773467936 210.01125977018202 569.2191971469445
    vertex 2390.853773467936 209.89621618300492 568.7898486345149
  endloop
endfacet
facet normal 0.6310873187074572 -0.7492800610704795 0.20076898726857956
  outer loop
    vertex 2390.853773467936 210.01125977018202 569.2191971469445
    vertex 2393.853773467936 212.19846310393032 567.9518992833679
    vertex 2393.8537734679367 212.42403876506194 568.793759111661
  endloop
endfacet
facet normal 0.6310873187074397 -0.7727599820909266 0.06760773805922976
  outer loop
    vertex 2393.8537734679367 212.42403876506194 568.793759111661
    vertex 2390.853773467936 210.05000000000086 569.6619999999951
    vertex 2390.853773467936 210.01125977018202 569.2191971469445
  endloop
endfacet
facet normal 0.6310873187074397 -0.7727599820909266 0.06760773805922976
  outer loop
    vertex 2390.853773467936 210.05000000000086 569.6619999999951
    vertex 2393.8537734679367 212.42403876506194 568.793759111661
    vertex 2393.8537734679367 212.50000000000063 569.6619999999959
  endloop
endfacet
facet normal 0.6310873187074517 -0.7727599820909097 -0.06760773805930813
  outer loop
    vertex 2393.8537734679367 212.50000000000063 569.6619999999959
    vertex 2390.853773467936 210.01125977018202 570.104802853046
    vertex 2390.853773467936 210.05000000000086 569.6619999999951
  endloop
endfacet
facet normal 0.6310873187074517 -0.7727599820909097 -0.06760773805930813
  outer loop
    vertex 2390.853773467936 210.01125977018202 570.104802853046
    vertex 2393.8537734679367 212.50000000000063 569.6619999999959
    vertex 2393.8537734679367 212.42403876506194 570.5302408883298
  endloop
endfacet
facet normal 0.6310873187074548 -0.7492800610704673 -0.20076898726863276
  outer loop
    vertex 2393.8537734679367 212.42403876506194 570.5302408883298
    vertex 2390.853773467936 209.89621618300492 570.5341513654759
    vertex 2390.853773467936 210.01125977018202 570.104802853046
  endloop
endfacet
facet normal 0.6310873187074548 -0.7492800610704673 -0.20076898726863276
  outer loop
    vertex 2390.853773467936 209.89621618300492 570.5341513654759
    vertex 2393.8537734679367 212.42403876506194 570.5302408883298
    vertex 2393.8537734679367 212.19846310393032 571.3721007166235
  endloop
endfacet
facet normal 0.6310873187074608 -0.7030336445484872 -0.32782997239346384
  outer loop
    vertex 2393.8537734679367 212.19846310393032 571.3721007166235
    vertex 2390.853773467936 209.7083647796512 570.9369999999952
    vertex 2390.853773467936 209.89621618300492 570.5341513654759
  endloop
endfacet
facet normal 0.6310873187074608 -0.7030336445484872 -0.32782997239346384
  outer loop
    vertex 2390.853773467936 209.7083647796512 570.9369999999952
    vertex 2393.8537734679367 212.19846310393032 571.3721007166235
    vertex 2393.8537734679367 211.83012701892295 572.1619999999957
  endloop
endfacet
facet normal 0.6310873187074517 -0.6354259064888278 -0.44493000969758256
  outer loop
    vertex 2393.8537734679367 211.83012701892295 572.1619999999957
    vertex 2390.853773467936 209.4534133299543 571.3011084046959
    vertex 2390.853773467936 209.7083647796512 570.9369999999952
  endloop
endfacet
facet normal 0.6310873187074517 -0.6354259064888278 -0.44493000969758256
  outer loop
    vertex 2390.853773467936 209.4534133299543 571.3011084046959
    vertex 2393.8537734679367 211.83012701892295 572.1619999999957
    vertex 2393.8537734679367 211.33022221559565 572.8759380484275
  endloop
endfacet
facet normal 0.6310873187074936 -0.5485110738024258 -0.5485110738013373
  outer loop
    vertex 2390.853773467936 209.13910840470157 571.6154133299486
    vertex 2393.8537734679367 211.33022221559565 572.8759380484275
    vertex 2393.853773467936 210.71393804843353 573.4922222155908
  endloop
endfacet
facet normal 0.6310873187074936 -0.5485110738024258 -0.5485110738013373
  outer loop
    vertex 2393.8537734679367 211.33022221559565 572.8759380484275
    vertex 2390.853773467936 209.13910840470157 571.6154133299486
    vertex 2390.853773467936 209.4534133299543 571.3011084046959
  endloop
endfacet
facet normal 0.6310873187075776 -0.44493000969702456 -0.6354259064890936
  outer loop
    vertex 2390.853773467936 209.13910840470157 571.6154133299486
    vertex 2393.853773467936 210.00000000000065 573.9921270189178
    vertex 2390.853773467936 208.77500000000083 571.8703647796455
  endloop
endfacet
facet normal 0.6310873187075776 -0.44493000969702456 -0.6354259064890936
  outer loop
    vertex 2393.853773467936 210.00000000000065 573.9921270189178
    vertex 2390.853773467936 209.13910840470157 571.6154133299486
    vertex 2393.853773467936 210.71393804843353 573.4922222155908
  endloop
endfacet
facet normal 0.6310873187075606 -0.327829972393338 -0.7030336445484562
  outer loop
    vertex 2390.853773467936 208.77500000000083 571.8703647796455
    vertex 2393.853773467936 209.21010071662909 574.3604631039248
    vertex 2390.8537734679367 208.3721513654813 572.0582161829994
  endloop
endfacet
facet normal 0.6310873187075606 -0.327829972393338 -0.7030336445484562
  outer loop
    vertex 2393.853773467936 209.21010071662909 574.3604631039248
    vertex 2390.853773467936 208.77500000000083 571.8703647796455
    vertex 2393.853773467936 210.00000000000065 573.9921270189178
  endloop
endfacet
facet normal 0.6310873187075002 -0.20076898726791392 -0.7492800610706216
  outer loop
    vertex 2390.8537734679367 208.3721513654813 572.0582161829994
    vertex 2393.8537734679367 208.3682408883353 574.5860387650557
    vertex 2390.8537734679367 207.94280285305155 572.1732597701763
  endloop
endfacet
facet normal 0.6310873187075002 -0.20076898726791392 -0.7492800610706216
  outer loop
    vertex 2393.8537734679367 208.3682408883353 574.5860387650557
    vertex 2390.8537734679367 208.3721513654813 572.0582161829994
    vertex 2393.853773467936 209.21010071662909 574.3604631039248
  endloop
endfacet
facet normal 0.6310873187075249 -0.06760773806009703 -0.772759982090781
  outer loop
    vertex 2390.8537734679367 207.50000000000085 572.2119999999951
    vertex 2393.8537734679367 208.3682408883353 574.5860387650557
    vertex 2393.8537734679367 207.50000000000074 574.6619999999956
  endloop
endfacet
facet normal 0.6310873187075249 -0.06760773806009703 -0.772759982090781
  outer loop
    vertex 2393.8537734679367 208.3682408883353 574.5860387650557
    vertex 2390.8537734679367 207.50000000000085 572.2119999999951
    vertex 2390.8537734679367 207.94280285305155 572.1732597701763
  endloop
endfacet
facet normal 0.63108731870753 0.06760773806007153 -0.7727599820907793
  outer loop
    vertex 2390.8537734679367 207.05719714695016 572.1732597701762
    vertex 2393.8537734679367 207.50000000000074 574.6619999999956
    vertex 2393.8537734679367 206.6317591116659 574.5860387650557
  endloop
endfacet
facet normal 0.63108731870753 0.06760773806007153 -0.7727599820907793
  outer loop
    vertex 2393.8537734679367 207.50000000000074 574.6619999999956
    vertex 2390.8537734679367 207.05719714695016 572.1732597701762
    vertex 2390.8537734679367 207.50000000000085 572.2119999999951
  endloop
endfacet
facet normal 0.6310873187075104 0.20076898726817247 -0.7492800610705436
  outer loop
    vertex 2390.8537734679367 206.6278486345204 572.0582161829991
    vertex 2393.8537734679367 206.6317591116659 574.5860387650557
    vertex 2393.8537734679367 205.78989928337222 574.3604631039248
  endloop
endfacet
facet normal 0.6310873187075104 0.20076898726817247 -0.7492800610705436
  outer loop
    vertex 2393.8537734679367 206.6317591116659 574.5860387650557
    vertex 2390.8537734679367 206.6278486345204 572.0582161829991
    vertex 2390.8537734679367 207.05719714695016 572.1732597701762
  endloop
endfacet
facet normal 0.6310873187075622 0.3278299723935094 -0.703033644548375
  outer loop
    vertex 2390.8537734679367 206.22500000000085 571.8703647796453
    vertex 2393.8537734679367 205.78989928337222 574.3604631039248
    vertex 2393.8537734679367 205.0000000000008 573.9921270189176
  endloop
endfacet
facet normal 0.6310873187075622 0.3278299723935094 -0.703033644548375
  outer loop
    vertex 2393.8537734679367 205.78989928337222 574.3604631039248
    vertex 2390.8537734679367 206.22500000000085 571.8703647796453
    vertex 2390.8537734679367 206.6278486345204 572.0582161829991
  endloop
endfacet
facet normal 0.6310873187075872 0.44493000969711055 -0.6354259064890239
  outer loop
    vertex 2390.8537734679367 205.86089159530016 571.6154133299484
    vertex 2393.8537734679367 205.0000000000008 573.9921270189176
    vertex 2393.853773467936 204.28606195156806 573.4922222155906
  endloop
endfacet
facet normal 0.6310873187075872 0.44493000969711055 -0.6354259064890239
  outer loop
    vertex 2393.8537734679367 205.0000000000008 573.9921270189176
    vertex 2390.8537734679367 205.86089159530016 571.6154133299484
    vertex 2390.8537734679367 206.22500000000085 571.8703647796453
  endloop
endfacet
facet normal 0.6310873187075502 0.5485110738021652 -0.548511073801533
  outer loop
    vertex 2393.853773467936 203.66977778440568 572.8759380484273
    vertex 2390.8537734679367 205.86089159530016 571.6154133299484
    vertex 2393.853773467936 204.28606195156806 573.4922222155906
  endloop
endfacet
facet normal 0.6310873187075502 0.5485110738021652 -0.548511073801533
  outer loop
    vertex 2390.8537734679367 205.86089159530016 571.6154133299484
    vertex 2393.853773467936 203.66977778440568 572.8759380484273
    vertex 2390.8537734679367 205.54658667004745 571.3011084046957
  endloop
endfacet
facet normal 0.6310873187075392 0.6354259064887623 -0.44493000969755186
  outer loop
    vertex 2393.853773467936 203.66977778440568 572.8759380484273
    vertex 2390.853773467936 205.2916352203505 570.9369999999951
    vertex 2390.8537734679367 205.54658667004745 571.3011084046957
  endloop
endfacet
facet normal 0.6310873187075392 0.6354259064887623 -0.44493000969755186
  outer loop
    vertex 2390.853773467936 205.2916352203505 570.9369999999951
    vertex 2393.853773467936 203.66977778440568 572.8759380484273
    vertex 2393.853773467936 203.16987298107847 572.1619999999954
  endloop
endfacet
facet normal 0.6310873187075404 0.7030336445484895 -0.3278299723933054
  outer loop
    vertex 2393.853773467936 203.16987298107847 572.1619999999954
    vertex 2390.853773467936 205.1037838169968 570.5341513654755
    vertex 2390.853773467936 205.2916352203505 570.9369999999951
  endloop
endfacet
facet normal 0.6310873187075404 0.7030336445484895 -0.3278299723933054
  outer loop
    vertex 2390.853773467936 205.1037838169968 570.5341513654755
    vertex 2393.853773467936 203.16987298107847 572.1619999999954
    vertex 2393.853773467936 202.80153689607127 571.3721007166233
  endloop
endfacet
facet normal 0.6310873187075156 0.74928006107044 -0.20076898726854306
  outer loop
    vertex 2393.853773467936 202.80153689607127 571.3721007166233
    vertex 2390.853773467936 204.9887402298197 570.1048028530458
    vertex 2390.853773467936 205.1037838169968 570.5341513654755
  endloop
endfacet
facet normal 0.6310873187075156 0.74928006107044 -0.20076898726854306
  outer loop
    vertex 2390.853773467936 204.9887402298197 570.1048028530458
    vertex 2393.853773467936 202.80153689607127 571.3721007166233
    vertex 2393.853773467936 202.5759612349398 570.5302408883294
  endloop
endfacet
facet normal 2.942091015256574e-15 -6.165855048819198e-15 1.0
  outer loop
    vertex 2412.053773467936 226.25000000000063 567.6619999999944
    vertex 2393.8537734679367 224.56328084800063 567.6619999999944
    vertex 2412.053773467936 224.56328084800035 567.6619999999944
  endloop
endfacet
facet normal 2.942091015256574e-15 -6.165855048819198e-15 1.0
  outer loop
    vertex 2393.8537734679367 224.56328084800063 567.6619999999944
    vertex 2412.053773467936 226.25000000000063 567.6619999999944
    vertex 2393.8537734679367 226.25000000000088 567.6619999999945
  endloop
endfacet
facet normal -1.2087626239826318e-14 -0.9063077870366395 0.42261826174072215
  outer loop
    vertex 2412.053773467936 224.3301270189229 567.1619999999945
    vertex 2393.8537734679367 224.56328084800063 567.6619999999944
    vertex 2393.853773467936 224.33012701892315 567.1619999999945
  endloop
endfacet
facet normal -1.2087626239826318e-14 -0.9063077870366395 0.42261826174072215
  outer loop
    vertex 2393.8537734679367 224.56328084800063 567.6619999999944
    vertex 2412.053773467936 224.3301270189229 567.1619999999945
    vertex 2412.053773467936 224.56328084800035 567.6619999999944
  endloop
endfacet
facet normal -1.9022241959795197e-14 -0.8191520442888819 0.5735764363512031
  outer loop
    vertex 2412.053773467936 223.83022221559548 566.4480619515618
    vertex 2393.853773467936 224.33012701892315 567.1619999999945
    vertex 2393.853773467936 223.83022221559577 566.4480619515618
  endloop
endfacet
facet normal -1.9022241959795197e-14 -0.8191520442888819 0.5735764363512031
  outer loop
    vertex 2393.853773467936 224.33012701892315 567.1619999999945
    vertex 2412.053773467936 223.83022221559548 566.4480619515618
    vertex 2412.053773467936 224.3301270189229 567.1619999999945
  endloop
endfacet
facet normal -1.8520083607137522e-14 -0.7071067811869143 0.7071067811861809
  outer loop
    vertex 2412.053773467936 223.2139380484336 565.8317777843994
    vertex 2393.853773467936 223.83022221559577 566.4480619515618
    vertex 2393.853773467936 223.21393804843385 565.8317777843994
  endloop
endfacet
facet normal -1.8520083607137522e-14 -0.7071067811869143 0.7071067811861809
  outer loop
    vertex 2393.853773467936 223.83022221559577 566.4480619515618
    vertex 2412.053773467936 223.2139380484336 565.8317777843994
    vertex 2412.053773467936 223.83022221559548 566.4480619515618
  endloop
endfacet
facet normal -1.7455201885680078e-14 -0.5735764363503446 0.819152044289483
  outer loop
    vertex 2412.053773467936 223.2139380484336 565.8317777843994
    vertex 2393.8537734679367 222.5000000000008 565.3318729810727
    vertex 2412.053773467936 222.5000000000005 565.3318729810727
  endloop
endfacet
facet normal -1.7455201885680078e-14 -0.5735764363503446 0.819152044289483
  outer loop
    vertex 2393.8537734679367 222.5000000000008 565.3318729810727
    vertex 2412.053773467936 223.2139380484336 565.8317777843994
    vertex 2393.853773467936 223.21393804843385 565.8317777843994
  endloop
endfacet
facet normal -1.5859952687694745e-14 -0.42261826174026346 0.9063077870368533
  outer loop
    vertex 2412.053773467936 222.5000000000005 565.3318729810727
    vertex 2393.8537734679367 221.71010071662923 564.9635368960659
    vertex 2412.053773467936 221.71010071662894 564.9635368960659
  endloop
endfacet
facet normal -1.5859952687694745e-14 -0.42261826174026346 0.9063077870368533
  outer loop
    vertex 2393.8537734679367 221.71010071662923 564.9635368960659
    vertex 2412.053773467936 222.5000000000005 565.3318729810727
    vertex 2393.8537734679367 222.5000000000008 565.3318729810727
  endloop
endfacet
facet normal -1.3782806852818619e-14 -0.2588190451023772 0.9659258262891067
  outer loop
    vertex 2412.053773467936 221.71010071662894 564.9635368960659
    vertex 2393.8537734679367 220.86824088833575 564.7379612349346
    vertex 2412.053773467936 220.86824088833546 564.7379612349347
  endloop
endfacet
facet normal -1.3782806852818619e-14 -0.2588190451023772 0.9659258262891067
  outer loop
    vertex 2393.8537734679367 220.86824088833575 564.7379612349346
    vertex 2412.053773467936 221.71010071662894 564.9635368960659
    vertex 2393.8537734679367 221.71010071662923 564.9635368960659
  endloop
endfacet
facet normal 1.6489549466692671e-15 -0.08715574274783391 0.9961946980917302
  outer loop
    vertex 2412.053773467936 220.86824088833546 564.7379612349347
    vertex 2393.8537734679367 220.00000000000074 564.6619999999954
    vertex 2412.053773467936 220.00000000000045 564.6619999999956
  endloop
endfacet
facet normal 1.6489549466692671e-15 -0.08715574274783391 0.9961946980917302
  outer loop
    vertex 2393.8537734679367 220.00000000000074 564.6619999999954
    vertex 2412.053773467936 220.86824088833546 564.7379612349347
    vertex 2393.8537734679367 220.86824088833575 564.7379612349346
  endloop
endfacet
facet normal 1.0080168186578462e-14 0.9063077870367722 0.4226182617404374
  outer loop
    vertex 2412.0537734679356 202.9367191520013 567.6619999999947
    vertex 2393.853773467936 203.1698729810785 567.1619999999955
    vertex 2393.853773467936 202.93671915200147 567.6619999999948
  endloop
endfacet
facet normal 1.0080168186578462e-14 0.9063077870367722 0.4226182617404374
  outer loop
    vertex 2393.853773467936 203.1698729810785 567.1619999999955
    vertex 2412.0537734679356 202.9367191520013 567.6619999999947
    vertex 2412.0537734679356 203.1698729810783 567.1619999999954
  endloop
endfacet
facet normal 2.942091015256574e-15 -6.165855048819198e-15 1.0
  outer loop
    vertex 2412.0537734679356 183.9739505494564 567.6619999999947
    vertex 2409.3287734679357 192.4076606241355 567.6619999999944
    vertex 2393.853773467936 183.97395054945665 567.6619999999947
  endloop
endfacet
facet normal 2.942091015256574e-15 -6.165855048819198e-15 1.0
  outer loop
    vertex 2409.3287734679357 192.4076606241355 567.6619999999944
    vertex 2412.0537734679356 183.9739505494564 567.6619999999947
    vertex 2409.6497889787747 192.65398448916218 567.6619999999944
  endloop
endfacet
facet normal 2.942091015256574e-15 -6.165855048819198e-15 1.0
  outer loop
    vertex 2409.6497889787747 192.65398448916218 567.6619999999944
    vertex 2412.0537734679356 183.9739505494564 567.6619999999947
    vertex 2409.896112843802 192.97500000000133 567.6619999999944
  endloop
endfacet
facet normal 2.942091015256574e-15 -6.165855048819198e-15 1.0
  outer loop
    vertex 2409.896112843802 192.97500000000133 567.6619999999944
    vertex 2412.0537734679356 183.9739505494564 567.6619999999947
    vertex 2410.050958498684 193.3488304800924 567.6619999999944
  endloop
endfacet
facet normal 2.942091015256574e-15 -6.165855048819198e-15 1.0
  outer loop
    vertex 2410.050958498684 193.3488304800924 567.6619999999944
    vertex 2412.0537734679356 183.9739505494564 567.6619999999947
    vertex 2412.0537734679356 202.9367191520013 567.6619999999947
  endloop
endfacet
facet normal 2.942091015256574e-15 -6.165855048819198e-15 1.0
  outer loop
    vertex 2393.853773467936 183.97395054945665 567.6619999999947
    vertex 2409.3287734679357 192.4076606241355 567.6619999999944
    vertex 2408.954942987845 192.2528149692533 567.6619999999944
  endloop
endfacet
facet normal 2.942091015256574e-15 -6.165855048819198e-15 1.0
  outer loop
    vertex 2393.853773467936 183.97395054945665 567.6619999999947
    vertex 2408.954942987845 192.2528149692533 567.6619999999944
    vertex 2408.553773467936 192.20000000000135 567.6619999999944
  endloop
endfacet
facet normal 2.942091015256574e-15 -6.165855048819198e-15 1.0
  outer loop
    vertex 2410.050958498684 193.3488304800924 567.6619999999944
    vertex 2412.0537734679356 202.9367191520013 567.6619999999947
    vertex 2410.103773467936 193.75000000000134 567.6619999999944
  endloop
endfacet
facet normal 2.942091015256574e-15 -6.165855048819198e-15 1.0
  outer loop
    vertex 2410.103773467936 193.75000000000134 567.6619999999944
    vertex 2412.0537734679356 202.9367191520013 567.6619999999947
    vertex 2410.050958498684 194.15116951991024 567.6619999999944
  endloop
endfacet
facet normal 2.942091015256574e-15 -6.165855048819198e-15 1.0
  outer loop
    vertex 2410.050958498684 194.15116951991024 567.6619999999944
    vertex 2412.0537734679356 202.9367191520013 567.6619999999947
    vertex 2409.896112843802 194.52500000000134 567.6619999999944
  endloop
endfacet
facet normal 2.942091015256574e-15 -6.165855048819198e-15 1.0
  outer loop
    vertex 2409.896112843802 194.52500000000134 567.6619999999944
    vertex 2412.0537734679356 202.9367191520013 567.6619999999947
    vertex 2409.649788978775 194.84601551084052 567.6619999999944
  endloop
endfacet
facet normal 2.942091015256574e-15 -6.165855048819198e-15 1.0
  outer loop
    vertex 2409.649788978775 194.84601551084052 567.6619999999944
    vertex 2412.0537734679356 202.9367191520013 567.6619999999947
    vertex 2409.3287734679357 195.09233937586728 567.6619999999944
  endloop
endfacet
facet normal 2.942091015256574e-15 -6.165855048819198e-15 1.0
  outer loop
    vertex 2409.3287734679357 195.09233937586728 567.6619999999944
    vertex 2412.0537734679356 202.9367191520013 567.6619999999947
    vertex 2408.954942987845 195.24718503074948 567.6619999999944
  endloop
endfacet
facet normal 2.942091015256574e-15 -6.165855048819198e-15 1.0
  outer loop
    vertex 2408.954942987845 195.24718503074948 567.6619999999944
    vertex 2412.0537734679356 202.9367191520013 567.6619999999947
    vertex 2408.553773467936 195.30000000000135 567.6619999999944
  endloop
endfacet
facet normal 2.942091015256574e-15 -6.165855048819198e-15 1.0
  outer loop
    vertex 2408.553773467936 195.30000000000135 567.6619999999944
    vertex 2412.0537734679356 202.9367191520013 567.6619999999947
    vertex 2393.853773467936 202.93671915200147 567.6619999999948
  endloop
endfacet
facet normal 2.942091015256574e-15 -6.165855048819198e-15 1.0
  outer loop
    vertex 2393.853773467936 183.97395054945665 567.6619999999947
    vertex 2407.778773467936 192.4076606241355 567.6619999999944
    vertex 2393.853773467936 202.93671915200147 567.6619999999948
  endloop
endfacet
facet normal 2.942091015256574e-15 -6.165855048819198e-15 1.0
  outer loop
    vertex 2407.778773467936 192.4076606241355 567.6619999999944
    vertex 2393.853773467936 183.97395054945665 567.6619999999947
    vertex 2408.1526039480273 192.25281496925334 567.6619999999944
  endloop
endfacet
facet normal 2.942091015256574e-15 -6.165855048819198e-15 1.0
  outer loop
    vertex 2408.1526039480273 192.25281496925334 567.6619999999944
    vertex 2393.853773467936 183.97395054945665 567.6619999999947
    vertex 2408.553773467936 192.20000000000135 567.6619999999944
  endloop
endfacet
facet normal 2.942091015256574e-15 -6.165855048819198e-15 1.0
  outer loop
    vertex 2393.853773467936 202.93671915200147 567.6619999999948
    vertex 2407.778773467936 192.4076606241355 567.6619999999944
    vertex 2407.457757957097 192.6539844891622 567.6619999999944
  endloop
endfacet
facet normal 2.942091015256574e-15 -6.165855048819198e-15 1.0
  outer loop
    vertex 2393.853773467936 202.93671915200147 567.6619999999948
    vertex 2407.457757957097 192.6539844891622 567.6619999999944
    vertex 2407.2114340920702 192.97500000000136 567.6619999999944
  endloop
endfacet
facet normal 2.942091015256574e-15 -6.165855048819198e-15 1.0
  outer loop
    vertex 2393.853773467936 202.93671915200147 567.6619999999948
    vertex 2407.2114340920702 192.97500000000136 567.6619999999944
    vertex 2407.0565884371877 193.34883048009243 567.6619999999944
  endloop
endfacet
facet normal 2.942091015256574e-15 -6.165855048819198e-15 1.0
  outer loop
    vertex 2393.853773467936 202.93671915200147 567.6619999999948
    vertex 2407.0565884371877 193.34883048009243 567.6619999999944
    vertex 2407.003773467936 193.75000000000136 567.6619999999944
  endloop
endfacet
facet normal 2.942091015256574e-15 -6.165855048819198e-15 1.0
  outer loop
    vertex 2393.853773467936 202.93671915200147 567.6619999999948
    vertex 2407.003773467936 193.75000000000136 567.6619999999944
    vertex 2407.0565884371877 194.1511695199103 567.6619999999944
  endloop
endfacet
facet normal 2.942091015256574e-15 -6.165855048819198e-15 1.0
  outer loop
    vertex 2393.853773467936 202.93671915200147 567.6619999999948
    vertex 2407.0565884371877 194.1511695199103 567.6619999999944
    vertex 2407.2114340920702 194.52500000000137 567.6619999999944
  endloop
endfacet
facet normal 2.942091015256574e-15 -6.165855048819198e-15 1.0
  outer loop
    vertex 2393.853773467936 202.93671915200147 567.6619999999948
    vertex 2407.2114340920702 194.52500000000137 567.6619999999944
    vertex 2407.457757957097 194.84601551084052 567.6619999999944
  endloop
endfacet
facet normal 2.942091015256574e-15 -6.165855048819198e-15 1.0
  outer loop
    vertex 2393.853773467936 202.93671915200147 567.6619999999948
    vertex 2407.457757957097 194.84601551084052 567.6619999999944
    vertex 2407.778773467936 195.0923393758673 567.6619999999944
  endloop
endfacet
facet normal 2.942091015256574e-15 -6.165855048819198e-15 1.0
  outer loop
    vertex 2393.853773467936 202.93671915200147 567.6619999999948
    vertex 2407.778773467936 195.0923393758673 567.6619999999944
    vertex 2408.1526039480273 195.2471850307495 567.6619999999944
  endloop
endfacet
facet normal 2.942091015256574e-15 -6.165855048819198e-15 1.0
  outer loop
    vertex 2393.853773467936 202.93671915200147 567.6619999999948
    vertex 2408.1526039480273 195.2471850307495 567.6619999999944
    vertex 2408.553773467936 195.30000000000135 567.6619999999944
  endloop
endfacet
facet normal 3.996692776004245e-15 0.08715574274786209 0.9961946980917278
  outer loop
    vertex 2412.0537734679356 219.1317591116659 564.7379612349347
    vertex 2393.8537734679367 220.00000000000074 564.6619999999954
    vertex 2393.8537734679367 219.13175911166607 564.7379612349346
  endloop
endfacet
facet normal 3.996692776004245e-15 0.08715574274786209 0.9961946980917278
  outer loop
    vertex 2393.8537734679367 220.00000000000074 564.6619999999954
    vertex 2412.0537734679356 219.1317591116659 564.7379612349347
    vertex 2412.053773467936 220.00000000000045 564.6619999999956
  endloop
endfacet
facet normal 2.9391872171937993e-15 0.2588190451023395 0.965925826289117
  outer loop
    vertex 2412.0537734679356 218.28989928337234 564.963536896066
    vertex 2393.8537734679367 219.13175911166607 564.7379612349346
    vertex 2393.853773467936 218.2898992833725 564.9635368960659
  endloop
endfacet
facet normal 2.9391872171937993e-15 0.2588190451023395 0.965925826289117
  outer loop
    vertex 2393.8537734679367 219.13175911166607 564.7379612349346
    vertex 2412.0537734679356 218.28989928337234 564.963536896066
    vertex 2412.0537734679356 219.1317591116659 564.7379612349347
  endloop
endfacet
facet normal 4.7120862471572525e-15 0.42261826174025235 0.9063077870368587
  outer loop
    vertex 2412.0537734679356 217.50000000000074 565.3318729810728
    vertex 2393.853773467936 218.2898992833725 564.9635368960659
    vertex 2393.8537734679367 217.50000000000094 565.3318729810727
  endloop
endfacet
facet normal 4.7120862471572525e-15 0.42261826174025235 0.9063077870368587
  outer loop
    vertex 2393.853773467936 218.2898992833725 564.9635368960659
    vertex 2412.0537734679356 217.50000000000074 565.3318729810728
    vertex 2412.0537734679356 218.28989928337234 564.963536896066
  endloop
endfacet
facet normal 6.3418109209308884e-15 0.573576436350286 0.8191520442895239
  outer loop
    vertex 2412.0537734679356 216.7860619515676 565.8317777843993
    vertex 2393.8537734679367 217.50000000000094 565.3318729810727
    vertex 2393.8537734679367 216.78606195156777 565.8317777843994
  endloop
endfacet
facet normal 6.3418109209308884e-15 0.573576436350286 0.8191520442895239
  outer loop
    vertex 2393.8537734679367 217.50000000000094 565.3318729810727
    vertex 2412.0537734679356 216.7860619515676 565.8317777843993
    vertex 2412.0537734679356 217.50000000000074 565.3318729810728
  endloop
endfacet
facet normal 7.778842878998913e-15 0.7071067811869574 0.7071067811861377
  outer loop
    vertex 2412.0537734679356 216.1697777844058 566.4480619515617
    vertex 2393.8537734679367 216.78606195156777 565.8317777843994
    vertex 2393.8537734679367 216.16977778440597 566.4480619515618
  endloop
endfacet
facet normal 7.778842878998913e-15 0.7071067811869574 0.7071067811861377
  outer loop
    vertex 2393.8537734679367 216.78606195156777 565.8317777843994
    vertex 2412.0537734679356 216.1697777844058 566.4480619515617
    vertex 2412.0537734679356 216.7860619515676 565.8317777843993
  endloop
endfacet
facet normal 8.97951863245591e-15 0.8191520442889723 0.5735764363510742
  outer loop
    vertex 2412.0537734679356 215.66987298107847 567.1619999999944
    vertex 2393.8537734679367 216.16977778440597 566.4480619515618
    vertex 2393.8537734679367 215.66987298107864 567.1619999999945
  endloop
endfacet
facet normal 8.97951863245591e-15 0.8191520442889723 0.5735764363510742
  outer loop
    vertex 2393.8537734679367 216.16977778440597 566.4480619515618
    vertex 2412.0537734679356 215.66987298107847 567.1619999999944
    vertex 2412.0537734679356 216.1697777844058 566.4480619515617
  endloop
endfacet
facet normal 1.0080283834317894e-14 0.90630778703663 0.42261826174074224
  outer loop
    vertex 2412.0537734679356 215.4367191520009 567.6619999999945
    vertex 2393.8537734679367 215.66987298107864 567.1619999999945
    vertex 2393.853773467936 215.4367191520011 567.6619999999946
  endloop
endfacet
facet normal 1.0080283834317894e-14 0.90630778703663 0.42261826174074224
  outer loop
    vertex 2393.8537734679367 215.66987298107864 567.1619999999945
    vertex 2412.0537734679356 215.4367191520009 567.6619999999945
    vertex 2412.0537734679356 215.66987298107847 567.1619999999944
  endloop
endfacet
facet normal 7.900273841715344e-15 7.408365833445754e-14 1.0
  outer loop
    vertex 2412.0537734679356 212.06328084799978 567.6619999999947
    vertex 2408.954942987845 212.25281496925325 567.6619999999947
    vertex 2408.553773467936 212.2000000000014 567.6619999999947
  endloop
endfacet
facet normal 7.900273841715344e-15 7.408365833445754e-14 1.0
  outer loop
    vertex 2408.954942987845 212.25281496925325 567.6619999999947
    vertex 2412.0537734679356 212.06328084799978 567.6619999999947
    vertex 2409.328773467936 212.40766062413545 567.6619999999947
  endloop
endfacet
facet normal 7.900273841715344e-15 7.408365833445754e-14 1.0
  outer loop
    vertex 2409.328773467936 212.40766062413545 567.6619999999947
    vertex 2412.0537734679356 212.06328084799978 567.6619999999947
    vertex 2409.649788978775 212.6539844891622 567.6619999999947
  endloop
endfacet
facet normal 7.900273841715344e-15 7.408365833445754e-14 1.0
  outer loop
    vertex 2409.649788978775 212.6539844891622 567.6619999999947
    vertex 2412.0537734679356 212.06328084799978 567.6619999999947
    vertex 2412.0537734679356 215.4367191520009 567.6619999999945
  endloop
endfacet
facet normal 7.900273841715344e-15 7.408365833445754e-14 1.0
  outer loop
    vertex 2409.649788978775 212.6539844891622 567.6619999999947
    vertex 2412.0537734679356 215.4367191520009 567.6619999999945
    vertex 2409.896112843802 212.9750000000014 567.6619999999947
  endloop
endfacet
facet normal 7.900273841715344e-15 7.408365833445754e-14 1.0
  outer loop
    vertex 2409.896112843802 212.9750000000014 567.6619999999947
    vertex 2412.0537734679356 215.4367191520009 567.6619999999945
    vertex 2410.0509584986844 213.34883048009246 567.6619999999947
  endloop
endfacet
facet normal 7.900273841715344e-15 7.408365833445754e-14 1.0
  outer loop
    vertex 2410.0509584986844 213.34883048009246 567.6619999999947
    vertex 2412.0537734679356 215.4367191520009 567.6619999999945
    vertex 2410.103773467936 213.7500000000014 567.6619999999947
  endloop
endfacet
facet normal 7.900273841715344e-15 7.408365833445754e-14 1.0
  outer loop
    vertex 2410.103773467936 213.7500000000014 567.6619999999947
    vertex 2412.0537734679356 215.4367191520009 567.6619999999945
    vertex 2410.0509584986844 214.1511695199103 567.6619999999947
  endloop
endfacet
facet normal 7.900273841715344e-15 7.408365833445754e-14 1.0
  outer loop
    vertex 2410.0509584986844 214.1511695199103 567.6619999999947
    vertex 2412.0537734679356 215.4367191520009 567.6619999999945
    vertex 2409.896112843802 214.52500000000137 567.6619999999947
  endloop
endfacet
facet normal 7.900273841715344e-15 7.408365833445754e-14 1.0
  outer loop
    vertex 2409.896112843802 214.52500000000137 567.6619999999947
    vertex 2412.0537734679356 215.4367191520009 567.6619999999945
    vertex 2409.649788978775 214.84601551084054 567.6619999999947
  endloop
endfacet
facet normal 7.900273841715344e-15 7.408365833445754e-14 1.0
  outer loop
    vertex 2409.649788978775 214.84601551084054 567.6619999999947
    vertex 2412.0537734679356 215.4367191520009 567.6619999999945
    vertex 2409.328773467936 215.09233937586723 567.6619999999947
  endloop
endfacet
facet normal 7.900273841715344e-15 7.408365833445754e-14 1.0
  outer loop
    vertex 2409.328773467936 215.09233937586723 567.6619999999947
    vertex 2412.0537734679356 215.4367191520009 567.6619999999945
    vertex 2408.954942987845 215.24718503074942 567.6619999999947
  endloop
endfacet
facet normal 7.900273841715344e-15 7.408365833445754e-14 1.0
  outer loop
    vertex 2408.954942987845 215.24718503074942 567.6619999999947
    vertex 2412.0537734679356 215.4367191520009 567.6619999999945
    vertex 2408.553773467936 215.30000000000143 567.6619999999947
  endloop
endfacet
facet normal 7.900273841715344e-15 7.408365833445754e-14 1.0
  outer loop
    vertex 2408.553773467936 215.30000000000143 567.6619999999947
    vertex 2412.0537734679356 215.4367191520009 567.6619999999945
    vertex 2393.853773467936 215.4367191520011 567.6619999999946
  endloop
endfacet
facet normal 7.900273841715344e-15 7.408365833445754e-14 1.0
  outer loop
    vertex 2393.853773467936 212.06328084799995 567.6619999999949
    vertex 2408.1526039480273 212.25281496925334 567.6619999999947
    vertex 2393.853773467936 215.4367191520011 567.6619999999946
  endloop
endfacet
facet normal 7.900273841715344e-15 7.408365833445754e-14 1.0
  outer loop
    vertex 2408.1526039480273 212.25281496925334 567.6619999999947
    vertex 2393.853773467936 212.06328084799995 567.6619999999949
    vertex 2408.553773467936 212.2000000000014 567.6619999999947
  endloop
endfacet
facet normal 7.900273841715344e-15 7.408365833445754e-14 1.0
  outer loop
    vertex 2408.553773467936 212.2000000000014 567.6619999999947
    vertex 2393.853773467936 212.06328084799995 567.6619999999949
    vertex 2412.0537734679356 212.06328084799978 567.6619999999947
  endloop
endfacet
facet normal 7.900273841715344e-15 7.408365833445754e-14 1.0
  outer loop
    vertex 2393.853773467936 215.4367191520011 567.6619999999946
    vertex 2408.1526039480273 212.25281496925334 567.6619999999947
    vertex 2407.7787734679364 212.40766062413553 567.6619999999947
  endloop
endfacet
facet normal 7.900273841715344e-15 7.408365833445754e-14 1.0
  outer loop
    vertex 2393.853773467936 215.4367191520011 567.6619999999946
    vertex 2407.7787734679364 212.40766062413553 567.6619999999947
    vertex 2407.4577579570973 212.65398448916227 567.6619999999947
  endloop
endfacet
facet normal 7.900273841715344e-15 7.408365833445754e-14 1.0
  outer loop
    vertex 2393.853773467936 215.4367191520011 567.6619999999946
    vertex 2407.4577579570973 212.65398448916227 567.6619999999947
    vertex 2407.2114340920702 212.97500000000142 567.6619999999947
  endloop
endfacet
facet normal 7.900273841715344e-15 7.408365833445754e-14 1.0
  outer loop
    vertex 2393.853773467936 215.4367191520011 567.6619999999946
    vertex 2407.2114340920702 212.97500000000142 567.6619999999947
    vertex 2407.056588437188 213.3488304800925 567.6619999999947
  endloop
endfacet
facet normal 7.900273841715344e-15 7.408365833445754e-14 1.0
  outer loop
    vertex 2393.853773467936 215.4367191520011 567.6619999999946
    vertex 2407.056588437188 213.3488304800925 567.6619999999947
    vertex 2407.003773467936 213.75000000000142 567.6619999999947
  endloop
endfacet
facet normal 7.900273841715344e-15 7.408365833445754e-14 1.0
  outer loop
    vertex 2393.853773467936 215.4367191520011 567.6619999999946
    vertex 2407.003773467936 213.75000000000142 567.6619999999947
    vertex 2407.056588437188 214.15116951991035 567.6619999999947
  endloop
endfacet
facet normal 7.900273841715344e-15 7.408365833445754e-14 1.0
  outer loop
    vertex 2393.853773467936 215.4367191520011 567.6619999999946
    vertex 2407.056588437188 214.15116951991035 567.6619999999947
    vertex 2407.2114340920702 214.52500000000143 567.6619999999947
  endloop
endfacet
facet normal 7.900273841715344e-15 7.408365833445754e-14 1.0
  outer loop
    vertex 2393.853773467936 215.4367191520011 567.6619999999946
    vertex 2407.2114340920702 214.52500000000143 567.6619999999947
    vertex 2407.4577579570973 214.84601551084057 567.6619999999947
  endloop
endfacet
facet normal 7.900273841715344e-15 7.408365833445754e-14 1.0
  outer loop
    vertex 2393.853773467936 215.4367191520011 567.6619999999946
    vertex 2407.4577579570973 214.84601551084057 567.6619999999947
    vertex 2407.7787734679364 215.09233937586734 567.6619999999947
  endloop
endfacet
facet normal 7.900273841715344e-15 7.408365833445754e-14 1.0
  outer loop
    vertex 2393.853773467936 215.4367191520011 567.6619999999946
    vertex 2407.7787734679364 215.09233937586734 567.6619999999947
    vertex 2408.1526039480273 215.2471850307495 567.6619999999949
  endloop
endfacet
facet normal 7.900273841715344e-15 7.408365833445754e-14 1.0
  outer loop
    vertex 2393.853773467936 215.4367191520011 567.6619999999946
    vertex 2408.1526039480273 215.2471850307495 567.6619999999949
    vertex 2408.553773467936 215.30000000000143 567.6619999999947
  endloop
endfacet
facet normal -3.4024669990414764e-15 -0.906307787036719 0.4226182617405516
  outer loop
    vertex 2412.0537734679356 211.83012701892275 567.1619999999955
    vertex 2393.853773467936 212.06328084799995 567.6619999999949
    vertex 2393.853773467936 211.83012701892295 567.1619999999957
  endloop
endfacet
facet normal -3.4024669990414764e-15 -0.906307787036719 0.4226182617405516
  outer loop
    vertex 2393.853773467936 212.06328084799995 567.6619999999949
    vertex 2412.0537734679356 211.83012701892275 567.1619999999955
    vertex 2412.0537734679356 212.06328084799978 567.6619999999947
  endloop
endfacet
facet normal -8.830373785189134e-15 -0.819152044288843 0.5735764363512588
  outer loop
    vertex 2412.0537734679356 211.33022221559554 566.4480619515632
    vertex 2393.853773467936 211.83012701892295 567.1619999999957
    vertex 2393.853773467936 211.3302222155957 566.4480619515635
  endloop
endfacet
facet normal -8.830373785189134e-15 -0.819152044288843 0.5735764363512588
  outer loop
    vertex 2393.853773467936 211.83012701892295 567.1619999999957
    vertex 2412.0537734679356 211.33022221559554 566.4480619515632
    vertex 2412.0537734679356 211.83012701892275 567.1619999999955
  endloop
endfacet
facet normal -7.594976656127219e-15 -0.7071067811869919 0.7071067811861032
  outer loop
    vertex 2412.0537734679356 210.7139380484334 565.8317777844003
    vertex 2393.853773467936 211.3302222155957 566.4480619515635
    vertex 2393.853773467936 210.7139380484336 565.8317777844006
  endloop
endfacet
facet normal -7.594976656127219e-15 -0.7071067811869919 0.7071067811861032
  outer loop
    vertex 2393.853773467936 211.3302222155957 566.4480619515635
    vertex 2412.0537734679356 210.7139380484334 565.8317777844003
    vertex 2412.0537734679356 211.33022221559554 566.4480619515632
  endloop
endfacet
facet normal -6.1288100045987186e-15 -0.5735764363508171 0.819152044289152
  outer loop
    vertex 2412.0537734679356 210.0000000000007 565.3318729810733
    vertex 2393.853773467936 210.7139380484336 565.8317777844006
    vertex 2393.853773467936 210.00000000000088 565.3318729810736
  endloop
endfacet
facet normal -6.1288100045987186e-15 -0.5735764363508171 0.819152044289152
  outer loop
    vertex 2393.853773467936 210.7139380484336 565.8317777844006
    vertex 2412.0537734679356 210.0000000000007 565.3318729810733
    vertex 2412.0537734679356 210.7139380484334 565.8317777844003
  endloop
endfacet
facet normal -4.4764225624196295e-15 -0.4226182617408645 0.906307787036573
  outer loop
    vertex 2412.0537734679356 209.21010071662894 564.9635368960658
    vertex 2393.853773467936 210.00000000000088 565.3318729810736
    vertex 2393.853773467936 209.21010071662914 564.9635368960658
  endloop
endfacet
facet normal -4.4764225624196295e-15 -0.4226182617408645 0.906307787036573
  outer loop
    vertex 2393.853773467936 210.00000000000088 565.3318729810736
    vertex 2412.0537734679356 209.21010071662894 564.9635368960658
    vertex 2412.0537734679356 210.0000000000007 565.3318729810733
  endloop
endfacet
facet normal -2.6880212858562703e-15 -0.25881904510268594 0.965925826289024
  outer loop
    vertex 2412.053773467936 208.3682408883352 564.7379612349341
    vertex 2393.853773467936 209.21010071662914 564.9635368960658
    vertex 2393.8537734679367 208.36824088833538 564.7379612349341
  endloop
endfacet
facet normal -2.6880212858562703e-15 -0.25881904510268594 0.965925826289024
  outer loop
    vertex 2393.853773467936 209.21010071662914 564.9635368960658
    vertex 2412.053773467936 208.3682408883352 564.7379612349341
    vertex 2412.0537734679356 209.21010071662894 564.9635368960658
  endloop
endfacet
facet normal 2.081246726142091e-15 -0.08715574274828987 0.9961946980916904
  outer loop
    vertex 2412.053773467936 207.50000000000063 564.6619999999946
    vertex 2393.8537734679367 208.36824088833538 564.7379612349341
    vertex 2393.8537734679367 207.50000000000082 564.6619999999946
  endloop
endfacet
facet normal 2.081246726142091e-15 -0.08715574274828987 0.9961946980916904
  outer loop
    vertex 2393.8537734679367 208.36824088833538 564.7379612349341
    vertex 2412.053773467936 207.50000000000063 564.6619999999946
    vertex 2412.053773467936 208.3682408883352 564.7379612349341
  endloop
endfacet
facet normal 3.7808386919502704e-15 0.08715574274825061 0.9961946980916937
  outer loop
    vertex 2412.053773467936 206.63175911166581 564.7379612349342
    vertex 2393.8537734679367 207.50000000000082 564.6619999999946
    vertex 2393.8537734679367 206.63175911166599 564.7379612349341
  endloop
endfacet
facet normal 3.7808386919502704e-15 0.08715574274825061 0.9961946980916937
  outer loop
    vertex 2393.8537734679367 207.50000000000082 564.6619999999946
    vertex 2412.053773467936 206.63175911166581 564.7379612349342
    vertex 2412.053773467936 207.50000000000063 564.6619999999946
  endloop
endfacet
facet normal 2.9391872171975654e-15 0.25881904510268705 0.9659258262890239
  outer loop
    vertex 2412.0537734679356 205.7898992833721 564.963536896066
    vertex 2393.8537734679367 206.63175911166599 564.7379612349341
    vertex 2393.853773467936 205.78989928337228 564.9635368960658
  endloop
endfacet
facet normal 2.9391872171975654e-15 0.25881904510268705 0.9659258262890239
  outer loop
    vertex 2393.8537734679367 206.63175911166599 564.7379612349341
    vertex 2412.0537734679356 205.7898992833721 564.963536896066
    vertex 2412.053773467936 206.63175911166581 564.7379612349342
  endloop
endfacet
facet normal 4.71208624716525e-15 0.4226182617409922 0.9063077870365136
  outer loop
    vertex 2412.0537734679356 205.00000000000065 565.3318729810735
    vertex 2393.853773467936 205.78989928337228 564.9635368960658
    vertex 2393.853773467936 205.00000000000085 565.3318729810733
  endloop
endfacet
facet normal 4.71208624716525e-15 0.4226182617409922 0.9063077870365136
  outer loop
    vertex 2393.853773467936 205.78989928337228 564.9635368960658
    vertex 2412.0537734679356 205.00000000000065 565.3318729810735
    vertex 2412.0537734679356 205.7898992833721 564.963536896066
  endloop
endfacet
facet normal 6.341810920936242e-15 0.5735764363507828 0.8191520442891762
  outer loop
    vertex 2412.0537734679356 204.28606195156792 565.8317777844005
    vertex 2393.853773467936 205.00000000000085 565.3318729810733
    vertex 2393.853773467936 204.2860619515681 565.8317777844003
  endloop
endfacet
facet normal 6.341810920936242e-15 0.5735764363507828 0.8191520442891762
  outer loop
    vertex 2393.853773467936 205.00000000000085 565.3318729810733
    vertex 2412.0537734679356 204.28606195156792 565.8317777844005
    vertex 2412.0537734679356 205.00000000000065 565.3318729810735
  endloop
endfacet
facet normal 7.778842878997802e-15 0.7071067811868538 0.7071067811862413
  outer loop
    vertex 2412.0537734679356 203.66977778440557 566.4480619515631
    vertex 2393.853773467936 204.2860619515681 565.8317777844003
    vertex 2393.853773467936 203.66977778440574 566.4480619515632
  endloop
endfacet
facet normal 7.778842878997802e-15 0.7071067811868538 0.7071067811862413
  outer loop
    vertex 2393.853773467936 204.2860619515681 565.8317777844003
    vertex 2412.0537734679356 203.66977778440557 566.4480619515631
    vertex 2412.0537734679356 204.28606195156792 565.8317777844005
  endloop
endfacet
facet normal 8.979518632454455e-15 0.8191520442888359 0.5735764363512688
  outer loop
    vertex 2412.0537734679356 203.1698729810783 567.1619999999954
    vertex 2393.853773467936 203.66977778440574 566.4480619515632
    vertex 2393.853773467936 203.1698729810785 567.1619999999955
  endloop
endfacet
facet normal 8.979518632454455e-15 0.8191520442888359 0.5735764363512688
  outer loop
    vertex 2393.853773467936 203.66977778440574 566.4480619515632
    vertex 2412.0537734679356 203.1698729810783 567.1619999999954
    vertex 2412.0537734679356 203.66977778440557 566.4480619515631
  endloop
endfacet
facet normal 0.9238795325112676 -0.3826834323651361 -5.077708245328879e-15
  outer loop
    vertex 2407.0565884371877 194.15116951991033 563.6619999999962
    vertex 2407.2114340920702 194.52500000000137 567.6619999999944
    vertex 2407.0565884371877 194.1511695199103 567.6619999999944
  endloop
endfacet
facet normal 0.9238795325112676 -0.3826834323651361 -5.077708245328879e-15
  outer loop
    vertex 2407.2114340920702 194.52500000000137 567.6619999999944
    vertex 2407.0565884371877 194.15116951991033 563.6619999999962
    vertex 2407.2114340920702 194.5250000000014 563.6619999999962
  endloop
endfacet
facet normal 0.7933533402912707 -0.6087614290086744 -6.087652464974264e-15
  outer loop
    vertex 2407.2114340920702 194.5250000000014 563.6619999999962
    vertex 2407.457757957097 194.84601551084052 567.6619999999944
    vertex 2407.2114340920702 194.52500000000137 567.6619999999944
  endloop
endfacet
facet normal 0.7933533402912707 -0.6087614290086744 -6.087652464974264e-15
  outer loop
    vertex 2407.457757957097 194.84601551084052 567.6619999999944
    vertex 2407.2114340920702 194.5250000000014 563.6619999999962
    vertex 2407.457757957097 194.84601551084054 563.6619999999962
  endloop
endfacet
facet normal 0.6087614290087212 -0.7933533402912348 -6.682733229453597e-15
  outer loop
    vertex 2407.778773467936 195.09233937586734 563.6619999999962
    vertex 2407.457757957097 194.84601551084052 567.6619999999944
    vertex 2407.457757957097 194.84601551084054 563.6619999999962
  endloop
endfacet
facet normal 0.6087614290087212 -0.7933533402912348 -6.682733229453597e-15
  outer loop
    vertex 2407.457757957097 194.84601551084052 567.6619999999944
    vertex 2407.778773467936 195.09233937586734 563.6619999999962
    vertex 2407.778773467936 195.0923393758673 567.6619999999944
  endloop
endfacet
facet normal 0.38268343236506946 -0.9238795325112953 -6.8223967680843085e-15
  outer loop
    vertex 2408.1526039480273 195.24718503074953 563.6619999999962
    vertex 2407.778773467936 195.0923393758673 567.6619999999944
    vertex 2407.778773467936 195.09233937586734 563.6619999999962
  endloop
endfacet
facet normal 0.38268343236506946 -0.9238795325112953 -6.8223967680843085e-15
  outer loop
    vertex 2407.778773467936 195.0923393758673 567.6619999999944
    vertex 2408.1526039480273 195.24718503074953 563.6619999999962
    vertex 2408.1526039480273 195.2471850307495 567.6619999999944
  endloop
endfacet
facet normal 0.1305261922199923 -0.9914448613738183 -6.4971252415137e-15
  outer loop
    vertex 2408.553773467936 195.30000000000138 563.6619999999962
    vertex 2408.1526039480273 195.2471850307495 567.6619999999944
    vertex 2408.1526039480273 195.24718503074953 563.6619999999962
  endloop
endfacet
facet normal 0.1305261922199923 -0.9914448613738183 -6.4971252415137e-15
  outer loop
    vertex 2408.1526039480273 195.2471850307495 567.6619999999944
    vertex 2408.553773467936 195.30000000000138 563.6619999999962
    vertex 2408.553773467936 195.30000000000135 567.6619999999944
  endloop
endfacet
facet normal -0.13052619222002143 -0.9914448613738145 -5.729085366741405e-15
  outer loop
    vertex 2408.954942987845 195.2471850307495 563.6619999999962
    vertex 2408.553773467936 195.30000000000135 567.6619999999944
    vertex 2408.553773467936 195.30000000000138 563.6619999999962
  endloop
endfacet
facet normal -0.13052619222002143 -0.9914448613738145 -5.729085366741405e-15
  outer loop
    vertex 2408.553773467936 195.30000000000135 567.6619999999944
    vertex 2408.954942987845 195.2471850307495 563.6619999999962
    vertex 2408.954942987845 195.24718503074948 567.6619999999944
  endloop
endfacet
facet normal -0.38268343236509667 -0.923879532511284 -4.570617791986523e-15
  outer loop
    vertex 2409.3287734679357 195.0923393758673 563.6619999999962
    vertex 2408.954942987845 195.24718503074948 567.6619999999944
    vertex 2408.954942987845 195.2471850307495 563.6619999999962
  endloop
endfacet
facet normal -0.38268343236509667 -0.923879532511284 -4.570617791986523e-15
  outer loop
    vertex 2408.954942987845 195.24718503074948 567.6619999999944
    vertex 2409.3287734679357 195.0923393758673 563.6619999999962
    vertex 2409.3287734679357 195.09233937586728 567.6619999999944
  endloop
endfacet
facet normal -0.6087614290087445 -0.7933533402912168 -3.1006701680107937e-15
  outer loop
    vertex 2409.649788978775 194.84601551084052 563.6619999999962
    vertex 2409.3287734679357 195.09233937586728 567.6619999999944
    vertex 2409.3287734679357 195.0923393758673 563.6619999999962
  endloop
endfacet
facet normal -0.6087614290087445 -0.7933533402912168 -3.1006701680107937e-15
  outer loop
    vertex 2409.3287734679357 195.09233937586728 567.6619999999944
    vertex 2409.649788978775 194.84601551084052 563.6619999999962
    vertex 2409.649788978775 194.84601551084052 567.6619999999944
  endloop
endfacet
facet normal -0.7933533402912887 -0.608761429008651 -1.4194169961845897e-15
  outer loop
    vertex 2409.649788978775 194.84601551084052 563.6619999999962
    vertex 2409.896112843802 194.52500000000134 567.6619999999944
    vertex 2409.649788978775 194.84601551084052 567.6619999999944
  endloop
endfacet
facet normal -0.7933533402912887 -0.608761429008651 -1.4194169961845897e-15
  outer loop
    vertex 2409.896112843802 194.52500000000134 567.6619999999944
    vertex 2409.649788978775 194.84601551084052 563.6619999999962
    vertex 2409.896112843802 194.52500000000137 563.6619999999962
  endloop
endfacet
facet normal -0.923879532511279 -0.3826834323651089 3.585670982330107e-16
  outer loop
    vertex 2409.896112843802 194.52500000000137 563.6619999999962
    vertex 2410.050958498684 194.15116951991024 567.6619999999944
    vertex 2409.896112843802 194.52500000000134 567.6619999999944
  endloop
endfacet
facet normal -0.923879532511279 -0.3826834323651089 3.585670982330107e-16
  outer loop
    vertex 2410.050958498684 194.15116951991024 567.6619999999944
    vertex 2409.896112843802 194.52500000000137 563.6619999999962
    vertex 2410.050958498684 194.15116951991027 563.6619999999962
  endloop
endfacet
facet normal -0.9914448613738058 -0.13052619222008746 2.112115437466803e-15
  outer loop
    vertex 2410.050958498684 194.15116951991027 563.6619999999962
    vertex 2410.103773467936 193.75000000000134 567.6619999999944
    vertex 2410.050958498684 194.15116951991024 567.6619999999944
  endloop
endfacet
facet normal -0.9914448613738058 -0.13052619222008746 2.112115437466803e-15
  outer loop
    vertex 2410.103773467936 193.75000000000134 567.6619999999944
    vertex 2410.050958498684 194.15116951991027 563.6619999999962
    vertex 2410.103773467936 193.75000000000134 563.6619999999962
  endloop
endfacet
facet normal -0.9914448613738018 0.13052619222011658 3.7217266000737124e-15
  outer loop
    vertex 2410.103773467936 193.75000000000134 563.6619999999962
    vertex 2410.050958498684 193.3488304800924 567.6619999999944
    vertex 2410.103773467936 193.75000000000134 567.6619999999944
  endloop
endfacet
facet normal -0.9914448613738018 0.13052619222011658 3.7217266000737124e-15
  outer loop
    vertex 2410.050958498684 193.3488304800924 567.6619999999944
    vertex 2410.103773467936 193.75000000000134 563.6619999999962
    vertex 2410.050958498684 193.34883048009243 563.6619999999962
  endloop
endfacet
facet normal -0.9238795325112676 0.3826834323651361 5.077708245328879e-15
  outer loop
    vertex 2410.050958498684 193.34883048009243 563.6619999999962
    vertex 2409.896112843802 192.97500000000133 567.6619999999944
    vertex 2410.050958498684 193.3488304800924 567.6619999999944
  endloop
endfacet
facet normal -0.9238795325112676 0.3826834323651361 5.077708245328879e-15
  outer loop
    vertex 2409.896112843802 192.97500000000133 567.6619999999944
    vertex 2410.050958498684 193.34883048009243 563.6619999999962
    vertex 2409.896112843802 192.97500000000136 563.6619999999962
  endloop
endfacet
facet normal -0.7933533402912707 0.6087614290086744 6.087652464974264e-15
  outer loop
    vertex 2409.896112843802 192.97500000000136 563.6619999999962
    vertex 2409.6497889787747 192.65398448916218 567.6619999999944
    vertex 2409.896112843802 192.97500000000133 567.6619999999944
  endloop
endfacet
facet normal -0.7933533402912707 0.6087614290086744 6.087652464974264e-15
  outer loop
    vertex 2409.6497889787747 192.65398448916218 567.6619999999944
    vertex 2409.896112843802 192.97500000000136 563.6619999999962
    vertex 2409.6497889787747 192.6539844891622 563.6619999999962
  endloop
endfacet
facet normal -0.6087614290087212 0.7933533402912348 6.682733229453597e-15
  outer loop
    vertex 2409.6497889787747 192.65398448916218 567.6619999999944
    vertex 2409.3287734679357 192.4076606241355 563.6619999999962
    vertex 2409.3287734679357 192.4076606241355 567.6619999999944
  endloop
endfacet
facet normal -0.6087614290087212 0.7933533402912348 6.682733229453597e-15
  outer loop
    vertex 2409.3287734679357 192.4076606241355 563.6619999999962
    vertex 2409.6497889787747 192.65398448916218 567.6619999999944
    vertex 2409.6497889787747 192.6539844891622 563.6619999999962
  endloop
endfacet
facet normal -0.38268343236506946 0.9238795325112953 6.8223967680843085e-15
  outer loop
    vertex 2409.3287734679357 192.4076606241355 567.6619999999944
    vertex 2408.954942987845 192.25281496925334 563.6619999999962
    vertex 2408.954942987845 192.2528149692533 567.6619999999944
  endloop
endfacet
facet normal -0.38268343236506946 0.9238795325112953 6.8223967680843085e-15
  outer loop
    vertex 2408.954942987845 192.25281496925334 563.6619999999962
    vertex 2409.3287734679357 192.4076606241355 567.6619999999944
    vertex 2409.3287734679357 192.4076606241355 563.6619999999962
  endloop
endfacet
facet normal -0.1305261922199923 0.9914448613738183 6.4971252415137e-15
  outer loop
    vertex 2408.954942987845 192.2528149692533 567.6619999999944
    vertex 2408.553773467936 192.20000000000135 563.6619999999962
    vertex 2408.553773467936 192.20000000000135 567.6619999999944
  endloop
endfacet
facet normal -0.1305261922199923 0.9914448613738183 6.4971252415137e-15
  outer loop
    vertex 2408.553773467936 192.20000000000135 563.6619999999962
    vertex 2408.954942987845 192.2528149692533 567.6619999999944
    vertex 2408.954942987845 192.25281496925334 563.6619999999962
  endloop
endfacet
facet normal 0.13052619222002143 0.9914448613738145 5.729085366741405e-15
  outer loop
    vertex 2408.553773467936 192.20000000000135 567.6619999999944
    vertex 2408.1526039480273 192.25281496925336 563.6619999999962
    vertex 2408.1526039480273 192.25281496925334 567.6619999999944
  endloop
endfacet
facet normal 0.13052619222002143 0.9914448613738145 5.729085366741405e-15
  outer loop
    vertex 2408.1526039480273 192.25281496925336 563.6619999999962
    vertex 2408.553773467936 192.20000000000135 567.6619999999944
    vertex 2408.553773467936 192.20000000000135 563.6619999999962
  endloop
endfacet
facet normal 0.38268343236509667 0.923879532511284 4.570617791986523e-15
  outer loop
    vertex 2408.1526039480273 192.25281496925334 567.6619999999944
    vertex 2407.778773467936 192.40766062413553 563.6619999999962
    vertex 2407.778773467936 192.4076606241355 567.6619999999944
  endloop
endfacet
facet normal 0.38268343236509667 0.923879532511284 4.570617791986523e-15
  outer loop
    vertex 2407.778773467936 192.40766062413553 563.6619999999962
    vertex 2408.1526039480273 192.25281496925334 567.6619999999944
    vertex 2408.1526039480273 192.25281496925336 563.6619999999962
  endloop
endfacet
facet normal 0.6087614290087445 0.7933533402912168 3.1006701680107937e-15
  outer loop
    vertex 2407.778773467936 192.4076606241355 567.6619999999944
    vertex 2407.457757957097 192.65398448916224 563.6619999999962
    vertex 2407.457757957097 192.6539844891622 567.6619999999944
  endloop
endfacet
facet normal 0.6087614290087445 0.7933533402912168 3.1006701680107937e-15
  outer loop
    vertex 2407.457757957097 192.65398448916224 563.6619999999962
    vertex 2407.778773467936 192.4076606241355 567.6619999999944
    vertex 2407.778773467936 192.40766062413553 563.6619999999962
  endloop
endfacet
facet normal 0.7933533402912887 0.608761429008651 1.4194169961845897e-15
  outer loop
    vertex 2407.457757957097 192.65398448916224 563.6619999999962
    vertex 2407.2114340920702 192.97500000000136 567.6619999999944
    vertex 2407.457757957097 192.6539844891622 567.6619999999944
  endloop
endfacet
facet normal 0.7933533402912887 0.608761429008651 1.4194169961845897e-15
  outer loop
    vertex 2407.2114340920702 192.97500000000136 567.6619999999944
    vertex 2407.457757957097 192.65398448916224 563.6619999999962
    vertex 2407.2114340920702 192.9750000000014 563.6619999999962
  endloop
endfacet
facet normal 0.923879532511279 0.3826834323651089 -3.585670982330107e-16
  outer loop
    vertex 2407.2114340920702 192.9750000000014 563.6619999999962
    vertex 2407.0565884371877 193.34883048009243 567.6619999999944
    vertex 2407.2114340920702 192.97500000000136 567.6619999999944
  endloop
endfacet
facet normal 0.923879532511279 0.3826834323651089 -3.585670982330107e-16
  outer loop
    vertex 2407.0565884371877 193.34883048009243 567.6619999999944
    vertex 2407.2114340920702 192.9750000000014 563.6619999999962
    vertex 2407.0565884371877 193.34883048009246 563.6619999999962
  endloop
endfacet
facet normal 0.9914448613738058 0.13052619222008746 -2.112115437466803e-15
  outer loop
    vertex 2407.0565884371877 193.34883048009246 563.6619999999962
    vertex 2407.003773467936 193.75000000000136 567.6619999999944
    vertex 2407.0565884371877 193.34883048009243 567.6619999999944
  endloop
endfacet
facet normal 0.9914448613738058 0.13052619222008746 -2.112115437466803e-15
  outer loop
    vertex 2407.003773467936 193.75000000000136 567.6619999999944
    vertex 2407.0565884371877 193.34883048009246 563.6619999999962
    vertex 2407.003773467936 193.7500000000014 563.6619999999962
  endloop
endfacet
facet normal 0.9914448613738018 -0.13052619222011658 -3.7217266000737124e-15
  outer loop
    vertex 2407.003773467936 193.7500000000014 563.6619999999962
    vertex 2407.0565884371877 194.1511695199103 567.6619999999944
    vertex 2407.003773467936 193.75000000000136 567.6619999999944
  endloop
endfacet
facet normal 0.9914448613738018 -0.13052619222011658 -3.7217266000737124e-15
  outer loop
    vertex 2407.0565884371877 194.1511695199103 567.6619999999944
    vertex 2407.003773467936 193.7500000000014 563.6619999999962
    vertex 2407.0565884371877 194.15116951991033 563.6619999999962
  endloop
endfacet
facet normal 0.7933533402912707 -0.6087614290086744 -6.087652464974264e-15
  outer loop
    vertex 2407.2114340920702 214.52500000000148 563.661999999996
    vertex 2407.4577579570973 214.84601551084057 567.6619999999947
    vertex 2407.2114340920702 214.52500000000143 567.6619999999947
  endloop
endfacet
facet normal 0.7933533402912707 -0.6087614290086744 -6.087652464974264e-15
  outer loop
    vertex 2407.4577579570973 214.84601551084057 567.6619999999947
    vertex 2407.2114340920702 214.52500000000148 563.661999999996
    vertex 2407.4577579570973 214.84601551084054 563.661999999996
  endloop
endfacet
facet normal 0.6087614290087212 -0.7933533402912348 -6.682733229453597e-15
  outer loop
    vertex 2407.7787734679364 215.09233937586728 563.661999999996
    vertex 2407.4577579570973 214.84601551084057 567.6619999999947
    vertex 2407.4577579570973 214.84601551084054 563.661999999996
  endloop
endfacet
facet normal 0.6087614290087212 -0.7933533402912348 -6.682733229453597e-15
  outer loop
    vertex 2407.4577579570973 214.84601551084057 567.6619999999947
    vertex 2407.7787734679364 215.09233937586728 563.661999999996
    vertex 2407.7787734679364 215.09233937586734 567.6619999999947
  endloop
endfacet
facet normal 0.38268343236506946 -0.9238795325112953 -6.8223967680843085e-15
  outer loop
    vertex 2408.1526039480273 215.24718503074948 563.6619999999962
    vertex 2407.7787734679364 215.09233937586734 567.6619999999947
    vertex 2407.7787734679364 215.09233937586728 563.661999999996
  endloop
endfacet
facet normal 0.38268343236506946 -0.9238795325112953 -6.8223967680843085e-15
  outer loop
    vertex 2407.7787734679364 215.09233937586734 567.6619999999947
    vertex 2408.1526039480273 215.24718503074948 563.6619999999962
    vertex 2408.1526039480273 215.2471850307495 567.6619999999949
  endloop
endfacet
facet normal 0.1305261922199923 -0.9914448613738183 -6.4971252415137e-15
  outer loop
    vertex 2408.553773467936 215.30000000000138 563.661999999996
    vertex 2408.1526039480273 215.2471850307495 567.6619999999949
    vertex 2408.1526039480273 215.24718503074948 563.6619999999962
  endloop
endfacet
facet normal 0.1305261922199923 -0.9914448613738183 -6.4971252415137e-15
  outer loop
    vertex 2408.1526039480273 215.2471850307495 567.6619999999949
    vertex 2408.553773467936 215.30000000000138 563.661999999996
    vertex 2408.553773467936 215.30000000000143 567.6619999999947
  endloop
endfacet
facet normal -0.13052619222002143 -0.9914448613738145 -5.729085366741405e-15
  outer loop
    vertex 2408.954942987845 215.24718503074948 563.661999999996
    vertex 2408.553773467936 215.30000000000143 567.6619999999947
    vertex 2408.553773467936 215.30000000000138 563.661999999996
  endloop
endfacet
facet normal -0.13052619222002143 -0.9914448613738145 -5.729085366741405e-15
  outer loop
    vertex 2408.553773467936 215.30000000000143 567.6619999999947
    vertex 2408.954942987845 215.24718503074948 563.661999999996
    vertex 2408.954942987845 215.24718503074942 567.6619999999947
  endloop
endfacet
facet normal -0.38268343236509667 -0.923879532511284 -4.570617791986523e-15
  outer loop
    vertex 2409.328773467936 215.09233937586728 563.661999999996
    vertex 2408.954942987845 215.24718503074942 567.6619999999947
    vertex 2408.954942987845 215.24718503074948 563.661999999996
  endloop
endfacet
facet normal -0.38268343236509667 -0.923879532511284 -4.570617791986523e-15
  outer loop
    vertex 2408.954942987845 215.24718503074942 567.6619999999947
    vertex 2409.328773467936 215.09233937586728 563.661999999996
    vertex 2409.328773467936 215.09233937586723 567.6619999999947
  endloop
endfacet
facet normal -0.6087614290087445 -0.7933533402912168 -3.1006701680107937e-15
  outer loop
    vertex 2409.649788978775 214.84601551084057 563.661999999996
    vertex 2409.328773467936 215.09233937586723 567.6619999999947
    vertex 2409.328773467936 215.09233937586728 563.661999999996
  endloop
endfacet
facet normal -0.6087614290087445 -0.7933533402912168 -3.1006701680107937e-15
  outer loop
    vertex 2409.328773467936 215.09233937586723 567.6619999999947
    vertex 2409.649788978775 214.84601551084057 563.661999999996
    vertex 2409.649788978775 214.84601551084054 567.6619999999947
  endloop
endfacet
facet normal -0.7933533402912887 -0.608761429008651 -1.4194169961845897e-15
  outer loop
    vertex 2409.649788978775 214.84601551084057 563.661999999996
    vertex 2409.896112843802 214.52500000000137 567.6619999999947
    vertex 2409.649788978775 214.84601551084054 567.6619999999947
  endloop
endfacet
facet normal -0.7933533402912887 -0.608761429008651 -1.4194169961845897e-15
  outer loop
    vertex 2409.896112843802 214.52500000000137 567.6619999999947
    vertex 2409.649788978775 214.84601551084057 563.661999999996
    vertex 2409.896112843802 214.52500000000143 563.661999999996
  endloop
endfacet
facet normal -0.923879532511279 -0.3826834323651089 3.585670982330107e-16
  outer loop
    vertex 2409.896112843802 214.52500000000143 563.661999999996
    vertex 2410.0509584986844 214.1511695199103 567.6619999999947
    vertex 2409.896112843802 214.52500000000137 567.6619999999947
  endloop
endfacet
facet normal -0.923879532511279 -0.3826834323651089 3.585670982330107e-16
  outer loop
    vertex 2410.0509584986844 214.1511695199103 567.6619999999947
    vertex 2409.896112843802 214.52500000000143 563.661999999996
    vertex 2410.0509584986844 214.15116951991035 563.661999999996
  endloop
endfacet
facet normal -0.9914448613738058 -0.13052619222008746 2.112115437466803e-15
  outer loop
    vertex 2410.0509584986844 214.15116951991035 563.661999999996
    vertex 2410.103773467936 213.7500000000014 567.6619999999947
    vertex 2410.0509584986844 214.1511695199103 567.6619999999947
  endloop
endfacet
facet normal -0.9914448613738058 -0.13052619222008746 2.112115437466803e-15
  outer loop
    vertex 2410.103773467936 213.7500000000014 567.6619999999947
    vertex 2410.0509584986844 214.15116951991035 563.661999999996
    vertex 2410.103773467936 213.75000000000142 563.661999999996
  endloop
endfacet
facet normal -0.9914448613738018 0.13052619222011658 3.7217266000737124e-15
  outer loop
    vertex 2410.103773467936 213.75000000000142 563.661999999996
    vertex 2410.0509584986844 213.34883048009246 567.6619999999947
    vertex 2410.103773467936 213.7500000000014 567.6619999999947
  endloop
endfacet
facet normal -0.9914448613738018 0.13052619222011658 3.7217266000737124e-15
  outer loop
    vertex 2410.0509584986844 213.34883048009246 567.6619999999947
    vertex 2410.103773467936 213.75000000000142 563.661999999996
    vertex 2410.0509584986844 213.3488304800925 563.661999999996
  endloop
endfacet
facet normal -0.9238795325112676 0.3826834323651361 5.077708245328879e-15
  outer loop
    vertex 2410.0509584986844 213.3488304800925 563.661999999996
    vertex 2409.896112843802 212.9750000000014 567.6619999999947
    vertex 2410.0509584986844 213.34883048009246 567.6619999999947
  endloop
endfacet
facet normal -0.9238795325112676 0.3826834323651361 5.077708245328879e-15
  outer loop
    vertex 2409.896112843802 212.9750000000014 567.6619999999947
    vertex 2410.0509584986844 213.3488304800925 563.661999999996
    vertex 2409.896112843802 212.97500000000142 563.661999999996
  endloop
endfacet
facet normal -0.7933533402912707 0.6087614290086744 6.087652464974264e-15
  outer loop
    vertex 2409.896112843802 212.97500000000142 563.661999999996
    vertex 2409.649788978775 212.6539844891622 567.6619999999947
    vertex 2409.896112843802 212.9750000000014 567.6619999999947
  endloop
endfacet
facet normal -0.7933533402912707 0.6087614290086744 6.087652464974264e-15
  outer loop
    vertex 2409.649788978775 212.6539844891622 567.6619999999947
    vertex 2409.896112843802 212.97500000000142 563.661999999996
    vertex 2409.649788978775 212.65398448916227 563.661999999996
  endloop
endfacet
facet normal -0.6087614290087212 0.7933533402912348 6.682733229453597e-15
  outer loop
    vertex 2409.649788978775 212.6539844891622 567.6619999999947
    vertex 2409.328773467936 212.40766062413547 563.661999999996
    vertex 2409.328773467936 212.40766062413545 567.6619999999947
  endloop
endfacet
facet normal -0.6087614290087212 0.7933533402912348 6.682733229453597e-15
  outer loop
    vertex 2409.328773467936 212.40766062413547 563.661999999996
    vertex 2409.649788978775 212.6539844891622 567.6619999999947
    vertex 2409.649788978775 212.65398448916227 563.661999999996
  endloop
endfacet
facet normal -0.38268343236506946 0.9238795325112953 6.8223967680843085e-15
  outer loop
    vertex 2409.328773467936 212.40766062413545 567.6619999999947
    vertex 2408.954942987845 212.25281496925328 563.661999999996
    vertex 2408.954942987845 212.25281496925325 567.6619999999947
  endloop
endfacet
facet normal -0.38268343236506946 0.9238795325112953 6.8223967680843085e-15
  outer loop
    vertex 2408.954942987845 212.25281496925328 563.661999999996
    vertex 2409.328773467936 212.40766062413545 567.6619999999947
    vertex 2409.328773467936 212.40766062413547 563.661999999996
  endloop
endfacet
facet normal -0.1305261922199923 0.9914448613738183 6.4971252415137e-15
  outer loop
    vertex 2408.954942987845 212.25281496925325 567.6619999999947
    vertex 2408.553773467936 212.20000000000138 563.661999999996
    vertex 2408.553773467936 212.2000000000014 567.6619999999947
  endloop
endfacet
facet normal -0.1305261922199923 0.9914448613738183 6.4971252415137e-15
  outer loop
    vertex 2408.553773467936 212.20000000000138 563.661999999996
    vertex 2408.954942987845 212.25281496925325 567.6619999999947
    vertex 2408.954942987845 212.25281496925328 563.661999999996
  endloop
endfacet
facet normal 0.13052619222002143 0.9914448613738145 5.729085366741405e-15
  outer loop
    vertex 2408.1526039480273 212.25281496925334 567.6619999999947
    vertex 2408.553773467936 212.20000000000138 563.661999999996
    vertex 2408.1526039480273 212.25281496925328 563.661999999996
  endloop
endfacet
facet normal 0.13052619222002143 0.9914448613738145 5.729085366741405e-15
  outer loop
    vertex 2408.553773467936 212.20000000000138 563.661999999996
    vertex 2408.1526039480273 212.25281496925334 567.6619999999947
    vertex 2408.553773467936 212.2000000000014 567.6619999999947
  endloop
endfacet
facet normal 0.38268343236509667 0.923879532511284 4.570617791986523e-15
  outer loop
    vertex 2408.1526039480273 212.25281496925334 567.6619999999947
    vertex 2407.7787734679364 212.40766062413547 563.661999999996
    vertex 2407.7787734679364 212.40766062413553 567.6619999999947
  endloop
endfacet
facet normal 0.38268343236509667 0.923879532511284 4.570617791986523e-15
  outer loop
    vertex 2407.7787734679364 212.40766062413547 563.661999999996
    vertex 2408.1526039480273 212.25281496925334 567.6619999999947
    vertex 2408.1526039480273 212.25281496925328 563.661999999996
  endloop
endfacet
facet normal 0.6087614290087445 0.7933533402912168 3.1006701680107937e-15
  outer loop
    vertex 2407.4577579570973 212.65398448916227 567.6619999999947
    vertex 2407.7787734679364 212.40766062413547 563.661999999996
    vertex 2407.457757957097 212.6539844891622 563.661999999996
  endloop
endfacet
facet normal 0.6087614290087445 0.7933533402912168 3.1006701680107937e-15
  outer loop
    vertex 2407.7787734679364 212.40766062413547 563.661999999996
    vertex 2407.4577579570973 212.65398448916227 567.6619999999947
    vertex 2407.7787734679364 212.40766062413553 567.6619999999947
  endloop
endfacet
facet normal 0.7933533402912887 0.608761429008651 1.4194169961845897e-15
  outer loop
    vertex 2407.457757957097 212.6539844891622 563.661999999996
    vertex 2407.2114340920702 212.97500000000142 567.6619999999947
    vertex 2407.4577579570973 212.65398448916227 567.6619999999947
  endloop
endfacet
facet normal 0.7933533402912887 0.608761429008651 1.4194169961845897e-15
  outer loop
    vertex 2407.2114340920702 212.97500000000142 567.6619999999947
    vertex 2407.457757957097 212.6539844891622 563.661999999996
    vertex 2407.2114340920702 212.97500000000147 563.661999999996
  endloop
endfacet
facet normal 0.923879532511279 0.3826834323651089 -3.585670982330107e-16
  outer loop
    vertex 2407.2114340920702 212.97500000000147 563.661999999996
    vertex 2407.056588437188 213.3488304800925 567.6619999999947
    vertex 2407.2114340920702 212.97500000000142 567.6619999999947
  endloop
endfacet
facet normal 0.923879532511279 0.3826834323651089 -3.585670982330107e-16
  outer loop
    vertex 2407.056588437188 213.3488304800925 567.6619999999947
    vertex 2407.2114340920702 212.97500000000147 563.661999999996
    vertex 2407.056588437188 213.34883048009254 563.661999999996
  endloop
endfacet
facet normal 0.9914448613738058 0.13052619222008746 -2.112115437466803e-15
  outer loop
    vertex 2407.056588437188 213.34883048009254 563.661999999996
    vertex 2407.003773467936 213.75000000000142 567.6619999999947
    vertex 2407.056588437188 213.3488304800925 567.6619999999947
  endloop
endfacet
facet normal 0.9914448613738058 0.13052619222008746 -2.112115437466803e-15
  outer loop
    vertex 2407.003773467936 213.75000000000142 567.6619999999947
    vertex 2407.056588437188 213.34883048009254 563.661999999996
    vertex 2407.003773467936 213.75000000000148 563.661999999996
  endloop
endfacet
facet normal 0.9914448613738018 -0.13052619222011658 -3.7217266000737124e-15
  outer loop
    vertex 2407.003773467936 213.75000000000148 563.661999999996
    vertex 2407.056588437188 214.15116951991035 567.6619999999947
    vertex 2407.003773467936 213.75000000000142 567.6619999999947
  endloop
endfacet
facet normal 0.9914448613738018 -0.13052619222011658 -3.7217266000737124e-15
  outer loop
    vertex 2407.056588437188 214.15116951991035 567.6619999999947
    vertex 2407.003773467936 213.75000000000148 563.661999999996
    vertex 2407.056588437188 214.1511695199104 563.661999999996
  endloop
endfacet
facet normal 0.9238795325112676 -0.3826834323651361 -5.077708245328879e-15
  outer loop
    vertex 2407.056588437188 214.1511695199104 563.661999999996
    vertex 2407.2114340920702 214.52500000000143 567.6619999999947
    vertex 2407.056588437188 214.15116951991035 567.6619999999947
  endloop
endfacet
facet normal 0.9238795325112676 -0.3826834323651361 -5.077708245328879e-15
  outer loop
    vertex 2407.2114340920702 214.52500000000143 567.6619999999947
    vertex 2407.056588437188 214.1511695199104 563.661999999996
    vertex 2407.2114340920702 214.52500000000148 563.661999999996
  endloop
endfacet
facet normal 2.942091015256574e-15 -6.165855048819198e-15 1.0
  outer loop
    vertex 2389.10944763647 210.59861519036204 567.6619999999942
    vertex 2387.998099299402 210.59861519036198 567.6619999999942
    vertex 2388.553773467936 210.55000000000112 567.6619999999942
  endloop
endfacet
facet normal 2.942091015256574e-15 -6.165855048819198e-15 1.0
  outer loop
    vertex 2387.998099299402 210.59861519036198 567.6619999999942
    vertex 2389.10944763647 210.59861519036204 567.6619999999942
    vertex 2387.459309009294 210.74298361348622 567.6619999999942
  endloop
endfacet
facet normal 2.942091015256574e-15 -6.165855048819198e-15 1.0
  outer loop
    vertex 2387.459309009294 210.74298361348622 567.6619999999942
    vertex 2389.10944763647 210.59861519036204 567.6619999999942
    vertex 2389.648237926578 210.74298361348622 567.6619999999942
  endloop
endfacet
facet normal 2.942091015256574e-15 -6.165855048819198e-15 1.0
  outer loop
    vertex 2387.459309009294 210.74298361348622 567.6619999999942
    vertex 2389.648237926578 210.74298361348622 567.6619999999942
    vertex 2390.1537734679364 210.9787187078909 567.6619999999942
  endloop
endfacet
facet normal 2.942091015256574e-15 -6.165855048819198e-15 1.0
  outer loop
    vertex 2387.459309009294 210.74298361348622 567.6619999999942
    vertex 2390.1537734679364 210.9787187078909 567.6619999999942
    vertex 2386.953773467936 210.97871870789095 567.6619999999942
  endloop
endfacet
facet normal 2.942091015256574e-15 -6.165855048819198e-15 1.0
  outer loop
    vertex 2386.953773467936 210.97871870789095 567.6619999999942
    vertex 2390.1537734679364 210.9787187078909 567.6619999999942
    vertex 2390.610693818933 211.29865778202037 567.6619999999942
  endloop
endfacet
facet normal 2.942091015256574e-15 -6.165855048819198e-15 1.0
  outer loop
    vertex 2386.953773467936 210.97871870789095 567.6619999999942
    vertex 2390.610693818933 211.29865778202037 567.6619999999942
    vertex 2386.496853116939 211.29865778202046 567.6619999999942
  endloop
endfacet
facet normal 2.942091015256574e-15 -6.165855048819198e-15 1.0
  outer loop
    vertex 2386.496853116939 211.29865778202046 567.6619999999942
    vertex 2390.610693818933 211.29865778202037 567.6619999999942
    vertex 2391.0051156859167 211.69307964900412 567.6619999999942
  endloop
endfacet
facet normal 2.942091015256574e-15 -6.165855048819198e-15 1.0
  outer loop
    vertex 2386.496853116939 211.29865778202046 567.6619999999942
    vertex 2391.0051156859167 211.69307964900412 567.6619999999942
    vertex 2386.1024312499553 211.69307964900423 567.6619999999942
  endloop
endfacet
facet normal 2.942091015256574e-15 -6.165855048819198e-15 1.0
  outer loop
    vertex 2386.1024312499553 211.69307964900423 567.6619999999942
    vertex 2391.0051156859167 211.69307964900412 567.6619999999942
    vertex 2391.325054760046 212.15000000000106 567.6619999999942
  endloop
endfacet
facet normal 2.942091015256574e-15 -6.165855048819198e-15 1.0
  outer loop
    vertex 2386.1024312499553 211.69307964900423 567.6619999999942
    vertex 2391.325054760046 212.15000000000106 567.6619999999942
    vertex 2385.782492175826 212.15000000000114 567.6619999999942
  endloop
endfacet
facet normal 2.942091015256574e-15 -6.165855048819198e-15 1.0
  outer loop
    vertex 2385.782492175826 212.15000000000114 567.6619999999942
    vertex 2391.325054760046 212.15000000000106 567.6619999999942
    vertex 2388.553773467936 212.2000000000011 567.6619999999942
  endloop
endfacet
facet normal 2.942091015256574e-15 -6.165855048819198e-15 1.0
  outer loop
    vertex 2388.553773467936 212.2000000000011 567.6619999999942
    vertex 2391.325054760046 212.15000000000106 567.6619999999942
    vertex 2388.954942987845 212.25281496925302 567.6619999999942
  endloop
endfacet
facet normal 2.942091015256574e-15 -6.165855048819198e-15 1.0
  outer loop
    vertex 2388.954942987845 212.25281496925302 567.6619999999942
    vertex 2391.325054760046 212.15000000000106 567.6619999999942
    vertex 2391.560789854451 212.65553554135894 567.6619999999942
  endloop
endfacet
facet normal 2.942091015256574e-15 -6.165855048819198e-15 1.0
  outer loop
    vertex 2388.954942987845 212.25281496925302 567.6619999999942
    vertex 2391.560789854451 212.65553554135894 567.6619999999942
    vertex 2389.328773467936 212.40766062413522 567.6619999999942
  endloop
endfacet
facet normal 2.942091015256574e-15 -6.165855048819198e-15 1.0
  outer loop
    vertex 2389.328773467936 212.40766062413522 567.6619999999942
    vertex 2391.560789854451 212.65553554135894 567.6619999999942
    vertex 2389.6497889787756 212.65398448916196 567.6619999999942
  endloop
endfacet
facet normal 2.942091015256574e-15 -6.165855048819198e-15 1.0
  outer loop
    vertex 2389.6497889787756 212.65398448916196 567.6619999999942
    vertex 2391.560789854451 212.65553554135894 567.6619999999942
    vertex 2389.8961128438023 212.9750000000011 567.6619999999942
  endloop
endfacet
facet normal 2.942091015256574e-15 -6.165855048819198e-15 1.0
  outer loop
    vertex 2389.8961128438023 212.9750000000011 567.6619999999942
    vertex 2391.560789854451 212.65553554135894 567.6619999999942
    vertex 2391.7051582775753 213.1943258314669 567.6619999999942
  endloop
endfacet
facet normal 2.942091015256574e-15 -6.165855048819198e-15 1.0
  outer loop
    vertex 2389.8961128438023 212.9750000000011 567.6619999999942
    vertex 2391.7051582775753 213.1943258314669 567.6619999999942
    vertex 2390.050958498684 213.34883048009218 567.6619999999942
  endloop
endfacet
facet normal 2.942091015256574e-15 -6.165855048819198e-15 1.0
  outer loop
    vertex 2390.050958498684 213.34883048009218 567.6619999999942
    vertex 2391.7051582775753 213.1943258314669 567.6619999999942
    vertex 2391.7537734679363 213.75000000000105 567.6619999999942
  endloop
endfacet
facet normal 2.942091015256574e-15 -6.165855048819198e-15 1.0
  outer loop
    vertex 2390.050958498684 213.34883048009218 567.6619999999942
    vertex 2391.7537734679363 213.75000000000105 567.6619999999942
    vertex 2390.103773467936 213.7500000000011 567.6619999999942
  endloop
endfacet
facet normal 2.942091015256574e-15 -6.165855048819198e-15 1.0
  outer loop
    vertex 2390.103773467936 213.7500000000011 567.6619999999942
    vertex 2391.7537734679363 213.75000000000105 567.6619999999942
    vertex 2391.7051582775753 214.30567416853526 567.6619999999942
  endloop
endfacet
facet normal 2.942091015256574e-15 -6.165855048819198e-15 1.0
  outer loop
    vertex 2390.103773467936 213.7500000000011 567.6619999999942
    vertex 2391.7051582775753 214.30567416853526 567.6619999999942
    vertex 2390.050958498684 214.15116951991004 567.6619999999942
  endloop
endfacet
facet normal 2.942091015256574e-15 -6.165855048819198e-15 1.0
  outer loop
    vertex 2390.050958498684 214.15116951991004 567.6619999999942
    vertex 2391.7051582775753 214.30567416853526 567.6619999999942
    vertex 2389.8961128438023 214.5250000000011 567.6619999999942
  endloop
endfacet
facet normal 2.942091015256574e-15 -6.165855048819198e-15 1.0
  outer loop
    vertex 2389.8961128438023 214.5250000000011 567.6619999999942
    vertex 2391.7051582775753 214.30567416853526 567.6619999999942
    vertex 2391.560789854451 214.8444644586432 567.6619999999942
  endloop
endfacet
facet normal 2.942091015256574e-15 -6.165855048819198e-15 1.0
  outer loop
    vertex 2389.8961128438023 214.5250000000011 567.6619999999942
    vertex 2391.560789854451 214.8444644586432 567.6619999999942
    vertex 2389.6497889787756 214.84601551084026 567.6619999999942
  endloop
endfacet
facet normal 2.942091015256574e-15 -6.165855048819198e-15 1.0
  outer loop
    vertex 2389.6497889787756 214.84601551084026 567.6619999999942
    vertex 2391.560789854451 214.8444644586432 567.6619999999942
    vertex 2391.3250547600464 215.35000000000107 567.6619999999942
  endloop
endfacet
facet normal 2.942091015256574e-15 -6.165855048819198e-15 1.0
  outer loop
    vertex 2389.6497889787756 214.84601551084026 567.6619999999942
    vertex 2391.3250547600464 215.35000000000107 567.6619999999942
    vertex 2389.328773467936 215.092339375867 567.6619999999942
  endloop
endfacet
facet normal 2.942091015256574e-15 -6.165855048819198e-15 1.0
  outer loop
    vertex 2389.328773467936 215.092339375867 567.6619999999942
    vertex 2391.3250547600464 215.35000000000107 567.6619999999942
    vertex 2388.9549429878452 215.2471850307492 567.6619999999942
  endloop
endfacet
facet normal 2.942091015256574e-15 -6.165855048819198e-15 1.0
  outer loop
    vertex 2388.9549429878452 215.2471850307492 567.6619999999942
    vertex 2391.3250547600464 215.35000000000107 567.6619999999942
    vertex 2388.553773467936 215.30000000000112 567.6619999999942
  endloop
endfacet
facet normal 2.942091015256574e-15 -6.165855048819198e-15 1.0
  outer loop
    vertex 2385.782492175826 212.15000000000114 567.6619999999942
    vertex 2388.1526039480273 212.25281496925302 567.6619999999942
    vertex 2385.546757081421 212.65553554135903 567.6619999999942
  endloop
endfacet
facet normal 2.942091015256574e-15 -6.165855048819198e-15 1.0
  outer loop
    vertex 2388.1526039480273 212.25281496925302 567.6619999999942
    vertex 2385.782492175826 212.15000000000114 567.6619999999942
    vertex 2388.553773467936 212.2000000000011 567.6619999999942
  endloop
endfacet
facet normal 2.942091015256574e-15 -6.165855048819198e-15 1.0
  outer loop
    vertex 2385.546757081421 212.65553554135903 567.6619999999942
    vertex 2388.1526039480273 212.25281496925302 567.6619999999942
    vertex 2387.778773467936 212.40766062413516 567.6619999999942
  endloop
endfacet
facet normal 2.942091015256574e-15 -6.165855048819198e-15 1.0
  outer loop
    vertex 2385.546757081421 212.65553554135903 567.6619999999942
    vertex 2387.778773467936 212.40766062413516 567.6619999999942
    vertex 2387.457757957097 212.65398448916196 567.6619999999942
  endloop
endfacet
facet normal 2.942091015256574e-15 -6.165855048819198e-15 1.0
  outer loop
    vertex 2385.546757081421 212.65553554135903 567.6619999999942
    vertex 2387.457757957097 212.65398448916196 567.6619999999942
    vertex 2387.2114340920702 212.97500000000116 567.6619999999942
  endloop
endfacet
facet normal 2.942091015256574e-15 -6.165855048819198e-15 1.0
  outer loop
    vertex 2385.546757081421 212.65553554135903 567.6619999999942
    vertex 2387.2114340920702 212.97500000000116 567.6619999999942
    vertex 2385.402388658297 213.19432583146695 567.6619999999942
  endloop
endfacet
facet normal 2.942091015256574e-15 -6.165855048819198e-15 1.0
  outer loop
    vertex 2385.402388658297 213.19432583146695 567.6619999999942
    vertex 2387.2114340920702 212.97500000000116 567.6619999999942
    vertex 2387.056588437188 213.34883048009223 567.6619999999942
  endloop
endfacet
facet normal 2.942091015256574e-15 -6.165855048819198e-15 1.0
  outer loop
    vertex 2385.402388658297 213.19432583146695 567.6619999999942
    vertex 2387.056588437188 213.34883048009223 567.6619999999942
    vertex 2385.353773467936 213.75000000000117 567.6619999999942
  endloop
endfacet
facet normal 2.942091015256574e-15 -6.165855048819198e-15 1.0
  outer loop
    vertex 2385.353773467936 213.75000000000117 567.6619999999942
    vertex 2387.056588437188 213.34883048009223 567.6619999999942
    vertex 2387.0037734679363 213.75000000000117 567.6619999999942
  endloop
endfacet
facet normal 2.942091015256574e-15 -6.165855048819198e-15 1.0
  outer loop
    vertex 2385.353773467936 213.75000000000117 567.6619999999942
    vertex 2387.0037734679363 213.75000000000117 567.6619999999942
    vertex 2387.056588437188 214.15116951991007 567.6619999999942
  endloop
endfacet
facet normal 2.942091015256574e-15 -6.165855048819198e-15 1.0
  outer loop
    vertex 2385.353773467936 213.75000000000117 567.6619999999942
    vertex 2387.056588437188 214.15116951991007 567.6619999999942
    vertex 2385.402388658297 214.30567416853535 567.6619999999942
  endloop
endfacet
facet normal 2.942091015256574e-15 -6.165855048819198e-15 1.0
  outer loop
    vertex 2385.402388658297 214.30567416853535 567.6619999999942
    vertex 2387.056588437188 214.15116951991007 567.6619999999942
    vertex 2387.2114340920702 214.52500000000117 567.6619999999942
  endloop
endfacet
facet normal 2.942091015256574e-15 -6.165855048819198e-15 1.0
  outer loop
    vertex 2385.402388658297 214.30567416853535 567.6619999999942
    vertex 2387.2114340920702 214.52500000000117 567.6619999999942
    vertex 2385.546757081421 214.84446445864327 567.6619999999942
  endloop
endfacet
facet normal 2.942091015256574e-15 -6.165855048819198e-15 1.0
  outer loop
    vertex 2385.546757081421 214.84446445864327 567.6619999999942
    vertex 2387.2114340920702 214.52500000000117 567.6619999999942
    vertex 2387.457757957097 214.84601551084026 567.6619999999942
  endloop
endfacet
facet normal 2.942091015256574e-15 -6.165855048819198e-15 1.0
  outer loop
    vertex 2385.546757081421 214.84446445864327 567.6619999999942
    vertex 2387.457757957097 214.84601551084026 567.6619999999942
    vertex 2385.782492175826 215.35000000000116 567.6619999999942
  endloop
endfacet
facet normal 2.942091015256574e-15 -6.165855048819198e-15 1.0
  outer loop
    vertex 2385.782492175826 215.35000000000116 567.6619999999942
    vertex 2387.457757957097 214.84601551084026 567.6619999999942
    vertex 2387.778773467936 215.09233937586697 567.6619999999942
  endloop
endfacet
facet normal 2.942091015256574e-15 -6.165855048819198e-15 1.0
  outer loop
    vertex 2385.782492175826 215.35000000000116 567.6619999999942
    vertex 2387.778773467936 215.09233937586697 567.6619999999942
    vertex 2388.1526039480273 215.2471850307492 567.6619999999942
  endloop
endfacet
facet normal 2.942091015256574e-15 -6.165855048819198e-15 1.0
  outer loop
    vertex 2385.782492175826 215.35000000000116 567.6619999999942
    vertex 2388.1526039480273 215.2471850307492 567.6619999999942
    vertex 2388.553773467936 215.30000000000112 567.6619999999942
  endloop
endfacet
facet normal 2.942091015256574e-15 -6.165855048819198e-15 1.0
  outer loop
    vertex 2385.782492175826 215.35000000000116 567.6619999999942
    vertex 2388.553773467936 215.30000000000112 567.6619999999942
    vertex 2391.3250547600464 215.35000000000107 567.6619999999942
  endloop
endfacet
facet normal 2.942091015256574e-15 -6.165855048819198e-15 1.0
  outer loop
    vertex 2385.782492175826 215.35000000000116 567.6619999999942
    vertex 2391.3250547600464 215.35000000000107 567.6619999999942
    vertex 2391.0051156859167 215.80692035099793 567.6619999999942
  endloop
endfacet
facet normal 2.942091015256574e-15 -6.165855048819198e-15 1.0
  outer loop
    vertex 2385.782492175826 215.35000000000116 567.6619999999942
    vertex 2391.0051156859167 215.80692035099793 567.6619999999942
    vertex 2386.1024312499558 215.80692035099807 567.6619999999942
  endloop
endfacet
facet normal 2.942091015256574e-15 -6.165855048819198e-15 1.0
  outer loop
    vertex 2386.1024312499558 215.80692035099807 567.6619999999942
    vertex 2391.0051156859167 215.80692035099793 567.6619999999942
    vertex 2390.610693818933 216.20134221798176 567.6619999999942
  endloop
endfacet
facet normal 2.942091015256574e-15 -6.165855048819198e-15 1.0
  outer loop
    vertex 2386.1024312499558 215.80692035099807 567.6619999999942
    vertex 2390.610693818933 216.20134221798176 567.6619999999942
    vertex 2386.4968531169393 216.20134221798185 567.6619999999942
  endloop
endfacet
facet normal 2.942091015256574e-15 -6.165855048819198e-15 1.0
  outer loop
    vertex 2386.4968531169393 216.20134221798185 567.6619999999942
    vertex 2390.610693818933 216.20134221798176 567.6619999999942
    vertex 2390.1537734679364 216.52128129211133 567.6619999999942
  endloop
endfacet
facet normal 2.942091015256574e-15 -6.165855048819198e-15 1.0
  outer loop
    vertex 2386.4968531169393 216.20134221798185 567.6619999999942
    vertex 2390.1537734679364 216.52128129211133 567.6619999999942
    vertex 2386.953773467936 216.52128129211135 567.6619999999942
  endloop
endfacet
facet normal 2.942091015256574e-15 -6.165855048819198e-15 1.0
  outer loop
    vertex 2386.953773467936 216.52128129211135 567.6619999999942
    vertex 2390.1537734679364 216.52128129211133 567.6619999999942
    vertex 2389.648237926578 216.757016386516 567.6619999999942
  endloop
endfacet
facet normal 2.942091015256574e-15 -6.165855048819198e-15 1.0
  outer loop
    vertex 2386.953773467936 216.52128129211135 567.6619999999942
    vertex 2389.648237926578 216.757016386516 567.6619999999942
    vertex 2387.4593090092944 216.757016386516 567.6619999999942
  endloop
endfacet
facet normal 2.942091015256574e-15 -6.165855048819198e-15 1.0
  outer loop
    vertex 2387.4593090092944 216.757016386516 567.6619999999942
    vertex 2389.648237926578 216.757016386516 567.6619999999942
    vertex 2389.10944763647 216.90138480964018 567.6619999999942
  endloop
endfacet
facet normal 2.942091015256574e-15 -6.165855048819198e-15 1.0
  outer loop
    vertex 2387.4593090092944 216.757016386516 567.6619999999942
    vertex 2389.10944763647 216.90138480964018 567.6619999999942
    vertex 2387.9980992994024 216.90138480964015 567.6619999999942
  endloop
endfacet
facet normal 2.942091015256574e-15 -6.165855048819198e-15 1.0
  outer loop
    vertex 2387.9980992994024 216.90138480964015 567.6619999999942
    vertex 2389.10944763647 216.90138480964018 567.6619999999942
    vertex 2388.553773467936 216.9500000000011 567.6619999999942
  endloop
endfacet
facet normal -0.9961946980917505 -0.08715574274760195 2.393505794248086e-15
  outer loop
    vertex 2391.7051582775753 214.30567416853526 567.6619999999942
    vertex 2391.7537734679363 213.75000000000097 580.6619999999947
    vertex 2391.7051582775757 214.30567416853518 580.6619999999947
  endloop
endfacet
facet normal -0.9961946980917505 -0.08715574274760195 2.393505794248086e-15
  outer loop
    vertex 2391.7537734679363 213.75000000000097 580.6619999999947
    vertex 2391.7051582775753 214.30567416853526 567.6619999999942
    vertex 2391.7537734679363 213.75000000000105 567.6619999999942
  endloop
endfacet
facet normal -0.9659258262890595 -0.2588190451025541 1.2460009789531772e-15
  outer loop
    vertex 2391.560789854451 214.8444644586432 567.6619999999942
    vertex 2391.7051582775757 214.30567416853518 580.6619999999947
    vertex 2391.5607898544513 214.84446445864313 580.6619999999947
  endloop
endfacet
facet normal -0.9659258262890595 -0.2588190451025541 1.2460009789531772e-15
  outer loop
    vertex 2391.7051582775757 214.30567416853518 580.6619999999947
    vertex 2391.560789854451 214.8444644586432 567.6619999999942
    vertex 2391.7051582775753 214.30567416853526 567.6619999999942
  endloop
endfacet
facet normal -0.9063077870366386 -0.4226182617407236 6.063705442032909e-17
  outer loop
    vertex 2391.3250547600464 215.35000000000107 567.6619999999942
    vertex 2391.5607898544513 214.84446445864313 580.6619999999947
    vertex 2391.3250547600464 215.35000000000102 580.6619999999947
  endloop
endfacet
facet normal -0.9063077870366386 -0.4226182617407236 6.063705442032909e-17
  outer loop
    vertex 2391.5607898544513 214.84446445864313 580.6619999999947
    vertex 2391.3250547600464 215.35000000000107 567.6619999999942
    vertex 2391.560789854451 214.8444644586432 567.6619999999942
  endloop
endfacet
facet normal -0.8191520442890412 -0.5735764363509757 -1.126569296326544e-15
  outer loop
    vertex 2391.0051156859167 215.80692035099793 567.6619999999942
    vertex 2391.3250547600464 215.35000000000102 580.6619999999947
    vertex 2391.0051156859167 215.80692035099793 580.6619999999947
  endloop
endfacet
facet normal -0.8191520442890412 -0.5735764363509757 -1.126569296326544e-15
  outer loop
    vertex 2391.3250547600464 215.35000000000102 580.6619999999947
    vertex 2391.0051156859167 215.80692035099793 567.6619999999942
    vertex 2391.3250547600464 215.35000000000107 567.6619999999942
  endloop
endfacet
facet normal -0.707106781186558 -0.7071067811865371 -2.2795454090773323e-15
  outer loop
    vertex 2391.0051156859167 215.80692035099793 567.6619999999942
    vertex 2390.6106938189337 216.20134221798173 580.6619999999947
    vertex 2390.610693818933 216.20134221798176 567.6619999999942
  endloop
endfacet
facet normal -0.707106781186558 -0.7071067811865371 -2.2795454090773323e-15
  outer loop
    vertex 2390.6106938189337 216.20134221798173 580.6619999999947
    vertex 2391.0051156859167 215.80692035099793 567.6619999999942
    vertex 2391.0051156859167 215.80692035099793 580.6619999999947
  endloop
endfacet
facet normal -0.5735764363510705 -0.8191520442889749 -3.3632586880783747e-15
  outer loop
    vertex 2390.610693818933 216.20134221798176 567.6619999999942
    vertex 2390.1537734679364 216.52128129211124 580.6619999999947
    vertex 2390.1537734679364 216.52128129211133 567.6619999999942
  endloop
endfacet
facet normal -0.5735764363510705 -0.8191520442889749 -3.3632586880783747e-15
  outer loop
    vertex 2390.1537734679364 216.52128129211124 580.6619999999947
    vertex 2390.610693818933 216.20134221798176 567.6619999999942
    vertex 2390.6106938189337 216.20134221798173 580.6619999999947
  endloop
endfacet
facet normal -0.4226182617406839 -0.9063077870366573 -4.344781053733511e-15
  outer loop
    vertex 2390.1537734679364 216.52128129211133 567.6619999999942
    vertex 2389.6482379265785 216.75701638651591 580.6619999999947
    vertex 2389.648237926578 216.757016386516 567.6619999999942
  endloop
endfacet
facet normal -0.4226182617406839 -0.9063077870366573 -4.344781053733511e-15
  outer loop
    vertex 2389.6482379265785 216.75701638651591 580.6619999999947
    vertex 2390.1537734679364 216.52128129211133 567.6619999999942
    vertex 2390.1537734679364 216.52128129211124 580.6619999999947
  endloop
endfacet
facet normal -0.25881904510256226 -0.9659258262890572 -5.194289445635703e-15
  outer loop
    vertex 2389.648237926578 216.757016386516 567.6619999999942
    vertex 2389.1094476364706 216.9013848096401 580.6619999999947
    vertex 2389.10944763647 216.90138480964018 567.6619999999942
  endloop
endfacet
facet normal -0.25881904510256226 -0.9659258262890572 -5.194289445635703e-15
  outer loop
    vertex 2389.1094476364706 216.9013848096401 580.6619999999947
    vertex 2389.648237926578 216.757016386516 567.6619999999942
    vertex 2389.6482379265785 216.75701638651591 580.6619999999947
  endloop
endfacet
facet normal -0.08715574274763829 -0.9961946980917474 -5.885971981170078e-15
  outer loop
    vertex 2389.10944763647 216.90138480964018 567.6619999999942
    vertex 2388.553773467936 216.950000000001 580.6619999999947
    vertex 2388.553773467936 216.9500000000011 567.6619999999942
  endloop
endfacet
facet normal -0.08715574274763829 -0.9961946980917474 -5.885971981170078e-15
  outer loop
    vertex 2388.553773467936 216.950000000001 580.6619999999947
    vertex 2389.10944763647 216.90138480964018 567.6619999999942
    vertex 2389.1094476364706 216.9013848096401 580.6619999999947
  endloop
endfacet
facet normal 0.08715574274760897 -0.9961946980917499 -6.3988122365016866e-15
  outer loop
    vertex 2388.553773467936 216.9500000000011 567.6619999999942
    vertex 2387.9980992994024 216.90138480964015 580.6619999999947
    vertex 2387.9980992994024 216.90138480964015 567.6619999999942
  endloop
endfacet
facet normal 0.08715574274760897 -0.9961946980917499 -6.3988122365016866e-15
  outer loop
    vertex 2387.9980992994024 216.90138480964015 580.6619999999947
    vertex 2388.553773467936 216.9500000000011 567.6619999999942
    vertex 2388.553773467936 216.950000000001 580.6619999999947
  endloop
endfacet
facet normal 0.25881904510253384 -0.9659258262890648 -6.717227819982737e-15
  outer loop
    vertex 2387.9980992994024 216.90138480964015 567.6619999999942
    vertex 2387.4593090092944 216.75701638651597 580.6619999999947
    vertex 2387.4593090092944 216.757016386516 567.6619999999942
  endloop
endfacet
facet normal 0.25881904510253384 -0.9659258262890648 -6.717227819982737e-15
  outer loop
    vertex 2387.4593090092944 216.75701638651597 580.6619999999947
    vertex 2387.9980992994024 216.90138480964015 567.6619999999942
    vertex 2387.9980992994024 216.90138480964015 580.6619999999947
  endloop
endfacet
facet normal 0.42261826174065725 -0.9063077870366697 -6.831543835234743e-15
  outer loop
    vertex 2387.4593090092944 216.757016386516 567.6619999999942
    vertex 2386.953773467936 216.52128129211127 580.6619999999947
    vertex 2386.953773467936 216.52128129211135 567.6619999999942
  endloop
endfacet
facet normal 0.42261826174065725 -0.9063077870366697 -6.831543835234743e-15
  outer loop
    vertex 2386.953773467936 216.52128129211127 580.6619999999947
    vertex 2387.4593090092944 216.757016386516 567.6619999999942
    vertex 2387.4593090092944 216.75701638651597 580.6619999999947
  endloop
endfacet
facet normal 0.5735764363510463 -0.8191520442889918 -6.738286847981146e-15
  outer loop
    vertex 2386.953773467936 216.52128129211135 567.6619999999942
    vertex 2386.4968531169393 216.20134221798176 580.6619999999947
    vertex 2386.4968531169393 216.20134221798185 567.6619999999942
  endloop
endfacet
facet normal 0.5735764363510463 -0.8191520442889918 -6.738286847981146e-15
  outer loop
    vertex 2386.4968531169393 216.20134221798176 580.6619999999947
    vertex 2386.953773467936 216.52128129211135 567.6619999999942
    vertex 2386.953773467936 216.52128129211127 580.6619999999947
  endloop
endfacet
facet normal 0.7071067811865371 -0.707106781186558 -6.4402904245893374e-15
  outer loop
    vertex 2386.4968531169393 216.20134221798185 567.6619999999942
    vertex 2386.1024312499558 215.80692035099798 580.6619999999947
    vertex 2386.1024312499558 215.80692035099807 567.6619999999942
  endloop
endfacet
facet normal 0.7071067811865371 -0.707106781186558 -6.4402904245893374e-15
  outer loop
    vertex 2386.1024312499558 215.80692035099798 580.6619999999947
    vertex 2386.4968531169393 216.20134221798185 567.6619999999942
    vertex 2386.4968531169393 216.20134221798176 580.6619999999947
  endloop
endfacet
facet normal 0.8191520442890243 -0.5735764363509999 -5.946609035590328e-15
  outer loop
    vertex 2385.782492175826 215.35000000000116 567.6619999999942
    vertex 2386.1024312499558 215.80692035099798 580.6619999999947
    vertex 2385.782492175826 215.35000000000107 580.6619999999947
  endloop
endfacet
facet normal 0.8191520442890243 -0.5735764363509999 -5.946609035590328e-15
  outer loop
    vertex 2386.1024312499558 215.80692035099798 580.6619999999947
    vertex 2385.782492175826 215.35000000000116 567.6619999999942
    vertex 2386.1024312499558 215.80692035099807 567.6619999999942
  endloop
endfacet
facet normal 0.9063077870366262 -0.42261826174075023 -5.272242940174926e-15
  outer loop
    vertex 2385.546757081421 214.84446445864327 567.6619999999942
    vertex 2385.782492175826 215.35000000000107 580.6619999999947
    vertex 2385.5467570814217 214.8444644586432 580.6619999999947
  endloop
endfacet
facet normal 0.9063077870366262 -0.42261826174075023 -5.272242940174926e-15
  outer loop
    vertex 2385.782492175826 215.35000000000107 580.6619999999947
    vertex 2385.546757081421 214.84446445864327 567.6619999999942
    vertex 2385.782492175826 215.35000000000116 567.6619999999942
  endloop
endfacet
facet normal 0.9659258262890518 -0.25881904510258247 -4.437682410905624e-15
  outer loop
    vertex 2385.402388658297 214.30567416853535 567.6619999999942
    vertex 2385.5467570814217 214.8444644586432 580.6619999999947
    vertex 2385.4023886582972 214.30567416853526 580.6619999999947
  endloop
endfacet
facet normal 0.9659258262890518 -0.25881904510258247 -4.437682410905624e-15
  outer loop
    vertex 2385.5467570814217 214.8444644586432 580.6619999999947
    vertex 2385.402388658297 214.30567416853535 567.6619999999942
    vertex 2385.546757081421 214.84446445864327 567.6619999999942
  endloop
endfacet
facet normal 0.9961946980917479 -0.08715574274763126 -3.468285147156036e-15
  outer loop
    vertex 2385.353773467936 213.75000000000117 567.6619999999942
    vertex 2385.4023886582972 214.30567416853526 580.6619999999947
    vertex 2385.353773467936 213.7500000000011 580.6619999999947
  endloop
endfacet
facet normal 0.9961946980917479 -0.08715574274763126 -3.468285147156036e-15
  outer loop
    vertex 2385.4023886582972 214.30567416853526 580.6619999999947
    vertex 2385.353773467936 213.75000000000117 567.6619999999942
    vertex 2385.402388658297 214.30567416853535 567.6619999999942
  endloop
endfacet
facet normal 0.9961946980917505 0.08715574274760195 -2.393505794248086e-15
  outer loop
    vertex 2385.402388658297 213.19432583146695 567.6619999999942
    vertex 2385.353773467936 213.7500000000011 580.6619999999947
    vertex 2385.4023886582972 213.19432583146687 580.6619999999947
  endloop
endfacet
facet normal 0.9961946980917505 0.08715574274760195 -2.393505794248086e-15
  outer loop
    vertex 2385.353773467936 213.7500000000011 580.6619999999947
    vertex 2385.402388658297 213.19432583146695 567.6619999999942
    vertex 2385.353773467936 213.75000000000117 567.6619999999942
  endloop
endfacet
facet normal 0.9659258262890595 0.2588190451025541 -1.2460009789531772e-15
  outer loop
    vertex 2385.546757081421 212.65553554135903 567.6619999999942
    vertex 2385.4023886582972 213.19432583146687 580.6619999999947
    vertex 2385.5467570814217 212.65553554135894 580.6619999999947
  endloop
endfacet
facet normal 0.9659258262890595 0.2588190451025541 -1.2460009789531772e-15
  outer loop
    vertex 2385.4023886582972 213.19432583146687 580.6619999999947
    vertex 2385.546757081421 212.65553554135903 567.6619999999942
    vertex 2385.402388658297 213.19432583146695 567.6619999999942
  endloop
endfacet
facet normal 0.9063077870366386 0.4226182617407236 -6.063705442032909e-17
  outer loop
    vertex 2385.782492175826 212.15000000000114 567.6619999999942
    vertex 2385.5467570814217 212.65553554135894 580.6619999999947
    vertex 2385.782492175826 212.15000000000106 580.6619999999947
  endloop
endfacet
facet normal 0.9063077870366386 0.4226182617407236 -6.063705442032909e-17
  outer loop
    vertex 2385.5467570814217 212.65553554135894 580.6619999999947
    vertex 2385.782492175826 212.15000000000114 567.6619999999942
    vertex 2385.546757081421 212.65553554135903 567.6619999999942
  endloop
endfacet
facet normal 0.8191520442890412 0.5735764363509757 1.126569296326544e-15
  outer loop
    vertex 2386.1024312499553 211.69307964900423 567.6619999999942
    vertex 2385.782492175826 212.15000000000106 580.6619999999947
    vertex 2386.1024312499558 211.69307964900415 580.6619999999947
  endloop
endfacet
facet normal 0.8191520442890412 0.5735764363509757 1.126569296326544e-15
  outer loop
    vertex 2385.782492175826 212.15000000000106 580.6619999999947
    vertex 2386.1024312499553 211.69307964900423 567.6619999999942
    vertex 2385.782492175826 212.15000000000114 567.6619999999942
  endloop
endfacet
facet normal 0.707106781186558 0.7071067811865371 2.2795454090773323e-15
  outer loop
    vertex 2386.1024312499558 211.69307964900415 580.6619999999947
    vertex 2386.496853116939 211.29865778202046 567.6619999999942
    vertex 2386.1024312499553 211.69307964900423 567.6619999999942
  endloop
endfacet
facet normal 0.707106781186558 0.7071067811865371 2.2795454090773323e-15
  outer loop
    vertex 2386.496853116939 211.29865778202046 567.6619999999942
    vertex 2386.1024312499558 211.69307964900415 580.6619999999947
    vertex 2386.4968531169393 211.29865778202037 580.6619999999947
  endloop
endfacet
facet normal 0.5735764363510705 0.8191520442889749 3.3632586880783747e-15
  outer loop
    vertex 2386.4968531169393 211.29865778202037 580.6619999999947
    vertex 2386.953773467936 210.97871870789095 567.6619999999942
    vertex 2386.496853116939 211.29865778202046 567.6619999999942
  endloop
endfacet
facet normal 0.5735764363510705 0.8191520442889749 3.3632586880783747e-15
  outer loop
    vertex 2386.953773467936 210.97871870789095 567.6619999999942
    vertex 2386.4968531169393 211.29865778202037 580.6619999999947
    vertex 2386.953773467936 210.97871870789086 580.6619999999947
  endloop
endfacet
facet normal 0.4226182617406839 0.9063077870366573 4.344781053733511e-15
  outer loop
    vertex 2387.4593090092944 210.74298361348616 580.6619999999947
    vertex 2386.953773467936 210.97871870789095 567.6619999999942
    vertex 2386.953773467936 210.97871870789086 580.6619999999947
  endloop
endfacet
facet normal 0.4226182617406839 0.9063077870366573 4.344781053733511e-15
  outer loop
    vertex 2386.953773467936 210.97871870789095 567.6619999999942
    vertex 2387.4593090092944 210.74298361348616 580.6619999999947
    vertex 2387.459309009294 210.74298361348622 567.6619999999942
  endloop
endfacet
facet normal 0.25881904510256226 0.9659258262890572 5.194289445635703e-15
  outer loop
    vertex 2387.4593090092944 210.74298361348616 580.6619999999947
    vertex 2387.998099299402 210.59861519036198 567.6619999999942
    vertex 2387.459309009294 210.74298361348622 567.6619999999942
  endloop
endfacet
facet normal 0.25881904510256226 0.9659258262890572 5.194289445635703e-15
  outer loop
    vertex 2387.998099299402 210.59861519036198 567.6619999999942
    vertex 2387.4593090092944 210.74298361348616 580.6619999999947
    vertex 2387.9980992994024 210.59861519036198 580.6619999999947
  endloop
endfacet
facet normal 0.08715574274763829 0.9961946980917474 5.885971981170078e-15
  outer loop
    vertex 2387.9980992994024 210.59861519036198 580.6619999999947
    vertex 2388.553773467936 210.55000000000112 567.6619999999942
    vertex 2387.998099299402 210.59861519036198 567.6619999999942
  endloop
endfacet
facet normal 0.08715574274763829 0.9961946980917474 5.885971981170078e-15
  outer loop
    vertex 2388.553773467936 210.55000000000112 567.6619999999942
    vertex 2387.9980992994024 210.59861519036198 580.6619999999947
    vertex 2388.553773467936 210.55000000000103 580.6619999999947
  endloop
endfacet
facet normal -0.08715574274760897 0.9961946980917499 6.3988122365016866e-15
  outer loop
    vertex 2389.10944763647 210.59861519036193 580.6619999999948
    vertex 2388.553773467936 210.55000000000112 567.6619999999942
    vertex 2388.553773467936 210.55000000000103 580.6619999999947
  endloop
endfacet
facet normal -0.08715574274760897 0.9961946980917499 6.3988122365016866e-15
  outer loop
    vertex 2388.553773467936 210.55000000000112 567.6619999999942
    vertex 2389.10944763647 210.59861519036193 580.6619999999948
    vertex 2389.10944763647 210.59861519036204 567.6619999999942
  endloop
endfacet
facet normal -0.25881904510253384 0.9659258262890648 6.717227819982737e-15
  outer loop
    vertex 2389.648237926578 210.7429836134861 580.6619999999948
    vertex 2389.10944763647 210.59861519036204 567.6619999999942
    vertex 2389.10944763647 210.59861519036193 580.6619999999948
  endloop
endfacet
facet normal -0.25881904510253384 0.9659258262890648 6.717227819982737e-15
  outer loop
    vertex 2389.10944763647 210.59861519036204 567.6619999999942
    vertex 2389.648237926578 210.7429836134861 580.6619999999948
    vertex 2389.648237926578 210.74298361348622 567.6619999999942
  endloop
endfacet
facet normal -0.42261826174065725 0.9063077870366697 6.831543835234743e-15
  outer loop
    vertex 2390.1537734679364 210.9787187078908 580.6619999999948
    vertex 2389.648237926578 210.74298361348622 567.6619999999942
    vertex 2389.648237926578 210.7429836134861 580.6619999999948
  endloop
endfacet
facet normal -0.42261826174065725 0.9063077870366697 6.831543835234743e-15
  outer loop
    vertex 2389.648237926578 210.74298361348622 567.6619999999942
    vertex 2390.1537734679364 210.9787187078908 580.6619999999948
    vertex 2390.1537734679364 210.9787187078909 567.6619999999942
  endloop
endfacet
facet normal -0.5735764363510463 0.8191520442889918 6.738286847981146e-15
  outer loop
    vertex 2390.610693818933 211.2986577820203 580.6619999999948
    vertex 2390.1537734679364 210.9787187078909 567.6619999999942
    vertex 2390.1537734679364 210.9787187078908 580.6619999999948
  endloop
endfacet
facet normal -0.5735764363510463 0.8191520442889918 6.738286847981146e-15
  outer loop
    vertex 2390.1537734679364 210.9787187078909 567.6619999999942
    vertex 2390.610693818933 211.2986577820203 580.6619999999948
    vertex 2390.610693818933 211.29865778202037 567.6619999999942
  endloop
endfacet
facet normal -0.7071067811865371 0.707106781186558 6.4402904245893374e-15
  outer loop
    vertex 2391.0051156859167 211.69307964900412 580.6619999999947
    vertex 2390.610693818933 211.29865778202037 567.6619999999942
    vertex 2390.610693818933 211.2986577820203 580.6619999999948
  endloop
endfacet
facet normal -0.7071067811865371 0.707106781186558 6.4402904245893374e-15
  outer loop
    vertex 2390.610693818933 211.29865778202037 567.6619999999942
    vertex 2391.0051156859167 211.69307964900412 580.6619999999947
    vertex 2391.0051156859167 211.69307964900412 567.6619999999942
  endloop
endfacet
facet normal -0.8191520442890243 0.5735764363509999 5.946609035590328e-15
  outer loop
    vertex 2391.325054760046 212.15000000000106 567.6619999999942
    vertex 2391.0051156859167 211.69307964900412 580.6619999999947
    vertex 2391.3250547600464 212.15000000000103 580.6619999999947
  endloop
endfacet
facet normal -0.8191520442890243 0.5735764363509999 5.946609035590328e-15
  outer loop
    vertex 2391.0051156859167 211.69307964900412 580.6619999999947
    vertex 2391.325054760046 212.15000000000106 567.6619999999942
    vertex 2391.0051156859167 211.69307964900412 567.6619999999942
  endloop
endfacet
facet normal -0.9063077870366262 0.42261826174075023 5.272242940174926e-15
  outer loop
    vertex 2391.560789854451 212.65553554135894 567.6619999999942
    vertex 2391.3250547600464 212.15000000000103 580.6619999999947
    vertex 2391.5607898544513 212.6555355413589 580.6619999999947
  endloop
endfacet
facet normal -0.9063077870366262 0.42261826174075023 5.272242940174926e-15
  outer loop
    vertex 2391.3250547600464 212.15000000000103 580.6619999999947
    vertex 2391.560789854451 212.65553554135894 567.6619999999942
    vertex 2391.325054760046 212.15000000000106 567.6619999999942
  endloop
endfacet
facet normal -0.9659258262890572 0.25881904510256226 4.437682410905515e-15
  outer loop
    vertex 2391.7051582775753 213.1943258314669 567.6619999999942
    vertex 2391.5607898544513 212.6555355413589 580.6619999999947
    vertex 2391.7051582775757 213.1943258314668 580.6619999999947
  endloop
endfacet
facet normal -0.9659258262890572 0.25881904510256226 4.437682410905515e-15
  outer loop
    vertex 2391.5607898544513 212.6555355413589 580.6619999999947
    vertex 2391.7051582775753 213.1943258314669 567.6619999999942
    vertex 2391.560789854451 212.65553554135894 567.6619999999942
  endloop
endfacet
facet normal -0.9961946980917474 0.08715574274763829 3.468285147156079e-15
  outer loop
    vertex 2391.7537734679363 213.75000000000105 567.6619999999942
    vertex 2391.7051582775757 213.1943258314668 580.6619999999947
    vertex 2391.7537734679363 213.75000000000097 580.6619999999947
  endloop
endfacet
facet normal -0.9961946980917474 0.08715574274763829 3.468285147156079e-15
  outer loop
    vertex 2391.7051582775757 213.1943258314668 580.6619999999947
    vertex 2391.7537734679363 213.75000000000105 567.6619999999942
    vertex 2391.7051582775753 213.1943258314669 567.6619999999942
  endloop
endfacet
facet normal 2.942091015256574e-15 -6.165855048819198e-15 1.0
  outer loop
    vertex 2389.10944763647 190.598615190362 567.6619999999956
    vertex 2387.998099299402 190.59861519036204 567.6619999999956
    vertex 2388.553773467936 190.55000000000106 567.6619999999956
  endloop
endfacet
facet normal 2.942091015256574e-15 -6.165855048819198e-15 1.0
  outer loop
    vertex 2387.998099299402 190.59861519036204 567.6619999999956
    vertex 2389.10944763647 190.598615190362 567.6619999999956
    vertex 2389.648237926578 190.7429836134862 567.6619999999956
  endloop
endfacet
facet normal 2.942091015256574e-15 -6.165855048819198e-15 1.0
  outer loop
    vertex 2387.998099299402 190.59861519036204 567.6619999999956
    vertex 2389.648237926578 190.7429836134862 567.6619999999956
    vertex 2387.459309009294 190.74298361348622 567.6619999999956
  endloop
endfacet
facet normal 2.942091015256574e-15 -6.165855048819198e-15 1.0
  outer loop
    vertex 2387.459309009294 190.74298361348622 567.6619999999956
    vertex 2389.648237926578 190.7429836134862 567.6619999999956
    vertex 2390.153773467936 190.9787187078908 567.6619999999956
  endloop
endfacet
facet normal 2.942091015256574e-15 -6.165855048819198e-15 1.0
  outer loop
    vertex 2387.459309009294 190.74298361348622 567.6619999999956
    vertex 2390.153773467936 190.9787187078908 567.6619999999956
    vertex 2386.953773467936 190.97871870789086 567.6619999999956
  endloop
endfacet
facet normal 2.942091015256574e-15 -6.165855048819198e-15 1.0
  outer loop
    vertex 2386.953773467936 190.97871870789086 567.6619999999956
    vertex 2390.153773467936 190.9787187078908 567.6619999999956
    vertex 2390.6106938189328 191.2986577820203 567.6619999999956
  endloop
endfacet
facet normal 2.942091015256574e-15 -6.165855048819198e-15 1.0
  outer loop
    vertex 2386.953773467936 190.97871870789086 567.6619999999956
    vertex 2390.6106938189328 191.2986577820203 567.6619999999956
    vertex 2386.496853116939 191.2986577820204 567.6619999999956
  endloop
endfacet
facet normal 2.942091015256574e-15 -6.165855048819198e-15 1.0
  outer loop
    vertex 2386.496853116939 191.2986577820204 567.6619999999956
    vertex 2390.6106938189328 191.2986577820203 567.6619999999956
    vertex 2391.0051156859167 191.69307964900412 567.6619999999956
  endloop
endfacet
facet normal 2.942091015256574e-15 -6.165855048819198e-15 1.0
  outer loop
    vertex 2386.496853116939 191.2986577820204 567.6619999999956
    vertex 2391.0051156859167 191.69307964900412 567.6619999999956
    vertex 2386.1024312499553 191.69307964900418 567.6619999999956
  endloop
endfacet
facet normal 2.942091015256574e-15 -6.165855048819198e-15 1.0
  outer loop
    vertex 2386.1024312499553 191.69307964900418 567.6619999999956
    vertex 2391.0051156859167 191.69307964900412 567.6619999999956
    vertex 2391.325054760046 192.150000000001 567.6619999999956
  endloop
endfacet
facet normal 2.942091015256574e-15 -6.165855048819198e-15 1.0
  outer loop
    vertex 2386.1024312499553 191.69307964900418 567.6619999999956
    vertex 2391.325054760046 192.150000000001 567.6619999999956
    vertex 2385.7824921758256 192.1500000000011 567.6619999999956
  endloop
endfacet
facet normal 2.942091015256574e-15 -6.165855048819198e-15 1.0
  outer loop
    vertex 2385.7824921758256 192.1500000000011 567.6619999999956
    vertex 2391.325054760046 192.150000000001 567.6619999999956
    vertex 2388.553773467936 192.20000000000104 567.6619999999956
  endloop
endfacet
facet normal 2.942091015256574e-15 -6.165855048819198e-15 1.0
  outer loop
    vertex 2388.553773467936 192.20000000000104 567.6619999999956
    vertex 2391.325054760046 192.150000000001 567.6619999999956
    vertex 2388.954942987845 192.25281496925297 567.6619999999956
  endloop
endfacet
facet normal 2.942091015256574e-15 -6.165855048819198e-15 1.0
  outer loop
    vertex 2388.954942987845 192.25281496925297 567.6619999999956
    vertex 2391.325054760046 192.150000000001 567.6619999999956
    vertex 2391.560789854451 192.6555355413589 567.6619999999956
  endloop
endfacet
facet normal 2.942091015256574e-15 -6.165855048819198e-15 1.0
  outer loop
    vertex 2388.954942987845 192.25281496925297 567.6619999999956
    vertex 2391.560789854451 192.6555355413589 567.6619999999956
    vertex 2389.328773467936 192.40766062413516 567.6619999999956
  endloop
endfacet
facet normal 2.942091015256574e-15 -6.165855048819198e-15 1.0
  outer loop
    vertex 2389.328773467936 192.40766062413516 567.6619999999956
    vertex 2391.560789854451 192.6555355413589 567.6619999999956
    vertex 2389.649788978775 192.65398448916193 567.6619999999956
  endloop
endfacet
facet normal 2.942091015256574e-15 -6.165855048819198e-15 1.0
  outer loop
    vertex 2389.649788978775 192.65398448916193 567.6619999999956
    vertex 2391.560789854451 192.6555355413589 567.6619999999956
    vertex 2389.896112843802 192.97500000000102 567.6619999999956
  endloop
endfacet
facet normal 2.942091015256574e-15 -6.165855048819198e-15 1.0
  outer loop
    vertex 2389.896112843802 192.97500000000102 567.6619999999956
    vertex 2391.560789854451 192.6555355413589 567.6619999999956
    vertex 2391.7051582775753 193.19432583146687 567.6619999999956
  endloop
endfacet
facet normal 2.942091015256574e-15 -6.165855048819198e-15 1.0
  outer loop
    vertex 2389.896112843802 192.97500000000102 567.6619999999956
    vertex 2391.7051582775753 193.19432583146687 567.6619999999956
    vertex 2390.050958498684 193.34883048009212 567.6619999999956
  endloop
endfacet
facet normal 2.942091015256574e-15 -6.165855048819198e-15 1.0
  outer loop
    vertex 2390.050958498684 193.34883048009212 567.6619999999956
    vertex 2391.7051582775753 193.19432583146687 567.6619999999956
    vertex 2391.753773467936 193.75000000000102 567.6619999999956
  endloop
endfacet
facet normal 2.942091015256574e-15 -6.165855048819198e-15 1.0
  outer loop
    vertex 2390.050958498684 193.34883048009212 567.6619999999956
    vertex 2391.753773467936 193.75000000000102 567.6619999999956
    vertex 2390.1037734679358 193.75000000000102 567.6619999999956
  endloop
endfacet
facet normal 2.942091015256574e-15 -6.165855048819198e-15 1.0
  outer loop
    vertex 2390.1037734679358 193.75000000000102 567.6619999999956
    vertex 2391.753773467936 193.75000000000102 567.6619999999956
    vertex 2391.7051582775753 194.3056741685352 567.6619999999956
  endloop
endfacet
facet normal 2.942091015256574e-15 -6.165855048819198e-15 1.0
  outer loop
    vertex 2390.1037734679358 193.75000000000102 567.6619999999956
    vertex 2391.7051582775753 194.3056741685352 567.6619999999956
    vertex 2390.050958498684 194.15116951990996 567.6619999999956
  endloop
endfacet
facet normal 2.942091015256574e-15 -6.165855048819198e-15 1.0
  outer loop
    vertex 2390.050958498684 194.15116951990996 567.6619999999956
    vertex 2391.7051582775753 194.3056741685352 567.6619999999956
    vertex 2389.896112843802 194.5250000000011 567.6619999999956
  endloop
endfacet
facet normal 2.942091015256574e-15 -6.165855048819198e-15 1.0
  outer loop
    vertex 2389.896112843802 194.5250000000011 567.6619999999956
    vertex 2391.7051582775753 194.3056741685352 567.6619999999956
    vertex 2391.560789854451 194.84446445864313 567.6619999999956
  endloop
endfacet
facet normal 2.942091015256574e-15 -6.165855048819198e-15 1.0
  outer loop
    vertex 2389.896112843802 194.5250000000011 567.6619999999956
    vertex 2391.560789854451 194.84446445864313 567.6619999999956
    vertex 2389.649788978775 194.84601551084026 567.6619999999956
  endloop
endfacet
facet normal 2.942091015256574e-15 -6.165855048819198e-15 1.0
  outer loop
    vertex 2389.649788978775 194.84601551084026 567.6619999999956
    vertex 2391.560789854451 194.84446445864313 567.6619999999956
    vertex 2391.325054760046 195.35000000000107 567.6619999999959
  endloop
endfacet
facet normal 2.942091015256574e-15 -6.165855048819198e-15 1.0
  outer loop
    vertex 2389.649788978775 194.84601551084026 567.6619999999956
    vertex 2391.325054760046 195.35000000000107 567.6619999999959
    vertex 2389.328773467936 195.09233937586697 567.6619999999959
  endloop
endfacet
facet normal 2.942091015256574e-15 -6.165855048819198e-15 1.0
  outer loop
    vertex 2389.328773467936 195.09233937586697 567.6619999999959
    vertex 2391.325054760046 195.35000000000107 567.6619999999959
    vertex 2388.954942987845 195.24718503074914 567.6619999999959
  endloop
endfacet
facet normal 2.942091015256574e-15 -6.165855048819198e-15 1.0
  outer loop
    vertex 2388.954942987845 195.24718503074914 567.6619999999959
    vertex 2391.325054760046 195.35000000000107 567.6619999999959
    vertex 2388.553773467936 195.30000000000106 567.6619999999959
  endloop
endfacet
facet normal 2.942091015256574e-15 -6.165855048819198e-15 1.0
  outer loop
    vertex 2388.553773467936 195.30000000000106 567.6619999999959
    vertex 2391.325054760046 195.35000000000107 567.6619999999959
    vertex 2385.782492175826 195.3500000000011 567.6619999999957
  endloop
endfacet
facet normal 2.942091015256574e-15 -6.165855048819198e-15 1.0
  outer loop
    vertex 2385.782492175826 195.3500000000011 567.6619999999957
    vertex 2391.325054760046 195.35000000000107 567.6619999999959
    vertex 2386.1024312499553 195.806920350998 567.6619999999957
  endloop
endfacet
facet normal 2.942091015256574e-15 -6.165855048819198e-15 1.0
  outer loop
    vertex 2386.1024312499553 195.806920350998 567.6619999999957
    vertex 2391.325054760046 195.35000000000107 567.6619999999959
    vertex 2391.0051156859167 195.80692035099796 567.6619999999959
  endloop
endfacet
facet normal 2.942091015256574e-15 -6.165855048819198e-15 1.0
  outer loop
    vertex 2386.1024312499553 195.806920350998 567.6619999999957
    vertex 2391.0051156859167 195.80692035099796 567.6619999999959
    vertex 2390.610693818933 196.20134221798173 567.6619999999959
  endloop
endfacet
facet normal 2.942091015256574e-15 -6.165855048819198e-15 1.0
  outer loop
    vertex 2386.1024312499553 195.806920350998 567.6619999999957
    vertex 2390.610693818933 196.20134221798173 567.6619999999959
    vertex 2386.496853116939 196.20134221798182 567.6619999999957
  endloop
endfacet
facet normal 2.942091015256574e-15 -6.165855048819198e-15 1.0
  outer loop
    vertex 2386.496853116939 196.20134221798182 567.6619999999957
    vertex 2390.610693818933 196.20134221798173 567.6619999999959
    vertex 2390.153773467936 196.52128129211124 567.6619999999957
  endloop
endfacet
facet normal 2.942091015256574e-15 -6.165855048819198e-15 1.0
  outer loop
    vertex 2386.496853116939 196.20134221798182 567.6619999999957
    vertex 2390.153773467936 196.52128129211124 567.6619999999957
    vertex 2386.953773467936 196.5212812921113 567.6619999999957
  endloop
endfacet
facet normal 2.942091015256574e-15 -6.165855048819198e-15 1.0
  outer loop
    vertex 2386.953773467936 196.5212812921113 567.6619999999957
    vertex 2390.153773467936 196.52128129211124 567.6619999999957
    vertex 2389.648237926578 196.757016386516 567.6619999999957
  endloop
endfacet
facet normal 2.942091015256574e-15 -6.165855048819198e-15 1.0
  outer loop
    vertex 2386.953773467936 196.5212812921113 567.6619999999957
    vertex 2389.648237926578 196.757016386516 567.6619999999957
    vertex 2387.459309009294 196.75701638651603 567.6619999999957
  endloop
endfacet
facet normal 2.942091015256574e-15 -6.165855048819198e-15 1.0
  outer loop
    vertex 2387.459309009294 196.75701638651603 567.6619999999957
    vertex 2389.648237926578 196.757016386516 567.6619999999957
    vertex 2389.10944763647 196.90138480964018 567.6619999999957
  endloop
endfacet
facet normal 2.942091015256574e-15 -6.165855048819198e-15 1.0
  outer loop
    vertex 2387.459309009294 196.75701638651603 567.6619999999957
    vertex 2389.10944763647 196.90138480964018 567.6619999999957
    vertex 2387.998099299402 196.9013848096402 567.6619999999957
  endloop
endfacet
facet normal 2.942091015256574e-15 -6.165855048819198e-15 1.0
  outer loop
    vertex 2387.998099299402 196.9013848096402 567.6619999999957
    vertex 2389.10944763647 196.90138480964018 567.6619999999957
    vertex 2388.553773467936 196.95000000000104 567.6619999999957
  endloop
endfacet
facet normal 2.942091015256574e-15 -6.165855048819198e-15 1.0
  outer loop
    vertex 2385.7824921758256 192.1500000000011 567.6619999999956
    vertex 2388.152603948027 192.252814969253 567.6619999999956
    vertex 2385.546757081421 192.65553554135897 567.6619999999956
  endloop
endfacet
facet normal 2.942091015256574e-15 -6.165855048819198e-15 1.0
  outer loop
    vertex 2388.152603948027 192.252814969253 567.6619999999956
    vertex 2385.7824921758256 192.1500000000011 567.6619999999956
    vertex 2388.553773467936 192.20000000000104 567.6619999999956
  endloop
endfacet
facet normal 2.942091015256574e-15 -6.165855048819198e-15 1.0
  outer loop
    vertex 2385.546757081421 192.65553554135897 567.6619999999956
    vertex 2388.152603948027 192.252814969253 567.6619999999956
    vertex 2387.778773467936 192.4076606241352 567.6619999999956
  endloop
endfacet
facet normal 2.942091015256574e-15 -6.165855048819198e-15 1.0
  outer loop
    vertex 2385.546757081421 192.65553554135897 567.6619999999956
    vertex 2387.778773467936 192.4076606241352 567.6619999999956
    vertex 2387.4577579570964 192.65398448916196 567.6619999999956
  endloop
endfacet
facet normal 2.942091015256574e-15 -6.165855048819198e-15 1.0
  outer loop
    vertex 2385.546757081421 192.65553554135897 567.6619999999956
    vertex 2387.4577579570964 192.65398448916196 567.6619999999956
    vertex 2387.2114340920702 192.97500000000107 567.6619999999956
  endloop
endfacet
facet normal 2.942091015256574e-15 -6.165855048819198e-15 1.0
  outer loop
    vertex 2385.546757081421 192.65553554135897 567.6619999999956
    vertex 2387.2114340920702 192.97500000000107 567.6619999999956
    vertex 2385.402388658297 193.1943258314669 567.6619999999959
  endloop
endfacet
facet normal 2.942091015256574e-15 -6.165855048819198e-15 1.0
  outer loop
    vertex 2385.402388658297 193.1943258314669 567.6619999999959
    vertex 2387.2114340920702 192.97500000000107 567.6619999999956
    vertex 2387.056588437188 193.34883048009215 567.6619999999959
  endloop
endfacet
facet normal 2.942091015256574e-15 -6.165855048819198e-15 1.0
  outer loop
    vertex 2385.402388658297 193.1943258314669 567.6619999999959
    vertex 2387.056588437188 193.34883048009215 567.6619999999959
    vertex 2385.3537734679358 193.7500000000011 567.6619999999959
  endloop
endfacet
facet normal 2.942091015256574e-15 -6.165855048819198e-15 1.0
  outer loop
    vertex 2385.3537734679358 193.7500000000011 567.6619999999959
    vertex 2387.056588437188 193.34883048009215 567.6619999999959
    vertex 2387.003773467936 193.75000000000108 567.6619999999959
  endloop
endfacet
facet normal 2.942091015256574e-15 -6.165855048819198e-15 1.0
  outer loop
    vertex 2385.3537734679358 193.7500000000011 567.6619999999959
    vertex 2387.003773467936 193.75000000000108 567.6619999999959
    vertex 2387.056588437188 194.15116951991 567.6619999999959
  endloop
endfacet
facet normal 2.942091015256574e-15 -6.165855048819198e-15 1.0
  outer loop
    vertex 2385.3537734679358 193.7500000000011 567.6619999999959
    vertex 2387.056588437188 194.15116951991 567.6619999999959
    vertex 2385.402388658297 194.3056741685353 567.6619999999957
  endloop
endfacet
facet normal 2.942091015256574e-15 -6.165855048819198e-15 1.0
  outer loop
    vertex 2385.402388658297 194.3056741685353 567.6619999999957
    vertex 2387.056588437188 194.15116951991 567.6619999999959
    vertex 2387.2114340920702 194.52500000000109 567.6619999999959
  endloop
endfacet
facet normal 2.942091015256574e-15 -6.165855048819198e-15 1.0
  outer loop
    vertex 2385.402388658297 194.3056741685353 567.6619999999957
    vertex 2387.2114340920702 194.52500000000109 567.6619999999959
    vertex 2385.546757081421 194.84446445864322 567.6619999999957
  endloop
endfacet
facet normal 2.942091015256574e-15 -6.165855048819198e-15 1.0
  outer loop
    vertex 2385.546757081421 194.84446445864322 567.6619999999957
    vertex 2387.2114340920702 194.52500000000109 567.6619999999959
    vertex 2387.457757957097 194.8460155108403 567.6619999999959
  endloop
endfacet
facet normal 2.942091015256574e-15 -6.165855048819198e-15 1.0
  outer loop
    vertex 2385.546757081421 194.84446445864322 567.6619999999957
    vertex 2387.457757957097 194.8460155108403 567.6619999999959
    vertex 2385.782492175826 195.3500000000011 567.6619999999957
  endloop
endfacet
facet normal 2.942091015256574e-15 -6.165855048819198e-15 1.0
  outer loop
    vertex 2385.782492175826 195.3500000000011 567.6619999999957
    vertex 2387.457757957097 194.8460155108403 567.6619999999959
    vertex 2387.778773467936 195.09233937586697 567.6619999999959
  endloop
endfacet
facet normal 2.942091015256574e-15 -6.165855048819198e-15 1.0
  outer loop
    vertex 2385.782492175826 195.3500000000011 567.6619999999957
    vertex 2387.778773467936 195.09233937586697 567.6619999999959
    vertex 2388.1526039480273 195.24718503074916 567.6619999999959
  endloop
endfacet
facet normal 2.942091015256574e-15 -6.165855048819198e-15 1.0
  outer loop
    vertex 2385.782492175826 195.3500000000011 567.6619999999957
    vertex 2388.1526039480273 195.24718503074916 567.6619999999959
    vertex 2388.553773467936 195.30000000000106 567.6619999999959
  endloop
endfacet
facet normal 0.08715574274763829 0.9961946980917474 5.885971981170078e-15
  outer loop
    vertex 2388.553773467936 190.55000000000103 580.6619999999956
    vertex 2387.998099299402 190.59861519036204 567.6619999999956
    vertex 2387.998099299402 190.59861519036195 580.6619999999956
  endloop
endfacet
facet normal 0.08715574274763829 0.9961946980917474 5.885971981170078e-15
  outer loop
    vertex 2387.998099299402 190.59861519036204 567.6619999999956
    vertex 2388.553773467936 190.55000000000103 580.6619999999956
    vertex 2388.553773467936 190.55000000000106 567.6619999999956
  endloop
endfacet
facet normal -0.08715574274760897 0.9961946980917499 6.3988122365016866e-15
  outer loop
    vertex 2389.10944763647 190.59861519036193 580.6619999999956
    vertex 2388.553773467936 190.55000000000106 567.6619999999956
    vertex 2388.553773467936 190.55000000000103 580.6619999999956
  endloop
endfacet
facet normal -0.08715574274760897 0.9961946980917499 6.3988122365016866e-15
  outer loop
    vertex 2388.553773467936 190.55000000000106 567.6619999999956
    vertex 2389.10944763647 190.59861519036193 580.6619999999956
    vertex 2389.10944763647 190.598615190362 567.6619999999956
  endloop
endfacet
facet normal -0.25881904510253384 0.9659258262890648 6.717227819982737e-15
  outer loop
    vertex 2389.10944763647 190.59861519036193 580.6619999999956
    vertex 2389.648237926578 190.7429836134862 567.6619999999956
    vertex 2389.10944763647 190.598615190362 567.6619999999956
  endloop
endfacet
facet normal -0.25881904510253384 0.9659258262890648 6.717227819982737e-15
  outer loop
    vertex 2389.648237926578 190.7429836134862 567.6619999999956
    vertex 2389.10944763647 190.59861519036193 580.6619999999956
    vertex 2389.648237926578 190.7429836134861 580.6619999999956
  endloop
endfacet
facet normal -0.42261826174065725 0.9063077870366697 6.831543835234743e-15
  outer loop
    vertex 2389.648237926578 190.7429836134861 580.6619999999956
    vertex 2390.153773467936 190.9787187078908 567.6619999999956
    vertex 2389.648237926578 190.7429836134862 567.6619999999956
  endloop
endfacet
facet normal -0.42261826174065725 0.9063077870366697 6.831543835234743e-15
  outer loop
    vertex 2390.153773467936 190.9787187078908 567.6619999999956
    vertex 2389.648237926578 190.7429836134861 580.6619999999956
    vertex 2390.153773467936 190.97871870789083 580.6619999999956
  endloop
endfacet
facet normal -0.5735764363510463 0.8191520442889918 6.738286847981146e-15
  outer loop
    vertex 2390.610693818933 191.29865778202034 580.6619999999956
    vertex 2390.153773467936 190.9787187078908 567.6619999999956
    vertex 2390.153773467936 190.97871870789083 580.6619999999956
  endloop
endfacet
facet normal -0.5735764363510463 0.8191520442889918 6.738286847981146e-15
  outer loop
    vertex 2390.153773467936 190.9787187078908 567.6619999999956
    vertex 2390.610693818933 191.29865778202034 580.6619999999956
    vertex 2390.6106938189328 191.2986577820203 567.6619999999956
  endloop
endfacet
facet normal -0.7071067811865371 0.707106781186558 6.4402904245893374e-15
  outer loop
    vertex 2390.610693818933 191.29865778202034 580.6619999999956
    vertex 2391.0051156859167 191.69307964900412 567.6619999999956
    vertex 2390.6106938189328 191.2986577820203 567.6619999999956
  endloop
endfacet
facet normal -0.7071067811865371 0.707106781186558 6.4402904245893374e-15
  outer loop
    vertex 2391.0051156859167 191.69307964900412 567.6619999999956
    vertex 2390.610693818933 191.29865778202034 580.6619999999956
    vertex 2391.0051156859167 191.69307964900412 580.6619999999956
  endloop
endfacet
facet normal -0.8191520442890243 0.5735764363509999 5.946609035590328e-15
  outer loop
    vertex 2391.325054760046 192.150000000001 567.6619999999956
    vertex 2391.0051156859167 191.69307964900412 580.6619999999956
    vertex 2391.325054760046 192.150000000001 580.6619999999956
  endloop
endfacet
facet normal -0.8191520442890243 0.5735764363509999 5.946609035590328e-15
  outer loop
    vertex 2391.0051156859167 191.69307964900412 580.6619999999956
    vertex 2391.325054760046 192.150000000001 567.6619999999956
    vertex 2391.0051156859167 191.69307964900412 567.6619999999956
  endloop
endfacet
facet normal -0.9063077870366262 0.42261826174075023 5.272242940174926e-15
  outer loop
    vertex 2391.560789854451 192.6555355413589 567.6619999999956
    vertex 2391.325054760046 192.150000000001 580.6619999999956
    vertex 2391.560789854451 192.65553554135886 580.6619999999956
  endloop
endfacet
facet normal -0.9063077870366262 0.42261826174075023 5.272242940174926e-15
  outer loop
    vertex 2391.325054760046 192.150000000001 580.6619999999956
    vertex 2391.560789854451 192.6555355413589 567.6619999999956
    vertex 2391.325054760046 192.150000000001 567.6619999999956
  endloop
endfacet
facet normal -0.9659258262890572 0.25881904510256226 4.437682410905515e-15
  outer loop
    vertex 2391.7051582775753 193.19432583146687 567.6619999999956
    vertex 2391.560789854451 192.65553554135886 580.6619999999956
    vertex 2391.7051582775753 193.19432583146684 580.6619999999956
  endloop
endfacet
facet normal -0.9659258262890572 0.25881904510256226 4.437682410905515e-15
  outer loop
    vertex 2391.560789854451 192.65553554135886 580.6619999999956
    vertex 2391.7051582775753 193.19432583146687 567.6619999999956
    vertex 2391.560789854451 192.6555355413589 567.6619999999956
  endloop
endfacet
facet normal -0.9961946980917474 0.08715574274763829 3.468285147156079e-15
  outer loop
    vertex 2391.753773467936 193.75000000000102 567.6619999999956
    vertex 2391.7051582775753 193.19432583146684 580.6619999999956
    vertex 2391.7537734679363 193.750000000001 580.6619999999956
  endloop
endfacet
facet normal -0.9961946980917474 0.08715574274763829 3.468285147156079e-15
  outer loop
    vertex 2391.7051582775753 193.19432583146684 580.6619999999956
    vertex 2391.753773467936 193.75000000000102 567.6619999999956
    vertex 2391.7051582775753 193.19432583146687 567.6619999999956
  endloop
endfacet
facet normal -0.9961946980917505 -0.08715574274760195 2.393505794248086e-15
  outer loop
    vertex 2391.7051582775753 194.3056741685352 567.6619999999956
    vertex 2391.7537734679363 193.750000000001 580.6619999999956
    vertex 2391.7051582775753 194.30567416853523 580.6619999999956
  endloop
endfacet
facet normal -0.9961946980917505 -0.08715574274760195 2.393505794248086e-15
  outer loop
    vertex 2391.7537734679363 193.750000000001 580.6619999999956
    vertex 2391.7051582775753 194.3056741685352 567.6619999999956
    vertex 2391.753773467936 193.75000000000102 567.6619999999956
  endloop
endfacet
facet normal -0.9659258262890595 -0.2588190451025541 1.2460009789531772e-15
  outer loop
    vertex 2391.560789854451 194.84446445864313 567.6619999999956
    vertex 2391.7051582775753 194.30567416853523 580.6619999999956
    vertex 2391.560789854451 194.8444644586431 580.6619999999958
  endloop
endfacet
facet normal -0.9659258262890595 -0.2588190451025541 1.2460009789531772e-15
  outer loop
    vertex 2391.7051582775753 194.30567416853523 580.6619999999956
    vertex 2391.560789854451 194.84446445864313 567.6619999999956
    vertex 2391.7051582775753 194.3056741685352 567.6619999999956
  endloop
endfacet
facet normal -0.9063077870366386 -0.4226182617407236 6.063705442032909e-17
  outer loop
    vertex 2391.325054760046 195.35000000000107 567.6619999999959
    vertex 2391.560789854451 194.8444644586431 580.6619999999958
    vertex 2391.325054760046 195.350000000001 580.6619999999958
  endloop
endfacet
facet normal -0.9063077870366386 -0.4226182617407236 6.063705442032909e-17
  outer loop
    vertex 2391.560789854451 194.8444644586431 580.6619999999958
    vertex 2391.325054760046 195.35000000000107 567.6619999999959
    vertex 2391.560789854451 194.84446445864313 567.6619999999956
  endloop
endfacet
facet normal -0.8191520442890412 -0.5735764363509757 -1.126569296326544e-15
  outer loop
    vertex 2391.0051156859167 195.80692035099796 567.6619999999959
    vertex 2391.325054760046 195.350000000001 580.6619999999958
    vertex 2391.0051156859167 195.80692035099796 580.6619999999958
  endloop
endfacet
facet normal -0.8191520442890412 -0.5735764363509757 -1.126569296326544e-15
  outer loop
    vertex 2391.325054760046 195.350000000001 580.6619999999958
    vertex 2391.0051156859167 195.80692035099796 567.6619999999959
    vertex 2391.325054760046 195.35000000000107 567.6619999999959
  endloop
endfacet
facet normal -0.707106781186558 -0.7071067811865371 -2.2795454090773323e-15
  outer loop
    vertex 2391.0051156859167 195.80692035099796 567.6619999999959
    vertex 2390.610693818933 196.20134221798173 580.6619999999958
    vertex 2390.610693818933 196.20134221798173 567.6619999999959
  endloop
endfacet
facet normal -0.707106781186558 -0.7071067811865371 -2.2795454090773323e-15
  outer loop
    vertex 2390.610693818933 196.20134221798173 580.6619999999958
    vertex 2391.0051156859167 195.80692035099796 567.6619999999959
    vertex 2391.0051156859167 195.80692035099796 580.6619999999958
  endloop
endfacet
facet normal -0.5735764363510705 -0.8191520442889749 -3.3632586880783747e-15
  outer loop
    vertex 2390.610693818933 196.20134221798173 567.6619999999959
    vertex 2390.1537734679364 196.52128129211127 580.6619999999956
    vertex 2390.153773467936 196.52128129211124 567.6619999999957
  endloop
endfacet
facet normal -0.5735764363510705 -0.8191520442889749 -3.3632586880783747e-15
  outer loop
    vertex 2390.1537734679364 196.52128129211127 580.6619999999956
    vertex 2390.610693818933 196.20134221798173 567.6619999999959
    vertex 2390.610693818933 196.20134221798173 580.6619999999958
  endloop
endfacet
facet normal -0.4226182617406839 -0.9063077870366573 -4.344781053733511e-15
  outer loop
    vertex 2390.153773467936 196.52128129211124 567.6619999999957
    vertex 2389.648237926578 196.75701638651591 580.6619999999956
    vertex 2389.648237926578 196.757016386516 567.6619999999957
  endloop
endfacet
facet normal -0.4226182617406839 -0.9063077870366573 -4.344781053733511e-15
  outer loop
    vertex 2389.648237926578 196.75701638651591 580.6619999999956
    vertex 2390.153773467936 196.52128129211124 567.6619999999957
    vertex 2390.1537734679364 196.52128129211127 580.6619999999956
  endloop
endfacet
facet normal -0.25881904510256226 -0.9659258262890572 -5.194289445635703e-15
  outer loop
    vertex 2389.648237926578 196.757016386516 567.6619999999957
    vertex 2389.10944763647 196.9013848096401 580.6619999999956
    vertex 2389.10944763647 196.90138480964018 567.6619999999957
  endloop
endfacet
facet normal -0.25881904510256226 -0.9659258262890572 -5.194289445635703e-15
  outer loop
    vertex 2389.10944763647 196.9013848096401 580.6619999999956
    vertex 2389.648237926578 196.757016386516 567.6619999999957
    vertex 2389.648237926578 196.75701638651591 580.6619999999956
  endloop
endfacet
facet normal -0.08715574274763829 -0.9961946980917474 -5.885971981170078e-15
  outer loop
    vertex 2389.10944763647 196.90138480964018 567.6619999999957
    vertex 2388.553773467936 196.95000000000104 580.6619999999956
    vertex 2388.553773467936 196.95000000000104 567.6619999999957
  endloop
endfacet
facet normal -0.08715574274763829 -0.9961946980917474 -5.885971981170078e-15
  outer loop
    vertex 2388.553773467936 196.95000000000104 580.6619999999956
    vertex 2389.10944763647 196.90138480964018 567.6619999999957
    vertex 2389.10944763647 196.9013848096401 580.6619999999956
  endloop
endfacet
facet normal 0.08715574274760897 -0.9961946980917499 -6.3988122365016866e-15
  outer loop
    vertex 2388.553773467936 196.95000000000104 567.6619999999957
    vertex 2387.998099299402 196.90138480964012 580.6619999999956
    vertex 2387.998099299402 196.9013848096402 567.6619999999957
  endloop
endfacet
facet normal 0.08715574274760897 -0.9961946980917499 -6.3988122365016866e-15
  outer loop
    vertex 2387.998099299402 196.90138480964012 580.6619999999956
    vertex 2388.553773467936 196.95000000000104 567.6619999999957
    vertex 2388.553773467936 196.95000000000104 580.6619999999956
  endloop
endfacet
facet normal 0.25881904510253384 -0.9659258262890648 -6.717227819982737e-15
  outer loop
    vertex 2387.998099299402 196.9013848096402 567.6619999999957
    vertex 2387.459309009294 196.757016386516 580.6619999999956
    vertex 2387.459309009294 196.75701638651603 567.6619999999957
  endloop
endfacet
facet normal 0.25881904510253384 -0.9659258262890648 -6.717227819982737e-15
  outer loop
    vertex 2387.459309009294 196.757016386516 580.6619999999956
    vertex 2387.998099299402 196.9013848096402 567.6619999999957
    vertex 2387.998099299402 196.90138480964012 580.6619999999956
  endloop
endfacet
facet normal 0.42261826174065725 -0.9063077870366697 -6.831543835234743e-15
  outer loop
    vertex 2387.459309009294 196.75701638651603 567.6619999999957
    vertex 2386.953773467936 196.52128129211133 580.6619999999956
    vertex 2386.953773467936 196.5212812921113 567.6619999999957
  endloop
endfacet
facet normal 0.42261826174065725 -0.9063077870366697 -6.831543835234743e-15
  outer loop
    vertex 2386.953773467936 196.52128129211133 580.6619999999956
    vertex 2387.459309009294 196.75701638651603 567.6619999999957
    vertex 2387.459309009294 196.757016386516 580.6619999999956
  endloop
endfacet
facet normal 0.5735764363510463 -0.8191520442889918 -6.738286847981146e-15
  outer loop
    vertex 2386.953773467936 196.5212812921113 567.6619999999957
    vertex 2386.496853116939 196.20134221798182 580.6619999999956
    vertex 2386.496853116939 196.20134221798182 567.6619999999957
  endloop
endfacet
facet normal 0.5735764363510463 -0.8191520442889918 -6.738286847981146e-15
  outer loop
    vertex 2386.496853116939 196.20134221798182 580.6619999999956
    vertex 2386.953773467936 196.5212812921113 567.6619999999957
    vertex 2386.953773467936 196.52128129211133 580.6619999999956
  endloop
endfacet
facet normal 0.7071067811865371 -0.707106781186558 -6.4402904245893374e-15
  outer loop
    vertex 2386.496853116939 196.20134221798182 567.6619999999957
    vertex 2386.1024312499553 195.806920350998 580.6619999999956
    vertex 2386.1024312499553 195.806920350998 567.6619999999957
  endloop
endfacet
facet normal 0.7071067811865371 -0.707106781186558 -6.4402904245893374e-15
  outer loop
    vertex 2386.1024312499553 195.806920350998 580.6619999999956
    vertex 2386.496853116939 196.20134221798182 567.6619999999957
    vertex 2386.496853116939 196.20134221798182 580.6619999999956
  endloop
endfacet
facet normal 0.8191520442890243 -0.5735764363509999 -5.946609035590328e-15
  outer loop
    vertex 2385.782492175826 195.3500000000011 567.6619999999957
    vertex 2386.1024312499553 195.806920350998 580.6619999999956
    vertex 2385.782492175826 195.35000000000107 580.6619999999956
  endloop
endfacet
facet normal 0.8191520442890243 -0.5735764363509999 -5.946609035590328e-15
  outer loop
    vertex 2386.1024312499553 195.806920350998 580.6619999999956
    vertex 2385.782492175826 195.3500000000011 567.6619999999957
    vertex 2386.1024312499553 195.806920350998 567.6619999999957
  endloop
endfacet
facet normal 0.9063077870366262 -0.42261826174075023 -5.272242940174926e-15
  outer loop
    vertex 2385.546757081421 194.84446445864322 567.6619999999957
    vertex 2385.782492175826 195.35000000000107 580.6619999999956
    vertex 2385.546757081421 194.8444644586432 580.6619999999956
  endloop
endfacet
facet normal 0.9063077870366262 -0.42261826174075023 -5.272242940174926e-15
  outer loop
    vertex 2385.782492175826 195.35000000000107 580.6619999999956
    vertex 2385.546757081421 194.84446445864322 567.6619999999957
    vertex 2385.782492175826 195.3500000000011 567.6619999999957
  endloop
endfacet
facet normal 0.9659258262890518 -0.25881904510258247 -4.437682410905624e-15
  outer loop
    vertex 2385.402388658297 194.3056741685353 567.6619999999957
    vertex 2385.546757081421 194.8444644586432 580.6619999999956
    vertex 2385.402388658297 194.30567416853532 580.6619999999956
  endloop
endfacet
facet normal 0.9659258262890518 -0.25881904510258247 -4.437682410905624e-15
  outer loop
    vertex 2385.546757081421 194.8444644586432 580.6619999999956
    vertex 2385.402388658297 194.3056741685353 567.6619999999957
    vertex 2385.546757081421 194.84446445864322 567.6619999999957
  endloop
endfacet
facet normal 0.9961946980917479 -0.08715574274763126 -3.468285147156036e-15
  outer loop
    vertex 2385.3537734679358 193.7500000000011 567.6619999999959
    vertex 2385.402388658297 194.30567416853532 580.6619999999956
    vertex 2385.353773467936 193.75000000000108 580.6619999999958
  endloop
endfacet
facet normal 0.9961946980917479 -0.08715574274763126 -3.468285147156036e-15
  outer loop
    vertex 2385.402388658297 194.30567416853532 580.6619999999956
    vertex 2385.3537734679358 193.7500000000011 567.6619999999959
    vertex 2385.402388658297 194.3056741685353 567.6619999999957
  endloop
endfacet
facet normal 0.9961946980917505 0.08715574274760195 -2.393505794248086e-15
  outer loop
    vertex 2385.402388658297 193.1943258314669 567.6619999999959
    vertex 2385.353773467936 193.75000000000108 580.6619999999958
    vertex 2385.402388658297 193.19432583146693 580.6619999999958
  endloop
endfacet
facet normal 0.9961946980917505 0.08715574274760195 -2.393505794248086e-15
  outer loop
    vertex 2385.353773467936 193.75000000000108 580.6619999999958
    vertex 2385.402388658297 193.1943258314669 567.6619999999959
    vertex 2385.3537734679358 193.7500000000011 567.6619999999959
  endloop
endfacet
facet normal 0.9659258262890595 0.2588190451025541 -1.2460009789531772e-15
  outer loop
    vertex 2385.546757081421 192.65553554135897 567.6619999999956
    vertex 2385.402388658297 193.19432583146693 580.6619999999958
    vertex 2385.546757081421 192.65553554135894 580.6619999999958
  endloop
endfacet
facet normal 0.9659258262890595 0.2588190451025541 -1.2460009789531772e-15
  outer loop
    vertex 2385.402388658297 193.19432583146693 580.6619999999958
    vertex 2385.546757081421 192.65553554135897 567.6619999999956
    vertex 2385.402388658297 193.1943258314669 567.6619999999959
  endloop
endfacet
facet normal 0.9063077870366386 0.4226182617407236 -6.063705442032909e-17
  outer loop
    vertex 2385.7824921758256 192.1500000000011 567.6619999999956
    vertex 2385.546757081421 192.65553554135894 580.6619999999958
    vertex 2385.782492175826 192.15000000000109 580.6619999999958
  endloop
endfacet
facet normal 0.9063077870366386 0.4226182617407236 -6.063705442032909e-17
  outer loop
    vertex 2385.546757081421 192.65553554135894 580.6619999999958
    vertex 2385.7824921758256 192.1500000000011 567.6619999999956
    vertex 2385.546757081421 192.65553554135897 567.6619999999956
  endloop
endfacet
facet normal 0.8191520442890412 0.5735764363509757 1.126569296326544e-15
  outer loop
    vertex 2386.1024312499553 191.69307964900418 580.6619999999956
    vertex 2385.7824921758256 192.1500000000011 567.6619999999956
    vertex 2385.782492175826 192.15000000000109 580.6619999999958
  endloop
endfacet
facet normal 0.8191520442890412 0.5735764363509757 1.126569296326544e-15
  outer loop
    vertex 2385.7824921758256 192.1500000000011 567.6619999999956
    vertex 2386.1024312499553 191.69307964900418 580.6619999999956
    vertex 2386.1024312499553 191.69307964900418 567.6619999999956
  endloop
endfacet
facet normal 0.707106781186558 0.7071067811865371 2.2795454090773323e-15
  outer loop
    vertex 2386.496853116939 191.2986577820204 580.6619999999956
    vertex 2386.1024312499553 191.69307964900418 567.6619999999956
    vertex 2386.1024312499553 191.69307964900418 580.6619999999956
  endloop
endfacet
facet normal 0.707106781186558 0.7071067811865371 2.2795454090773323e-15
  outer loop
    vertex 2386.1024312499553 191.69307964900418 567.6619999999956
    vertex 2386.496853116939 191.2986577820204 580.6619999999956
    vertex 2386.496853116939 191.2986577820204 567.6619999999956
  endloop
endfacet
facet normal 0.5735764363510705 0.8191520442889749 3.3632586880783747e-15
  outer loop
    vertex 2386.953773467936 190.9787187078909 580.6619999999956
    vertex 2386.496853116939 191.2986577820204 567.6619999999956
    vertex 2386.496853116939 191.2986577820204 580.6619999999956
  endloop
endfacet
facet normal 0.5735764363510705 0.8191520442889749 3.3632586880783747e-15
  outer loop
    vertex 2386.496853116939 191.2986577820204 567.6619999999956
    vertex 2386.953773467936 190.9787187078909 580.6619999999956
    vertex 2386.953773467936 190.97871870789086 567.6619999999956
  endloop
endfacet
facet normal 0.4226182617406839 0.9063077870366573 4.344781053733511e-15
  outer loop
    vertex 2387.459309009294 190.7429836134862 580.6619999999956
    vertex 2386.953773467936 190.97871870789086 567.6619999999956
    vertex 2386.953773467936 190.9787187078909 580.6619999999956
  endloop
endfacet
facet normal 0.4226182617406839 0.9063077870366573 4.344781053733511e-15
  outer loop
    vertex 2386.953773467936 190.97871870789086 567.6619999999956
    vertex 2387.459309009294 190.7429836134862 580.6619999999956
    vertex 2387.459309009294 190.74298361348622 567.6619999999956
  endloop
endfacet
facet normal 0.25881904510256226 0.9659258262890572 5.194289445635703e-15
  outer loop
    vertex 2387.998099299402 190.59861519036195 580.6619999999956
    vertex 2387.459309009294 190.74298361348622 567.6619999999956
    vertex 2387.459309009294 190.7429836134862 580.6619999999956
  endloop
endfacet
facet normal 0.25881904510256226 0.9659258262890572 5.194289445635703e-15
  outer loop
    vertex 2387.459309009294 190.74298361348622 567.6619999999956
    vertex 2387.998099299402 190.59861519036195 580.6619999999956
    vertex 2387.998099299402 190.59861519036204 567.6619999999956
  endloop
endfacet
facet normal 1.0361080399434924e-14 0.8191520442890177 -0.5735764363510091
  outer loop
    vertex 2373.2037734679366 212.00000000000122 574.7365342609856
    vertex 2362.853773467936 211.77275866404844 574.4119999999953
    vertex 2362.853773467936 212.00000000000142 574.7365342609859
  endloop
endfacet
facet normal 1.0361080399434924e-14 0.8191520442890177 -0.5735764363510091
  outer loop
    vertex 2362.853773467936 211.77275866404844 574.4119999999953
    vertex 2373.2037734679366 212.00000000000122 574.7365342609856
    vertex 2373.2037734679366 211.77275866404827 574.411999999995
  endloop
endfacet
facet normal 1.2087153612665501e-14 0.9063077870366626 -0.4226182617406725
  outer loop
    vertex 2373.2037734679366 211.77275866404827 574.411999999995
    vertex 2362.853773467936 211.0729201025345 572.9111913615887
    vertex 2362.853773467936 211.77275866404844 574.4119999999953
  endloop
endfacet
facet normal 1.2087153612665501e-14 0.9063077870366626 -0.4226182617406725
  outer loop
    vertex 2362.853773467936 211.0729201025345 572.9111913615887
    vertex 2373.2037734679366 211.77275866404827 574.411999999995
    vertex 2373.2037734679366 211.0729201025343 572.9111913615887
  endloop
endfacet
facet normal 1.34459647797701e-14 0.9659258262890702 -0.25881904510251424
  outer loop
    vertex 2373.2037734679366 211.0729201025343 572.9111913615887
    vertex 2362.853773467936 210.64432634638467 571.3116576878308
    vertex 2362.853773467936 211.0729201025345 572.9111913615887
  endloop
endfacet
facet normal 1.34459647797701e-14 0.9659258262890702 -0.25881904510251424
  outer loop
    vertex 2362.853773467936 210.64432634638467 571.3116576878308
    vertex 2373.2037734679366 211.0729201025343 572.9111913615887
    vertex 2373.2037734679366 210.64432634638456 571.3116576878308
  endloop
endfacet
facet normal 1.4396227111028028e-14 0.9961946980917454 -0.08715574274765892
  outer loop
    vertex 2373.2037734679366 210.64432634638456 571.3116576878308
    vertex 2362.853773467936 210.50000000000063 569.661999999995
    vertex 2362.853773467936 210.64432634638467 571.3116576878308
  endloop
endfacet
facet normal 1.4396227111028028e-14 0.9961946980917454 -0.08715574274765892
  outer loop
    vertex 2362.853773467936 210.50000000000063 569.661999999995
    vertex 2373.2037734679366 210.64432634638456 571.3116576878308
    vertex 2373.2037734679366 210.50000000000054 569.661999999995
  endloop
endfacet
facet normal 1.4909067366359863e-14 0.9961946980917445 0.08715574274767122
  outer loop
    vertex 2373.2037734679366 210.50000000000054 569.661999999995
    vertex 2362.853773467936 210.64432634638467 568.0123423121591
    vertex 2362.853773467936 210.50000000000063 569.661999999995
  endloop
endfacet
facet normal 1.4909067366359863e-14 0.9961946980917445 0.08715574274767122
  outer loop
    vertex 2362.853773467936 210.64432634638467 568.0123423121591
    vertex 2373.2037734679366 210.50000000000054 569.661999999995
    vertex 2373.2037734679366 210.64432634638456 568.0123423121591
  endloop
endfacet
facet normal 1.4968903154116915e-14 0.9659258262890669 0.25881904510252607
  outer loop
    vertex 2373.2037734679366 210.64432634638456 568.0123423121591
    vertex 2362.853773467936 211.07292010253454 566.4128086384012
    vertex 2362.853773467936 210.64432634638467 568.0123423121591
  endloop
endfacet
facet normal 1.4968903154116915e-14 0.9659258262890669 0.25881904510252607
  outer loop
    vertex 2362.853773467936 211.07292010253454 566.4128086384012
    vertex 2373.2037734679366 210.64432634638456 568.0123423121591
    vertex 2373.2037734679366 211.07292010253437 566.4128086384012
  endloop
endfacet
facet normal 1.4573916394166695e-14 0.9063077870366573 0.4226182617406836
  outer loop
    vertex 2373.2037734679366 211.07292010253437 566.4128086384012
    vertex 2362.853773467936 211.7727586640485 564.9119999999953
    vertex 2362.853773467936 211.07292010253454 566.4128086384012
  endloop
endfacet
facet normal 1.4573916394166695e-14 0.9063077870366573 0.4226182617406836
  outer loop
    vertex 2362.853773467936 211.7727586640485 564.9119999999953
    vertex 2373.2037734679366 211.07292010253437 566.4128086384012
    vertex 2373.2037734679366 211.7727586640484 564.911999999995
  endloop
endfacet
facet normal 1.3736108559336317e-14 0.8191520442889143 0.5735764363511567
  outer loop
    vertex 2373.2037734679366 211.7727586640484 564.911999999995
    vertex 2362.853773467936 212.00000000000136 564.5874657390046
    vertex 2362.853773467936 211.7727586640485 564.9119999999953
  endloop
endfacet
facet normal 1.3736108559336317e-14 0.8191520442889143 0.5735764363511567
  outer loop
    vertex 2362.853773467936 212.00000000000136 564.5874657390046
    vertex 2373.2037734679366 211.7727586640484 564.911999999995
    vertex 2373.2037734679366 212.00000000000128 564.5874657390045
  endloop
endfacet
facet normal 1.5245203874673558e-14 1.0 1.3191329920934144e-14
  outer loop
    vertex 2362.853773467936 212.00000000000134 580.661999999996
    vertex 2373.2037734679366 212.00000000000122 578.0058182504861
    vertex 2362.853773467936 212.00000000000142 574.7365342609859
  endloop
endfacet
facet normal 1.5245203874673558e-14 1.0 1.3191329920934144e-14
  outer loop
    vertex 2373.2037734679366 212.00000000000122 578.0058182504861
    vertex 2362.853773467936 212.00000000000134 580.661999999996
    vertex 2384.5537734679365 212.00000000000102 580.6619999999957
  endloop
endfacet
facet normal 1.5245203874673558e-14 1.0 1.3191329920934144e-14
  outer loop
    vertex 2373.2037734679366 212.00000000000122 578.0058182504861
    vertex 2384.5537734679365 212.00000000000102 580.6619999999957
    vertex 2384.5537734679365 212.00000000000102 578.0058182504861
  endloop
endfacet
facet normal 1.5245203874673558e-14 1.0 1.3191329920934144e-14
  outer loop
    vertex 2373.2037734679366 212.00000000000122 574.7365342609856
    vertex 2362.853773467936 212.00000000000142 574.7365342609859
    vertex 2373.2037734679366 212.00000000000122 578.0058182504861
  endloop
endfacet
facet normal 1.4396768027503284e-14 0.9961946980917454 -0.0871557427476589
  outer loop
    vertex 2384.553773467936 198.144326346385 571.3116576878309
    vertex 2373.203773467936 198.00000000000117 569.661999999995
    vertex 2373.203773467936 198.14432634638513 571.3116576878309
  endloop
endfacet
facet normal 1.4396768027503284e-14 0.9961946980917454 -0.0871557427476589
  outer loop
    vertex 2373.203773467936 198.00000000000117 569.661999999995
    vertex 2384.553773467936 198.144326346385 571.3116576878309
    vertex 2384.553773467936 198.000000000001 569.661999999995
  endloop
endfacet
facet normal 1.4125433977530893e-14 0.9659258262890702 -0.25881904510251424
  outer loop
    vertex 2384.553773467936 198.57292010253485 572.9111913615889
    vertex 2373.203773467936 198.14432634638513 571.3116576878309
    vertex 2373.203773467936 198.57292010253497 572.9111913615889
  endloop
endfacet
facet normal 1.4125433977530893e-14 0.9659258262890702 -0.25881904510251424
  outer loop
    vertex 2373.203773467936 198.14432634638513 571.3116576878309
    vertex 2384.553773467936 198.57292010253485 572.9111913615889
    vertex 2384.553773467936 198.144326346385 571.3116576878309
  endloop
endfacet
facet normal 1.3538466465453411e-14 0.9063077870366626 -0.42261826174067246
  outer loop
    vertex 2373.2037734679366 199.2727586640489 574.4119999999951
    vertex 2384.553773467936 198.57292010253485 572.9111913615889
    vertex 2373.203773467936 198.57292010253497 572.9111913615889
  endloop
endfacet
facet normal 1.3538466465453411e-14 0.9063077870366626 -0.42261826174067246
  outer loop
    vertex 2384.553773467936 198.57292010253485 572.9111913615889
    vertex 2373.2037734679366 199.2727586640489 574.4119999999951
    vertex 2384.553773467936 199.27275866404875 574.411999999995
  endloop
endfacet
facet normal 1.2540139500617435e-14 0.8191520442889895 -0.5735764363510496
  outer loop
    vertex 2384.553773467936 200.2225777903707 575.7684822920172
    vertex 2373.2037734679366 199.2727586640489 574.4119999999951
    vertex 2373.2037734679366 200.22257779037082 575.7684822920173
  endloop
endfacet
facet normal 1.2540139500617435e-14 0.8191520442889895 -0.5735764363510496
  outer loop
    vertex 2373.2037734679366 199.2727586640489 574.4119999999951
    vertex 2384.553773467936 200.2225777903707 575.7684822920172
    vertex 2384.553773467936 199.27275866404875 574.411999999995
  endloop
endfacet
facet normal 1.1160786742672213e-14 0.7071067811865519 -0.7071067811865432
  outer loop
    vertex 2373.2037734679366 201.393517707979 576.9394222096255
    vertex 2384.553773467936 200.2225777903707 575.7684822920172
    vertex 2373.2037734679366 200.22257779037082 575.7684822920173
  endloop
endfacet
facet normal 1.1160786742672213e-14 0.7071067811865519 -0.7071067811865432
  outer loop
    vertex 2384.553773467936 200.2225777903707 575.7684822920172
    vertex 2373.2037734679366 201.393517707979 576.9394222096255
    vertex 2384.553773467936 201.39351770797882 576.9394222096254
  endloop
endfacet
facet normal 9.442319127181773e-15 0.5735764363510779 -0.8191520442889697
  outer loop
    vertex 2373.2037734679366 202.75000000000114 577.8892413359474
    vertex 2384.553773467936 201.39351770797882 576.9394222096254
    vertex 2373.2037734679366 201.393517707979 576.9394222096255
  endloop
endfacet
facet normal 9.442319127181773e-15 0.5735764363510779 -0.8191520442889697
  outer loop
    vertex 2384.553773467936 201.39351770797882 576.9394222096254
    vertex 2373.2037734679366 202.75000000000114 577.8892413359474
    vertex 2384.553773467936 202.75000000000094 577.8892413359473
  endloop
endfacet
facet normal 7.436951423054636e-15 0.42261826174065975 -0.9063077870366686
  outer loop
    vertex 2373.203773467937 204.25080863840725 578.5890798974613
    vertex 2384.553773467936 202.75000000000094 577.8892413359473
    vertex 2373.2037734679366 202.75000000000114 577.8892413359474
  endloop
endfacet
facet normal 7.436951423054636e-15 0.42261826174065975 -0.9063077870366686
  outer loop
    vertex 2384.553773467936 202.75000000000094 577.8892413359473
    vertex 2373.203773467937 204.25080863840725 578.5890798974613
    vertex 2384.553773467937 204.25080863840702 578.5890798974615
  endloop
endfacet
facet normal 5.205615713218436e-15 0.25881904510251924 -0.9659258262890686
  outer loop
    vertex 2373.203773467937 204.25080863840725 578.5890798974613
    vertex 2384.553773467937 205.85034231216505 579.0176736536113
    vertex 2384.553773467937 204.25080863840702 578.5890798974615
  endloop
endfacet
facet normal 5.205615713218436e-15 0.25881904510251924 -0.9659258262890686
  outer loop
    vertex 2384.553773467937 205.85034231216505 579.0176736536113
    vertex 2373.203773467937 204.25080863840725 578.5890798974613
    vertex 2373.203773467937 205.85034231216528 579.0176736536112
  endloop
endfacet
facet normal 2.816110004104781e-15 0.08715574274769589 -0.9961946980917423
  outer loop
    vertex 2373.203773467937 205.85034231216528 579.0176736536112
    vertex 2384.553773467937 207.5000000000009 579.1619999999951
    vertex 2384.553773467937 205.85034231216505 579.0176736536113
  endloop
endfacet
facet normal 2.816110004104781e-15 0.08715574274769589 -0.9961946980917423
  outer loop
    vertex 2384.553773467937 207.5000000000009 579.1619999999951
    vertex 2373.203773467937 205.85034231216528 579.0176736536112
    vertex 2373.203773467937 207.50000000000114 579.1619999999951
  endloop
endfacet
facet normal 3.4103821753539426e-16 -0.08715574274768359 -0.9961946980917434
  outer loop
    vertex 2373.203773467937 207.50000000000114 579.1619999999951
    vertex 2384.5537734679365 209.14965768783676 579.0176736536112
    vertex 2384.553773467937 207.5000000000009 579.1619999999951
  endloop
endfacet
facet normal 3.4103821753539426e-16 -0.08715574274768359 -0.9961946980917434
  outer loop
    vertex 2384.5537734679365 209.14965768783676 579.0176736536112
    vertex 2373.203773467937 207.50000000000114 579.1619999999951
    vertex 2373.2037734679366 209.149657687837 579.0176736536112
  endloop
endfacet
facet normal -2.1443958426986993e-15 -0.2588190451025074 -0.965925826289072
  outer loop
    vertex 2373.2037734679366 209.149657687837 579.0176736536112
    vertex 2384.5537734679365 210.74919136159477 578.5890798974613
    vertex 2384.5537734679365 209.14965768783676 579.0176736536112
  endloop
endfacet
facet normal -2.1443958426986993e-15 -0.2588190451025074 -0.965925826289072
  outer loop
    vertex 2384.5537734679365 210.74919136159477 578.5890798974613
    vertex 2373.2037734679366 209.149657687837 579.0176736536112
    vertex 2373.2037734679366 210.749191361595 578.5890798974613
  endloop
endfacet
facet normal -4.564673520369032e-15 -0.4226182617406482 -0.9063077870366738
  outer loop
    vertex 2373.2037734679366 210.749191361595 578.5890798974613
    vertex 2384.5537734679365 212.00000000000102 578.0058182504861
    vertex 2384.5537734679365 210.74919136159477 578.5890798974613
  endloop
endfacet
facet normal -4.564673520369032e-15 -0.4226182617406482 -0.9063077870366738
  outer loop
    vertex 2384.5537734679365 212.00000000000102 578.0058182504861
    vertex 2373.2037734679366 210.749191361595 578.5890798974613
    vertex 2373.2037734679366 212.00000000000122 578.0058182504861
  endloop
endfacet
facet normal -1.0 1.0512812056592837e-14 8.870824681673124e-15
  outer loop
    vertex 2384.5537734679365 217.00000000000085 580.6619999999951
    vertex 2384.5537734679365 212.00000000000102 578.0058182504861
    vertex 2384.5537734679365 212.00000000000102 580.6619999999957
  endloop
endfacet
facet normal -1.0 1.0512812056592837e-14 8.870824681673124e-15
  outer loop
    vertex 2384.5537734679365 212.00000000000102 578.0058182504861
    vertex 2384.5537734679365 217.00000000000085 580.6619999999951
    vertex 2384.553773467936 217.00000000000145 563.6619999999956
  endloop
endfacet
facet normal -1.0 1.0512812056592837e-14 8.870824681673124e-15
  outer loop
    vertex 2384.5537734679365 212.00000000000102 578.0058182504861
    vertex 2384.553773467936 217.00000000000145 563.6619999999956
    vertex 2384.553773467936 209.79813332935788 571.5903628290548
  endloop
endfacet
facet normal -1.0 1.0512812056592837e-14 8.870824681673124e-15
  outer loop
    vertex 2384.5537734679365 212.00000000000102 578.0058182504861
    vertex 2384.553773467936 209.79813332935788 571.5903628290548
    vertex 2384.553773467936 209.42836282906057 571.9601333293521
  endloop
endfacet
facet normal -1.0 1.0512812056592837e-14 8.870824681673124e-15
  outer loop
    vertex 2384.5537734679365 212.00000000000102 578.0058182504861
    vertex 2384.553773467936 209.42836282906057 571.9601333293521
    vertex 2384.553773467936 202.75000000000094 577.8892413359473
  endloop
endfacet
facet normal -1.0 1.0512812056592837e-14 8.870824681673124e-15
  outer loop
    vertex 2384.553773467936 202.75000000000094 577.8892413359473
    vertex 2384.553773467936 209.42836282906057 571.9601333293521
    vertex 2384.553773467936 209.00000000000097 572.2600762113485
  endloop
endfacet
facet normal -1.0 1.0512812056592837e-14 8.870824681673124e-15
  outer loop
    vertex 2384.553773467936 202.75000000000094 577.8892413359473
    vertex 2384.553773467936 209.00000000000097 572.2600762113485
    vertex 2384.553773467936 201.39351770797882 576.9394222096254
  endloop
endfacet
facet normal -1.0 1.0512812056592837e-14 8.870824681673124e-15
  outer loop
    vertex 2384.553773467936 201.39351770797882 576.9394222096254
    vertex 2384.553773467936 209.00000000000097 572.2600762113485
    vertex 2384.5537734679365 208.52606042997795 572.4810778623529
  endloop
endfacet
facet normal -1.0 1.0512812056592837e-14 8.870824681673124e-15
  outer loop
    vertex 2384.553773467936 201.39351770797882 576.9394222096254
    vertex 2384.5537734679365 208.52606042997795 572.4810778623529
    vertex 2384.553773467936 200.2225777903707 575.7684822920172
  endloop
endfacet
facet normal -1.0 1.0512812056592837e-14 8.870824681673124e-15
  outer loop
    vertex 2384.553773467936 200.2225777903707 575.7684822920172
    vertex 2384.5537734679365 208.52606042997795 572.4810778623529
    vertex 2384.5537734679365 208.02094453300174 572.6164232590318
  endloop
endfacet
facet normal -1.0 1.0512812056592837e-14 8.870824681673124e-15
  outer loop
    vertex 2384.553773467936 200.2225777903707 575.7684822920172
    vertex 2384.5537734679365 208.02094453300174 572.6164232590318
    vertex 2384.553773467936 199.27275866404875 574.411999999995
  endloop
endfacet
facet normal -1.0 1.0512812056592837e-14 8.870824681673124e-15
  outer loop
    vertex 2384.553773467936 199.27275866404875 574.411999999995
    vertex 2384.5537734679365 208.02094453300174 572.6164232590318
    vertex 2384.5537734679365 207.50000000000094 572.6619999999953
  endloop
endfacet
facet normal -1.0 1.0512812056592837e-14 8.870824681673124e-15
  outer loop
    vertex 2384.553773467936 199.27275866404875 574.411999999995
    vertex 2384.5537734679365 207.50000000000094 572.6619999999953
    vertex 2384.553773467936 198.57292010253485 572.9111913615889
  endloop
endfacet
facet normal -1.0 1.0512812056592837e-14 8.870824681673124e-15
  outer loop
    vertex 2384.553773467936 209.79813332935788 571.5903628290548
    vertex 2384.553773467936 217.00000000000145 563.6619999999956
    vertex 2384.553773467936 210.09807621135425 571.1619999999951
  endloop
endfacet
facet normal -1.0 1.0512812056592837e-14 8.870824681673124e-15
  outer loop
    vertex 2384.553773467936 210.09807621135425 571.1619999999951
    vertex 2384.553773467936 217.00000000000145 563.6619999999956
    vertex 2384.553773467936 210.31907786235865 570.6880604299722
  endloop
endfacet
facet normal -1.0 1.0512812056592837e-14 8.870824681673124e-15
  outer loop
    vertex 2384.553773467936 210.31907786235865 570.6880604299722
    vertex 2384.553773467936 217.00000000000145 563.6619999999956
    vertex 2384.553773467936 210.45442325903758 570.182944532996
  endloop
endfacet
facet normal -1.0 1.0512812056592837e-14 8.870824681673124e-15
  outer loop
    vertex 2384.553773467936 210.45442325903758 570.182944532996
    vertex 2384.553773467936 217.00000000000145 563.6619999999956
    vertex 2384.553773467936 210.50000000000094 569.6619999999951
  endloop
endfacet
facet normal -1.0 1.0512812056592837e-14 8.870824681673124e-15
  outer loop
    vertex 2384.553773467936 210.50000000000094 569.6619999999951
    vertex 2384.553773467936 217.00000000000145 563.6619999999956
    vertex 2384.553773467936 210.45442325903758 569.1410554669944
  endloop
endfacet
facet normal -1.0 1.0512812056592837e-14 8.870824681673124e-15
  outer loop
    vertex 2384.553773467936 210.45442325903758 569.1410554669944
    vertex 2384.553773467936 217.00000000000145 563.6619999999956
    vertex 2384.553773467936 210.31907786235865 568.6359395700181
  endloop
endfacet
facet normal -1.0 1.0512812056592837e-14 8.870824681673124e-15
  outer loop
    vertex 2384.553773467936 210.31907786235865 568.6359395700181
    vertex 2384.553773467936 217.00000000000145 563.6619999999956
    vertex 2384.553773467936 210.09807621135425 568.1619999999951
  endloop
endfacet
facet normal -1.0 1.0512812056592837e-14 8.870824681673124e-15
  outer loop
    vertex 2384.553773467936 210.09807621135425 568.1619999999951
    vertex 2384.553773467936 217.00000000000145 563.6619999999956
    vertex 2384.553773467936 209.79813332935788 567.7336371709356
  endloop
endfacet
facet normal -1.0 1.0512812056592837e-14 8.870824681673124e-15
  outer loop
    vertex 2384.553773467936 209.79813332935788 567.7336371709356
    vertex 2384.553773467936 217.00000000000145 563.6619999999956
    vertex 2384.553773467936 209.42836282906057 567.3638666706382
  endloop
endfacet
facet normal -1.0 1.0512812056592837e-14 8.870824681673124e-15
  outer loop
    vertex 2384.553773467936 209.42836282906057 567.3638666706382
    vertex 2384.553773467936 217.00000000000145 563.6619999999956
    vertex 2384.553773467936 209.00000000000102 567.0639237886418
  endloop
endfacet
facet normal -1.0 1.0512812056592837e-14 8.870824681673124e-15
  outer loop
    vertex 2384.553773467936 209.00000000000102 567.0639237886418
    vertex 2384.553773467936 217.00000000000145 563.6619999999956
    vertex 2384.5537734679365 208.526060429978 566.8429221376375
  endloop
endfacet
facet normal -1.0 1.0512812056592837e-14 8.870824681673124e-15
  outer loop
    vertex 2384.5537734679365 208.526060429978 566.8429221376375
    vertex 2384.553773467936 217.00000000000145 563.6619999999956
    vertex 2384.5537734679365 208.02094453300177 566.7075767409585
  endloop
endfacet
facet normal -1.0 1.0512812056592837e-14 8.870824681673124e-15
  outer loop
    vertex 2384.5537734679365 208.02094453300177 566.7075767409585
    vertex 2384.553773467936 217.00000000000145 563.6619999999956
    vertex 2384.5537734679365 207.500000000001 566.6619999999951
  endloop
endfacet
facet normal -1.0 1.0512812056592837e-14 8.870824681673124e-15
  outer loop
    vertex 2384.5537734679365 207.500000000001 566.6619999999951
    vertex 2384.553773467936 217.00000000000145 563.6619999999956
    vertex 2384.553773467936 198.00000000000156 563.661999999996
  endloop
endfacet
facet normal -1.0 1.0512812056592837e-14 8.870824681673124e-15
  outer loop
    vertex 2384.553773467936 198.57292010253485 572.9111913615889
    vertex 2384.5537734679365 206.97905546700017 572.6164232590318
    vertex 2384.553773467936 198.144326346385 571.3116576878309
  endloop
endfacet
facet normal -1.0 1.0512812056592837e-14 8.870824681673124e-15
  outer loop
    vertex 2384.5537734679365 206.97905546700017 572.6164232590318
    vertex 2384.553773467936 198.57292010253485 572.9111913615889
    vertex 2384.5537734679365 207.50000000000094 572.6619999999953
  endloop
endfacet
facet normal -1.0 1.0512812056592837e-14 8.870824681673124e-15
  outer loop
    vertex 2384.553773467936 198.144326346385 571.3116576878309
    vertex 2384.5537734679365 206.97905546700017 572.6164232590318
    vertex 2384.5537734679365 206.47393957002396 572.481077862353
  endloop
endfacet
facet normal -1.0 1.0512812056592837e-14 8.870824681673124e-15
  outer loop
    vertex 2384.553773467936 198.144326346385 571.3116576878309
    vertex 2384.5537734679365 206.47393957002396 572.481077862353
    vertex 2384.5537734679365 206.00000000000097 572.2600762113487
  endloop
endfacet
facet normal -1.0 1.0512812056592837e-14 8.870824681673124e-15
  outer loop
    vertex 2384.553773467936 198.144326346385 571.3116576878309
    vertex 2384.5537734679365 206.00000000000097 572.2600762113487
    vertex 2384.5537734679365 205.57163717094133 571.9601333293521
  endloop
endfacet
facet normal -1.0 1.0512812056592837e-14 8.870824681673124e-15
  outer loop
    vertex 2384.553773467936 198.144326346385 571.3116576878309
    vertex 2384.5537734679365 205.57163717094133 571.9601333293521
    vertex 2384.553773467936 205.20186667064402 571.5903628290548
  endloop
endfacet
facet normal -1.0 1.0512812056592837e-14 8.870824681673124e-15
  outer loop
    vertex 2384.553773467936 198.144326346385 571.3116576878309
    vertex 2384.553773467936 205.20186667064402 571.5903628290548
    vertex 2384.553773467936 204.90192378864765 571.1619999999951
  endloop
endfacet
facet normal -1.0 1.0512812056592837e-14 8.870824681673124e-15
  outer loop
    vertex 2384.553773467936 198.144326346385 571.3116576878309
    vertex 2384.553773467936 204.90192378864765 571.1619999999951
    vertex 2384.553773467936 198.000000000001 569.661999999995
  endloop
endfacet
facet normal -1.0 1.0512812056592837e-14 8.870824681673124e-15
  outer loop
    vertex 2384.553773467936 198.000000000001 569.661999999995
    vertex 2384.553773467936 204.90192378864765 571.1619999999951
    vertex 2384.553773467936 204.68092213764325 570.6880604299722
  endloop
endfacet
facet normal -1.0 1.0512812056592837e-14 8.870824681673124e-15
  outer loop
    vertex 2384.553773467936 198.000000000001 569.661999999995
    vertex 2384.553773467936 204.68092213764325 570.6880604299722
    vertex 2384.553773467936 204.54557674096432 570.1829445329961
  endloop
endfacet
facet normal -1.0 1.0512812056592837e-14 8.870824681673124e-15
  outer loop
    vertex 2384.553773467936 198.000000000001 569.661999999995
    vertex 2384.553773467936 204.54557674096432 570.1829445329961
    vertex 2384.553773467936 204.50000000000097 569.6619999999951
  endloop
endfacet
facet normal -1.0 1.0512812056592837e-14 8.870824681673124e-15
  outer loop
    vertex 2384.553773467936 198.000000000001 569.661999999995
    vertex 2384.553773467936 204.50000000000097 569.6619999999951
    vertex 2384.553773467936 204.54557674096432 569.1410554669945
  endloop
endfacet
facet normal -1.0 1.0512812056592837e-14 8.870824681673124e-15
  outer loop
    vertex 2384.553773467936 198.000000000001 569.661999999995
    vertex 2384.553773467936 204.54557674096432 569.1410554669945
    vertex 2384.553773467936 198.00000000000156 563.661999999996
  endloop
endfacet
facet normal -1.0 1.0512812056592837e-14 8.870824681673124e-15
  outer loop
    vertex 2384.553773467936 198.00000000000156 563.661999999996
    vertex 2384.553773467936 204.54557674096432 569.1410554669945
    vertex 2384.553773467936 204.68092213764325 568.6359395700181
  endloop
endfacet
facet normal -1.0 1.0512812056592837e-14 8.870824681673124e-15
  outer loop
    vertex 2384.553773467936 198.00000000000156 563.661999999996
    vertex 2384.553773467936 204.68092213764325 568.6359395700181
    vertex 2384.553773467936 204.90192378864765 568.1619999999951
  endloop
endfacet
facet normal -1.0 1.0512812056592837e-14 8.870824681673124e-15
  outer loop
    vertex 2384.553773467936 198.00000000000156 563.661999999996
    vertex 2384.553773467936 204.90192378864765 568.1619999999951
    vertex 2384.553773467936 205.20186667064402 567.7336371709356
  endloop
endfacet
facet normal -1.0 1.0512812056592837e-14 8.870824681673124e-15
  outer loop
    vertex 2384.553773467936 198.00000000000156 563.661999999996
    vertex 2384.553773467936 205.20186667064402 567.7336371709356
    vertex 2384.553773467936 205.57163717094133 567.3638666706382
  endloop
endfacet
facet normal -1.0 1.0512812056592837e-14 8.870824681673124e-15
  outer loop
    vertex 2384.553773467936 198.00000000000156 563.661999999996
    vertex 2384.553773467936 205.57163717094133 567.3638666706382
    vertex 2384.553773467936 206.00000000000097 567.063923788642
  endloop
endfacet
facet normal -1.0 1.0512812056592837e-14 8.870824681673124e-15
  outer loop
    vertex 2384.553773467936 198.00000000000156 563.661999999996
    vertex 2384.553773467936 206.00000000000097 567.063923788642
    vertex 2384.5537734679365 206.473939570024 566.8429221376377
  endloop
endfacet
facet normal -1.0 1.0512812056592837e-14 8.870824681673124e-15
  outer loop
    vertex 2384.553773467936 198.00000000000156 563.661999999996
    vertex 2384.5537734679365 206.473939570024 566.8429221376377
    vertex 2384.5537734679365 206.97905546700022 566.7075767409585
  endloop
endfacet
facet normal -1.0 1.0512812056592837e-14 8.870824681673124e-15
  outer loop
    vertex 2384.553773467936 198.00000000000156 563.661999999996
    vertex 2384.5537734679365 206.97905546700022 566.7075767409585
    vertex 2384.5537734679365 207.500000000001 566.6619999999951
  endloop
endfacet
facet normal -1.0 1.0512812056592837e-14 8.870824681673124e-15
  outer loop
    vertex 2384.5537734679365 209.14965768783676 579.0176736536112
    vertex 2384.553773467937 205.85034231216505 579.0176736536113
    vertex 2384.553773467937 207.5000000000009 579.1619999999951
  endloop
endfacet
facet normal -1.0 1.0512812056592837e-14 8.870824681673124e-15
  outer loop
    vertex 2384.553773467937 205.85034231216505 579.0176736536113
    vertex 2384.5537734679365 209.14965768783676 579.0176736536112
    vertex 2384.553773467937 204.25080863840702 578.5890798974615
  endloop
endfacet
facet normal -1.0 1.0512812056592837e-14 8.870824681673124e-15
  outer loop
    vertex 2384.553773467937 204.25080863840702 578.5890798974615
    vertex 2384.5537734679365 209.14965768783676 579.0176736536112
    vertex 2384.5537734679365 210.74919136159477 578.5890798974613
  endloop
endfacet
facet normal -1.0 1.0512812056592837e-14 8.870824681673124e-15
  outer loop
    vertex 2384.553773467937 204.25080863840702 578.5890798974615
    vertex 2384.5537734679365 210.74919136159477 578.5890798974613
    vertex 2384.553773467936 202.75000000000094 577.8892413359473
  endloop
endfacet
facet normal -1.0 1.0512812056592837e-14 8.870824681673124e-15
  outer loop
    vertex 2384.553773467936 202.75000000000094 577.8892413359473
    vertex 2384.5537734679365 210.74919136159477 578.5890798974613
    vertex 2384.5537734679365 212.00000000000102 578.0058182504861
  endloop
endfacet
facet normal -4.4856364071489746e-15 -1.0 -7.917145976947121e-15
  outer loop
    vertex 2384.553773467936 217.00000000000145 563.6619999999956
    vertex 2374.203773467936 217.00000000000054 569.6619999999953
    vertex 2374.203773467936 217.00000000000105 563.6619999999959
  endloop
endfacet
facet normal -4.4856364071489746e-15 -1.0 -7.917145976947121e-15
  outer loop
    vertex 2374.203773467936 217.00000000000054 569.6619999999953
    vertex 2384.553773467936 217.00000000000145 563.6619999999956
    vertex 2374.203773467936 217.000000000001 578.6558505215614
  endloop
endfacet
facet normal -4.4856364071489746e-15 -1.0 -7.917145976947121e-15
  outer loop
    vertex 2374.203773467936 217.000000000001 578.6558505215614
    vertex 2362.8537734679367 217.0000000000012 580.661999999996
    vertex 2362.8537734679367 217.0000000000012 578.6558505215612
  endloop
endfacet
facet normal -4.4856364071489746e-15 -1.0 -7.917145976947121e-15
  outer loop
    vertex 2362.8537734679367 217.0000000000012 580.661999999996
    vertex 2374.203773467936 217.000000000001 578.6558505215614
    vertex 2384.5537734679365 217.00000000000085 580.6619999999951
  endloop
endfacet
facet normal -4.4856364071489746e-15 -1.0 -7.917145976947121e-15
  outer loop
    vertex 2384.5537734679365 217.00000000000085 580.6619999999951
    vertex 2374.203773467936 217.000000000001 578.6558505215614
    vertex 2384.553773467936 217.00000000000145 563.6619999999956
  endloop
endfacet
facet normal 9.650287630312123e-16 0.25881904510249754 -0.9659258262890745
  outer loop
    vertex 2362.8537734679367 218.35034231216474 579.017673653611
    vertex 2374.203773467936 217.000000000001 578.6558505215614
    vertex 2362.8537734679367 217.0000000000012 578.6558505215612
  endloop
endfacet
facet normal 9.650287630312123e-16 0.25881904510249754 -0.9659258262890745
  outer loop
    vertex 2374.203773467936 217.000000000001 578.6558505215614
    vertex 2362.8537734679367 218.35034231216474 579.017673653611
    vertex 2374.203773467936 218.35034231216454 579.017673653611
  endloop
endfacet
facet normal -1.648954946671333e-15 0.08715574274769587 -0.9961946980917423
  outer loop
    vertex 2362.8537734679367 220.0000000000006 579.161999999995
    vertex 2374.203773467936 218.35034231216454 579.017673653611
    vertex 2362.8537734679367 218.35034231216474 579.017673653611
  endloop
endfacet
facet normal -1.648954946671333e-15 0.08715574274769587 -0.9961946980917423
  outer loop
    vertex 2374.203773467936 218.35034231216454 579.017673653611
    vertex 2362.8537734679367 220.0000000000006 579.161999999995
    vertex 2374.203773467936 220.0000000000004 579.161999999995
  endloop
endfacet
facet normal -4.212835994732571e-15 -0.08715574274768358 -0.9961946980917434
  outer loop
    vertex 2362.8537734679367 221.64965768783645 579.017673653611
    vertex 2374.203773467936 220.0000000000004 579.161999999995
    vertex 2362.8537734679367 220.0000000000006 579.161999999995
  endloop
endfacet
facet normal -4.212835994732571e-15 -0.08715574274768358 -0.9961946980917434
  outer loop
    vertex 2374.203773467936 220.0000000000004 579.161999999995
    vertex 2362.8537734679367 221.64965768783645 579.017673653611
    vertex 2374.203773467936 221.64965768783628 579.017673653611
  endloop
endfacet
facet normal -6.648712152890262e-15 -0.2588190451025075 -0.965925826289072
  outer loop
    vertex 2362.8537734679367 223.24919136159446 578.5890798974611
    vertex 2374.203773467936 221.64965768783628 579.017673653611
    vertex 2362.8537734679367 221.64965768783645 579.017673653611
  endloop
endfacet
facet normal -6.648712152890262e-15 -0.2588190451025075 -0.965925826289072
  outer loop
    vertex 2374.203773467936 221.64965768783628 579.017673653611
    vertex 2362.8537734679367 223.24919136159446 578.5890798974611
    vertex 2374.203773467936 223.24919136159428 578.5890798974611
  endloop
endfacet
facet normal -8.88257055669312e-15 -0.42261826174064854 -0.9063077870366737
  outer loop
    vertex 2362.8537734679367 224.7500000000006 577.8892413359475
    vertex 2374.203773467936 223.24919136159428 578.5890798974611
    vertex 2362.8537734679367 223.24919136159446 578.5890798974611
  endloop
endfacet
facet normal -8.88257055669312e-15 -0.42261826174064854 -0.9063077870366737
  outer loop
    vertex 2374.203773467936 223.24919136159428 578.5890798974611
    vertex 2362.8537734679367 224.7500000000006 577.8892413359475
    vertex 2374.203773467936 224.7500000000004 577.8892413359473
  endloop
endfacet
facet normal -1.084653654892986e-14 -0.5735764363510677 -0.8191520442889766
  outer loop
    vertex 2362.8537734679367 226.10648229202272 576.9394222096256
    vertex 2374.203773467936 224.7500000000004 577.8892413359473
    vertex 2362.8537734679367 224.7500000000006 577.8892413359475
  endloop
endfacet
facet normal -1.084653654892986e-14 -0.5735764363510677 -0.8191520442889766
  outer loop
    vertex 2374.203773467936 224.7500000000004 577.8892413359473
    vertex 2362.8537734679367 226.10648229202272 576.9394222096256
    vertex 2374.203773467936 226.10648229202263 576.9394222096254
  endloop
endfacet
facet normal -3.1755822966855258e-15 -1.2918669543951675e-14 -1.0
  outer loop
    vertex 2382.8787734679363 181.25000000000054 563.6619999999962
    vertex 2387.778773467936 192.4076606241352 563.6619999999962
    vertex 2412.0537734679356 181.2500000000002 563.6619999999963
  endloop
endfacet
facet normal -3.1755822966855258e-15 -1.2918669543951675e-14 -1.0
  outer loop
    vertex 2387.778773467936 192.4076606241352 563.6619999999962
    vertex 2382.8787734679363 181.25000000000054 563.6619999999962
    vertex 2387.4577579570964 192.65398448916199 563.6619999999962
  endloop
endfacet
facet normal -3.1755822966855258e-15 -1.2918669543951675e-14 -1.0
  outer loop
    vertex 2387.4577579570964 192.65398448916199 563.6619999999962
    vertex 2382.8787734679363 181.25000000000054 563.6619999999962
    vertex 2382.8787734679363 198.00000000000168 563.661999999996
  endloop
endfacet
facet normal -3.1755822966855258e-15 -1.2918669543951675e-14 -1.0
  outer loop
    vertex 2412.0537734679356 181.2500000000002 563.6619999999963
    vertex 2387.778773467936 192.4076606241352 563.6619999999962
    vertex 2388.152603948027 192.25281496925302 563.6619999999962
  endloop
endfacet
facet normal -3.1755822966855258e-15 -1.2918669543951675e-14 -1.0
  outer loop
    vertex 2412.0537734679356 181.2500000000002 563.6619999999963
    vertex 2388.152603948027 192.25281496925302 563.6619999999962
    vertex 2388.553773467936 192.20000000000107 563.6619999999962
  endloop
endfacet
facet normal -3.1755822966855258e-15 -1.2918669543951675e-14 -1.0
  outer loop
    vertex 2387.4577579570964 192.65398448916199 563.6619999999962
    vertex 2382.8787734679363 198.00000000000168 563.661999999996
    vertex 2387.2114340920702 192.9750000000011 563.6619999999962
  endloop
endfacet
facet normal -3.1755822966855258e-15 -1.2918669543951675e-14 -1.0
  outer loop
    vertex 2387.2114340920702 192.9750000000011 563.6619999999962
    vertex 2382.8787734679363 198.00000000000168 563.661999999996
    vertex 2387.056588437188 193.34883048009218 563.6619999999964
  endloop
endfacet
facet normal -3.1755822966855258e-15 -1.2918669543951675e-14 -1.0
  outer loop
    vertex 2387.056588437188 193.34883048009218 563.6619999999964
    vertex 2382.8787734679363 198.00000000000168 563.661999999996
    vertex 2387.003773467936 193.7500000000011 563.6619999999964
  endloop
endfacet
facet normal -3.1755822966855258e-15 -1.2918669543951675e-14 -1.0
  outer loop
    vertex 2387.003773467936 193.7500000000011 563.6619999999964
    vertex 2382.8787734679363 198.00000000000168 563.661999999996
    vertex 2387.056588437188 194.15116951991004 563.6619999999964
  endloop
endfacet
facet normal -3.1755822966855258e-15 -1.2918669543951675e-14 -1.0
  outer loop
    vertex 2387.056588437188 194.15116951991004 563.6619999999964
    vertex 2382.8787734679363 198.00000000000168 563.661999999996
    vertex 2387.2114340920702 194.5250000000011 563.6619999999964
  endloop
endfacet
facet normal -3.1755822966855258e-15 -1.2918669543951675e-14 -1.0
  outer loop
    vertex 2387.2114340920702 194.5250000000011 563.6619999999964
    vertex 2382.8787734679363 198.00000000000168 563.661999999996
    vertex 2387.457757957097 194.84601551084032 563.6619999999964
  endloop
endfacet
facet normal -3.1755822966855258e-15 -1.2918669543951675e-14 -1.0
  outer loop
    vertex 2387.457757957097 194.84601551084032 563.6619999999964
    vertex 2382.8787734679363 198.00000000000168 563.661999999996
    vertex 2387.778773467936 195.092339375867 563.6619999999964
  endloop
endfacet
facet normal -3.1755822966855258e-15 -1.2918669543951675e-14 -1.0
  outer loop
    vertex 2387.778773467936 195.092339375867 563.6619999999964
    vertex 2382.8787734679363 198.00000000000168 563.661999999996
    vertex 2388.1526039480273 195.2471850307492 563.6619999999964
  endloop
endfacet
facet normal -3.1755822966855258e-15 -1.2918669543951675e-14 -1.0
  outer loop
    vertex 2388.1526039480273 195.2471850307492 563.6619999999964
    vertex 2382.8787734679363 198.00000000000168 563.661999999996
    vertex 2388.553773467936 195.3000000000011 563.6619999999964
  endloop
endfacet
facet normal -3.1755822966855258e-15 -1.2918669543951675e-14 -1.0
  outer loop
    vertex 2388.553773467936 195.3000000000011 563.6619999999964
    vertex 2382.8787734679363 198.00000000000168 563.661999999996
    vertex 2408.553773467936 195.30000000000138 563.6619999999962
  endloop
endfacet
facet normal -3.1755822966855258e-15 -1.2918669543951675e-14 -1.0
  outer loop
    vertex 2408.553773467936 195.30000000000138 563.6619999999962
    vertex 2382.8787734679363 198.00000000000168 563.661999999996
    vertex 2384.553773467936 198.00000000000156 563.661999999996
  endloop
endfacet
facet normal -3.1755822966855258e-15 -1.2918669543951675e-14 -1.0
  outer loop
    vertex 2384.553773467936 198.00000000000156 563.661999999996
    vertex 2388.1526039480273 212.25281496925308 563.6619999999964
    vertex 2388.553773467936 212.20000000000115 563.6619999999964
  endloop
endfacet
facet normal -3.1755822966855258e-15 -1.2918669543951675e-14 -1.0
  outer loop
    vertex 2388.1526039480273 212.25281496925308 563.6619999999964
    vertex 2384.553773467936 198.00000000000156 563.661999999996
    vertex 2387.778773467936 212.40766062413522 563.6619999999964
  endloop
endfacet
facet normal -3.1755822966855258e-15 -1.2918669543951675e-14 -1.0
  outer loop
    vertex 2387.778773467936 212.40766062413522 563.6619999999964
    vertex 2384.553773467936 198.00000000000156 563.661999999996
    vertex 2387.457757957097 212.65398448916196 563.6619999999964
  endloop
endfacet
facet normal -3.1755822966855258e-15 -1.2918669543951675e-14 -1.0
  outer loop
    vertex 2387.457757957097 212.65398448916196 563.6619999999964
    vertex 2384.553773467936 198.00000000000156 563.661999999996
    vertex 2387.2114340920702 212.9750000000011 563.6619999999964
  endloop
endfacet
facet normal -3.1755822966855258e-15 -1.2918669543951675e-14 -1.0
  outer loop
    vertex 2387.2114340920702 212.9750000000011 563.6619999999964
    vertex 2384.553773467936 198.00000000000156 563.661999999996
    vertex 2384.553773467936 217.00000000000145 563.6619999999956
  endloop
endfacet
facet normal -3.1755822966855258e-15 -1.2918669543951675e-14 -1.0
  outer loop
    vertex 2387.2114340920702 212.9750000000011 563.6619999999964
    vertex 2384.553773467936 217.00000000000145 563.6619999999956
    vertex 2387.056588437188 213.34883048009218 563.6619999999964
  endloop
endfacet
facet normal -3.1755822966855258e-15 -1.2918669543951675e-14 -1.0
  outer loop
    vertex 2387.056588437188 213.34883048009218 563.6619999999964
    vertex 2384.553773467936 217.00000000000145 563.6619999999956
    vertex 2387.0037734679363 213.7500000000011 563.6619999999964
  endloop
endfacet
facet normal -3.1755822966855258e-15 -1.2918669543951675e-14 -1.0
  outer loop
    vertex 2387.0037734679363 213.7500000000011 563.6619999999964
    vertex 2384.553773467936 217.00000000000145 563.6619999999956
    vertex 2387.056588437188 214.15116951991004 563.6619999999964
  endloop
endfacet
facet normal -3.1755822966855258e-15 -1.2918669543951675e-14 -1.0
  outer loop
    vertex 2387.056588437188 214.15116951991004 563.6619999999964
    vertex 2384.553773467936 217.00000000000145 563.6619999999956
    vertex 2387.2114340920702 214.5250000000011 563.6619999999964
  endloop
endfacet
facet normal -3.1755822966855258e-15 -1.2918669543951675e-14 -1.0
  outer loop
    vertex 2387.2114340920702 214.5250000000011 563.6619999999964
    vertex 2384.553773467936 217.00000000000145 563.6619999999956
    vertex 2387.457757957097 214.84601551084026 563.6619999999964
  endloop
endfacet
facet normal -3.1755822966855258e-15 -1.2918669543951675e-14 -1.0
  outer loop
    vertex 2387.457757957097 214.84601551084026 563.6619999999964
    vertex 2384.553773467936 217.00000000000145 563.6619999999956
    vertex 2387.778773467936 215.092339375867 563.6619999999964
  endloop
endfacet
facet normal -3.1755822966855258e-15 -1.2918669543951675e-14 -1.0
  outer loop
    vertex 2387.778773467936 215.092339375867 563.6619999999964
    vertex 2384.553773467936 217.00000000000145 563.6619999999956
    vertex 2388.1526039480273 215.24718503074925 563.6619999999964
  endloop
endfacet
facet normal -3.1755822966855258e-15 -1.2918669543951675e-14 -1.0
  outer loop
    vertex 2388.1526039480273 215.24718503074925 563.6619999999964
    vertex 2384.553773467936 217.00000000000145 563.6619999999956
    vertex 2388.553773467936 215.30000000000115 563.6619999999964
  endloop
endfacet
facet normal -3.1755822966855258e-15 -1.2918669543951675e-14 -1.0
  outer loop
    vertex 2388.553773467936 215.30000000000115 563.6619999999964
    vertex 2384.553773467936 217.00000000000145 563.6619999999956
    vertex 2408.553773467936 215.30000000000138 563.661999999996
  endloop
endfacet
facet normal -3.1755822966855258e-15 -1.2918669543951675e-14 -1.0
  outer loop
    vertex 2374.203773467936 229.0000000000008 563.6619999999957
    vertex 2384.553773467936 217.00000000000145 563.6619999999956
    vertex 2374.203773467936 217.00000000000105 563.6619999999959
  endloop
endfacet
facet normal -3.1755822966855258e-15 -1.2918669543951675e-14 -1.0
  outer loop
    vertex 2412.0537734679356 181.2500000000002 563.6619999999963
    vertex 2410.103773467936 193.75000000000134 563.6619999999962
    vertex 2412.053773467936 229.00000000000054 563.6619999999956
  endloop
endfacet
facet normal -3.1755822966855258e-15 -1.2918669543951675e-14 -1.0
  outer loop
    vertex 2410.103773467936 193.75000000000134 563.6619999999962
    vertex 2412.0537734679356 181.2500000000002 563.6619999999963
    vertex 2410.050958498684 193.34883048009243 563.6619999999962
  endloop
endfacet
facet normal -3.1755822966855258e-15 -1.2918669543951675e-14 -1.0
  outer loop
    vertex 2410.050958498684 193.34883048009243 563.6619999999962
    vertex 2412.0537734679356 181.2500000000002 563.6619999999963
    vertex 2409.896112843802 192.97500000000136 563.6619999999962
  endloop
endfacet
facet normal -3.1755822966855258e-15 -1.2918669543951675e-14 -1.0
  outer loop
    vertex 2409.896112843802 192.97500000000136 563.6619999999962
    vertex 2412.0537734679356 181.2500000000002 563.6619999999963
    vertex 2409.6497889787747 192.6539844891622 563.6619999999962
  endloop
endfacet
facet normal -3.1755822966855258e-15 -1.2918669543951675e-14 -1.0
  outer loop
    vertex 2409.6497889787747 192.6539844891622 563.6619999999962
    vertex 2412.0537734679356 181.2500000000002 563.6619999999963
    vertex 2409.3287734679357 192.4076606241355 563.6619999999962
  endloop
endfacet
facet normal -3.1755822966855258e-15 -1.2918669543951675e-14 -1.0
  outer loop
    vertex 2409.3287734679357 192.4076606241355 563.6619999999962
    vertex 2412.0537734679356 181.2500000000002 563.6619999999963
    vertex 2408.954942987845 192.25281496925334 563.6619999999962
  endloop
endfacet
facet normal -3.1755822966855258e-15 -1.2918669543951675e-14 -1.0
  outer loop
    vertex 2408.954942987845 192.25281496925334 563.6619999999962
    vertex 2412.0537734679356 181.2500000000002 563.6619999999963
    vertex 2408.553773467936 192.20000000000135 563.6619999999962
  endloop
endfacet
facet normal -3.1755822966855258e-15 -1.2918669543951675e-14 -1.0
  outer loop
    vertex 2408.553773467936 192.20000000000135 563.6619999999962
    vertex 2412.0537734679356 181.2500000000002 563.6619999999963
    vertex 2388.553773467936 192.20000000000107 563.6619999999962
  endloop
endfacet
facet normal -3.1755822966855258e-15 -1.2918669543951675e-14 -1.0
  outer loop
    vertex 2412.053773467936 229.00000000000054 563.6619999999956
    vertex 2410.103773467936 193.75000000000134 563.6619999999962
    vertex 2410.050958498684 194.15116951991027 563.6619999999962
  endloop
endfacet
facet normal -3.1755822966855258e-15 -1.2918669543951675e-14 -1.0
  outer loop
    vertex 2412.053773467936 229.00000000000054 563.6619999999956
    vertex 2410.050958498684 194.15116951991027 563.6619999999962
    vertex 2409.896112843802 194.52500000000137 563.6619999999962
  endloop
endfacet
facet normal -3.1755822966855258e-15 -1.2918669543951675e-14 -1.0
  outer loop
    vertex 2412.053773467936 229.00000000000054 563.6619999999956
    vertex 2409.896112843802 194.52500000000137 563.6619999999962
    vertex 2409.649788978775 194.84601551084052 563.6619999999962
  endloop
endfacet
facet normal -3.1755822966855258e-15 -1.2918669543951675e-14 -1.0
  outer loop
    vertex 2412.053773467936 229.00000000000054 563.6619999999956
    vertex 2409.649788978775 194.84601551084052 563.6619999999962
    vertex 2409.3287734679357 195.0923393758673 563.6619999999962
  endloop
endfacet
facet normal -3.1755822966855258e-15 -1.2918669543951675e-14 -1.0
  outer loop
    vertex 2412.053773467936 229.00000000000054 563.6619999999956
    vertex 2409.3287734679357 195.0923393758673 563.6619999999962
    vertex 2408.954942987845 195.2471850307495 563.6619999999962
  endloop
endfacet
facet normal -3.1755822966855258e-15 -1.2918669543951675e-14 -1.0
  outer loop
    vertex 2412.053773467936 229.00000000000054 563.6619999999956
    vertex 2408.954942987845 195.2471850307495 563.6619999999962
    vertex 2408.553773467936 195.30000000000138 563.6619999999962
  endloop
endfacet
facet normal -3.1755822966855258e-15 -1.2918669543951675e-14 -1.0
  outer loop
    vertex 2412.053773467936 229.00000000000054 563.6619999999956
    vertex 2408.553773467936 195.30000000000138 563.6619999999962
    vertex 2410.103773467936 213.75000000000142 563.661999999996
  endloop
endfacet
facet normal -3.1755822966855258e-15 -1.2918669543951675e-14 -1.0
  outer loop
    vertex 2410.103773467936 213.75000000000142 563.661999999996
    vertex 2408.553773467936 195.30000000000138 563.6619999999962
    vertex 2410.0509584986844 213.3488304800925 563.661999999996
  endloop
endfacet
facet normal -3.1755822966855258e-15 -1.2918669543951675e-14 -1.0
  outer loop
    vertex 2410.0509584986844 213.3488304800925 563.661999999996
    vertex 2408.553773467936 195.30000000000138 563.6619999999962
    vertex 2409.896112843802 212.97500000000142 563.661999999996
  endloop
endfacet
facet normal -3.1755822966855258e-15 -1.2918669543951675e-14 -1.0
  outer loop
    vertex 2409.896112843802 212.97500000000142 563.661999999996
    vertex 2408.553773467936 195.30000000000138 563.6619999999962
    vertex 2409.649788978775 212.65398448916227 563.661999999996
  endloop
endfacet
facet normal -3.1755822966855258e-15 -1.2918669543951675e-14 -1.0
  outer loop
    vertex 2409.649788978775 212.65398448916227 563.661999999996
    vertex 2408.553773467936 195.30000000000138 563.6619999999962
    vertex 2409.328773467936 212.40766062413547 563.661999999996
  endloop
endfacet
facet normal -3.1755822966855258e-15 -1.2918669543951675e-14 -1.0
  outer loop
    vertex 2409.328773467936 212.40766062413547 563.661999999996
    vertex 2408.553773467936 195.30000000000138 563.6619999999962
    vertex 2384.553773467936 198.00000000000156 563.661999999996
  endloop
endfacet
facet normal -3.1755822966855258e-15 -1.2918669543951675e-14 -1.0
  outer loop
    vertex 2409.328773467936 212.40766062413547 563.661999999996
    vertex 2384.553773467936 198.00000000000156 563.661999999996
    vertex 2408.954942987845 212.25281496925328 563.661999999996
  endloop
endfacet
facet normal -3.1755822966855258e-15 -1.2918669543951675e-14 -1.0
  outer loop
    vertex 2408.954942987845 212.25281496925328 563.661999999996
    vertex 2384.553773467936 198.00000000000156 563.661999999996
    vertex 2408.553773467936 212.20000000000138 563.661999999996
  endloop
endfacet
facet normal -3.1755822966855258e-15 -1.2918669543951675e-14 -1.0
  outer loop
    vertex 2408.553773467936 212.20000000000138 563.661999999996
    vertex 2384.553773467936 198.00000000000156 563.661999999996
    vertex 2388.553773467936 212.20000000000115 563.6619999999964
  endloop
endfacet
facet normal -3.1755822966855258e-15 -1.2918669543951675e-14 -1.0
  outer loop
    vertex 2412.053773467936 229.00000000000054 563.6619999999956
    vertex 2410.103773467936 213.75000000000142 563.661999999996
    vertex 2410.0509584986844 214.15116951991035 563.661999999996
  endloop
endfacet
facet normal -3.1755822966855258e-15 -1.2918669543951675e-14 -1.0
  outer loop
    vertex 2412.053773467936 229.00000000000054 563.6619999999956
    vertex 2410.0509584986844 214.15116951991035 563.661999999996
    vertex 2409.896112843802 214.52500000000143 563.661999999996
  endloop
endfacet
facet normal -3.1755822966855258e-15 -1.2918669543951675e-14 -1.0
  outer loop
    vertex 2412.053773467936 229.00000000000054 563.6619999999956
    vertex 2409.896112843802 214.52500000000143 563.661999999996
    vertex 2409.649788978775 214.84601551084057 563.661999999996
  endloop
endfacet
facet normal -3.1755822966855258e-15 -1.2918669543951675e-14 -1.0
  outer loop
    vertex 2412.053773467936 229.00000000000054 563.6619999999956
    vertex 2409.649788978775 214.84601551084057 563.661999999996
    vertex 2409.328773467936 215.09233937586728 563.661999999996
  endloop
endfacet
facet normal -3.1755822966855258e-15 -1.2918669543951675e-14 -1.0
  outer loop
    vertex 2412.053773467936 229.00000000000054 563.6619999999956
    vertex 2409.328773467936 215.09233937586728 563.661999999996
    vertex 2408.954942987845 215.24718503074948 563.661999999996
  endloop
endfacet
facet normal -3.1755822966855258e-15 -1.2918669543951675e-14 -1.0
  outer loop
    vertex 2412.053773467936 229.00000000000054 563.6619999999956
    vertex 2408.954942987845 215.24718503074948 563.661999999996
    vertex 2408.553773467936 215.30000000000138 563.661999999996
  endloop
endfacet
facet normal -3.1755822966855258e-15 -1.2918669543951675e-14 -1.0
  outer loop
    vertex 2412.053773467936 229.00000000000054 563.6619999999956
    vertex 2408.553773467936 215.30000000000138 563.661999999996
    vertex 2384.553773467936 217.00000000000145 563.6619999999956
  endloop
endfacet
facet normal -3.1755822966855258e-15 -1.2918669543951675e-14 -1.0
  outer loop
    vertex 2412.053773467936 229.00000000000054 563.6619999999956
    vertex 2384.553773467936 217.00000000000145 563.6619999999956
    vertex 2374.203773467936 229.0000000000008 563.6619999999957
  endloop
endfacet
facet normal -3.1755822966855258e-15 -1.2918669543951675e-14 -1.0
  outer loop
    vertex 2388.954942987845 212.25281496925297 563.6619999999964
    vertex 2408.553773467936 212.20000000000138 563.661999999996
    vertex 2388.553773467936 212.20000000000115 563.6619999999964
  endloop
endfacet
facet normal -3.1755822966855258e-15 -1.2918669543951675e-14 -1.0
  outer loop
    vertex 2408.553773467936 212.20000000000138 563.661999999996
    vertex 2388.954942987845 212.25281496925297 563.6619999999964
    vertex 2408.1526039480273 212.25281496925328 563.661999999996
  endloop
endfacet
facet normal -3.1755822966855258e-15 -1.2918669543951675e-14 -1.0
  outer loop
    vertex 2408.1526039480273 212.25281496925328 563.661999999996
    vertex 2388.954942987845 212.25281496925297 563.6619999999964
    vertex 2389.328773467936 212.40766062413516 563.6619999999964
  endloop
endfacet
facet normal -3.1755822966855258e-15 -1.2918669543951675e-14 -1.0
  outer loop
    vertex 2408.1526039480273 212.25281496925328 563.661999999996
    vertex 2389.328773467936 212.40766062413516 563.6619999999964
    vertex 2407.7787734679364 212.40766062413547 563.661999999996
  endloop
endfacet
facet normal -3.1755822966855258e-15 -1.2918669543951675e-14 -1.0
  outer loop
    vertex 2407.7787734679364 212.40766062413547 563.661999999996
    vertex 2389.328773467936 212.40766062413516 563.6619999999964
    vertex 2389.649788978775 212.6539844891619 563.6619999999964
  endloop
endfacet
facet normal -3.1755822966855258e-15 -1.2918669543951675e-14 -1.0
  outer loop
    vertex 2407.7787734679364 212.40766062413547 563.661999999996
    vertex 2389.649788978775 212.6539844891619 563.6619999999964
    vertex 2407.457757957097 212.6539844891622 563.661999999996
  endloop
endfacet
facet normal -3.1755822966855258e-15 -1.2918669543951675e-14 -1.0
  outer loop
    vertex 2407.457757957097 212.6539844891622 563.661999999996
    vertex 2389.649788978775 212.6539844891619 563.6619999999964
    vertex 2389.8961128438023 212.97500000000105 563.6619999999964
  endloop
endfacet
facet normal -3.1755822966855258e-15 -1.2918669543951675e-14 -1.0
  outer loop
    vertex 2407.457757957097 212.6539844891622 563.661999999996
    vertex 2389.8961128438023 212.97500000000105 563.6619999999964
    vertex 2407.2114340920702 212.97500000000147 563.661999999996
  endloop
endfacet
facet normal -3.1755822966855258e-15 -1.2918669543951675e-14 -1.0
  outer loop
    vertex 2407.2114340920702 212.97500000000147 563.661999999996
    vertex 2389.8961128438023 212.97500000000105 563.6619999999964
    vertex 2390.050958498684 213.34883048009215 563.6619999999964
  endloop
endfacet
facet normal -3.1755822966855258e-15 -1.2918669543951675e-14 -1.0
  outer loop
    vertex 2407.2114340920702 212.97500000000147 563.661999999996
    vertex 2390.050958498684 213.34883048009215 563.6619999999964
    vertex 2407.056588437188 213.34883048009254 563.661999999996
  endloop
endfacet
facet normal -3.1755822966855258e-15 -1.2918669543951675e-14 -1.0
  outer loop
    vertex 2407.056588437188 213.34883048009254 563.661999999996
    vertex 2390.050958498684 213.34883048009215 563.6619999999964
    vertex 2390.103773467936 213.75000000000105 563.6619999999964
  endloop
endfacet
facet normal -3.1755822966855258e-15 -1.2918669543951675e-14 -1.0
  outer loop
    vertex 2407.056588437188 213.34883048009254 563.661999999996
    vertex 2390.103773467936 213.75000000000105 563.6619999999964
    vertex 2407.003773467936 213.75000000000148 563.661999999996
  endloop
endfacet
facet normal -3.1755822966855258e-15 -1.2918669543951675e-14 -1.0
  outer loop
    vertex 2407.003773467936 213.75000000000148 563.661999999996
    vertex 2390.103773467936 213.75000000000105 563.6619999999964
    vertex 2390.050958498684 214.15116951990998 563.6619999999964
  endloop
endfacet
facet normal -3.1755822966855258e-15 -1.2918669543951675e-14 -1.0
  outer loop
    vertex 2407.003773467936 213.75000000000148 563.661999999996
    vertex 2390.050958498684 214.15116951990998 563.6619999999964
    vertex 2407.056588437188 214.1511695199104 563.661999999996
  endloop
endfacet
facet normal -3.1755822966855258e-15 -1.2918669543951675e-14 -1.0
  outer loop
    vertex 2407.056588437188 214.1511695199104 563.661999999996
    vertex 2390.050958498684 214.15116951990998 563.6619999999964
    vertex 2389.8961128438023 214.52500000000106 563.6619999999964
  endloop
endfacet
facet normal -3.1755822966855258e-15 -1.2918669543951675e-14 -1.0
  outer loop
    vertex 2407.056588437188 214.1511695199104 563.661999999996
    vertex 2389.8961128438023 214.52500000000106 563.6619999999964
    vertex 2407.2114340920702 214.52500000000148 563.661999999996
  endloop
endfacet
facet normal -3.1755822966855258e-15 -1.2918669543951675e-14 -1.0
  outer loop
    vertex 2407.2114340920702 214.52500000000148 563.661999999996
    vertex 2389.8961128438023 214.52500000000106 563.6619999999964
    vertex 2389.6497889787756 214.84601551084023 563.6619999999964
  endloop
endfacet
facet normal -3.1755822966855258e-15 -1.2918669543951675e-14 -1.0
  outer loop
    vertex 2407.2114340920702 214.52500000000148 563.661999999996
    vertex 2389.6497889787756 214.84601551084023 563.6619999999964
    vertex 2407.4577579570973 214.84601551084054 563.661999999996
  endloop
endfacet
facet normal -3.1755822966855258e-15 -1.2918669543951675e-14 -1.0
  outer loop
    vertex 2407.4577579570973 214.84601551084054 563.661999999996
    vertex 2389.6497889787756 214.84601551084023 563.6619999999964
    vertex 2389.328773467936 215.09233937586697 563.6619999999964
  endloop
endfacet
facet normal -3.1755822966855258e-15 -1.2918669543951675e-14 -1.0
  outer loop
    vertex 2407.4577579570973 214.84601551084054 563.661999999996
    vertex 2389.328773467936 215.09233937586697 563.6619999999964
    vertex 2407.7787734679364 215.09233937586728 563.661999999996
  endloop
endfacet
facet normal -3.1755822966855258e-15 -1.2918669543951675e-14 -1.0
  outer loop
    vertex 2407.7787734679364 215.09233937586728 563.661999999996
    vertex 2389.328773467936 215.09233937586697 563.6619999999964
    vertex 2388.9549429878452 215.24718503074914 563.6619999999964
  endloop
endfacet
facet normal -3.1755822966855258e-15 -1.2918669543951675e-14 -1.0
  outer loop
    vertex 2407.7787734679364 215.09233937586728 563.661999999996
    vertex 2388.9549429878452 215.24718503074914 563.6619999999964
    vertex 2408.1526039480273 215.24718503074948 563.6619999999962
  endloop
endfacet
facet normal -3.1755822966855258e-15 -1.2918669543951675e-14 -1.0
  outer loop
    vertex 2408.1526039480273 215.24718503074948 563.6619999999962
    vertex 2388.9549429878452 215.24718503074914 563.6619999999964
    vertex 2388.553773467936 215.30000000000115 563.6619999999964
  endloop
endfacet
facet normal -3.1755822966855258e-15 -1.2918669543951675e-14 -1.0
  outer loop
    vertex 2408.1526039480273 215.24718503074948 563.6619999999962
    vertex 2388.553773467936 215.30000000000115 563.6619999999964
    vertex 2408.553773467936 215.30000000000138 563.661999999996
  endloop
endfacet
facet normal -3.1755822966855258e-15 -1.2918669543951675e-14 -1.0
  outer loop
    vertex 2388.954942987845 192.252814969253 563.6619999999962
    vertex 2408.553773467936 192.20000000000135 563.6619999999962
    vertex 2388.553773467936 192.20000000000107 563.6619999999962
  endloop
endfacet
facet normal -3.1755822966855258e-15 -1.2918669543951675e-14 -1.0
  outer loop
    vertex 2408.553773467936 192.20000000000135 563.6619999999962
    vertex 2388.954942987845 192.252814969253 563.6619999999962
    vertex 2408.1526039480273 192.25281496925336 563.6619999999962
  endloop
endfacet
facet normal -3.1755822966855258e-15 -1.2918669543951675e-14 -1.0
  outer loop
    vertex 2408.1526039480273 192.25281496925336 563.6619999999962
    vertex 2388.954942987845 192.252814969253 563.6619999999962
    vertex 2389.328773467936 192.4076606241352 563.6619999999962
  endloop
endfacet
facet normal -3.1755822966855258e-15 -1.2918669543951675e-14 -1.0
  outer loop
    vertex 2408.1526039480273 192.25281496925336 563.6619999999962
    vertex 2389.328773467936 192.4076606241352 563.6619999999962
    vertex 2407.778773467936 192.40766062413553 563.6619999999962
  endloop
endfacet
facet normal -3.1755822966855258e-15 -1.2918669543951675e-14 -1.0
  outer loop
    vertex 2407.778773467936 192.40766062413553 563.6619999999962
    vertex 2389.328773467936 192.4076606241352 563.6619999999962
    vertex 2389.649788978775 192.65398448916196 563.6619999999962
  endloop
endfacet
facet normal -3.1755822966855258e-15 -1.2918669543951675e-14 -1.0
  outer loop
    vertex 2407.778773467936 192.40766062413553 563.6619999999962
    vertex 2389.649788978775 192.65398448916196 563.6619999999962
    vertex 2407.457757957097 192.65398448916224 563.6619999999962
  endloop
endfacet
facet normal -3.1755822966855258e-15 -1.2918669543951675e-14 -1.0
  outer loop
    vertex 2407.457757957097 192.65398448916224 563.6619999999962
    vertex 2389.649788978775 192.65398448916196 563.6619999999962
    vertex 2389.896112843802 192.97500000000113 563.6619999999962
  endloop
endfacet
facet normal -3.1755822966855258e-15 -1.2918669543951675e-14 -1.0
  outer loop
    vertex 2407.457757957097 192.65398448916224 563.6619999999962
    vertex 2389.896112843802 192.97500000000113 563.6619999999962
    vertex 2407.2114340920702 192.9750000000014 563.6619999999962
  endloop
endfacet
facet normal -3.1755822966855258e-15 -1.2918669543951675e-14 -1.0
  outer loop
    vertex 2407.2114340920702 192.9750000000014 563.6619999999962
    vertex 2389.896112843802 192.97500000000113 563.6619999999962
    vertex 2390.050958498684 193.34883048009212 563.6619999999962
  endloop
endfacet
facet normal -3.1755822966855258e-15 -1.2918669543951675e-14 -1.0
  outer loop
    vertex 2407.2114340920702 192.9750000000014 563.6619999999962
    vertex 2390.050958498684 193.34883048009212 563.6619999999962
    vertex 2407.0565884371877 193.34883048009246 563.6619999999962
  endloop
endfacet
facet normal -3.1755822966855258e-15 -1.2918669543951675e-14 -1.0
  outer loop
    vertex 2407.0565884371877 193.34883048009246 563.6619999999962
    vertex 2390.050958498684 193.34883048009212 563.6619999999962
    vertex 2390.1037734679358 193.75000000000105 563.6619999999962
  endloop
endfacet
facet normal -3.1755822966855258e-15 -1.2918669543951675e-14 -1.0
  outer loop
    vertex 2407.0565884371877 193.34883048009246 563.6619999999962
    vertex 2390.1037734679358 193.75000000000105 563.6619999999962
    vertex 2407.003773467936 193.7500000000014 563.6619999999962
  endloop
endfacet
facet normal -3.1755822966855258e-15 -1.2918669543951675e-14 -1.0
  outer loop
    vertex 2407.003773467936 193.7500000000014 563.6619999999962
    vertex 2390.1037734679358 193.75000000000105 563.6619999999962
    vertex 2390.050958498684 194.15116951990998 563.6619999999962
  endloop
endfacet
facet normal -3.1755822966855258e-15 -1.2918669543951675e-14 -1.0
  outer loop
    vertex 2407.003773467936 193.7500000000014 563.6619999999962
    vertex 2390.050958498684 194.15116951990998 563.6619999999962
    vertex 2407.0565884371877 194.15116951991033 563.6619999999962
  endloop
endfacet
facet normal -3.1755822966855258e-15 -1.2918669543951675e-14 -1.0
  outer loop
    vertex 2407.0565884371877 194.15116951991033 563.6619999999962
    vertex 2390.050958498684 194.15116951990998 563.6619999999962
    vertex 2389.896112843802 194.52500000000106 563.6619999999962
  endloop
endfacet
facet normal -3.1755822966855258e-15 -1.2918669543951675e-14 -1.0
  outer loop
    vertex 2407.0565884371877 194.15116951991033 563.6619999999962
    vertex 2389.896112843802 194.52500000000106 563.6619999999962
    vertex 2407.2114340920702 194.5250000000014 563.6619999999962
  endloop
endfacet
facet normal -3.1755822966855258e-15 -1.2918669543951675e-14 -1.0
  outer loop
    vertex 2407.2114340920702 194.5250000000014 563.6619999999962
    vertex 2389.896112843802 194.52500000000106 563.6619999999962
    vertex 2389.649788978775 194.8460155108403 563.6619999999962
  endloop
endfacet
facet normal -3.1755822966855258e-15 -1.2918669543951675e-14 -1.0
  outer loop
    vertex 2407.2114340920702 194.5250000000014 563.6619999999962
    vertex 2389.649788978775 194.8460155108403 563.6619999999962
    vertex 2407.457757957097 194.84601551084054 563.6619999999962
  endloop
endfacet
facet normal -3.1755822966855258e-15 -1.2918669543951675e-14 -1.0
  outer loop
    vertex 2407.457757957097 194.84601551084054 563.6619999999962
    vertex 2389.649788978775 194.8460155108403 563.6619999999962
    vertex 2389.328773467936 195.09233937586697 563.6619999999964
  endloop
endfacet
facet normal -3.1755822966855258e-15 -1.2918669543951675e-14 -1.0
  outer loop
    vertex 2407.457757957097 194.84601551084054 563.6619999999962
    vertex 2389.328773467936 195.09233937586697 563.6619999999964
    vertex 2407.778773467936 195.09233937586734 563.6619999999962
  endloop
endfacet
facet normal -3.1755822966855258e-15 -1.2918669543951675e-14 -1.0
  outer loop
    vertex 2407.778773467936 195.09233937586734 563.6619999999962
    vertex 2389.328773467936 195.09233937586697 563.6619999999964
    vertex 2388.954942987845 195.24718503074916 563.6619999999964
  endloop
endfacet
facet normal -3.1755822966855258e-15 -1.2918669543951675e-14 -1.0
  outer loop
    vertex 2407.778773467936 195.09233937586734 563.6619999999962
    vertex 2388.954942987845 195.24718503074916 563.6619999999964
    vertex 2408.1526039480273 195.24718503074953 563.6619999999962
  endloop
endfacet
facet normal -3.1755822966855258e-15 -1.2918669543951675e-14 -1.0
  outer loop
    vertex 2408.1526039480273 195.24718503074953 563.6619999999962
    vertex 2388.954942987845 195.24718503074916 563.6619999999964
    vertex 2388.553773467936 195.3000000000011 563.6619999999964
  endloop
endfacet
facet normal -3.1755822966855258e-15 -1.2918669543951675e-14 -1.0
  outer loop
    vertex 2408.1526039480273 195.24718503074953 563.6619999999962
    vertex 2388.553773467936 195.3000000000011 563.6619999999964
    vertex 2408.553773467936 195.30000000000138 563.6619999999962
  endloop
endfacet
facet normal 1.3657144554322485e-14 5.960427664269643e-15 -1.0
  outer loop
    vertex 2374.8787734679363 198.0000000000017 563.6619999999963
    vertex 2374.8787734679363 181.25000000000057 563.6619999999962
    vertex 2373.203773467936 198.00000000000173 563.6619999999963
  endloop
endfacet
facet normal 1.3657144554322485e-14 5.960427664269643e-15 -1.0
  outer loop
    vertex 2358.8537734679358 181.2500000000008 563.661999999996
    vertex 2362.853773467936 212.00000000000134 563.661999999997
    vertex 2374.8787734679363 181.25000000000057 563.6619999999962
  endloop
endfacet
facet normal 1.3657144554322485e-14 5.960427664269643e-15 -1.0
  outer loop
    vertex 2362.853773467936 212.00000000000134 563.661999999997
    vertex 2358.8537734679358 181.2500000000008 563.661999999996
    vertex 2358.8537734679367 229.00000000000108 563.6619999999962
  endloop
endfacet
facet normal 1.3657144554322485e-14 5.960427664269643e-15 -1.0
  outer loop
    vertex 2374.8787734679363 181.25000000000057 563.6619999999962
    vertex 2362.853773467936 212.00000000000134 563.661999999997
    vertex 2373.203773467936 198.00000000000173 563.6619999999963
  endloop
endfacet
facet normal 1.3657144554322485e-14 5.960427664269643e-15 -1.0
  outer loop
    vertex 2362.853773467936 212.00000000000134 563.661999999997
    vertex 2358.8537734679367 229.00000000000108 563.6619999999962
    vertex 2362.8537734679367 229.0000000000011 563.6619999999962
  endloop
endfacet
facet normal 1.3657144554322485e-14 5.960427664269643e-15 -1.0
  outer loop
    vertex 2373.203773467936 212.00000000000128 563.6619999999965
    vertex 2373.203773467936 198.00000000000173 563.6619999999963
    vertex 2362.853773467936 212.00000000000134 563.661999999997
  endloop
endfacet
facet normal -1.4221956945448106e-14 7.784563955938401e-16 -1.0
  outer loop
    vertex 2374.8787734679363 198.0000000000017 565.6619999999962
    vertex 2382.8787734679363 181.25000000000054 565.661999999996
    vertex 2374.8787734679363 181.25000000000057 565.661999999996
  endloop
endfacet
facet normal -1.4221956945448106e-14 7.784563955938401e-16 -1.0
  outer loop
    vertex 2382.8787734679363 181.25000000000054 565.661999999996
    vertex 2374.8787734679363 198.0000000000017 565.6619999999962
    vertex 2382.8787734679363 198.00000000000168 565.6619999999959
  endloop
endfacet
facet normal 1.0 -9.321219317500194e-15 -1.4221956945448113e-14
  outer loop
    vertex 2374.8787734679363 181.25000000000057 563.6619999999962
    vertex 2374.8787734679363 198.0000000000017 565.6619999999962
    vertex 2374.8787734679363 181.25000000000057 565.661999999996
  endloop
endfacet
facet normal 1.0 -9.321219317500194e-15 -1.4221956945448113e-14
  outer loop
    vertex 2374.8787734679363 198.0000000000017 565.6619999999962
    vertex 2374.8787734679363 181.25000000000057 563.6619999999962
    vertex 2374.8787734679363 198.0000000000017 563.6619999999963
  endloop
endfacet
facet normal -1.0 9.321219317500314e-15 1.4221956945448113e-14
  outer loop
    vertex 2382.8787734679363 198.00000000000168 565.6619999999959
    vertex 2382.8787734679363 181.25000000000054 563.6619999999962
    vertex 2382.8787734679363 181.25000000000054 565.661999999996
  endloop
endfacet
facet normal -1.0 9.321219317500314e-15 1.4221956945448113e-14
  outer loop
    vertex 2382.8787734679363 181.25000000000054 563.6619999999962
    vertex 2382.8787734679363 198.00000000000168 565.6619999999959
    vertex 2382.8787734679363 198.00000000000168 563.661999999996
  endloop
endfacet
facet normal -5.3871820706015764e-14 -0.8191520442889334 -0.5735764363511295
  outer loop
    vertex 2374.203773467936 227.5751134743169 575.3433351057313
    vertex 2362.8537734679367 227.27742220963086 575.7684822920176
    vertex 2362.8537734679367 227.575113474317 575.3433351057314
  endloop
endfacet
facet normal -5.3871820706015764e-14 -0.8191520442889334 -0.5735764363511295
  outer loop
    vertex 2362.8537734679367 227.27742220963086 575.7684822920176
    vertex 2374.203773467936 227.5751134743169 575.3433351057313
    vertex 2374.203773467936 227.27742220963077 575.7684822920172
  endloop
endfacet
facet normal -2.942091015256574e-15 6.165855048819198e-15 -1.0
  outer loop
    vertex 2362.8537734679367 229.00000000000117 575.3433351057314
    vertex 2374.203773467936 227.5751134743169 575.3433351057313
    vertex 2362.8537734679367 227.575113474317 575.3433351057314
  endloop
endfacet
facet normal -2.942091015256574e-15 6.165855048819198e-15 -1.0
  outer loop
    vertex 2374.203773467936 227.5751134743169 575.3433351057313
    vertex 2362.8537734679367 229.00000000000117 575.3433351057314
    vertex 2374.203773467936 229.00000000000102 575.3433351057313
  endloop
endfacet
facet normal -1.2476840584834684e-14 -0.7071067811865375 -0.7071067811865577
  outer loop
    vertex 2362.8537734679367 226.2500000000011 576.795904501647
    vertex 2374.203773467936 226.10648229202263 576.9394222096254
    vertex 2362.8537734679367 226.10648229202272 576.9394222096256
  endloop
endfacet
facet normal -1.2476840584834684e-14 -0.7071067811865375 -0.7071067811865577
  outer loop
    vertex 2374.203773467936 226.10648229202263 576.9394222096254
    vertex 2362.8537734679367 226.2500000000011 576.795904501647
    vertex 2374.203773467936 226.25000000000102 576.795904501647
  endloop
endfacet
facet normal -1.2476840584834684e-14 -0.7071067811865375 -0.7071067811865577
  outer loop
    vertex 2374.203773467936 226.25000000000102 576.795904501647
    vertex 2362.8537734679367 226.2500000000011 576.795904501647
    vertex 2362.8537734679367 227.27742220963086 575.7684822920176
  endloop
endfacet
facet normal -1.2476840584834684e-14 -0.7071067811865375 -0.7071067811865577
  outer loop
    vertex 2374.203773467936 226.25000000000102 576.795904501647
    vertex 2362.8537734679367 227.27742220963086 575.7684822920176
    vertex 2374.203773467936 227.27742220963077 575.7684822920172
  endloop
endfacet
facet normal -1.4396227111028248e-14 -0.9961946980917501 0.08715574274760697
  outer loop
    vertex 2363.3537734679367 222.5112597701818 569.2191971469443
    vertex 2361.8537734679367 222.55000000000072 569.6619999999954
    vertex 2361.8537734679367 222.51125977018188 569.2191971469446
  endloop
endfacet
facet normal -1.4396227111028248e-14 -0.9961946980917501 0.08715574274760697
  outer loop
    vertex 2361.8537734679367 222.55000000000072 569.6619999999954
    vertex 2363.3537734679367 222.5112597701818 569.2191971469443
    vertex 2363.3537734679367 222.55000000000064 569.661999999995
  endloop
endfacet
facet normal -1.490906736635978e-14 -0.996194698091749 -0.08715574274761927
  outer loop
    vertex 2363.3537734679367 222.55000000000064 569.661999999995
    vertex 2361.8537734679367 222.51125977018182 570.1048028530461
    vertex 2361.8537734679367 222.55000000000072 569.6619999999954
  endloop
endfacet
facet normal -1.490906736635978e-14 -0.996194698091749 -0.08715574274761927
  outer loop
    vertex 2361.8537734679367 222.51125977018182 570.1048028530461
    vertex 2363.3537734679367 222.55000000000064 569.661999999995
    vertex 2363.3537734679367 222.5112597701818 570.1048028530458
  endloop
endfacet
facet normal -1.496890315411682e-14 -0.9659258262890411 -0.25881904510262205
  outer loop
    vertex 2363.3537734679367 222.5112597701818 570.1048028530458
    vertex 2361.8537734679367 222.39621618300475 570.5341513654755
    vertex 2361.8537734679367 222.51125977018182 570.1048028530461
  endloop
endfacet
facet normal -1.496890315411682e-14 -0.9659258262890411 -0.25881904510262205
  outer loop
    vertex 2361.8537734679367 222.39621618300475 570.5341513654755
    vertex 2363.3537734679367 222.5112597701818 570.1048028530458
    vertex 2363.3537734679367 222.3962161830047 570.5341513654755
  endloop
endfacet
facet normal -1.4573916394167027e-14 -0.9063077870366966 -0.42261826174059947
  outer loop
    vertex 2363.3537734679367 222.3962161830047 570.5341513654755
    vertex 2361.8537734679367 222.20836477965096 570.9369999999951
    vertex 2361.8537734679367 222.39621618300475 570.5341513654755
  endloop
endfacet
facet normal -1.4573916394167027e-14 -0.9063077870366966 -0.42261826174059947
  outer loop
    vertex 2361.8537734679367 222.20836477965096 570.9369999999951
    vertex 2363.3537734679367 222.3962161830047 570.5341513654755
    vertex 2363.3537734679367 222.20836477965096 570.9369999999951
  endloop
endfacet
facet normal -1.3736108559336074e-14 -0.8191520442888911 -0.57357643635119
  outer loop
    vertex 2363.3537734679367 222.20836477965096 570.9369999999951
    vertex 2361.8537734679367 221.95341332995406 571.3011084046957
    vertex 2361.8537734679367 222.20836477965096 570.9369999999951
  endloop
endfacet
facet normal -1.3736108559336074e-14 -0.8191520442888911 -0.57357643635119
  outer loop
    vertex 2361.8537734679367 221.95341332995406 571.3011084046957
    vertex 2363.3537734679367 222.20836477965096 570.9369999999951
    vertex 2363.3537734679367 221.95341332995406 571.3011084046957
  endloop
endfacet
facet normal -1.2480936016738429e-14 -0.7071067811865432 -0.7071067811865519
  outer loop
    vertex 2361.8537734679367 221.95341332995406 571.3011084046957
    vertex 2363.3537734679367 221.63910840470135 571.6154133299484
    vertex 2361.8537734679367 221.63910840470135 571.6154133299484
  endloop
endfacet
facet normal -1.2480936016738429e-14 -0.7071067811865432 -0.7071067811865519
  outer loop
    vertex 2363.3537734679367 221.63910840470135 571.6154133299484
    vertex 2361.8537734679367 221.95341332995406 571.3011084046957
    vertex 2363.3537734679367 221.95341332995406 571.3011084046957
  endloop
endfacet
facet normal -1.0846536548929476e-14 -0.5735764363510371 -0.8191520442889983
  outer loop
    vertex 2361.8537734679367 221.63910840470135 571.6154133299484
    vertex 2363.3537734679367 221.27500000000066 571.8703647796453
    vertex 2361.8537734679367 221.27500000000066 571.8703647796453
  endloop
endfacet
facet normal -1.0846536548929476e-14 -0.5735764363510371 -0.8191520442889983
  outer loop
    vertex 2363.3537734679367 221.27500000000066 571.8703647796453
    vertex 2361.8537734679367 221.63910840470135 571.6154133299484
    vertex 2363.3537734679367 221.63910840470135 571.6154133299484
  endloop
endfacet
facet normal -8.882570556695063e-15 -0.422618261740794 -0.906307787036606
  outer loop
    vertex 2361.8537734679367 221.27500000000066 571.8703647796453
    vertex 2363.3537734679367 220.87215136548107 572.0582161829991
    vertex 2361.8537734679367 220.87215136548107 572.0582161829991
  endloop
endfacet
facet normal -8.882570556695063e-15 -0.422618261740794 -0.906307787036606
  outer loop
    vertex 2363.3537734679367 220.87215136548107 572.0582161829991
    vertex 2361.8537734679367 221.27500000000066 571.8703647796453
    vertex 2363.3537734679367 221.27500000000066 571.8703647796453
  endloop
endfacet
facet normal -6.648712152888703e-15 -0.25881904510239545 -0.9659258262891021
  outer loop
    vertex 2361.8537734679367 220.87215136548107 572.0582161829991
    vertex 2363.3537734679367 220.44280285305132 572.1732597701762
    vertex 2361.8537734679367 220.44280285305132 572.1732597701762
  endloop
endfacet
facet normal -6.648712152888703e-15 -0.25881904510239545 -0.9659258262891021
  outer loop
    vertex 2363.3537734679367 220.44280285305132 572.1732597701762
    vertex 2361.8537734679367 220.87215136548107 572.0582161829991
    vertex 2363.3537734679367 220.87215136548107 572.0582161829991
  endloop
endfacet
facet normal -4.212835994733048e-15 -0.08715574274771652 -0.9961946980917405
  outer loop
    vertex 2361.8537734679367 220.44280285305132 572.1732597701762
    vertex 2363.3537734679367 220.00000000000063 572.2119999999951
    vertex 2361.8537734679367 220.00000000000063 572.2119999999951
  endloop
endfacet
facet normal -4.212835994733048e-15 -0.08715574274771652 -0.9961946980917405
  outer loop
    vertex 2363.3537734679367 220.00000000000063 572.2119999999951
    vertex 2361.8537734679367 220.44280285305132 572.1732597701762
    vertex 2363.3537734679367 220.44280285305132 572.1732597701762
  endloop
endfacet
facet normal -1.6489549466708401e-15 0.08715574274772882 -0.9961946980917394
  outer loop
    vertex 2361.8537734679367 220.00000000000063 572.2119999999951
    vertex 2363.3537734679367 219.55719714694993 572.1732597701762
    vertex 2361.8537734679367 219.55719714694993 572.1732597701762
  endloop
endfacet
facet normal -1.6489549466708401e-15 0.08715574274772882 -0.9961946980917394
  outer loop
    vertex 2363.3537734679367 219.55719714694993 572.1732597701762
    vertex 2361.8537734679367 220.00000000000063 572.2119999999951
    vertex 2363.3537734679367 220.00000000000063 572.2119999999951
  endloop
endfacet
facet normal 9.650287630298128e-16 0.2588190451024073 -0.9659258262890987
  outer loop
    vertex 2361.8537734679367 219.55719714694993 572.1732597701762
    vertex 2363.3537734679367 219.12784863452018 572.0582161829991
    vertex 2361.8537734679367 219.12784863452018 572.0582161829991
  endloop
endfacet
facet normal 9.650287630298128e-16 0.2588190451024073 -0.9659258262890987
  outer loop
    vertex 2363.3537734679367 219.12784863452018 572.0582161829991
    vertex 2361.8537734679367 219.55719714694993 572.1732597701762
    vertex 2363.3537734679367 219.55719714694993 572.1732597701762
  endloop
endfacet
facet normal 3.549690562100142e-15 0.4226182617408051 -0.9063077870366006
  outer loop
    vertex 2361.8537734679367 219.12784863452018 572.0582161829991
    vertex 2363.3537734679367 218.72500000000062 571.8703647796453
    vertex 2361.8537734679367 218.72500000000062 571.8703647796453
  endloop
endfacet
facet normal 3.549690562100142e-15 0.4226182617408051 -0.9063077870366006
  outer loop
    vertex 2363.3537734679367 218.72500000000062 571.8703647796453
    vertex 2361.8537734679367 219.12784863452018 572.0582161829991
    vertex 2363.3537734679367 219.12784863452018 572.0582161829991
  endloop
endfacet
facet normal 6.026496809666062e-15 0.573576436351047 -0.8191520442889912
  outer loop
    vertex 2361.8537734679367 218.72500000000062 571.8703647796453
    vertex 2363.3537734679367 218.36089159529993 571.6154133299484
    vertex 2361.8537734679367 218.36089159529993 571.6154133299484
  endloop
endfacet
facet normal 6.026496809666062e-15 0.573576436351047 -0.8191520442889912
  outer loop
    vertex 2363.3537734679367 218.36089159529993 571.6154133299484
    vertex 2361.8537734679367 218.72500000000062 571.8703647796453
    vertex 2363.3537734679367 218.72500000000062 571.8703647796453
  endloop
endfacet
facet normal 8.320191001226552e-15 0.7071067811865519 -0.7071067811865432
  outer loop
    vertex 2361.8537734679367 218.36089159529993 571.6154133299484
    vertex 2363.3537734679367 218.04658667004722 571.3011084046957
    vertex 2361.8537734679367 218.04658667004722 571.3011084046957
  endloop
endfacet
facet normal 8.320191001226552e-15 0.7071067811865519 -0.7071067811865432
  outer loop
    vertex 2363.3537734679367 218.04658667004722 571.3011084046957
    vertex 2361.8537734679367 218.36089159529993 571.6154133299484
    vertex 2363.3537734679367 218.36089159529993 571.6154133299484
  endloop
endfacet
facet normal 1.0361080399432663e-14 0.819152044288898 -0.5735764363511799
  outer loop
    vertex 2363.3537734679367 218.04658667004722 571.3011084046957
    vertex 2361.8537734679367 217.7916352203503 570.9369999999951
    vertex 2361.8537734679367 218.04658667004722 571.3011084046957
  endloop
endfacet
facet normal 1.0361080399432663e-14 0.819152044288898 -0.5735764363511799
  outer loop
    vertex 2361.8537734679367 217.7916352203503 570.9369999999951
    vertex 2363.3537734679367 218.04658667004722 571.3011084046957
    vertex 2363.3537734679367 217.7916352203503 570.9369999999951
  endloop
endfacet
facet normal 1.2087153612666325e-14 0.9063077870367019 -0.42261826174058836
  outer loop
    vertex 2363.3537734679367 217.7916352203503 570.9369999999951
    vertex 2361.8537734679367 217.6037838169966 570.5341513654755
    vertex 2361.8537734679367 217.7916352203503 570.9369999999951
  endloop
endfacet
facet normal 1.2087153612666325e-14 0.9063077870367019 -0.42261826174058836
  outer loop
    vertex 2361.8537734679367 217.6037838169966 570.5341513654755
    vertex 2363.3537734679367 217.7916352203503 570.9369999999951
    vertex 2363.353773467936 217.60378381699658 570.5341513654755
  endloop
endfacet
facet normal 1.344596477976944e-14 0.9659258262890444 -0.2588190451026102
  outer loop
    vertex 2363.353773467936 217.60378381699658 570.5341513654755
    vertex 2361.8537734679367 217.48874022981954 570.1048028530458
    vertex 2361.8537734679367 217.6037838169966 570.5341513654755
  endloop
endfacet
facet normal 1.344596477976944e-14 0.9659258262890444 -0.2588190451026102
  outer loop
    vertex 2361.8537734679367 217.48874022981954 570.1048028530458
    vertex 2363.353773467936 217.60378381699658 570.5341513654755
    vertex 2363.353773467936 217.48874022981948 570.1048028530458
  endloop
endfacet
facet normal 1.4396227111028248e-14 0.9961946980917501 -0.08715574274760697
  outer loop
    vertex 2363.353773467936 217.48874022981948 570.1048028530458
    vertex 2361.8537734679367 217.45000000000073 569.661999999995
    vertex 2361.8537734679367 217.48874022981954 570.1048028530458
  endloop
endfacet
facet normal 1.4396227111028248e-14 0.9961946980917501 -0.08715574274760697
  outer loop
    vertex 2361.8537734679367 217.45000000000073 569.661999999995
    vertex 2363.353773467936 217.48874022981948 570.1048028530458
    vertex 2363.353773467936 217.4500000000006 569.661999999995
  endloop
endfacet
facet normal 1.490906736635978e-14 0.996194698091749 0.08715574274761927
  outer loop
    vertex 2363.353773467936 217.4500000000006 569.661999999995
    vertex 2361.8537734679367 217.48874022981957 569.2191971469443
    vertex 2361.8537734679367 217.45000000000073 569.661999999995
  endloop
endfacet
facet normal 1.490906736635978e-14 0.996194698091749 0.08715574274761927
  outer loop
    vertex 2361.8537734679367 217.48874022981957 569.2191971469443
    vertex 2363.353773467936 217.4500000000006 569.661999999995
    vertex 2363.353773467936 217.48874022981948 569.2191971469443
  endloop
endfacet
facet normal 1.496890315411682e-14 0.9659258262890411 0.25881904510262205
  outer loop
    vertex 2363.353773467936 217.48874022981948 569.2191971469443
    vertex 2361.8537734679367 217.60378381699667 568.7898486345147
    vertex 2361.8537734679367 217.48874022981957 569.2191971469443
  endloop
endfacet
facet normal 1.496890315411682e-14 0.9659258262890411 0.25881904510262205
  outer loop
    vertex 2361.8537734679367 217.60378381699667 568.7898486345147
    vertex 2363.353773467936 217.48874022981948 569.2191971469443
    vertex 2363.353773467936 217.60378381699658 568.7898486345147
  endloop
endfacet
facet normal 1.4573916394167027e-14 0.9063077870366966 0.42261826174059947
  outer loop
    vertex 2363.353773467936 217.60378381699658 568.7898486345147
    vertex 2361.8537734679367 217.7916352203504 568.386999999995
    vertex 2361.8537734679367 217.60378381699667 568.7898486345147
  endloop
endfacet
facet normal 1.4573916394167027e-14 0.9063077870366966 0.42261826174059947
  outer loop
    vertex 2361.8537734679367 217.7916352203504 568.386999999995
    vertex 2363.353773467936 217.60378381699658 568.7898486345147
    vertex 2363.353773467936 217.7916352203503 568.386999999995
  endloop
endfacet
facet normal 1.3736108559336074e-14 0.8191520442888911 0.57357643635119
  outer loop
    vertex 2363.353773467936 217.7916352203503 568.386999999995
    vertex 2361.8537734679367 218.0465866700473 568.0228915952945
    vertex 2361.8537734679367 217.7916352203504 568.386999999995
  endloop
endfacet
facet normal 1.3736108559336074e-14 0.8191520442888911 0.57357643635119
  outer loop
    vertex 2361.8537734679367 218.0465866700473 568.0228915952945
    vertex 2363.353773467936 217.7916352203503 568.386999999995
    vertex 2363.353773467936 218.04658667004722 568.0228915952945
  endloop
endfacet
facet normal 1.2480936016738429e-14 0.7071067811865432 0.7071067811865519
  outer loop
    vertex 2363.3537734679367 218.36089159529993 567.7085866700418
    vertex 2361.8537734679367 218.0465866700473 568.0228915952945
    vertex 2363.353773467936 218.04658667004722 568.0228915952945
  endloop
endfacet
facet normal 1.2480936016738429e-14 0.7071067811865432 0.7071067811865519
  outer loop
    vertex 2361.8537734679367 218.0465866700473 568.0228915952945
    vertex 2363.3537734679367 218.36089159529993 567.7085866700418
    vertex 2361.8537734679367 218.36089159530002 567.7085866700418
  endloop
endfacet
facet normal 1.0846536548928867e-14 0.5735764363509892 0.8191520442890317
  outer loop
    vertex 2363.3537734679367 218.72500000000065 567.4536352203448
    vertex 2361.8537734679367 218.36089159530002 567.7085866700418
    vertex 2363.3537734679367 218.36089159529993 567.7085866700418
  endloop
endfacet
facet normal 1.0846536548928867e-14 0.5735764363509892 0.8191520442890317
  outer loop
    vertex 2361.8537734679367 218.36089159530002 567.7085866700418
    vertex 2363.3537734679367 218.72500000000065 567.4536352203448
    vertex 2361.8537734679367 218.72500000000073 567.4536352203448
  endloop
endfacet
facet normal 8.882570556695579e-15 0.4226182617408329 0.9063077870365879
  outer loop
    vertex 2363.3537734679367 219.12784863452018 567.2657838169911
    vertex 2361.8537734679367 218.72500000000073 567.4536352203448
    vertex 2363.3537734679367 218.72500000000065 567.4536352203448
  endloop
endfacet
facet normal 8.882570556695579e-15 0.4226182617408329 0.9063077870365879
  outer loop
    vertex 2361.8537734679367 218.72500000000073 567.4536352203448
    vertex 2363.3537734679367 219.12784863452018 567.2657838169911
    vertex 2361.8537734679367 219.12784863452026 567.2657838169911
  endloop
endfacet
facet normal 6.648712152888703e-15 0.25881904510239545 0.9659258262891021
  outer loop
    vertex 2363.3537734679367 219.55719714694993 567.150740229814
    vertex 2361.8537734679367 219.12784863452026 567.2657838169911
    vertex 2363.3537734679367 219.12784863452018 567.2657838169911
  endloop
endfacet
facet normal 6.648712152888703e-15 0.25881904510239545 0.9659258262891021
  outer loop
    vertex 2361.8537734679367 219.12784863452026 567.2657838169911
    vertex 2363.3537734679367 219.55719714694993 567.150740229814
    vertex 2361.8537734679367 219.55719714695002 567.150740229814
  endloop
endfacet
facet normal 4.212835994733048e-15 0.08715574274771652 0.9961946980917405
  outer loop
    vertex 2363.3537734679367 220.0000000000006 567.1119999999951
    vertex 2361.8537734679367 219.55719714695002 567.150740229814
    vertex 2363.3537734679367 219.55719714694993 567.150740229814
  endloop
endfacet
facet normal 4.212835994733048e-15 0.08715574274771652 0.9961946980917405
  outer loop
    vertex 2361.8537734679367 219.55719714695002 567.150740229814
    vertex 2363.3537734679367 220.0000000000006 567.1119999999951
    vertex 2361.8537734679367 220.00000000000068 567.1119999999951
  endloop
endfacet
facet normal 1.6489549466708401e-15 -0.08715574274772882 0.9961946980917394
  outer loop
    vertex 2363.3537734679367 220.44280285305132 567.150740229814
    vertex 2361.8537734679367 220.00000000000068 567.1119999999951
    vertex 2363.3537734679367 220.0000000000006 567.1119999999951
  endloop
endfacet
facet normal 1.6489549466708401e-15 -0.08715574274772882 0.9961946980917394
  outer loop
    vertex 2361.8537734679367 220.00000000000068 567.1119999999951
    vertex 2363.3537734679367 220.44280285305132 567.150740229814
    vertex 2361.8537734679367 220.44280285305143 567.150740229814
  endloop
endfacet
facet normal -9.650287630298128e-16 -0.2588190451024073 0.9659258262890987
  outer loop
    vertex 2363.3537734679367 220.87215136548107 567.2657838169911
    vertex 2361.8537734679367 220.44280285305143 567.150740229814
    vertex 2363.3537734679367 220.44280285305132 567.150740229814
  endloop
endfacet
facet normal -9.650287630298128e-16 -0.2588190451024073 0.9659258262890987
  outer loop
    vertex 2361.8537734679367 220.44280285305143 567.150740229814
    vertex 2363.3537734679367 220.87215136548107 567.2657838169911
    vertex 2361.8537734679367 220.8721513654812 567.2657838169911
  endloop
endfacet
facet normal -3.549690562100142e-15 -0.4226182617408051 0.9063077870366006
  outer loop
    vertex 2363.3537734679367 221.27500000000066 567.4536352203448
    vertex 2361.8537734679367 220.8721513654812 567.2657838169911
    vertex 2363.3537734679367 220.87215136548107 567.2657838169911
  endloop
endfacet
facet normal -3.549690562100142e-15 -0.4226182617408051 0.9063077870366006
  outer loop
    vertex 2361.8537734679367 220.8721513654812 567.2657838169911
    vertex 2363.3537734679367 221.27500000000066 567.4536352203448
    vertex 2361.8537734679367 221.27500000000074 567.4536352203448
  endloop
endfacet
facet normal -6.026496809666062e-15 -0.573576436351047 0.8191520442889912
  outer loop
    vertex 2363.3537734679367 221.63910840470135 567.7085866700418
    vertex 2361.8537734679367 221.27500000000074 567.4536352203448
    vertex 2363.3537734679367 221.27500000000066 567.4536352203448
  endloop
endfacet
facet normal -6.026496809666062e-15 -0.573576436351047 0.8191520442889912
  outer loop
    vertex 2361.8537734679367 221.27500000000074 567.4536352203448
    vertex 2363.3537734679367 221.63910840470135 567.7085866700418
    vertex 2361.8537734679367 221.63910840470143 567.7085866700418
  endloop
endfacet
facet normal -8.320191001226552e-15 -0.7071067811865519 0.7071067811865432
  outer loop
    vertex 2363.3537734679367 221.95341332995406 568.0228915952945
    vertex 2361.8537734679367 221.63910840470143 567.7085866700418
    vertex 2363.3537734679367 221.63910840470135 567.7085866700418
  endloop
endfacet
facet normal -8.320191001226552e-15 -0.7071067811865519 0.7071067811865432
  outer loop
    vertex 2361.8537734679367 221.63910840470143 567.7085866700418
    vertex 2363.3537734679367 221.95341332995406 568.0228915952945
    vertex 2361.8537734679367 221.95341332995415 568.0228915952945
  endloop
endfacet
facet normal -1.0361080399432663e-14 -0.819152044288898 0.5735764363511799
  outer loop
    vertex 2363.3537734679367 221.95341332995406 568.0228915952945
    vertex 2361.8537734679367 222.20836477965105 568.386999999995
    vertex 2361.8537734679367 221.95341332995415 568.0228915952945
  endloop
endfacet
facet normal -1.0361080399432663e-14 -0.819152044288898 0.5735764363511799
  outer loop
    vertex 2361.8537734679367 222.20836477965105 568.386999999995
    vertex 2363.3537734679367 221.95341332995406 568.0228915952945
    vertex 2363.3537734679367 222.20836477965096 568.386999999995
  endloop
endfacet
facet normal -1.2087153612666325e-14 -0.9063077870367019 0.42261826174058836
  outer loop
    vertex 2363.3537734679367 222.20836477965096 568.386999999995
    vertex 2361.8537734679367 222.39621618300478 568.7898486345147
    vertex 2361.8537734679367 222.20836477965105 568.386999999995
  endloop
endfacet
facet normal -1.2087153612666325e-14 -0.9063077870367019 0.42261826174058836
  outer loop
    vertex 2361.8537734679367 222.39621618300478 568.7898486345147
    vertex 2363.3537734679367 222.20836477965096 568.386999999995
    vertex 2363.3537734679367 222.3962161830047 568.7898486345147
  endloop
endfacet
facet normal -1.344596477976944e-14 -0.9659258262890444 0.2588190451026102
  outer loop
    vertex 2363.3537734679367 222.3962161830047 568.7898486345147
    vertex 2361.8537734679367 222.51125977018188 569.2191971469446
    vertex 2361.8537734679367 222.39621618300478 568.7898486345147
  endloop
endfacet
facet normal -1.344596477976944e-14 -0.9659258262890444 0.2588190451026102
  outer loop
    vertex 2361.8537734679367 222.51125977018188 569.2191971469446
    vertex 2363.3537734679367 222.3962161830047 568.7898486345147
    vertex 2363.3537734679367 222.5112597701818 569.2191971469443
  endloop
endfacet
facet normal 1.0 -1.4708617970725726e-14 -2.942091015256665e-15
  outer loop
    vertex 2363.3537734679367 219.47905546699985 572.6164232590318
    vertex 2363.3537734679367 220.5209445330014 572.6164232590318
    vertex 2363.3537734679367 220.00000000000063 572.6619999999951
  endloop
endfacet
facet normal 1.0 -1.4708617970725726e-14 -2.942091015256665e-15
  outer loop
    vertex 2363.3537734679367 220.5209445330014 572.6164232590318
    vertex 2363.3537734679367 219.47905546699985 572.6164232590318
    vertex 2363.3537734679367 218.97393957002365 572.4810778623528
  endloop
endfacet
facet normal 1.0 -1.4708617970725726e-14 -2.942091015256665e-15
  outer loop
    vertex 2363.3537734679367 220.5209445330014 572.6164232590318
    vertex 2363.3537734679367 218.97393957002365 572.4810778623528
    vertex 2363.3537734679367 221.02606042997763 572.4810778623528
  endloop
endfacet
facet normal 1.0 -1.4708617970725726e-14 -2.942091015256665e-15
  outer loop
    vertex 2363.3537734679367 221.02606042997763 572.4810778623528
    vertex 2363.3537734679367 218.97393957002365 572.4810778623528
    vertex 2363.3537734679367 218.50000000000063 572.2600762113484
  endloop
endfacet
facet normal 1.0 -1.4708617970725726e-14 -2.942091015256665e-15
  outer loop
    vertex 2363.3537734679367 221.02606042997763 572.4810778623528
    vertex 2363.3537734679367 218.50000000000063 572.2600762113484
    vertex 2363.3537734679367 221.50000000000065 572.2600762113484
  endloop
endfacet
facet normal 1.0 -1.4708617970725726e-14 -2.942091015256665e-15
  outer loop
    vertex 2363.3537734679367 221.50000000000065 572.2600762113484
    vertex 2363.3537734679367 218.50000000000063 572.2600762113484
    vertex 2363.3537734679367 220.00000000000063 572.2119999999951
  endloop
endfacet
facet normal 1.0 -1.4708617970725726e-14 -2.942091015256665e-15
  outer loop
    vertex 2363.3537734679367 220.00000000000063 572.2119999999951
    vertex 2363.3537734679367 218.50000000000063 572.2600762113484
    vertex 2363.3537734679367 219.55719714694993 572.1732597701762
  endloop
endfacet
facet normal 1.0 -1.4708617970725726e-14 -2.942091015256665e-15
  outer loop
    vertex 2363.3537734679367 219.55719714694993 572.1732597701762
    vertex 2363.3537734679367 218.50000000000063 572.2600762113484
    vertex 2363.3537734679367 218.07163717094102 571.960133329352
  endloop
endfacet
facet normal 1.0 -1.4708617970725726e-14 -2.942091015256665e-15
  outer loop
    vertex 2363.3537734679367 219.55719714694993 572.1732597701762
    vertex 2363.3537734679367 218.07163717094102 571.960133329352
    vertex 2363.3537734679367 219.12784863452018 572.0582161829991
  endloop
endfacet
facet normal 1.0 -1.4708617970725726e-14 -2.942091015256665e-15
  outer loop
    vertex 2363.3537734679367 219.12784863452018 572.0582161829991
    vertex 2363.3537734679367 218.07163717094102 571.960133329352
    vertex 2363.3537734679367 218.72500000000062 571.8703647796453
  endloop
endfacet
facet normal 1.0 -1.4708617970725726e-14 -2.942091015256665e-15
  outer loop
    vertex 2363.3537734679367 218.72500000000062 571.8703647796453
    vertex 2363.3537734679367 218.07163717094102 571.960133329352
    vertex 2363.3537734679367 217.7018666706437 571.5903628290547
  endloop
endfacet
facet normal 1.0 -1.4708617970725726e-14 -2.942091015256665e-15
  outer loop
    vertex 2363.3537734679367 218.72500000000062 571.8703647796453
    vertex 2363.3537734679367 217.7018666706437 571.5903628290547
    vertex 2363.3537734679367 218.36089159529993 571.6154133299484
  endloop
endfacet
facet normal 1.0 -1.4708617970725726e-14 -2.942091015256665e-15
  outer loop
    vertex 2363.3537734679367 218.36089159529993 571.6154133299484
    vertex 2363.3537734679367 217.7018666706437 571.5903628290547
    vertex 2363.3537734679367 218.04658667004722 571.3011084046957
  endloop
endfacet
facet normal 1.0 -1.4708617970725726e-14 -2.942091015256665e-15
  outer loop
    vertex 2363.3537734679367 218.04658667004722 571.3011084046957
    vertex 2363.3537734679367 217.7018666706437 571.5903628290547
    vertex 2363.353773467936 217.40192378864734 571.1619999999951
  endloop
endfacet
facet normal 1.0 -1.4708617970725726e-14 -2.942091015256665e-15
  outer loop
    vertex 2363.3537734679367 218.04658667004722 571.3011084046957
    vertex 2363.353773467936 217.40192378864734 571.1619999999951
    vertex 2363.3537734679367 217.7916352203503 570.9369999999951
  endloop
endfacet
facet normal 1.0 -1.4708617970725726e-14 -2.942091015256665e-15
  outer loop
    vertex 2363.3537734679367 217.7916352203503 570.9369999999951
    vertex 2363.353773467936 217.40192378864734 571.1619999999951
    vertex 2363.353773467936 217.1809221376429 570.6880604299721
  endloop
endfacet
facet normal 1.0 -1.4708617970725726e-14 -2.942091015256665e-15
  outer loop
    vertex 2363.3537734679367 217.7916352203503 570.9369999999951
    vertex 2363.353773467936 217.1809221376429 570.6880604299721
    vertex 2363.353773467936 217.60378381699658 570.5341513654755
  endloop
endfacet
facet normal 1.0 -1.4708617970725726e-14 -2.942091015256665e-15
  outer loop
    vertex 2363.353773467936 217.60378381699658 570.5341513654755
    vertex 2363.353773467936 217.1809221376429 570.6880604299721
    vertex 2363.353773467936 217.045576740964 570.1829445329959
  endloop
endfacet
facet normal 1.0 -1.4708617970725726e-14 -2.942091015256665e-15
  outer loop
    vertex 2363.353773467936 217.60378381699658 570.5341513654755
    vertex 2363.353773467936 217.045576740964 570.1829445329959
    vertex 2363.353773467936 217.48874022981948 570.1048028530458
  endloop
endfacet
facet normal 1.0 -1.4708617970725726e-14 -2.942091015256665e-15
  outer loop
    vertex 2363.353773467936 217.48874022981948 570.1048028530458
    vertex 2363.353773467936 217.045576740964 570.1829445329959
    vertex 2363.353773467936 217.00000000000065 569.661999999995
  endloop
endfacet
facet normal 1.0 -1.4708617970725726e-14 -2.942091015256665e-15
  outer loop
    vertex 2363.353773467936 217.48874022981948 570.1048028530458
    vertex 2363.353773467936 217.00000000000065 569.661999999995
    vertex 2363.353773467936 217.4500000000006 569.661999999995
  endloop
endfacet
facet normal 1.0 -1.4708617970725726e-14 -2.942091015256665e-15
  outer loop
    vertex 2363.353773467936 217.4500000000006 569.661999999995
    vertex 2363.353773467936 217.00000000000065 569.661999999995
    vertex 2363.353773467936 217.045576740964 569.1410554669943
  endloop
endfacet
facet normal 1.0 -1.4708617970725726e-14 -2.942091015256665e-15
  outer loop
    vertex 2363.353773467936 217.4500000000006 569.661999999995
    vertex 2363.353773467936 217.045576740964 569.1410554669943
    vertex 2363.353773467936 217.48874022981948 569.2191971469443
  endloop
endfacet
facet normal 1.0 -1.4708617970725726e-14 -2.942091015256665e-15
  outer loop
    vertex 2363.353773467936 217.48874022981948 569.2191971469443
    vertex 2363.353773467936 217.045576740964 569.1410554669943
    vertex 2363.353773467936 217.60378381699658 568.7898486345147
  endloop
endfacet
facet normal 1.0 -1.4708617970725726e-14 -2.942091015256665e-15
  outer loop
    vertex 2363.353773467936 217.60378381699658 568.7898486345147
    vertex 2363.353773467936 217.045576740964 569.1410554669943
    vertex 2363.353773467936 217.1809221376429 568.6359395700181
  endloop
endfacet
facet normal 1.0 -1.4708617970725726e-14 -2.942091015256665e-15
  outer loop
    vertex 2363.353773467936 217.60378381699658 568.7898486345147
    vertex 2363.353773467936 217.1809221376429 568.6359395700181
    vertex 2363.353773467936 217.7916352203503 568.386999999995
  endloop
endfacet
facet normal 1.0 -1.4708617970725726e-14 -2.942091015256665e-15
  outer loop
    vertex 2363.353773467936 217.7916352203503 568.386999999995
    vertex 2363.353773467936 217.1809221376429 568.6359395700181
    vertex 2363.353773467936 217.40192378864734 568.161999999995
  endloop
endfacet
facet normal 1.0 -1.4708617970725726e-14 -2.942091015256665e-15
  outer loop
    vertex 2363.353773467936 217.7916352203503 568.386999999995
    vertex 2363.353773467936 217.40192378864734 568.161999999995
    vertex 2363.353773467936 218.04658667004722 568.0228915952945
  endloop
endfacet
facet normal 1.0 -1.4708617970725726e-14 -2.942091015256665e-15
  outer loop
    vertex 2363.353773467936 218.04658667004722 568.0228915952945
    vertex 2363.353773467936 217.40192378864734 568.161999999995
    vertex 2363.353773467936 217.7018666706437 567.7336371709355
  endloop
endfacet
facet normal 1.0 -1.4708617970725726e-14 -2.942091015256665e-15
  outer loop
    vertex 2363.353773467936 218.04658667004722 568.0228915952945
    vertex 2363.353773467936 217.7018666706437 567.7336371709355
    vertex 2363.3537734679367 218.36089159529993 567.7085866700418
  endloop
endfacet
facet normal 1.0 -1.4708617970725726e-14 -2.942091015256665e-15
  outer loop
    vertex 2363.3537734679367 218.36089159529993 567.7085866700418
    vertex 2363.353773467936 217.7018666706437 567.7336371709355
    vertex 2363.353773467936 218.07163717094102 567.3638666706382
  endloop
endfacet
facet normal 1.0 -1.4708617970725726e-14 -2.942091015256665e-15
  outer loop
    vertex 2363.3537734679367 218.36089159529993 567.7085866700418
    vertex 2363.353773467936 218.07163717094102 567.3638666706382
    vertex 2363.3537734679367 218.72500000000065 567.4536352203448
  endloop
endfacet
facet normal 1.0 -1.4708617970725726e-14 -2.942091015256665e-15
  outer loop
    vertex 2363.3537734679367 218.72500000000065 567.4536352203448
    vertex 2363.353773467936 218.07163717094102 567.3638666706382
    vertex 2363.3537734679367 219.12784863452018 567.2657838169911
  endloop
endfacet
facet normal 1.0 -1.4708617970725726e-14 -2.942091015256665e-15
  outer loop
    vertex 2363.3537734679367 219.12784863452018 567.2657838169911
    vertex 2363.353773467936 218.07163717094102 567.3638666706382
    vertex 2363.3537734679367 218.50000000000065 567.0639237886418
  endloop
endfacet
facet normal 1.0 -1.4708617970725726e-14 -2.942091015256665e-15
  outer loop
    vertex 2363.3537734679367 219.12784863452018 567.2657838169911
    vertex 2363.3537734679367 218.50000000000065 567.0639237886418
    vertex 2363.3537734679367 219.55719714694993 567.150740229814
  endloop
endfacet
facet normal 1.0 -1.4708617970725726e-14 -2.942091015256665e-15
  outer loop
    vertex 2363.3537734679367 219.55719714694993 567.150740229814
    vertex 2363.3537734679367 218.50000000000065 567.0639237886418
    vertex 2363.3537734679367 220.0000000000006 567.1119999999951
  endloop
endfacet
facet normal 1.0 -1.4708617970725726e-14 -2.942091015256665e-15
  outer loop
    vertex 2363.3537734679367 221.50000000000065 572.2600762113484
    vertex 2363.3537734679367 220.44280285305132 572.1732597701762
    vertex 2363.3537734679367 221.92836282906026 571.960133329352
  endloop
endfacet
facet normal 1.0 -1.4708617970725726e-14 -2.942091015256665e-15
  outer loop
    vertex 2363.3537734679367 220.44280285305132 572.1732597701762
    vertex 2363.3537734679367 221.50000000000065 572.2600762113484
    vertex 2363.3537734679367 220.00000000000063 572.2119999999951
  endloop
endfacet
facet normal 1.0 -1.4708617970725726e-14 -2.942091015256665e-15
  outer loop
    vertex 2363.3537734679367 221.92836282906026 571.960133329352
    vertex 2363.3537734679367 220.44280285305132 572.1732597701762
    vertex 2363.3537734679367 220.87215136548107 572.0582161829991
  endloop
endfacet
facet normal 1.0 -1.4708617970725726e-14 -2.942091015256665e-15
  outer loop
    vertex 2363.3537734679367 221.92836282906026 571.960133329352
    vertex 2363.3537734679367 220.87215136548107 572.0582161829991
    vertex 2363.3537734679367 221.27500000000066 571.8703647796453
  endloop
endfacet
facet normal 1.0 -1.4708617970725726e-14 -2.942091015256665e-15
  outer loop
    vertex 2363.3537734679367 221.92836282906026 571.960133329352
    vertex 2363.3537734679367 221.27500000000066 571.8703647796453
    vertex 2363.3537734679367 222.29813332935757 571.5903628290547
  endloop
endfacet
facet normal 1.0 -1.4708617970725726e-14 -2.942091015256665e-15
  outer loop
    vertex 2363.3537734679367 222.29813332935757 571.5903628290547
    vertex 2363.3537734679367 221.27500000000066 571.8703647796453
    vertex 2363.3537734679367 221.63910840470135 571.6154133299484
  endloop
endfacet
facet normal 1.0 -1.4708617970725726e-14 -2.942091015256665e-15
  outer loop
    vertex 2363.3537734679367 222.29813332935757 571.5903628290547
    vertex 2363.3537734679367 221.63910840470135 571.6154133299484
    vertex 2363.3537734679367 221.95341332995406 571.3011084046957
  endloop
endfacet
facet normal 1.0 -1.4708617970725726e-14 -2.942091015256665e-15
  outer loop
    vertex 2363.3537734679367 222.29813332935757 571.5903628290547
    vertex 2363.3537734679367 221.95341332995406 571.3011084046957
    vertex 2363.3537734679367 222.59807621135394 571.1619999999951
  endloop
endfacet
facet normal 1.0 -1.4708617970725726e-14 -2.942091015256665e-15
  outer loop
    vertex 2363.3537734679367 222.59807621135394 571.1619999999951
    vertex 2363.3537734679367 221.95341332995406 571.3011084046957
    vertex 2363.3537734679367 222.20836477965096 570.9369999999951
  endloop
endfacet
facet normal 1.0 -1.4708617970725726e-14 -2.942091015256665e-15
  outer loop
    vertex 2363.3537734679367 222.59807621135394 571.1619999999951
    vertex 2363.3537734679367 222.20836477965096 570.9369999999951
    vertex 2363.3537734679367 222.81907786235834 570.6880604299721
  endloop
endfacet
facet normal 1.0 -1.4708617970725726e-14 -2.942091015256665e-15
  outer loop
    vertex 2363.3537734679367 222.81907786235834 570.6880604299721
    vertex 2363.3537734679367 222.20836477965096 570.9369999999951
    vertex 2363.3537734679367 222.3962161830047 570.5341513654755
  endloop
endfacet
facet normal 1.0 -1.4708617970725726e-14 -2.942091015256665e-15
  outer loop
    vertex 2363.3537734679367 222.81907786235834 570.6880604299721
    vertex 2363.3537734679367 222.3962161830047 570.5341513654755
    vertex 2363.3537734679367 222.95442325903727 570.1829445329959
  endloop
endfacet
facet normal 1.0 -1.4708617970725726e-14 -2.942091015256665e-15
  outer loop
    vertex 2363.3537734679367 222.95442325903727 570.1829445329959
    vertex 2363.3537734679367 222.3962161830047 570.5341513654755
    vertex 2363.3537734679367 222.5112597701818 570.1048028530458
  endloop
endfacet
facet normal 1.0 -1.4708617970725726e-14 -2.942091015256665e-15
  outer loop
    vertex 2363.3537734679367 222.95442325903727 570.1829445329959
    vertex 2363.3537734679367 222.5112597701818 570.1048028530458
    vertex 2363.3537734679367 223.00000000000063 569.661999999995
  endloop
endfacet
facet normal 1.0 -1.4708617970725726e-14 -2.942091015256665e-15
  outer loop
    vertex 2363.3537734679367 223.00000000000063 569.661999999995
    vertex 2363.3537734679367 222.5112597701818 570.1048028530458
    vertex 2363.3537734679367 222.55000000000064 569.661999999995
  endloop
endfacet
facet normal 1.0 -1.4708617970725726e-14 -2.942091015256665e-15
  outer loop
    vertex 2363.3537734679367 223.00000000000063 569.661999999995
    vertex 2363.3537734679367 222.55000000000064 569.661999999995
    vertex 2363.3537734679367 222.5112597701818 569.2191971469443
  endloop
endfacet
facet normal 1.0 -1.4708617970725726e-14 -2.942091015256665e-15
  outer loop
    vertex 2363.3537734679367 223.00000000000063 569.661999999995
    vertex 2363.3537734679367 222.5112597701818 569.2191971469443
    vertex 2363.3537734679367 222.95442325903727 569.1410554669943
  endloop
endfacet
facet normal 1.0 -1.4708617970725726e-14 -2.942091015256665e-15
  outer loop
    vertex 2363.3537734679367 222.95442325903727 569.1410554669943
    vertex 2363.3537734679367 222.5112597701818 569.2191971469443
    vertex 2363.3537734679367 222.3962161830047 568.7898486345147
  endloop
endfacet
facet normal 1.0 -1.4708617970725726e-14 -2.942091015256665e-15
  outer loop
    vertex 2363.3537734679367 222.95442325903727 569.1410554669943
    vertex 2363.3537734679367 222.3962161830047 568.7898486345147
    vertex 2363.3537734679367 222.81907786235834 568.6359395700181
  endloop
endfacet
facet normal 1.0 -1.4708617970725726e-14 -2.942091015256665e-15
  outer loop
    vertex 2363.3537734679367 222.81907786235834 568.6359395700181
    vertex 2363.3537734679367 222.3962161830047 568.7898486345147
    vertex 2363.3537734679367 222.20836477965096 568.386999999995
  endloop
endfacet
facet normal 1.0 -1.4708617970725726e-14 -2.942091015256665e-15
  outer loop
    vertex 2363.3537734679367 222.81907786235834 568.6359395700181
    vertex 2363.3537734679367 222.20836477965096 568.386999999995
    vertex 2363.3537734679367 222.59807621135394 568.161999999995
  endloop
endfacet
facet normal 1.0 -1.4708617970725726e-14 -2.942091015256665e-15
  outer loop
    vertex 2363.3537734679367 222.59807621135394 568.161999999995
    vertex 2363.3537734679367 222.20836477965096 568.386999999995
    vertex 2363.3537734679367 221.95341332995406 568.0228915952945
  endloop
endfacet
facet normal 1.0 -1.4708617970725726e-14 -2.942091015256665e-15
  outer loop
    vertex 2363.3537734679367 222.59807621135394 568.161999999995
    vertex 2363.3537734679367 221.95341332995406 568.0228915952945
    vertex 2363.3537734679367 222.29813332935757 567.7336371709355
  endloop
endfacet
facet normal 1.0 -1.4708617970725726e-14 -2.942091015256665e-15
  outer loop
    vertex 2363.3537734679367 222.29813332935757 567.7336371709355
    vertex 2363.3537734679367 221.95341332995406 568.0228915952945
    vertex 2363.3537734679367 221.63910840470135 567.7085866700418
  endloop
endfacet
facet normal 1.0 -1.4708617970725726e-14 -2.942091015256665e-15
  outer loop
    vertex 2363.3537734679367 222.29813332935757 567.7336371709355
    vertex 2363.3537734679367 221.63910840470135 567.7085866700418
    vertex 2363.3537734679367 221.92836282906026 567.3638666706382
  endloop
endfacet
facet normal 1.0 -1.4708617970725726e-14 -2.942091015256665e-15
  outer loop
    vertex 2363.3537734679367 221.92836282906026 567.3638666706382
    vertex 2363.3537734679367 221.63910840470135 567.7085866700418
    vertex 2363.3537734679367 221.27500000000066 567.4536352203448
  endloop
endfacet
facet normal 1.0 -1.4708617970725726e-14 -2.942091015256665e-15
  outer loop
    vertex 2363.3537734679367 221.92836282906026 567.3638666706382
    vertex 2363.3537734679367 221.27500000000066 567.4536352203448
    vertex 2363.3537734679367 220.87215136548107 567.2657838169911
  endloop
endfacet
facet normal 1.0 -1.4708617970725726e-14 -2.942091015256665e-15
  outer loop
    vertex 2363.3537734679367 221.92836282906026 567.3638666706382
    vertex 2363.3537734679367 220.87215136548107 567.2657838169911
    vertex 2363.3537734679367 221.5000000000007 567.0639237886418
  endloop
endfacet
facet normal 1.0 -1.4708617970725726e-14 -2.942091015256665e-15
  outer loop
    vertex 2363.3537734679367 221.5000000000007 567.0639237886418
    vertex 2363.3537734679367 220.87215136548107 567.2657838169911
    vertex 2363.3537734679367 220.44280285305132 567.150740229814
  endloop
endfacet
facet normal 1.0 -1.4708617970725726e-14 -2.942091015256665e-15
  outer loop
    vertex 2363.3537734679367 221.5000000000007 567.0639237886418
    vertex 2363.3537734679367 220.44280285305132 567.150740229814
    vertex 2363.3537734679367 220.0000000000006 567.1119999999951
  endloop
endfacet
facet normal 1.0 -1.4708617970725726e-14 -2.942091015256665e-15
  outer loop
    vertex 2363.3537734679367 221.5000000000007 567.0639237886418
    vertex 2363.3537734679367 220.0000000000006 567.1119999999951
    vertex 2363.3537734679367 218.50000000000065 567.0639237886418
  endloop
endfacet
facet normal 1.0 -1.4708617970725726e-14 -2.942091015256665e-15
  outer loop
    vertex 2363.3537734679367 221.5000000000007 567.0639237886418
    vertex 2363.3537734679367 218.50000000000065 567.0639237886418
    vertex 2363.3537734679367 218.97393957002365 566.8429221376374
  endloop
endfacet
facet normal 1.0 -1.4708617970725726e-14 -2.942091015256665e-15
  outer loop
    vertex 2363.3537734679367 221.5000000000007 567.0639237886418
    vertex 2363.3537734679367 218.97393957002365 566.8429221376374
    vertex 2363.3537734679367 221.02606042997763 566.8429221376374
  endloop
endfacet
facet normal 1.0 -1.4708617970725726e-14 -2.942091015256665e-15
  outer loop
    vertex 2363.3537734679367 221.02606042997763 566.8429221376374
    vertex 2363.3537734679367 218.97393957002365 566.8429221376374
    vertex 2363.3537734679367 219.4790554669999 566.7075767409584
  endloop
endfacet
facet normal 1.0 -1.4708617970725726e-14 -2.942091015256665e-15
  outer loop
    vertex 2363.3537734679367 221.02606042997763 566.8429221376374
    vertex 2363.3537734679367 219.4790554669999 566.7075767409584
    vertex 2363.3537734679367 220.52094453300145 566.7075767409584
  endloop
endfacet
facet normal 1.0 -1.4708617970725726e-14 -2.942091015256665e-15
  outer loop
    vertex 2363.3537734679367 220.52094453300145 566.7075767409584
    vertex 2363.3537734679367 219.4790554669999 566.7075767409584
    vertex 2363.3537734679367 220.00000000000068 566.661999999995
  endloop
endfacet
facet normal 1.4396227111028113e-14 0.9961946980917473 -0.08715574274763795
  outer loop
    vertex 2363.3537734679367 223.00000000000063 569.661999999995
    vertex 2362.853773467936 222.95442325903727 569.1410554669943
    vertex 2362.853773467936 223.00000000000063 569.661999999995
  endloop
endfacet
facet normal 1.4396227111028113e-14 0.9961946980917473 -0.08715574274763795
  outer loop
    vertex 2362.853773467936 222.95442325903727 569.1410554669943
    vertex 2363.3537734679367 223.00000000000063 569.661999999995
    vertex 2363.3537734679367 222.95442325903727 569.1410554669943
  endloop
endfacet
facet normal 1.4909067366359832e-14 0.9961946980917462 0.08715574274765024
  outer loop
    vertex 2363.3537734679367 222.95442325903727 570.1829445329959
    vertex 2362.853773467936 223.00000000000063 569.661999999995
    vertex 2362.853773467936 222.95442325903727 570.1829445329959
  endloop
endfacet
facet normal 1.4909067366359832e-14 0.9961946980917462 0.08715574274765024
  outer loop
    vertex 2362.853773467936 223.00000000000063 569.661999999995
    vertex 2363.3537734679367 222.95442325903727 570.1829445329959
    vertex 2363.3537734679367 223.00000000000063 569.661999999995
  endloop
endfacet
facet normal 1.496890315411691e-14 0.9659258262890652 0.2588190451025324
  outer loop
    vertex 2363.3537734679367 222.81907786235834 570.6880604299721
    vertex 2362.853773467936 222.95442325903727 570.1829445329959
    vertex 2362.853773467936 222.81907786235834 570.6880604299721
  endloop
endfacet
facet normal 1.496890315411691e-14 0.9659258262890652 0.2588190451025324
  outer loop
    vertex 2362.853773467936 222.95442325903727 570.1829445329959
    vertex 2363.3537734679367 222.81907786235834 570.6880604299721
    vertex 2363.3537734679367 222.95442325903727 570.1829445329959
  endloop
endfacet
facet normal 1.457391639416656e-14 0.9063077870366409 0.4226182617407189
  outer loop
    vertex 2363.3537734679367 222.59807621135394 571.1619999999951
    vertex 2362.853773467936 222.81907786235834 570.6880604299721
    vertex 2362.853773467936 222.59807621135394 571.1619999999951
  endloop
endfacet
facet normal 1.457391639416656e-14 0.9063077870366409 0.4226182617407189
  outer loop
    vertex 2362.853773467936 222.81907786235834 570.6880604299721
    vertex 2363.3537734679367 222.59807621135394 571.1619999999951
    vertex 2363.3537734679367 222.81907786235834 570.6880604299721
  endloop
endfacet
facet normal 1.3736108559336928e-14 0.8191520442889723 0.5735764363510742
  outer loop
    vertex 2363.3537734679367 222.29813332935757 571.5903628290547
    vertex 2362.853773467936 222.59807621135394 571.1619999999951
    vertex 2362.853773467936 222.29813332935757 571.5903628290547
  endloop
endfacet
facet normal 1.3736108559336928e-14 0.8191520442889723 0.5735764363510742
  outer loop
    vertex 2362.853773467936 222.59807621135394 571.1619999999951
    vertex 2363.3537734679367 222.29813332935757 571.5903628290547
    vertex 2363.3537734679367 222.59807621135394 571.1619999999951
  endloop
endfacet
facet normal 1.2480936016738429e-14 0.7071067811865432 0.7071067811865519
  outer loop
    vertex 2363.3537734679367 222.29813332935757 571.5903628290547
    vertex 2362.853773467936 221.92836282906026 571.960133329352
    vertex 2363.3537734679367 221.92836282906026 571.960133329352
  endloop
endfacet
facet normal 1.2480936016738429e-14 0.7071067811865432 0.7071067811865519
  outer loop
    vertex 2362.853773467936 221.92836282906026 571.960133329352
    vertex 2363.3537734679367 222.29813332935757 571.5903628290547
    vertex 2362.853773467936 222.29813332935757 571.5903628290547
  endloop
endfacet
facet normal 1.0846536548930766e-14 0.5735764363511394 0.8191520442889264
  outer loop
    vertex 2363.3537734679367 221.92836282906026 571.960133329352
    vertex 2362.853773467936 221.50000000000065 572.2600762113484
    vertex 2363.3537734679367 221.50000000000065 572.2600762113484
  endloop
endfacet
facet normal 1.0846536548930766e-14 0.5735764363511394 0.8191520442889264
  outer loop
    vertex 2362.853773467936 221.50000000000065 572.2600762113484
    vertex 2363.3537734679367 221.92836282906026 571.960133329352
    vertex 2362.853773467936 221.92836282906026 571.960133329352
  endloop
endfacet
facet normal 8.88257055669158e-15 0.422618261740533 0.9063077870367278
  outer loop
    vertex 2363.3537734679367 221.50000000000065 572.2600762113484
    vertex 2362.853773467936 221.02606042997763 572.4810778623528
    vertex 2363.3537734679367 221.02606042997763 572.4810778623528
  endloop
endfacet
facet normal 8.88257055669158e-15 0.422618261740533 0.9063077870367278
  outer loop
    vertex 2362.853773467936 221.02606042997763 572.4810778623528
    vertex 2363.3537734679367 221.50000000000065 572.2600762113484
    vertex 2362.853773467936 221.50000000000065 572.2600762113484
  endloop
endfacet
facet normal 6.648712152891865e-15 0.2588190451026226 0.965925826289041
  outer loop
    vertex 2363.3537734679367 221.02606042997763 572.4810778623528
    vertex 2362.853773467936 220.5209445330014 572.6164232590318
    vertex 2363.3537734679367 220.5209445330014 572.6164232590318
  endloop
endfacet
facet normal 6.648712152891865e-15 0.2588190451026226 0.965925826289041
  outer loop
    vertex 2362.853773467936 220.5209445330014 572.6164232590318
    vertex 2363.3537734679367 221.02606042997763 572.4810778623528
    vertex 2362.853773467936 221.02606042997763 572.4810778623528
  endloop
endfacet
facet normal 4.212835994733147e-15 0.08715574274772356 0.9961946980917398
  outer loop
    vertex 2363.3537734679367 220.5209445330014 572.6164232590318
    vertex 2362.853773467936 220.00000000000063 572.6619999999951
    vertex 2363.3537734679367 220.00000000000063 572.6619999999951
  endloop
endfacet
facet normal 4.212835994733147e-15 0.08715574274772356 0.9961946980917398
  outer loop
    vertex 2362.853773467936 220.00000000000063 572.6619999999951
    vertex 2363.3537734679367 220.5209445330014 572.6164232590318
    vertex 2362.853773467936 220.5209445330014 572.6164232590318
  endloop
endfacet
facet normal 1.6489549466707344e-15 -0.08715574274773587 0.9961946980917389
  outer loop
    vertex 2363.3537734679367 220.00000000000063 572.6619999999951
    vertex 2362.853773467936 219.47905546699985 572.6164232590318
    vertex 2363.3537734679367 219.47905546699985 572.6164232590318
  endloop
endfacet
facet normal 1.6489549466707344e-15 -0.08715574274773587 0.9961946980917389
  outer loop
    vertex 2362.853773467936 219.47905546699985 572.6164232590318
    vertex 2363.3537734679367 220.00000000000063 572.6619999999951
    vertex 2362.853773467936 220.00000000000063 572.6619999999951
  endloop
endfacet
facet normal -9.650287630333351e-16 -0.2588190451026345 0.9659258262890379
  outer loop
    vertex 2363.3537734679367 219.47905546699985 572.6164232590318
    vertex 2362.853773467936 218.97393957002365 572.4810778623528
    vertex 2363.3537734679367 218.97393957002365 572.4810778623528
  endloop
endfacet
facet normal -9.650287630333351e-16 -0.2588190451026345 0.9659258262890379
  outer loop
    vertex 2362.853773467936 218.97393957002365 572.4810778623528
    vertex 2363.3537734679367 219.47905546699985 572.6164232590318
    vertex 2362.853773467936 219.47905546699985 572.6164232590318
  endloop
endfacet
facet normal -3.5496905620959445e-15 -0.4226182617405441 0.9063077870367224
  outer loop
    vertex 2363.3537734679367 218.97393957002365 572.4810778623528
    vertex 2362.853773467936 218.50000000000063 572.2600762113484
    vertex 2363.3537734679367 218.50000000000063 572.2600762113484
  endloop
endfacet
facet normal -3.5496905620959445e-15 -0.4226182617405441 0.9063077870367224
  outer loop
    vertex 2362.853773467936 218.50000000000063 572.2600762113484
    vertex 2363.3537734679367 218.97393957002365 572.4810778623528
    vertex 2362.853773467936 218.97393957002365 572.4810778623528
  endloop
endfacet
facet normal -6.026496809667781e-15 -0.5735764363511495 0.8191520442889195
  outer loop
    vertex 2363.3537734679367 218.50000000000063 572.2600762113484
    vertex 2362.853773467936 218.07163717094102 571.960133329352
    vertex 2363.3537734679367 218.07163717094102 571.960133329352
  endloop
endfacet
facet normal -6.026496809667781e-15 -0.5735764363511495 0.8191520442889195
  outer loop
    vertex 2362.853773467936 218.07163717094102 571.960133329352
    vertex 2363.3537734679367 218.50000000000063 572.2600762113484
    vertex 2362.853773467936 218.50000000000063 572.2600762113484
  endloop
endfacet
facet normal -8.320191001226552e-15 -0.7071067811865519 0.7071067811865432
  outer loop
    vertex 2363.3537734679367 218.07163717094102 571.960133329352
    vertex 2362.853773467936 217.7018666706437 571.5903628290547
    vertex 2363.3537734679367 217.7018666706437 571.5903628290547
  endloop
endfacet
facet normal -8.320191001226552e-15 -0.7071067811865519 0.7071067811865432
  outer loop
    vertex 2362.853773467936 217.7018666706437 571.5903628290547
    vertex 2363.3537734679367 218.07163717094102 571.960133329352
    vertex 2362.853773467936 218.07163717094102 571.960133329352
  endloop
endfacet
facet normal -1.0361080399434198e-14 -0.8191520442889791 0.5735764363510641
  outer loop
    vertex 2363.353773467936 217.40192378864734 571.1619999999951
    vertex 2362.853773467936 217.7018666706437 571.5903628290547
    vertex 2362.853773467936 217.40192378864734 571.1619999999951
  endloop
endfacet
facet normal -1.0361080399434198e-14 -0.8191520442889791 0.5735764363510641
  outer loop
    vertex 2362.853773467936 217.7018666706437 571.5903628290547
    vertex 2363.353773467936 217.40192378864734 571.1619999999951
    vertex 2363.3537734679367 217.7018666706437 571.5903628290547
  endloop
endfacet
facet normal -1.2087153612665157e-14 -0.9063077870366463 0.4226182617407078
  outer loop
    vertex 2363.353773467936 217.1809221376429 570.6880604299721
    vertex 2362.853773467936 217.40192378864734 571.1619999999951
    vertex 2362.853773467936 217.1809221376429 570.6880604299721
  endloop
endfacet
facet normal -1.2087153612665157e-14 -0.9063077870366463 0.4226182617407078
  outer loop
    vertex 2362.853773467936 217.40192378864734 571.1619999999951
    vertex 2363.353773467936 217.1809221376429 570.6880604299721
    vertex 2363.353773467936 217.40192378864734 571.1619999999951
  endloop
endfacet
facet normal -1.3445964779770053e-14 -0.9659258262890683 0.2588190451025205
  outer loop
    vertex 2363.353773467936 217.045576740964 570.1829445329959
    vertex 2362.853773467936 217.1809221376429 570.6880604299721
    vertex 2362.853773467936 217.045576740964 570.1829445329959
  endloop
endfacet
facet normal -1.3445964779770053e-14 -0.9659258262890683 0.2588190451025205
  outer loop
    vertex 2362.853773467936 217.1809221376429 570.6880604299721
    vertex 2363.353773467936 217.045576740964 570.1829445329959
    vertex 2363.353773467936 217.1809221376429 570.6880604299721
  endloop
endfacet
facet normal -1.4396227111028113e-14 -0.9961946980917473 0.08715574274763795
  outer loop
    vertex 2363.353773467936 217.00000000000065 569.661999999995
    vertex 2362.853773467936 217.045576740964 570.1829445329959
    vertex 2362.853773467936 217.00000000000065 569.661999999995
  endloop
endfacet
facet normal -1.4396227111028113e-14 -0.9961946980917473 0.08715574274763795
  outer loop
    vertex 2362.853773467936 217.045576740964 570.1829445329959
    vertex 2363.353773467936 217.00000000000065 569.661999999995
    vertex 2363.353773467936 217.045576740964 570.1829445329959
  endloop
endfacet
facet normal -1.4909067366359832e-14 -0.9961946980917462 -0.08715574274765024
  outer loop
    vertex 2363.353773467936 217.045576740964 569.1410554669943
    vertex 2362.853773467936 217.00000000000065 569.661999999995
    vertex 2362.853773467936 217.045576740964 569.1410554669943
  endloop
endfacet
facet normal -1.4909067366359832e-14 -0.9961946980917462 -0.08715574274765024
  outer loop
    vertex 2362.853773467936 217.00000000000065 569.661999999995
    vertex 2363.353773467936 217.045576740964 569.1410554669943
    vertex 2363.353773467936 217.00000000000065 569.661999999995
  endloop
endfacet
facet normal -1.496890315411691e-14 -0.9659258262890652 -0.2588190451025324
  outer loop
    vertex 2363.353773467936 217.1809221376429 568.6359395700181
    vertex 2362.853773467936 217.045576740964 569.1410554669943
    vertex 2362.853773467936 217.1809221376429 568.6359395700181
  endloop
endfacet
facet normal -1.496890315411691e-14 -0.9659258262890652 -0.2588190451025324
  outer loop
    vertex 2362.853773467936 217.045576740964 569.1410554669943
    vertex 2363.353773467936 217.1809221376429 568.6359395700181
    vertex 2363.353773467936 217.045576740964 569.1410554669943
  endloop
endfacet
facet normal -1.457391639416656e-14 -0.9063077870366409 -0.4226182617407189
  outer loop
    vertex 2363.353773467936 217.40192378864734 568.161999999995
    vertex 2362.853773467936 217.1809221376429 568.6359395700181
    vertex 2362.853773467936 217.40192378864734 568.161999999995
  endloop
endfacet
facet normal -1.457391639416656e-14 -0.9063077870366409 -0.4226182617407189
  outer loop
    vertex 2362.853773467936 217.1809221376429 568.6359395700181
    vertex 2363.353773467936 217.40192378864734 568.161999999995
    vertex 2363.353773467936 217.1809221376429 568.6359395700181
  endloop
endfacet
facet normal -1.3736108559336928e-14 -0.8191520442889723 -0.5735764363510742
  outer loop
    vertex 2363.353773467936 217.7018666706437 567.7336371709355
    vertex 2362.853773467936 217.40192378864734 568.161999999995
    vertex 2362.853773467936 217.7018666706438 567.7336371709355
  endloop
endfacet
facet normal -1.3736108559336928e-14 -0.8191520442889723 -0.5735764363510742
  outer loop
    vertex 2362.853773467936 217.40192378864734 568.161999999995
    vertex 2363.353773467936 217.7018666706437 567.7336371709355
    vertex 2363.353773467936 217.40192378864734 568.161999999995
  endloop
endfacet
facet normal -1.2480936016738429e-14 -0.7071067811865432 -0.7071067811865519
  outer loop
    vertex 2362.853773467936 217.7018666706438 567.7336371709355
    vertex 2363.353773467936 218.07163717094102 567.3638666706382
    vertex 2363.353773467936 217.7018666706437 567.7336371709355
  endloop
endfacet
facet normal -1.2480936016738429e-14 -0.7071067811865432 -0.7071067811865519
  outer loop
    vertex 2363.353773467936 218.07163717094102 567.3638666706382
    vertex 2362.853773467936 217.7018666706438 567.7336371709355
    vertex 2362.853773467936 218.0716371709411 567.3638666706382
  endloop
endfacet
facet normal -1.0846536548930255e-14 -0.5735764363510989 -0.8191520442889548
  outer loop
    vertex 2362.853773467936 218.0716371709411 567.3638666706382
    vertex 2363.3537734679367 218.50000000000065 567.0639237886418
    vertex 2363.353773467936 218.07163717094102 567.3638666706382
  endloop
endfacet
facet normal -1.0846536548930255e-14 -0.5735764363510989 -0.8191520442889548
  outer loop
    vertex 2363.3537734679367 218.50000000000065 567.0639237886418
    vertex 2362.853773467936 218.0716371709411 567.3638666706382
    vertex 2362.853773467936 218.5000000000007 567.0639237886418
  endloop
endfacet
facet normal -8.88257055669202e-15 -0.422618261740566 -0.9063077870367122
  outer loop
    vertex 2362.853773467936 218.5000000000007 567.0639237886418
    vertex 2363.3537734679367 218.97393957002365 566.8429221376374
    vertex 2363.3537734679367 218.50000000000065 567.0639237886418
  endloop
endfacet
facet normal -8.88257055669202e-15 -0.422618261740566 -0.9063077870367122
  outer loop
    vertex 2363.3537734679367 218.97393957002365 566.8429221376374
    vertex 2362.853773467936 218.5000000000007 567.0639237886418
    vertex 2362.853773467936 218.97393957002367 566.8429221376374
  endloop
endfacet
facet normal -6.648712152891865e-15 -0.2588190451026226 -0.965925826289041
  outer loop
    vertex 2362.853773467936 218.97393957002367 566.8429221376374
    vertex 2363.3537734679367 219.4790554669999 566.7075767409584
    vertex 2363.3537734679367 218.97393957002365 566.8429221376374
  endloop
endfacet
facet normal -6.648712152891865e-15 -0.2588190451026226 -0.965925826289041
  outer loop
    vertex 2363.3537734679367 219.4790554669999 566.7075767409584
    vertex 2362.853773467936 218.97393957002367 566.8429221376374
    vertex 2362.853773467936 219.4790554669999 566.7075767409584
  endloop
endfacet
facet normal -4.212835994733147e-15 -0.08715574274772356 -0.9961946980917398
  outer loop
    vertex 2362.853773467936 220.00000000000068 566.661999999995
    vertex 2363.3537734679367 219.4790554669999 566.7075767409584
    vertex 2362.853773467936 219.4790554669999 566.7075767409584
  endloop
endfacet
facet normal -4.212835994733147e-15 -0.08715574274772356 -0.9961946980917398
  outer loop
    vertex 2363.3537734679367 219.4790554669999 566.7075767409584
    vertex 2362.853773467936 220.00000000000068 566.661999999995
    vertex 2363.3537734679367 220.00000000000068 566.661999999995
  endloop
endfacet
facet normal -1.6489549466707344e-15 0.08715574274773587 -0.9961946980917389
  outer loop
    vertex 2362.853773467936 220.52094453300145 566.7075767409584
    vertex 2363.3537734679367 220.00000000000068 566.661999999995
    vertex 2362.853773467936 220.00000000000068 566.661999999995
  endloop
endfacet
facet normal -1.6489549466707344e-15 0.08715574274773587 -0.9961946980917389
  outer loop
    vertex 2363.3537734679367 220.00000000000068 566.661999999995
    vertex 2362.853773467936 220.52094453300145 566.7075767409584
    vertex 2363.3537734679367 220.52094453300145 566.7075767409584
  endloop
endfacet
facet normal 9.650287630333351e-16 0.2588190451026345 -0.9659258262890379
  outer loop
    vertex 2362.853773467936 221.0260604299777 566.8429221376374
    vertex 2363.3537734679367 220.52094453300145 566.7075767409584
    vertex 2362.853773467936 220.52094453300145 566.7075767409584
  endloop
endfacet
facet normal 9.650287630333351e-16 0.2588190451026345 -0.9659258262890379
  outer loop
    vertex 2363.3537734679367 220.52094453300145 566.7075767409584
    vertex 2362.853773467936 221.0260604299777 566.8429221376374
    vertex 2363.3537734679367 221.02606042997763 566.8429221376374
  endloop
endfacet
facet normal 3.5496905620959445e-15 0.4226182617405441 -0.9063077870367224
  outer loop
    vertex 2362.853773467936 221.0260604299777 566.8429221376374
    vertex 2363.3537734679367 221.5000000000007 567.0639237886418
    vertex 2363.3537734679367 221.02606042997763 566.8429221376374
  endloop
endfacet
facet normal 3.5496905620959445e-15 0.4226182617405441 -0.9063077870367224
  outer loop
    vertex 2363.3537734679367 221.5000000000007 567.0639237886418
    vertex 2362.853773467936 221.0260604299777 566.8429221376374
    vertex 2362.853773467936 221.5000000000007 567.0639237886418
  endloop
endfacet
facet normal 6.026496809667781e-15 0.5735764363511495 -0.8191520442889195
  outer loop
    vertex 2362.853773467936 221.92836282906035 567.3638666706382
    vertex 2363.3537734679367 221.5000000000007 567.0639237886418
    vertex 2362.853773467936 221.5000000000007 567.0639237886418
  endloop
endfacet
facet normal 6.026496809667781e-15 0.5735764363511495 -0.8191520442889195
  outer loop
    vertex 2363.3537734679367 221.5000000000007 567.0639237886418
    vertex 2362.853773467936 221.92836282906035 567.3638666706382
    vertex 2363.3537734679367 221.92836282906026 567.3638666706382
  endloop
endfacet
facet normal 8.320191001226552e-15 0.7071067811865519 -0.7071067811865432
  outer loop
    vertex 2362.853773467936 221.92836282906035 567.3638666706382
    vertex 2363.3537734679367 222.29813332935757 567.7336371709355
    vertex 2363.3537734679367 221.92836282906026 567.3638666706382
  endloop
endfacet
facet normal 8.320191001226552e-15 0.7071067811865519 -0.7071067811865432
  outer loop
    vertex 2363.3537734679367 222.29813332935757 567.7336371709355
    vertex 2362.853773467936 221.92836282906035 567.3638666706382
    vertex 2362.853773467936 222.29813332935765 567.7336371709355
  endloop
endfacet
facet normal 1.0361080399434198e-14 0.8191520442889791 -0.5735764363510641
  outer loop
    vertex 2363.3537734679367 222.59807621135394 568.161999999995
    vertex 2362.853773467936 222.29813332935765 567.7336371709355
    vertex 2362.853773467936 222.59807621135394 568.161999999995
  endloop
endfacet
facet normal 1.0361080399434198e-14 0.8191520442889791 -0.5735764363510641
  outer loop
    vertex 2362.853773467936 222.29813332935765 567.7336371709355
    vertex 2363.3537734679367 222.59807621135394 568.161999999995
    vertex 2363.3537734679367 222.29813332935757 567.7336371709355
  endloop
endfacet
facet normal 1.2087153612665157e-14 0.9063077870366463 -0.4226182617407078
  outer loop
    vertex 2363.3537734679367 222.81907786235834 568.6359395700181
    vertex 2362.853773467936 222.59807621135394 568.161999999995
    vertex 2362.853773467936 222.81907786235834 568.6359395700181
  endloop
endfacet
facet normal 1.2087153612665157e-14 0.9063077870366463 -0.4226182617407078
  outer loop
    vertex 2362.853773467936 222.59807621135394 568.161999999995
    vertex 2363.3537734679367 222.81907786235834 568.6359395700181
    vertex 2363.3537734679367 222.59807621135394 568.161999999995
  endloop
endfacet
facet normal 1.3445964779770053e-14 0.9659258262890683 -0.2588190451025205
  outer loop
    vertex 2363.3537734679367 222.95442325903727 569.1410554669943
    vertex 2362.853773467936 222.81907786235834 568.6359395700181
    vertex 2362.853773467936 222.95442325903727 569.1410554669943
  endloop
endfacet
facet normal 1.3445964779770053e-14 0.9659258262890683 -0.2588190451025205
  outer loop
    vertex 2362.853773467936 222.81907786235834 568.6359395700181
    vertex 2363.3537734679367 222.95442325903727 569.1410554669943
    vertex 2363.3537734679367 222.81907786235834 568.6359395700181
  endloop
endfacet
facet normal 1.0 -1.3037526721808802e-14 -2.942091015256748e-15
  outer loop
    vertex 2373.7037734679366 206.97905546700028 572.6164232590318
    vertex 2373.7037734679366 208.0209445330019 572.6164232590318
    vertex 2373.7037734679366 207.50000000000108 572.6619999999953
  endloop
endfacet
facet normal 1.0 -1.3037526721808802e-14 -2.942091015256748e-15
  outer loop
    vertex 2373.7037734679366 208.0209445330019 572.6164232590318
    vertex 2373.7037734679366 206.97905546700028 572.6164232590318
    vertex 2373.7037734679366 206.47393957002404 572.481077862353
  endloop
endfacet
facet normal 1.0 -1.3037526721808802e-14 -2.942091015256748e-15
  outer loop
    vertex 2373.7037734679366 208.0209445330019 572.6164232590318
    vertex 2373.7037734679366 206.47393957002404 572.481077862353
    vertex 2373.7037734679366 208.52606042997812 572.481077862353
  endloop
endfacet
facet normal 1.0 -1.3037526721808802e-14 -2.942091015256748e-15
  outer loop
    vertex 2373.7037734679366 208.52606042997812 572.481077862353
    vertex 2373.7037734679366 206.47393957002404 572.481077862353
    vertex 2373.7037734679366 206.00000000000108 572.2600762113485
  endloop
endfacet
facet normal 1.0 -1.3037526721808802e-14 -2.942091015256748e-15
  outer loop
    vertex 2373.7037734679366 208.52606042997812 572.481077862353
    vertex 2373.7037734679366 206.00000000000108 572.2600762113485
    vertex 2373.7037734679366 209.0000000000011 572.2600762113485
  endloop
endfacet
facet normal 1.0 -1.3037526721808802e-14 -2.942091015256748e-15
  outer loop
    vertex 2373.7037734679366 209.0000000000011 572.2600762113485
    vertex 2373.7037734679366 206.00000000000108 572.2600762113485
    vertex 2373.7037734679366 207.50000000000108 572.2119999999951
  endloop
endfacet
facet normal 1.0 -1.3037526721808802e-14 -2.942091015256748e-15
  outer loop
    vertex 2373.7037734679366 207.50000000000108 572.2119999999951
    vertex 2373.7037734679366 206.00000000000108 572.2600762113485
    vertex 2373.7037734679366 207.0571971469504 572.1732597701763
  endloop
endfacet
facet normal 1.0 -1.3037526721808802e-14 -2.942091015256748e-15
  outer loop
    vertex 2373.7037734679366 207.0571971469504 572.1732597701763
    vertex 2373.7037734679366 206.00000000000108 572.2600762113485
    vertex 2373.7037734679366 205.57163717094144 571.9601333293521
  endloop
endfacet
facet normal 1.0 -1.3037526721808802e-14 -2.942091015256748e-15
  outer loop
    vertex 2373.7037734679366 207.0571971469504 572.1732597701763
    vertex 2373.7037734679366 205.57163717094144 571.9601333293521
    vertex 2373.7037734679366 206.62784863452063 572.0582161829992
  endloop
endfacet
facet normal 1.0 -1.3037526721808802e-14 -2.942091015256748e-15
  outer loop
    vertex 2373.7037734679366 206.62784863452063 572.0582161829992
    vertex 2373.7037734679366 205.57163717094144 571.9601333293521
    vertex 2373.7037734679366 206.2250000000011 571.8703647796455
  endloop
endfacet
facet normal 1.0 -1.3037526721808802e-14 -2.942091015256748e-15
  outer loop
    vertex 2373.7037734679366 206.2250000000011 571.8703647796455
    vertex 2373.7037734679366 205.57163717094144 571.9601333293521
    vertex 2373.7037734679366 205.2018666706441 571.5903628290548
  endloop
endfacet
facet normal 1.0 -1.3037526721808802e-14 -2.942091015256748e-15
  outer loop
    vertex 2373.7037734679366 206.2250000000011 571.8703647796455
    vertex 2373.7037734679366 205.2018666706441 571.5903628290548
    vertex 2373.7037734679366 205.8608915953004 571.6154133299485
  endloop
endfacet
facet normal 1.0 -1.3037526721808802e-14 -2.942091015256748e-15
  outer loop
    vertex 2373.7037734679366 205.8608915953004 571.6154133299485
    vertex 2373.7037734679366 205.2018666706441 571.5903628290548
    vertex 2373.7037734679366 205.54658667004776 571.3011084046958
  endloop
endfacet
facet normal 1.0 -1.3037526721808802e-14 -2.942091015256748e-15
  outer loop
    vertex 2373.7037734679366 205.54658667004776 571.3011084046958
    vertex 2373.7037734679366 205.2018666706441 571.5903628290548
    vertex 2373.7037734679366 204.90192378864782 571.1619999999951
  endloop
endfacet
facet normal 1.0 -1.3037526721808802e-14 -2.942091015256748e-15
  outer loop
    vertex 2373.7037734679366 205.54658667004776 571.3011084046958
    vertex 2373.7037734679366 204.90192378864782 571.1619999999951
    vertex 2373.7037734679366 205.29163522035086 570.9369999999952
  endloop
endfacet
facet normal 1.0 -1.3037526721808802e-14 -2.942091015256748e-15
  outer loop
    vertex 2373.7037734679366 205.29163522035086 570.9369999999952
    vertex 2373.7037734679366 204.90192378864782 571.1619999999951
    vertex 2373.7037734679366 204.68092213764342 570.6880604299722
  endloop
endfacet
facet normal 1.0 -1.3037526721808802e-14 -2.942091015256748e-15
  outer loop
    vertex 2373.7037734679366 205.29163522035086 570.9369999999952
    vertex 2373.7037734679366 204.68092213764342 570.6880604299722
    vertex 2373.7037734679366 205.10378381699712 570.5341513654756
  endloop
endfacet
facet normal 1.0 -1.3037526721808802e-14 -2.942091015256748e-15
  outer loop
    vertex 2373.7037734679366 205.10378381699712 570.5341513654756
    vertex 2373.7037734679366 204.68092213764342 570.6880604299722
    vertex 2373.7037734679366 204.5455767409645 570.182944532996
  endloop
endfacet
facet normal 1.0 -1.3037526721808802e-14 -2.942091015256748e-15
  outer loop
    vertex 2373.7037734679366 205.10378381699712 570.5341513654756
    vertex 2373.7037734679366 204.5455767409645 570.182944532996
    vertex 2373.7037734679366 204.98874022982002 570.104802853046
  endloop
endfacet
facet normal 1.0 -1.3037526721808802e-14 -2.942091015256748e-15
  outer loop
    vertex 2373.7037734679366 204.98874022982002 570.104802853046
    vertex 2373.7037734679366 204.5455767409645 570.182944532996
    vertex 2373.7037734679366 204.50000000000114 569.6619999999951
  endloop
endfacet
facet normal 1.0 -1.3037526721808802e-14 -2.942091015256748e-15
  outer loop
    vertex 2373.7037734679366 204.98874022982002 570.104802853046
    vertex 2373.7037734679366 204.50000000000114 569.6619999999951
    vertex 2373.7037734679366 204.95000000000118 569.6619999999951
  endloop
endfacet
facet normal 1.0 -1.3037526721808802e-14 -2.942091015256748e-15
  outer loop
    vertex 2373.7037734679366 204.95000000000118 569.6619999999951
    vertex 2373.7037734679366 204.50000000000114 569.6619999999951
    vertex 2373.7037734679366 204.5455767409645 569.1410554669944
  endloop
endfacet
facet normal 1.0 -1.3037526721808802e-14 -2.942091015256748e-15
  outer loop
    vertex 2373.7037734679366 204.95000000000118 569.6619999999951
    vertex 2373.7037734679366 204.5455767409645 569.1410554669944
    vertex 2373.7037734679366 204.98874022982002 569.2191971469445
  endloop
endfacet
facet normal 1.0 -1.3037526721808802e-14 -2.942091015256748e-15
  outer loop
    vertex 2373.7037734679366 204.98874022982002 569.2191971469445
    vertex 2373.7037734679366 204.5455767409645 569.1410554669944
    vertex 2373.7037734679366 205.10378381699712 568.7898486345147
  endloop
endfacet
facet normal 1.0 -1.3037526721808802e-14 -2.942091015256748e-15
  outer loop
    vertex 2373.7037734679366 205.10378381699712 568.7898486345147
    vertex 2373.7037734679366 204.5455767409645 569.1410554669944
    vertex 2373.7037734679366 204.68092213764342 568.6359395700181
  endloop
endfacet
facet normal 1.0 -1.3037526721808802e-14 -2.942091015256748e-15
  outer loop
    vertex 2373.7037734679366 205.10378381699712 568.7898486345147
    vertex 2373.7037734679366 204.68092213764342 568.6359395700181
    vertex 2373.7037734679366 205.29163522035086 568.386999999995
  endloop
endfacet
facet normal 1.0 -1.3037526721808802e-14 -2.942091015256748e-15
  outer loop
    vertex 2373.7037734679366 205.29163522035086 568.386999999995
    vertex 2373.7037734679366 204.68092213764342 568.6359395700181
    vertex 2373.7037734679366 204.90192378864782 568.1619999999951
  endloop
endfacet
facet normal 1.0 -1.3037526721808802e-14 -2.942091015256748e-15
  outer loop
    vertex 2373.7037734679366 205.29163522035086 568.386999999995
    vertex 2373.7037734679366 204.90192378864782 568.1619999999951
    vertex 2373.7037734679366 205.54658667004776 568.0228915952946
  endloop
endfacet
facet normal 1.0 -1.3037526721808802e-14 -2.942091015256748e-15
  outer loop
    vertex 2373.7037734679366 205.54658667004776 568.0228915952946
    vertex 2373.7037734679366 204.90192378864782 568.1619999999951
    vertex 2373.7037734679366 205.2018666706442 567.7336371709356
  endloop
endfacet
facet normal 1.0 -1.3037526721808802e-14 -2.942091015256748e-15
  outer loop
    vertex 2373.7037734679366 205.54658667004776 568.0228915952946
    vertex 2373.7037734679366 205.2018666706442 567.7336371709356
    vertex 2373.7037734679366 205.86089159530047 567.7085866700419
  endloop
endfacet
facet normal 1.0 -1.3037526721808802e-14 -2.942091015256748e-15
  outer loop
    vertex 2373.7037734679366 205.86089159530047 567.7085866700419
    vertex 2373.7037734679366 205.2018666706442 567.7336371709356
    vertex 2373.7037734679366 205.57163717094156 567.3638666706382
  endloop
endfacet
facet normal 1.0 -1.3037526721808802e-14 -2.942091015256748e-15
  outer loop
    vertex 2373.7037734679366 205.86089159530047 567.7085866700419
    vertex 2373.7037734679366 205.57163717094156 567.3638666706382
    vertex 2373.7037734679366 206.2250000000012 567.453635220345
  endloop
endfacet
facet normal 1.0 -1.3037526721808802e-14 -2.942091015256748e-15
  outer loop
    vertex 2373.7037734679366 206.2250000000012 567.453635220345
    vertex 2373.7037734679366 205.57163717094156 567.3638666706382
    vertex 2373.7037734679366 206.62784863452072 567.2657838169911
  endloop
endfacet
facet normal 1.0 -1.3037526721808802e-14 -2.942091015256748e-15
  outer loop
    vertex 2373.7037734679366 206.62784863452072 567.2657838169911
    vertex 2373.7037734679366 205.57163717094156 567.3638666706382
    vertex 2373.7037734679366 206.0000000000011 567.0639237886418
  endloop
endfacet
facet normal 1.0 -1.3037526721808802e-14 -2.942091015256748e-15
  outer loop
    vertex 2373.7037734679366 206.62784863452072 567.2657838169911
    vertex 2373.7037734679366 206.0000000000011 567.0639237886418
    vertex 2373.7037734679366 207.05719714695047 567.1507402298141
  endloop
endfacet
facet normal 1.0 -1.3037526721808802e-14 -2.942091015256748e-15
  outer loop
    vertex 2373.7037734679366 207.05719714695047 567.1507402298141
    vertex 2373.7037734679366 206.0000000000011 567.0639237886418
    vertex 2373.7037734679366 207.50000000000114 567.1119999999952
  endloop
endfacet
facet normal 1.0 -1.3037526721808802e-14 -2.942091015256748e-15
  outer loop
    vertex 2373.7037734679366 209.0000000000011 572.2600762113485
    vertex 2373.7037734679366 207.94280285305177 572.1732597701763
    vertex 2373.7037734679366 209.42836282906072 571.9601333293521
  endloop
endfacet
facet normal 1.0 -1.3037526721808802e-14 -2.942091015256748e-15
  outer loop
    vertex 2373.7037734679366 207.94280285305177 572.1732597701763
    vertex 2373.7037734679366 209.0000000000011 572.2600762113485
    vertex 2373.7037734679366 207.50000000000108 572.2119999999951
  endloop
endfacet
facet normal 1.0 -1.3037526721808802e-14 -2.942091015256748e-15
  outer loop
    vertex 2373.7037734679366 209.42836282906072 571.9601333293521
    vertex 2373.7037734679366 207.94280285305177 572.1732597701763
    vertex 2373.7037734679366 208.37215136548153 572.0582161829992
  endloop
endfacet
facet normal 1.0 -1.3037526721808802e-14 -2.942091015256748e-15
  outer loop
    vertex 2373.7037734679366 209.42836282906072 571.9601333293521
    vertex 2373.7037734679366 208.37215136548153 572.0582161829992
    vertex 2373.7037734679366 208.7750000000011 571.8703647796455
  endloop
endfacet
facet normal 1.0 -1.3037526721808802e-14 -2.942091015256748e-15
  outer loop
    vertex 2373.7037734679366 209.42836282906072 571.9601333293521
    vertex 2373.7037734679366 208.7750000000011 571.8703647796455
    vertex 2373.7037734679366 209.79813332935808 571.5903628290548
  endloop
endfacet
facet normal 1.0 -1.3037526721808802e-14 -2.942091015256748e-15
  outer loop
    vertex 2373.7037734679366 209.79813332935808 571.5903628290548
    vertex 2373.7037734679366 208.7750000000011 571.8703647796455
    vertex 2373.7037734679366 209.1391084047018 571.6154133299485
  endloop
endfacet
facet normal 1.0 -1.3037526721808802e-14 -2.942091015256748e-15
  outer loop
    vertex 2373.7037734679366 209.79813332935808 571.5903628290548
    vertex 2373.7037734679366 209.1391084047018 571.6154133299485
    vertex 2373.7037734679366 209.4534133299545 571.3011084046958
  endloop
endfacet
facet normal 1.0 -1.3037526721808802e-14 -2.942091015256748e-15
  outer loop
    vertex 2373.7037734679366 209.79813332935808 571.5903628290548
    vertex 2373.7037734679366 209.4534133299545 571.3011084046958
    vertex 2373.7037734679366 210.09807621135442 571.1619999999951
  endloop
endfacet
facet normal 1.0 -1.3037526721808802e-14 -2.942091015256748e-15
  outer loop
    vertex 2373.7037734679366 210.09807621135442 571.1619999999951
    vertex 2373.7037734679366 209.4534133299545 571.3011084046958
    vertex 2373.7037734679366 209.70836477965142 570.9369999999952
  endloop
endfacet
facet normal 1.0 -1.3037526721808802e-14 -2.942091015256748e-15
  outer loop
    vertex 2373.7037734679366 210.09807621135442 571.1619999999951
    vertex 2373.7037734679366 209.70836477965142 570.9369999999952
    vertex 2373.7037734679366 210.31907786235894 570.6880604299722
  endloop
endfacet
facet normal 1.0 -1.3037526721808802e-14 -2.942091015256748e-15
  outer loop
    vertex 2373.7037734679366 210.31907786235894 570.6880604299722
    vertex 2373.7037734679366 209.70836477965142 570.9369999999952
    vertex 2373.7037734679366 209.89621618300524 570.5341513654756
  endloop
endfacet
facet normal 1.0 -1.3037526721808802e-14 -2.942091015256748e-15
  outer loop
    vertex 2373.7037734679366 210.31907786235894 570.6880604299722
    vertex 2373.7037734679366 209.89621618300524 570.5341513654756
    vertex 2373.7037734679366 210.45442325903784 570.182944532996
  endloop
endfacet
facet normal 1.0 -1.3037526721808802e-14 -2.942091015256748e-15
  outer loop
    vertex 2373.7037734679366 210.45442325903784 570.182944532996
    vertex 2373.7037734679366 209.89621618300524 570.5341513654756
    vertex 2373.7037734679366 210.01125977018233 570.104802853046
  endloop
endfacet
facet normal 1.0 -1.3037526721808802e-14 -2.942091015256748e-15
  outer loop
    vertex 2373.7037734679366 210.45442325903784 570.182944532996
    vertex 2373.7037734679366 210.01125977018233 570.104802853046
    vertex 2373.7037734679366 210.50000000000054 569.661999999995
  endloop
endfacet
facet normal 1.0 -1.3037526721808802e-14 -2.942091015256748e-15
  outer loop
    vertex 2373.7037734679366 210.50000000000054 569.661999999995
    vertex 2373.7037734679366 210.01125977018233 570.104802853046
    vertex 2373.7037734679366 210.05000000000118 569.6619999999951
  endloop
endfacet
facet normal 1.0 -1.3037526721808802e-14 -2.942091015256748e-15
  outer loop
    vertex 2373.7037734679366 210.50000000000054 569.661999999995
    vertex 2373.7037734679366 210.05000000000118 569.6619999999951
    vertex 2373.7037734679366 210.01125977018233 569.2191971469445
  endloop
endfacet
facet normal 1.0 -1.3037526721808802e-14 -2.942091015256748e-15
  outer loop
    vertex 2373.7037734679366 210.50000000000054 569.661999999995
    vertex 2373.7037734679366 210.01125977018233 569.2191971469445
    vertex 2373.7037734679366 210.45442325903784 569.1410554669944
  endloop
endfacet
facet normal 1.0 -1.3037526721808802e-14 -2.942091015256748e-15
  outer loop
    vertex 2373.7037734679366 210.45442325903784 569.1410554669944
    vertex 2373.7037734679366 210.01125977018233 569.2191971469445
    vertex 2373.7037734679366 209.89621618300524 568.7898486345147
  endloop
endfacet
facet normal 1.0 -1.3037526721808802e-14 -2.942091015256748e-15
  outer loop
    vertex 2373.7037734679366 210.45442325903784 569.1410554669944
    vertex 2373.7037734679366 209.89621618300524 568.7898486345147
    vertex 2373.7037734679366 210.31907786235894 568.6359395700181
  endloop
endfacet
facet normal 1.0 -1.3037526721808802e-14 -2.942091015256748e-15
  outer loop
    vertex 2373.7037734679366 210.31907786235894 568.6359395700181
    vertex 2373.7037734679366 209.89621618300524 568.7898486345147
    vertex 2373.7037734679366 209.7083647796515 568.386999999995
  endloop
endfacet
facet normal 1.0 -1.3037526721808802e-14 -2.942091015256748e-15
  outer loop
    vertex 2373.7037734679366 210.31907786235894 568.6359395700181
    vertex 2373.7037734679366 209.7083647796515 568.386999999995
    vertex 2373.7037734679366 210.0980762113545 568.1619999999951
  endloop
endfacet
facet normal 1.0 -1.3037526721808802e-14 -2.942091015256748e-15
  outer loop
    vertex 2373.7037734679366 210.0980762113545 568.1619999999951
    vertex 2373.7037734679366 209.7083647796515 568.386999999995
    vertex 2373.7037734679366 209.4534133299546 568.0228915952946
  endloop
endfacet
facet normal 1.0 -1.3037526721808802e-14 -2.942091015256748e-15
  outer loop
    vertex 2373.7037734679366 210.0980762113545 568.1619999999951
    vertex 2373.7037734679366 209.4534133299546 568.0228915952946
    vertex 2373.7037734679366 209.79813332935817 567.7336371709356
  endloop
endfacet
facet normal 1.0 -1.3037526721808802e-14 -2.942091015256748e-15
  outer loop
    vertex 2373.7037734679366 209.79813332935817 567.7336371709356
    vertex 2373.7037734679366 209.4534133299546 568.0228915952946
    vertex 2373.7037734679366 209.1391084047019 567.7085866700419
  endloop
endfacet
facet normal 1.0 -1.3037526721808802e-14 -2.942091015256748e-15
  outer loop
    vertex 2373.7037734679366 209.79813332935817 567.7336371709356
    vertex 2373.7037734679366 209.1391084047019 567.7085866700419
    vertex 2373.7037734679366 209.4283628290608 567.3638666706382
  endloop
endfacet
facet normal 1.0 -1.3037526721808802e-14 -2.942091015256748e-15
  outer loop
    vertex 2373.7037734679366 209.4283628290608 567.3638666706382
    vertex 2373.7037734679366 209.1391084047019 567.7085866700419
    vertex 2373.7037734679366 208.7750000000012 567.453635220345
  endloop
endfacet
facet normal 1.0 -1.3037526721808802e-14 -2.942091015256748e-15
  outer loop
    vertex 2373.7037734679366 209.4283628290608 567.3638666706382
    vertex 2373.7037734679366 208.7750000000012 567.453635220345
    vertex 2373.7037734679366 208.3721513654816 567.2657838169911
  endloop
endfacet
facet normal 1.0 -1.3037526721808802e-14 -2.942091015256748e-15
  outer loop
    vertex 2373.7037734679366 209.4283628290608 567.3638666706382
    vertex 2373.7037734679366 208.3721513654816 567.2657838169911
    vertex 2373.7037734679366 209.00000000000117 567.0639237886418
  endloop
endfacet
facet normal 1.0 -1.3037526721808802e-14 -2.942091015256748e-15
  outer loop
    vertex 2373.7037734679366 209.00000000000117 567.0639237886418
    vertex 2373.7037734679366 208.3721513654816 567.2657838169911
    vertex 2373.7037734679366 207.94280285305186 567.1507402298141
  endloop
endfacet
facet normal 1.0 -1.3037526721808802e-14 -2.942091015256748e-15
  outer loop
    vertex 2373.7037734679366 209.00000000000117 567.0639237886418
    vertex 2373.7037734679366 207.94280285305186 567.1507402298141
    vertex 2373.7037734679366 207.50000000000114 567.1119999999952
  endloop
endfacet
facet normal 1.0 -1.3037526721808802e-14 -2.942091015256748e-15
  outer loop
    vertex 2373.7037734679366 209.00000000000117 567.0639237886418
    vertex 2373.7037734679366 207.50000000000114 567.1119999999952
    vertex 2373.7037734679366 206.0000000000011 567.0639237886418
  endloop
endfacet
facet normal 1.0 -1.3037526721808802e-14 -2.942091015256748e-15
  outer loop
    vertex 2373.7037734679366 209.00000000000117 567.0639237886418
    vertex 2373.7037734679366 206.0000000000011 567.0639237886418
    vertex 2373.7037734679366 206.4739395700241 566.8429221376373
  endloop
endfacet
facet normal 1.0 -1.3037526721808802e-14 -2.942091015256748e-15
  outer loop
    vertex 2373.7037734679366 209.00000000000117 567.0639237886418
    vertex 2373.7037734679366 206.4739395700241 566.8429221376373
    vertex 2373.7037734679366 208.52606042997812 566.8429221376373
  endloop
endfacet
facet normal 1.0 -1.3037526721808802e-14 -2.942091015256748e-15
  outer loop
    vertex 2373.7037734679366 208.52606042997812 566.8429221376373
    vertex 2373.7037734679366 206.4739395700241 566.8429221376373
    vertex 2373.7037734679366 206.9790554670003 566.7075767409585
  endloop
endfacet
facet normal 1.0 -1.3037526721808802e-14 -2.942091015256748e-15
  outer loop
    vertex 2373.7037734679366 208.52606042997812 566.8429221376373
    vertex 2373.7037734679366 206.9790554670003 566.7075767409585
    vertex 2373.7037734679366 208.02094453300194 566.7075767409585
  endloop
endfacet
facet normal 1.0 -1.3037526721808802e-14 -2.942091015256748e-15
  outer loop
    vertex 2373.7037734679366 208.02094453300194 566.7075767409585
    vertex 2373.7037734679366 206.9790554670003 566.7075767409585
    vertex 2373.7037734679366 207.50000000000114 566.6619999999951
  endloop
endfacet
facet normal 1.273149486883468e-14 0.996194698091857 -0.08715574274638352
  outer loop
    vertex 2373.7037734679366 210.50000000000054 569.661999999995
    vertex 2373.2037734679366 210.45442325903784 569.1410554669944
    vertex 2373.2037734679366 210.50000000000054 569.661999999995
  endloop
endfacet
facet normal 1.273149486883468e-14 0.996194698091857 -0.08715574274638352
  outer loop
    vertex 2373.2037734679366 210.45442325903784 569.1410554669944
    vertex 2373.7037734679366 210.50000000000054 569.661999999995
    vertex 2373.7037734679366 210.45442325903784 569.1410554669944
  endloop
endfacet
facet normal 1.1831814584355519e-14 0.9659258262890683 -0.2588190451025205
  outer loop
    vertex 2373.7037734679366 210.45442325903784 569.1410554669944
    vertex 2373.2037734679366 210.31907786235894 568.6359395700181
    vertex 2373.2037734679366 210.45442325903784 569.1410554669944
  endloop
endfacet
facet normal 1.1831814584355519e-14 0.9659258262890683 -0.2588190451025205
  outer loop
    vertex 2373.2037734679366 210.31907786235894 568.6359395700181
    vertex 2373.7037734679366 210.45442325903784 569.1410554669944
    vertex 2373.7037734679366 210.31907786235894 568.6359395700181
  endloop
endfacet
facet normal 1.0572630600922917e-14 0.9063077870366463 -0.4226182617407078
  outer loop
    vertex 2373.7037734679366 210.31907786235894 568.6359395700181
    vertex 2373.2037734679366 210.0980762113545 568.1619999999951
    vertex 2373.2037734679366 210.31907786235894 568.6359395700181
  endloop
endfacet
facet normal 1.0572630600922917e-14 0.9063077870366463 -0.4226182617407078
  outer loop
    vertex 2373.2037734679366 210.0980762113545 568.1619999999951
    vertex 2373.7037734679366 210.31907786235894 568.6359395700181
    vertex 2373.7037734679366 210.0980762113545 568.1619999999951
  endloop
endfacet
facet normal 8.992202586690428e-15 0.8191520442889791 -0.5735764363510641
  outer loop
    vertex 2373.7037734679366 210.0980762113545 568.1619999999951
    vertex 2373.2037734679366 209.79813332935817 567.7336371709356
    vertex 2373.2037734679366 210.0980762113545 568.1619999999951
  endloop
endfacet
facet normal 8.992202586690428e-15 0.8191520442889791 -0.5735764363510641
  outer loop
    vertex 2373.2037734679366 209.79813332935817 567.7336371709356
    vertex 2373.7037734679366 210.0980762113545 568.1619999999951
    vertex 2373.7037734679366 209.79813332935817 567.7336371709356
  endloop
endfacet
facet normal 7.138551047135145e-15 0.7071067811865087 -0.7071067811865863
  outer loop
    vertex 2373.2037734679366 209.79813332935817 567.7336371709356
    vertex 2373.7037734679366 209.4283628290608 567.3638666706382
    vertex 2373.2037734679366 209.4283628290608 567.3638666706382
  endloop
endfacet
facet normal 7.138551047135145e-15 0.7071067811865087 -0.7071067811865863
  outer loop
    vertex 2373.7037734679366 209.4283628290608 567.3638666706382
    vertex 2373.2037734679366 209.79813332935817 567.7336371709356
    vertex 2373.7037734679366 209.79813332935817 567.7336371709356
  endloop
endfacet
facet normal 5.067998246296352e-15 0.5735764363511495 -0.8191520442889195
  outer loop
    vertex 2373.2037734679366 209.4283628290608 567.3638666706382
    vertex 2373.7037734679366 209.00000000000117 567.0639237886418
    vertex 2373.2037734679366 209.00000000000117 567.0639237886418
  endloop
endfacet
facet normal 5.067998246296352e-15 0.5735764363511495 -0.8191520442889195
  outer loop
    vertex 2373.7037734679366 209.00000000000117 567.0639237886418
    vertex 2373.2037734679366 209.4283628290608 567.3638666706382
    vertex 2373.7037734679366 209.4283628290608 567.3638666706382
  endloop
endfacet
facet normal 2.8434568832728494e-15 0.4226182617408276 -0.9063077870365902
  outer loop
    vertex 2373.2037734679366 209.00000000000117 567.0639237886418
    vertex 2373.7037734679366 208.52606042997812 566.8429221376373
    vertex 2373.203773467937 208.52606042997812 566.8429221376373
  endloop
endfacet
facet normal 2.8434568832728494e-15 0.4226182617408276 -0.9063077870365902
  outer loop
    vertex 2373.7037734679366 208.52606042997812 566.8429221376373
    vertex 2373.2037734679366 209.00000000000117 567.0639237886418
    vertex 2373.7037734679366 209.00000000000117 567.0639237886418
  endloop
endfacet
facet normal 5.325185217050537e-16 0.258819045102334 -0.9659258262891183
  outer loop
    vertex 2373.203773467937 208.52606042997812 566.8429221376373
    vertex 2373.7037734679366 208.02094453300194 566.7075767409585
    vertex 2373.203773467937 208.02094453300194 566.7075767409585
  endloop
endfacet
facet normal 5.325185217050537e-16 0.258819045102334 -0.9659258262891183
  outer loop
    vertex 2373.7037734679366 208.02094453300194 566.7075767409585
    vertex 2373.203773467937 208.52606042997812 566.8429221376373
    vertex 2373.7037734679366 208.52606042997812 566.8429221376373
  endloop
endfacet
facet normal -1.794600145669513e-15 0.08715574274772837 -0.9961946980917394
  outer loop
    vertex 2373.203773467937 208.02094453300194 566.7075767409585
    vertex 2373.7037734679366 207.50000000000114 566.6619999999951
    vertex 2373.203773467937 207.50000000000114 566.6619999999951
  endloop
endfacet
facet normal -1.794600145669513e-15 0.08715574274772837 -0.9961946980917394
  outer loop
    vertex 2373.7037734679366 207.50000000000114 566.6619999999951
    vertex 2373.203773467937 208.02094453300194 566.7075767409585
    vertex 2373.7037734679366 208.02094453300194 566.7075767409585
  endloop
endfacet
facet normal -4.067190795734561e-15 -0.08715574274771608 -0.9961946980917405
  outer loop
    vertex 2373.203773467937 207.50000000000114 566.6619999999951
    vertex 2373.7037734679366 206.9790554670003 566.7075767409585
    vertex 2373.203773467937 206.9790554670003 566.7075767409585
  endloop
endfacet
facet normal -4.067190795734561e-15 -0.08715574274771608 -0.9961946980917405
  outer loop
    vertex 2373.7037734679366 206.9790554670003 566.7075767409585
    vertex 2373.203773467937 207.50000000000114 566.6619999999951
    vertex 2373.7037734679366 207.50000000000114 566.6619999999951
  endloop
endfacet
facet normal -6.216201911563974e-15 -0.25881904510230064 -0.9659258262891274
  outer loop
    vertex 2373.203773467937 206.9790554670003 566.7075767409585
    vertex 2373.7037734679366 206.4739395700241 566.8429221376373
    vertex 2373.203773467937 206.4739395700241 566.8429221376373
  endloop
endfacet
facet normal -6.216201911563974e-15 -0.25881904510230064 -0.9659258262891274
  outer loop
    vertex 2373.7037734679366 206.4739395700241 566.8429221376373
    vertex 2373.203773467937 206.9790554670003 566.7075767409585
    vertex 2373.7037734679366 206.9790554670003 566.7075767409585
  endloop
endfacet
facet normal -8.176336877868262e-15 -0.42261826174084954 -0.9063077870365801
  outer loop
    vertex 2373.203773467937 206.4739395700241 566.8429221376373
    vertex 2373.7037734679366 206.0000000000011 567.0639237886418
    vertex 2373.2037734679366 206.0000000000011 567.0639237886418
  endloop
endfacet
facet normal -8.176336877868262e-15 -0.42261826174084954 -0.9063077870365801
  outer loop
    vertex 2373.7037734679366 206.0000000000011 567.0639237886418
    vertex 2373.203773467937 206.4739395700241 566.8429221376373
    vertex 2373.7037734679366 206.4739395700241 566.8429221376373
  endloop
endfacet
facet normal -9.888037985559493e-15 -0.5735764363511394 -0.8191520442889264
  outer loop
    vertex 2373.2037734679366 206.0000000000011 567.0639237886418
    vertex 2373.7037734679366 205.57163717094156 567.3638666706382
    vertex 2373.2037734679366 205.57163717094156 567.3638666706382
  endloop
endfacet
facet normal -9.888037985559493e-15 -0.5735764363511394 -0.8191520442889264
  outer loop
    vertex 2373.7037734679366 205.57163717094156 567.3638666706382
    vertex 2373.2037734679366 206.0000000000011 567.0639237886418
    vertex 2373.7037734679366 206.0000000000011 567.0639237886418
  endloop
endfacet
facet normal -1.1299296062647403e-14 -0.7071067811865 -0.707106781186595
  outer loop
    vertex 2373.2037734679366 205.57163717094156 567.3638666706382
    vertex 2373.7037734679366 205.2018666706442 567.7336371709356
    vertex 2373.2037734679366 205.2018666706442 567.7336371709356
  endloop
endfacet
facet normal -1.1299296062647403e-14 -0.7071067811865 -0.707106781186595
  outer loop
    vertex 2373.7037734679366 205.2018666706442 567.7336371709356
    vertex 2373.2037734679366 205.57163717094156 567.3638666706382
    vertex 2373.7037734679366 205.57163717094156 567.3638666706382
  endloop
endfacet
facet normal -1.2367230746593267e-14 -0.8191520442889723 -0.5735764363510742
  outer loop
    vertex 2373.7037734679366 205.2018666706442 567.7336371709356
    vertex 2373.2037734679366 204.90192378864782 568.1619999999951
    vertex 2373.2037734679366 205.2018666706442 567.7336371709356
  endloop
endfacet
facet normal -1.2367230746593267e-14 -0.8191520442889723 -0.5735764363510742
  outer loop
    vertex 2373.2037734679366 204.90192378864782 568.1619999999951
    vertex 2373.7037734679366 205.2018666706442 567.7336371709356
    vertex 2373.7037734679366 204.90192378864782 568.1619999999951
  endloop
endfacet
facet normal -1.3059393382424402e-14 -0.9063077870366409 -0.4226182617407189
  outer loop
    vertex 2373.7037734679366 204.90192378864782 568.1619999999951
    vertex 2373.2037734679366 204.68092213764342 568.6359395700181
    vertex 2373.2037734679366 204.90192378864782 568.1619999999951
  endloop
endfacet
facet normal -1.3059393382424402e-14 -0.9063077870366409 -0.4226182617407189
  outer loop
    vertex 2373.2037734679366 204.68092213764342 568.6359395700181
    vertex 2373.7037734679366 204.90192378864782 568.1619999999951
    vertex 2373.7037734679366 204.68092213764342 568.6359395700181
  endloop
endfacet
facet normal -1.3354752958702424e-14 -0.9659258262890652 -0.2588190451025324
  outer loop
    vertex 2373.7037734679366 204.68092213764342 568.6359395700181
    vertex 2373.2037734679366 204.5455767409645 569.1410554669944
    vertex 2373.2037734679366 204.68092213764342 568.6359395700181
  endloop
endfacet
facet normal -1.3354752958702424e-14 -0.9659258262890652 -0.2588190451025324
  outer loop
    vertex 2373.2037734679366 204.5455767409645 569.1410554669944
    vertex 2373.7037734679366 204.68092213764342 568.6359395700181
    vertex 2373.7037734679366 204.5455767409645 569.1410554669944
  endloop
endfacet
facet normal -1.3244335124161285e-14 -0.9961946980917462 -0.08715574274765024
  outer loop
    vertex 2373.7037734679366 204.5455767409645 569.1410554669944
    vertex 2373.2037734679366 204.50000000000114 569.6619999999951
    vertex 2373.2037734679366 204.5455767409645 569.1410554669944
  endloop
endfacet
facet normal -1.3244335124161285e-14 -0.9961946980917462 -0.08715574274765024
  outer loop
    vertex 2373.2037734679366 204.50000000000114 569.6619999999951
    vertex 2373.7037734679366 204.5455767409645 569.1410554669944
    vertex 2373.7037734679366 204.50000000000114 569.6619999999951
  endloop
endfacet
facet normal -1.2731494868829552e-14 -0.9961946980917473 0.08715574274763795
  outer loop
    vertex 2373.7037734679366 204.50000000000114 569.6619999999951
    vertex 2373.2037734679366 204.5455767409645 570.182944532996
    vertex 2373.2037734679366 204.50000000000114 569.6619999999951
  endloop
endfacet
facet normal -1.2731494868829552e-14 -0.9961946980917473 0.08715574274763795
  outer loop
    vertex 2373.2037734679366 204.5455767409645 570.182944532996
    vertex 2373.7037734679366 204.50000000000114 569.6619999999951
    vertex 2373.7037734679366 204.5455767409645 570.182944532996
  endloop
endfacet
facet normal -1.1831814584355519e-14 -0.9659258262890683 0.2588190451025205
  outer loop
    vertex 2373.7037734679366 204.5455767409645 570.182944532996
    vertex 2373.2037734679366 204.68092213764342 570.6880604299722
    vertex 2373.2037734679366 204.5455767409645 570.182944532996
  endloop
endfacet
facet normal -1.1831814584355519e-14 -0.9659258262890683 0.2588190451025205
  outer loop
    vertex 2373.2037734679366 204.68092213764342 570.6880604299722
    vertex 2373.7037734679366 204.5455767409645 570.182944532996
    vertex 2373.7037734679366 204.68092213764342 570.6880604299722
  endloop
endfacet
facet normal -1.0572630600922917e-14 -0.9063077870366463 0.4226182617407078
  outer loop
    vertex 2373.7037734679366 204.68092213764342 570.6880604299722
    vertex 2373.2037734679366 204.90192378864782 571.1619999999951
    vertex 2373.2037734679366 204.68092213764342 570.6880604299722
  endloop
endfacet
facet normal -1.0572630600922917e-14 -0.9063077870366463 0.4226182617407078
  outer loop
    vertex 2373.2037734679366 204.90192378864782 571.1619999999951
    vertex 2373.7037734679366 204.68092213764342 570.6880604299722
    vertex 2373.7037734679366 204.90192378864782 571.1619999999951
  endloop
endfacet
facet normal -8.992202586690428e-15 -0.8191520442889791 0.5735764363510641
  outer loop
    vertex 2373.7037734679366 204.90192378864782 571.1619999999951
    vertex 2373.2037734679366 205.2018666706442 571.5903628290548
    vertex 2373.2037734679366 204.90192378864782 571.1619999999951
  endloop
endfacet
facet normal -8.992202586690428e-15 -0.8191520442889791 0.5735764363510641
  outer loop
    vertex 2373.2037734679366 205.2018666706442 571.5903628290548
    vertex 2373.7037734679366 204.90192378864782 571.1619999999951
    vertex 2373.7037734679366 205.2018666706441 571.5903628290548
  endloop
endfacet
facet normal -7.138551047135145e-15 -0.7071067811865087 0.7071067811865863
  outer loop
    vertex 2373.7037734679366 205.57163717094144 571.9601333293521
    vertex 2373.2037734679366 205.2018666706442 571.5903628290548
    vertex 2373.7037734679366 205.2018666706441 571.5903628290548
  endloop
endfacet
facet normal -7.138551047135145e-15 -0.7071067811865087 0.7071067811865863
  outer loop
    vertex 2373.2037734679366 205.2018666706442 571.5903628290548
    vertex 2373.7037734679366 205.57163717094144 571.9601333293521
    vertex 2373.203773467937 205.57163717094156 571.9601333293521
  endloop
endfacet
facet normal -5.067998246296352e-15 -0.5735764363511495 0.8191520442889195
  outer loop
    vertex 2373.7037734679366 206.00000000000108 572.2600762113485
    vertex 2373.203773467937 205.57163717094156 571.9601333293521
    vertex 2373.7037734679366 205.57163717094144 571.9601333293521
  endloop
endfacet
facet normal -5.067998246296352e-15 -0.5735764363511495 0.8191520442889195
  outer loop
    vertex 2373.203773467937 205.57163717094156 571.9601333293521
    vertex 2373.7037734679366 206.00000000000108 572.2600762113485
    vertex 2373.203773467937 206.00000000000117 572.2600762113485
  endloop
endfacet
facet normal -2.843456883273326e-15 -0.42261826174086065 0.9063077870365748
  outer loop
    vertex 2373.7037734679366 206.47393957002404 572.481077862353
    vertex 2373.203773467937 206.00000000000117 572.2600762113485
    vertex 2373.7037734679366 206.00000000000108 572.2600762113485
  endloop
endfacet
facet normal -2.843456883273326e-15 -0.42261826174086065 0.9063077870365748
  outer loop
    vertex 2373.203773467937 206.00000000000117 572.2600762113485
    vertex 2373.7037734679366 206.47393957002404 572.481077862353
    vertex 2373.203773467937 206.47393957002404 572.481077862353
  endloop
endfacet
facet normal -5.325185217047553e-16 -0.2588190451023125 0.9659258262891243
  outer loop
    vertex 2373.7037734679366 206.97905546700028 572.6164232590318
    vertex 2373.203773467937 206.47393957002404 572.481077862353
    vertex 2373.7037734679366 206.47393957002404 572.481077862353
  endloop
endfacet
facet normal -5.325185217047553e-16 -0.2588190451023125 0.9659258262891243
  outer loop
    vertex 2373.203773467937 206.47393957002404 572.481077862353
    vertex 2373.7037734679366 206.97905546700028 572.6164232590318
    vertex 2373.203773467937 206.9790554670003 572.6164232590318
  endloop
endfacet
facet normal 1.794600145669513e-15 -0.08715574274772837 0.9961946980917394
  outer loop
    vertex 2373.7037734679366 207.50000000000108 572.6619999999953
    vertex 2373.203773467937 206.9790554670003 572.6164232590318
    vertex 2373.7037734679366 206.97905546700028 572.6164232590318
  endloop
endfacet
facet normal 1.794600145669513e-15 -0.08715574274772837 0.9961946980917394
  outer loop
    vertex 2373.203773467937 206.9790554670003 572.6164232590318
    vertex 2373.7037734679366 207.50000000000108 572.6619999999953
    vertex 2373.203773467937 207.50000000000108 572.6619999999953
  endloop
endfacet
facet normal 4.067190795734561e-15 0.08715574274771608 0.9961946980917405
  outer loop
    vertex 2373.7037734679366 208.0209445330019 572.6164232590318
    vertex 2373.203773467937 207.50000000000108 572.6619999999953
    vertex 2373.7037734679366 207.50000000000108 572.6619999999953
  endloop
endfacet
facet normal 4.067190795734561e-15 0.08715574274771608 0.9961946980917405
  outer loop
    vertex 2373.203773467937 207.50000000000108 572.6619999999953
    vertex 2373.7037734679366 208.0209445330019 572.6164232590318
    vertex 2373.203773467937 208.02094453300194 572.6164232590318
  endloop
endfacet
facet normal 6.216201911563974e-15 0.25881904510230064 0.9659258262891274
  outer loop
    vertex 2373.7037734679366 208.52606042997812 572.481077862353
    vertex 2373.203773467937 208.02094453300194 572.6164232590318
    vertex 2373.7037734679366 208.0209445330019 572.6164232590318
  endloop
endfacet
facet normal 6.216201911563974e-15 0.25881904510230064 0.9659258262891274
  outer loop
    vertex 2373.203773467937 208.02094453300194 572.6164232590318
    vertex 2373.7037734679366 208.52606042997812 572.481077862353
    vertex 2373.203773467937 208.52606042997823 572.481077862353
  endloop
endfacet
facet normal 8.176336877868262e-15 0.42261826174084954 0.9063077870365801
  outer loop
    vertex 2373.7037734679366 209.0000000000011 572.2600762113485
    vertex 2373.203773467937 208.52606042997823 572.481077862353
    vertex 2373.7037734679366 208.52606042997812 572.481077862353
  endloop
endfacet
facet normal 8.176336877868262e-15 0.42261826174084954 0.9063077870365801
  outer loop
    vertex 2373.203773467937 208.52606042997823 572.481077862353
    vertex 2373.7037734679366 209.0000000000011 572.2600762113485
    vertex 2373.2037734679366 209.0000000000012 572.2600762113485
  endloop
endfacet
facet normal 9.888037985559493e-15 0.5735764363511394 0.8191520442889264
  outer loop
    vertex 2373.7037734679366 209.42836282906072 571.9601333293521
    vertex 2373.2037734679366 209.0000000000012 572.2600762113485
    vertex 2373.7037734679366 209.0000000000011 572.2600762113485
  endloop
endfacet
facet normal 9.888037985559493e-15 0.5735764363511394 0.8191520442889264
  outer loop
    vertex 2373.2037734679366 209.0000000000012 572.2600762113485
    vertex 2373.7037734679366 209.42836282906072 571.9601333293521
    vertex 2373.2037734679366 209.4283628290608 571.9601333293521
  endloop
endfacet
facet normal 1.1299296062647403e-14 0.7071067811865 0.707106781186595
  outer loop
    vertex 2373.7037734679366 209.79813332935808 571.5903628290548
    vertex 2373.2037734679366 209.4283628290608 571.9601333293521
    vertex 2373.7037734679366 209.42836282906072 571.9601333293521
  endloop
endfacet
facet normal 1.1299296062647403e-14 0.7071067811865 0.707106781186595
  outer loop
    vertex 2373.2037734679366 209.4283628290608 571.9601333293521
    vertex 2373.7037734679366 209.79813332935808 571.5903628290548
    vertex 2373.2037734679366 209.79813332935817 571.5903628290548
  endloop
endfacet
facet normal 1.2367230746593267e-14 0.8191520442889723 0.5735764363510742
  outer loop
    vertex 2373.7037734679366 209.79813332935808 571.5903628290548
    vertex 2373.2037734679366 210.0980762113545 571.1619999999951
    vertex 2373.2037734679366 209.79813332935817 571.5903628290548
  endloop
endfacet
facet normal 1.2367230746593267e-14 0.8191520442889723 0.5735764363510742
  outer loop
    vertex 2373.2037734679366 210.0980762113545 571.1619999999951
    vertex 2373.7037734679366 209.79813332935808 571.5903628290548
    vertex 2373.7037734679366 210.09807621135442 571.1619999999951
  endloop
endfacet
facet normal 1.3059393382424402e-14 0.9063077870366409 0.4226182617407189
  outer loop
    vertex 2373.7037734679366 210.09807621135442 571.1619999999951
    vertex 2373.2037734679366 210.31907786235894 570.6880604299722
    vertex 2373.2037734679366 210.0980762113545 571.1619999999951
  endloop
endfacet
facet normal 1.3059393382424402e-14 0.9063077870366409 0.4226182617407189
  outer loop
    vertex 2373.2037734679366 210.31907786235894 570.6880604299722
    vertex 2373.7037734679366 210.09807621135442 571.1619999999951
    vertex 2373.7037734679366 210.31907786235894 570.6880604299722
  endloop
endfacet
facet normal 1.3354752958702424e-14 0.9659258262890652 0.2588190451025324
  outer loop
    vertex 2373.7037734679366 210.31907786235894 570.6880604299722
    vertex 2373.2037734679366 210.45442325903784 570.182944532996
    vertex 2373.2037734679366 210.31907786235894 570.6880604299722
  endloop
endfacet
facet normal 1.3354752958702424e-14 0.9659258262890652 0.2588190451025324
  outer loop
    vertex 2373.2037734679366 210.45442325903784 570.182944532996
    vertex 2373.7037734679366 210.31907786235894 570.6880604299722
    vertex 2373.7037734679366 210.45442325903784 570.182944532996
  endloop
endfacet
facet normal 1.324433512415892e-14 0.9961946980918613 0.08715574274633589
  outer loop
    vertex 2373.7037734679366 210.45442325903784 570.182944532996
    vertex 2373.2037734679366 210.50000000000054 569.661999999995
    vertex 2373.2037734679366 210.45442325903784 570.182944532996
  endloop
endfacet
facet normal 1.324433512415892e-14 0.9961946980918613 0.08715574274633589
  outer loop
    vertex 2373.2037734679366 210.50000000000054 569.661999999995
    vertex 2373.7037734679366 210.45442325903784 570.182944532996
    vertex 2373.7037734679366 210.50000000000054 569.661999999995
  endloop
endfacet
facet normal 1.0 -1.1333852940007795e-14 -5.743294541112227e-15
  outer loop
    vertex 2373.2037734679366 211.0729201025343 572.9111913615887
    vertex 2373.2037734679366 209.0000000000012 572.2600762113485
    vertex 2373.2037734679366 210.64432634638456 571.3116576878308
  endloop
endfacet
facet normal 1.0 -1.1333852940007795e-14 -5.743294541112227e-15
  outer loop
    vertex 2373.2037734679366 209.0000000000012 572.2600762113485
    vertex 2373.2037734679366 211.0729201025343 572.9111913615887
    vertex 2373.203773467937 208.52606042997823 572.481077862353
  endloop
endfacet
facet normal 1.0 -1.1333852940007795e-14 -5.743294541112227e-15
  outer loop
    vertex 2373.203773467937 208.52606042997823 572.481077862353
    vertex 2373.2037734679366 211.0729201025343 572.9111913615887
    vertex 2373.203773467937 208.02094453300194 572.6164232590318
  endloop
endfacet
facet normal 1.0 -1.1333852940007795e-14 -5.743294541112227e-15
  outer loop
    vertex 2373.203773467937 208.02094453300194 572.6164232590318
    vertex 2373.2037734679366 211.0729201025343 572.9111913615887
    vertex 2373.203773467937 207.50000000000108 572.6619999999953
  endloop
endfacet
facet normal 1.0 -1.1333852940007795e-14 -5.743294541112227e-15
  outer loop
    vertex 2373.2037734679366 210.64432634638456 571.3116576878308
    vertex 2373.2037734679366 209.0000000000012 572.2600762113485
    vertex 2373.2037734679366 209.4283628290608 571.9601333293521
  endloop
endfacet
facet normal 1.0 -1.1333852940007795e-14 -5.743294541112227e-15
  outer loop
    vertex 2373.2037734679366 210.64432634638456 571.3116576878308
    vertex 2373.2037734679366 209.4283628290608 571.9601333293521
    vertex 2373.2037734679366 209.79813332935817 571.5903628290548
  endloop
endfacet
facet normal 1.0 -1.1333852940007795e-14 -5.743294541112227e-15
  outer loop
    vertex 2373.2037734679366 210.64432634638456 571.3116576878308
    vertex 2373.2037734679366 209.79813332935817 571.5903628290548
    vertex 2373.2037734679366 210.0980762113545 571.1619999999951
  endloop
endfacet
facet normal 1.0 -1.1333852940007795e-14 -5.743294541112227e-15
  outer loop
    vertex 2373.2037734679366 210.64432634638456 571.3116576878308
    vertex 2373.2037734679366 210.0980762113545 571.1619999999951
    vertex 2373.2037734679366 210.31907786235894 570.6880604299722
  endloop
endfacet
facet normal 1.0 -1.1333852940007795e-14 -5.743294541112227e-15
  outer loop
    vertex 2373.2037734679366 210.64432634638456 571.3116576878308
    vertex 2373.2037734679366 210.31907786235894 570.6880604299722
    vertex 2373.2037734679366 210.45442325903784 570.182944532996
  endloop
endfacet
facet normal 1.0 -1.1333852940007795e-14 -5.743294541112227e-15
  outer loop
    vertex 2373.2037734679366 210.64432634638456 571.3116576878308
    vertex 2373.2037734679366 210.45442325903784 570.182944532996
    vertex 2373.2037734679366 210.50000000000054 569.661999999995
  endloop
endfacet
facet normal 1.0 -1.1333852940007795e-14 -5.743294541112227e-15
  outer loop
    vertex 2373.203773467937 205.85034231216528 579.0176736536112
    vertex 2373.2037734679366 209.149657687837 579.0176736536112
    vertex 2373.203773467937 207.50000000000114 579.1619999999951
  endloop
endfacet
facet normal 1.0 -1.1333852940007795e-14 -5.743294541112227e-15
  outer loop
    vertex 2373.2037734679366 209.149657687837 579.0176736536112
    vertex 2373.203773467937 205.85034231216528 579.0176736536112
    vertex 2373.203773467937 204.25080863840725 578.5890798974613
  endloop
endfacet
facet normal 1.0 -1.1333852940007795e-14 -5.743294541112227e-15
  outer loop
    vertex 2373.2037734679366 209.149657687837 579.0176736536112
    vertex 2373.203773467937 204.25080863840725 578.5890798974613
    vertex 2373.2037734679366 210.749191361595 578.5890798974613
  endloop
endfacet
facet normal 1.0 -1.1333852940007795e-14 -5.743294541112227e-15
  outer loop
    vertex 2373.2037734679366 210.749191361595 578.5890798974613
    vertex 2373.203773467937 204.25080863840725 578.5890798974613
    vertex 2373.2037734679366 202.75000000000114 577.8892413359474
  endloop
endfacet
facet normal 1.0 -1.1333852940007795e-14 -5.743294541112227e-15
  outer loop
    vertex 2373.2037734679366 210.749191361595 578.5890798974613
    vertex 2373.2037734679366 202.75000000000114 577.8892413359474
    vertex 2373.2037734679366 212.00000000000122 578.0058182504861
  endloop
endfacet
facet normal 1.0 -1.1333852940007795e-14 -5.743294541112227e-15
  outer loop
    vertex 2373.2037734679366 212.00000000000122 578.0058182504861
    vertex 2373.2037734679366 202.75000000000114 577.8892413359474
    vertex 2373.2037734679366 212.00000000000122 574.7365342609856
  endloop
endfacet
facet normal 1.0 -1.1333852940007795e-14 -5.743294541112227e-15
  outer loop
    vertex 2373.2037734679366 212.00000000000122 574.7365342609856
    vertex 2373.2037734679366 202.75000000000114 577.8892413359474
    vertex 2373.2037734679366 201.393517707979 576.9394222096255
  endloop
endfacet
facet normal 1.0 -1.1333852940007795e-14 -5.743294541112227e-15
  outer loop
    vertex 2373.2037734679366 212.00000000000122 574.7365342609856
    vertex 2373.2037734679366 201.393517707979 576.9394222096255
    vertex 2373.2037734679366 200.22257779037082 575.7684822920173
  endloop
endfacet
facet normal 1.0 -1.1333852940007795e-14 -5.743294541112227e-15
  outer loop
    vertex 2373.2037734679366 212.00000000000122 574.7365342609856
    vertex 2373.2037734679366 200.22257779037082 575.7684822920173
    vertex 2373.2037734679366 199.2727586640489 574.4119999999951
  endloop
endfacet
facet normal 1.0 -1.1333852940007795e-14 -5.743294541112227e-15
  outer loop
    vertex 2373.2037734679366 212.00000000000122 574.7365342609856
    vertex 2373.2037734679366 199.2727586640489 574.4119999999951
    vertex 2373.2037734679366 211.77275866404827 574.411999999995
  endloop
endfacet
facet normal 1.0 -1.1333852940007795e-14 -5.743294541112227e-15
  outer loop
    vertex 2373.2037734679366 211.77275866404827 574.411999999995
    vertex 2373.2037734679366 199.2727586640489 574.4119999999951
    vertex 2373.203773467936 198.57292010253497 572.9111913615889
  endloop
endfacet
facet normal 1.0 -1.1333852940007795e-14 -5.743294541112227e-15
  outer loop
    vertex 2373.2037734679366 211.77275866404827 574.411999999995
    vertex 2373.203773467936 198.57292010253497 572.9111913615889
    vertex 2373.2037734679366 211.0729201025343 572.9111913615887
  endloop
endfacet
facet normal 1.0 -1.1333852940007795e-14 -5.743294541112227e-15
  outer loop
    vertex 2373.2037734679366 211.0729201025343 572.9111913615887
    vertex 2373.203773467936 198.57292010253497 572.9111913615889
    vertex 2373.203773467937 207.50000000000108 572.6619999999953
  endloop
endfacet
facet normal 1.0 -1.1333852940007795e-14 -5.743294541112227e-15
  outer loop
    vertex 2373.203773467937 207.50000000000108 572.6619999999953
    vertex 2373.203773467936 198.57292010253497 572.9111913615889
    vertex 2373.203773467937 206.9790554670003 572.6164232590318
  endloop
endfacet
facet normal 1.0 -1.1333852940007795e-14 -5.743294541112227e-15
  outer loop
    vertex 2373.203773467937 206.9790554670003 572.6164232590318
    vertex 2373.203773467936 198.57292010253497 572.9111913615889
    vertex 2373.203773467936 198.14432634638513 571.3116576878309
  endloop
endfacet
facet normal 1.0 -1.1333852940007795e-14 -5.743294541112227e-15
  outer loop
    vertex 2373.203773467937 206.9790554670003 572.6164232590318
    vertex 2373.203773467936 198.14432634638513 571.3116576878309
    vertex 2373.203773467937 206.47393957002404 572.481077862353
  endloop
endfacet
facet normal 1.0 -1.1333852940007795e-14 -5.743294541112227e-15
  outer loop
    vertex 2373.203773467937 206.47393957002404 572.481077862353
    vertex 2373.203773467936 198.14432634638513 571.3116576878309
    vertex 2373.203773467937 206.00000000000117 572.2600762113485
  endloop
endfacet
facet normal 1.0 -1.1333852940007795e-14 -5.743294541112227e-15
  outer loop
    vertex 2373.203773467937 206.00000000000117 572.2600762113485
    vertex 2373.203773467936 198.14432634638513 571.3116576878309
    vertex 2373.203773467937 205.57163717094156 571.9601333293521
  endloop
endfacet
facet normal 1.0 -1.1333852940007795e-14 -5.743294541112227e-15
  outer loop
    vertex 2373.203773467937 205.57163717094156 571.9601333293521
    vertex 2373.203773467936 198.14432634638513 571.3116576878309
    vertex 2373.2037734679366 205.2018666706442 571.5903628290548
  endloop
endfacet
facet normal 1.0 -1.1333852940007795e-14 -5.743294541112227e-15
  outer loop
    vertex 2373.2037734679366 205.2018666706442 571.5903628290548
    vertex 2373.203773467936 198.14432634638513 571.3116576878309
    vertex 2373.2037734679366 204.90192378864782 571.1619999999951
  endloop
endfacet
facet normal 1.0 -1.1333852940007795e-14 -5.743294541112227e-15
  outer loop
    vertex 2373.2037734679366 204.90192378864782 571.1619999999951
    vertex 2373.203773467936 198.14432634638513 571.3116576878309
    vertex 2373.203773467936 198.00000000000117 569.661999999995
  endloop
endfacet
facet normal 1.0 -1.1333852940007795e-14 -5.743294541112227e-15
  outer loop
    vertex 2373.2037734679366 204.90192378864782 571.1619999999951
    vertex 2373.203773467936 198.00000000000117 569.661999999995
    vertex 2373.2037734679366 204.68092213764342 570.6880604299722
  endloop
endfacet
facet normal 1.0 -1.1333852940007795e-14 -5.743294541112227e-15
  outer loop
    vertex 2373.2037734679366 204.68092213764342 570.6880604299722
    vertex 2373.203773467936 198.00000000000117 569.661999999995
    vertex 2373.2037734679366 204.5455767409645 570.182944532996
  endloop
endfacet
facet normal 1.0 -1.1333852940007795e-14 -5.743294541112227e-15
  outer loop
    vertex 2373.2037734679366 204.5455767409645 570.182944532996
    vertex 2373.203773467936 198.00000000000117 569.661999999995
    vertex 2373.2037734679366 204.50000000000114 569.6619999999951
  endloop
endfacet
facet normal 1.0 -1.1333852940007795e-14 -5.743294541112227e-15
  outer loop
    vertex 2373.2037734679366 204.50000000000114 569.6619999999951
    vertex 2373.203773467936 198.00000000000117 569.661999999995
    vertex 2373.203773467936 198.00000000000173 563.6619999999963
  endloop
endfacet
facet normal 1.0 -1.1333852940007795e-14 -5.743294541112227e-15
  outer loop
    vertex 2373.2037734679366 204.50000000000114 569.6619999999951
    vertex 2373.203773467936 198.00000000000173 563.6619999999963
    vertex 2373.2037734679366 204.5455767409645 569.1410554669944
  endloop
endfacet
facet normal 1.0 -1.1333852940007795e-14 -5.743294541112227e-15
  outer loop
    vertex 2373.2037734679366 204.5455767409645 569.1410554669944
    vertex 2373.203773467936 198.00000000000173 563.6619999999963
    vertex 2373.2037734679366 204.68092213764342 568.6359395700181
  endloop
endfacet
facet normal 1.0 -1.1333852940007795e-14 -5.743294541112227e-15
  outer loop
    vertex 2373.2037734679366 204.68092213764342 568.6359395700181
    vertex 2373.203773467936 198.00000000000173 563.6619999999963
    vertex 2373.2037734679366 204.90192378864782 568.1619999999951
  endloop
endfacet
facet normal 1.0 -1.1333852940007795e-14 -5.743294541112227e-15
  outer loop
    vertex 2373.2037734679366 204.90192378864782 568.1619999999951
    vertex 2373.203773467936 198.00000000000173 563.6619999999963
    vertex 2373.2037734679366 205.2018666706442 567.7336371709356
  endloop
endfacet
facet normal 1.0 -1.1333852940007795e-14 -5.743294541112227e-15
  outer loop
    vertex 2373.2037734679366 205.2018666706442 567.7336371709356
    vertex 2373.203773467936 198.00000000000173 563.6619999999963
    vertex 2373.2037734679366 205.57163717094156 567.3638666706382
  endloop
endfacet
facet normal 1.0 -1.1333852940007795e-14 -5.743294541112227e-15
  outer loop
    vertex 2373.2037734679366 205.57163717094156 567.3638666706382
    vertex 2373.203773467936 198.00000000000173 563.6619999999963
    vertex 2373.2037734679366 206.0000000000011 567.0639237886418
  endloop
endfacet
facet normal 1.0 -1.1333852940007795e-14 -5.743294541112227e-15
  outer loop
    vertex 2373.2037734679366 206.0000000000011 567.0639237886418
    vertex 2373.203773467936 198.00000000000173 563.6619999999963
    vertex 2373.203773467937 206.4739395700241 566.8429221376373
  endloop
endfacet
facet normal 1.0 -1.1333852940007795e-14 -5.743294541112227e-15
  outer loop
    vertex 2373.203773467937 206.4739395700241 566.8429221376373
    vertex 2373.203773467936 198.00000000000173 563.6619999999963
    vertex 2373.203773467937 206.9790554670003 566.7075767409585
  endloop
endfacet
facet normal 1.0 -1.1333852940007795e-14 -5.743294541112227e-15
  outer loop
    vertex 2373.203773467937 206.9790554670003 566.7075767409585
    vertex 2373.203773467936 198.00000000000173 563.6619999999963
    vertex 2373.203773467937 207.50000000000114 566.6619999999951
  endloop
endfacet
facet normal 1.0 -1.1333852940007795e-14 -5.743294541112227e-15
  outer loop
    vertex 2373.203773467937 207.50000000000114 566.6619999999951
    vertex 2373.203773467936 198.00000000000173 563.6619999999963
    vertex 2373.2037734679366 211.07292010253437 566.4128086384012
  endloop
endfacet
facet normal 1.0 -1.1333852940007795e-14 -5.743294541112227e-15
  outer loop
    vertex 2373.2037734679366 211.07292010253437 566.4128086384012
    vertex 2373.203773467936 198.00000000000173 563.6619999999963
    vertex 2373.2037734679366 211.7727586640484 564.911999999995
  endloop
endfacet
facet normal 1.0 -1.1333852940007795e-14 -5.743294541112227e-15
  outer loop
    vertex 2373.2037734679366 211.7727586640484 564.911999999995
    vertex 2373.203773467936 198.00000000000173 563.6619999999963
    vertex 2373.2037734679366 212.00000000000128 564.5874657390045
  endloop
endfacet
facet normal 1.0 -1.1333852940007795e-14 -5.743294541112227e-15
  outer loop
    vertex 2373.2037734679366 212.00000000000128 564.5874657390045
    vertex 2373.203773467936 198.00000000000173 563.6619999999963
    vertex 2373.203773467936 212.00000000000128 563.6619999999965
  endloop
endfacet
facet normal 1.0 -1.1333852940007795e-14 -5.743294541112227e-15
  outer loop
    vertex 2373.2037734679366 210.45442325903784 569.1410554669944
    vertex 2373.2037734679366 210.64432634638456 568.0123423121591
    vertex 2373.2037734679366 210.50000000000054 569.661999999995
  endloop
endfacet
facet normal 1.0 -1.1333852940007795e-14 -5.743294541112227e-15
  outer loop
    vertex 2373.2037734679366 210.64432634638456 568.0123423121591
    vertex 2373.2037734679366 210.45442325903784 569.1410554669944
    vertex 2373.2037734679366 210.31907786235894 568.6359395700181
  endloop
endfacet
facet normal 1.0 -1.1333852940007795e-14 -5.743294541112227e-15
  outer loop
    vertex 2373.2037734679366 210.64432634638456 568.0123423121591
    vertex 2373.2037734679366 210.31907786235894 568.6359395700181
    vertex 2373.2037734679366 210.0980762113545 568.1619999999951
  endloop
endfacet
facet normal 1.0 -1.1333852940007795e-14 -5.743294541112227e-15
  outer loop
    vertex 2373.2037734679366 210.64432634638456 568.0123423121591
    vertex 2373.2037734679366 210.0980762113545 568.1619999999951
    vertex 2373.2037734679366 209.79813332935817 567.7336371709356
  endloop
endfacet
facet normal 1.0 -1.1333852940007795e-14 -5.743294541112227e-15
  outer loop
    vertex 2373.2037734679366 210.64432634638456 568.0123423121591
    vertex 2373.2037734679366 209.79813332935817 567.7336371709356
    vertex 2373.2037734679366 211.07292010253437 566.4128086384012
  endloop
endfacet
facet normal 1.0 -1.1333852940007795e-14 -5.743294541112227e-15
  outer loop
    vertex 2373.2037734679366 211.07292010253437 566.4128086384012
    vertex 2373.2037734679366 209.79813332935817 567.7336371709356
    vertex 2373.2037734679366 209.4283628290608 567.3638666706382
  endloop
endfacet
facet normal 1.0 -1.1333852940007795e-14 -5.743294541112227e-15
  outer loop
    vertex 2373.2037734679366 211.07292010253437 566.4128086384012
    vertex 2373.2037734679366 209.4283628290608 567.3638666706382
    vertex 2373.2037734679366 209.00000000000117 567.0639237886418
  endloop
endfacet
facet normal 1.0 -1.1333852940007795e-14 -5.743294541112227e-15
  outer loop
    vertex 2373.2037734679366 211.07292010253437 566.4128086384012
    vertex 2373.2037734679366 209.00000000000117 567.0639237886418
    vertex 2373.203773467937 208.52606042997812 566.8429221376373
  endloop
endfacet
facet normal 1.0 -1.1333852940007795e-14 -5.743294541112227e-15
  outer loop
    vertex 2373.2037734679366 211.07292010253437 566.4128086384012
    vertex 2373.203773467937 208.52606042997812 566.8429221376373
    vertex 2373.203773467937 208.02094453300194 566.7075767409585
  endloop
endfacet
facet normal 1.0 -1.1333852940007795e-14 -5.743294541112227e-15
  outer loop
    vertex 2373.2037734679366 211.07292010253437 566.4128086384012
    vertex 2373.203773467937 208.02094453300194 566.7075767409585
    vertex 2373.203773467937 207.50000000000114 566.6619999999951
  endloop
endfacet
facet normal -1.248093601673783e-14 -0.7071067811864924 -0.7071067811866026
  outer loop
    vertex 2361.8537734679367 209.45341332995469 571.3011084046958
    vertex 2373.7037734679366 209.1391084047018 571.6154133299485
    vertex 2361.8537734679367 209.13910840470191 571.6154133299485
  endloop
endfacet
facet normal -1.248093601673783e-14 -0.7071067811864924 -0.7071067811866026
  outer loop
    vertex 2373.7037734679366 209.1391084047018 571.6154133299485
    vertex 2361.8537734679367 209.45341332995469 571.3011084046958
    vertex 2373.7037734679366 209.4534133299545 571.3011084046958
  endloop
endfacet
facet normal -1.0846536548930074e-14 -0.5735764363510846 -0.8191520442889648
  outer loop
    vertex 2361.8537734679367 209.13910840470191 571.6154133299485
    vertex 2373.7037734679366 208.7750000000011 571.8703647796455
    vertex 2361.8537734679367 208.77500000000128 571.8703647796455
  endloop
endfacet
facet normal -1.0846536548930074e-14 -0.5735764363510846 -0.8191520442889648
  outer loop
    vertex 2373.7037734679366 208.7750000000011 571.8703647796455
    vertex 2361.8537734679367 209.13910840470191 571.6154133299485
    vertex 2373.7037734679366 209.1391084047018 571.6154133299485
  endloop
endfacet
facet normal -8.882570556695061e-15 -0.42261826174079403 -0.9063077870366061
  outer loop
    vertex 2361.8537734679367 208.77500000000128 571.8703647796455
    vertex 2373.7037734679366 208.37215136548153 572.0582161829992
    vertex 2361.853773467937 208.37215136548173 572.0582161829992
  endloop
endfacet
facet normal -8.882570556695061e-15 -0.42261826174079403 -0.9063077870366061
  outer loop
    vertex 2373.7037734679366 208.37215136548153 572.0582161829992
    vertex 2361.8537734679367 208.77500000000128 571.8703647796455
    vertex 2373.7037734679366 208.7750000000011 571.8703647796455
  endloop
endfacet
facet normal -6.6487121528887025e-15 -0.2588190451023954 -0.9659258262891021
  outer loop
    vertex 2361.853773467937 208.37215136548173 572.0582161829992
    vertex 2373.7037734679366 207.94280285305177 572.1732597701763
    vertex 2361.853773467937 207.94280285305197 572.1732597701763
  endloop
endfacet
facet normal -6.6487121528887025e-15 -0.2588190451023954 -0.9659258262891021
  outer loop
    vertex 2373.7037734679366 207.94280285305177 572.1732597701763
    vertex 2361.853773467937 208.37215136548173 572.0582161829992
    vertex 2373.7037734679366 208.37215136548153 572.0582161829992
  endloop
endfacet
facet normal -4.212835994733048e-15 -0.08715574274771651 -0.9961946980917404
  outer loop
    vertex 2361.853773467937 207.94280285305197 572.1732597701763
    vertex 2373.7037734679366 207.50000000000108 572.2119999999951
    vertex 2361.853773467937 207.50000000000128 572.2119999999951
  endloop
endfacet
facet normal -4.212835994733048e-15 -0.08715574274771651 -0.9961946980917404
  outer loop
    vertex 2373.7037734679366 207.50000000000108 572.2119999999951
    vertex 2361.853773467937 207.94280285305197 572.1732597701763
    vertex 2373.7037734679366 207.94280285305177 572.1732597701763
  endloop
endfacet
facet normal -1.3736108559336076e-14 -0.8191520442888912 -0.57357643635119
  outer loop
    vertex 2373.7037734679366 209.70836477965142 570.9369999999952
    vertex 2361.8537734679367 209.45341332995469 571.3011084046958
    vertex 2361.8537734679367 209.7083647796516 570.9369999999954
  endloop
endfacet
facet normal -1.3736108559336076e-14 -0.8191520442888912 -0.57357643635119
  outer loop
    vertex 2361.8537734679367 209.45341332995469 571.3011084046958
    vertex 2373.7037734679366 209.70836477965142 570.9369999999952
    vertex 2373.7037734679366 209.4534133299545 571.3011084046958
  endloop
endfacet
facet normal -1.0361080399432661e-14 -0.8191520442888981 0.5735764363511799
  outer loop
    vertex 2373.7037734679366 209.4534133299546 568.0228915952946
    vertex 2361.8537734679367 209.7083647796517 568.3869999999952
    vertex 2361.8537734679367 209.45341332995477 568.0228915952946
  endloop
endfacet
facet normal -1.0361080399432661e-14 -0.8191520442888981 0.5735764363511799
  outer loop
    vertex 2361.8537734679367 209.7083647796517 568.3869999999952
    vertex 2373.7037734679366 209.4534133299546 568.0228915952946
    vertex 2373.7037734679366 209.7083647796515 568.386999999995
  endloop
endfacet
facet normal -1.2087153612666323e-14 -0.9063077870367018 0.42261826174058836
  outer loop
    vertex 2373.7037734679366 209.7083647796515 568.386999999995
    vertex 2361.8537734679367 209.8962161830054 568.789848634515
    vertex 2361.8537734679367 209.7083647796517 568.3869999999952
  endloop
endfacet
facet normal -1.2087153612666323e-14 -0.9063077870367018 0.42261826174058836
  outer loop
    vertex 2361.8537734679367 209.8962161830054 568.789848634515
    vertex 2373.7037734679366 209.7083647796515 568.386999999995
    vertex 2373.7037734679366 209.89621618300524 568.7898486345147
  endloop
endfacet
facet normal -1.344596477976944e-14 -0.9659258262890444 0.2588190451026103
  outer loop
    vertex 2373.7037734679366 209.89621618300524 568.7898486345147
    vertex 2361.8537734679367 210.0112597701825 569.2191971469446
    vertex 2361.8537734679367 209.8962161830054 568.789848634515
  endloop
endfacet
facet normal -1.344596477976944e-14 -0.9659258262890444 0.2588190451026103
  outer loop
    vertex 2361.8537734679367 210.0112597701825 569.2191971469446
    vertex 2373.7037734679366 209.89621618300524 568.7898486345147
    vertex 2373.7037734679366 210.01125977018233 569.2191971469445
  endloop
endfacet
facet normal -1.4396227111028248e-14 -0.9961946980917501 0.08715574274760696
  outer loop
    vertex 2373.7037734679366 210.01125977018233 569.2191971469445
    vertex 2361.8537734679367 210.05000000000138 569.6619999999953
    vertex 2361.8537734679367 210.0112597701825 569.2191971469446
  endloop
endfacet
facet normal -1.4396227111028248e-14 -0.9961946980917501 0.08715574274760696
  outer loop
    vertex 2361.8537734679367 210.05000000000138 569.6619999999953
    vertex 2373.7037734679366 210.01125977018233 569.2191971469445
    vertex 2373.7037734679366 210.05000000000118 569.6619999999951
  endloop
endfacet
facet normal -1.490906736635978e-14 -0.996194698091749 -0.08715574274761925
  outer loop
    vertex 2373.7037734679366 210.05000000000118 569.6619999999951
    vertex 2361.8537734679367 210.01125977018242 570.104802853046
    vertex 2361.8537734679367 210.05000000000138 569.6619999999953
  endloop
endfacet
facet normal -1.490906736635978e-14 -0.996194698091749 -0.08715574274761925
  outer loop
    vertex 2361.8537734679367 210.01125977018242 570.104802853046
    vertex 2373.7037734679366 210.05000000000118 569.6619999999951
    vertex 2373.7037734679366 210.01125977018233 570.104802853046
  endloop
endfacet
facet normal -1.496890315411682e-14 -0.9659258262890411 -0.2588190451026221
  outer loop
    vertex 2373.7037734679366 210.01125977018233 570.104802853046
    vertex 2361.8537734679367 209.89621618300532 570.5341513654759
    vertex 2361.8537734679367 210.01125977018242 570.104802853046
  endloop
endfacet
facet normal -1.496890315411682e-14 -0.9659258262890411 -0.2588190451026221
  outer loop
    vertex 2361.8537734679367 209.89621618300532 570.5341513654759
    vertex 2373.7037734679366 210.01125977018233 570.104802853046
    vertex 2373.7037734679366 209.89621618300524 570.5341513654756
  endloop
endfacet
facet normal -1.4573916394167023e-14 -0.9063077870366967 -0.4226182617405996
  outer loop
    vertex 2373.7037734679366 209.89621618300524 570.5341513654756
    vertex 2361.8537734679367 209.7083647796516 570.9369999999954
    vertex 2361.8537734679367 209.89621618300532 570.5341513654759
  endloop
endfacet
facet normal -1.4573916394167023e-14 -0.9063077870366967 -0.4226182617405996
  outer loop
    vertex 2361.8537734679367 209.7083647796516 570.9369999999954
    vertex 2373.7037734679366 209.89621618300524 570.5341513654756
    vertex 2373.7037734679366 209.70836477965142 570.9369999999952
  endloop
endfacet
facet normal -1.6489549466708405e-15 0.08715574274772883 -0.9961946980917395
  outer loop
    vertex 2361.853773467937 207.50000000000128 572.2119999999951
    vertex 2373.7037734679366 207.0571971469504 572.1732597701763
    vertex 2361.853773467937 207.05719714695059 572.1732597701763
  endloop
endfacet
facet normal -1.6489549466708405e-15 0.08715574274772883 -0.9961946980917395
  outer loop
    vertex 2373.7037734679366 207.0571971469504 572.1732597701763
    vertex 2361.853773467937 207.50000000000128 572.2119999999951
    vertex 2373.7037734679366 207.50000000000108 572.2119999999951
  endloop
endfacet
facet normal 9.65028763029812e-16 0.2588190451024072 -0.9659258262890987
  outer loop
    vertex 2361.853773467937 207.05719714695059 572.1732597701763
    vertex 2373.7037734679366 206.62784863452063 572.0582161829992
    vertex 2361.853773467937 206.62784863452083 572.0582161829992
  endloop
endfacet
facet normal 9.65028763029812e-16 0.2588190451024072 -0.9659258262890987
  outer loop
    vertex 2373.7037734679366 206.62784863452063 572.0582161829992
    vertex 2361.853773467937 207.05719714695059 572.1732597701763
    vertex 2373.7037734679366 207.0571971469504 572.1732597701763
  endloop
endfacet
facet normal 3.549690562100142e-15 0.42261826174080513 -0.9063077870366008
  outer loop
    vertex 2361.853773467937 206.62784863452083 572.0582161829992
    vertex 2373.7037734679366 206.2250000000011 571.8703647796455
    vertex 2361.853773467937 206.22500000000124 571.8703647796455
  endloop
endfacet
facet normal 3.549690562100142e-15 0.42261826174080513 -0.9063077870366008
  outer loop
    vertex 2373.7037734679366 206.2250000000011 571.8703647796455
    vertex 2361.853773467937 206.62784863452083 572.0582161829992
    vertex 2373.7037734679366 206.62784863452063 572.0582161829992
  endloop
endfacet
facet normal 6.026496809666065e-15 0.5735764363510472 -0.8191520442889912
  outer loop
    vertex 2361.853773467937 206.22500000000124 571.8703647796455
    vertex 2373.7037734679366 205.8608915953004 571.6154133299485
    vertex 2361.853773467937 205.86089159530056 571.6154133299485
  endloop
endfacet
facet normal 6.026496809666065e-15 0.5735764363510472 -0.8191520442889912
  outer loop
    vertex 2373.7037734679366 205.8608915953004 571.6154133299485
    vertex 2361.853773467937 206.22500000000124 571.8703647796455
    vertex 2373.7037734679366 206.2250000000011 571.8703647796455
  endloop
endfacet
facet normal 8.320191001226552e-15 0.7071067811865519 -0.7071067811865432
  outer loop
    vertex 2361.853773467937 205.86089159530056 571.6154133299485
    vertex 2373.7037734679366 205.54658667004776 571.3011084046958
    vertex 2361.853773467937 205.54658667004784 571.3011084046958
  endloop
endfacet
facet normal 8.320191001226552e-15 0.7071067811865519 -0.7071067811865432
  outer loop
    vertex 2373.7037734679366 205.54658667004776 571.3011084046958
    vertex 2361.853773467937 205.86089159530056 571.6154133299485
    vertex 2373.7037734679366 205.8608915953004 571.6154133299485
  endloop
endfacet
facet normal 1.0361080399432661e-14 0.8191520442888981 -0.5735764363511799
  outer loop
    vertex 2373.7037734679366 205.54658667004776 571.3011084046958
    vertex 2361.8537734679367 205.29163522035094 570.9369999999952
    vertex 2361.853773467937 205.54658667004784 571.3011084046958
  endloop
endfacet
facet normal 1.0361080399432661e-14 0.8191520442888981 -0.5735764363511799
  outer loop
    vertex 2361.8537734679367 205.29163522035094 570.9369999999952
    vertex 2373.7037734679366 205.54658667004776 571.3011084046958
    vertex 2373.7037734679366 205.29163522035086 570.9369999999952
  endloop
endfacet
facet normal 1.2087153612666323e-14 0.9063077870367018 -0.42261826174058836
  outer loop
    vertex 2373.7037734679366 205.29163522035086 570.9369999999952
    vertex 2361.8537734679367 205.1037838169972 570.5341513654756
    vertex 2361.8537734679367 205.29163522035094 570.9369999999952
  endloop
endfacet
facet normal 1.2087153612666323e-14 0.9063077870367018 -0.42261826174058836
  outer loop
    vertex 2361.8537734679367 205.1037838169972 570.5341513654756
    vertex 2373.7037734679366 205.29163522035086 570.9369999999952
    vertex 2373.7037734679366 205.10378381699712 570.5341513654756
  endloop
endfacet
facet normal 1.344596477976944e-14 0.9659258262890444 -0.2588190451026103
  outer loop
    vertex 2373.7037734679366 205.10378381699712 570.5341513654756
    vertex 2361.8537734679367 204.9887402298201 570.104802853046
    vertex 2361.8537734679367 205.1037838169972 570.5341513654756
  endloop
endfacet
facet normal 1.344596477976944e-14 0.9659258262890444 -0.2588190451026103
  outer loop
    vertex 2361.8537734679367 204.9887402298201 570.104802853046
    vertex 2373.7037734679366 205.10378381699712 570.5341513654756
    vertex 2373.7037734679366 204.98874022982002 570.104802853046
  endloop
endfacet
facet normal 1.4396227111028248e-14 0.9961946980917501 -0.08715574274760696
  outer loop
    vertex 2373.7037734679366 204.98874022982002 570.104802853046
    vertex 2361.8537734679367 204.95000000000135 569.6619999999951
    vertex 2361.8537734679367 204.9887402298201 570.104802853046
  endloop
endfacet
facet normal 1.4396227111028248e-14 0.9961946980917501 -0.08715574274760696
  outer loop
    vertex 2361.8537734679367 204.95000000000135 569.6619999999951
    vertex 2373.7037734679366 204.98874022982002 570.104802853046
    vertex 2373.7037734679366 204.95000000000118 569.6619999999951
  endloop
endfacet
facet normal 1.490906736635978e-14 0.996194698091749 0.08715574274761925
  outer loop
    vertex 2373.7037734679366 204.95000000000118 569.6619999999951
    vertex 2361.8537734679367 204.9887402298202 569.2191971469445
    vertex 2361.8537734679367 204.95000000000135 569.6619999999951
  endloop
endfacet
facet normal 1.490906736635978e-14 0.996194698091749 0.08715574274761925
  outer loop
    vertex 2361.8537734679367 204.9887402298202 569.2191971469445
    vertex 2373.7037734679366 204.95000000000118 569.6619999999951
    vertex 2373.7037734679366 204.98874022982002 569.2191971469445
  endloop
endfacet
facet normal 1.496890315411682e-14 0.9659258262890411 0.2588190451026221
  outer loop
    vertex 2373.7037734679366 204.98874022982002 569.2191971469445
    vertex 2361.8537734679367 205.1037838169973 568.7898486345147
    vertex 2361.8537734679367 204.9887402298202 569.2191971469445
  endloop
endfacet
facet normal 1.496890315411682e-14 0.9659258262890411 0.2588190451026221
  outer loop
    vertex 2361.8537734679367 205.1037838169973 568.7898486345147
    vertex 2373.7037734679366 204.98874022982002 569.2191971469445
    vertex 2373.7037734679366 205.10378381699712 568.7898486345147
  endloop
endfacet
facet normal 1.4573916394167023e-14 0.9063077870366967 0.4226182617405996
  outer loop
    vertex 2373.7037734679366 205.10378381699712 568.7898486345147
    vertex 2361.8537734679367 205.29163522035103 568.386999999995
    vertex 2361.8537734679367 205.1037838169973 568.7898486345147
  endloop
endfacet
facet normal 1.4573916394167023e-14 0.9063077870366967 0.4226182617405996
  outer loop
    vertex 2361.8537734679367 205.29163522035103 568.386999999995
    vertex 2373.7037734679366 205.10378381699712 568.7898486345147
    vertex 2373.7037734679366 205.29163522035086 568.386999999995
  endloop
endfacet
facet normal 1.3736108559336076e-14 0.8191520442888912 0.57357643635119
  outer loop
    vertex 2373.7037734679366 205.29163522035086 568.386999999995
    vertex 2361.8537734679367 205.54658667004796 568.0228915952946
    vertex 2361.8537734679367 205.29163522035103 568.386999999995
  endloop
endfacet
facet normal 1.3736108559336076e-14 0.8191520442888912 0.57357643635119
  outer loop
    vertex 2361.8537734679367 205.54658667004796 568.0228915952946
    vertex 2373.7037734679366 205.29163522035086 568.386999999995
    vertex 2373.7037734679366 205.54658667004776 568.0228915952946
  endloop
endfacet
facet normal 1.2480936016738429e-14 0.7071067811865432 0.7071067811865519
  outer loop
    vertex 2373.7037734679366 205.86089159530047 567.7085866700419
    vertex 2361.8537734679367 205.54658667004796 568.0228915952946
    vertex 2373.7037734679366 205.54658667004776 568.0228915952946
  endloop
endfacet
facet normal 1.2480936016738429e-14 0.7071067811865432 0.7071067811865519
  outer loop
    vertex 2361.8537734679367 205.54658667004796 568.0228915952946
    vertex 2373.7037734679366 205.86089159530047 567.7085866700419
    vertex 2361.8537734679367 205.86089159530064 567.7085866700419
  endloop
endfacet
facet normal 1.0846536548928867e-14 0.5735764363509892 0.8191520442890315
  outer loop
    vertex 2373.7037734679366 206.2250000000012 567.453635220345
    vertex 2361.8537734679367 205.86089159530064 567.7085866700419
    vertex 2373.7037734679366 205.86089159530047 567.7085866700419
  endloop
endfacet
facet normal 1.0846536548928867e-14 0.5735764363509892 0.8191520442890315
  outer loop
    vertex 2361.8537734679367 205.86089159530064 567.7085866700419
    vertex 2373.7037734679366 206.2250000000012 567.453635220345
    vertex 2361.8537734679367 206.2250000000014 567.453635220345
  endloop
endfacet
facet normal 8.882570556695579e-15 0.42261826174083283 0.9063077870365878
  outer loop
    vertex 2373.7037734679366 206.62784863452072 567.2657838169911
    vertex 2361.8537734679367 206.2250000000014 567.453635220345
    vertex 2373.7037734679366 206.2250000000012 567.453635220345
  endloop
endfacet
facet normal 8.882570556695579e-15 0.42261826174083283 0.9063077870365878
  outer loop
    vertex 2361.8537734679367 206.2250000000014 567.453635220345
    vertex 2373.7037734679366 206.62784863452072 567.2657838169911
    vertex 2361.853773467937 206.62784863452092 567.2657838169911
  endloop
endfacet
facet normal 6.6487121528887025e-15 0.2588190451023954 0.9659258262891021
  outer loop
    vertex 2373.7037734679366 207.05719714695047 567.1507402298141
    vertex 2361.853773467937 206.62784863452092 567.2657838169911
    vertex 2373.7037734679366 206.62784863452072 567.2657838169911
  endloop
endfacet
facet normal 6.6487121528887025e-15 0.2588190451023954 0.9659258262891021
  outer loop
    vertex 2361.853773467937 206.62784863452092 567.2657838169911
    vertex 2373.7037734679366 207.05719714695047 567.1507402298141
    vertex 2361.853773467937 207.05719714695067 567.1507402298141
  endloop
endfacet
facet normal 4.212835994733048e-15 0.08715574274771651 0.9961946980917404
  outer loop
    vertex 2373.7037734679366 207.50000000000114 567.1119999999952
    vertex 2361.853773467937 207.05719714695067 567.1507402298141
    vertex 2373.7037734679366 207.05719714695047 567.1507402298141
  endloop
endfacet
facet normal 4.212835994733048e-15 0.08715574274771651 0.9961946980917404
  outer loop
    vertex 2361.853773467937 207.05719714695067 567.1507402298141
    vertex 2373.7037734679366 207.50000000000114 567.1119999999952
    vertex 2361.853773467937 207.5000000000013 567.1119999999952
  endloop
endfacet
facet normal 1.6489549466708405e-15 -0.08715574274772883 0.9961946980917395
  outer loop
    vertex 2373.7037734679366 207.94280285305186 567.1507402298141
    vertex 2361.853773467937 207.5000000000013 567.1119999999952
    vertex 2373.7037734679366 207.50000000000114 567.1119999999952
  endloop
endfacet
facet normal 1.6489549466708405e-15 -0.08715574274772883 0.9961946980917395
  outer loop
    vertex 2361.853773467937 207.5000000000013 567.1119999999952
    vertex 2373.7037734679366 207.94280285305186 567.1507402298141
    vertex 2361.853773467937 207.94280285305206 567.1507402298141
  endloop
endfacet
facet normal -9.65028763029812e-16 -0.2588190451024072 0.9659258262890987
  outer loop
    vertex 2373.7037734679366 208.3721513654816 567.2657838169911
    vertex 2361.853773467937 207.94280285305206 567.1507402298141
    vertex 2373.7037734679366 207.94280285305186 567.1507402298141
  endloop
endfacet
facet normal -9.65028763029812e-16 -0.2588190451024072 0.9659258262890987
  outer loop
    vertex 2361.853773467937 207.94280285305206 567.1507402298141
    vertex 2373.7037734679366 208.3721513654816 567.2657838169911
    vertex 2361.853773467937 208.3721513654818 567.2657838169911
  endloop
endfacet
facet normal -3.549690562100142e-15 -0.42261826174080513 0.9063077870366008
  outer loop
    vertex 2373.7037734679366 208.7750000000012 567.453635220345
    vertex 2361.853773467937 208.3721513654818 567.2657838169911
    vertex 2373.7037734679366 208.3721513654816 567.2657838169911
  endloop
endfacet
facet normal -3.549690562100142e-15 -0.42261826174080513 0.9063077870366008
  outer loop
    vertex 2361.853773467937 208.3721513654818 567.2657838169911
    vertex 2373.7037734679366 208.7750000000012 567.453635220345
    vertex 2361.8537734679367 208.77500000000137 567.453635220345
  endloop
endfacet
facet normal -6.026496809666065e-15 -0.5735764363510472 0.8191520442889912
  outer loop
    vertex 2373.7037734679366 209.1391084047019 567.7085866700419
    vertex 2361.8537734679367 208.77500000000137 567.453635220345
    vertex 2373.7037734679366 208.7750000000012 567.453635220345
  endloop
endfacet
facet normal -6.026496809666065e-15 -0.5735764363510472 0.8191520442889912
  outer loop
    vertex 2361.8537734679367 208.77500000000137 567.453635220345
    vertex 2373.7037734679366 209.1391084047019 567.7085866700419
    vertex 2361.8537734679367 209.13910840470206 567.7085866700419
  endloop
endfacet
facet normal -8.320191001226552e-15 -0.7071067811865519 0.7071067811865432
  outer loop
    vertex 2373.7037734679366 209.4534133299546 568.0228915952946
    vertex 2361.8537734679367 209.13910840470206 567.7085866700419
    vertex 2373.7037734679366 209.1391084047019 567.7085866700419
  endloop
endfacet
facet normal -8.320191001226552e-15 -0.7071067811865519 0.7071067811865432
  outer loop
    vertex 2361.8537734679367 209.13910840470206 567.7085866700419
    vertex 2373.7037734679366 209.4534133299546 568.0228915952946
    vertex 2361.8537734679367 209.45341332995477 568.0228915952946
  endloop
endfacet
facet normal -1.0 1.4708617970725726e-14 2.942091015256665e-15
  outer loop
    vertex 2373.703773467936 220.52094453300123 572.6164232590318
    vertex 2373.703773467936 219.47905546699968 572.6164232590318
    vertex 2373.703773467936 220.00000000000045 572.6619999999951
  endloop
endfacet
facet normal -1.0 1.4708617970725726e-14 2.942091015256665e-15
  outer loop
    vertex 2373.703773467936 219.47905546699968 572.6164232590318
    vertex 2373.703773467936 220.52094453300123 572.6164232590318
    vertex 2373.703773467936 221.02606042997746 572.4810778623528
  endloop
endfacet
facet normal -1.0 1.4708617970725726e-14 2.942091015256665e-15
  outer loop
    vertex 2373.703773467936 219.47905546699968 572.6164232590318
    vertex 2373.703773467936 221.02606042997746 572.4810778623528
    vertex 2373.703773467936 218.97393957002345 572.4810778623528
  endloop
endfacet
facet normal -1.0 1.4708617970725726e-14 2.942091015256665e-15
  outer loop
    vertex 2373.703773467936 218.97393957002345 572.4810778623528
    vertex 2373.703773467936 221.02606042997746 572.4810778623528
    vertex 2373.703773467936 221.50000000000048 572.2600762113484
  endloop
endfacet
facet normal -1.0 1.4708617970725726e-14 2.942091015256665e-15
  outer loop
    vertex 2373.703773467936 218.97393957002345 572.4810778623528
    vertex 2373.703773467936 221.50000000000048 572.2600762113484
    vertex 2373.703773467936 218.50000000000048 572.2600762113484
  endloop
endfacet
facet normal -1.0 1.4708617970725726e-14 2.942091015256665e-15
  outer loop
    vertex 2373.703773467936 218.50000000000048 572.2600762113484
    vertex 2373.703773467936 221.50000000000048 572.2600762113484
    vertex 2373.703773467936 220.00000000000045 572.2119999999951
  endloop
endfacet
facet normal -1.0 1.4708617970725726e-14 2.942091015256665e-15
  outer loop
    vertex 2373.703773467936 220.00000000000045 572.2119999999951
    vertex 2373.703773467936 221.50000000000048 572.2600762113484
    vertex 2373.703773467936 220.44280285305115 572.1732597701762
  endloop
endfacet
facet normal -1.0 1.4708617970725726e-14 2.942091015256665e-15
  outer loop
    vertex 2373.703773467936 220.44280285305115 572.1732597701762
    vertex 2373.703773467936 221.50000000000048 572.2600762113484
    vertex 2373.703773467936 221.9283628290601 571.960133329352
  endloop
endfacet
facet normal -1.0 1.4708617970725726e-14 2.942091015256665e-15
  outer loop
    vertex 2373.703773467936 220.44280285305115 572.1732597701762
    vertex 2373.703773467936 221.9283628290601 571.960133329352
    vertex 2373.703773467936 220.8721513654809 572.0582161829991
  endloop
endfacet
facet normal -1.0 1.4708617970725726e-14 2.942091015256665e-15
  outer loop
    vertex 2373.703773467936 220.8721513654809 572.0582161829991
    vertex 2373.703773467936 221.9283628290601 571.960133329352
    vertex 2373.703773467936 221.27500000000043 571.8703647796453
  endloop
endfacet
facet normal -1.0 1.4708617970725726e-14 2.942091015256665e-15
  outer loop
    vertex 2373.703773467936 221.27500000000043 571.8703647796453
    vertex 2373.703773467936 221.9283628290601 571.960133329352
    vertex 2373.703773467936 222.2981333293574 571.5903628290547
  endloop
endfacet
facet normal -1.0 1.4708617970725726e-14 2.942091015256665e-15
  outer loop
    vertex 2373.703773467936 221.27500000000043 571.8703647796453
    vertex 2373.703773467936 222.2981333293574 571.5903628290547
    vertex 2373.703773467936 221.6391084047012 571.6154133299484
  endloop
endfacet
facet normal -1.0 1.4708617970725726e-14 2.942091015256665e-15
  outer loop
    vertex 2373.703773467936 221.6391084047012 571.6154133299484
    vertex 2373.703773467936 222.2981333293574 571.5903628290547
    vertex 2373.703773467936 221.95341332995392 571.3011084046957
  endloop
endfacet
facet normal -1.0 1.4708617970725726e-14 2.942091015256665e-15
  outer loop
    vertex 2373.703773467936 221.95341332995392 571.3011084046957
    vertex 2373.703773467936 222.2981333293574 571.5903628290547
    vertex 2373.703773467936 222.59807621135374 571.1619999999951
  endloop
endfacet
facet normal -1.0 1.4708617970725726e-14 2.942091015256665e-15
  outer loop
    vertex 2373.703773467936 221.95341332995392 571.3011084046957
    vertex 2373.703773467936 222.59807621135374 571.1619999999951
    vertex 2373.703773467936 222.20836477965082 570.9369999999951
  endloop
endfacet
facet normal -1.0 1.4708617970725726e-14 2.942091015256665e-15
  outer loop
    vertex 2373.703773467936 222.20836477965082 570.9369999999951
    vertex 2373.703773467936 222.59807621135374 571.1619999999951
    vertex 2373.703773467936 222.81907786235826 570.6880604299721
  endloop
endfacet
facet normal -1.0 1.4708617970725726e-14 2.942091015256665e-15
  outer loop
    vertex 2373.703773467936 222.20836477965082 570.9369999999951
    vertex 2373.703773467936 222.81907786235826 570.6880604299721
    vertex 2373.703773467936 222.3962161830046 570.5341513654755
  endloop
endfacet
facet normal -1.0 1.4708617970725726e-14 2.942091015256665e-15
  outer loop
    vertex 2373.703773467936 222.3962161830046 570.5341513654755
    vertex 2373.703773467936 222.81907786235826 570.6880604299721
    vertex 2373.703773467936 222.95442325903718 570.1829445329959
  endloop
endfacet
facet normal -1.0 1.4708617970725726e-14 2.942091015256665e-15
  outer loop
    vertex 2373.703773467936 222.3962161830046 570.5341513654755
    vertex 2373.703773467936 222.95442325903718 570.1829445329959
    vertex 2373.703773467936 222.5112597701817 570.1048028530458
  endloop
endfacet
facet normal -1.0 1.4708617970725726e-14 2.942091015256665e-15
  outer loop
    vertex 2373.703773467936 222.5112597701817 570.1048028530458
    vertex 2373.703773467936 222.95442325903718 570.1829445329959
    vertex 2373.703773467936 223.00000000000054 569.661999999995
  endloop
endfacet
facet normal -1.0 1.4708617970725726e-14 2.942091015256665e-15
  outer loop
    vertex 2373.703773467936 222.5112597701817 570.1048028530458
    vertex 2373.703773467936 223.00000000000054 569.661999999995
    vertex 2373.703773467936 222.55000000000055 569.661999999995
  endloop
endfacet
facet normal -1.0 1.4708617970725726e-14 2.942091015256665e-15
  outer loop
    vertex 2373.703773467936 222.55000000000055 569.661999999995
    vertex 2373.703773467936 223.00000000000054 569.661999999995
    vertex 2373.703773467936 222.95442325903718 569.1410554669943
  endloop
endfacet
facet normal -1.0 1.4708617970725726e-14 2.942091015256665e-15
  outer loop
    vertex 2373.703773467936 222.55000000000055 569.661999999995
    vertex 2373.703773467936 222.95442325903718 569.1410554669943
    vertex 2373.703773467936 222.5112597701817 569.2191971469443
  endloop
endfacet
facet normal -1.0 1.4708617970725726e-14 2.942091015256665e-15
  outer loop
    vertex 2373.703773467936 222.5112597701817 569.2191971469443
    vertex 2373.703773467936 222.95442325903718 569.1410554669943
    vertex 2373.703773467936 222.3962161830046 568.7898486345147
  endloop
endfacet
facet normal -1.0 1.4708617970725726e-14 2.942091015256665e-15
  outer loop
    vertex 2373.703773467936 222.3962161830046 568.7898486345147
    vertex 2373.703773467936 222.95442325903718 569.1410554669943
    vertex 2373.703773467936 222.81907786235826 568.6359395700181
  endloop
endfacet
facet normal -1.0 1.4708617970725726e-14 2.942091015256665e-15
  outer loop
    vertex 2373.703773467936 222.3962161830046 568.7898486345147
    vertex 2373.703773467936 222.81907786235826 568.6359395700181
    vertex 2373.703773467936 222.20836477965088 568.386999999995
  endloop
endfacet
facet normal -1.0 1.4708617970725726e-14 2.942091015256665e-15
  outer loop
    vertex 2373.703773467936 222.20836477965088 568.386999999995
    vertex 2373.703773467936 222.81907786235826 568.6359395700181
    vertex 2373.703773467936 222.59807621135386 568.161999999995
  endloop
endfacet
facet normal -1.0 1.4708617970725726e-14 2.942091015256665e-15
  outer loop
    vertex 2373.703773467936 222.20836477965088 568.386999999995
    vertex 2373.703773467936 222.59807621135386 568.161999999995
    vertex 2373.703773467936 221.95341332995395 568.0228915952945
  endloop
endfacet
facet normal -1.0 1.4708617970725726e-14 2.942091015256665e-15
  outer loop
    vertex 2373.703773467936 221.95341332995395 568.0228915952945
    vertex 2373.703773467936 222.59807621135386 568.161999999995
    vertex 2373.703773467936 222.29813332935748 567.7336371709355
  endloop
endfacet
facet normal -1.0 1.4708617970725726e-14 2.942091015256665e-15
  outer loop
    vertex 2373.703773467936 221.95341332995395 568.0228915952945
    vertex 2373.703773467936 222.29813332935748 567.7336371709355
    vertex 2373.703773467936 221.63910840470123 567.7085866700418
  endloop
endfacet
facet normal -1.0 1.4708617970725726e-14 2.942091015256665e-15
  outer loop
    vertex 2373.703773467936 221.63910840470123 567.7085866700418
    vertex 2373.703773467936 222.29813332935748 567.7336371709355
    vertex 2373.703773467936 221.92836282906018 567.3638666706382
  endloop
endfacet
facet normal -1.0 1.4708617970725726e-14 2.942091015256665e-15
  outer loop
    vertex 2373.703773467936 221.63910840470123 567.7085866700418
    vertex 2373.703773467936 221.92836282906018 567.3638666706382
    vertex 2373.703773467936 221.27500000000057 567.4536352203448
  endloop
endfacet
facet normal -1.0 1.4708617970725726e-14 2.942091015256665e-15
  outer loop
    vertex 2373.703773467936 221.27500000000057 567.4536352203448
    vertex 2373.703773467936 221.92836282906018 567.3638666706382
    vertex 2373.703773467936 220.872151365481 567.2657838169911
  endloop
endfacet
facet normal -1.0 1.4708617970725726e-14 2.942091015256665e-15
  outer loop
    vertex 2373.703773467936 220.872151365481 567.2657838169911
    vertex 2373.703773467936 221.92836282906018 567.3638666706382
    vertex 2373.703773467936 221.5000000000005 567.0639237886418
  endloop
endfacet
facet normal -1.0 1.4708617970725726e-14 2.942091015256665e-15
  outer loop
    vertex 2373.703773467936 220.872151365481 567.2657838169911
    vertex 2373.703773467936 221.5000000000005 567.0639237886418
    vertex 2373.703773467936 220.44280285305123 567.150740229814
  endloop
endfacet
facet normal -1.0 1.4708617970725726e-14 2.942091015256665e-15
  outer loop
    vertex 2373.703773467936 220.44280285305123 567.150740229814
    vertex 2373.703773467936 221.5000000000005 567.0639237886418
    vertex 2373.703773467936 220.0000000000005 567.1119999999951
  endloop
endfacet
facet normal -1.0 1.4708617970725726e-14 2.942091015256665e-15
  outer loop
    vertex 2373.703773467936 218.50000000000048 572.2600762113484
    vertex 2373.703773467936 219.55719714694976 572.1732597701762
    vertex 2373.703773467936 218.07163717094082 571.960133329352
  endloop
endfacet
facet normal -1.0 1.4708617970725726e-14 2.942091015256665e-15
  outer loop
    vertex 2373.703773467936 219.55719714694976 572.1732597701762
    vertex 2373.703773467936 218.50000000000048 572.2600762113484
    vertex 2373.703773467936 220.00000000000045 572.2119999999951
  endloop
endfacet
facet normal -1.0 1.4708617970725726e-14 2.942091015256665e-15
  outer loop
    vertex 2373.703773467936 218.07163717094082 571.960133329352
    vertex 2373.703773467936 219.55719714694976 572.1732597701762
    vertex 2373.703773467936 219.12784863452 572.0582161829991
  endloop
endfacet
facet normal -1.0 1.4708617970725726e-14 2.942091015256665e-15
  outer loop
    vertex 2373.703773467936 218.07163717094082 571.960133329352
    vertex 2373.703773467936 219.12784863452 572.0582161829991
    vertex 2373.703773467936 218.72500000000042 571.8703647796453
  endloop
endfacet
facet normal -1.0 1.4708617970725726e-14 2.942091015256665e-15
  outer loop
    vertex 2373.703773467936 218.07163717094082 571.960133329352
    vertex 2373.703773467936 218.72500000000042 571.8703647796453
    vertex 2373.703773467936 217.7018666706435 571.5903628290548
  endloop
endfacet
facet normal -1.0 1.4708617970725726e-14 2.942091015256665e-15
  outer loop
    vertex 2373.703773467936 217.7018666706435 571.5903628290548
    vertex 2373.703773467936 218.72500000000042 571.8703647796453
    vertex 2373.703773467936 218.3608915952998 571.6154133299484
  endloop
endfacet
facet normal -1.0 1.4708617970725726e-14 2.942091015256665e-15
  outer loop
    vertex 2373.703773467936 217.7018666706435 571.5903628290548
    vertex 2373.703773467936 218.3608915952998 571.6154133299484
    vertex 2373.703773467936 218.04658667004708 571.3011084046957
  endloop
endfacet
facet normal -1.0 1.4708617970725726e-14 2.942091015256665e-15
  outer loop
    vertex 2373.703773467936 217.7018666706435 571.5903628290548
    vertex 2373.703773467936 218.04658667004708 571.3011084046957
    vertex 2373.703773467936 217.40192378864717 571.1619999999953
  endloop
endfacet
facet normal -1.0 1.4708617970725726e-14 2.942091015256665e-15
  outer loop
    vertex 2373.703773467936 217.40192378864717 571.1619999999953
    vertex 2373.703773467936 218.04658667004708 571.3011084046957
    vertex 2373.703773467936 217.79163522035017 570.9369999999954
  endloop
endfacet
facet normal -1.0 1.4708617970725726e-14 2.942091015256665e-15
  outer loop
    vertex 2373.703773467936 217.40192378864717 571.1619999999953
    vertex 2373.703773467936 217.79163522035017 570.9369999999954
    vertex 2373.703773467936 217.18092213764282 570.6880604299723
  endloop
endfacet
facet normal -1.0 1.4708617970725726e-14 2.942091015256665e-15
  outer loop
    vertex 2373.703773467936 217.18092213764282 570.6880604299723
    vertex 2373.703773467936 217.79163522035017 570.9369999999954
    vertex 2373.703773467936 217.6037838169965 570.5341513654755
  endloop
endfacet
facet normal -1.0 1.4708617970725726e-14 2.942091015256665e-15
  outer loop
    vertex 2373.703773467936 217.18092213764282 570.6880604299723
    vertex 2373.703773467936 217.6037838169965 570.5341513654755
    vertex 2373.703773467936 217.04557674096392 570.1829445329959
  endloop
endfacet
facet normal -1.0 1.4708617970725726e-14 2.942091015256665e-15
  outer loop
    vertex 2373.703773467936 217.04557674096392 570.1829445329959
    vertex 2373.703773467936 217.6037838169965 570.5341513654755
    vertex 2373.703773467936 217.4887402298194 570.104802853046
  endloop
endfacet
facet normal -1.0 1.4708617970725726e-14 2.942091015256665e-15
  outer loop
    vertex 2373.703773467936 217.04557674096392 570.1829445329959
    vertex 2373.703773467936 217.4887402298194 570.104802853046
    vertex 2373.703773467936 217.00000000000054 569.6619999999953
  endloop
endfacet
facet normal -1.0 1.4708617970725726e-14 2.942091015256665e-15
  outer loop
    vertex 2373.703773467936 217.00000000000054 569.6619999999953
    vertex 2373.703773467936 217.4887402298194 570.104802853046
    vertex 2373.703773467936 217.45000000000053 569.6619999999953
  endloop
endfacet
facet normal -1.0 1.4708617970725726e-14 2.942091015256665e-15
  outer loop
    vertex 2373.703773467936 217.00000000000054 569.6619999999953
    vertex 2373.703773467936 217.45000000000053 569.6619999999953
    vertex 2373.703773467936 217.4887402298194 569.2191971469446
  endloop
endfacet
facet normal -1.0 1.4708617970725726e-14 2.942091015256665e-15
  outer loop
    vertex 2373.703773467936 217.00000000000054 569.6619999999953
    vertex 2373.703773467936 217.4887402298194 569.2191971469446
    vertex 2373.703773467936 217.04557674096392 569.1410554669943
  endloop
endfacet
facet normal -1.0 1.4708617970725726e-14 2.942091015256665e-15
  outer loop
    vertex 2373.703773467936 217.04557674096392 569.1410554669943
    vertex 2373.703773467936 217.4887402298194 569.2191971469446
    vertex 2373.703773467936 217.6037838169965 568.7898486345147
  endloop
endfacet
facet normal -1.0 1.4708617970725726e-14 2.942091015256665e-15
  outer loop
    vertex 2373.703773467936 217.04557674096392 569.1410554669943
    vertex 2373.703773467936 217.6037838169965 568.7898486345147
    vertex 2373.703773467936 217.18092213764282 568.6359395700182
  endloop
endfacet
facet normal -1.0 1.4708617970725726e-14 2.942091015256665e-15
  outer loop
    vertex 2373.703773467936 217.18092213764282 568.6359395700182
    vertex 2373.703773467936 217.6037838169965 568.7898486345147
    vertex 2373.703773467936 217.7916352203502 568.3869999999952
  endloop
endfacet
facet normal -1.0 1.4708617970725726e-14 2.942091015256665e-15
  outer loop
    vertex 2373.703773467936 217.18092213764282 568.6359395700182
    vertex 2373.703773467936 217.7916352203502 568.3869999999952
    vertex 2373.703773467936 217.40192378864725 568.1619999999953
  endloop
endfacet
facet normal -1.0 1.4708617970725726e-14 2.942091015256665e-15
  outer loop
    vertex 2373.703773467936 217.40192378864725 568.1619999999953
    vertex 2373.703773467936 217.7916352203502 568.3869999999952
    vertex 2373.703773467936 218.04658667004713 568.0228915952945
  endloop
endfacet
facet normal -1.0 1.4708617970725726e-14 2.942091015256665e-15
  outer loop
    vertex 2373.703773467936 217.40192378864725 568.1619999999953
    vertex 2373.703773467936 218.04658667004713 568.0228915952945
    vertex 2373.703773467936 217.7018666706436 567.7336371709357
  endloop
endfacet
facet normal -1.0 1.4708617970725726e-14 2.942091015256665e-15
  outer loop
    vertex 2373.703773467936 217.7018666706436 567.7336371709357
    vertex 2373.703773467936 218.04658667004713 568.0228915952945
    vertex 2373.703773467936 218.36089159529985 567.7085866700418
  endloop
endfacet
facet normal -1.0 1.4708617970725726e-14 2.942091015256665e-15
  outer loop
    vertex 2373.703773467936 217.7018666706436 567.7336371709357
    vertex 2373.703773467936 218.36089159529985 567.7085866700418
    vertex 2373.703773467936 218.0716371709409 567.3638666706382
  endloop
endfacet
facet normal -1.0 1.4708617970725726e-14 2.942091015256665e-15
  outer loop
    vertex 2373.703773467936 218.0716371709409 567.3638666706382
    vertex 2373.703773467936 218.36089159529985 567.7085866700418
    vertex 2373.703773467936 218.7250000000005 567.4536352203448
  endloop
endfacet
facet normal -1.0 1.4708617970725726e-14 2.942091015256665e-15
  outer loop
    vertex 2373.703773467936 218.0716371709409 567.3638666706382
    vertex 2373.703773467936 218.7250000000005 567.4536352203448
    vertex 2373.703773467936 219.1278486345201 567.2657838169911
  endloop
endfacet
facet normal -1.0 1.4708617970725726e-14 2.942091015256665e-15
  outer loop
    vertex 2373.703773467936 218.0716371709409 567.3638666706382
    vertex 2373.703773467936 219.1278486345201 567.2657838169911
    vertex 2373.703773467936 218.50000000000048 567.0639237886418
  endloop
endfacet
facet normal -1.0 1.4708617970725726e-14 2.942091015256665e-15
  outer loop
    vertex 2373.703773467936 218.50000000000048 567.0639237886418
    vertex 2373.703773467936 219.1278486345201 567.2657838169911
    vertex 2373.703773467936 219.55719714694985 567.150740229814
  endloop
endfacet
facet normal -1.0 1.4708617970725726e-14 2.942091015256665e-15
  outer loop
    vertex 2373.703773467936 218.50000000000048 567.0639237886418
    vertex 2373.703773467936 219.55719714694985 567.150740229814
    vertex 2373.703773467936 220.0000000000005 567.1119999999951
  endloop
endfacet
facet normal -1.0 1.4708617970725726e-14 2.942091015256665e-15
  outer loop
    vertex 2373.703773467936 218.50000000000048 567.0639237886418
    vertex 2373.703773467936 220.0000000000005 567.1119999999951
    vertex 2373.703773467936 221.5000000000005 567.0639237886418
  endloop
endfacet
facet normal -1.0 1.4708617970725726e-14 2.942091015256665e-15
  outer loop
    vertex 2373.703773467936 218.50000000000048 567.0639237886418
    vertex 2373.703773467936 221.5000000000005 567.0639237886418
    vertex 2373.703773467936 221.0260604299775 566.8429221376374
  endloop
endfacet
facet normal -1.0 1.4708617970725726e-14 2.942091015256665e-15
  outer loop
    vertex 2373.703773467936 218.50000000000048 567.0639237886418
    vertex 2373.703773467936 221.0260604299775 566.8429221376374
    vertex 2373.703773467936 218.9739395700235 566.8429221376374
  endloop
endfacet
facet normal -1.0 1.4708617970725726e-14 2.942091015256665e-15
  outer loop
    vertex 2373.703773467936 218.9739395700235 566.8429221376374
    vertex 2373.703773467936 221.0260604299775 566.8429221376374
    vertex 2373.703773467936 220.52094453300128 566.7075767409584
  endloop
endfacet
facet normal -1.0 1.4708617970725726e-14 2.942091015256665e-15
  outer loop
    vertex 2373.703773467936 218.9739395700235 566.8429221376374
    vertex 2373.703773467936 220.52094453300128 566.7075767409584
    vertex 2373.703773467936 219.47905546699974 566.7075767409584
  endloop
endfacet
facet normal -1.0 1.4708617970725726e-14 2.942091015256665e-15
  outer loop
    vertex 2373.703773467936 219.47905546699974 566.7075767409584
    vertex 2373.703773467936 220.52094453300128 566.7075767409584
    vertex 2373.703773467936 220.0000000000005 566.661999999995
  endloop
endfacet
facet normal -1.4396227111028113e-14 -0.9961946980917473 0.08715574274763795
  outer loop
    vertex 2374.203773467936 217.00000000000054 569.6619999999953
    vertex 2373.703773467936 217.04557674096392 570.1829445329959
    vertex 2373.703773467936 217.00000000000054 569.6619999999953
  endloop
endfacet
facet normal -1.4396227111028113e-14 -0.9961946980917473 0.08715574274763795
  outer loop
    vertex 2373.703773467936 217.04557674096392 570.1829445329959
    vertex 2374.203773467936 217.00000000000054 569.6619999999953
    vertex 2374.203773467936 217.04557674096387 570.1829445329959
  endloop
endfacet
facet normal -1.4909067366359832e-14 -0.9961946980917462 -0.08715574274765024
  outer loop
    vertex 2374.203773467936 217.04557674096392 569.1410554669943
    vertex 2373.703773467936 217.00000000000054 569.6619999999953
    vertex 2373.703773467936 217.04557674096392 569.1410554669943
  endloop
endfacet
facet normal -1.4909067366359832e-14 -0.9961946980917462 -0.08715574274765024
  outer loop
    vertex 2373.703773467936 217.00000000000054 569.6619999999953
    vertex 2374.203773467936 217.04557674096392 569.1410554669943
    vertex 2374.203773467936 217.00000000000054 569.6619999999953
  endloop
endfacet
facet normal -1.496890315411691e-14 -0.9659258262890652 -0.2588190451025324
  outer loop
    vertex 2374.203773467936 217.18092213764282 568.6359395700182
    vertex 2373.703773467936 217.04557674096392 569.1410554669943
    vertex 2373.703773467936 217.18092213764282 568.6359395700182
  endloop
endfacet
facet normal -1.496890315411691e-14 -0.9659258262890652 -0.2588190451025324
  outer loop
    vertex 2373.703773467936 217.04557674096392 569.1410554669943
    vertex 2374.203773467936 217.18092213764282 568.6359395700182
    vertex 2374.203773467936 217.04557674096392 569.1410554669943
  endloop
endfacet
facet normal -1.457391639416656e-14 -0.9063077870366409 -0.4226182617407189
  outer loop
    vertex 2374.203773467936 217.40192378864725 568.1619999999953
    vertex 2373.703773467936 217.18092213764282 568.6359395700182
    vertex 2373.703773467936 217.40192378864725 568.1619999999953
  endloop
endfacet
facet normal -1.457391639416656e-14 -0.9063077870366409 -0.4226182617407189
  outer loop
    vertex 2373.703773467936 217.18092213764282 568.6359395700182
    vertex 2374.203773467936 217.40192378864725 568.1619999999953
    vertex 2374.203773467936 217.18092213764282 568.6359395700182
  endloop
endfacet
facet normal -1.3736108559336928e-14 -0.8191520442889723 -0.5735764363510742
  outer loop
    vertex 2374.203773467936 217.7018666706436 567.7336371709357
    vertex 2373.703773467936 217.40192378864725 568.1619999999953
    vertex 2373.703773467936 217.7018666706436 567.7336371709357
  endloop
endfacet
facet normal -1.3736108559336928e-14 -0.8191520442889723 -0.5735764363510742
  outer loop
    vertex 2373.703773467936 217.40192378864725 568.1619999999953
    vertex 2374.203773467936 217.7018666706436 567.7336371709357
    vertex 2374.203773467936 217.40192378864725 568.1619999999953
  endloop
endfacet
facet normal -1.2480936016738429e-14 -0.7071067811865432 -0.7071067811865519
  outer loop
    vertex 2373.703773467936 218.0716371709409 567.3638666706382
    vertex 2374.203773467936 217.7018666706436 567.7336371709357
    vertex 2373.703773467936 217.7018666706436 567.7336371709357
  endloop
endfacet
facet normal -1.2480936016738429e-14 -0.7071067811865432 -0.7071067811865519
  outer loop
    vertex 2374.203773467936 217.7018666706436 567.7336371709357
    vertex 2373.703773467936 218.0716371709409 567.3638666706382
    vertex 2374.203773467936 218.0716371709409 567.3638666706383
  endloop
endfacet
facet normal -1.0846536548930766e-14 -0.5735764363511394 -0.8191520442889264
  outer loop
    vertex 2373.703773467936 218.50000000000048 567.0639237886418
    vertex 2374.203773467936 218.0716371709409 567.3638666706383
    vertex 2373.703773467936 218.0716371709409 567.3638666706382
  endloop
endfacet
facet normal -1.0846536548930766e-14 -0.5735764363511394 -0.8191520442889264
  outer loop
    vertex 2374.203773467936 218.0716371709409 567.3638666706383
    vertex 2373.703773467936 218.50000000000048 567.0639237886418
    vertex 2374.203773467936 218.50000000000048 567.0639237886418
  endloop
endfacet
facet normal -8.88257055669158e-15 -0.422618261740533 -0.9063077870367278
  outer loop
    vertex 2373.703773467936 218.9739395700235 566.8429221376374
    vertex 2374.203773467936 218.50000000000048 567.0639237886418
    vertex 2373.703773467936 218.50000000000048 567.0639237886418
  endloop
endfacet
facet normal -8.88257055669158e-15 -0.422618261740533 -0.9063077870367278
  outer loop
    vertex 2374.203773467936 218.50000000000048 567.0639237886418
    vertex 2373.703773467936 218.9739395700235 566.8429221376374
    vertex 2374.203773467936 218.9739395700235 566.8429221376374
  endloop
endfacet
facet normal -6.648712152891865e-15 -0.2588190451026226 -0.965925826289041
  outer loop
    vertex 2373.703773467936 219.47905546699974 566.7075767409584
    vertex 2374.203773467936 218.9739395700235 566.8429221376374
    vertex 2373.703773467936 218.9739395700235 566.8429221376374
  endloop
endfacet
facet normal -6.648712152891865e-15 -0.2588190451026226 -0.965925826289041
  outer loop
    vertex 2374.203773467936 218.9739395700235 566.8429221376374
    vertex 2373.703773467936 219.47905546699974 566.7075767409584
    vertex 2374.203773467936 219.47905546699974 566.7075767409584
  endloop
endfacet
facet normal -4.212835994733147e-15 -0.08715574274772356 -0.9961946980917398
  outer loop
    vertex 2373.703773467936 220.0000000000005 566.661999999995
    vertex 2374.203773467936 219.47905546699974 566.7075767409584
    vertex 2373.703773467936 219.47905546699974 566.7075767409584
  endloop
endfacet
facet normal -4.212835994733147e-15 -0.08715574274772356 -0.9961946980917398
  outer loop
    vertex 2374.203773467936 219.47905546699974 566.7075767409584
    vertex 2373.703773467936 220.0000000000005 566.661999999995
    vertex 2374.203773467936 220.0000000000005 566.661999999995
  endloop
endfacet
facet normal -1.6489549466707344e-15 0.08715574274773587 -0.9961946980917389
  outer loop
    vertex 2373.703773467936 220.52094453300128 566.7075767409584
    vertex 2374.203773467936 220.0000000000005 566.661999999995
    vertex 2373.703773467936 220.0000000000005 566.661999999995
  endloop
endfacet
facet normal -1.6489549466707344e-15 0.08715574274773587 -0.9961946980917389
  outer loop
    vertex 2374.203773467936 220.0000000000005 566.661999999995
    vertex 2373.703773467936 220.52094453300128 566.7075767409584
    vertex 2374.203773467936 220.52094453300128 566.7075767409584
  endloop
endfacet
facet normal 9.650287630333351e-16 0.2588190451026345 -0.9659258262890379
  outer loop
    vertex 2373.703773467936 221.0260604299775 566.8429221376374
    vertex 2374.203773467936 220.52094453300128 566.7075767409584
    vertex 2373.703773467936 220.52094453300128 566.7075767409584
  endloop
endfacet
facet normal 9.650287630333351e-16 0.2588190451026345 -0.9659258262890379
  outer loop
    vertex 2374.203773467936 220.52094453300128 566.7075767409584
    vertex 2373.703773467936 221.0260604299775 566.8429221376374
    vertex 2374.203773467936 221.0260604299775 566.8429221376374
  endloop
endfacet
facet normal 3.5496905620959445e-15 0.4226182617405441 -0.9063077870367224
  outer loop
    vertex 2373.703773467936 221.5000000000005 567.0639237886418
    vertex 2374.203773467936 221.0260604299775 566.8429221376374
    vertex 2373.703773467936 221.0260604299775 566.8429221376374
  endloop
endfacet
facet normal 3.5496905620959445e-15 0.4226182617405441 -0.9063077870367224
  outer loop
    vertex 2374.203773467936 221.0260604299775 566.8429221376374
    vertex 2373.703773467936 221.5000000000005 567.0639237886418
    vertex 2374.203773467936 221.5000000000005 567.0639237886418
  endloop
endfacet
facet normal 6.026496809667781e-15 0.5735764363511495 -0.8191520442889195
  outer loop
    vertex 2373.703773467936 221.92836282906018 567.3638666706382
    vertex 2374.203773467936 221.5000000000005 567.0639237886418
    vertex 2373.703773467936 221.5000000000005 567.0639237886418
  endloop
endfacet
facet normal 6.026496809667781e-15 0.5735764363511495 -0.8191520442889195
  outer loop
    vertex 2374.203773467936 221.5000000000005 567.0639237886418
    vertex 2373.703773467936 221.92836282906018 567.3638666706382
    vertex 2374.203773467936 221.92836282906018 567.3638666706382
  endloop
endfacet
facet normal 8.320191001226552e-15 0.7071067811865519 -0.7071067811865432
  outer loop
    vertex 2373.703773467936 222.29813332935748 567.7336371709355
    vertex 2374.203773467936 221.92836282906018 567.3638666706382
    vertex 2373.703773467936 221.92836282906018 567.3638666706382
  endloop
endfacet
facet normal 8.320191001226552e-15 0.7071067811865519 -0.7071067811865432
  outer loop
    vertex 2374.203773467936 221.92836282906018 567.3638666706382
    vertex 2373.703773467936 222.29813332935748 567.7336371709355
    vertex 2374.203773467936 222.29813332935748 567.7336371709355
  endloop
endfacet
facet normal 1.0361080399434198e-14 0.8191520442889791 -0.5735764363510641
  outer loop
    vertex 2374.203773467936 222.59807621135386 568.161999999995
    vertex 2373.703773467936 222.29813332935748 567.7336371709355
    vertex 2373.703773467936 222.59807621135386 568.161999999995
  endloop
endfacet
facet normal 1.0361080399434198e-14 0.8191520442889791 -0.5735764363510641
  outer loop
    vertex 2373.703773467936 222.29813332935748 567.7336371709355
    vertex 2374.203773467936 222.59807621135386 568.161999999995
    vertex 2374.203773467936 222.29813332935748 567.7336371709355
  endloop
endfacet
facet normal 1.2087153612665157e-14 0.9063077870366463 -0.4226182617407078
  outer loop
    vertex 2374.203773467936 222.81907786235826 568.6359395700181
    vertex 2373.703773467936 222.59807621135386 568.161999999995
    vertex 2373.703773467936 222.81907786235826 568.6359395700181
  endloop
endfacet
facet normal 1.2087153612665157e-14 0.9063077870366463 -0.4226182617407078
  outer loop
    vertex 2373.703773467936 222.59807621135386 568.161999999995
    vertex 2374.203773467936 222.81907786235826 568.6359395700181
    vertex 2374.203773467936 222.59807621135386 568.161999999995
  endloop
endfacet
facet normal 1.3445964779770053e-14 0.9659258262890683 -0.2588190451025205
  outer loop
    vertex 2374.203773467936 222.95442325903718 569.1410554669943
    vertex 2373.703773467936 222.81907786235826 568.6359395700181
    vertex 2373.703773467936 222.95442325903718 569.1410554669943
  endloop
endfacet
facet normal 1.3445964779770053e-14 0.9659258262890683 -0.2588190451025205
  outer loop
    vertex 2373.703773467936 222.81907786235826 568.6359395700181
    vertex 2374.203773467936 222.95442325903718 569.1410554669943
    vertex 2374.203773467936 222.81907786235826 568.6359395700181
  endloop
endfacet
facet normal 1.4396227111028113e-14 0.9961946980917473 -0.08715574274763795
  outer loop
    vertex 2374.203773467936 223.00000000000054 569.661999999995
    vertex 2373.703773467936 222.95442325903718 569.1410554669943
    vertex 2373.703773467936 223.00000000000054 569.661999999995
  endloop
endfacet
facet normal 1.4396227111028113e-14 0.9961946980917473 -0.08715574274763795
  outer loop
    vertex 2373.703773467936 222.95442325903718 569.1410554669943
    vertex 2374.203773467936 223.00000000000054 569.661999999995
    vertex 2374.203773467936 222.95442325903718 569.1410554669943
  endloop
endfacet
facet normal 1.4909067366359832e-14 0.9961946980917462 0.08715574274765024
  outer loop
    vertex 2374.203773467936 222.95442325903713 570.1829445329959
    vertex 2373.703773467936 223.00000000000054 569.661999999995
    vertex 2373.703773467936 222.95442325903718 570.1829445329959
  endloop
endfacet
facet normal 1.4909067366359832e-14 0.9961946980917462 0.08715574274765024
  outer loop
    vertex 2373.703773467936 223.00000000000054 569.661999999995
    vertex 2374.203773467936 222.95442325903713 570.1829445329959
    vertex 2374.203773467936 223.00000000000054 569.661999999995
  endloop
endfacet
facet normal 1.496890315411691e-14 0.9659258262890652 0.2588190451025324
  outer loop
    vertex 2374.203773467936 222.81907786235817 570.6880604299721
    vertex 2373.703773467936 222.95442325903718 570.1829445329959
    vertex 2373.703773467936 222.81907786235826 570.6880604299721
  endloop
endfacet
facet normal 1.496890315411691e-14 0.9659258262890652 0.2588190451025324
  outer loop
    vertex 2373.703773467936 222.95442325903718 570.1829445329959
    vertex 2374.203773467936 222.81907786235817 570.6880604299721
    vertex 2374.203773467936 222.95442325903713 570.1829445329959
  endloop
endfacet
facet normal 1.457391639416656e-14 0.9063077870366409 0.4226182617407189
  outer loop
    vertex 2374.203773467936 222.59807621135374 571.1619999999951
    vertex 2373.703773467936 222.81907786235826 570.6880604299721
    vertex 2373.703773467936 222.59807621135374 571.1619999999951
  endloop
endfacet
facet normal 1.457391639416656e-14 0.9063077870366409 0.4226182617407189
  outer loop
    vertex 2373.703773467936 222.81907786235826 570.6880604299721
    vertex 2374.203773467936 222.59807621135374 571.1619999999951
    vertex 2374.203773467936 222.81907786235817 570.6880604299721
  endloop
endfacet
facet normal 1.3736108559336928e-14 0.8191520442889723 0.5735764363510742
  outer loop
    vertex 2374.203773467936 222.2981333293574 571.5903628290547
    vertex 2373.703773467936 222.59807621135374 571.1619999999951
    vertex 2373.703773467936 222.2981333293574 571.5903628290547
  endloop
endfacet
facet normal 1.3736108559336928e-14 0.8191520442889723 0.5735764363510742
  outer loop
    vertex 2373.703773467936 222.59807621135374 571.1619999999951
    vertex 2374.203773467936 222.2981333293574 571.5903628290547
    vertex 2374.203773467936 222.59807621135374 571.1619999999951
  endloop
endfacet
facet normal 1.2480936016738429e-14 0.7071067811865432 0.7071067811865519
  outer loop
    vertex 2374.203773467936 222.2981333293574 571.5903628290547
    vertex 2373.703773467936 221.9283628290601 571.960133329352
    vertex 2374.203773467936 221.9283628290601 571.960133329352
  endloop
endfacet
facet normal 1.2480936016738429e-14 0.7071067811865432 0.7071067811865519
  outer loop
    vertex 2373.703773467936 221.9283628290601 571.960133329352
    vertex 2374.203773467936 222.2981333293574 571.5903628290547
    vertex 2373.703773467936 222.2981333293574 571.5903628290547
  endloop
endfacet
facet normal 1.0846536548930766e-14 0.5735764363511394 0.8191520442889264
  outer loop
    vertex 2374.203773467936 221.9283628290601 571.960133329352
    vertex 2373.703773467936 221.50000000000048 572.2600762113484
    vertex 2374.203773467936 221.50000000000048 572.2600762113484
  endloop
endfacet
facet normal 1.0846536548930766e-14 0.5735764363511394 0.8191520442889264
  outer loop
    vertex 2373.703773467936 221.50000000000048 572.2600762113484
    vertex 2374.203773467936 221.9283628290601 571.960133329352
    vertex 2373.703773467936 221.9283628290601 571.960133329352
  endloop
endfacet
facet normal 8.88257055669158e-15 0.422618261740533 0.9063077870367278
  outer loop
    vertex 2374.203773467936 221.50000000000048 572.2600762113484
    vertex 2373.703773467936 221.02606042997746 572.4810778623528
    vertex 2374.203773467936 221.02606042997746 572.4810778623528
  endloop
endfacet
facet normal 8.88257055669158e-15 0.422618261740533 0.9063077870367278
  outer loop
    vertex 2373.703773467936 221.02606042997746 572.4810778623528
    vertex 2374.203773467936 221.50000000000048 572.2600762113484
    vertex 2373.703773467936 221.50000000000048 572.2600762113484
  endloop
endfacet
facet normal 6.648712152891865e-15 0.2588190451026226 0.965925826289041
  outer loop
    vertex 2374.203773467936 221.02606042997746 572.4810778623528
    vertex 2373.703773467936 220.52094453300123 572.6164232590318
    vertex 2374.203773467936 220.52094453300123 572.6164232590318
  endloop
endfacet
facet normal 6.648712152891865e-15 0.2588190451026226 0.965925826289041
  outer loop
    vertex 2373.703773467936 220.52094453300123 572.6164232590318
    vertex 2374.203773467936 221.02606042997746 572.4810778623528
    vertex 2373.703773467936 221.02606042997746 572.4810778623528
  endloop
endfacet
facet normal 4.212835994733147e-15 0.08715574274772356 0.9961946980917398
  outer loop
    vertex 2374.203773467936 220.52094453300123 572.6164232590318
    vertex 2373.703773467936 220.00000000000045 572.6619999999951
    vertex 2374.203773467936 220.00000000000045 572.6619999999951
  endloop
endfacet
facet normal 4.212835994733147e-15 0.08715574274772356 0.9961946980917398
  outer loop
    vertex 2373.703773467936 220.00000000000045 572.6619999999951
    vertex 2374.203773467936 220.52094453300123 572.6164232590318
    vertex 2373.703773467936 220.52094453300123 572.6164232590318
  endloop
endfacet
facet normal 1.6489549466707344e-15 -0.08715574274773587 0.9961946980917389
  outer loop
    vertex 2374.203773467936 220.00000000000045 572.6619999999951
    vertex 2373.703773467936 219.47905546699968 572.6164232590318
    vertex 2374.203773467936 219.47905546699968 572.6164232590318
  endloop
endfacet
facet normal 1.6489549466707344e-15 -0.08715574274773587 0.9961946980917389
  outer loop
    vertex 2373.703773467936 219.47905546699968 572.6164232590318
    vertex 2374.203773467936 220.00000000000045 572.6619999999951
    vertex 2373.703773467936 220.00000000000045 572.6619999999951
  endloop
endfacet
facet normal -9.650287630333351e-16 -0.2588190451026345 0.9659258262890379
  outer loop
    vertex 2374.203773467936 219.47905546699968 572.6164232590318
    vertex 2373.703773467936 218.97393957002345 572.4810778623528
    vertex 2374.203773467936 218.97393957002345 572.4810778623528
  endloop
endfacet
facet normal -9.650287630333351e-16 -0.2588190451026345 0.9659258262890379
  outer loop
    vertex 2373.703773467936 218.97393957002345 572.4810778623528
    vertex 2374.203773467936 219.47905546699968 572.6164232590318
    vertex 2373.703773467936 219.47905546699968 572.6164232590318
  endloop
endfacet
facet normal -3.549690562096477e-15 -0.4226182617405772 0.9063077870367071
  outer loop
    vertex 2374.203773467936 218.97393957002345 572.4810778623528
    vertex 2373.703773467936 218.50000000000048 572.2600762113484
    vertex 2374.203773467936 218.50000000000048 572.2600762113484
  endloop
endfacet
facet normal -3.549690562096477e-15 -0.4226182617405772 0.9063077870367071
  outer loop
    vertex 2373.703773467936 218.50000000000048 572.2600762113484
    vertex 2374.203773467936 218.97393957002345 572.4810778623528
    vertex 2373.703773467936 218.97393957002345 572.4810778623528
  endloop
endfacet
facet normal -6.026496809667102e-15 -0.573576436351109 0.819152044288948
  outer loop
    vertex 2374.203773467936 218.50000000000048 572.2600762113484
    vertex 2373.703773467936 218.07163717094082 571.960133329352
    vertex 2374.203773467936 218.07163717094082 571.9601333293522
  endloop
endfacet
facet normal -6.026496809667102e-15 -0.573576436351109 0.819152044288948
  outer loop
    vertex 2373.703773467936 218.07163717094082 571.960133329352
    vertex 2374.203773467936 218.50000000000048 572.2600762113484
    vertex 2373.703773467936 218.50000000000048 572.2600762113484
  endloop
endfacet
facet normal -8.320191001226552e-15 -0.7071067811865519 0.7071067811865432
  outer loop
    vertex 2374.203773467936 218.07163717094082 571.9601333293522
    vertex 2373.703773467936 217.7018666706435 571.5903628290548
    vertex 2374.203773467936 217.7018666706435 571.5903628290548
  endloop
endfacet
facet normal -8.320191001226552e-15 -0.7071067811865519 0.7071067811865432
  outer loop
    vertex 2373.703773467936 217.7018666706435 571.5903628290548
    vertex 2374.203773467936 218.07163717094082 571.9601333293522
    vertex 2373.703773467936 218.07163717094082 571.960133329352
  endloop
endfacet
facet normal -1.0361080399434198e-14 -0.8191520442889791 0.5735764363510641
  outer loop
    vertex 2374.203773467936 217.40192378864717 571.1619999999953
    vertex 2373.703773467936 217.7018666706435 571.5903628290548
    vertex 2373.703773467936 217.40192378864717 571.1619999999953
  endloop
endfacet
facet normal -1.0361080399434198e-14 -0.8191520442889791 0.5735764363510641
  outer loop
    vertex 2373.703773467936 217.7018666706435 571.5903628290548
    vertex 2374.203773467936 217.40192378864717 571.1619999999953
    vertex 2374.203773467936 217.7018666706435 571.5903628290548
  endloop
endfacet
facet normal -1.2087153612665157e-14 -0.9063077870366463 0.4226182617407078
  outer loop
    vertex 2374.203773467936 217.18092213764274 570.6880604299723
    vertex 2373.703773467936 217.40192378864717 571.1619999999953
    vertex 2373.703773467936 217.18092213764282 570.6880604299723
  endloop
endfacet
facet normal -1.2087153612665157e-14 -0.9063077870366463 0.4226182617407078
  outer loop
    vertex 2373.703773467936 217.40192378864717 571.1619999999953
    vertex 2374.203773467936 217.18092213764274 570.6880604299723
    vertex 2374.203773467936 217.40192378864717 571.1619999999953
  endloop
endfacet
facet normal -1.3445964779770053e-14 -0.9659258262890683 0.2588190451025205
  outer loop
    vertex 2374.203773467936 217.04557674096387 570.1829445329959
    vertex 2373.703773467936 217.18092213764282 570.6880604299723
    vertex 2373.703773467936 217.04557674096392 570.1829445329959
  endloop
endfacet
facet normal -1.3445964779770053e-14 -0.9659258262890683 0.2588190451025205
  outer loop
    vertex 2373.703773467936 217.18092213764282 570.6880604299723
    vertex 2374.203773467936 217.04557674096387 570.1829445329959
    vertex 2374.203773467936 217.18092213764274 570.6880604299723
  endloop
endfacet
facet normal -1.0 -2.0588298894580466e-15 4.381174417742165e-15
  outer loop
    vertex 2374.203773467936 221.64965768783628 579.017673653611
    vertex 2374.203773467936 218.35034231216454 579.017673653611
    vertex 2374.203773467936 220.0000000000004 579.161999999995
  endloop
endfacet
facet normal -1.0 -2.0588298894580466e-15 4.381174417742165e-15
  outer loop
    vertex 2374.203773467936 218.35034231216454 579.017673653611
    vertex 2374.203773467936 221.64965768783628 579.017673653611
    vertex 2374.203773467936 223.24919136159428 578.5890798974611
  endloop
endfacet
facet normal -1.0 -2.0588298894580466e-15 4.381174417742165e-15
  outer loop
    vertex 2374.203773467936 218.35034231216454 579.017673653611
    vertex 2374.203773467936 223.24919136159428 578.5890798974611
    vertex 2374.203773467936 217.000000000001 578.6558505215614
  endloop
endfacet
facet normal -1.0 -2.0588298894580466e-15 4.381174417742165e-15
  outer loop
    vertex 2374.203773467936 217.000000000001 578.6558505215614
    vertex 2374.203773467936 223.24919136159428 578.5890798974611
    vertex 2374.203773467936 217.7018666706435 571.5903628290548
  endloop
endfacet
facet normal -1.0 -2.0588298894580466e-15 4.381174417742165e-15
  outer loop
    vertex 2374.203773467936 217.000000000001 578.6558505215614
    vertex 2374.203773467936 217.7018666706435 571.5903628290548
    vertex 2374.203773467936 217.40192378864717 571.1619999999953
  endloop
endfacet
facet normal -1.0 -2.0588298894580466e-15 4.381174417742165e-15
  outer loop
    vertex 2374.203773467936 217.000000000001 578.6558505215614
    vertex 2374.203773467936 217.40192378864717 571.1619999999953
    vertex 2374.203773467936 217.18092213764274 570.6880604299723
  endloop
endfacet
facet normal -1.0 -2.0588298894580466e-15 4.381174417742165e-15
  outer loop
    vertex 2374.203773467936 217.000000000001 578.6558505215614
    vertex 2374.203773467936 217.18092213764274 570.6880604299723
    vertex 2374.203773467936 217.04557674096387 570.1829445329959
  endloop
endfacet
facet normal -1.0 -2.0588298894580466e-15 4.381174417742165e-15
  outer loop
    vertex 2374.203773467936 217.000000000001 578.6558505215614
    vertex 2374.203773467936 217.04557674096387 570.1829445329959
    vertex 2374.203773467936 217.00000000000054 569.6619999999953
  endloop
endfacet
facet normal -1.0 -2.0588298894580466e-15 4.381174417742165e-15
  outer loop
    vertex 2374.203773467936 217.7018666706435 571.5903628290548
    vertex 2374.203773467936 223.24919136159428 578.5890798974611
    vertex 2374.203773467936 218.07163717094082 571.9601333293522
  endloop
endfacet
facet normal -1.0 -2.0588298894580466e-15 4.381174417742165e-15
  outer loop
    vertex 2374.203773467936 218.07163717094082 571.9601333293522
    vertex 2374.203773467936 223.24919136159428 578.5890798974611
    vertex 2374.203773467936 224.7500000000004 577.8892413359473
  endloop
endfacet
facet normal -1.0 -2.0588298894580466e-15 4.381174417742165e-15
  outer loop
    vertex 2374.203773467936 218.07163717094082 571.9601333293522
    vertex 2374.203773467936 224.7500000000004 577.8892413359473
    vertex 2374.203773467936 218.50000000000048 572.2600762113484
  endloop
endfacet
facet normal -1.0 -2.0588298894580466e-15 4.381174417742165e-15
  outer loop
    vertex 2374.203773467936 218.50000000000048 572.2600762113484
    vertex 2374.203773467936 224.7500000000004 577.8892413359473
    vertex 2374.203773467936 226.10648229202263 576.9394222096254
  endloop
endfacet
facet normal -1.0 -2.0588298894580466e-15 4.381174417742165e-15
  outer loop
    vertex 2374.203773467936 218.50000000000048 572.2600762113484
    vertex 2374.203773467936 226.10648229202263 576.9394222096254
    vertex 2374.203773467936 226.25000000000102 576.795904501647
  endloop
endfacet
facet normal -1.0 -2.0588298894580466e-15 4.381174417742165e-15
  outer loop
    vertex 2374.203773467936 218.50000000000048 572.2600762113484
    vertex 2374.203773467936 226.25000000000102 576.795904501647
    vertex 2374.203773467936 218.97393957002345 572.4810778623528
  endloop
endfacet
facet normal -1.0 -2.0588298894580466e-15 4.381174417742165e-15
  outer loop
    vertex 2374.203773467936 218.97393957002345 572.4810778623528
    vertex 2374.203773467936 226.25000000000102 576.795904501647
    vertex 2374.203773467936 227.27742220963077 575.7684822920172
  endloop
endfacet
facet normal -1.0 -2.0588298894580466e-15 4.381174417742165e-15
  outer loop
    vertex 2374.203773467936 218.97393957002345 572.4810778623528
    vertex 2374.203773467936 227.27742220963077 575.7684822920172
    vertex 2374.203773467936 227.5751134743169 575.3433351057313
  endloop
endfacet
facet normal -1.0 -2.0588298894580466e-15 4.381174417742165e-15
  outer loop
    vertex 2374.203773467936 218.97393957002345 572.4810778623528
    vertex 2374.203773467936 227.5751134743169 575.3433351057313
    vertex 2374.203773467936 219.47905546699968 572.6164232590318
  endloop
endfacet
facet normal -1.0 -2.0588298894580466e-15 4.381174417742165e-15
  outer loop
    vertex 2374.203773467936 219.47905546699968 572.6164232590318
    vertex 2374.203773467936 227.5751134743169 575.3433351057313
    vertex 2374.203773467936 220.00000000000045 572.6619999999951
  endloop
endfacet
facet normal -1.0 -2.0588298894580466e-15 4.381174417742165e-15
  outer loop
    vertex 2374.203773467936 229.0000000000008 563.6619999999957
    vertex 2374.203773467936 227.5751134743169 575.3433351057313
    vertex 2374.203773467936 229.00000000000102 575.3433351057313
  endloop
endfacet
facet normal -1.0 -2.0588298894580466e-15 4.381174417742165e-15
  outer loop
    vertex 2374.203773467936 227.5751134743169 575.3433351057313
    vertex 2374.203773467936 229.0000000000008 563.6619999999957
    vertex 2374.203773467936 222.2981333293574 571.5903628290547
  endloop
endfacet
facet normal -1.0 -2.0588298894580466e-15 4.381174417742165e-15
  outer loop
    vertex 2374.203773467936 227.5751134743169 575.3433351057313
    vertex 2374.203773467936 222.2981333293574 571.5903628290547
    vertex 2374.203773467936 221.9283628290601 571.960133329352
  endloop
endfacet
facet normal -1.0 -2.0588298894580466e-15 4.381174417742165e-15
  outer loop
    vertex 2374.203773467936 227.5751134743169 575.3433351057313
    vertex 2374.203773467936 221.9283628290601 571.960133329352
    vertex 2374.203773467936 221.50000000000048 572.2600762113484
  endloop
endfacet
facet normal -1.0 -2.0588298894580466e-15 4.381174417742165e-15
  outer loop
    vertex 2374.203773467936 227.5751134743169 575.3433351057313
    vertex 2374.203773467936 221.50000000000048 572.2600762113484
    vertex 2374.203773467936 221.02606042997746 572.4810778623528
  endloop
endfacet
facet normal -1.0 -2.0588298894580466e-15 4.381174417742165e-15
  outer loop
    vertex 2374.203773467936 227.5751134743169 575.3433351057313
    vertex 2374.203773467936 221.02606042997746 572.4810778623528
    vertex 2374.203773467936 220.52094453300123 572.6164232590318
  endloop
endfacet
facet normal -1.0 -2.0588298894580466e-15 4.381174417742165e-15
  outer loop
    vertex 2374.203773467936 227.5751134743169 575.3433351057313
    vertex 2374.203773467936 220.52094453300123 572.6164232590318
    vertex 2374.203773467936 220.00000000000045 572.6619999999951
  endloop
endfacet
facet normal -1.0 -2.0588298894580466e-15 4.381174417742165e-15
  outer loop
    vertex 2374.203773467936 222.2981333293574 571.5903628290547
    vertex 2374.203773467936 229.0000000000008 563.6619999999957
    vertex 2374.203773467936 222.59807621135374 571.1619999999951
  endloop
endfacet
facet normal -1.0 -2.0588298894580466e-15 4.381174417742165e-15
  outer loop
    vertex 2374.203773467936 222.59807621135374 571.1619999999951
    vertex 2374.203773467936 229.0000000000008 563.6619999999957
    vertex 2374.203773467936 222.81907786235817 570.6880604299721
  endloop
endfacet
facet normal -1.0 -2.0588298894580466e-15 4.381174417742165e-15
  outer loop
    vertex 2374.203773467936 222.81907786235817 570.6880604299721
    vertex 2374.203773467936 229.0000000000008 563.6619999999957
    vertex 2374.203773467936 222.95442325903713 570.1829445329959
  endloop
endfacet
facet normal -1.0 -2.0588298894580466e-15 4.381174417742165e-15
  outer loop
    vertex 2374.203773467936 222.95442325903713 570.1829445329959
    vertex 2374.203773467936 229.0000000000008 563.6619999999957
    vertex 2374.203773467936 223.00000000000054 569.661999999995
  endloop
endfacet
facet normal -1.0 -2.0588298894580466e-15 4.381174417742165e-15
  outer loop
    vertex 2374.203773467936 223.00000000000054 569.661999999995
    vertex 2374.203773467936 229.0000000000008 563.6619999999957
    vertex 2374.203773467936 222.95442325903718 569.1410554669943
  endloop
endfacet
facet normal -1.0 -2.0588298894580466e-15 4.381174417742165e-15
  outer loop
    vertex 2374.203773467936 222.95442325903718 569.1410554669943
    vertex 2374.203773467936 229.0000000000008 563.6619999999957
    vertex 2374.203773467936 222.81907786235826 568.6359395700181
  endloop
endfacet
facet normal -1.0 -2.0588298894580466e-15 4.381174417742165e-15
  outer loop
    vertex 2374.203773467936 222.81907786235826 568.6359395700181
    vertex 2374.203773467936 229.0000000000008 563.6619999999957
    vertex 2374.203773467936 222.59807621135386 568.161999999995
  endloop
endfacet
facet normal -1.0 -2.0588298894580466e-15 4.381174417742165e-15
  outer loop
    vertex 2374.203773467936 222.59807621135386 568.161999999995
    vertex 2374.203773467936 229.0000000000008 563.6619999999957
    vertex 2374.203773467936 222.29813332935748 567.7336371709355
  endloop
endfacet
facet normal -1.0 -2.0588298894580466e-15 4.381174417742165e-15
  outer loop
    vertex 2374.203773467936 222.29813332935748 567.7336371709355
    vertex 2374.203773467936 229.0000000000008 563.6619999999957
    vertex 2374.203773467936 221.92836282906018 567.3638666706382
  endloop
endfacet
facet normal -1.0 -2.0588298894580466e-15 4.381174417742165e-15
  outer loop
    vertex 2374.203773467936 221.92836282906018 567.3638666706382
    vertex 2374.203773467936 229.0000000000008 563.6619999999957
    vertex 2374.203773467936 221.5000000000005 567.0639237886418
  endloop
endfacet
facet normal -1.0 -2.0588298894580466e-15 4.381174417742165e-15
  outer loop
    vertex 2374.203773467936 221.5000000000005 567.0639237886418
    vertex 2374.203773467936 229.0000000000008 563.6619999999957
    vertex 2374.203773467936 221.0260604299775 566.8429221376374
  endloop
endfacet
facet normal -1.0 -2.0588298894580466e-15 4.381174417742165e-15
  outer loop
    vertex 2374.203773467936 221.0260604299775 566.8429221376374
    vertex 2374.203773467936 229.0000000000008 563.6619999999957
    vertex 2374.203773467936 220.52094453300128 566.7075767409584
  endloop
endfacet
facet normal -1.0 -2.0588298894580466e-15 4.381174417742165e-15
  outer loop
    vertex 2374.203773467936 220.52094453300128 566.7075767409584
    vertex 2374.203773467936 229.0000000000008 563.6619999999957
    vertex 2374.203773467936 220.0000000000005 566.661999999995
  endloop
endfacet
facet normal -1.0 -2.0588298894580466e-15 4.381174417742165e-15
  outer loop
    vertex 2374.203773467936 220.0000000000005 566.661999999995
    vertex 2374.203773467936 229.0000000000008 563.6619999999957
    vertex 2374.203773467936 217.00000000000105 563.6619999999959
  endloop
endfacet
facet normal -1.0 -2.0588298894580466e-15 4.381174417742165e-15
  outer loop
    vertex 2374.203773467936 217.04557674096392 569.1410554669943
    vertex 2374.203773467936 217.00000000000105 563.6619999999959
    vertex 2374.203773467936 217.00000000000054 569.6619999999953
  endloop
endfacet
facet normal -1.0 -2.0588298894580466e-15 4.381174417742165e-15
  outer loop
    vertex 2374.203773467936 217.00000000000105 563.6619999999959
    vertex 2374.203773467936 217.04557674096392 569.1410554669943
    vertex 2374.203773467936 217.18092213764282 568.6359395700182
  endloop
endfacet
facet normal -1.0 -2.0588298894580466e-15 4.381174417742165e-15
  outer loop
    vertex 2374.203773467936 217.00000000000105 563.6619999999959
    vertex 2374.203773467936 217.18092213764282 568.6359395700182
    vertex 2374.203773467936 217.40192378864725 568.1619999999953
  endloop
endfacet
facet normal -1.0 -2.0588298894580466e-15 4.381174417742165e-15
  outer loop
    vertex 2374.203773467936 217.00000000000105 563.6619999999959
    vertex 2374.203773467936 217.40192378864725 568.1619999999953
    vertex 2374.203773467936 217.7018666706436 567.7336371709357
  endloop
endfacet
facet normal -1.0 -2.0588298894580466e-15 4.381174417742165e-15
  outer loop
    vertex 2374.203773467936 217.00000000000105 563.6619999999959
    vertex 2374.203773467936 217.7018666706436 567.7336371709357
    vertex 2374.203773467936 218.0716371709409 567.3638666706383
  endloop
endfacet
facet normal -1.0 -2.0588298894580466e-15 4.381174417742165e-15
  outer loop
    vertex 2374.203773467936 217.00000000000105 563.6619999999959
    vertex 2374.203773467936 218.0716371709409 567.3638666706383
    vertex 2374.203773467936 218.50000000000048 567.0639237886418
  endloop
endfacet
facet normal -1.0 -2.0588298894580466e-15 4.381174417742165e-15
  outer loop
    vertex 2374.203773467936 217.00000000000105 563.6619999999959
    vertex 2374.203773467936 218.50000000000048 567.0639237886418
    vertex 2374.203773467936 218.9739395700235 566.8429221376374
  endloop
endfacet
facet normal -1.0 -2.0588298894580466e-15 4.381174417742165e-15
  outer loop
    vertex 2374.203773467936 217.00000000000105 563.6619999999959
    vertex 2374.203773467936 218.9739395700235 566.8429221376374
    vertex 2374.203773467936 219.47905546699974 566.7075767409584
  endloop
endfacet
facet normal -1.0 -2.0588298894580466e-15 4.381174417742165e-15
  outer loop
    vertex 2374.203773467936 217.00000000000105 563.6619999999959
    vertex 2374.203773467936 219.47905546699974 566.7075767409584
    vertex 2374.203773467936 220.0000000000005 566.661999999995
  endloop
endfacet
facet normal -1.091358392620183e-14 0.573576436351037 0.8191520442889983
  outer loop
    vertex 2390.8537734679367 218.36089159530016 567.7085866700417
    vertex 2373.703773467936 218.7250000000005 567.4536352203448
    vertex 2373.703773467936 218.36089159529985 567.7085866700418
  endloop
endfacet
facet normal -1.091358392620183e-14 0.573576436351037 0.8191520442889983
  outer loop
    vertex 2373.703773467936 218.7250000000005 567.4536352203448
    vertex 2390.8537734679367 218.36089159530016 567.7085866700417
    vertex 2390.8537734679367 218.72500000000088 567.4536352203447
  endloop
endfacet
facet normal -1.4345720577723894e-14 0.7071067811865432 0.7071067811865519
  outer loop
    vertex 2390.8537734679367 218.04658667004745 568.0228915952944
    vertex 2373.703773467936 218.36089159529985 567.7085866700418
    vertex 2373.703773467936 218.04658667004713 568.0228915952945
  endloop
endfacet
facet normal -1.4345720577723894e-14 0.7071067811865432 0.7071067811865519
  outer loop
    vertex 2373.703773467936 218.36089159529985 567.7085866700418
    vertex 2390.8537734679367 218.04658667004745 568.0228915952944
    vertex 2390.8537734679367 218.36089159530016 567.7085866700417
  endloop
endfacet
facet normal -1.734097749824756e-14 0.8191520442888912 0.57357643635119
  outer loop
    vertex 2390.8537734679367 217.7916352203505 568.3869999999949
    vertex 2373.703773467936 218.04658667004713 568.0228915952945
    vertex 2373.703773467936 217.7916352203502 568.3869999999952
  endloop
endfacet
facet normal -1.734097749824756e-14 0.8191520442888912 0.57357643635119
  outer loop
    vertex 2373.703773467936 218.04658667004713 568.0228915952945
    vertex 2390.8537734679367 217.7916352203505 568.3869999999949
    vertex 2390.8537734679367 218.04658667004745 568.0228915952944
  endloop
endfacet
facet normal -1.9810151781395237e-14 0.9063077870366967 0.42261826174059963
  outer loop
    vertex 2390.8537734679367 217.6037838169968 568.7898486345146
    vertex 2373.703773467936 217.7916352203502 568.3869999999952
    vertex 2373.703773467936 217.6037838169965 568.7898486345147
  endloop
endfacet
facet normal -1.9810151781395237e-14 0.9063077870366967 0.42261826174059963
  outer loop
    vertex 2373.703773467936 217.7916352203502 568.3869999999952
    vertex 2390.8537734679367 217.6037838169968 568.7898486345146
    vertex 2390.8537734679367 217.7916352203505 568.3869999999949
  endloop
endfacet
facet normal -2.167650381045462e-14 0.9659258262890411 0.2588190451026221
  outer loop
    vertex 2390.8537734679367 217.4887402298197 569.2191971469442
    vertex 2373.703773467936 217.6037838169965 568.7898486345147
    vertex 2373.703773467936 217.4887402298194 569.2191971469446
  endloop
endfacet
facet normal -2.167650381045462e-14 0.9659258262890411 0.2588190451026221
  outer loop
    vertex 2373.703773467936 217.6037838169965 568.7898486345147
    vertex 2390.8537734679367 217.4887402298197 569.2191971469442
    vertex 2390.8537734679367 217.6037838169968 568.7898486345146
  endloop
endfacet
facet normal -2.2884809275878948e-14 0.996194698091749 0.08715574274761925
  outer loop
    vertex 2390.8537734679367 217.45000000000084 569.661999999995
    vertex 2373.703773467936 217.4887402298194 569.2191971469446
    vertex 2373.703773467936 217.45000000000053 569.6619999999953
  endloop
endfacet
facet normal -2.2884809275878948e-14 0.996194698091749 0.08715574274761925
  outer loop
    vertex 2373.703773467936 217.4887402298194 569.2191971469446
    vertex 2390.8537734679367 217.45000000000084 569.661999999995
    vertex 2390.8537734679367 217.4887402298197 569.2191971469442
  endloop
endfacet
facet normal -2.3397649531210455e-14 0.9961946980917501 -0.08715574274760696
  outer loop
    vertex 2390.8537734679367 217.4887402298197 570.1048028530457
    vertex 2373.703773467936 217.45000000000053 569.6619999999953
    vertex 2373.703773467936 217.4887402298194 570.104802853046
  endloop
endfacet
facet normal -2.3397649531210455e-14 0.9961946980917501 -0.08715574274760696
  outer loop
    vertex 2373.703773467936 217.45000000000053 569.6619999999953
    vertex 2390.8537734679367 217.4887402298197 570.1048028530457
    vertex 2390.8537734679367 217.45000000000084 569.661999999995
  endloop
endfacet
facet normal -2.3199442184801974e-14 0.9659258262890444 -0.2588190451026103
  outer loop
    vertex 2390.8537734679367 217.6037838169968 570.5341513654754
    vertex 2373.703773467936 217.4887402298194 570.104802853046
    vertex 2373.703773467936 217.6037838169965 570.5341513654755
  endloop
endfacet
facet normal -2.3199442184801974e-14 0.9659258262890444 -0.2588190451026103
  outer loop
    vertex 2373.703773467936 217.4887402298194 570.104802853046
    vertex 2390.8537734679367 217.6037838169968 570.5341513654754
    vertex 2390.8537734679367 217.4887402298197 570.1048028530457
  endloop
endfacet
facet normal -2.229691456289594e-14 0.9063077870367018 -0.4226182617405883
  outer loop
    vertex 2390.8537734679367 217.7916352203505 570.936999999995
    vertex 2373.703773467936 217.6037838169965 570.5341513654755
    vertex 2373.703773467936 217.79163522035017 570.9369999999954
  endloop
endfacet
facet normal -2.229691456289594e-14 0.9063077870367018 -0.4226182617405883
  outer loop
    vertex 2373.703773467936 217.6037838169965 570.5341513654755
    vertex 2390.8537734679367 217.7916352203505 570.936999999995
    vertex 2390.8537734679367 217.6037838169968 570.5341513654754
  endloop
endfacet
facet normal -2.0716005658150962e-14 0.8191520442888981 -0.5735764363511799
  outer loop
    vertex 2390.8537734679367 218.04658667004745 571.3011084046956
    vertex 2373.703773467936 217.79163522035017 570.9369999999954
    vertex 2373.703773467936 218.04658667004708 571.3011084046957
  endloop
endfacet
facet normal -2.0716005658150962e-14 0.8191520442888981 -0.5735764363511799
  outer loop
    vertex 2373.703773467936 217.79163522035017 570.9369999999954
    vertex 2390.8537734679367 218.04658667004745 571.3011084046956
    vertex 2390.8537734679367 217.7916352203505 570.936999999995
  endloop
endfacet
facet normal -1.8506465593235767e-14 0.7071067811865519 -0.7071067811865432
  outer loop
    vertex 2373.703773467936 218.3608915952998 571.6154133299484
    vertex 2390.8537734679367 218.04658667004745 571.3011084046956
    vertex 2373.703773467936 218.04658667004708 571.3011084046957
  endloop
endfacet
facet normal -1.8506465593235767e-14 0.7071067811865519 -0.7071067811865432
  outer loop
    vertex 2390.8537734679367 218.04658667004745 571.3011084046956
    vertex 2373.703773467936 218.3608915952998 571.6154133299484
    vertex 2390.8537734679367 218.36089159530016 571.6154133299483
  endloop
endfacet
facet normal -1.573452330932182e-14 0.5735764363510469 -0.8191520442889912
  outer loop
    vertex 2373.703773467936 218.72500000000042 571.8703647796453
    vertex 2390.8537734679367 218.36089159530016 571.6154133299483
    vertex 2373.703773467936 218.3608915952998 571.6154133299484
  endloop
endfacet
facet normal -1.573452330932182e-14 0.5735764363510469 -0.8191520442889912
  outer loop
    vertex 2390.8537734679367 218.36089159530016 571.6154133299483
    vertex 2373.703773467936 218.72500000000042 571.8703647796453
    vertex 2390.8537734679367 218.72500000000085 571.8703647796452
  endloop
endfacet
facet normal -1.2483863746691198e-14 0.4226182617408052 -0.9063077870366008
  outer loop
    vertex 2373.703773467936 219.12784863452 572.0582161829991
    vertex 2390.8537734679367 218.72500000000085 571.8703647796452
    vertex 2373.703773467936 218.72500000000042 571.8703647796453
  endloop
endfacet
facet normal -1.2483863746691198e-14 0.4226182617408052 -0.9063077870366008
  outer loop
    vertex 2390.8537734679367 218.72500000000085 571.8703647796452
    vertex 2373.703773467936 219.12784863452 572.0582161829991
    vertex 2390.8537734679367 219.1278486345204 572.0582161829991
  endloop
endfacet
facet normal -8.854209049140305e-15 0.2588190451024072 -0.9659258262890987
  outer loop
    vertex 2373.703773467936 219.55719714694976 572.1732597701762
    vertex 2390.8537734679367 219.1278486345204 572.0582161829991
    vertex 2373.703773467936 219.12784863452 572.0582161829991
  endloop
endfacet
facet normal -8.854209049140305e-15 0.2588190451024072 -0.9659258262890987
  outer loop
    vertex 2390.8537734679367 219.1278486345204 572.0582161829991
    vertex 2373.703773467936 219.55719714694976 572.1732597701762
    vertex 2390.8537734679367 219.55719714695016 572.1732597701761
  endloop
endfacet
facet normal -4.955523690086198e-15 0.08715574274772885 -0.9961946980917395
  outer loop
    vertex 2373.703773467936 220.00000000000045 572.2119999999951
    vertex 2390.8537734679367 219.55719714695016 572.1732597701761
    vertex 2373.703773467936 219.55719714694976 572.1732597701762
  endloop
endfacet
facet normal -4.955523690086198e-15 0.08715574274772885 -0.9961946980917395
  outer loop
    vertex 2390.8537734679367 219.55719714695016 572.1732597701761
    vertex 2373.703773467936 220.00000000000045 572.2119999999951
    vertex 2390.8537734679367 220.00000000000085 572.211999999995
  endloop
endfacet
facet normal -9.06267251317689e-16 -0.0871557427477165 -0.9961946980917404
  outer loop
    vertex 2373.703773467936 220.44280285305115 572.1732597701762
    vertex 2390.8537734679367 220.00000000000085 572.211999999995
    vertex 2373.703773467936 220.00000000000045 572.2119999999951
  endloop
endfacet
facet normal -9.06267251317689e-16 -0.0871557427477165 -0.9961946980917404
  outer loop
    vertex 2390.8537734679367 220.00000000000085 572.211999999995
    vertex 2373.703773467936 220.44280285305115 572.1732597701762
    vertex 2390.8537734679367 220.44280285305155 572.1732597701761
  endloop
endfacet
facet normal -7.151157549629691e-15 0.42261826174079403 0.9063077870366061
  outer loop
    vertex 2390.8537734679367 218.72500000000088 567.4536352203447
    vertex 2373.703773467936 219.1278486345201 567.2657838169911
    vertex 2373.703773467936 218.7250000000005 567.4536352203448
  endloop
endfacet
facet normal -7.151157549629691e-15 0.42261826174079403 0.9063077870366061
  outer loop
    vertex 2373.703773467936 219.1278486345201 567.2657838169911
    vertex 2390.8537734679367 218.72500000000088 567.4536352203447
    vertex 2390.8537734679367 219.1278486345204 567.265783816991
  endloop
endfacet
facet normal -3.1705256592814162e-15 0.2588190451023954 0.9659258262891021
  outer loop
    vertex 2390.8537734679367 219.1278486345204 567.265783816991
    vertex 2373.703773467936 219.55719714694985 567.150740229814
    vertex 2373.703773467936 219.1278486345201 567.2657838169911
  endloop
endfacet
facet normal -3.1705256592814162e-15 0.2588190451023954 0.9659258262891021
  outer loop
    vertex 2373.703773467936 219.55719714694985 567.150740229814
    vertex 2390.8537734679367 219.1278486345204 567.265783816991
    vertex 2390.8537734679367 219.55719714695022 567.1507402298139
  endloop
endfacet
facet normal 9.062672513176893e-16 0.08715574274771654 0.9961946980917404
  outer loop
    vertex 2390.8537734679367 219.55719714695022 567.1507402298139
    vertex 2373.703773467936 220.0000000000005 567.1119999999951
    vertex 2373.703773467936 219.55719714694985 567.150740229814
  endloop
endfacet
facet normal 9.062672513176893e-16 0.08715574274771654 0.9961946980917404
  outer loop
    vertex 2373.703773467936 220.0000000000005 567.1119999999951
    vertex 2390.8537734679367 219.55719714695022 567.1507402298139
    vertex 2390.8537734679367 220.00000000000085 567.1119999999951
  endloop
endfacet
facet normal 4.955523690086198e-15 -0.08715574274772885 0.9961946980917395
  outer loop
    vertex 2390.8537734679367 220.00000000000085 567.1119999999951
    vertex 2373.703773467936 220.44280285305123 567.150740229814
    vertex 2373.703773467936 220.0000000000005 567.1119999999951
  endloop
endfacet
facet normal 4.955523690086198e-15 -0.08715574274772885 0.9961946980917395
  outer loop
    vertex 2373.703773467936 220.44280285305123 567.150740229814
    vertex 2390.8537734679367 220.00000000000085 567.1119999999951
    vertex 2390.8537734679367 220.4428028530516 567.1507402298139
  endloop
endfacet
facet normal 8.854209049140305e-15 -0.2588190451024072 0.9659258262890987
  outer loop
    vertex 2390.8537734679367 220.4428028530516 567.1507402298139
    vertex 2373.703773467936 220.872151365481 567.2657838169911
    vertex 2373.703773467936 220.44280285305123 567.150740229814
  endloop
endfacet
facet normal 8.854209049140305e-15 -0.2588190451024072 0.9659258262890987
  outer loop
    vertex 2373.703773467936 220.872151365481 567.2657838169911
    vertex 2390.8537734679367 220.4428028530516 567.1507402298139
    vertex 2390.8537734679367 220.8721513654813 567.265783816991
  endloop
endfacet
facet normal 1.2483863746691198e-14 -0.4226182617408052 0.9063077870366008
  outer loop
    vertex 2390.8537734679367 220.8721513654813 567.265783816991
    vertex 2373.703773467936 221.27500000000057 567.4536352203448
    vertex 2373.703773467936 220.872151365481 567.2657838169911
  endloop
endfacet
facet normal 1.2483863746691198e-14 -0.4226182617408052 0.9063077870366008
  outer loop
    vertex 2373.703773467936 221.27500000000057 567.4536352203448
    vertex 2390.8537734679367 220.8721513654813 567.265783816991
    vertex 2390.8537734679367 221.27500000000094 567.4536352203447
  endloop
endfacet
facet normal 1.5734420387729937e-14 -0.5735764363510469 0.8191520442889912
  outer loop
    vertex 2390.8537734679367 221.27500000000094 567.4536352203447
    vertex 2373.703773467936 221.63910840470123 567.7085866700418
    vertex 2373.703773467936 221.27500000000057 567.4536352203448
  endloop
endfacet
facet normal 1.5734420387729937e-14 -0.5735764363510469 0.8191520442889912
  outer loop
    vertex 2373.703773467936 221.63910840470123 567.7085866700418
    vertex 2390.8537734679367 221.27500000000094 567.4536352203447
    vertex 2390.853773467936 221.63910840470157 567.7085866700417
  endloop
endfacet
facet normal 1.8506465593235767e-14 -0.7071067811865519 0.7071067811865432
  outer loop
    vertex 2390.853773467936 221.63910840470157 567.7085866700417
    vertex 2373.703773467936 221.95341332995395 568.0228915952945
    vertex 2373.703773467936 221.63910840470123 567.7085866700418
  endloop
endfacet
facet normal 1.8506465593235767e-14 -0.7071067811865519 0.7071067811865432
  outer loop
    vertex 2373.703773467936 221.95341332995395 568.0228915952945
    vertex 2390.853773467936 221.63910840470157 567.7085866700417
    vertex 2390.853773467936 221.95341332995426 568.0228915952944
  endloop
endfacet
facet normal 2.071600565815102e-14 -0.8191520442888981 0.57357643635118
  outer loop
    vertex 2390.853773467936 221.95341332995426 568.0228915952944
    vertex 2373.703773467936 222.20836477965088 568.386999999995
    vertex 2373.703773467936 221.95341332995395 568.0228915952945
  endloop
endfacet
facet normal 2.071600565815102e-14 -0.8191520442888981 0.57357643635118
  outer loop
    vertex 2373.703773467936 222.20836477965088 568.386999999995
    vertex 2390.853773467936 221.95341332995426 568.0228915952944
    vertex 2390.853773467936 222.2083647796512 568.3869999999949
  endloop
endfacet
facet normal 2.229691456289589e-14 -0.9063077870367018 0.4226182617405883
  outer loop
    vertex 2390.853773467936 222.2083647796512 568.3869999999949
    vertex 2373.703773467936 222.3962161830046 568.7898486345147
    vertex 2373.703773467936 222.20836477965088 568.386999999995
  endloop
endfacet
facet normal 2.229691456289589e-14 -0.9063077870367018 0.4226182617405883
  outer loop
    vertex 2373.703773467936 222.3962161830046 568.7898486345147
    vertex 2390.853773467936 222.2083647796512 568.3869999999949
    vertex 2390.853773467936 222.39621618300492 568.7898486345146
  endloop
endfacet
facet normal 2.3199442184802012e-14 -0.9659258262890444 0.2588190451026103
  outer loop
    vertex 2390.853773467936 222.39621618300492 568.7898486345146
    vertex 2373.703773467936 222.5112597701817 569.2191971469443
    vertex 2373.703773467936 222.3962161830046 568.7898486345147
  endloop
endfacet
facet normal 2.3199442184802012e-14 -0.9659258262890444 0.2588190451026103
  outer loop
    vertex 2373.703773467936 222.5112597701817 569.2191971469443
    vertex 2390.853773467936 222.39621618300492 568.7898486345146
    vertex 2390.853773467936 222.51125977018202 569.2191971469442
  endloop
endfacet
facet normal 2.339764953121048e-14 -0.9961946980917501 0.08715574274760696
  outer loop
    vertex 2390.853773467936 222.51125977018202 569.2191971469442
    vertex 2373.703773467936 222.55000000000055 569.661999999995
    vertex 2373.703773467936 222.5112597701817 569.2191971469443
  endloop
endfacet
facet normal 2.339764953121048e-14 -0.9961946980917501 0.08715574274760696
  outer loop
    vertex 2373.703773467936 222.55000000000055 569.661999999995
    vertex 2390.853773467936 222.51125977018202 569.2191971469442
    vertex 2390.853773467936 222.55000000000086 569.661999999995
  endloop
endfacet
facet normal 2.2884809275878923e-14 -0.996194698091749 -0.08715574274761925
  outer loop
    vertex 2390.853773467936 222.55000000000086 569.661999999995
    vertex 2373.703773467936 222.5112597701817 570.1048028530458
    vertex 2373.703773467936 222.55000000000055 569.661999999995
  endloop
endfacet
facet normal 2.2884809275878923e-14 -0.996194698091749 -0.08715574274761925
  outer loop
    vertex 2373.703773467936 222.5112597701817 570.1048028530458
    vertex 2390.853773467936 222.55000000000086 569.661999999995
    vertex 2390.853773467936 222.51125977018202 570.1048028530457
  endloop
endfacet
facet normal 2.167650381045458e-14 -0.9659258262890411 -0.2588190451026221
  outer loop
    vertex 2390.853773467936 222.51125977018202 570.1048028530457
    vertex 2373.703773467936 222.3962161830046 570.5341513654755
    vertex 2373.703773467936 222.5112597701817 570.1048028530458
  endloop
endfacet
facet normal 2.167650381045458e-14 -0.9659258262890411 -0.2588190451026221
  outer loop
    vertex 2373.703773467936 222.3962161830046 570.5341513654755
    vertex 2390.853773467936 222.51125977018202 570.1048028530457
    vertex 2390.853773467936 222.39621618300492 570.5341513654754
  endloop
endfacet
facet normal 1.9810151781395186e-14 -0.9063077870366967 -0.42261826174059963
  outer loop
    vertex 2390.853773467936 222.39621618300492 570.5341513654754
    vertex 2373.703773467936 222.20836477965082 570.9369999999951
    vertex 2373.703773467936 222.3962161830046 570.5341513654755
  endloop
endfacet
facet normal 1.9810151781395186e-14 -0.9063077870366967 -0.42261826174059963
  outer loop
    vertex 2373.703773467936 222.20836477965082 570.9369999999951
    vertex 2390.853773467936 222.39621618300492 570.5341513654754
    vertex 2390.853773467936 222.2083647796512 570.936999999995
  endloop
endfacet
facet normal 1.734097749824761e-14 -0.8191520442888912 -0.57357643635119
  outer loop
    vertex 2390.853773467936 222.2083647796512 570.936999999995
    vertex 2373.703773467936 221.95341332995392 571.3011084046957
    vertex 2373.703773467936 222.20836477965082 570.9369999999951
  endloop
endfacet
facet normal 1.734097749824761e-14 -0.8191520442888912 -0.57357643635119
  outer loop
    vertex 2373.703773467936 221.95341332995392 571.3011084046957
    vertex 2390.853773467936 222.2083647796512 570.936999999995
    vertex 2390.853773467936 221.95341332995426 571.3011084046956
  endloop
endfacet
facet normal 1.4345720577723894e-14 -0.7071067811865432 -0.7071067811865519
  outer loop
    vertex 2373.703773467936 221.95341332995392 571.3011084046957
    vertex 2390.853773467936 221.63910840470157 571.6154133299483
    vertex 2373.703773467936 221.6391084047012 571.6154133299484
  endloop
endfacet
facet normal 1.4345720577723894e-14 -0.7071067811865432 -0.7071067811865519
  outer loop
    vertex 2390.853773467936 221.63910840470157 571.6154133299483
    vertex 2373.703773467936 221.95341332995392 571.3011084046957
    vertex 2390.853773467936 221.95341332995426 571.3011084046956
  endloop
endfacet
facet normal 1.0914162822166764e-14 -0.5735764363509892 -0.8191520442890317
  outer loop
    vertex 2373.703773467936 221.6391084047012 571.6154133299484
    vertex 2390.853773467936 221.27500000000083 571.8703647796452
    vertex 2373.703773467936 221.27500000000043 571.8703647796453
  endloop
endfacet
facet normal 1.0914162822166764e-14 -0.5735764363509892 -0.8191520442890317
  outer loop
    vertex 2390.853773467936 221.27500000000083 571.8703647796452
    vertex 2373.703773467936 221.6391084047012 571.6154133299484
    vertex 2390.853773467936 221.63910840470157 571.6154133299483
  endloop
endfacet
facet normal 3.1705256592814186e-15 -0.25881904510239545 -0.9659258262891021
  outer loop
    vertex 2373.703773467936 220.8721513654809 572.0582161829991
    vertex 2390.8537734679367 220.44280285305155 572.1732597701761
    vertex 2373.703773467936 220.44280285305115 572.1732597701762
  endloop
endfacet
facet normal 3.1705256592814186e-15 -0.25881904510239545 -0.9659258262891021
  outer loop
    vertex 2390.8537734679367 220.44280285305155 572.1732597701761
    vertex 2373.703773467936 220.8721513654809 572.0582161829991
    vertex 2390.8537734679367 220.8721513654813 572.0582161829991
  endloop
endfacet
facet normal 7.15104778811099e-15 -0.4226182617408329 -0.9063077870365879
  outer loop
    vertex 2373.703773467936 221.27500000000043 571.8703647796453
    vertex 2390.8537734679367 220.8721513654813 572.0582161829991
    vertex 2373.703773467936 220.8721513654809 572.0582161829991
  endloop
endfacet
facet normal 7.15104778811099e-15 -0.4226182617408329 -0.9063077870365879
  outer loop
    vertex 2390.8537734679367 220.8721513654813 572.0582161829991
    vertex 2373.703773467936 221.27500000000043 571.8703647796453
    vertex 2390.853773467936 221.27500000000083 571.8703647796452
  endloop
endfacet
facet normal -1.0 1.4708617970725726e-14 2.942091015256665e-15
  outer loop
    vertex 2361.8537734679367 211.57031939778815 572.0119999999954
    vertex 2361.853773467937 207.50000000000128 572.2119999999951
    vertex 2361.853773467937 207.50000000000128 574.3619999999952
  endloop
endfacet
facet normal -1.0 1.4708617970725726e-14 2.942091015256665e-15
  outer loop
    vertex 2361.853773467937 207.50000000000128 572.2119999999951
    vertex 2361.8537734679367 211.57031939778815 572.0119999999954
    vertex 2361.853773467937 207.94280285305197 572.1732597701763
  endloop
endfacet
facet normal -1.0 1.4708617970725726e-14 2.942091015256665e-15
  outer loop
    vertex 2361.853773467937 207.94280285305197 572.1732597701763
    vertex 2361.8537734679367 211.57031939778815 572.0119999999954
    vertex 2361.853773467937 208.37215136548173 572.0582161829992
  endloop
endfacet
facet normal -1.0 1.4708617970725726e-14 2.942091015256665e-15
  outer loop
    vertex 2361.853773467937 208.37215136548173 572.0582161829992
    vertex 2361.8537734679367 211.57031939778815 572.0119999999954
    vertex 2361.8537734679367 208.77500000000128 571.8703647796455
  endloop
endfacet
facet normal -1.0 1.4708617970725726e-14 2.942091015256665e-15
  outer loop
    vertex 2361.8537734679367 208.77500000000128 571.8703647796455
    vertex 2361.8537734679367 211.57031939778815 572.0119999999954
    vertex 2361.8537734679367 209.13910840470191 571.6154133299485
  endloop
endfacet
facet normal -1.0 1.4708617970725726e-14 2.942091015256665e-15
  outer loop
    vertex 2361.8537734679367 209.13910840470191 571.6154133299485
    vertex 2361.8537734679367 211.57031939778815 572.0119999999954
    vertex 2361.8537734679367 209.45341332995469 571.3011084046958
  endloop
endfacet
facet normal -1.0 1.4708617970725726e-14 2.942091015256665e-15
  outer loop
    vertex 2361.8537734679367 209.45341332995469 571.3011084046958
    vertex 2361.8537734679367 211.57031939778815 572.0119999999954
    vertex 2361.8537734679367 209.7083647796516 570.9369999999954
  endloop
endfacet
facet normal -1.0 1.4708617970725726e-14 2.942091015256665e-15
  outer loop
    vertex 2361.8537734679367 209.7083647796516 570.9369999999954
    vertex 2361.8537734679367 211.57031939778815 572.0119999999954
    vertex 2361.8537734679367 211.57031939778824 567.3119999999955
  endloop
endfacet
facet normal -1.0 1.4708617970725726e-14 2.942091015256665e-15
  outer loop
    vertex 2361.8537734679367 209.7083647796516 570.9369999999954
    vertex 2361.8537734679367 211.57031939778824 567.3119999999955
    vertex 2361.8537734679367 209.89621618300532 570.5341513654759
  endloop
endfacet
facet normal -1.0 1.4708617970725726e-14 2.942091015256665e-15
  outer loop
    vertex 2361.8537734679367 209.89621618300532 570.5341513654759
    vertex 2361.8537734679367 211.57031939778824 567.3119999999955
    vertex 2361.8537734679367 210.01125977018242 570.104802853046
  endloop
endfacet
facet normal -1.0 1.4708617970725726e-14 2.942091015256665e-15
  outer loop
    vertex 2361.8537734679367 210.01125977018242 570.104802853046
    vertex 2361.8537734679367 211.57031939778824 567.3119999999955
    vertex 2361.8537734679367 210.05000000000138 569.6619999999953
  endloop
endfacet
facet normal -1.0 1.4708617970725726e-14 2.942091015256665e-15
  outer loop
    vertex 2361.8537734679367 210.05000000000138 569.6619999999953
    vertex 2361.8537734679367 211.57031939778824 567.3119999999955
    vertex 2361.8537734679367 210.0112597701825 569.2191971469446
  endloop
endfacet
facet normal -1.0 1.4708617970725726e-14 2.942091015256665e-15
  outer loop
    vertex 2361.8537734679367 210.0112597701825 569.2191971469446
    vertex 2361.8537734679367 211.57031939778824 567.3119999999955
    vertex 2361.8537734679367 209.8962161830054 568.789848634515
  endloop
endfacet
facet normal -1.0 1.4708617970725726e-14 2.942091015256665e-15
  outer loop
    vertex 2361.8537734679367 209.8962161830054 568.789848634515
    vertex 2361.8537734679367 211.57031939778824 567.3119999999955
    vertex 2361.8537734679367 209.7083647796517 568.3869999999952
  endloop
endfacet
facet normal -1.0 1.4708617970725726e-14 2.942091015256665e-15
  outer loop
    vertex 2361.8537734679367 209.7083647796517 568.3869999999952
    vertex 2361.8537734679367 211.57031939778824 567.3119999999955
    vertex 2361.8537734679367 209.45341332995477 568.0228915952946
  endloop
endfacet
facet normal -1.0 1.4708617970725726e-14 2.942091015256665e-15
  outer loop
    vertex 2361.8537734679367 209.45341332995477 568.0228915952946
    vertex 2361.8537734679367 211.57031939778824 567.3119999999955
    vertex 2361.8537734679367 209.13910840470206 567.7085866700419
  endloop
endfacet
facet normal -1.0 1.4708617970725726e-14 2.942091015256665e-15
  outer loop
    vertex 2361.8537734679367 209.13910840470206 567.7085866700419
    vertex 2361.8537734679367 211.57031939778824 567.3119999999955
    vertex 2361.8537734679367 208.77500000000137 567.453635220345
  endloop
endfacet
facet normal -1.0 1.4708617970725726e-14 2.942091015256665e-15
  outer loop
    vertex 2361.8537734679367 208.77500000000137 567.453635220345
    vertex 2361.8537734679367 211.57031939778824 567.3119999999955
    vertex 2361.853773467937 208.3721513654818 567.2657838169911
  endloop
endfacet
facet normal -1.0 1.4708617970725726e-14 2.942091015256665e-15
  outer loop
    vertex 2361.853773467937 208.3721513654818 567.2657838169911
    vertex 2361.8537734679367 211.57031939778824 567.3119999999955
    vertex 2361.853773467937 207.5000000000013 564.9619999999952
  endloop
endfacet
facet normal -1.0 1.4708617970725726e-14 2.942091015256665e-15
  outer loop
    vertex 2361.853773467937 208.3721513654818 567.2657838169911
    vertex 2361.853773467937 207.5000000000013 564.9619999999952
    vertex 2361.853773467937 207.94280285305206 567.1507402298141
  endloop
endfacet
facet normal -1.0 1.4708617970725726e-14 2.942091015256665e-15
  outer loop
    vertex 2361.853773467937 207.94280285305206 567.1507402298141
    vertex 2361.853773467937 207.5000000000013 564.9619999999952
    vertex 2361.853773467937 207.5000000000013 567.1119999999952
  endloop
endfacet
facet normal -1.0 1.4708617970725726e-14 2.942091015256665e-15
  outer loop
    vertex 2361.853773467937 207.50000000000128 572.2119999999951
    vertex 2361.8537734679367 203.42968060221438 572.0119999999952
    vertex 2361.853773467937 207.50000000000128 574.3619999999952
  endloop
endfacet
facet normal -1.0 1.4708617970725726e-14 2.942091015256665e-15
  outer loop
    vertex 2361.8537734679367 203.42968060221438 572.0119999999952
    vertex 2361.853773467937 207.50000000000128 572.2119999999951
    vertex 2361.853773467937 207.05719714695059 572.1732597701763
  endloop
endfacet
facet normal -1.0 1.4708617970725726e-14 2.942091015256665e-15
  outer loop
    vertex 2361.8537734679367 203.42968060221438 572.0119999999952
    vertex 2361.853773467937 207.05719714695059 572.1732597701763
    vertex 2361.853773467937 206.62784863452083 572.0582161829992
  endloop
endfacet
facet normal -1.0 1.4708617970725726e-14 2.942091015256665e-15
  outer loop
    vertex 2361.8537734679367 203.42968060221438 572.0119999999952
    vertex 2361.853773467937 206.62784863452083 572.0582161829992
    vertex 2361.853773467937 206.22500000000124 571.8703647796455
  endloop
endfacet
facet normal -1.0 1.4708617970725726e-14 2.942091015256665e-15
  outer loop
    vertex 2361.8537734679367 203.42968060221438 572.0119999999952
    vertex 2361.853773467937 206.22500000000124 571.8703647796455
    vertex 2361.853773467937 205.86089159530056 571.6154133299485
  endloop
endfacet
facet normal -1.0 1.4708617970725726e-14 2.942091015256665e-15
  outer loop
    vertex 2361.8537734679367 203.42968060221438 572.0119999999952
    vertex 2361.853773467937 205.86089159530056 571.6154133299485
    vertex 2361.853773467937 205.54658667004784 571.3011084046958
  endloop
endfacet
facet normal -1.0 1.4708617970725726e-14 2.942091015256665e-15
  outer loop
    vertex 2361.8537734679367 203.42968060221438 572.0119999999952
    vertex 2361.853773467937 205.54658667004784 571.3011084046958
    vertex 2361.8537734679367 205.29163522035094 570.9369999999952
  endloop
endfacet
facet normal -1.0 1.4708617970725726e-14 2.942091015256665e-15
  outer loop
    vertex 2361.8537734679367 203.42968060221438 572.0119999999952
    vertex 2361.8537734679367 205.29163522035094 570.9369999999952
    vertex 2361.8537734679367 203.42968060221446 567.3119999999951
  endloop
endfacet
facet normal -1.0 1.4708617970725726e-14 2.942091015256665e-15
  outer loop
    vertex 2361.8537734679367 203.42968060221446 567.3119999999951
    vertex 2361.8537734679367 205.29163522035094 570.9369999999952
    vertex 2361.8537734679367 205.1037838169972 570.5341513654756
  endloop
endfacet
facet normal -1.0 1.4708617970725726e-14 2.942091015256665e-15
  outer loop
    vertex 2361.8537734679367 203.42968060221446 567.3119999999951
    vertex 2361.8537734679367 205.1037838169972 570.5341513654756
    vertex 2361.8537734679367 204.9887402298201 570.104802853046
  endloop
endfacet
facet normal -1.0 1.4708617970725726e-14 2.942091015256665e-15
  outer loop
    vertex 2361.8537734679367 203.42968060221446 567.3119999999951
    vertex 2361.8537734679367 204.9887402298201 570.104802853046
    vertex 2361.8537734679367 204.95000000000135 569.6619999999951
  endloop
endfacet
facet normal -1.0 1.4708617970725726e-14 2.942091015256665e-15
  outer loop
    vertex 2361.8537734679367 203.42968060221446 567.3119999999951
    vertex 2361.8537734679367 204.95000000000135 569.6619999999951
    vertex 2361.8537734679367 204.9887402298202 569.2191971469445
  endloop
endfacet
facet normal -1.0 1.4708617970725726e-14 2.942091015256665e-15
  outer loop
    vertex 2361.8537734679367 203.42968060221446 567.3119999999951
    vertex 2361.8537734679367 204.9887402298202 569.2191971469445
    vertex 2361.8537734679367 205.1037838169973 568.7898486345147
  endloop
endfacet
facet normal -1.0 1.4708617970725726e-14 2.942091015256665e-15
  outer loop
    vertex 2361.8537734679367 203.42968060221446 567.3119999999951
    vertex 2361.8537734679367 205.1037838169973 568.7898486345147
    vertex 2361.8537734679367 205.29163522035103 568.386999999995
  endloop
endfacet
facet normal -1.0 1.4708617970725726e-14 2.942091015256665e-15
  outer loop
    vertex 2361.8537734679367 203.42968060221446 567.3119999999951
    vertex 2361.8537734679367 205.29163522035103 568.386999999995
    vertex 2361.8537734679367 205.54658667004796 568.0228915952946
  endloop
endfacet
facet normal -1.0 1.4708617970725726e-14 2.942091015256665e-15
  outer loop
    vertex 2361.8537734679367 203.42968060221446 567.3119999999951
    vertex 2361.8537734679367 205.54658667004796 568.0228915952946
    vertex 2361.8537734679367 205.86089159530064 567.7085866700419
  endloop
endfacet
facet normal -1.0 1.4708617970725726e-14 2.942091015256665e-15
  outer loop
    vertex 2361.8537734679367 203.42968060221446 567.3119999999951
    vertex 2361.8537734679367 205.86089159530064 567.7085866700419
    vertex 2361.8537734679367 206.2250000000014 567.453635220345
  endloop
endfacet
facet normal -1.0 1.4708617970725726e-14 2.942091015256665e-15
  outer loop
    vertex 2361.8537734679367 203.42968060221446 567.3119999999951
    vertex 2361.8537734679367 206.2250000000014 567.453635220345
    vertex 2361.853773467937 206.62784863452092 567.2657838169911
  endloop
endfacet
facet normal -1.0 1.4708617970725726e-14 2.942091015256665e-15
  outer loop
    vertex 2361.8537734679367 203.42968060221446 567.3119999999951
    vertex 2361.853773467937 206.62784863452092 567.2657838169911
    vertex 2361.853773467937 207.5000000000013 564.9619999999952
  endloop
endfacet
facet normal -1.0 1.4708617970725726e-14 2.942091015256665e-15
  outer loop
    vertex 2361.853773467937 207.5000000000013 564.9619999999952
    vertex 2361.853773467937 206.62784863452092 567.2657838169911
    vertex 2361.853773467937 207.05719714695067 567.1507402298141
  endloop
endfacet
facet normal -1.0 1.4708617970725726e-14 2.942091015256665e-15
  outer loop
    vertex 2361.853773467937 207.5000000000013 564.9619999999952
    vertex 2361.853773467937 207.05719714695067 567.1507402298141
    vertex 2361.853773467937 207.5000000000013 567.1119999999952
  endloop
endfacet
facet normal -4.806383425904711e-15 -0.5000000000000041 0.8660254037844363
  outer loop
    vertex 2361.8537734679367 211.57031939778824 567.3119999999955
    vertex 2358.8537734679367 207.50000000000136 564.9619999999952
    vertex 2361.853773467937 207.5000000000013 564.9619999999952
  endloop
endfacet
facet normal -4.806383425904711e-15 -0.5000000000000041 0.8660254037844363
  outer loop
    vertex 2358.8537734679367 207.50000000000136 564.9619999999952
    vertex 2361.8537734679367 211.57031939778824 567.3119999999955
    vertex 2358.8537734679367 211.5703193977883 567.3119999999952
  endloop
endfacet
facet normal 9.902234544821003e-15 0.49999999999999345 0.8660254037844425
  outer loop
    vertex 2361.853773467937 207.5000000000013 564.9619999999952
    vertex 2358.8537734679367 203.42968060221452 567.3119999999951
    vertex 2361.8537734679367 203.42968060221446 567.3119999999951
  endloop
endfacet
facet normal 9.902234544821003e-15 0.49999999999999345 0.8660254037844425
  outer loop
    vertex 2358.8537734679367 203.42968060221452 567.3119999999951
    vertex 2361.853773467937 207.5000000000013 564.9619999999952
    vertex 2358.8537734679367 207.50000000000136 564.9619999999952
  endloop
endfacet
facet normal 1.4708617970725745e-14 1.0 6.1658550488191546e-15
  outer loop
    vertex 2361.8537734679367 203.42968060221438 572.0119999999952
    vertex 2358.8537734679367 203.42968060221452 567.3119999999951
    vertex 2358.8537734679367 203.42968060221443 572.0119999999952
  endloop
endfacet
facet normal 1.4708617970725745e-14 1.0 6.1658550488191546e-15
  outer loop
    vertex 2358.8537734679367 203.42968060221452 567.3119999999951
    vertex 2361.8537734679367 203.42968060221438 572.0119999999952
    vertex 2361.8537734679367 203.42968060221446 567.3119999999951
  endloop
endfacet
facet normal 4.806383425904711e-15 0.5000000000000041 -0.8660254037844363
  outer loop
    vertex 2358.8537734679367 207.5000000000013 574.3619999999952
    vertex 2361.8537734679367 203.42968060221438 572.0119999999952
    vertex 2358.8537734679367 203.42968060221443 572.0119999999952
  endloop
endfacet
facet normal 4.806383425904711e-15 0.5000000000000041 -0.8660254037844363
  outer loop
    vertex 2361.8537734679367 203.42968060221438 572.0119999999952
    vertex 2358.8537734679367 207.5000000000013 574.3619999999952
    vertex 2361.853773467937 207.50000000000128 574.3619999999952
  endloop
endfacet
facet normal -9.902234544821003e-15 -0.49999999999999345 -0.8660254037844425
  outer loop
    vertex 2358.8537734679367 211.5703193977882 572.0119999999953
    vertex 2361.853773467937 207.50000000000128 574.3619999999952
    vertex 2358.8537734679367 207.5000000000013 574.3619999999952
  endloop
endfacet
facet normal -9.902234544821003e-15 -0.49999999999999345 -0.8660254037844425
  outer loop
    vertex 2361.853773467937 207.50000000000128 574.3619999999952
    vertex 2358.8537734679367 211.5703193977882 572.0119999999953
    vertex 2361.8537734679367 211.57031939778815 572.0119999999954
  endloop
endfacet
facet normal -1.4708617970725745e-14 -1.0 -6.1658550488191546e-15
  outer loop
    vertex 2361.8537734679367 211.57031939778824 567.3119999999955
    vertex 2358.8537734679367 211.5703193977882 572.0119999999953
    vertex 2358.8537734679367 211.5703193977883 567.3119999999952
  endloop
endfacet
facet normal -1.4708617970725745e-14 -1.0 -6.1658550488191546e-15
  outer loop
    vertex 2358.8537734679367 211.5703193977882 572.0119999999953
    vertex 2361.8537734679367 211.57031939778824 567.3119999999955
    vertex 2361.8537734679367 211.57031939778815 572.0119999999954
  endloop
endfacet
facet normal -1.0 1.4708617970725726e-14 2.942091015256665e-15
  outer loop
    vertex 2361.8537734679367 224.07031939778753 572.0119999999952
    vertex 2361.8537734679367 220.00000000000063 572.2119999999951
    vertex 2361.8537734679367 220.00000000000063 574.3619999999951
  endloop
endfacet
facet normal -1.0 1.4708617970725726e-14 2.942091015256665e-15
  outer loop
    vertex 2361.8537734679367 220.00000000000063 572.2119999999951
    vertex 2361.8537734679367 224.07031939778753 572.0119999999952
    vertex 2361.8537734679367 220.44280285305132 572.1732597701762
  endloop
endfacet
facet normal -1.0 1.4708617970725726e-14 2.942091015256665e-15
  outer loop
    vertex 2361.8537734679367 220.44280285305132 572.1732597701762
    vertex 2361.8537734679367 224.07031939778753 572.0119999999952
    vertex 2361.8537734679367 220.87215136548107 572.0582161829991
  endloop
endfacet
facet normal -1.0 1.4708617970725726e-14 2.942091015256665e-15
  outer loop
    vertex 2361.8537734679367 220.87215136548107 572.0582161829991
    vertex 2361.8537734679367 224.07031939778753 572.0119999999952
    vertex 2361.8537734679367 221.27500000000066 571.8703647796453
  endloop
endfacet
facet normal -1.0 1.4708617970725726e-14 2.942091015256665e-15
  outer loop
    vertex 2361.8537734679367 221.27500000000066 571.8703647796453
    vertex 2361.8537734679367 224.07031939778753 572.0119999999952
    vertex 2361.8537734679367 221.63910840470135 571.6154133299484
  endloop
endfacet
facet normal -1.0 1.4708617970725726e-14 2.942091015256665e-15
  outer loop
    vertex 2361.8537734679367 221.63910840470135 571.6154133299484
    vertex 2361.8537734679367 224.07031939778753 572.0119999999952
    vertex 2361.8537734679367 221.95341332995406 571.3011084046957
  endloop
endfacet
facet normal -1.0 1.4708617970725726e-14 2.942091015256665e-15
  outer loop
    vertex 2361.8537734679367 221.95341332995406 571.3011084046957
    vertex 2361.8537734679367 224.07031939778753 572.0119999999952
    vertex 2361.8537734679367 222.20836477965096 570.9369999999951
  endloop
endfacet
facet normal -1.0 1.4708617970725726e-14 2.942091015256665e-15
  outer loop
    vertex 2361.8537734679367 222.20836477965096 570.9369999999951
    vertex 2361.8537734679367 224.07031939778753 572.0119999999952
    vertex 2361.8537734679367 224.0703193977876 567.3119999999951
  endloop
endfacet
facet normal -1.0 1.4708617970725726e-14 2.942091015256665e-15
  outer loop
    vertex 2361.8537734679367 222.20836477965096 570.9369999999951
    vertex 2361.8537734679367 224.0703193977876 567.3119999999951
    vertex 2361.8537734679367 222.39621618300475 570.5341513654755
  endloop
endfacet
facet normal -1.0 1.4708617970725726e-14 2.942091015256665e-15
  outer loop
    vertex 2361.8537734679367 222.39621618300475 570.5341513654755
    vertex 2361.8537734679367 224.0703193977876 567.3119999999951
    vertex 2361.8537734679367 222.51125977018182 570.1048028530461
  endloop
endfacet
facet normal -1.0 1.4708617970725726e-14 2.942091015256665e-15
  outer loop
    vertex 2361.8537734679367 222.51125977018182 570.1048028530461
    vertex 2361.8537734679367 224.0703193977876 567.3119999999951
    vertex 2361.8537734679367 222.55000000000072 569.6619999999954
  endloop
endfacet
facet normal -1.0 1.4708617970725726e-14 2.942091015256665e-15
  outer loop
    vertex 2361.8537734679367 222.55000000000072 569.6619999999954
    vertex 2361.8537734679367 224.0703193977876 567.3119999999951
    vertex 2361.8537734679367 222.51125977018188 569.2191971469446
  endloop
endfacet
facet normal -1.0 1.4708617970725726e-14 2.942091015256665e-15
  outer loop
    vertex 2361.8537734679367 222.51125977018188 569.2191971469446
    vertex 2361.8537734679367 224.0703193977876 567.3119999999951
    vertex 2361.8537734679367 222.39621618300478 568.7898486345147
  endloop
endfacet
facet normal -1.0 1.4708617970725726e-14 2.942091015256665e-15
  outer loop
    vertex 2361.8537734679367 222.39621618300478 568.7898486345147
    vertex 2361.8537734679367 224.0703193977876 567.3119999999951
    vertex 2361.8537734679367 222.20836477965105 568.386999999995
  endloop
endfacet
facet normal -1.0 1.4708617970725726e-14 2.942091015256665e-15
  outer loop
    vertex 2361.8537734679367 222.20836477965105 568.386999999995
    vertex 2361.8537734679367 224.0703193977876 567.3119999999951
    vertex 2361.8537734679367 221.95341332995415 568.0228915952945
  endloop
endfacet
facet normal -1.0 1.4708617970725726e-14 2.942091015256665e-15
  outer loop
    vertex 2361.8537734679367 221.95341332995415 568.0228915952945
    vertex 2361.8537734679367 224.0703193977876 567.3119999999951
    vertex 2361.8537734679367 221.63910840470143 567.7085866700418
  endloop
endfacet
facet normal -1.0 1.4708617970725726e-14 2.942091015256665e-15
  outer loop
    vertex 2361.8537734679367 221.63910840470143 567.7085866700418
    vertex 2361.8537734679367 224.0703193977876 567.3119999999951
    vertex 2361.8537734679367 221.27500000000074 567.4536352203448
  endloop
endfacet
facet normal -1.0 1.4708617970725726e-14 2.942091015256665e-15
  outer loop
    vertex 2361.8537734679367 221.27500000000074 567.4536352203448
    vertex 2361.8537734679367 224.0703193977876 567.3119999999951
    vertex 2361.8537734679367 220.8721513654812 567.2657838169911
  endloop
endfacet
facet normal -1.0 1.4708617970725726e-14 2.942091015256665e-15
  outer loop
    vertex 2361.8537734679367 220.8721513654812 567.2657838169911
    vertex 2361.8537734679367 224.0703193977876 567.3119999999951
    vertex 2361.8537734679367 220.00000000000068 564.9619999999951
  endloop
endfacet
facet normal -1.0 1.4708617970725726e-14 2.942091015256665e-15
  outer loop
    vertex 2361.8537734679367 220.8721513654812 567.2657838169911
    vertex 2361.8537734679367 220.00000000000068 564.9619999999951
    vertex 2361.8537734679367 220.44280285305143 567.150740229814
  endloop
endfacet
facet normal -1.0 1.4708617970725726e-14 2.942091015256665e-15
  outer loop
    vertex 2361.8537734679367 220.44280285305143 567.150740229814
    vertex 2361.8537734679367 220.00000000000068 564.9619999999951
    vertex 2361.8537734679367 220.00000000000068 567.1119999999951
  endloop
endfacet
facet normal -1.0 1.4708617970725726e-14 2.942091015256665e-15
  outer loop
    vertex 2361.8537734679367 220.00000000000063 572.2119999999951
    vertex 2361.8537734679367 215.92968060221375 572.011999999995
    vertex 2361.8537734679367 220.00000000000063 574.3619999999951
  endloop
endfacet
facet normal -1.0 1.4708617970725726e-14 2.942091015256665e-15
  outer loop
    vertex 2361.8537734679367 215.92968060221375 572.011999999995
    vertex 2361.8537734679367 220.00000000000063 572.2119999999951
    vertex 2361.8537734679367 219.55719714694993 572.1732597701762
  endloop
endfacet
facet normal -1.0 1.4708617970725726e-14 2.942091015256665e-15
  outer loop
    vertex 2361.8537734679367 215.92968060221375 572.011999999995
    vertex 2361.8537734679367 219.55719714694993 572.1732597701762
    vertex 2361.8537734679367 219.12784863452018 572.0582161829991
  endloop
endfacet
facet normal -1.0 1.4708617970725726e-14 2.942091015256665e-15
  outer loop
    vertex 2361.8537734679367 215.92968060221375 572.011999999995
    vertex 2361.8537734679367 219.12784863452018 572.0582161829991
    vertex 2361.8537734679367 218.72500000000062 571.8703647796453
  endloop
endfacet
facet normal -1.0 1.4708617970725726e-14 2.942091015256665e-15
  outer loop
    vertex 2361.8537734679367 215.92968060221375 572.011999999995
    vertex 2361.8537734679367 218.72500000000062 571.8703647796453
    vertex 2361.8537734679367 218.36089159529993 571.6154133299484
  endloop
endfacet
facet normal -1.0 1.4708617970725726e-14 2.942091015256665e-15
  outer loop
    vertex 2361.8537734679367 215.92968060221375 572.011999999995
    vertex 2361.8537734679367 218.36089159529993 571.6154133299484
    vertex 2361.8537734679367 218.04658667004722 571.3011084046957
  endloop
endfacet
facet normal -1.0 1.4708617970725726e-14 2.942091015256665e-15
  outer loop
    vertex 2361.8537734679367 215.92968060221375 572.011999999995
    vertex 2361.8537734679367 218.04658667004722 571.3011084046957
    vertex 2361.8537734679367 217.7916352203503 570.9369999999951
  endloop
endfacet
facet normal -1.0 1.4708617970725726e-14 2.942091015256665e-15
  outer loop
    vertex 2361.8537734679367 215.92968060221375 572.011999999995
    vertex 2361.8537734679367 217.7916352203503 570.9369999999951
    vertex 2361.8537734679367 215.92968060221384 567.3119999999951
  endloop
endfacet
facet normal -1.0 1.4708617970725726e-14 2.942091015256665e-15
  outer loop
    vertex 2361.8537734679367 215.92968060221384 567.3119999999951
    vertex 2361.8537734679367 217.7916352203503 570.9369999999951
    vertex 2361.8537734679367 217.6037838169966 570.5341513654755
  endloop
endfacet
facet normal -1.0 1.4708617970725726e-14 2.942091015256665e-15
  outer loop
    vertex 2361.8537734679367 215.92968060221384 567.3119999999951
    vertex 2361.8537734679367 217.6037838169966 570.5341513654755
    vertex 2361.8537734679367 217.48874022981954 570.1048028530458
  endloop
endfacet
facet normal -1.0 1.4708617970725726e-14 2.942091015256665e-15
  outer loop
    vertex 2361.8537734679367 215.92968060221384 567.3119999999951
    vertex 2361.8537734679367 217.48874022981954 570.1048028530458
    vertex 2361.8537734679367 217.45000000000073 569.661999999995
  endloop
endfacet
facet normal -1.0 1.4708617970725726e-14 2.942091015256665e-15
  outer loop
    vertex 2361.8537734679367 215.92968060221384 567.3119999999951
    vertex 2361.8537734679367 217.45000000000073 569.661999999995
    vertex 2361.8537734679367 217.48874022981957 569.2191971469443
  endloop
endfacet
facet normal -1.0 1.4708617970725726e-14 2.942091015256665e-15
  outer loop
    vertex 2361.8537734679367 215.92968060221384 567.3119999999951
    vertex 2361.8537734679367 217.48874022981957 569.2191971469443
    vertex 2361.8537734679367 217.60378381699667 568.7898486345147
  endloop
endfacet
facet normal -1.0 1.4708617970725726e-14 2.942091015256665e-15
  outer loop
    vertex 2361.8537734679367 215.92968060221384 567.3119999999951
    vertex 2361.8537734679367 217.60378381699667 568.7898486345147
    vertex 2361.8537734679367 217.7916352203504 568.386999999995
  endloop
endfacet
facet normal -1.0 1.4708617970725726e-14 2.942091015256665e-15
  outer loop
    vertex 2361.8537734679367 215.92968060221384 567.3119999999951
    vertex 2361.8537734679367 217.7916352203504 568.386999999995
    vertex 2361.8537734679367 218.0465866700473 568.0228915952945
  endloop
endfacet
facet normal -1.0 1.4708617970725726e-14 2.942091015256665e-15
  outer loop
    vertex 2361.8537734679367 215.92968060221384 567.3119999999951
    vertex 2361.8537734679367 218.0465866700473 568.0228915952945
    vertex 2361.8537734679367 218.36089159530002 567.7085866700418
  endloop
endfacet
facet normal -1.0 1.4708617970725726e-14 2.942091015256665e-15
  outer loop
    vertex 2361.8537734679367 215.92968060221384 567.3119999999951
    vertex 2361.8537734679367 218.36089159530002 567.7085866700418
    vertex 2361.8537734679367 218.72500000000073 567.4536352203448
  endloop
endfacet
facet normal -1.0 1.4708617970725726e-14 2.942091015256665e-15
  outer loop
    vertex 2361.8537734679367 215.92968060221384 567.3119999999951
    vertex 2361.8537734679367 218.72500000000073 567.4536352203448
    vertex 2361.8537734679367 219.12784863452026 567.2657838169911
  endloop
endfacet
facet normal -1.0 1.4708617970725726e-14 2.942091015256665e-15
  outer loop
    vertex 2361.8537734679367 215.92968060221384 567.3119999999951
    vertex 2361.8537734679367 219.12784863452026 567.2657838169911
    vertex 2361.8537734679367 220.00000000000068 564.9619999999951
  endloop
endfacet
facet normal -1.0 1.4708617970725726e-14 2.942091015256665e-15
  outer loop
    vertex 2361.8537734679367 220.00000000000068 564.9619999999951
    vertex 2361.8537734679367 219.12784863452026 567.2657838169911
    vertex 2361.8537734679367 219.55719714695002 567.150740229814
  endloop
endfacet
facet normal -1.0 1.4708617970725726e-14 2.942091015256665e-15
  outer loop
    vertex 2361.8537734679367 220.00000000000068 564.9619999999951
    vertex 2361.8537734679367 219.55719714695002 567.150740229814
    vertex 2361.8537734679367 220.00000000000068 567.1119999999951
  endloop
endfacet
facet normal -4.806383425904711e-15 -0.5000000000000041 0.8660254037844363
  outer loop
    vertex 2361.8537734679367 224.0703193977876 567.3119999999951
    vertex 2358.8537734679367 220.00000000000074 564.9619999999951
    vertex 2361.8537734679367 220.00000000000068 564.9619999999951
  endloop
endfacet
facet normal -4.806383425904711e-15 -0.5000000000000041 0.8660254037844363
  outer loop
    vertex 2358.8537734679367 220.00000000000074 564.9619999999951
    vertex 2361.8537734679367 224.0703193977876 567.3119999999951
    vertex 2358.8537734679367 224.07031939778767 567.3119999999951
  endloop
endfacet
facet normal 9.902234544821003e-15 0.49999999999999345 0.8660254037844425
  outer loop
    vertex 2361.8537734679367 220.00000000000068 564.9619999999951
    vertex 2358.8537734679367 215.9296806022139 567.3119999999951
    vertex 2361.8537734679367 215.92968060221384 567.3119999999951
  endloop
endfacet
facet normal 9.902234544821003e-15 0.49999999999999345 0.8660254037844425
  outer loop
    vertex 2358.8537734679367 215.9296806022139 567.3119999999951
    vertex 2361.8537734679367 220.00000000000068 564.9619999999951
    vertex 2358.8537734679367 220.00000000000074 564.9619999999951
  endloop
endfacet
facet normal 1.4708617970725745e-14 1.0 6.1658550488191546e-15
  outer loop
    vertex 2361.8537734679367 215.92968060221375 572.011999999995
    vertex 2358.8537734679367 215.9296806022139 567.3119999999951
    vertex 2358.8537734679367 215.92968060221378 572.011999999995
  endloop
endfacet
facet normal 1.4708617970725745e-14 1.0 6.1658550488191546e-15
  outer loop
    vertex 2358.8537734679367 215.9296806022139 567.3119999999951
    vertex 2361.8537734679367 215.92968060221375 572.011999999995
    vertex 2361.8537734679367 215.92968060221384 567.3119999999951
  endloop
endfacet
facet normal 4.806383425904711e-15 0.5000000000000041 -0.8660254037844363
  outer loop
    vertex 2358.8537734679367 220.00000000000068 574.3619999999951
    vertex 2361.8537734679367 215.92968060221375 572.011999999995
    vertex 2358.8537734679367 215.92968060221378 572.011999999995
  endloop
endfacet
facet normal 4.806383425904711e-15 0.5000000000000041 -0.8660254037844363
  outer loop
    vertex 2361.8537734679367 215.92968060221375 572.011999999995
    vertex 2358.8537734679367 220.00000000000068 574.3619999999951
    vertex 2361.8537734679367 220.00000000000063 574.3619999999951
  endloop
endfacet
facet normal -9.902234544821003e-15 -0.49999999999999345 -0.8660254037844425
  outer loop
    vertex 2358.8537734679367 224.07031939778756 572.0119999999952
    vertex 2361.8537734679367 220.00000000000063 574.3619999999951
    vertex 2358.8537734679367 220.00000000000068 574.3619999999951
  endloop
endfacet
facet normal -9.902234544821003e-15 -0.49999999999999345 -0.8660254037844425
  outer loop
    vertex 2361.8537734679367 220.00000000000063 574.3619999999951
    vertex 2358.8537734679367 224.07031939778756 572.0119999999952
    vertex 2361.8537734679367 224.07031939778753 572.0119999999952
  endloop
endfacet
facet normal -1.4708617970725745e-14 -1.0 -6.1658550488191546e-15
  outer loop
    vertex 2361.8537734679367 224.0703193977876 567.3119999999951
    vertex 2358.8537734679367 224.07031939778756 572.0119999999952
    vertex 2358.8537734679367 224.07031939778767 567.3119999999951
  endloop
endfacet
facet normal -1.4708617970725745e-14 -1.0 -6.1658550488191546e-15
  outer loop
    vertex 2358.8537734679367 224.07031939778756 572.0119999999952
    vertex 2361.8537734679367 224.0703193977876 567.3119999999951
    vertex 2361.8537734679367 224.07031939778753 572.0119999999952
  endloop
endfacet
facet normal 1.2993130593028555e-14 -1.1718660146267261e-14 1.0
  outer loop
    vertex 2384.703773467938 206.99999999999994 635.6619999999957
    vertex 2379.9537734679375 200.00000000000006 635.6619999999953
    vertex 2384.703773467938 199.99999999999994 635.6619999999953
  endloop
endfacet
facet normal 1.2993130593028555e-14 -1.1718660146267261e-14 1.0
  outer loop
    vertex 2379.9537734679375 200.00000000000006 635.6619999999953
    vertex 2384.703773467938 206.99999999999994 635.6619999999957
    vertex 2379.9537734679375 202.00000000000006 635.6619999999956
  endloop
endfacet
facet normal 1.2993130593028555e-14 -1.1718660146267261e-14 1.0
  outer loop
    vertex 2367.453773467938 202.00000000000023 635.6619999999958
    vertex 2358.8537734679367 200.0000000000006 635.6619999999957
    vertex 2367.453773467938 200.00000000000023 635.661999999996
  endloop
endfacet
facet normal 1.2993130593028555e-14 -1.1718660146267261e-14 1.0
  outer loop
    vertex 2358.8537734679367 200.0000000000006 635.6619999999957
    vertex 2367.453773467938 202.00000000000023 635.6619999999958
    vertex 2358.8537734679367 207.00000000000034 635.6619999999957
  endloop
endfacet
facet normal 1.2993130593028555e-14 -1.1718660146267261e-14 1.0
  outer loop
    vertex 2358.8537734679367 207.00000000000034 635.6619999999957
    vertex 2367.453773467938 202.00000000000023 635.6619999999958
    vertex 2379.9537734679375 202.00000000000006 635.6619999999956
  endloop
endfacet
facet normal 1.2993130593028555e-14 -1.1718660146267261e-14 1.0
  outer loop
    vertex 2358.8537734679367 207.00000000000034 635.6619999999957
    vertex 2379.9537734679375 202.00000000000006 635.6619999999956
    vertex 2384.703773467938 206.99999999999994 635.6619999999957
  endloop
endfacet
facet normal -2.9238499374995756e-14 -1.0 -9.293165789374825e-15
  outer loop
    vertex 2367.4537734679366 200.0000000000008 580.6619999999959
    vertex 2358.8537734679367 200.0000000000006 635.6619999999957
    vertex 2358.8537734679367 200.00000000000094 580.6619999999957
  endloop
endfacet
facet normal -2.9238499374995756e-14 -1.0 -9.293165789374825e-15
  outer loop
    vertex 2358.8537734679367 200.0000000000006 635.6619999999957
    vertex 2367.4537734679366 200.0000000000008 580.6619999999959
    vertex 2367.453773467938 200.00000000000023 635.661999999996
  endloop
endfacet
facet normal 1.0 -1.4708617970725625e-14 -1.9349168731898994e-14
  outer loop
    vertex 2367.4537734679366 200.0000000000008 580.6619999999959
    vertex 2367.453773467938 202.00000000000023 635.6619999999958
    vertex 2367.453773467938 200.00000000000023 635.661999999996
  endloop
endfacet
facet normal 1.0 -1.4708617970725625e-14 -1.9349168731898994e-14
  outer loop
    vertex 2367.453773467938 202.00000000000023 635.6619999999958
    vertex 2367.4537734679366 200.0000000000008 580.6619999999959
    vertex 2367.4537734679366 202.0000000000008 580.6619999999959
  endloop
endfacet
facet normal -1.470861797072584e-14 -1.0 -1.1087978363811854e-14
  outer loop
    vertex 2367.4537734679366 202.0000000000008 580.6619999999959
    vertex 2372.1537734679373 202.00000000000065 593.1619999999959
    vertex 2367.453773467938 202.00000000000023 635.6619999999958
  endloop
endfacet
facet normal -1.470861797072584e-14 -1.0 -1.1087978363811854e-14
  outer loop
    vertex 2372.1537734679373 202.00000000000065 593.1619999999959
    vertex 2367.4537734679366 202.0000000000008 580.6619999999959
    vertex 2372.2065884371887 202.00000000000065 592.760830480087
  endloop
endfacet
facet normal -1.470861797072584e-14 -1.0 -1.1087978363811854e-14
  outer loop
    vertex 2372.2065884371887 202.00000000000065 592.760830480087
    vertex 2367.4537734679366 202.0000000000008 580.6619999999959
    vertex 2372.361434092071 202.00000000000065 592.3869999999957
  endloop
endfacet
facet normal -1.470861797072584e-14 -1.0 -1.1087978363811854e-14
  outer loop
    vertex 2372.361434092071 202.00000000000065 592.3869999999957
    vertex 2367.4537734679366 202.0000000000008 580.6619999999959
    vertex 2379.9537734679366 202.00000000000063 580.6619999999956
  endloop
endfacet
facet normal -1.470861797072584e-14 -1.0 -1.1087978363811854e-14
  outer loop
    vertex 2372.361434092071 202.00000000000065 592.3869999999957
    vertex 2379.9537734679366 202.00000000000063 580.6619999999956
    vertex 2372.607757957098 202.00000000000065 592.0659844891567
  endloop
endfacet
facet normal -1.470861797072584e-14 -1.0 -1.1087978363811854e-14
  outer loop
    vertex 2372.607757957098 202.00000000000065 592.0659844891567
    vertex 2379.9537734679366 202.00000000000063 580.6619999999956
    vertex 2372.928773467937 202.00000000000065 591.8196606241302
  endloop
endfacet
facet normal -1.470861797072584e-14 -1.0 -1.1087978363811854e-14
  outer loop
    vertex 2372.928773467937 202.00000000000065 591.8196606241302
    vertex 2379.9537734679366 202.00000000000063 580.6619999999956
    vertex 2373.3026039480283 202.00000000000065 591.6648149692478
  endloop
endfacet
facet normal -1.470861797072584e-14 -1.0 -1.1087978363811854e-14
  outer loop
    vertex 2373.3026039480283 202.00000000000065 591.6648149692478
    vertex 2379.9537734679366 202.00000000000063 580.6619999999956
    vertex 2373.7037734679366 202.0000000000007 591.611999999996
  endloop
endfacet
facet normal -1.470861797072584e-14 -1.0 -1.1087978363811854e-14
  outer loop
    vertex 2373.7037734679366 202.0000000000007 591.611999999996
    vertex 2379.9537734679366 202.00000000000063 580.6619999999956
    vertex 2374.104942987846 202.00000000000065 591.6648149692478
  endloop
endfacet
facet normal -1.470861797072584e-14 -1.0 -1.1087978363811854e-14
  outer loop
    vertex 2374.104942987846 202.00000000000065 591.6648149692478
    vertex 2379.9537734679366 202.00000000000063 580.6619999999956
    vertex 2374.478773467937 202.00000000000065 591.8196606241302
  endloop
endfacet
facet normal -1.470861797072584e-14 -1.0 -1.1087978363811854e-14
  outer loop
    vertex 2374.478773467937 202.00000000000065 591.8196606241302
    vertex 2379.9537734679366 202.00000000000063 580.6619999999956
    vertex 2374.799788978776 202.00000000000065 592.0659844891567
  endloop
endfacet
facet normal -1.470861797072584e-14 -1.0 -1.1087978363811854e-14
  outer loop
    vertex 2374.799788978776 202.00000000000065 592.0659844891567
    vertex 2379.9537734679366 202.00000000000063 580.6619999999956
    vertex 2375.046112843803 202.00000000000063 592.3869999999957
  endloop
endfacet
facet normal -1.470861797072584e-14 -1.0 -1.1087978363811854e-14
  outer loop
    vertex 2375.046112843803 202.00000000000063 592.3869999999957
    vertex 2379.9537734679366 202.00000000000063 580.6619999999956
    vertex 2375.200958498685 202.00000000000063 592.760830480087
  endloop
endfacet
facet normal -1.470861797072584e-14 -1.0 -1.1087978363811854e-14
  outer loop
    vertex 2375.200958498685 202.00000000000063 592.760830480087
    vertex 2379.9537734679366 202.00000000000063 580.6619999999956
    vertex 2375.253773467937 202.00000000000063 593.1619999999959
  endloop
endfacet
facet normal -1.470861797072584e-14 -1.0 -1.1087978363811854e-14
  outer loop
    vertex 2375.253773467937 202.00000000000063 593.1619999999959
    vertex 2379.9537734679366 202.00000000000063 580.6619999999956
    vertex 2375.2537734679377 202.00000000000037 618.161999999996
  endloop
endfacet
facet normal -1.470861797072584e-14 -1.0 -1.1087978363811854e-14
  outer loop
    vertex 2367.453773467938 202.00000000000023 635.6619999999958
    vertex 2372.3614340920717 202.00000000000043 618.9369999999959
    vertex 2379.9537734679375 202.00000000000006 635.6619999999956
  endloop
endfacet
facet normal -1.470861797072584e-14 -1.0 -1.1087978363811854e-14
  outer loop
    vertex 2372.3614340920717 202.00000000000043 618.9369999999959
    vertex 2367.453773467938 202.00000000000023 635.6619999999958
    vertex 2372.206588437189 202.00000000000043 618.563169519905
  endloop
endfacet
facet normal -1.470861797072584e-14 -1.0 -1.1087978363811854e-14
  outer loop
    vertex 2372.206588437189 202.00000000000043 618.563169519905
    vertex 2367.453773467938 202.00000000000023 635.6619999999958
    vertex 2372.1537734679373 202.00000000000043 618.161999999996
  endloop
endfacet
facet normal -1.470861797072584e-14 -1.0 -1.1087978363811854e-14
  outer loop
    vertex 2372.1537734679373 202.00000000000043 618.161999999996
    vertex 2367.453773467938 202.00000000000023 635.6619999999958
    vertex 2372.1537734679373 202.00000000000065 593.1619999999959
  endloop
endfacet
facet normal -1.470861797072584e-14 -1.0 -1.1087978363811854e-14
  outer loop
    vertex 2379.9537734679375 202.00000000000006 635.6619999999956
    vertex 2372.3614340920717 202.00000000000043 618.9369999999959
    vertex 2372.6077579570983 202.00000000000043 619.258015510835
  endloop
endfacet
facet normal -1.470861797072584e-14 -1.0 -1.1087978363811854e-14
  outer loop
    vertex 2379.9537734679375 202.00000000000006 635.6619999999956
    vertex 2372.6077579570983 202.00000000000043 619.258015510835
    vertex 2372.928773467938 202.00000000000034 619.504339375862
  endloop
endfacet
facet normal -1.470861797072584e-14 -1.0 -1.1087978363811854e-14
  outer loop
    vertex 2379.9537734679375 202.00000000000006 635.6619999999956
    vertex 2372.928773467938 202.00000000000034 619.504339375862
    vertex 2373.3026039480283 202.00000000000034 619.659185030744
  endloop
endfacet
facet normal -1.470861797072584e-14 -1.0 -1.1087978363811854e-14
  outer loop
    vertex 2379.9537734679375 202.00000000000006 635.6619999999956
    vertex 2373.3026039480283 202.00000000000034 619.659185030744
    vertex 2373.7037734679375 202.0000000000004 619.711999999996
  endloop
endfacet
facet normal -1.470861797072584e-14 -1.0 -1.1087978363811854e-14
  outer loop
    vertex 2379.9537734679375 202.00000000000006 635.6619999999956
    vertex 2373.7037734679375 202.0000000000004 619.711999999996
    vertex 2374.1049429878462 202.0000000000004 619.659185030744
  endloop
endfacet
facet normal -1.470861797072584e-14 -1.0 -1.1087978363811854e-14
  outer loop
    vertex 2379.9537734679375 202.00000000000006 635.6619999999956
    vertex 2374.1049429878462 202.0000000000004 619.659185030744
    vertex 2374.4787734679376 202.00000000000034 619.504339375862
  endloop
endfacet
facet normal -1.470861797072584e-14 -1.0 -1.1087978363811854e-14
  outer loop
    vertex 2379.9537734679375 202.00000000000006 635.6619999999956
    vertex 2374.4787734679376 202.00000000000034 619.504339375862
    vertex 2374.7997889787766 202.00000000000034 619.258015510835
  endloop
endfacet
facet normal -1.470861797072584e-14 -1.0 -1.1087978363811854e-14
  outer loop
    vertex 2379.9537734679375 202.00000000000006 635.6619999999956
    vertex 2374.7997889787766 202.00000000000034 619.258015510835
    vertex 2375.0461128438033 202.00000000000034 618.9369999999959
  endloop
endfacet
facet normal -1.470861797072584e-14 -1.0 -1.1087978363811854e-14
  outer loop
    vertex 2379.9537734679375 202.00000000000006 635.6619999999956
    vertex 2375.0461128438033 202.00000000000034 618.9369999999959
    vertex 2375.2009584986854 202.00000000000037 618.563169519905
  endloop
endfacet
facet normal -1.470861797072584e-14 -1.0 -1.1087978363811854e-14
  outer loop
    vertex 2379.9537734679375 202.00000000000006 635.6619999999956
    vertex 2375.2009584986854 202.00000000000037 618.563169519905
    vertex 2375.2537734679377 202.00000000000037 618.161999999996
  endloop
endfacet
facet normal -1.470861797072584e-14 -1.0 -1.1087978363811854e-14
  outer loop
    vertex 2379.9537734679375 202.00000000000006 635.6619999999956
    vertex 2375.2537734679377 202.00000000000037 618.161999999996
    vertex 2379.9537734679366 202.00000000000063 580.6619999999956
  endloop
endfacet
facet normal -1.470861797072584e-14 -1.0 -1.1087978363811854e-14
  outer loop
    vertex 2372.2065884371887 202.00000000000065 593.5631695199049
    vertex 2372.1537734679373 202.00000000000043 618.161999999996
    vertex 2372.1537734679373 202.00000000000065 593.1619999999959
  endloop
endfacet
facet normal -1.470861797072584e-14 -1.0 -1.1087978363811854e-14
  outer loop
    vertex 2372.1537734679373 202.00000000000043 618.161999999996
    vertex 2372.2065884371887 202.00000000000065 593.5631695199049
    vertex 2372.206588437189 202.00000000000043 617.7608304800871
  endloop
endfacet
facet normal -1.470861797072584e-14 -1.0 -1.1087978363811854e-14
  outer loop
    vertex 2372.206588437189 202.00000000000043 617.7608304800871
    vertex 2372.2065884371887 202.00000000000065 593.5631695199049
    vertex 2372.3614340920712 202.00000000000065 593.9369999999958
  endloop
endfacet
facet normal -1.470861797072584e-14 -1.0 -1.1087978363811854e-14
  outer loop
    vertex 2372.206588437189 202.00000000000043 617.7608304800871
    vertex 2372.3614340920712 202.00000000000065 593.9369999999958
    vertex 2372.3614340920717 202.0000000000005 617.3869999999959
  endloop
endfacet
facet normal -1.470861797072584e-14 -1.0 -1.1087978363811854e-14
  outer loop
    vertex 2372.3614340920717 202.0000000000005 617.3869999999959
    vertex 2372.3614340920712 202.00000000000065 593.9369999999958
    vertex 2372.607757957098 202.00000000000065 594.2580155108352
  endloop
endfacet
facet normal -1.470861797072584e-14 -1.0 -1.1087978363811854e-14
  outer loop
    vertex 2372.3614340920717 202.0000000000005 617.3869999999959
    vertex 2372.607757957098 202.00000000000065 594.2580155108352
    vertex 2372.6077579570983 202.0000000000005 617.0659844891568
  endloop
endfacet
facet normal -1.470861797072584e-14 -1.0 -1.1087978363811854e-14
  outer loop
    vertex 2372.6077579570983 202.0000000000005 617.0659844891568
    vertex 2372.607757957098 202.00000000000065 594.2580155108352
    vertex 2372.928773467937 202.00000000000065 594.5043393758618
  endloop
endfacet
facet normal -1.470861797072584e-14 -1.0 -1.1087978363811854e-14
  outer loop
    vertex 2372.6077579570983 202.0000000000005 617.0659844891568
    vertex 2372.928773467937 202.00000000000065 594.5043393758618
    vertex 2372.9287734679374 202.0000000000005 616.8196606241302
  endloop
endfacet
facet normal -1.470861797072584e-14 -1.0 -1.1087978363811854e-14
  outer loop
    vertex 2372.9287734679374 202.0000000000005 616.8196606241302
    vertex 2372.928773467937 202.00000000000065 594.5043393758618
    vertex 2373.3026039480283 202.00000000000065 594.6591850307439
  endloop
endfacet
facet normal -1.470861797072584e-14 -1.0 -1.1087978363811854e-14
  outer loop
    vertex 2372.9287734679374 202.0000000000005 616.8196606241302
    vertex 2373.3026039480283 202.00000000000065 594.6591850307439
    vertex 2373.3026039480283 202.0000000000005 616.6648149692478
  endloop
endfacet
facet normal -1.470861797072584e-14 -1.0 -1.1087978363811854e-14
  outer loop
    vertex 2373.3026039480283 202.0000000000005 616.6648149692478
    vertex 2373.3026039480283 202.00000000000065 594.6591850307439
    vertex 2373.703773467937 202.00000000000068 594.711999999996
  endloop
endfacet
facet normal -1.470861797072584e-14 -1.0 -1.1087978363811854e-14
  outer loop
    vertex 2373.3026039480283 202.0000000000005 616.6648149692478
    vertex 2373.703773467937 202.00000000000068 594.711999999996
    vertex 2373.7037734679375 202.0000000000005 616.6119999999961
  endloop
endfacet
facet normal -1.470861797072584e-14 -1.0 -1.1087978363811854e-14
  outer loop
    vertex 2373.7037734679375 202.0000000000005 616.6119999999961
    vertex 2373.703773467937 202.00000000000068 594.711999999996
    vertex 2374.1049429878462 202.00000000000063 594.6591850307439
  endloop
endfacet
facet normal -1.470861797072584e-14 -1.0 -1.1087978363811854e-14
  outer loop
    vertex 2373.7037734679375 202.0000000000005 616.6119999999961
    vertex 2374.1049429878462 202.00000000000063 594.6591850307439
    vertex 2374.1049429878462 202.00000000000048 616.6648149692478
  endloop
endfacet
facet normal -1.470861797072584e-14 -1.0 -1.1087978363811854e-14
  outer loop
    vertex 2374.1049429878462 202.00000000000048 616.6648149692478
    vertex 2374.1049429878462 202.00000000000063 594.6591850307439
    vertex 2374.478773467937 202.00000000000063 594.5043393758618
  endloop
endfacet
facet normal -1.470861797072584e-14 -1.0 -1.1087978363811854e-14
  outer loop
    vertex 2374.1049429878462 202.00000000000048 616.6648149692478
    vertex 2374.478773467937 202.00000000000063 594.5043393758618
    vertex 2374.478773467937 202.00000000000048 616.8196606241302
  endloop
endfacet
facet normal -1.470861797072584e-14 -1.0 -1.1087978363811854e-14
  outer loop
    vertex 2374.478773467937 202.00000000000048 616.8196606241302
    vertex 2374.478773467937 202.00000000000063 594.5043393758618
    vertex 2374.799788978776 202.00000000000063 594.2580155108349
  endloop
endfacet
facet normal -1.470861797072584e-14 -1.0 -1.1087978363811854e-14
  outer loop
    vertex 2374.478773467937 202.00000000000048 616.8196606241302
    vertex 2374.799788978776 202.00000000000063 594.2580155108349
    vertex 2374.7997889787766 202.00000000000048 617.0659844891568
  endloop
endfacet
facet normal -1.470861797072584e-14 -1.0 -1.1087978363811854e-14
  outer loop
    vertex 2374.7997889787766 202.00000000000048 617.0659844891568
    vertex 2374.799788978776 202.00000000000063 594.2580155108349
    vertex 2375.046112843803 202.00000000000063 593.9369999999958
  endloop
endfacet
facet normal -1.470861797072584e-14 -1.0 -1.1087978363811854e-14
  outer loop
    vertex 2374.7997889787766 202.00000000000048 617.0659844891568
    vertex 2375.046112843803 202.00000000000063 593.9369999999958
    vertex 2375.0461128438033 202.0000000000004 617.3869999999959
  endloop
endfacet
facet normal -1.470861797072584e-14 -1.0 -1.1087978363811854e-14
  outer loop
    vertex 2375.0461128438033 202.0000000000004 617.3869999999959
    vertex 2375.046112843803 202.00000000000063 593.9369999999958
    vertex 2375.200958498685 202.00000000000063 593.5631695199046
  endloop
endfacet
facet normal -1.470861797072584e-14 -1.0 -1.1087978363811854e-14
  outer loop
    vertex 2375.0461128438033 202.0000000000004 617.3869999999959
    vertex 2375.200958498685 202.00000000000063 593.5631695199046
    vertex 2375.2009584986854 202.00000000000037 617.7608304800871
  endloop
endfacet
facet normal -1.470861797072584e-14 -1.0 -1.1087978363811854e-14
  outer loop
    vertex 2375.2009584986854 202.00000000000037 617.7608304800871
    vertex 2375.200958498685 202.00000000000063 593.5631695199046
    vertex 2375.253773467937 202.00000000000063 593.1619999999959
  endloop
endfacet
facet normal -1.470861797072584e-14 -1.0 -1.1087978363811854e-14
  outer loop
    vertex 2375.2009584986854 202.00000000000037 617.7608304800871
    vertex 2375.253773467937 202.00000000000063 593.1619999999959
    vertex 2375.2537734679377 202.00000000000037 618.161999999996
  endloop
endfacet
facet normal -1.0 1.470861797072265e-14 1.9349168731898994e-14
  outer loop
    vertex 2379.9537734679366 202.00000000000063 580.6619999999956
    vertex 2379.9537734679375 200.00000000000006 635.6619999999953
    vertex 2379.9537734679375 202.00000000000006 635.6619999999956
  endloop
endfacet
facet normal -1.0 1.470861797072265e-14 1.9349168731898994e-14
  outer loop
    vertex 2379.9537734679375 200.00000000000006 635.6619999999953
    vertex 2379.9537734679366 202.00000000000063 580.6619999999956
    vertex 2379.9537734679366 200.00000000000063 580.6619999999953
  endloop
endfacet
facet normal -1.0 1.534619522706983e-14 6.367298945147574e-15
  outer loop
    vertex 2358.8537734679367 220.00000000000068 574.3619999999951
    vertex 2358.8537734679367 211.5703193977882 572.0119999999953
    vertex 2358.8537734679367 207.5000000000013 574.3619999999952
  endloop
endfacet
facet normal -1.0 1.534619522706983e-14 6.367298945147574e-15
  outer loop
    vertex 2358.8537734679367 211.5703193977882 572.0119999999953
    vertex 2358.8537734679367 220.00000000000068 574.3619999999951
    vertex 2358.8537734679367 215.92968060221378 572.011999999995
  endloop
endfacet
facet normal -1.0 1.534619522706983e-14 6.367298945147574e-15
  outer loop
    vertex 2358.8537734679367 211.5703193977882 572.0119999999953
    vertex 2358.8537734679367 215.92968060221378 572.011999999995
    vertex 2358.8537734679367 211.5703193977883 567.3119999999952
  endloop
endfacet
facet normal -1.0 1.534619522706983e-14 6.367298945147574e-15
  outer loop
    vertex 2358.8537734679367 211.5703193977883 567.3119999999952
    vertex 2358.8537734679367 215.92968060221378 572.011999999995
    vertex 2358.8537734679367 215.9296806022139 567.3119999999951
  endloop
endfacet
facet normal -1.0 1.534619522706983e-14 6.367298945147574e-15
  outer loop
    vertex 2358.8537734679367 211.5703193977883 567.3119999999952
    vertex 2358.8537734679367 215.9296806022139 567.3119999999951
    vertex 2358.8537734679367 207.50000000000136 564.9619999999952
  endloop
endfacet
facet normal -1.0 1.534619522706983e-14 6.367298945147574e-15
  outer loop
    vertex 2358.8537734679367 207.50000000000136 564.9619999999952
    vertex 2358.8537734679367 215.9296806022139 567.3119999999951
    vertex 2358.8537734679367 220.00000000000074 564.9619999999951
  endloop
endfacet
facet normal -1.0 1.534619522706983e-14 6.367298945147574e-15
  outer loop
    vertex 2358.8537734679367 207.00000000000094 589.6619999999955
    vertex 2358.8537734679367 200.0000000000006 635.6619999999957
    vertex 2358.8537734679367 207.00000000000034 635.6619999999957
  endloop
endfacet
facet normal -1.0 1.534619522706983e-14 6.367298945147574e-15
  outer loop
    vertex 2358.8537734679367 200.0000000000006 635.6619999999957
    vertex 2358.8537734679367 207.00000000000094 589.6619999999955
    vertex 2358.8537734679367 200.00000000000094 580.6619999999957
  endloop
endfacet
facet normal -1.0 1.534619522706983e-14 6.367298945147574e-15
  outer loop
    vertex 2358.8537734679367 200.00000000000094 580.6619999999957
    vertex 2358.8537734679367 207.00000000000094 589.6619999999955
    vertex 2358.853773467937 229.0000000000012 580.6619999999963
  endloop
endfacet
facet normal -1.0 1.534619522706983e-14 6.367298945147574e-15
  outer loop
    vertex 2358.8537734679367 200.00000000000094 580.6619999999957
    vertex 2358.853773467937 229.0000000000012 580.6619999999963
    vertex 2358.8537734679367 220.00000000000068 574.3619999999951
  endloop
endfacet
facet normal -1.0 1.534619522706983e-14 6.367298945147574e-15
  outer loop
    vertex 2358.8537734679367 220.00000000000068 574.3619999999951
    vertex 2358.853773467937 229.0000000000012 580.6619999999963
    vertex 2358.8537734679367 224.07031939778756 572.0119999999952
  endloop
endfacet
facet normal -1.0 1.534619522706983e-14 6.367298945147574e-15
  outer loop
    vertex 2358.8537734679367 224.07031939778756 572.0119999999952
    vertex 2358.853773467937 229.0000000000012 580.6619999999963
    vertex 2358.8537734679367 229.00000000000108 563.6619999999962
  endloop
endfacet
facet normal -1.0 1.534619522706983e-14 6.367298945147574e-15
  outer loop
    vertex 2358.8537734679367 200.00000000000094 580.6619999999957
    vertex 2358.8537734679367 220.00000000000068 574.3619999999951
    vertex 2358.8537734679367 207.5000000000013 574.3619999999952
  endloop
endfacet
facet normal -1.0 1.534619522706983e-14 6.367298945147574e-15
  outer loop
    vertex 2358.8537734679367 224.07031939778756 572.0119999999952
    vertex 2358.8537734679367 229.00000000000108 563.6619999999962
    vertex 2358.8537734679367 224.07031939778767 567.3119999999951
  endloop
endfacet
facet normal -1.0 1.534619522706983e-14 6.367298945147574e-15
  outer loop
    vertex 2358.8537734679367 224.07031939778767 567.3119999999951
    vertex 2358.8537734679367 229.00000000000108 563.6619999999962
    vertex 2358.8537734679367 220.00000000000074 564.9619999999951
  endloop
endfacet
facet normal -1.0 1.534619522706983e-14 6.367298945147574e-15
  outer loop
    vertex 2358.8537734679367 220.00000000000074 564.9619999999951
    vertex 2358.8537734679367 229.00000000000108 563.6619999999962
    vertex 2358.8537734679358 181.2500000000008 563.661999999996
  endloop
endfacet
facet normal -1.0 1.534619522706983e-14 6.367298945147574e-15
  outer loop
    vertex 2358.8537734679367 200.00000000000094 580.6619999999957
    vertex 2358.8537734679358 181.2500000000008 563.661999999996
    vertex 2358.8537734679367 181.25000000000088 580.6619999999962
  endloop
endfacet
facet normal -1.0 1.534619522706983e-14 6.367298945147574e-15
  outer loop
    vertex 2358.8537734679358 181.2500000000008 563.661999999996
    vertex 2358.8537734679367 200.00000000000094 580.6619999999957
    vertex 2358.8537734679367 207.5000000000013 574.3619999999952
  endloop
endfacet
facet normal -1.0 1.534619522706983e-14 6.367298945147574e-15
  outer loop
    vertex 2358.8537734679358 181.2500000000008 563.661999999996
    vertex 2358.8537734679367 207.5000000000013 574.3619999999952
    vertex 2358.8537734679367 203.42968060221443 572.0119999999952
  endloop
endfacet
facet normal -1.0 1.534619522706983e-14 6.367298945147574e-15
  outer loop
    vertex 2358.8537734679358 181.2500000000008 563.661999999996
    vertex 2358.8537734679367 203.42968060221443 572.0119999999952
    vertex 2358.8537734679367 203.42968060221452 567.3119999999951
  endloop
endfacet
facet normal -1.0 1.534619522706983e-14 6.367298945147574e-15
  outer loop
    vertex 2358.8537734679358 181.2500000000008 563.661999999996
    vertex 2358.8537734679367 203.42968060221452 567.3119999999951
    vertex 2358.8537734679367 207.50000000000136 564.9619999999952
  endloop
endfacet
facet normal -1.0 1.534619522706983e-14 6.367298945147574e-15
  outer loop
    vertex 2358.8537734679358 181.2500000000008 563.661999999996
    vertex 2358.8537734679367 207.50000000000136 564.9619999999952
    vertex 2358.8537734679367 220.00000000000074 564.9619999999951
  endloop
endfacet
facet normal -1.4708617970725764e-14 -1.0 -1.1087978363811853e-14
  outer loop
    vertex 2386.4537734679366 200.00000000000054 580.6619999999953
    vertex 2379.9537734679375 200.00000000000006 635.6619999999953
    vertex 2379.9537734679366 200.00000000000063 580.6619999999953
  endloop
endfacet
facet normal -1.4708617970725764e-14 -1.0 -1.1087978363811853e-14
  outer loop
    vertex 2379.9537734679375 200.00000000000006 635.6619999999953
    vertex 2386.4537734679366 200.00000000000054 580.6619999999953
    vertex 2384.703773467938 199.99999999999994 635.6619999999953
  endloop
endfacet
facet normal 0.9994941856840637 -1.5314200952006073e-14 0.03180208772628944
  outer loop
    vertex 2384.703773467938 199.99999999999994 635.6619999999953
    vertex 2386.1674098315734 207.00000000000043 589.6619999999955
    vertex 2384.703773467938 206.99999999999994 635.6619999999957
  endloop
endfacet
facet normal 0.9994941856840637 -1.5314200952006073e-14 0.03180208772628944
  outer loop
    vertex 2386.1674098315734 207.00000000000043 589.6619999999955
    vertex 2384.703773467938 199.99999999999994 635.6619999999953
    vertex 2386.4537734679366 200.00000000000054 580.6619999999953
  endloop
endfacet
facet normal 0.9994941856840637 -1.5314200952006073e-14 0.03180208772628944
  outer loop
    vertex 2386.1674098315734 207.00000000000043 589.6619999999955
    vertex 2386.4537734679366 200.00000000000054 580.6619999999953
    vertex 2386.4537734679366 207.0000000000005 580.6619999999956
  endloop
endfacet
facet normal 1.668815019746247e-14 1.0 1.227092606998561e-14
  outer loop
    vertex 2370.975793446016 207.00000000000105 594.7369999999958
    vertex 2370.9757934460167 207.00000000000094 616.5869999999959
    vertex 2373.703773467937 207.00000000000102 596.3119999999958
  endloop
endfacet
facet normal 1.668815019746247e-14 1.0 1.227092606998561e-14
  outer loop
    vertex 2370.9757934460167 207.00000000000094 616.5869999999959
    vertex 2370.975793446016 207.00000000000105 594.7369999999958
    vertex 2370.9757934460167 207.00000000000097 619.7369999999959
  endloop
endfacet
facet normal 1.668815019746247e-14 1.0 1.227092606998561e-14
  outer loop
    vertex 2373.703773467937 207.00000000000102 596.3119999999958
    vertex 2370.9757934460167 207.00000000000094 616.5869999999959
    vertex 2373.7037734679375 207.00000000000094 615.0119999999959
  endloop
endfacet
facet normal 1.668815019746247e-14 1.0 1.227092606998561e-14
  outer loop
    vertex 2373.703773467937 207.00000000000102 596.3119999999958
    vertex 2373.7037734679375 207.00000000000094 615.0119999999959
    vertex 2376.431753489858 207.00000000000097 594.7369999999958
  endloop
endfacet
facet normal 1.668815019746247e-14 1.0 1.227092606998561e-14
  outer loop
    vertex 2376.431753489858 207.00000000000097 594.7369999999958
    vertex 2373.7037734679375 207.00000000000094 615.0119999999959
    vertex 2376.4317534898587 207.00000000000085 616.5869999999959
  endloop
endfacet
facet normal 1.668815019746247e-14 1.0 1.227092606998561e-14
  outer loop
    vertex 2376.431753489858 207.00000000000097 594.7369999999958
    vertex 2376.4317534898587 207.00000000000085 616.5869999999959
    vertex 2376.431753489858 207.00000000000105 591.5869999999958
  endloop
endfacet
facet normal 1.668815019746247e-14 1.0 1.227092606998561e-14
  outer loop
    vertex 2358.8537734679367 207.00000000000034 635.6619999999957
    vertex 2370.9757934460167 207.00000000000097 619.7369999999959
    vertex 2358.8537734679367 207.00000000000094 589.6619999999955
  endloop
endfacet
facet normal 1.668815019746247e-14 1.0 1.227092606998561e-14
  outer loop
    vertex 2370.9757934460167 207.00000000000097 619.7369999999959
    vertex 2358.8537734679367 207.00000000000034 635.6619999999957
    vertex 2384.703773467938 206.99999999999994 635.6619999999957
  endloop
endfacet
facet normal 1.668815019746247e-14 1.0 1.227092606998561e-14
  outer loop
    vertex 2358.8537734679367 207.00000000000094 589.6619999999955
    vertex 2370.9757934460167 207.00000000000097 619.7369999999959
    vertex 2362.8537734679367 207.00000000000088 589.6619999999955
  endloop
endfacet
facet normal 1.668815019746247e-14 1.0 1.227092606998561e-14
  outer loop
    vertex 2362.8537734679367 207.00000000000088 589.6619999999955
    vertex 2370.9757934460167 207.00000000000097 619.7369999999959
    vertex 2370.975793446016 207.00000000000105 594.7369999999958
  endloop
endfacet
facet normal 1.668815019746247e-14 1.0 1.227092606998561e-14
  outer loop
    vertex 2370.9757934460167 207.00000000000097 619.7369999999959
    vertex 2384.703773467938 206.99999999999994 635.6619999999957
    vertex 2373.7037734679375 207.00000000000094 621.3119999999959
  endloop
endfacet
facet normal 1.668815019746247e-14 1.0 1.227092606998561e-14
  outer loop
    vertex 2373.7037734679375 207.00000000000094 621.3119999999959
    vertex 2384.703773467938 206.99999999999994 635.6619999999957
    vertex 2376.4317534898587 207.00000000000088 619.7369999999959
  endloop
endfacet
facet normal 1.668815019746247e-14 1.0 1.227092606998561e-14
  outer loop
    vertex 2376.4317534898587 207.00000000000088 619.7369999999959
    vertex 2384.703773467938 206.99999999999994 635.6619999999957
    vertex 2376.4317534898587 207.00000000000085 616.5869999999959
  endloop
endfacet
facet normal 1.668815019746247e-14 1.0 1.227092606998561e-14
  outer loop
    vertex 2362.8537734679367 207.00000000000088 589.6619999999955
    vertex 2373.703773467937 207.0000000000011 590.0119999999957
    vertex 2386.1674098315734 207.00000000000043 589.6619999999955
  endloop
endfacet
facet normal 1.668815019746247e-14 1.0 1.227092606998561e-14
  outer loop
    vertex 2373.703773467937 207.0000000000011 590.0119999999957
    vertex 2362.8537734679367 207.00000000000088 589.6619999999955
    vertex 2370.975793446016 207.00000000000117 591.5869999999958
  endloop
endfacet
facet normal 1.668815019746247e-14 1.0 1.227092606998561e-14
  outer loop
    vertex 2370.975793446016 207.00000000000117 591.5869999999958
    vertex 2362.8537734679367 207.00000000000088 589.6619999999955
    vertex 2370.975793446016 207.00000000000105 594.7369999999958
  endloop
endfacet
facet normal 1.668815019746247e-14 1.0 1.227092606998561e-14
  outer loop
    vertex 2386.1674098315734 207.00000000000043 589.6619999999955
    vertex 2373.703773467937 207.0000000000011 590.0119999999957
    vertex 2376.431753489858 207.00000000000105 591.5869999999958
  endloop
endfacet
facet normal 1.668815019746247e-14 1.0 1.227092606998561e-14
  outer loop
    vertex 2386.1674098315734 207.00000000000043 589.6619999999955
    vertex 2376.431753489858 207.00000000000105 591.5869999999958
    vertex 2376.4317534898587 207.00000000000085 616.5869999999959
  endloop
endfacet
facet normal 1.668815019746247e-14 1.0 1.227092606998561e-14
  outer loop
    vertex 2386.1674098315734 207.00000000000043 589.6619999999955
    vertex 2376.4317534898587 207.00000000000085 616.5869999999959
    vertex 2384.703773467938 206.99999999999994 635.6619999999957
  endloop
endfacet
facet normal 1.0 -1.0165228948008008e-14 -5.100684846004504e-15
  outer loop
    vertex 2393.853773467936 183.97395054945665 567.6619999999947
    vertex 2393.8537734679367 226.25000000000082 580.6619999999951
    vertex 2393.853773467936 184.00000000000045 580.6619999999954
  endloop
endfacet
facet normal 1.0 -1.0165228948008008e-14 -5.100684846004504e-15
  outer loop
    vertex 2393.8537734679367 226.25000000000082 580.6619999999951
    vertex 2393.853773467936 183.97395054945665 567.6619999999947
    vertex 2393.8537734679367 205.78989928337222 574.3604631039248
  endloop
endfacet
facet normal 1.0 -1.0165228948008008e-14 -5.100684846004504e-15
  outer loop
    vertex 2393.8537734679367 226.25000000000082 580.6619999999951
    vertex 2393.8537734679367 205.78989928337222 574.3604631039248
    vertex 2393.8537734679367 206.6317591116659 574.5860387650557
  endloop
endfacet
facet normal 1.0 -1.0165228948008008e-14 -5.100684846004504e-15
  outer loop
    vertex 2393.8537734679367 226.25000000000082 580.6619999999951
    vertex 2393.8537734679367 206.6317591116659 574.5860387650557
    vertex 2393.8537734679367 207.50000000000074 574.6619999999956
  endloop
endfacet
facet normal 1.0 -1.0165228948008008e-14 -5.100684846004504e-15
  outer loop
    vertex 2393.8537734679367 205.78989928337222 574.3604631039248
    vertex 2393.853773467936 183.97395054945665 567.6619999999947
    vertex 2393.8537734679367 205.0000000000008 573.9921270189176
  endloop
endfacet
facet normal 1.0 -1.0165228948008008e-14 -5.100684846004504e-15
  outer loop
    vertex 2393.8537734679367 205.0000000000008 573.9921270189176
    vertex 2393.853773467936 183.97395054945665 567.6619999999947
    vertex 2393.853773467936 204.28606195156806 573.4922222155906
  endloop
endfacet
facet normal 1.0 -1.0165228948008008e-14 -5.100684846004504e-15
  outer loop
    vertex 2393.853773467936 204.28606195156806 573.4922222155906
    vertex 2393.853773467936 183.97395054945665 567.6619999999947
    vertex 2393.853773467936 203.66977778440568 572.8759380484273
  endloop
endfacet
facet normal 1.0 -1.0165228948008008e-14 -5.100684846004504e-15
  outer loop
    vertex 2393.853773467936 203.66977778440568 572.8759380484273
    vertex 2393.853773467936 183.97395054945665 567.6619999999947
    vertex 2393.853773467936 203.16987298107847 572.1619999999954
  endloop
endfacet
facet normal 1.0 -1.0165228948008008e-14 -5.100684846004504e-15
  outer loop
    vertex 2393.853773467936 203.16987298107847 572.1619999999954
    vertex 2393.853773467936 183.97395054945665 567.6619999999947
    vertex 2393.853773467936 202.80153689607127 571.3721007166233
  endloop
endfacet
facet normal 1.0 -1.0165228948008008e-14 -5.100684846004504e-15
  outer loop
    vertex 2393.853773467936 202.80153689607127 571.3721007166233
    vertex 2393.853773467936 183.97395054945665 567.6619999999947
    vertex 2393.853773467936 202.5759612349398 570.5302408883294
  endloop
endfacet
facet normal 1.0 -1.0165228948008008e-14 -5.100684846004504e-15
  outer loop
    vertex 2393.853773467936 202.5759612349398 570.5302408883294
    vertex 2393.853773467936 183.97395054945665 567.6619999999947
    vertex 2393.853773467936 202.50000000000054 569.6619999999956
  endloop
endfacet
facet normal 1.0 -1.0165228948008008e-14 -5.100684846004504e-15
  outer loop
    vertex 2393.853773467936 202.50000000000054 569.6619999999956
    vertex 2393.853773467936 183.97395054945665 567.6619999999947
    vertex 2393.853773467936 202.57596123493974 568.7937591116607
  endloop
endfacet
facet normal 1.0 -1.0165228948008008e-14 -5.100684846004504e-15
  outer loop
    vertex 2393.853773467936 202.57596123493974 568.7937591116607
    vertex 2393.853773467936 183.97395054945665 567.6619999999947
    vertex 2393.853773467936 202.8015368960713 567.9518992833675
  endloop
endfacet
facet normal 1.0 -1.0165228948008008e-14 -5.100684846004504e-15
  outer loop
    vertex 2393.853773467936 202.8015368960713 567.9518992833675
    vertex 2393.853773467936 183.97395054945665 567.6619999999947
    vertex 2393.853773467936 202.93671915200147 567.6619999999948
  endloop
endfacet
facet normal 1.0 -1.0165228948008008e-14 -5.100684846004504e-15
  outer loop
    vertex 2393.8537734679367 208.3682408883353 574.5860387650557
    vertex 2393.8537734679367 220.00000000000068 574.6619999999949
    vertex 2393.8537734679367 207.50000000000074 574.6619999999956
  endloop
endfacet
facet normal 1.0 -1.0165228948008008e-14 -5.100684846004504e-15
  outer loop
    vertex 2393.8537734679367 220.00000000000068 574.6619999999949
    vertex 2393.8537734679367 208.3682408883353 574.5860387650557
    vertex 2393.8537734679367 219.131759111666 574.5860387650569
  endloop
endfacet
facet normal 1.0 -1.0165228948008008e-14 -5.100684846004504e-15
  outer loop
    vertex 2393.8537734679367 219.131759111666 574.5860387650569
    vertex 2393.8537734679367 208.3682408883353 574.5860387650557
    vertex 2393.8537734679367 218.28989928337245 574.3604631039237
  endloop
endfacet
facet normal 1.0 -1.0165228948008008e-14 -5.100684846004504e-15
  outer loop
    vertex 2393.8537734679367 218.28989928337245 574.3604631039237
    vertex 2393.8537734679367 208.3682408883353 574.5860387650557
    vertex 2393.853773467936 209.21010071662909 574.3604631039248
  endloop
endfacet
facet normal 1.0 -1.0165228948008008e-14 -5.100684846004504e-15
  outer loop
    vertex 2393.8537734679367 218.28989928337245 574.3604631039237
    vertex 2393.853773467936 209.21010071662909 574.3604631039248
    vertex 2393.853773467936 210.00000000000065 573.9921270189178
  endloop
endfacet
facet normal 1.0 -1.0165228948008008e-14 -5.100684846004504e-15
  outer loop
    vertex 2393.8537734679367 218.28989928337245 574.3604631039237
    vertex 2393.853773467936 210.00000000000065 573.9921270189178
    vertex 2393.8537734679367 217.50000000000088 573.9921270189172
  endloop
endfacet
facet normal 1.0 -1.0165228948008008e-14 -5.100684846004504e-15
  outer loop
    vertex 2393.8537734679367 217.50000000000088 573.9921270189172
    vertex 2393.853773467936 210.00000000000065 573.9921270189178
    vertex 2393.853773467936 210.71393804843353 573.4922222155908
  endloop
endfacet
facet normal 1.0 -1.0165228948008008e-14 -5.100684846004504e-15
  outer loop
    vertex 2393.8537734679367 217.50000000000088 573.9921270189172
    vertex 2393.853773467936 210.71393804843353 573.4922222155908
    vertex 2393.8537734679367 216.78606195156775 573.4922222155899
  endloop
endfacet
facet normal 1.0 -1.0165228948008008e-14 -5.100684846004504e-15
  outer loop
    vertex 2393.8537734679367 216.78606195156775 573.4922222155899
    vertex 2393.853773467936 210.71393804843353 573.4922222155908
    vertex 2393.8537734679367 211.33022221559565 572.8759380484275
  endloop
endfacet
facet normal 1.0 -1.0165228948008008e-14 -5.100684846004504e-15
  outer loop
    vertex 2393.8537734679367 216.78606195156775 573.4922222155899
    vertex 2393.8537734679367 211.33022221559565 572.8759380484275
    vertex 2393.8537734679367 216.1697777844059 572.8759380484271
  endloop
endfacet
facet normal 1.0 -1.0165228948008008e-14 -5.100684846004504e-15
  outer loop
    vertex 2393.8537734679367 216.1697777844059 572.8759380484271
    vertex 2393.8537734679367 211.33022221559565 572.8759380484275
    vertex 2393.8537734679367 211.83012701892295 572.1619999999957
  endloop
endfacet
facet normal 1.0 -1.0165228948008008e-14 -5.100684846004504e-15
  outer loop
    vertex 2393.8537734679367 216.1697777844059 572.8759380484271
    vertex 2393.8537734679367 211.83012701892295 572.1619999999957
    vertex 2393.8537734679367 215.66987298107864 572.1619999999951
  endloop
endfacet
facet normal 1.0 -1.0165228948008008e-14 -5.100684846004504e-15
  outer loop
    vertex 2393.8537734679367 215.66987298107864 572.1619999999951
    vertex 2393.8537734679367 211.83012701892295 572.1619999999957
    vertex 2393.8537734679367 212.19846310393032 571.3721007166235
  endloop
endfacet
facet normal 1.0 -1.0165228948008008e-14 -5.100684846004504e-15
  outer loop
    vertex 2393.8537734679367 215.66987298107864 572.1619999999951
    vertex 2393.8537734679367 212.19846310393032 571.3721007166235
    vertex 2393.8537734679367 215.30153689607118 571.3721007166234
  endloop
endfacet
facet normal 1.0 -1.0165228948008008e-14 -5.100684846004504e-15
  outer loop
    vertex 2393.8537734679367 215.30153689607118 571.3721007166234
    vertex 2393.8537734679367 212.19846310393032 571.3721007166235
    vertex 2393.8537734679367 212.42403876506194 570.5302408883298
  endloop
endfacet
facet normal 1.0 -1.0165228948008008e-14 -5.100684846004504e-15
  outer loop
    vertex 2393.8537734679367 215.30153689607118 571.3721007166234
    vertex 2393.8537734679367 212.42403876506194 570.5302408883298
    vertex 2393.8537734679367 215.0759612349395 570.5302408883289
  endloop
endfacet
facet normal 1.0 -1.0165228948008008e-14 -5.100684846004504e-15
  outer loop
    vertex 2393.8537734679367 215.0759612349395 570.5302408883289
    vertex 2393.8537734679367 212.42403876506194 570.5302408883298
    vertex 2393.8537734679367 212.50000000000063 569.6619999999959
  endloop
endfacet
facet normal 1.0 -1.0165228948008008e-14 -5.100684846004504e-15
  outer loop
    vertex 2393.8537734679367 215.0759612349395 570.5302408883289
    vertex 2393.8537734679367 212.50000000000063 569.6619999999959
    vertex 2393.8537734679367 215.00000000000074 569.6619999999946
  endloop
endfacet
facet normal 1.0 -1.0165228948008008e-14 -5.100684846004504e-15
  outer loop
    vertex 2393.8537734679367 215.00000000000074 569.6619999999946
    vertex 2393.8537734679367 212.50000000000063 569.6619999999959
    vertex 2393.8537734679367 212.42403876506194 568.793759111661
  endloop
endfacet
facet normal 1.0 -1.0165228948008008e-14 -5.100684846004504e-15
  outer loop
    vertex 2393.8537734679367 215.00000000000074 569.6619999999946
    vertex 2393.8537734679367 212.42403876506194 568.793759111661
    vertex 2393.8537734679367 215.0759612349395 568.7937591116597
  endloop
endfacet
facet normal 1.0 -1.0165228948008008e-14 -5.100684846004504e-15
  outer loop
    vertex 2393.8537734679367 215.0759612349395 568.7937591116597
    vertex 2393.8537734679367 212.42403876506194 568.793759111661
    vertex 2393.853773467936 212.19846310393032 567.9518992833679
  endloop
endfacet
facet normal 1.0 -1.0165228948008008e-14 -5.100684846004504e-15
  outer loop
    vertex 2393.8537734679367 215.0759612349395 568.7937591116597
    vertex 2393.853773467936 212.19846310393032 567.9518992833679
    vertex 2393.8537734679367 215.30153689607118 567.9518992833662
  endloop
endfacet
facet normal 1.0 -1.0165228948008008e-14 -5.100684846004504e-15
  outer loop
    vertex 2393.8537734679367 215.30153689607118 567.9518992833662
    vertex 2393.853773467936 212.19846310393032 567.9518992833679
    vertex 2393.853773467936 212.06328084799995 567.6619999999949
  endloop
endfacet
facet normal 1.0 -1.0165228948008008e-14 -5.100684846004504e-15
  outer loop
    vertex 2393.8537734679367 215.30153689607118 567.9518992833662
    vertex 2393.853773467936 212.06328084799995 567.6619999999949
    vertex 2393.853773467936 215.4367191520011 567.6619999999946
  endloop
endfacet
facet normal 1.0 -1.0165228948008008e-14 -5.100684846004504e-15
  outer loop
    vertex 2393.8537734679367 226.25000000000082 580.6619999999951
    vertex 2393.8537734679367 224.69846310393055 571.3721007166234
    vertex 2393.8537734679367 226.25000000000088 567.6619999999945
  endloop
endfacet
facet normal 1.0 -1.0165228948008008e-14 -5.100684846004504e-15
  outer loop
    vertex 2393.8537734679367 224.69846310393055 571.3721007166234
    vertex 2393.8537734679367 226.25000000000082 580.6619999999951
    vertex 2393.8537734679367 224.33012701892315 572.1619999999951
  endloop
endfacet
facet normal 1.0 -1.0165228948008008e-14 -5.100684846004504e-15
  outer loop
    vertex 2393.8537734679367 224.33012701892315 572.1619999999951
    vertex 2393.8537734679367 226.25000000000082 580.6619999999951
    vertex 2393.8537734679367 223.8302222155957 572.8759380484271
  endloop
endfacet
facet normal 1.0 -1.0165228948008008e-14 -5.100684846004504e-15
  outer loop
    vertex 2393.8537734679367 223.8302222155957 572.8759380484271
    vertex 2393.8537734679367 226.25000000000082 580.6619999999951
    vertex 2393.853773467936 223.21393804843382 573.4922222155899
  endloop
endfacet
facet normal 1.0 -1.0165228948008008e-14 -5.100684846004504e-15
  outer loop
    vertex 2393.853773467936 223.21393804843382 573.4922222155899
    vertex 2393.8537734679367 226.25000000000082 580.6619999999951
    vertex 2393.853773467936 222.50000000000074 573.9921270189172
  endloop
endfacet
facet normal 1.0 -1.0165228948008008e-14 -5.100684846004504e-15
  outer loop
    vertex 2393.853773467936 222.50000000000074 573.9921270189172
    vertex 2393.8537734679367 226.25000000000082 580.6619999999951
    vertex 2393.8537734679367 221.71010071662917 574.3604631039237
  endloop
endfacet
facet normal 1.0 -1.0165228948008008e-14 -5.100684846004504e-15
  outer loop
    vertex 2393.8537734679367 221.71010071662917 574.3604631039237
    vertex 2393.8537734679367 226.25000000000082 580.6619999999951
    vertex 2393.8537734679367 220.8682408883357 574.5860387650569
  endloop
endfacet
facet normal 1.0 -1.0165228948008008e-14 -5.100684846004504e-15
  outer loop
    vertex 2393.8537734679367 220.8682408883357 574.5860387650569
    vertex 2393.8537734679367 226.25000000000082 580.6619999999951
    vertex 2393.8537734679367 220.00000000000068 574.6619999999949
  endloop
endfacet
facet normal 1.0 -1.0165228948008008e-14 -5.100684846004504e-15
  outer loop
    vertex 2393.8537734679367 220.00000000000068 574.6619999999949
    vertex 2393.8537734679367 226.25000000000082 580.6619999999951
    vertex 2393.8537734679367 207.50000000000074 574.6619999999956
  endloop
endfacet
facet normal 1.0 -1.0165228948008008e-14 -5.100684846004504e-15
  outer loop
    vertex 2393.8537734679367 226.25000000000088 567.6619999999945
    vertex 2393.8537734679367 224.69846310393055 571.3721007166234
    vertex 2393.8537734679367 224.92403876506157 570.5302408883289
  endloop
endfacet
facet normal 1.0 -1.0165228948008008e-14 -5.100684846004504e-15
  outer loop
    vertex 2393.8537734679367 226.25000000000088 567.6619999999945
    vertex 2393.8537734679367 224.92403876506157 570.5302408883289
    vertex 2393.8537734679367 225.0000000000007 569.6619999999946
  endloop
endfacet
facet normal 1.0 -1.0165228948008008e-14 -5.100684846004504e-15
  outer loop
    vertex 2393.8537734679367 226.25000000000088 567.6619999999945
    vertex 2393.8537734679367 225.0000000000007 569.6619999999946
    vertex 2393.8537734679367 224.92403876506157 568.7937591116597
  endloop
endfacet
facet normal 1.0 -1.0165228948008008e-14 -5.100684846004504e-15
  outer loop
    vertex 2393.8537734679367 226.25000000000088 567.6619999999945
    vertex 2393.8537734679367 224.92403876506157 568.7937591116597
    vertex 2393.8537734679367 224.69846310393055 567.9518992833662
  endloop
endfacet
facet normal 1.0 -1.0165228948008008e-14 -5.100684846004504e-15
  outer loop
    vertex 2393.8537734679367 226.25000000000088 567.6619999999945
    vertex 2393.8537734679367 224.69846310393055 567.9518992833662
    vertex 2393.8537734679367 224.56328084800063 567.6619999999944
  endloop
endfacet
facet normal 0.13052619222011935 -4.0222443903715866e-14 0.9914448613738016
  outer loop
    vertex 2373.7037734679375 204.50000000000085 616.6119999999959
    vertex 2373.3026039480283 202.0000000000005 616.6648149692478
    vertex 2373.7037734679375 202.0000000000005 616.6119999999961
  endloop
endfacet
facet normal 0.13052619222011935 -4.0222443903715866e-14 0.9914448613738016
  outer loop
    vertex 2373.3026039480283 202.0000000000005 616.6648149692478
    vertex 2373.7037734679375 204.50000000000085 616.6119999999959
    vertex 2373.3026039480283 204.50000000000085 616.6648149692478
  endloop
endfacet
facet normal -0.13052619222011352 -3.5285894221644887e-14 0.9914448613738023
  outer loop
    vertex 2374.1049429878462 204.50000000000085 616.6648149692478
    vertex 2373.7037734679375 202.0000000000005 616.6119999999961
    vertex 2374.1049429878462 202.00000000000048 616.6648149692478
  endloop
endfacet
facet normal -0.13052619222011352 -3.5285894221644887e-14 0.9914448613738023
  outer loop
    vertex 2373.7037734679375 202.0000000000005 616.6119999999961
    vertex 2374.1049429878462 204.50000000000085 616.6648149692478
    vertex 2373.7037734679375 204.50000000000085 616.6119999999959
  endloop
endfacet
facet normal -0.38268343236508034 -2.7944669161070274e-14 0.9238795325112907
  outer loop
    vertex 2374.4787734679376 204.50000000000085 616.81966062413
    vertex 2374.1049429878462 202.00000000000048 616.6648149692478
    vertex 2374.478773467937 202.00000000000048 616.8196606241302
  endloop
endfacet
facet normal -0.38268343236508034 -2.7944669161070274e-14 0.9238795325112907
  outer loop
    vertex 2374.1049429878462 202.00000000000048 616.6648149692478
    vertex 2374.4787734679376 204.50000000000085 616.81966062413
    vertex 2374.1049429878462 204.50000000000085 616.6648149692478
  endloop
endfacet
facet normal -0.6087614290088008 -1.8699061077912024e-14 0.7933533402911739
  outer loop
    vertex 2374.7997889787766 204.50000000000085 617.0659844891568
    vertex 2374.478773467937 202.00000000000048 616.8196606241302
    vertex 2374.7997889787766 202.00000000000048 617.0659844891568
  endloop
endfacet
facet normal -0.6087614290088008 -1.8699061077912024e-14 0.7933533402911739
  outer loop
    vertex 2374.478773467937 202.00000000000048 616.8196606241302
    vertex 2374.7997889787766 204.50000000000085 617.0659844891568
    vertex 2374.4787734679376 204.50000000000085 616.81966062413
  endloop
endfacet
facet normal -0.7933533402911953 -8.179142883964103e-15 0.6087614290087727
  outer loop
    vertex 2374.7997889787766 204.50000000000085 617.0659844891568
    vertex 2375.0461128438033 202.0000000000004 617.3869999999959
    vertex 2375.0461128438033 204.50000000000085 617.3869999999959
  endloop
endfacet
facet normal -0.7933533402911953 -8.179142883964103e-15 0.6087614290087727
  outer loop
    vertex 2375.0461128438033 202.0000000000004 617.3869999999959
    vertex 2374.7997889787766 204.50000000000085 617.0659844891568
    vertex 2374.7997889787766 202.00000000000048 617.0659844891568
  endloop
endfacet
facet normal -0.9238795325112559 2.8981703808589735e-15 0.3826834323651646
  outer loop
    vertex 2375.200958498686 204.50000000000085 617.760830480087
    vertex 2375.0461128438033 202.0000000000004 617.3869999999959
    vertex 2375.2009584986854 202.00000000000037 617.7608304800871
  endloop
endfacet
facet normal -0.9238795325112559 2.8981703808589735e-15 0.3826834323651646
  outer loop
    vertex 2375.0461128438033 202.0000000000004 617.3869999999959
    vertex 2375.200958498686 204.50000000000085 617.760830480087
    vertex 2375.0461128438033 204.50000000000085 617.3869999999959
  endloop
endfacet
facet normal -0.9914448613738054 1.3777978123681837e-14 0.13052619222009051
  outer loop
    vertex 2375.2537734679377 204.50000000000085 618.1619999999958
    vertex 2375.2009584986854 202.00000000000037 617.7608304800871
    vertex 2375.2537734679377 202.00000000000037 618.161999999996
  endloop
endfacet
facet normal -0.9914448613738054 1.3777978123681837e-14 0.13052619222009051
  outer loop
    vertex 2375.2009584986854 202.00000000000037 617.7608304800871
    vertex 2375.2537734679377 204.50000000000085 618.1619999999958
    vertex 2375.200958498686 204.50000000000085 617.760830480087
  endloop
endfacet
facet normal -0.991444861373806 2.371883942656199e-14 -0.13052619222008469
  outer loop
    vertex 2375.200958498686 204.5000000000009 618.5631695199048
    vertex 2375.2537734679377 202.00000000000037 618.161999999996
    vertex 2375.2009584986854 202.00000000000037 618.563169519905
  endloop
endfacet
facet normal -0.991444861373806 2.371883942656199e-14 -0.13052619222008469
  outer loop
    vertex 2375.2537734679377 202.00000000000037 618.161999999996
    vertex 2375.200958498686 204.5000000000009 618.5631695199048
    vertex 2375.2537734679377 204.50000000000085 618.1619999999958
  endloop
endfacet
facet normal -0.9238795325112581 3.204330101975565e-14 -0.38268343236515917
  outer loop
    vertex 2375.200958498686 204.5000000000009 618.5631695199048
    vertex 2375.0461128438033 202.00000000000034 618.9369999999959
    vertex 2375.0461128438033 204.50000000000082 618.9369999999959
  endloop
endfacet
facet normal -0.9238795325112581 3.204330101975565e-14 -0.38268343236515917
  outer loop
    vertex 2375.0461128438033 202.00000000000034 618.9369999999959
    vertex 2375.200958498686 204.5000000000009 618.5631695199048
    vertex 2375.2009584986854 202.00000000000037 618.563169519905
  endloop
endfacet
facet normal -0.7933533402911989 3.81840646025099e-14 -0.6087614290087681
  outer loop
    vertex 2375.0461128438033 204.50000000000082 618.9369999999959
    vertex 2374.7997889787766 202.00000000000034 619.258015510835
    vertex 2374.7997889787766 204.50000000000082 619.258015510835
  endloop
endfacet
facet normal -0.7933533402911989 3.81840646025099e-14 -0.6087614290087681
  outer loop
    vertex 2374.7997889787766 202.00000000000034 619.258015510835
    vertex 2375.0461128438033 204.50000000000082 618.9369999999959
    vertex 2375.0461128438033 202.00000000000034 618.9369999999959
  endloop
endfacet
facet normal -0.6087614290088055 4.172264728475248e-14 -0.7933533402911703
  outer loop
    vertex 2374.4787734679376 204.50000000000082 619.5043393758617
    vertex 2374.7997889787766 202.00000000000034 619.258015510835
    vertex 2374.4787734679376 202.00000000000034 619.504339375862
  endloop
endfacet
facet normal -0.6087614290088055 4.172264728475248e-14 -0.7933533402911703
  outer loop
    vertex 2374.7997889787766 202.00000000000034 619.258015510835
    vertex 2374.4787734679376 204.50000000000082 619.5043393758617
    vertex 2374.7997889787766 204.50000000000082 619.258015510835
  endloop
endfacet
facet normal -0.3826834323650858 4.241790050447668e-14 -0.9238795325112885
  outer loop
    vertex 2374.1049429878462 202.0000000000004 619.659185030744
    vertex 2374.4787734679376 204.50000000000082 619.5043393758617
    vertex 2374.4787734679376 202.00000000000034 619.504339375862
  endloop
endfacet
facet normal -0.3826834323650858 4.241790050447668e-14 -0.9238795325112885
  outer loop
    vertex 2374.4787734679376 204.50000000000082 619.5043393758617
    vertex 2374.1049429878462 202.0000000000004 619.659185030744
    vertex 2374.1049429878462 204.50000000000082 619.659185030744
  endloop
endfacet
facet normal -0.13052619222011935 4.0222443903715866e-14 -0.9914448613738016
  outer loop
    vertex 2373.7037734679375 204.50000000000082 619.7119999999959
    vertex 2374.1049429878462 202.0000000000004 619.659185030744
    vertex 2373.7037734679375 202.0000000000004 619.711999999996
  endloop
endfacet
facet normal -0.13052619222011935 4.0222443903715866e-14 -0.9914448613738016
  outer loop
    vertex 2374.1049429878462 202.0000000000004 619.659185030744
    vertex 2373.7037734679375 204.50000000000082 619.7119999999959
    vertex 2374.1049429878462 204.50000000000082 619.659185030744
  endloop
endfacet
facet normal 0.13052619222011352 3.5285894221644887e-14 -0.9914448613738023
  outer loop
    vertex 2373.3026039480283 204.50000000000082 619.659185030744
    vertex 2373.7037734679375 202.0000000000004 619.711999999996
    vertex 2373.3026039480283 202.00000000000034 619.659185030744
  endloop
endfacet
facet normal 0.13052619222011352 3.5285894221644887e-14 -0.9914448613738023
  outer loop
    vertex 2373.7037734679375 202.0000000000004 619.711999999996
    vertex 2373.3026039480283 204.50000000000082 619.659185030744
    vertex 2373.7037734679375 204.50000000000082 619.7119999999959
  endloop
endfacet
facet normal 0.38268343236508034 2.7944669161070274e-14 -0.9238795325112907
  outer loop
    vertex 2372.928773467938 204.50000000000082 619.5043393758617
    vertex 2373.3026039480283 202.00000000000034 619.659185030744
    vertex 2372.928773467938 202.00000000000034 619.504339375862
  endloop
endfacet
facet normal 0.38268343236508034 2.7944669161070274e-14 -0.9238795325112907
  outer loop
    vertex 2373.3026039480283 202.00000000000034 619.659185030744
    vertex 2372.928773467938 204.50000000000082 619.5043393758617
    vertex 2373.3026039480283 204.50000000000082 619.659185030744
  endloop
endfacet
facet normal 0.6087614290088008 1.8699061077912024e-14 -0.7933533402911739
  outer loop
    vertex 2372.6077579570983 202.00000000000043 619.258015510835
    vertex 2372.928773467938 204.50000000000082 619.5043393758617
    vertex 2372.928773467938 202.00000000000034 619.504339375862
  endloop
endfacet
facet normal 0.6087614290088008 1.8699061077912024e-14 -0.7933533402911739
  outer loop
    vertex 2372.928773467938 204.50000000000082 619.5043393758617
    vertex 2372.6077579570983 202.00000000000043 619.258015510835
    vertex 2372.6077579570983 204.50000000000077 619.258015510835
  endloop
endfacet
facet normal 0.7933533402911953 8.179142883964103e-15 -0.6087614290087727
  outer loop
    vertex 2372.3614340920717 202.00000000000043 618.9369999999959
    vertex 2372.6077579570983 204.50000000000077 619.258015510835
    vertex 2372.6077579570983 202.00000000000043 619.258015510835
  endloop
endfacet
facet normal 0.7933533402911953 8.179142883964103e-15 -0.6087614290087727
  outer loop
    vertex 2372.6077579570983 204.50000000000077 619.258015510835
    vertex 2372.3614340920717 202.00000000000043 618.9369999999959
    vertex 2372.3614340920717 204.50000000000085 618.9369999999959
  endloop
endfacet
facet normal 0.9238795325112559 -2.8981703808589735e-15 -0.3826834323651646
  outer loop
    vertex 2372.206588437189 202.00000000000043 618.563169519905
    vertex 2372.3614340920717 204.50000000000085 618.9369999999959
    vertex 2372.3614340920717 202.00000000000043 618.9369999999959
  endloop
endfacet
facet normal 0.9238795325112559 -2.8981703808589735e-15 -0.3826834323651646
  outer loop
    vertex 2372.3614340920717 204.50000000000085 618.9369999999959
    vertex 2372.206588437189 202.00000000000043 618.563169519905
    vertex 2372.2065884371896 204.50000000000085 618.5631695199048
  endloop
endfacet
facet normal 0.9914448613738054 -1.3777978123681837e-14 -0.13052619222009051
  outer loop
    vertex 2372.1537734679373 202.00000000000043 618.161999999996
    vertex 2372.2065884371896 204.50000000000085 618.5631695199048
    vertex 2372.206588437189 202.00000000000043 618.563169519905
  endloop
endfacet
facet normal 0.9914448613738054 -1.3777978123681837e-14 -0.13052619222009051
  outer loop
    vertex 2372.2065884371896 204.50000000000085 618.5631695199048
    vertex 2372.1537734679373 202.00000000000043 618.161999999996
    vertex 2372.1537734679373 204.5000000000009 618.1619999999958
  endloop
endfacet
facet normal 0.991444861373806 -2.371883942656199e-14 0.13052619222008469
  outer loop
    vertex 2372.206588437189 202.00000000000043 617.7608304800871
    vertex 2372.1537734679373 204.5000000000009 618.1619999999958
    vertex 2372.1537734679373 202.00000000000043 618.161999999996
  endloop
endfacet
facet normal 0.991444861373806 -2.371883942656199e-14 0.13052619222008469
  outer loop
    vertex 2372.1537734679373 204.5000000000009 618.1619999999958
    vertex 2372.206588437189 202.00000000000043 617.7608304800871
    vertex 2372.2065884371896 204.5000000000009 617.760830480087
  endloop
endfacet
facet normal 0.9238795325112581 -3.204330101975565e-14 0.38268343236515917
  outer loop
    vertex 2372.3614340920717 202.0000000000005 617.3869999999959
    vertex 2372.2065884371896 204.5000000000009 617.760830480087
    vertex 2372.206588437189 202.00000000000043 617.7608304800871
  endloop
endfacet
facet normal 0.9238795325112581 -3.204330101975565e-14 0.38268343236515917
  outer loop
    vertex 2372.2065884371896 204.5000000000009 617.760830480087
    vertex 2372.3614340920717 202.0000000000005 617.3869999999959
    vertex 2372.3614340920717 204.5000000000009 617.3869999999959
  endloop
endfacet
facet normal 0.7933533402911989 -3.81840646025099e-14 0.6087614290087681
  outer loop
    vertex 2372.6077579570983 202.0000000000005 617.0659844891568
    vertex 2372.3614340920717 204.5000000000009 617.3869999999959
    vertex 2372.3614340920717 202.0000000000005 617.3869999999959
  endloop
endfacet
facet normal 0.7933533402911989 -3.81840646025099e-14 0.6087614290087681
  outer loop
    vertex 2372.3614340920717 204.5000000000009 617.3869999999959
    vertex 2372.6077579570983 202.0000000000005 617.0659844891568
    vertex 2372.6077579570983 204.5000000000009 617.0659844891568
  endloop
endfacet
facet normal 0.6087614290088055 -4.172264728475248e-14 0.7933533402911703
  outer loop
    vertex 2372.928773467938 204.50000000000097 616.81966062413
    vertex 2372.6077579570983 202.0000000000005 617.0659844891568
    vertex 2372.9287734679374 202.0000000000005 616.8196606241302
  endloop
endfacet
facet normal 0.6087614290088055 -4.172264728475248e-14 0.7933533402911703
  outer loop
    vertex 2372.6077579570983 202.0000000000005 617.0659844891568
    vertex 2372.928773467938 204.50000000000097 616.81966062413
    vertex 2372.6077579570983 204.5000000000009 617.0659844891568
  endloop
endfacet
facet normal 0.3826834323650858 -4.241790050447668e-14 0.9238795325112885
  outer loop
    vertex 2373.3026039480283 204.50000000000085 616.6648149692478
    vertex 2372.9287734679374 202.0000000000005 616.8196606241302
    vertex 2373.3026039480283 202.0000000000005 616.6648149692478
  endloop
endfacet
facet normal 0.3826834323650858 -4.241790050447668e-14 0.9238795325112885
  outer loop
    vertex 2372.9287734679374 202.0000000000005 616.8196606241302
    vertex 2373.3026039480283 204.50000000000085 616.6648149692478
    vertex 2372.928773467938 204.50000000000097 616.81966062413
  endloop
endfacet
facet normal -0.13052619222011935 8.032965200666711e-15 -0.9914448613738016
  outer loop
    vertex 2373.703773467937 202.00000000000068 594.711999999996
    vertex 2374.1049429878462 204.500000000001 594.6591850307439
    vertex 2374.1049429878462 202.00000000000063 594.6591850307439
  endloop
endfacet
facet normal -0.13052619222011935 8.032965200666711e-15 -0.9914448613738016
  outer loop
    vertex 2374.1049429878462 204.500000000001 594.6591850307439
    vertex 2373.703773467937 202.00000000000068 594.711999999996
    vertex 2373.703773467937 204.500000000001 594.7119999999958
  endloop
endfacet
facet normal 0.13052619222011352 4.1932454075883024e-15 -0.9914448613738023
  outer loop
    vertex 2373.3026039480283 204.50000000000105 594.6591850307439
    vertex 2373.703773467937 202.00000000000068 594.711999999996
    vertex 2373.3026039480283 202.00000000000065 594.6591850307439
  endloop
endfacet
facet normal 0.13052619222011352 4.1932454075883024e-15 -0.9914448613738023
  outer loop
    vertex 2373.703773467937 202.00000000000068 594.711999999996
    vertex 2373.3026039480283 204.50000000000105 594.6591850307439
    vertex 2373.703773467937 204.500000000001 594.7119999999958
  endloop
endfacet
facet normal 0.38268343236508034 6.776286965139252e-17 -0.9238795325112907
  outer loop
    vertex 2372.928773467937 204.50000000000108 594.5043393758616
    vertex 2373.3026039480283 202.00000000000065 594.6591850307439
    vertex 2372.928773467937 202.00000000000065 594.5043393758618
  endloop
endfacet
facet normal 0.38268343236508034 6.776286965139252e-17 -0.9238795325112907
  outer loop
    vertex 2373.3026039480283 202.00000000000065 594.6591850307439
    vertex 2372.928773467937 204.50000000000108 594.5043393758616
    vertex 2373.3026039480283 204.50000000000105 594.6591850307439
  endloop
endfacet
facet normal 0.6087614290085199 -4.062337595866199e-15 -0.7933533402913892
  outer loop
    vertex 2372.607757957098 204.50000000000105 594.258015510835
    vertex 2372.928773467937 202.00000000000065 594.5043393758618
    vertex 2372.607757957098 202.00000000000065 594.2580155108352
  endloop
endfacet
facet normal 0.6087614290085199 -4.062337595866199e-15 -0.7933533402913892
  outer loop
    vertex 2372.928773467937 202.00000000000065 594.5043393758618
    vertex 2372.607757957098 204.50000000000105 594.258015510835
    vertex 2372.928773467937 204.50000000000108 594.5043393758616
  endloop
endfacet
facet normal 0.7933533402912528 -7.915596467563573e-15 -0.6087614290086977
  outer loop
    vertex 2372.3614340920712 202.00000000000065 593.9369999999958
    vertex 2372.607757957098 204.50000000000105 594.258015510835
    vertex 2372.607757957098 202.00000000000065 594.2580155108352
  endloop
endfacet
facet normal 0.7933533402912528 -7.915596467563573e-15 -0.6087614290086977
  outer loop
    vertex 2372.607757957098 204.50000000000105 594.258015510835
    vertex 2372.3614340920712 202.00000000000065 593.9369999999958
    vertex 2372.3614340920712 204.50000000000105 593.9369999999958
  endloop
endfacet
facet normal 0.9238795325112559 -1.1229420521132563e-14 -0.3826834323651646
  outer loop
    vertex 2372.2065884371887 202.00000000000065 593.5631695199049
    vertex 2372.3614340920712 204.50000000000105 593.9369999999958
    vertex 2372.3614340920712 202.00000000000065 593.9369999999958
  endloop
endfacet
facet normal 0.9238795325112559 -1.1229420521132563e-14 -0.3826834323651646
  outer loop
    vertex 2372.3614340920712 204.50000000000105 593.9369999999958
    vertex 2372.2065884371887 202.00000000000065 593.5631695199049
    vertex 2372.2065884371887 204.50000000000105 593.5631695199047
  endloop
endfacet
facet normal 0.9914448613738054 -1.377797812368306e-14 -0.13052619222009051
  outer loop
    vertex 2372.1537734679373 202.00000000000065 593.1619999999959
    vertex 2372.2065884371887 204.50000000000105 593.5631695199047
    vertex 2372.2065884371887 202.00000000000065 593.5631695199049
  endloop
endfacet
facet normal 0.9914448613738054 -1.377797812368306e-14 -0.13052619222009051
  outer loop
    vertex 2372.2065884371887 204.50000000000105 593.5631695199047
    vertex 2372.1537734679373 202.00000000000065 593.1619999999959
    vertex 2372.1537734679373 204.50000000000105 593.1619999999958
  endloop
endfacet
facet normal 0.9914448613738275 -1.5387589286289124e-14 0.1305261922199232
  outer loop
    vertex 2372.2065884371887 202.00000000000065 592.760830480087
    vertex 2372.1537734679373 204.50000000000105 593.1619999999958
    vertex 2372.1537734679373 202.00000000000065 593.1619999999959
  endloop
endfacet
facet normal 0.9914448613738275 -1.5387589286289124e-14 0.1305261922199232
  outer loop
    vertex 2372.1537734679373 204.50000000000105 593.1619999999958
    vertex 2372.2065884371887 202.00000000000065 592.760830480087
    vertex 2372.2065884371887 204.50000000000105 592.760830480087
  endloop
endfacet
facet normal 0.9238795325113233 -1.5948561668228937e-14 0.3826834323650014
  outer loop
    vertex 2372.361434092071 202.00000000000065 592.3869999999957
    vertex 2372.2065884371887 204.50000000000105 592.760830480087
    vertex 2372.2065884371887 202.00000000000065 592.760830480087
  endloop
endfacet
facet normal 0.9238795325113233 -1.5948561668228937e-14 0.3826834323650014
  outer loop
    vertex 2372.2065884371887 204.50000000000105 592.760830480087
    vertex 2372.361434092071 202.00000000000065 592.3869999999957
    vertex 2372.361434092071 204.50000000000105 592.3869999999957
  endloop
endfacet
facet normal 0.7933533402911989 -1.54226659287225e-14 0.6087614290087681
  outer loop
    vertex 2372.607757957098 202.00000000000065 592.0659844891567
    vertex 2372.361434092071 204.50000000000105 592.3869999999957
    vertex 2372.361434092071 202.00000000000065 592.3869999999957
  endloop
endfacet
facet normal 0.7933533402911989 -1.54226659287225e-14 0.6087614290087681
  outer loop
    vertex 2372.361434092071 204.50000000000105 592.3869999999957
    vertex 2372.607757957098 202.00000000000065 592.0659844891567
    vertex 2372.607757957098 204.50000000000105 592.0659844891567
  endloop
endfacet
facet normal 0.6087614290088055 -1.3845740993335453e-14 0.7933533402911703
  outer loop
    vertex 2372.928773467937 204.50000000000108 591.8196606241299
    vertex 2372.607757957098 202.00000000000065 592.0659844891567
    vertex 2372.928773467937 202.00000000000065 591.8196606241302
  endloop
endfacet
facet normal 0.6087614290088055 -1.3845740993335453e-14 0.7933533402911703
  outer loop
    vertex 2372.607757957098 202.00000000000065 592.0659844891567
    vertex 2372.928773467937 204.50000000000108 591.8196606241299
    vertex 2372.607757957098 204.50000000000105 592.0659844891567
  endloop
endfacet
facet normal 0.3826834323650858 -1.1325251690419521e-14 0.9238795325112885
  outer loop
    vertex 2373.3026039480283 204.50000000000108 591.6648149692478
    vertex 2372.928773467937 202.00000000000065 591.8196606241302
    vertex 2373.3026039480283 202.00000000000065 591.6648149692478
  endloop
endfacet
facet normal 0.3826834323650858 -1.1325251690419521e-14 0.9238795325112885
  outer loop
    vertex 2372.928773467937 202.00000000000065 591.8196606241302
    vertex 2373.3026039480283 204.50000000000108 591.6648149692478
    vertex 2372.928773467937 204.50000000000108 591.8196606241299
  endloop
endfacet
facet normal 0.13052619222011935 -8.032965200666711e-15 0.9914448613738016
  outer loop
    vertex 2373.7037734679366 202.0000000000007 591.611999999996
    vertex 2373.3026039480283 204.50000000000108 591.6648149692478
    vertex 2373.3026039480283 202.00000000000065 591.6648149692478
  endloop
endfacet
facet normal 0.13052619222011935 -8.032965200666711e-15 0.9914448613738016
  outer loop
    vertex 2373.3026039480283 204.50000000000108 591.6648149692478
    vertex 2373.7037734679366 202.0000000000007 591.611999999996
    vertex 2373.7037734679366 204.50000000000108 591.6119999999958
  endloop
endfacet
facet normal -0.13052619222011352 -4.1932454075883024e-15 0.9914448613738023
  outer loop
    vertex 2374.104942987846 204.50000000000108 591.6648149692478
    vertex 2373.7037734679366 202.0000000000007 591.611999999996
    vertex 2374.104942987846 202.00000000000065 591.6648149692478
  endloop
endfacet
facet normal -0.13052619222011352 -4.1932454075883024e-15 0.9914448613738023
  outer loop
    vertex 2373.7037734679366 202.0000000000007 591.611999999996
    vertex 2374.104942987846 204.50000000000108 591.6648149692478
    vertex 2373.7037734679366 204.50000000000108 591.6119999999958
  endloop
endfacet
facet normal -0.38268343236508034 -6.776286965139252e-17 0.9238795325112907
  outer loop
    vertex 2374.478773467937 204.500000000001 591.8196606241299
    vertex 2374.104942987846 202.00000000000065 591.6648149692478
    vertex 2374.478773467937 202.00000000000065 591.8196606241302
  endloop
endfacet
facet normal -0.38268343236508034 -6.776286965139252e-17 0.9238795325112907
  outer loop
    vertex 2374.104942987846 202.00000000000065 591.6648149692478
    vertex 2374.478773467937 204.500000000001 591.8196606241299
    vertex 2374.104942987846 204.50000000000108 591.6648149692478
  endloop
endfacet
facet normal -0.6087614290085199 4.062337595866199e-15 0.7933533402913892
  outer loop
    vertex 2374.799788978776 204.500000000001 592.0659844891566
    vertex 2374.478773467937 202.00000000000065 591.8196606241302
    vertex 2374.799788978776 202.00000000000065 592.0659844891567
  endloop
endfacet
facet normal -0.6087614290085199 4.062337595866199e-15 0.7933533402913892
  outer loop
    vertex 2374.478773467937 202.00000000000065 591.8196606241302
    vertex 2374.799788978776 204.500000000001 592.0659844891566
    vertex 2374.478773467937 204.500000000001 591.8196606241299
  endloop
endfacet
facet normal -0.7933533402912528 7.915596467563573e-15 0.6087614290086977
  outer loop
    vertex 2374.799788978776 204.500000000001 592.0659844891566
    vertex 2375.046112843803 202.00000000000063 592.3869999999957
    vertex 2375.046112843803 204.500000000001 592.3869999999957
  endloop
endfacet
facet normal -0.7933533402912528 7.915596467563573e-15 0.6087614290086977
  outer loop
    vertex 2375.046112843803 202.00000000000063 592.3869999999957
    vertex 2374.799788978776 204.500000000001 592.0659844891566
    vertex 2374.799788978776 202.00000000000065 592.0659844891567
  endloop
endfacet
facet normal -0.9238795325112559 1.1229420521132563e-14 0.3826834323651646
  outer loop
    vertex 2375.200958498685 204.500000000001 592.7608304800868
    vertex 2375.046112843803 202.00000000000063 592.3869999999957
    vertex 2375.200958498685 202.00000000000063 592.760830480087
  endloop
endfacet
facet normal -0.9238795325112559 1.1229420521132563e-14 0.3826834323651646
  outer loop
    vertex 2375.046112843803 202.00000000000063 592.3869999999957
    vertex 2375.200958498685 204.500000000001 592.7608304800868
    vertex 2375.046112843803 204.500000000001 592.3869999999957
  endloop
endfacet
facet normal -0.9914448613738054 1.377797812368306e-14 0.13052619222009051
  outer loop
    vertex 2375.253773467937 204.500000000001 593.1619999999958
    vertex 2375.200958498685 202.00000000000063 592.760830480087
    vertex 2375.253773467937 202.00000000000063 593.1619999999959
  endloop
endfacet
facet normal -0.9914448613738054 1.377797812368306e-14 0.13052619222009051
  outer loop
    vertex 2375.200958498685 202.00000000000063 592.760830480087
    vertex 2375.253773467937 204.500000000001 593.1619999999958
    vertex 2375.200958498685 204.500000000001 592.7608304800868
  endloop
endfacet
facet normal -0.9914448613738275 1.5387589286289124e-14 -0.1305261922199232
  outer loop
    vertex 2375.253773467937 204.500000000001 593.1619999999958
    vertex 2375.200958498685 202.00000000000063 593.5631695199046
    vertex 2375.200958498685 204.500000000001 593.5631695199046
  endloop
endfacet
facet normal -0.9914448613738275 1.5387589286289124e-14 -0.1305261922199232
  outer loop
    vertex 2375.200958498685 202.00000000000063 593.5631695199046
    vertex 2375.253773467937 204.500000000001 593.1619999999958
    vertex 2375.253773467937 202.00000000000063 593.1619999999959
  endloop
endfacet
facet normal -0.9238795325113233 1.5948561668228937e-14 -0.3826834323650014
  outer loop
    vertex 2375.200958498685 204.500000000001 593.5631695199046
    vertex 2375.046112843803 202.00000000000063 593.9369999999958
    vertex 2375.046112843803 204.500000000001 593.9369999999958
  endloop
endfacet
facet normal -0.9238795325113233 1.5948561668228937e-14 -0.3826834323650014
  outer loop
    vertex 2375.046112843803 202.00000000000063 593.9369999999958
    vertex 2375.200958498685 204.500000000001 593.5631695199046
    vertex 2375.200958498685 202.00000000000063 593.5631695199046
  endloop
endfacet
facet normal -0.7933533402911989 1.54226659287225e-14 -0.6087614290087681
  outer loop
    vertex 2375.046112843803 204.500000000001 593.9369999999958
    vertex 2374.799788978776 202.00000000000063 594.2580155108349
    vertex 2374.799788978776 204.500000000001 594.2580155108349
  endloop
endfacet
facet normal -0.7933533402911989 1.54226659287225e-14 -0.6087614290087681
  outer loop
    vertex 2374.799788978776 202.00000000000063 594.2580155108349
    vertex 2375.046112843803 204.500000000001 593.9369999999958
    vertex 2375.046112843803 202.00000000000063 593.9369999999958
  endloop
endfacet
facet normal -0.6087614290088055 1.3845740993335453e-14 -0.7933533402911703
  outer loop
    vertex 2374.478773467937 204.500000000001 594.5043393758616
    vertex 2374.799788978776 202.00000000000063 594.2580155108349
    vertex 2374.478773467937 202.00000000000063 594.5043393758618
  endloop
endfacet
facet normal -0.6087614290088055 1.3845740993335453e-14 -0.7933533402911703
  outer loop
    vertex 2374.799788978776 202.00000000000063 594.2580155108349
    vertex 2374.478773467937 204.500000000001 594.5043393758616
    vertex 2374.799788978776 204.500000000001 594.2580155108349
  endloop
endfacet
facet normal -0.3826834323650858 1.1325251690419521e-14 -0.9238795325112885
  outer loop
    vertex 2374.1049429878462 204.500000000001 594.6591850307439
    vertex 2374.478773467937 202.00000000000063 594.5043393758618
    vertex 2374.1049429878462 202.00000000000063 594.6591850307439
  endloop
endfacet
facet normal -0.3826834323650858 1.1325251690419521e-14 -0.9238795325112885
  outer loop
    vertex 2374.478773467937 202.00000000000063 594.5043393758618
    vertex 2374.1049429878462 204.500000000001 594.6591850307439
    vertex 2374.478773467937 204.500000000001 594.5043393758616
  endloop
endfacet
facet normal 1.4708617970725745e-14 1.0 6.1658550488191546e-15
  outer loop
    vertex 2373.7037734679375 204.5000000000009 621.3119999999959
    vertex 2370.9757934460167 204.5000000000009 616.5869999999959
    vertex 2370.9757934460167 204.50000000000097 619.7369999999959
  endloop
endfacet
facet normal 1.4708617970725745e-14 1.0 6.1658550488191546e-15
  outer loop
    vertex 2370.9757934460167 204.5000000000009 616.5869999999959
    vertex 2373.7037734679375 204.5000000000009 621.3119999999959
    vertex 2372.3614340920717 204.50000000000085 618.9369999999959
  endloop
endfacet
facet normal 1.4708617970725745e-14 1.0 6.1658550488191546e-15
  outer loop
    vertex 2370.9757934460167 204.5000000000009 616.5869999999959
    vertex 2372.3614340920717 204.50000000000085 618.9369999999959
    vertex 2372.2065884371896 204.50000000000085 618.5631695199048
  endloop
endfacet
facet normal 1.4708617970725745e-14 1.0 6.1658550488191546e-15
  outer loop
    vertex 2370.9757934460167 204.5000000000009 616.5869999999959
    vertex 2372.2065884371896 204.50000000000085 618.5631695199048
    vertex 2372.1537734679373 204.5000000000009 618.1619999999958
  endloop
endfacet
facet normal 1.4708617970725745e-14 1.0 6.1658550488191546e-15
  outer loop
    vertex 2372.3614340920717 204.50000000000085 618.9369999999959
    vertex 2373.7037734679375 204.5000000000009 621.3119999999959
    vertex 2372.6077579570983 204.50000000000077 619.258015510835
  endloop
endfacet
facet normal 1.4708617970725745e-14 1.0 6.1658550488191546e-15
  outer loop
    vertex 2372.6077579570983 204.50000000000077 619.258015510835
    vertex 2373.7037734679375 204.5000000000009 621.3119999999959
    vertex 2372.928773467938 204.50000000000082 619.5043393758617
  endloop
endfacet
facet normal 1.4708617970725745e-14 1.0 6.1658550488191546e-15
  outer loop
    vertex 2372.928773467938 204.50000000000082 619.5043393758617
    vertex 2373.7037734679375 204.5000000000009 621.3119999999959
    vertex 2373.3026039480283 204.50000000000082 619.659185030744
  endloop
endfacet
facet normal 1.4708617970725745e-14 1.0 6.1658550488191546e-15
  outer loop
    vertex 2373.3026039480283 204.50000000000082 619.659185030744
    vertex 2373.7037734679375 204.5000000000009 621.3119999999959
    vertex 2373.7037734679375 204.50000000000082 619.7119999999959
  endloop
endfacet
facet normal 1.4708617970725745e-14 1.0 6.1658550488191546e-15
  outer loop
    vertex 2373.7037734679375 204.50000000000082 619.7119999999959
    vertex 2373.7037734679375 204.5000000000009 621.3119999999959
    vertex 2376.4317534898587 204.50000000000085 619.7369999999961
  endloop
endfacet
facet normal 1.4708617970725745e-14 1.0 6.1658550488191546e-15
  outer loop
    vertex 2373.7037734679375 204.50000000000082 619.7119999999959
    vertex 2376.4317534898587 204.50000000000085 619.7369999999961
    vertex 2374.1049429878462 204.50000000000082 619.659185030744
  endloop
endfacet
facet normal 1.4708617970725745e-14 1.0 6.1658550488191546e-15
  outer loop
    vertex 2374.1049429878462 204.50000000000082 619.659185030744
    vertex 2376.4317534898587 204.50000000000085 619.7369999999961
    vertex 2374.4787734679376 204.50000000000082 619.5043393758617
  endloop
endfacet
facet normal 1.4708617970725745e-14 1.0 6.1658550488191546e-15
  outer loop
    vertex 2374.4787734679376 204.50000000000082 619.5043393758617
    vertex 2376.4317534898587 204.50000000000085 619.7369999999961
    vertex 2374.7997889787766 204.50000000000082 619.258015510835
  endloop
endfacet
facet normal 1.4708617970725745e-14 1.0 6.1658550488191546e-15
  outer loop
    vertex 2374.7997889787766 204.50000000000082 619.258015510835
    vertex 2376.4317534898587 204.50000000000085 619.7369999999961
    vertex 2375.0461128438033 204.50000000000082 618.9369999999959
  endloop
endfacet
facet normal 1.4708617970725745e-14 1.0 6.1658550488191546e-15
  outer loop
    vertex 2375.0461128438033 204.50000000000082 618.9369999999959
    vertex 2376.4317534898587 204.50000000000085 619.7369999999961
    vertex 2375.200958498686 204.5000000000009 618.5631695199048
  endloop
endfacet
facet normal 1.4708617970725745e-14 1.0 6.1658550488191546e-15
  outer loop
    vertex 2375.200958498686 204.5000000000009 618.5631695199048
    vertex 2376.4317534898587 204.50000000000085 619.7369999999961
    vertex 2375.2537734679377 204.50000000000085 618.1619999999958
  endloop
endfacet
facet normal 1.4708617970725745e-14 1.0 6.1658550488191546e-15
  outer loop
    vertex 2370.9757934460167 204.5000000000009 616.5869999999959
    vertex 2372.3614340920717 204.5000000000009 617.3869999999959
    vertex 2373.7037734679375 204.50000000000097 615.0119999999959
  endloop
endfacet
facet normal 1.4708617970725745e-14 1.0 6.1658550488191546e-15
  outer loop
    vertex 2372.3614340920717 204.5000000000009 617.3869999999959
    vertex 2370.9757934460167 204.5000000000009 616.5869999999959
    vertex 2372.2065884371896 204.5000000000009 617.760830480087
  endloop
endfacet
facet normal 1.4708617970725745e-14 1.0 6.1658550488191546e-15
  outer loop
    vertex 2372.2065884371896 204.5000000000009 617.760830480087
    vertex 2370.9757934460167 204.5000000000009 616.5869999999959
    vertex 2372.1537734679373 204.5000000000009 618.1619999999958
  endloop
endfacet
facet normal 1.4708617970725745e-14 1.0 6.1658550488191546e-15
  outer loop
    vertex 2373.7037734679375 204.50000000000097 615.0119999999959
    vertex 2372.3614340920717 204.5000000000009 617.3869999999959
    vertex 2372.6077579570983 204.5000000000009 617.0659844891568
  endloop
endfacet
facet normal 1.4708617970725745e-14 1.0 6.1658550488191546e-15
  outer loop
    vertex 2373.7037734679375 204.50000000000097 615.0119999999959
    vertex 2372.6077579570983 204.5000000000009 617.0659844891568
    vertex 2372.928773467938 204.50000000000097 616.81966062413
  endloop
endfacet
facet normal 1.4708617970725745e-14 1.0 6.1658550488191546e-15
  outer loop
    vertex 2373.7037734679375 204.50000000000097 615.0119999999959
    vertex 2372.928773467938 204.50000000000097 616.81966062413
    vertex 2373.3026039480283 204.50000000000085 616.6648149692478
  endloop
endfacet
facet normal 1.4708617970725745e-14 1.0 6.1658550488191546e-15
  outer loop
    vertex 2373.7037734679375 204.50000000000097 615.0119999999959
    vertex 2373.3026039480283 204.50000000000085 616.6648149692478
    vertex 2373.7037734679375 204.50000000000085 616.6119999999959
  endloop
endfacet
facet normal 1.4708617970725745e-14 1.0 6.1658550488191546e-15
  outer loop
    vertex 2373.7037734679375 204.50000000000097 615.0119999999959
    vertex 2373.7037734679375 204.50000000000085 616.6119999999959
    vertex 2374.1049429878462 204.50000000000085 616.6648149692478
  endloop
endfacet
facet normal 1.4708617970725745e-14 1.0 6.1658550488191546e-15
  outer loop
    vertex 2373.7037734679375 204.50000000000097 615.0119999999959
    vertex 2374.1049429878462 204.50000000000085 616.6648149692478
    vertex 2376.4317534898587 204.50000000000082 616.586999999996
  endloop
endfacet
facet normal 1.4708617970725745e-14 1.0 6.1658550488191546e-15
  outer loop
    vertex 2376.4317534898587 204.50000000000082 616.586999999996
    vertex 2374.1049429878462 204.50000000000085 616.6648149692478
    vertex 2374.4787734679376 204.50000000000085 616.81966062413
  endloop
endfacet
facet normal 1.4708617970725745e-14 1.0 6.1658550488191546e-15
  outer loop
    vertex 2376.4317534898587 204.50000000000082 616.586999999996
    vertex 2374.4787734679376 204.50000000000085 616.81966062413
    vertex 2374.7997889787766 204.50000000000085 617.0659844891568
  endloop
endfacet
facet normal 1.4708617970725745e-14 1.0 6.1658550488191546e-15
  outer loop
    vertex 2376.4317534898587 204.50000000000082 616.586999999996
    vertex 2374.7997889787766 204.50000000000085 617.0659844891568
    vertex 2375.0461128438033 204.50000000000085 617.3869999999959
  endloop
endfacet
facet normal 1.4708617970725745e-14 1.0 6.1658550488191546e-15
  outer loop
    vertex 2376.4317534898587 204.50000000000082 616.586999999996
    vertex 2375.0461128438033 204.50000000000085 617.3869999999959
    vertex 2375.200958498686 204.50000000000085 617.760830480087
  endloop
endfacet
facet normal 1.4708617970725745e-14 1.0 6.1658550488191546e-15
  outer loop
    vertex 2376.4317534898587 204.50000000000082 616.586999999996
    vertex 2375.200958498686 204.50000000000085 617.760830480087
    vertex 2375.2537734679377 204.50000000000085 618.1619999999958
  endloop
endfacet
facet normal 1.4708617970725745e-14 1.0 6.1658550488191546e-15
  outer loop
    vertex 2376.4317534898587 204.50000000000082 616.586999999996
    vertex 2375.2537734679377 204.50000000000085 618.1619999999958
    vertex 2376.4317534898587 204.50000000000085 619.7369999999961
  endloop
endfacet
facet normal -0.5000000000000027 1.2694096093692831e-14 -0.8660254037844373
  outer loop
    vertex 2373.7037734679375 207.00000000000094 621.3119999999959
    vertex 2376.4317534898587 204.50000000000085 619.7369999999961
    vertex 2373.7037734679375 204.5000000000009 621.3119999999959
  endloop
endfacet
facet normal -0.5000000000000027 1.2694096093692831e-14 -0.8660254037844373
  outer loop
    vertex 2376.4317534898587 204.50000000000085 619.7369999999961
    vertex 2373.7037734679375 207.00000000000094 621.3119999999959
    vertex 2376.4317534898587 207.00000000000088 619.7369999999959
  endloop
endfacet
facet normal -1.0 1.4708617970725726e-14 2.942091015256665e-15
  outer loop
    vertex 2376.4317534898587 207.00000000000088 619.7369999999959
    vertex 2376.4317534898587 204.50000000000082 616.586999999996
    vertex 2376.4317534898587 204.50000000000085 619.7369999999961
  endloop
endfacet
facet normal -1.0 1.4708617970725726e-14 2.942091015256665e-15
  outer loop
    vertex 2376.4317534898587 204.50000000000082 616.586999999996
    vertex 2376.4317534898587 207.00000000000088 619.7369999999959
    vertex 2376.4317534898587 207.00000000000085 616.5869999999959
  endloop
endfacet
facet normal -0.49999999999999756 2.0145218770328976e-15 0.8660254037844402
  outer loop
    vertex 2376.4317534898587 207.00000000000085 616.5869999999959
    vertex 2373.7037734679375 204.50000000000097 615.0119999999959
    vertex 2376.4317534898587 204.50000000000082 616.586999999996
  endloop
endfacet
facet normal -0.49999999999999756 2.0145218770328976e-15 0.8660254037844402
  outer loop
    vertex 2373.7037734679375 204.50000000000097 615.0119999999959
    vertex 2376.4317534898587 207.00000000000085 616.5869999999959
    vertex 2373.7037734679375 207.00000000000094 615.0119999999959
  endloop
endfacet
facet normal 0.5000000000000027 -1.2694096093692831e-14 0.8660254037844373
  outer loop
    vertex 2373.7037734679375 204.50000000000097 615.0119999999959
    vertex 2370.9757934460167 207.00000000000094 616.5869999999959
    vertex 2370.9757934460167 204.5000000000009 616.5869999999959
  endloop
endfacet
facet normal 0.5000000000000027 -1.2694096093692831e-14 0.8660254037844373
  outer loop
    vertex 2370.9757934460167 207.00000000000094 616.5869999999959
    vertex 2373.7037734679375 204.50000000000097 615.0119999999959
    vertex 2373.7037734679375 207.00000000000094 615.0119999999959
  endloop
endfacet
facet normal 1.0 -1.4708617970725726e-14 -2.942091015256665e-15
  outer loop
    vertex 2370.9757934460167 204.5000000000009 616.5869999999959
    vertex 2370.9757934460167 207.00000000000097 619.7369999999959
    vertex 2370.9757934460167 204.50000000000097 619.7369999999959
  endloop
endfacet
facet normal 1.0 -1.4708617970725726e-14 -2.942091015256665e-15
  outer loop
    vertex 2370.9757934460167 207.00000000000097 619.7369999999959
    vertex 2370.9757934460167 204.5000000000009 616.5869999999959
    vertex 2370.9757934460167 207.00000000000094 616.5869999999959
  endloop
endfacet
facet normal 0.49999999999999756 -2.0145218770328976e-15 -0.8660254037844402
  outer loop
    vertex 2370.9757934460167 207.00000000000097 619.7369999999959
    vertex 2373.7037734679375 204.5000000000009 621.3119999999959
    vertex 2370.9757934460167 204.50000000000097 619.7369999999959
  endloop
endfacet
facet normal 0.49999999999999756 -2.0145218770328976e-15 -0.8660254037844402
  outer loop
    vertex 2373.7037734679375 204.5000000000009 621.3119999999959
    vertex 2370.9757934460167 207.00000000000097 619.7369999999959
    vertex 2373.7037734679375 207.00000000000094 621.3119999999959
  endloop
endfacet
facet normal 1.4708617970725745e-14 1.0 6.1658550488191546e-15
  outer loop
    vertex 2373.703773467937 204.500000000001 596.3119999999958
    vertex 2370.975793446016 204.50000000000114 591.5869999999958
    vertex 2370.975793446016 204.50000000000105 594.7369999999958
  endloop
endfacet
facet normal 1.4708617970725745e-14 1.0 6.1658550488191546e-15
  outer loop
    vertex 2370.975793446016 204.50000000000114 591.5869999999958
    vertex 2373.703773467937 204.500000000001 596.3119999999958
    vertex 2372.3614340920712 204.50000000000105 593.9369999999958
  endloop
endfacet
facet normal 1.4708617970725745e-14 1.0 6.1658550488191546e-15
  outer loop
    vertex 2370.975793446016 204.50000000000114 591.5869999999958
    vertex 2372.3614340920712 204.50000000000105 593.9369999999958
    vertex 2372.2065884371887 204.50000000000105 593.5631695199047
  endloop
endfacet
facet normal 1.4708617970725745e-14 1.0 6.1658550488191546e-15
  outer loop
    vertex 2370.975793446016 204.50000000000114 591.5869999999958
    vertex 2372.2065884371887 204.50000000000105 593.5631695199047
    vertex 2372.1537734679373 204.50000000000105 593.1619999999958
  endloop
endfacet
facet normal 1.4708617970725745e-14 1.0 6.1658550488191546e-15
  outer loop
    vertex 2372.3614340920712 204.50000000000105 593.9369999999958
    vertex 2373.703773467937 204.500000000001 596.3119999999958
    vertex 2372.607757957098 204.50000000000105 594.258015510835
  endloop
endfacet
facet normal 1.4708617970725745e-14 1.0 6.1658550488191546e-15
  outer loop
    vertex 2372.607757957098 204.50000000000105 594.258015510835
    vertex 2373.703773467937 204.500000000001 596.3119999999958
    vertex 2372.928773467937 204.50000000000108 594.5043393758616
  endloop
endfacet
facet normal 1.4708617970725745e-14 1.0 6.1658550488191546e-15
  outer loop
    vertex 2372.928773467937 204.50000000000108 594.5043393758616
    vertex 2373.703773467937 204.500000000001 596.3119999999958
    vertex 2373.3026039480283 204.50000000000105 594.6591850307439
  endloop
endfacet
facet normal 1.4708617970725745e-14 1.0 6.1658550488191546e-15
  outer loop
    vertex 2373.3026039480283 204.50000000000105 594.6591850307439
    vertex 2373.703773467937 204.500000000001 596.3119999999958
    vertex 2373.703773467937 204.500000000001 594.7119999999958
  endloop
endfacet
facet normal 1.4708617970725745e-14 1.0 6.1658550488191546e-15
  outer loop
    vertex 2373.703773467937 204.500000000001 594.7119999999958
    vertex 2373.703773467937 204.500000000001 596.3119999999958
    vertex 2376.431753489858 204.50000000000097 594.736999999996
  endloop
endfacet
facet normal 1.4708617970725745e-14 1.0 6.1658550488191546e-15
  outer loop
    vertex 2373.703773467937 204.500000000001 594.7119999999958
    vertex 2376.431753489858 204.50000000000097 594.736999999996
    vertex 2374.1049429878462 204.500000000001 594.6591850307439
  endloop
endfacet
facet normal 1.4708617970725745e-14 1.0 6.1658550488191546e-15
  outer loop
    vertex 2374.1049429878462 204.500000000001 594.6591850307439
    vertex 2376.431753489858 204.50000000000097 594.736999999996
    vertex 2374.478773467937 204.500000000001 594.5043393758616
  endloop
endfacet
facet normal 1.4708617970725745e-14 1.0 6.1658550488191546e-15
  outer loop
    vertex 2374.478773467937 204.500000000001 594.5043393758616
    vertex 2376.431753489858 204.50000000000097 594.736999999996
    vertex 2374.799788978776 204.500000000001 594.2580155108349
  endloop
endfacet
facet normal 1.4708617970725745e-14 1.0 6.1658550488191546e-15
  outer loop
    vertex 2374.799788978776 204.500000000001 594.2580155108349
    vertex 2376.431753489858 204.50000000000097 594.736999999996
    vertex 2375.046112843803 204.500000000001 593.9369999999958
  endloop
endfacet
facet normal 1.4708617970725745e-14 1.0 6.1658550488191546e-15
  outer loop
    vertex 2375.046112843803 204.500000000001 593.9369999999958
    vertex 2376.431753489858 204.50000000000097 594.736999999996
    vertex 2375.200958498685 204.500000000001 593.5631695199046
  endloop
endfacet
facet normal 1.4708617970725745e-14 1.0 6.1658550488191546e-15
  outer loop
    vertex 2375.200958498685 204.500000000001 593.5631695199046
    vertex 2376.431753489858 204.50000000000097 594.736999999996
    vertex 2375.253773467937 204.500000000001 593.1619999999958
  endloop
endfacet
facet normal 1.4708617970725745e-14 1.0 6.1658550488191546e-15
  outer loop
    vertex 2370.975793446016 204.50000000000114 591.5869999999958
    vertex 2372.361434092071 204.50000000000105 592.3869999999957
    vertex 2373.703773467937 204.50000000000108 590.0119999999957
  endloop
endfacet
facet normal 1.4708617970725745e-14 1.0 6.1658550488191546e-15
  outer loop
    vertex 2372.361434092071 204.50000000000105 592.3869999999957
    vertex 2370.975793446016 204.50000000000114 591.5869999999958
    vertex 2372.2065884371887 204.50000000000105 592.760830480087
  endloop
endfacet
facet normal 1.4708617970725745e-14 1.0 6.1658550488191546e-15
  outer loop
    vertex 2372.2065884371887 204.50000000000105 592.760830480087
    vertex 2370.975793446016 204.50000000000114 591.5869999999958
    vertex 2372.1537734679373 204.50000000000105 593.1619999999958
  endloop
endfacet
facet normal 1.4708617970725745e-14 1.0 6.1658550488191546e-15
  outer loop
    vertex 2373.703773467937 204.50000000000108 590.0119999999957
    vertex 2372.361434092071 204.50000000000105 592.3869999999957
    vertex 2372.607757957098 204.50000000000105 592.0659844891567
  endloop
endfacet
facet normal 1.4708617970725745e-14 1.0 6.1658550488191546e-15
  outer loop
    vertex 2373.703773467937 204.50000000000108 590.0119999999957
    vertex 2372.607757957098 204.50000000000105 592.0659844891567
    vertex 2372.928773467937 204.50000000000108 591.8196606241299
  endloop
endfacet
facet normal 1.4708617970725745e-14 1.0 6.1658550488191546e-15
  outer loop
    vertex 2373.703773467937 204.50000000000108 590.0119999999957
    vertex 2372.928773467937 204.50000000000108 591.8196606241299
    vertex 2373.3026039480283 204.50000000000108 591.6648149692478
  endloop
endfacet
facet normal 1.4708617970725745e-14 1.0 6.1658550488191546e-15
  outer loop
    vertex 2373.703773467937 204.50000000000108 590.0119999999957
    vertex 2373.3026039480283 204.50000000000108 591.6648149692478
    vertex 2373.7037734679366 204.50000000000108 591.6119999999958
  endloop
endfacet
facet normal 1.4708617970725745e-14 1.0 6.1658550488191546e-15
  outer loop
    vertex 2373.703773467937 204.50000000000108 590.0119999999957
    vertex 2373.7037734679366 204.50000000000108 591.6119999999958
    vertex 2374.104942987846 204.50000000000108 591.6648149692478
  endloop
endfacet
facet normal 1.4708617970725745e-14 1.0 6.1658550488191546e-15
  outer loop
    vertex 2373.703773467937 204.50000000000108 590.0119999999957
    vertex 2374.104942987846 204.50000000000108 591.6648149692478
    vertex 2376.431753489858 204.50000000000105 591.586999999996
  endloop
endfacet
facet normal 1.4708617970725745e-14 1.0 6.1658550488191546e-15
  outer loop
    vertex 2376.431753489858 204.50000000000105 591.586999999996
    vertex 2374.104942987846 204.50000000000108 591.6648149692478
    vertex 2374.478773467937 204.500000000001 591.8196606241299
  endloop
endfacet
facet normal 1.4708617970725745e-14 1.0 6.1658550488191546e-15
  outer loop
    vertex 2376.431753489858 204.50000000000105 591.586999999996
    vertex 2374.478773467937 204.500000000001 591.8196606241299
    vertex 2374.799788978776 204.500000000001 592.0659844891566
  endloop
endfacet
facet normal 1.4708617970725745e-14 1.0 6.1658550488191546e-15
  outer loop
    vertex 2376.431753489858 204.50000000000105 591.586999999996
    vertex 2374.799788978776 204.500000000001 592.0659844891566
    vertex 2375.046112843803 204.500000000001 592.3869999999957
  endloop
endfacet
facet normal 1.4708617970725745e-14 1.0 6.1658550488191546e-15
  outer loop
    vertex 2376.431753489858 204.50000000000105 591.586999999996
    vertex 2375.046112843803 204.500000000001 592.3869999999957
    vertex 2375.200958498685 204.500000000001 592.7608304800868
  endloop
endfacet
facet normal 1.4708617970725745e-14 1.0 6.1658550488191546e-15
  outer loop
    vertex 2376.431753489858 204.50000000000105 591.586999999996
    vertex 2375.200958498685 204.500000000001 592.7608304800868
    vertex 2375.253773467937 204.500000000001 593.1619999999958
  endloop
endfacet
facet normal 1.4708617970725745e-14 1.0 6.1658550488191546e-15
  outer loop
    vertex 2376.431753489858 204.50000000000105 591.586999999996
    vertex 2375.253773467937 204.500000000001 593.1619999999958
    vertex 2376.431753489858 204.50000000000097 594.736999999996
  endloop
endfacet
facet normal -0.5000000000000027 1.2694096093692831e-14 -0.8660254037844373
  outer loop
    vertex 2373.703773467937 207.00000000000102 596.3119999999958
    vertex 2376.431753489858 204.50000000000097 594.736999999996
    vertex 2373.703773467937 204.500000000001 596.3119999999958
  endloop
endfacet
facet normal -0.5000000000000027 1.2694096093692831e-14 -0.8660254037844373
  outer loop
    vertex 2376.431753489858 204.50000000000097 594.736999999996
    vertex 2373.703773467937 207.00000000000102 596.3119999999958
    vertex 2376.431753489858 207.00000000000097 594.7369999999958
  endloop
endfacet
facet normal -1.0 1.4708617970725726e-14 2.942091015256665e-15
  outer loop
    vertex 2376.431753489858 207.00000000000097 594.7369999999958
    vertex 2376.431753489858 204.50000000000105 591.586999999996
    vertex 2376.431753489858 204.50000000000097 594.736999999996
  endloop
endfacet
facet normal -1.0 1.4708617970725726e-14 2.942091015256665e-15
  outer loop
    vertex 2376.431753489858 204.50000000000105 591.586999999996
    vertex 2376.431753489858 207.00000000000097 594.7369999999958
    vertex 2376.431753489858 207.00000000000105 591.5869999999958
  endloop
endfacet
facet normal -0.49999999999999756 2.0145218770328976e-15 0.8660254037844402
  outer loop
    vertex 2376.431753489858 207.00000000000105 591.5869999999958
    vertex 2373.703773467937 204.50000000000108 590.0119999999957
    vertex 2376.431753489858 204.50000000000105 591.586999999996
  endloop
endfacet
facet normal -0.49999999999999756 2.0145218770328976e-15 0.8660254037844402
  outer loop
    vertex 2373.703773467937 204.50000000000108 590.0119999999957
    vertex 2376.431753489858 207.00000000000105 591.5869999999958
    vertex 2373.703773467937 207.0000000000011 590.0119999999957
  endloop
endfacet
facet normal 0.5000000000000027 -1.2694096093692831e-14 0.8660254037844373
  outer loop
    vertex 2373.703773467937 207.0000000000011 590.0119999999957
    vertex 2370.975793446016 204.50000000000114 591.5869999999958
    vertex 2373.703773467937 204.50000000000108 590.0119999999957
  endloop
endfacet
facet normal 0.5000000000000027 -1.2694096093692831e-14 0.8660254037844373
  outer loop
    vertex 2370.975793446016 204.50000000000114 591.5869999999958
    vertex 2373.703773467937 207.0000000000011 590.0119999999957
    vertex 2370.975793446016 207.00000000000117 591.5869999999958
  endloop
endfacet
facet normal 1.0 -1.4708617970725726e-14 -2.942091015256665e-15
  outer loop
    vertex 2370.975793446016 204.50000000000114 591.5869999999958
    vertex 2370.975793446016 207.00000000000105 594.7369999999958
    vertex 2370.975793446016 204.50000000000105 594.7369999999958
  endloop
endfacet
facet normal 1.0 -1.4708617970725726e-14 -2.942091015256665e-15
  outer loop
    vertex 2370.975793446016 207.00000000000105 594.7369999999958
    vertex 2370.975793446016 204.50000000000114 591.5869999999958
    vertex 2370.975793446016 207.00000000000117 591.5869999999958
  endloop
endfacet
facet normal 0.49999999999999756 -2.0145218770328976e-15 -0.8660254037844402
  outer loop
    vertex 2370.975793446016 207.00000000000105 594.7369999999958
    vertex 2373.703773467937 204.500000000001 596.3119999999958
    vertex 2370.975793446016 204.50000000000105 594.7369999999958
  endloop
endfacet
facet normal 0.49999999999999756 -2.0145218770328976e-15 -0.8660254037844402
  outer loop
    vertex 2373.703773467937 204.500000000001 596.3119999999958
    vertex 2370.975793446016 207.00000000000105 594.7369999999958
    vertex 2373.703773467937 207.00000000000102 596.3119999999958
  endloop
endfacet
facet normal -1.0 1.4708617970725726e-14 2.942091015256665e-15
  outer loop
    vertex 2384.053773467936 209.00000000000097 572.2600762113485
    vertex 2384.0537734679365 207.94280285305163 572.1732597701763
    vertex 2384.0537734679365 207.50000000000094 572.2119999999953
  endloop
endfacet
facet normal -1.0 1.4708617970725726e-14 2.942091015256665e-15
  outer loop
    vertex 2384.0537734679365 207.94280285305163 572.1732597701763
    vertex 2384.053773467936 209.00000000000097 572.2600762113485
    vertex 2384.053773467936 209.42836282906057 571.9601333293521
  endloop
endfacet
facet normal -1.0 1.4708617970725726e-14 2.942091015256665e-15
  outer loop
    vertex 2384.0537734679365 207.94280285305163 572.1732597701763
    vertex 2384.053773467936 209.42836282906057 571.9601333293521
    vertex 2384.0537734679365 208.37215136548141 572.0582161829992
  endloop
endfacet
facet normal -1.0 1.4708617970725726e-14 2.942091015256665e-15
  outer loop
    vertex 2384.0537734679365 208.37215136548141 572.0582161829992
    vertex 2384.053773467936 209.42836282906057 571.9601333293521
    vertex 2384.053773467936 208.77500000000094 571.8703647796455
  endloop
endfacet
facet normal -1.0 1.4708617970725726e-14 2.942091015256665e-15
  outer loop
    vertex 2384.053773467936 208.77500000000094 571.8703647796455
    vertex 2384.053773467936 209.42836282906057 571.9601333293521
    vertex 2384.053773467936 209.79813332935788 571.5903628290548
  endloop
endfacet
facet normal -1.0 1.4708617970725726e-14 2.942091015256665e-15
  outer loop
    vertex 2384.053773467936 208.77500000000094 571.8703647796455
    vertex 2384.053773467936 209.79813332935788 571.5903628290548
    vertex 2384.053773467936 209.13910840470166 571.6154133299485
  endloop
endfacet
facet normal -1.0 1.4708617970725726e-14 2.942091015256665e-15
  outer loop
    vertex 2384.053773467936 209.13910840470166 571.6154133299485
    vertex 2384.053773467936 209.79813332935788 571.5903628290548
    vertex 2384.053773467936 209.45341332995437 571.3011084046958
  endloop
endfacet
facet normal -1.0 1.4708617970725726e-14 2.942091015256665e-15
  outer loop
    vertex 2384.053773467936 209.45341332995437 571.3011084046958
    vertex 2384.053773467936 209.79813332935788 571.5903628290548
    vertex 2384.053773467936 210.09807621135425 571.1619999999951
  endloop
endfacet
facet normal -1.0 1.4708617970725726e-14 2.942091015256665e-15
  outer loop
    vertex 2384.053773467936 209.45341332995437 571.3011084046958
    vertex 2384.053773467936 210.09807621135425 571.1619999999951
    vertex 2384.053773467936 209.70836477965128 570.9369999999952
  endloop
endfacet
facet normal -1.0 1.4708617970725726e-14 2.942091015256665e-15
  outer loop
    vertex 2384.053773467936 209.70836477965128 570.9369999999952
    vertex 2384.053773467936 210.09807621135425 571.1619999999951
    vertex 2384.053773467936 210.31907786235865 570.6880604299722
  endloop
endfacet
facet normal -1.0 1.4708617970725726e-14 2.942091015256665e-15
  outer loop
    vertex 2384.053773467936 209.70836477965128 570.9369999999952
    vertex 2384.053773467936 210.31907786235865 570.6880604299722
    vertex 2384.053773467936 209.896216183005 570.5341513654756
  endloop
endfacet
facet normal -1.0 1.4708617970725726e-14 2.942091015256665e-15
  outer loop
    vertex 2384.053773467936 209.896216183005 570.5341513654756
    vertex 2384.053773467936 210.31907786235865 570.6880604299722
    vertex 2384.053773467936 210.45442325903758 570.182944532996
  endloop
endfacet
facet normal -1.0 1.4708617970725726e-14 2.942091015256665e-15
  outer loop
    vertex 2384.053773467936 209.896216183005 570.5341513654756
    vertex 2384.053773467936 210.45442325903758 570.182944532996
    vertex 2384.053773467936 210.0112597701821 570.104802853046
  endloop
endfacet
facet normal -1.0 1.4708617970725726e-14 2.942091015256665e-15
  outer loop
    vertex 2384.053773467936 210.0112597701821 570.104802853046
    vertex 2384.053773467936 210.45442325903758 570.182944532996
    vertex 2384.053773467936 210.50000000000094 569.6619999999951
  endloop
endfacet
facet normal -1.0 1.4708617970725726e-14 2.942091015256665e-15
  outer loop
    vertex 2384.053773467936 210.0112597701821 570.104802853046
    vertex 2384.053773467936 210.50000000000094 569.6619999999951
    vertex 2384.053773467936 210.05000000000095 569.6619999999951
  endloop
endfacet
facet normal -1.0 1.4708617970725726e-14 2.942091015256665e-15
  outer loop
    vertex 2384.053773467936 210.05000000000095 569.6619999999951
    vertex 2384.053773467936 210.50000000000094 569.6619999999951
    vertex 2384.053773467936 210.45442325903758 569.1410554669944
  endloop
endfacet
facet normal -1.0 1.4708617970725726e-14 2.942091015256665e-15
  outer loop
    vertex 2384.053773467936 210.05000000000095 569.6619999999951
    vertex 2384.053773467936 210.45442325903758 569.1410554669944
    vertex 2384.053773467936 210.0112597701821 569.2191971469445
  endloop
endfacet
facet normal -1.0 1.4708617970725726e-14 2.942091015256665e-15
  outer loop
    vertex 2384.053773467936 210.0112597701821 569.2191971469445
    vertex 2384.053773467936 210.45442325903758 569.1410554669944
    vertex 2384.053773467936 209.89621618300507 568.7898486345147
  endloop
endfacet
facet normal -1.0 1.4708617970725726e-14 2.942091015256665e-15
  outer loop
    vertex 2384.053773467936 209.89621618300507 568.7898486345147
    vertex 2384.053773467936 210.45442325903758 569.1410554669944
    vertex 2384.053773467936 210.31907786235865 568.6359395700181
  endloop
endfacet
facet normal -1.0 1.4708617970725726e-14 2.942091015256665e-15
  outer loop
    vertex 2384.053773467936 209.89621618300507 568.7898486345147
    vertex 2384.053773467936 210.31907786235865 568.6359395700181
    vertex 2384.053773467936 209.70836477965133 568.386999999995
  endloop
endfacet
facet normal -1.0 1.4708617970725726e-14 2.942091015256665e-15
  outer loop
    vertex 2384.053773467936 209.70836477965133 568.386999999995
    vertex 2384.053773467936 210.31907786235865 568.6359395700181
    vertex 2384.053773467936 210.09807621135425 568.1619999999951
  endloop
endfacet
facet normal -1.0 1.4708617970725726e-14 2.942091015256665e-15
  outer loop
    vertex 2384.053773467936 209.70836477965133 568.386999999995
    vertex 2384.053773467936 210.09807621135425 568.1619999999951
    vertex 2384.053773467936 209.4534133299544 568.0228915952946
  endloop
endfacet
facet normal -1.0 1.4708617970725726e-14 2.942091015256665e-15
  outer loop
    vertex 2384.053773467936 209.4534133299544 568.0228915952946
    vertex 2384.053773467936 210.09807621135425 568.1619999999951
    vertex 2384.053773467936 209.79813332935794 567.7336371709356
  endloop
endfacet
facet normal -1.0 1.4708617970725726e-14 2.942091015256665e-15
  outer loop
    vertex 2384.053773467936 209.4534133299544 568.0228915952946
    vertex 2384.053773467936 209.79813332935794 567.7336371709356
    vertex 2384.053773467936 209.13910840470174 567.7085866700419
  endloop
endfacet
facet normal -1.0 1.4708617970725726e-14 2.942091015256665e-15
  outer loop
    vertex 2384.053773467936 209.13910840470174 567.7085866700419
    vertex 2384.053773467936 209.79813332935794 567.7336371709356
    vertex 2384.053773467936 209.42836282906063 567.3638666706382
  endloop
endfacet
facet normal -1.0 1.4708617970725726e-14 2.942091015256665e-15
  outer loop
    vertex 2384.053773467936 209.13910840470174 567.7085866700419
    vertex 2384.053773467936 209.42836282906063 567.3638666706382
    vertex 2384.053773467936 208.77500000000103 567.453635220345
  endloop
endfacet
facet normal -1.0 1.4708617970725726e-14 2.942091015256665e-15
  outer loop
    vertex 2384.053773467936 208.77500000000103 567.453635220345
    vertex 2384.053773467936 209.42836282906063 567.3638666706382
    vertex 2384.0537734679365 208.3721513654815 567.2657838169911
  endloop
endfacet
facet normal -1.0 1.4708617970725726e-14 2.942091015256665e-15
  outer loop
    vertex 2384.0537734679365 208.3721513654815 567.2657838169911
    vertex 2384.053773467936 209.42836282906063 567.3638666706382
    vertex 2384.053773467936 209.00000000000102 567.0639237886418
  endloop
endfacet
facet normal -1.0 1.4708617970725726e-14 2.942091015256665e-15
  outer loop
    vertex 2384.0537734679365 208.3721513654815 567.2657838169911
    vertex 2384.053773467936 209.00000000000102 567.0639237886418
    vertex 2384.0537734679365 207.9428028530517 567.1507402298141
  endloop
endfacet
facet normal -1.0 1.4708617970725726e-14 2.942091015256665e-15
  outer loop
    vertex 2384.0537734679365 207.9428028530517 567.1507402298141
    vertex 2384.053773467936 209.00000000000102 567.0639237886418
    vertex 2384.0537734679365 207.500000000001 567.1119999999954
  endloop
endfacet
facet normal -1.0 1.4708617970725726e-14 2.942091015256665e-15
  outer loop
    vertex 2384.0537734679365 207.500000000001 567.1119999999954
    vertex 2384.053773467936 209.00000000000102 567.0639237886418
    vertex 2384.053773467936 206.00000000000097 567.063923788642
  endloop
endfacet
facet normal -1.0 1.4708617970725726e-14 2.942091015256665e-15
  outer loop
    vertex 2384.053773467936 206.00000000000097 567.063923788642
    vertex 2384.053773467936 209.00000000000102 567.0639237886418
    vertex 2384.0537734679365 206.473939570024 566.8429221376377
  endloop
endfacet
facet normal -1.0 1.4708617970725726e-14 2.942091015256665e-15
  outer loop
    vertex 2384.0537734679365 206.473939570024 566.8429221376377
    vertex 2384.053773467936 209.00000000000102 567.0639237886418
    vertex 2384.0537734679365 208.526060429978 566.8429221376375
  endloop
endfacet
facet normal -1.0 1.4708617970725726e-14 2.942091015256665e-15
  outer loop
    vertex 2384.0537734679365 206.473939570024 566.8429221376377
    vertex 2384.0537734679365 208.526060429978 566.8429221376375
    vertex 2384.0537734679365 206.97905546700022 566.7075767409585
  endloop
endfacet
facet normal -1.0 1.4708617970725726e-14 2.942091015256665e-15
  outer loop
    vertex 2384.0537734679365 206.97905546700022 566.7075767409585
    vertex 2384.0537734679365 208.526060429978 566.8429221376375
    vertex 2384.0537734679365 208.02094453300177 566.7075767409585
  endloop
endfacet
facet normal -1.0 1.4708617970725726e-14 2.942091015256665e-15
  outer loop
    vertex 2384.0537734679365 206.97905546700022 566.7075767409585
    vertex 2384.0537734679365 208.02094453300177 566.7075767409585
    vertex 2384.0537734679365 207.500000000001 566.6619999999951
  endloop
endfacet
facet normal -1.0 1.4708617970725726e-14 2.942091015256665e-15
  outer loop
    vertex 2384.0537734679365 208.02094453300174 572.6164232590318
    vertex 2384.0537734679365 206.97905546700017 572.6164232590318
    vertex 2384.0537734679365 207.50000000000094 572.6619999999953
  endloop
endfacet
facet normal -1.0 1.4708617970725726e-14 2.942091015256665e-15
  outer loop
    vertex 2384.0537734679365 206.97905546700017 572.6164232590318
    vertex 2384.0537734679365 208.02094453300174 572.6164232590318
    vertex 2384.0537734679365 208.52606042997795 572.4810778623529
  endloop
endfacet
facet normal -1.0 1.4708617970725726e-14 2.942091015256665e-15
  outer loop
    vertex 2384.0537734679365 206.97905546700017 572.6164232590318
    vertex 2384.0537734679365 208.52606042997795 572.4810778623529
    vertex 2384.0537734679365 206.47393957002396 572.481077862353
  endloop
endfacet
facet normal -1.0 1.4708617970725726e-14 2.942091015256665e-15
  outer loop
    vertex 2384.0537734679365 206.47393957002396 572.481077862353
    vertex 2384.0537734679365 208.52606042997795 572.4810778623529
    vertex 2384.0537734679365 206.00000000000097 572.2600762113487
  endloop
endfacet
facet normal -1.0 1.4708617970725726e-14 2.942091015256665e-15
  outer loop
    vertex 2384.0537734679365 206.00000000000097 572.2600762113487
    vertex 2384.0537734679365 208.52606042997795 572.4810778623529
    vertex 2384.053773467936 209.00000000000097 572.2600762113485
  endloop
endfacet
facet normal -1.0 1.4708617970725726e-14 2.942091015256665e-15
  outer loop
    vertex 2384.0537734679365 206.00000000000097 572.2600762113487
    vertex 2384.053773467936 209.00000000000097 572.2600762113485
    vertex 2384.0537734679365 207.50000000000094 572.2119999999953
  endloop
endfacet
facet normal -1.0 1.4708617970725726e-14 2.942091015256665e-15
  outer loop
    vertex 2384.0537734679365 206.00000000000097 572.2600762113487
    vertex 2384.0537734679365 207.50000000000094 572.2119999999953
    vertex 2384.0537734679365 207.05719714695024 572.1732597701763
  endloop
endfacet
facet normal -1.0 1.4708617970725726e-14 2.942091015256665e-15
  outer loop
    vertex 2384.0537734679365 206.00000000000097 572.2600762113487
    vertex 2384.0537734679365 207.05719714695024 572.1732597701763
    vertex 2384.0537734679365 205.57163717094133 571.9601333293521
  endloop
endfacet
facet normal -1.0 1.4708617970725726e-14 2.942091015256665e-15
  outer loop
    vertex 2384.0537734679365 205.57163717094133 571.9601333293521
    vertex 2384.0537734679365 207.05719714695024 572.1732597701763
    vertex 2384.0537734679365 206.6278486345205 572.0582161829994
  endloop
endfacet
facet normal -1.0 1.4708617970725726e-14 2.942091015256665e-15
  outer loop
    vertex 2384.0537734679365 205.57163717094133 571.9601333293521
    vertex 2384.0537734679365 206.6278486345205 572.0582161829994
    vertex 2384.0537734679365 206.22500000000093 571.8703647796455
  endloop
endfacet
facet normal -1.0 1.4708617970725726e-14 2.942091015256665e-15
  outer loop
    vertex 2384.0537734679365 205.57163717094133 571.9601333293521
    vertex 2384.0537734679365 206.22500000000093 571.8703647796455
    vertex 2384.053773467936 205.20186667064402 571.5903628290548
  endloop
endfacet
facet normal -1.0 1.4708617970725726e-14 2.942091015256665e-15
  outer loop
    vertex 2384.053773467936 205.20186667064402 571.5903628290548
    vertex 2384.0537734679365 206.22500000000093 571.8703647796455
    vertex 2384.0537734679365 205.86089159530025 571.6154133299486
  endloop
endfacet
facet normal -1.0 1.4708617970725726e-14 2.942091015256665e-15
  outer loop
    vertex 2384.053773467936 205.20186667064402 571.5903628290548
    vertex 2384.0537734679365 205.86089159530025 571.6154133299486
    vertex 2384.0537734679365 205.54658667004753 571.3011084046959
  endloop
endfacet
facet normal -1.0 1.4708617970725726e-14 2.942091015256665e-15
  outer loop
    vertex 2384.053773467936 205.20186667064402 571.5903628290548
    vertex 2384.0537734679365 205.54658667004753 571.3011084046959
    vertex 2384.053773467936 204.90192378864765 571.1619999999951
  endloop
endfacet
facet normal -1.0 1.4708617970725726e-14 2.942091015256665e-15
  outer loop
    vertex 2384.053773467936 204.90192378864765 571.1619999999951
    vertex 2384.0537734679365 205.54658667004753 571.3011084046959
    vertex 2384.053773467936 205.29163522035063 570.9369999999952
  endloop
endfacet
facet normal -1.0 1.4708617970725726e-14 2.942091015256665e-15
  outer loop
    vertex 2384.053773467936 204.90192378864765 571.1619999999951
    vertex 2384.053773467936 205.29163522035063 570.9369999999952
    vertex 2384.053773467936 204.68092213764325 570.6880604299722
  endloop
endfacet
facet normal -1.0 1.4708617970725726e-14 2.942091015256665e-15
  outer loop
    vertex 2384.053773467936 204.68092213764325 570.6880604299722
    vertex 2384.053773467936 205.29163522035063 570.9369999999952
    vertex 2384.053773467936 205.1037838169969 570.5341513654759
  endloop
endfacet
facet normal -1.0 1.4708617970725726e-14 2.942091015256665e-15
  outer loop
    vertex 2384.053773467936 204.68092213764325 570.6880604299722
    vertex 2384.053773467936 205.1037838169969 570.5341513654759
    vertex 2384.053773467936 204.54557674096432 570.1829445329961
  endloop
endfacet
facet normal -1.0 1.4708617970725726e-14 2.942091015256665e-15
  outer loop
    vertex 2384.053773467936 204.54557674096432 570.1829445329961
    vertex 2384.053773467936 205.1037838169969 570.5341513654759
    vertex 2384.053773467936 204.9887402298198 570.104802853046
  endloop
endfacet
facet normal -1.0 1.4708617970725726e-14 2.942091015256665e-15
  outer loop
    vertex 2384.053773467936 204.54557674096432 570.1829445329961
    vertex 2384.053773467936 204.9887402298198 570.104802853046
    vertex 2384.053773467936 204.50000000000097 569.6619999999951
  endloop
endfacet
facet normal -1.0 1.4708617970725726e-14 2.942091015256665e-15
  outer loop
    vertex 2384.053773467936 204.50000000000097 569.6619999999951
    vertex 2384.053773467936 204.9887402298198 570.104802853046
    vertex 2384.053773467936 204.95000000000095 569.6619999999951
  endloop
endfacet
facet normal -1.0 1.4708617970725726e-14 2.942091015256665e-15
  outer loop
    vertex 2384.053773467936 204.50000000000097 569.6619999999951
    vertex 2384.053773467936 204.95000000000095 569.6619999999951
    vertex 2384.053773467936 204.9887402298198 569.2191971469445
  endloop
endfacet
facet normal -1.0 1.4708617970725726e-14 2.942091015256665e-15
  outer loop
    vertex 2384.053773467936 204.50000000000097 569.6619999999951
    vertex 2384.053773467936 204.9887402298198 569.2191971469445
    vertex 2384.053773467936 204.54557674096438 569.1410554669945
  endloop
endfacet
facet normal -1.0 1.4708617970725726e-14 2.942091015256665e-15
  outer loop
    vertex 2384.053773467936 204.54557674096438 569.1410554669945
    vertex 2384.053773467936 204.9887402298198 569.2191971469445
    vertex 2384.053773467936 205.10378381699692 568.7898486345149
  endloop
endfacet
facet normal -1.0 1.4708617970725726e-14 2.942091015256665e-15
  outer loop
    vertex 2384.053773467936 204.54557674096438 569.1410554669945
    vertex 2384.053773467936 205.10378381699692 568.7898486345149
    vertex 2384.053773467936 204.68092213764328 568.6359395700181
  endloop
endfacet
facet normal -1.0 1.4708617970725726e-14 2.942091015256665e-15
  outer loop
    vertex 2384.053773467936 204.68092213764328 568.6359395700181
    vertex 2384.053773467936 205.10378381699692 568.7898486345149
    vertex 2384.053773467936 205.29163522035066 568.386999999995
  endloop
endfacet
facet normal -1.0 1.4708617970725726e-14 2.942091015256665e-15
  outer loop
    vertex 2384.053773467936 204.68092213764328 568.6359395700181
    vertex 2384.053773467936 205.29163522035066 568.386999999995
    vertex 2384.053773467936 204.9019237886477 568.1619999999951
  endloop
endfacet
facet normal -1.0 1.4708617970725726e-14 2.942091015256665e-15
  outer loop
    vertex 2384.053773467936 204.9019237886477 568.1619999999951
    vertex 2384.053773467936 205.29163522035066 568.386999999995
    vertex 2384.053773467936 205.5465866700476 568.0228915952947
  endloop
endfacet
facet normal -1.0 1.4708617970725726e-14 2.942091015256665e-15
  outer loop
    vertex 2384.053773467936 204.9019237886477 568.1619999999951
    vertex 2384.053773467936 205.5465866700476 568.0228915952947
    vertex 2384.053773467936 205.20186667064405 567.7336371709356
  endloop
endfacet
facet normal -1.0 1.4708617970725726e-14 2.942091015256665e-15
  outer loop
    vertex 2384.053773467936 205.20186667064405 567.7336371709356
    vertex 2384.053773467936 205.5465866700476 568.0228915952947
    vertex 2384.053773467936 205.86089159530033 567.708586670042
  endloop
endfacet
facet normal -1.0 1.4708617970725726e-14 2.942091015256665e-15
  outer loop
    vertex 2384.053773467936 205.20186667064405 567.7336371709356
    vertex 2384.053773467936 205.86089159530033 567.708586670042
    vertex 2384.053773467936 205.57163717094136 567.3638666706382
  endloop
endfacet
facet normal -1.0 1.4708617970725726e-14 2.942091015256665e-15
  outer loop
    vertex 2384.053773467936 205.57163717094136 567.3638666706382
    vertex 2384.053773467936 205.86089159530033 567.708586670042
    vertex 2384.0537734679365 206.22500000000096 567.453635220345
  endloop
endfacet
facet normal -1.0 1.4708617970725726e-14 2.942091015256665e-15
  outer loop
    vertex 2384.053773467936 205.57163717094136 567.3638666706382
    vertex 2384.0537734679365 206.22500000000096 567.453635220345
    vertex 2384.0537734679365 206.6278486345206 567.2657838169913
  endloop
endfacet
facet normal -1.0 1.4708617970725726e-14 2.942091015256665e-15
  outer loop
    vertex 2384.053773467936 205.57163717094136 567.3638666706382
    vertex 2384.0537734679365 206.6278486345206 567.2657838169913
    vertex 2384.053773467936 206.00000000000097 567.063923788642
  endloop
endfacet
facet normal -1.0 1.4708617970725726e-14 2.942091015256665e-15
  outer loop
    vertex 2384.053773467936 206.00000000000097 567.063923788642
    vertex 2384.0537734679365 206.6278486345206 567.2657838169913
    vertex 2384.0537734679365 207.0571971469503 567.1507402298141
  endloop
endfacet
facet normal -1.0 1.4708617970725726e-14 2.942091015256665e-15
  outer loop
    vertex 2384.053773467936 206.00000000000097 567.063923788642
    vertex 2384.0537734679365 207.0571971469503 567.1507402298141
    vertex 2384.0537734679365 207.500000000001 567.1119999999954
  endloop
endfacet
facet normal -1.4396227111028094e-14 -0.9961946980917468 0.0871557427476441
  outer loop
    vertex 2384.553773467936 204.50000000000097 569.6619999999951
    vertex 2384.053773467936 204.54557674096432 570.1829445329961
    vertex 2384.053773467936 204.50000000000097 569.6619999999951
  endloop
endfacet
facet normal -1.4396227111028094e-14 -0.9961946980917468 0.0871557427476441
  outer loop
    vertex 2384.053773467936 204.54557674096432 570.1829445329961
    vertex 2384.553773467936 204.50000000000097 569.6619999999951
    vertex 2384.553773467936 204.54557674096432 570.1829445329961
  endloop
endfacet
facet normal -1.3445964779770012e-14 -0.9659258262890668 0.25881904510252646
  outer loop
    vertex 2384.553773467936 204.54557674096432 570.1829445329961
    vertex 2384.053773467936 204.68092213764325 570.6880604299722
    vertex 2384.053773467936 204.54557674096432 570.1829445329961
  endloop
endfacet
facet normal -1.3445964779770012e-14 -0.9659258262890668 0.25881904510252646
  outer loop
    vertex 2384.053773467936 204.68092213764325 570.6880604299722
    vertex 2384.553773467936 204.54557674096432 570.1829445329961
    vertex 2384.553773467936 204.68092213764325 570.6880604299722
  endloop
endfacet
facet normal -1.2087153612665099e-14 -0.9063077870366435 0.4226182617407133
  outer loop
    vertex 2384.553773467936 204.68092213764325 570.6880604299722
    vertex 2384.053773467936 204.90192378864765 571.1619999999951
    vertex 2384.053773467936 204.68092213764325 570.6880604299722
  endloop
endfacet
facet normal -1.2087153612665099e-14 -0.9063077870366435 0.4226182617407133
  outer loop
    vertex 2384.053773467936 204.90192378864765 571.1619999999951
    vertex 2384.553773467936 204.68092213764325 570.6880604299722
    vertex 2384.553773467936 204.90192378864765 571.1619999999951
  endloop
endfacet
facet normal -1.0361080399434129e-14 -0.8191520442889756 0.5735764363510691
  outer loop
    vertex 2384.553773467936 204.90192378864765 571.1619999999951
    vertex 2384.053773467936 205.20186667064402 571.5903628290548
    vertex 2384.053773467936 204.90192378864765 571.1619999999951
  endloop
endfacet
facet normal -1.0361080399434129e-14 -0.8191520442889756 0.5735764363510691
  outer loop
    vertex 2384.053773467936 205.20186667064402 571.5903628290548
    vertex 2384.553773467936 204.90192378864765 571.1619999999951
    vertex 2384.553773467936 205.20186667064402 571.5903628290548
  endloop
endfacet
facet normal -8.320191001226477e-15 -0.7071067811865476 0.7071067811865476
  outer loop
    vertex 2384.5537734679365 205.57163717094133 571.9601333293521
    vertex 2384.053773467936 205.20186667064402 571.5903628290548
    vertex 2384.553773467936 205.20186667064402 571.5903628290548
  endloop
endfacet
facet normal -8.320191001226477e-15 -0.7071067811865476 0.7071067811865476
  outer loop
    vertex 2384.053773467936 205.20186667064402 571.5903628290548
    vertex 2384.5537734679365 205.57163717094133 571.9601333293521
    vertex 2384.0537734679365 205.57163717094133 571.9601333293521
  endloop
endfacet
facet normal -6.026496809667017e-15 -0.573576436351104 0.8191520442889515
  outer loop
    vertex 2384.5537734679365 206.00000000000097 572.2600762113487
    vertex 2384.0537734679365 205.57163717094133 571.9601333293521
    vertex 2384.5537734679365 205.57163717094133 571.9601333293521
  endloop
endfacet
facet normal -6.026496809667017e-15 -0.573576436351104 0.8191520442889515
  outer loop
    vertex 2384.0537734679365 205.57163717094133 571.9601333293521
    vertex 2384.5537734679365 206.00000000000097 572.2600762113487
    vertex 2384.0537734679365 206.00000000000097 572.2600762113487
  endloop
endfacet
facet normal -3.549690562096386e-15 -0.4226182617405716 0.9063077870367097
  outer loop
    vertex 2384.5537734679365 206.47393957002396 572.481077862353
    vertex 2384.0537734679365 206.00000000000097 572.2600762113487
    vertex 2384.5537734679365 206.00000000000097 572.2600762113487
  endloop
endfacet
facet normal -3.549690562096386e-15 -0.4226182617405716 0.9063077870367097
  outer loop
    vertex 2384.0537734679365 206.00000000000097 572.2600762113487
    vertex 2384.5537734679365 206.47393957002396 572.481077862353
    vertex 2384.0537734679365 206.47393957002396 572.481077862353
  endloop
endfacet
facet normal -9.65028763033242e-16 -0.25881904510262854 0.9659258262890394
  outer loop
    vertex 2384.5537734679365 206.97905546700017 572.6164232590318
    vertex 2384.0537734679365 206.47393957002396 572.481077862353
    vertex 2384.5537734679365 206.47393957002396 572.481077862353
  endloop
endfacet
facet normal -9.65028763033242e-16 -0.25881904510262854 0.9659258262890394
  outer loop
    vertex 2384.0537734679365 206.47393957002396 572.481077862353
    vertex 2384.5537734679365 206.97905546700017 572.6164232590318
    vertex 2384.0537734679365 206.97905546700017 572.6164232590318
  endloop
endfacet
facet normal 1.648954946670827e-15 -0.08715574274772972 0.9961946980917394
  outer loop
    vertex 2384.5537734679365 207.50000000000094 572.6619999999953
    vertex 2384.0537734679365 206.97905546700017 572.6164232590318
    vertex 2384.5537734679365 206.97905546700017 572.6164232590318
  endloop
endfacet
facet normal 1.648954946670827e-15 -0.08715574274772972 0.9961946980917394
  outer loop
    vertex 2384.0537734679365 206.97905546700017 572.6164232590318
    vertex 2384.5537734679365 207.50000000000094 572.6619999999953
    vertex 2384.0537734679365 207.50000000000094 572.6619999999953
  endloop
endfacet
facet normal 4.212835994733238e-15 0.08715574274772972 0.9961946980917394
  outer loop
    vertex 2384.5537734679365 208.02094453300174 572.6164232590318
    vertex 2384.0537734679365 207.50000000000094 572.6619999999953
    vertex 2384.5537734679365 207.50000000000094 572.6619999999953
  endloop
endfacet
facet normal 4.212835994733238e-15 0.08715574274772972 0.9961946980917394
  outer loop
    vertex 2384.0537734679365 207.50000000000094 572.6619999999953
    vertex 2384.5537734679365 208.02094453300174 572.6164232590318
    vertex 2384.0537734679365 208.02094453300174 572.6164232590318
  endloop
endfacet
facet normal 6.648712152891946e-15 0.25881904510262854 0.9659258262890394
  outer loop
    vertex 2384.5537734679365 208.52606042997795 572.4810778623529
    vertex 2384.0537734679365 208.02094453300174 572.6164232590318
    vertex 2384.5537734679365 208.02094453300174 572.6164232590318
  endloop
endfacet
facet normal 6.648712152891946e-15 0.25881904510262854 0.9659258262890394
  outer loop
    vertex 2384.0537734679365 208.02094453300174 572.6164232590318
    vertex 2384.5537734679365 208.52606042997795 572.4810778623529
    vertex 2384.0537734679365 208.52606042997795 572.4810778623529
  endloop
endfacet
facet normal 8.882570556691653e-15 0.4226182617405385 0.906307787036725
  outer loop
    vertex 2384.553773467936 209.00000000000097 572.2600762113485
    vertex 2384.0537734679365 208.52606042997795 572.4810778623529
    vertex 2384.5537734679365 208.52606042997795 572.4810778623529
  endloop
endfacet
facet normal 8.882570556691653e-15 0.4226182617405385 0.906307787036725
  outer loop
    vertex 2384.0537734679365 208.52606042997795 572.4810778623529
    vertex 2384.553773467936 209.00000000000097 572.2600762113485
    vertex 2384.053773467936 209.00000000000097 572.2600762113485
  endloop
endfacet
facet normal 1.0846536548930834e-14 0.5735764363511445 0.8191520442889231
  outer loop
    vertex 2384.553773467936 209.42836282906057 571.9601333293521
    vertex 2384.053773467936 209.00000000000097 572.2600762113485
    vertex 2384.553773467936 209.00000000000097 572.2600762113485
  endloop
endfacet
facet normal 1.0846536548930834e-14 0.5735764363511445 0.8191520442889231
  outer loop
    vertex 2384.053773467936 209.00000000000097 572.2600762113485
    vertex 2384.553773467936 209.42836282906057 571.9601333293521
    vertex 2384.053773467936 209.42836282906057 571.9601333293521
  endloop
endfacet
facet normal 1.2480936016738476e-14 0.7071067811865476 0.7071067811865476
  outer loop
    vertex 2384.553773467936 209.42836282906057 571.9601333293521
    vertex 2384.053773467936 209.79813332935788 571.5903628290548
    vertex 2384.053773467936 209.42836282906057 571.9601333293521
  endloop
endfacet
facet normal 1.2480936016738476e-14 0.7071067811865476 0.7071067811865476
  outer loop
    vertex 2384.053773467936 209.79813332935788 571.5903628290548
    vertex 2384.553773467936 209.42836282906057 571.9601333293521
    vertex 2384.553773467936 209.79813332935788 571.5903628290548
  endloop
endfacet
facet normal 1.3736108559336966e-14 0.8191520442889758 0.5735764363510693
  outer loop
    vertex 2384.553773467936 209.79813332935788 571.5903628290548
    vertex 2384.053773467936 210.09807621135425 571.1619999999951
    vertex 2384.053773467936 209.79813332935788 571.5903628290548
  endloop
endfacet
facet normal 1.3736108559336966e-14 0.8191520442889758 0.5735764363510693
  outer loop
    vertex 2384.053773467936 210.09807621135425 571.1619999999951
    vertex 2384.553773467936 209.79813332935788 571.5903628290548
    vertex 2384.553773467936 210.09807621135425 571.1619999999951
  endloop
endfacet
facet normal 1.4573916394166582e-14 0.9063077870366435 0.4226182617407133
  outer loop
    vertex 2384.553773467936 210.09807621135425 571.1619999999951
    vertex 2384.053773467936 210.31907786235865 570.6880604299722
    vertex 2384.053773467936 210.09807621135425 571.1619999999951
  endloop
endfacet
facet normal 1.4573916394166582e-14 0.9063077870366435 0.4226182617407133
  outer loop
    vertex 2384.053773467936 210.31907786235865 570.6880604299722
    vertex 2384.553773467936 210.09807621135425 571.1619999999951
    vertex 2384.553773467936 210.31907786235865 570.6880604299722
  endloop
endfacet
facet normal 1.4968903154116915e-14 0.9659258262890668 0.25881904510252646
  outer loop
    vertex 2384.553773467936 210.31907786235865 570.6880604299722
    vertex 2384.053773467936 210.45442325903758 570.182944532996
    vertex 2384.053773467936 210.31907786235865 570.6880604299722
  endloop
endfacet
facet normal 1.4968903154116915e-14 0.9659258262890668 0.25881904510252646
  outer loop
    vertex 2384.053773467936 210.45442325903758 570.182944532996
    vertex 2384.553773467936 210.31907786235865 570.6880604299722
    vertex 2384.553773467936 210.45442325903758 570.182944532996
  endloop
endfacet
facet normal 1.4909067366359822e-14 0.9961946980917468 0.0871557427476441
  outer loop
    vertex 2384.553773467936 210.45442325903758 570.182944532996
    vertex 2384.053773467936 210.50000000000094 569.6619999999951
    vertex 2384.053773467936 210.45442325903758 570.182944532996
  endloop
endfacet
facet normal 1.4909067366359822e-14 0.9961946980917468 0.0871557427476441
  outer loop
    vertex 2384.053773467936 210.50000000000094 569.6619999999951
    vertex 2384.553773467936 210.45442325903758 570.182944532996
    vertex 2384.553773467936 210.50000000000094 569.6619999999951
  endloop
endfacet
facet normal 1.4396227111028094e-14 0.9961946980917468 -0.0871557427476441
  outer loop
    vertex 2384.553773467936 210.50000000000094 569.6619999999951
    vertex 2384.053773467936 210.45442325903758 569.1410554669944
    vertex 2384.053773467936 210.50000000000094 569.6619999999951
  endloop
endfacet
facet normal 1.4396227111028094e-14 0.9961946980917468 -0.0871557427476441
  outer loop
    vertex 2384.053773467936 210.45442325903758 569.1410554669944
    vertex 2384.553773467936 210.50000000000094 569.6619999999951
    vertex 2384.553773467936 210.45442325903758 569.1410554669944
  endloop
endfacet
facet normal 1.3445964779770012e-14 0.9659258262890668 -0.25881904510252646
  outer loop
    vertex 2384.553773467936 210.45442325903758 569.1410554669944
    vertex 2384.053773467936 210.31907786235865 568.6359395700181
    vertex 2384.053773467936 210.45442325903758 569.1410554669944
  endloop
endfacet
facet normal 1.3445964779770012e-14 0.9659258262890668 -0.25881904510252646
  outer loop
    vertex 2384.053773467936 210.31907786235865 568.6359395700181
    vertex 2384.553773467936 210.45442325903758 569.1410554669944
    vertex 2384.553773467936 210.31907786235865 568.6359395700181
  endloop
endfacet
facet normal 1.2087153612665099e-14 0.9063077870366435 -0.4226182617407133
  outer loop
    vertex 2384.553773467936 210.31907786235865 568.6359395700181
    vertex 2384.053773467936 210.09807621135425 568.1619999999951
    vertex 2384.053773467936 210.31907786235865 568.6359395700181
  endloop
endfacet
facet normal 1.2087153612665099e-14 0.9063077870366435 -0.4226182617407133
  outer loop
    vertex 2384.053773467936 210.09807621135425 568.1619999999951
    vertex 2384.553773467936 210.31907786235865 568.6359395700181
    vertex 2384.553773467936 210.09807621135425 568.1619999999951
  endloop
endfacet
facet normal 1.0361080399434129e-14 0.8191520442889756 -0.5735764363510691
  outer loop
    vertex 2384.553773467936 210.09807621135425 568.1619999999951
    vertex 2384.053773467936 209.79813332935794 567.7336371709356
    vertex 2384.053773467936 210.09807621135425 568.1619999999951
  endloop
endfacet
facet normal 1.0361080399434129e-14 0.8191520442889756 -0.5735764363510691
  outer loop
    vertex 2384.053773467936 209.79813332935794 567.7336371709356
    vertex 2384.553773467936 210.09807621135425 568.1619999999951
    vertex 2384.553773467936 209.79813332935788 567.7336371709356
  endloop
endfacet
facet normal 8.320191001226477e-15 0.7071067811865476 -0.7071067811865476
  outer loop
    vertex 2384.053773467936 209.79813332935794 567.7336371709356
    vertex 2384.553773467936 209.42836282906057 567.3638666706382
    vertex 2384.053773467936 209.42836282906063 567.3638666706382
  endloop
endfacet
facet normal 8.320191001226477e-15 0.7071067811865476 -0.7071067811865476
  outer loop
    vertex 2384.553773467936 209.42836282906057 567.3638666706382
    vertex 2384.053773467936 209.79813332935794 567.7336371709356
    vertex 2384.553773467936 209.79813332935788 567.7336371709356
  endloop
endfacet
facet normal 6.0264968096683765e-15 0.573576436351185 -0.8191520442888947
  outer loop
    vertex 2384.053773467936 209.42836282906063 567.3638666706382
    vertex 2384.553773467936 209.00000000000102 567.0639237886418
    vertex 2384.053773467936 209.00000000000102 567.0639237886418
  endloop
endfacet
facet normal 6.0264968096683765e-15 0.573576436351185 -0.8191520442888947
  outer loop
    vertex 2384.553773467936 209.00000000000102 567.0639237886418
    vertex 2384.053773467936 209.42836282906063 567.3638666706382
    vertex 2384.553773467936 209.42836282906057 567.3638666706382
  endloop
endfacet
facet normal 3.549690562095854e-15 0.4226182617405385 -0.906307787036725
  outer loop
    vertex 2384.053773467936 209.00000000000102 567.0639237886418
    vertex 2384.5537734679365 208.526060429978 566.8429221376375
    vertex 2384.0537734679365 208.526060429978 566.8429221376375
  endloop
endfacet
facet normal 3.549690562095854e-15 0.4226182617405385 -0.906307787036725
  outer loop
    vertex 2384.5537734679365 208.526060429978 566.8429221376375
    vertex 2384.053773467936 209.00000000000102 567.0639237886418
    vertex 2384.553773467936 209.00000000000102 567.0639237886418
  endloop
endfacet
facet normal 9.65028763033242e-16 0.25881904510262854 -0.9659258262890394
  outer loop
    vertex 2384.0537734679365 208.526060429978 566.8429221376375
    vertex 2384.5537734679365 208.02094453300177 566.7075767409585
    vertex 2384.0537734679365 208.02094453300177 566.7075767409585
  endloop
endfacet
facet normal 9.65028763033242e-16 0.25881904510262854 -0.9659258262890394
  outer loop
    vertex 2384.5537734679365 208.02094453300177 566.7075767409585
    vertex 2384.0537734679365 208.526060429978 566.8429221376375
    vertex 2384.5537734679365 208.526060429978 566.8429221376375
  endloop
endfacet
facet normal -1.648954946670827e-15 0.08715574274772972 -0.9961946980917394
  outer loop
    vertex 2384.0537734679365 208.02094453300177 566.7075767409585
    vertex 2384.5537734679365 207.500000000001 566.6619999999951
    vertex 2384.0537734679365 207.500000000001 566.6619999999951
  endloop
endfacet
facet normal -1.648954946670827e-15 0.08715574274772972 -0.9961946980917394
  outer loop
    vertex 2384.5537734679365 207.500000000001 566.6619999999951
    vertex 2384.0537734679365 208.02094453300177 566.7075767409585
    vertex 2384.5537734679365 208.02094453300177 566.7075767409585
  endloop
endfacet
facet normal -4.212835994733238e-15 -0.08715574274772972 -0.9961946980917394
  outer loop
    vertex 2384.0537734679365 207.500000000001 566.6619999999951
    vertex 2384.5537734679365 206.97905546700022 566.7075767409585
    vertex 2384.0537734679365 206.97905546700022 566.7075767409585
  endloop
endfacet
facet normal -4.212835994733238e-15 -0.08715574274772972 -0.9961946980917394
  outer loop
    vertex 2384.5537734679365 206.97905546700022 566.7075767409585
    vertex 2384.0537734679365 207.500000000001 566.6619999999951
    vertex 2384.5537734679365 207.500000000001 566.6619999999951
  endloop
endfacet
facet normal -6.648712152891946e-15 -0.25881904510262854 -0.9659258262890394
  outer loop
    vertex 2384.0537734679365 206.97905546700022 566.7075767409585
    vertex 2384.5537734679365 206.473939570024 566.8429221376377
    vertex 2384.0537734679365 206.473939570024 566.8429221376377
  endloop
endfacet
facet normal -6.648712152891946e-15 -0.25881904510262854 -0.9659258262890394
  outer loop
    vertex 2384.5537734679365 206.473939570024 566.8429221376377
    vertex 2384.0537734679365 206.97905546700022 566.7075767409585
    vertex 2384.5537734679365 206.97905546700022 566.7075767409585
  endloop
endfacet
facet normal -8.882570556691653e-15 -0.4226182617405385 -0.906307787036725
  outer loop
    vertex 2384.0537734679365 206.473939570024 566.8429221376377
    vertex 2384.553773467936 206.00000000000097 567.063923788642
    vertex 2384.053773467936 206.00000000000097 567.063923788642
  endloop
endfacet
facet normal -8.882570556691653e-15 -0.4226182617405385 -0.906307787036725
  outer loop
    vertex 2384.553773467936 206.00000000000097 567.063923788642
    vertex 2384.0537734679365 206.473939570024 566.8429221376377
    vertex 2384.5537734679365 206.473939570024 566.8429221376377
  endloop
endfacet
facet normal -1.0846536548930322e-14 -0.5735764363511039 -0.8191520442889513
  outer loop
    vertex 2384.053773467936 206.00000000000097 567.063923788642
    vertex 2384.553773467936 205.57163717094133 567.3638666706382
    vertex 2384.053773467936 205.57163717094136 567.3638666706382
  endloop
endfacet
facet normal -1.0846536548930322e-14 -0.5735764363511039 -0.8191520442889513
  outer loop
    vertex 2384.553773467936 205.57163717094133 567.3638666706382
    vertex 2384.053773467936 206.00000000000097 567.063923788642
    vertex 2384.553773467936 206.00000000000097 567.063923788642
  endloop
endfacet
facet normal -1.2480936016738476e-14 -0.7071067811865476 -0.7071067811865476
  outer loop
    vertex 2384.553773467936 205.57163717094133 567.3638666706382
    vertex 2384.053773467936 205.20186667064405 567.7336371709356
    vertex 2384.053773467936 205.57163717094136 567.3638666706382
  endloop
endfacet
facet normal -1.2480936016738476e-14 -0.7071067811865476 -0.7071067811865476
  outer loop
    vertex 2384.053773467936 205.20186667064405 567.7336371709356
    vertex 2384.553773467936 205.57163717094133 567.3638666706382
    vertex 2384.553773467936 205.20186667064402 567.7336371709356
  endloop
endfacet
facet normal -1.3736108559336966e-14 -0.8191520442889758 -0.5735764363510693
  outer loop
    vertex 2384.553773467936 205.20186667064402 567.7336371709356
    vertex 2384.053773467936 204.9019237886477 568.1619999999951
    vertex 2384.053773467936 205.20186667064405 567.7336371709356
  endloop
endfacet
facet normal -1.3736108559336966e-14 -0.8191520442889758 -0.5735764363510693
  outer loop
    vertex 2384.053773467936 204.9019237886477 568.1619999999951
    vertex 2384.553773467936 205.20186667064402 567.7336371709356
    vertex 2384.553773467936 204.90192378864765 568.1619999999951
  endloop
endfacet
facet normal -1.4573916394166582e-14 -0.9063077870366435 -0.4226182617407133
  outer loop
    vertex 2384.553773467936 204.90192378864765 568.1619999999951
    vertex 2384.053773467936 204.68092213764328 568.6359395700181
    vertex 2384.053773467936 204.9019237886477 568.1619999999951
  endloop
endfacet
facet normal -1.4573916394166582e-14 -0.9063077870366435 -0.4226182617407133
  outer loop
    vertex 2384.053773467936 204.68092213764328 568.6359395700181
    vertex 2384.553773467936 204.90192378864765 568.1619999999951
    vertex 2384.553773467936 204.68092213764325 568.6359395700181
  endloop
endfacet
facet normal -1.4968903154116915e-14 -0.9659258262890668 -0.25881904510252646
  outer loop
    vertex 2384.553773467936 204.68092213764325 568.6359395700181
    vertex 2384.053773467936 204.54557674096438 569.1410554669945
    vertex 2384.053773467936 204.68092213764328 568.6359395700181
  endloop
endfacet
facet normal -1.4968903154116915e-14 -0.9659258262890668 -0.25881904510252646
  outer loop
    vertex 2384.053773467936 204.54557674096438 569.1410554669945
    vertex 2384.553773467936 204.68092213764325 568.6359395700181
    vertex 2384.553773467936 204.54557674096432 569.1410554669945
  endloop
endfacet
facet normal -1.4909067366359822e-14 -0.9961946980917468 -0.0871557427476441
  outer loop
    vertex 2384.553773467936 204.54557674096432 569.1410554669945
    vertex 2384.053773467936 204.50000000000097 569.6619999999951
    vertex 2384.053773467936 204.54557674096438 569.1410554669945
  endloop
endfacet
facet normal -1.4909067366359822e-14 -0.9961946980917468 -0.0871557427476441
  outer loop
    vertex 2384.053773467936 204.50000000000097 569.6619999999951
    vertex 2384.553773467936 204.54557674096432 569.1410554669945
    vertex 2384.553773467936 204.50000000000097 569.6619999999951
  endloop
endfacet
facet normal 0.934370375257403 0.35506074259781895 0.029729966485440292
  outer loop
    vertex 2386.4537734679366 207.0000000000005 580.6619999999956
    vertex 2384.5537734679365 212.00000000000102 580.6619999999957
    vertex 2386.1674098315734 207.00000000000043 589.6619999999955
  endloop
endfacet
facet normal 1.7635284389279962e-14 0.874157276121509 0.4856429311786839
  outer loop
    vertex 2362.8537734679367 207.00000000000088 589.6619999999955
    vertex 2384.5537734679365 212.00000000000102 580.6619999999957
    vertex 2362.853773467936 212.00000000000134 580.661999999996
  endloop
endfacet
facet normal 1.7635284389279962e-14 0.874157276121509 0.4856429311786839
  outer loop
    vertex 2384.5537734679365 212.00000000000102 580.6619999999957
    vertex 2362.8537734679367 207.00000000000088 589.6619999999955
    vertex 2386.1674098315734 207.00000000000043 589.6619999999955
  endloop
endfacet
facet normal 2.5633644341000667e-14 2.0333257465609722e-16 1.0
  outer loop
    vertex 2393.853773467936 184.00000000000045 580.6619999999954
    vertex 2389.10944763647 190.59861519036193 580.6619999999956
    vertex 2388.553773467936 190.55000000000103 580.6619999999956
  endloop
endfacet
facet normal 2.5633644341000667e-14 2.0333257465609722e-16 1.0
  outer loop
    vertex 2389.10944763647 190.59861519036193 580.6619999999956
    vertex 2393.853773467936 184.00000000000045 580.6619999999954
    vertex 2389.648237926578 190.7429836134861 580.6619999999956
  endloop
endfacet
facet normal 2.5633644341000667e-14 2.0333257465609722e-16 1.0
  outer loop
    vertex 2389.648237926578 190.7429836134861 580.6619999999956
    vertex 2393.853773467936 184.00000000000045 580.6619999999954
    vertex 2390.153773467936 190.97871870789083 580.6619999999956
  endloop
endfacet
facet normal 2.5633644341000667e-14 2.0333257465609722e-16 1.0
  outer loop
    vertex 2390.153773467936 190.97871870789083 580.6619999999956
    vertex 2393.853773467936 184.00000000000045 580.6619999999954
    vertex 2390.610693818933 191.29865778202034 580.6619999999956
  endloop
endfacet
facet normal 2.5633644341000667e-14 2.0333257465609722e-16 1.0
  outer loop
    vertex 2390.610693818933 191.29865778202034 580.6619999999956
    vertex 2393.853773467936 184.00000000000045 580.6619999999954
    vertex 2391.0051156859167 191.69307964900412 580.6619999999956
  endloop
endfacet
facet normal 2.5633644341000667e-14 2.0333257465609722e-16 1.0
  outer loop
    vertex 2391.0051156859167 191.69307964900412 580.6619999999956
    vertex 2393.853773467936 184.00000000000045 580.6619999999954
    vertex 2391.325054760046 192.150000000001 580.6619999999956
  endloop
endfacet
facet normal 2.5633644341000667e-14 2.0333257465609722e-16 1.0
  outer loop
    vertex 2391.325054760046 192.150000000001 580.6619999999956
    vertex 2393.853773467936 184.00000000000045 580.6619999999954
    vertex 2391.560789854451 192.65553554135886 580.6619999999956
  endloop
endfacet
facet normal 2.5633644341000667e-14 2.0333257465609722e-16 1.0
  outer loop
    vertex 2391.560789854451 192.65553554135886 580.6619999999956
    vertex 2393.853773467936 184.00000000000045 580.6619999999954
    vertex 2391.7051582775753 193.19432583146684 580.6619999999956
  endloop
endfacet
facet normal 2.5633644341000667e-14 2.0333257465609722e-16 1.0
  outer loop
    vertex 2391.7051582775753 193.19432583146684 580.6619999999956
    vertex 2393.853773467936 184.00000000000045 580.6619999999954
    vertex 2391.7537734679363 193.750000000001 580.6619999999956
  endloop
endfacet
facet normal 2.5633644341000667e-14 2.0333257465609722e-16 1.0
  outer loop
    vertex 2391.7537734679363 193.750000000001 580.6619999999956
    vertex 2393.853773467936 184.00000000000045 580.6619999999954
    vertex 2393.8537734679367 226.25000000000082 580.6619999999951
  endloop
endfacet
facet normal 2.5633644341000667e-14 2.0333257465609722e-16 1.0
  outer loop
    vertex 2391.7537734679363 193.750000000001 580.6619999999956
    vertex 2393.8537734679367 226.25000000000082 580.6619999999951
    vertex 2391.7051582775753 194.30567416853523 580.6619999999956
  endloop
endfacet
facet normal 2.5633644341000667e-14 2.0333257465609722e-16 1.0
  outer loop
    vertex 2391.7051582775753 194.30567416853523 580.6619999999956
    vertex 2393.8537734679367 226.25000000000082 580.6619999999951
    vertex 2391.560789854451 194.8444644586431 580.6619999999958
  endloop
endfacet
facet normal 2.5633644341000667e-14 2.0333257465609722e-16 1.0
  outer loop
    vertex 2391.560789854451 194.8444644586431 580.6619999999958
    vertex 2393.8537734679367 226.25000000000082 580.6619999999951
    vertex 2391.325054760046 195.350000000001 580.6619999999958
  endloop
endfacet
facet normal 2.5633644341000667e-14 2.0333257465609722e-16 1.0
  outer loop
    vertex 2391.325054760046 195.350000000001 580.6619999999958
    vertex 2393.8537734679367 226.25000000000082 580.6619999999951
    vertex 2391.0051156859167 195.80692035099796 580.6619999999958
  endloop
endfacet
facet normal 2.5633644341000667e-14 2.0333257465609722e-16 1.0
  outer loop
    vertex 2391.0051156859167 195.80692035099796 580.6619999999958
    vertex 2393.8537734679367 226.25000000000082 580.6619999999951
    vertex 2390.610693818933 196.20134221798173 580.6619999999958
  endloop
endfacet
facet normal 2.5633644341000667e-14 2.0333257465609722e-16 1.0
  outer loop
    vertex 2390.610693818933 196.20134221798173 580.6619999999958
    vertex 2393.8537734679367 226.25000000000082 580.6619999999951
    vertex 2390.1537734679364 196.52128129211127 580.6619999999956
  endloop
endfacet
facet normal 2.5633644341000667e-14 2.0333257465609722e-16 1.0
  outer loop
    vertex 2390.1537734679364 196.52128129211127 580.6619999999956
    vertex 2393.8537734679367 226.25000000000082 580.6619999999951
    vertex 2389.648237926578 196.75701638651591 580.6619999999956
  endloop
endfacet
facet normal 2.5633644341000667e-14 2.0333257465609722e-16 1.0
  outer loop
    vertex 2389.648237926578 196.75701638651591 580.6619999999956
    vertex 2393.8537734679367 226.25000000000082 580.6619999999951
    vertex 2389.10944763647 196.9013848096401 580.6619999999956
  endloop
endfacet
facet normal 2.5633644341000667e-14 2.0333257465609722e-16 1.0
  outer loop
    vertex 2389.10944763647 196.9013848096401 580.6619999999956
    vertex 2393.8537734679367 226.25000000000082 580.6619999999951
    vertex 2391.7051582775757 213.1943258314668 580.6619999999947
  endloop
endfacet
facet normal 2.5633644341000667e-14 2.0333257465609722e-16 1.0
  outer loop
    vertex 2389.10944763647 196.9013848096401 580.6619999999956
    vertex 2391.7051582775757 213.1943258314668 580.6619999999947
    vertex 2388.553773467936 196.95000000000104 580.6619999999956
  endloop
endfacet
facet normal 2.5633644341000667e-14 2.0333257465609722e-16 1.0
  outer loop
    vertex 2388.553773467936 196.95000000000104 580.6619999999956
    vertex 2391.7051582775757 213.1943258314668 580.6619999999947
    vertex 2391.5607898544513 212.6555355413589 580.6619999999947
  endloop
endfacet
facet normal 2.5633644341000667e-14 2.0333257465609722e-16 1.0
  outer loop
    vertex 2388.553773467936 196.95000000000104 580.6619999999956
    vertex 2391.5607898544513 212.6555355413589 580.6619999999947
    vertex 2386.4537734679366 200.00000000000054 580.6619999999953
  endloop
endfacet
facet normal 2.5633644341000667e-14 2.0333257465609722e-16 1.0
  outer loop
    vertex 2386.4537734679366 200.00000000000054 580.6619999999953
    vertex 2391.5607898544513 212.6555355413589 580.6619999999947
    vertex 2391.3250547600464 212.15000000000103 580.6619999999947
  endloop
endfacet
facet normal 2.5633644341000667e-14 2.0333257465609722e-16 1.0
  outer loop
    vertex 2386.4537734679366 200.00000000000054 580.6619999999953
    vertex 2391.3250547600464 212.15000000000103 580.6619999999947
    vertex 2391.0051156859167 211.69307964900412 580.6619999999947
  endloop
endfacet
facet normal 2.5633644341000667e-14 2.0333257465609722e-16 1.0
  outer loop
    vertex 2386.4537734679366 200.00000000000054 580.6619999999953
    vertex 2391.0051156859167 211.69307964900412 580.6619999999947
    vertex 2386.4537734679366 207.0000000000005 580.6619999999956
  endloop
endfacet
facet normal 2.5633644341000667e-14 2.0333257465609722e-16 1.0
  outer loop
    vertex 2386.4537734679366 207.0000000000005 580.6619999999956
    vertex 2391.0051156859167 211.69307964900412 580.6619999999947
    vertex 2390.610693818933 211.2986577820203 580.6619999999948
  endloop
endfacet
facet normal 2.5633644341000667e-14 2.0333257465609722e-16 1.0
  outer loop
    vertex 2386.4537734679366 207.0000000000005 580.6619999999956
    vertex 2390.610693818933 211.2986577820203 580.6619999999948
    vertex 2390.1537734679364 210.9787187078908 580.6619999999948
  endloop
endfacet
facet normal 2.5633644341000667e-14 2.0333257465609722e-16 1.0
  outer loop
    vertex 2386.4537734679366 207.0000000000005 580.6619999999956
    vertex 2390.1537734679364 210.9787187078908 580.6619999999948
    vertex 2389.648237926578 210.7429836134861 580.6619999999948
  endloop
endfacet
facet normal 2.5633644341000667e-14 2.0333257465609722e-16 1.0
  outer loop
    vertex 2386.4537734679366 207.0000000000005 580.6619999999956
    vertex 2389.648237926578 210.7429836134861 580.6619999999948
    vertex 2389.10944763647 210.59861519036193 580.6619999999948
  endloop
endfacet
facet normal 2.5633644341000667e-14 2.0333257465609722e-16 1.0
  outer loop
    vertex 2386.4537734679366 207.0000000000005 580.6619999999956
    vertex 2389.10944763647 210.59861519036193 580.6619999999948
    vertex 2388.553773467936 210.55000000000103 580.6619999999947
  endloop
endfacet
facet normal 2.5633644341000667e-14 2.0333257465609722e-16 1.0
  outer loop
    vertex 2391.7051582775757 213.1943258314668 580.6619999999947
    vertex 2393.8537734679367 226.25000000000082 580.6619999999951
    vertex 2391.7537734679363 213.75000000000097 580.6619999999947
  endloop
endfacet
facet normal 2.5633644341000667e-14 2.0333257465609722e-16 1.0
  outer loop
    vertex 2391.7537734679363 213.75000000000097 580.6619999999947
    vertex 2393.8537734679367 226.25000000000082 580.6619999999951
    vertex 2391.7051582775757 214.30567416853518 580.6619999999947
  endloop
endfacet
facet normal 2.5633644341000667e-14 2.0333257465609722e-16 1.0
  outer loop
    vertex 2391.7051582775757 214.30567416853518 580.6619999999947
    vertex 2393.8537734679367 226.25000000000082 580.6619999999951
    vertex 2391.5607898544513 214.84446445864313 580.6619999999947
  endloop
endfacet
facet normal 2.5633644341000667e-14 2.0333257465609722e-16 1.0
  outer loop
    vertex 2391.5607898544513 214.84446445864313 580.6619999999947
    vertex 2393.8537734679367 226.25000000000082 580.6619999999951
    vertex 2391.3250547600464 215.35000000000102 580.6619999999947
  endloop
endfacet
facet normal 2.5633644341000667e-14 2.0333257465609722e-16 1.0
  outer loop
    vertex 2391.3250547600464 215.35000000000102 580.6619999999947
    vertex 2393.8537734679367 226.25000000000082 580.6619999999951
    vertex 2391.0051156859167 215.80692035099793 580.6619999999947
  endloop
endfacet
facet normal 2.5633644341000667e-14 2.0333257465609722e-16 1.0
  outer loop
    vertex 2391.0051156859167 215.80692035099793 580.6619999999947
    vertex 2393.8537734679367 226.25000000000082 580.6619999999951
    vertex 2390.6106938189337 216.20134221798173 580.6619999999947
  endloop
endfacet
facet normal 2.5633644341000667e-14 2.0333257465609722e-16 1.0
  outer loop
    vertex 2390.6106938189337 216.20134221798173 580.6619999999947
    vertex 2393.8537734679367 226.25000000000082 580.6619999999951
    vertex 2390.1537734679364 216.52128129211124 580.6619999999947
  endloop
endfacet
facet normal 2.5633644341000667e-14 2.0333257465609722e-16 1.0
  outer loop
    vertex 2390.1537734679364 216.52128129211124 580.6619999999947
    vertex 2393.8537734679367 226.25000000000082 580.6619999999951
    vertex 2389.6482379265785 216.75701638651591 580.6619999999947
  endloop
endfacet
facet normal 2.5633644341000667e-14 2.0333257465609722e-16 1.0
  outer loop
    vertex 2389.6482379265785 216.75701638651591 580.6619999999947
    vertex 2393.8537734679367 226.25000000000082 580.6619999999951
    vertex 2389.1094476364706 216.9013848096401 580.6619999999947
  endloop
endfacet
facet normal 2.5633644341000667e-14 2.0333257465609722e-16 1.0
  outer loop
    vertex 2389.1094476364706 216.9013848096401 580.6619999999947
    vertex 2393.8537734679367 226.25000000000082 580.6619999999951
    vertex 2388.553773467936 216.950000000001 580.6619999999947
  endloop
endfacet
facet normal 2.5633644341000667e-14 2.0333257465609722e-16 1.0
  outer loop
    vertex 2388.553773467936 216.950000000001 580.6619999999947
    vertex 2393.8537734679367 226.25000000000082 580.6619999999951
    vertex 2384.5537734679365 217.00000000000085 580.6619999999951
  endloop
endfacet
facet normal 2.5633644341000667e-14 2.0333257465609722e-16 1.0
  outer loop
    vertex 2384.5537734679365 217.00000000000085 580.6619999999951
    vertex 2393.8537734679367 226.25000000000082 580.6619999999951
    vertex 2362.8537734679367 217.0000000000012 580.661999999996
  endloop
endfacet
facet normal 2.5633644341000667e-14 2.0333257465609722e-16 1.0
  outer loop
    vertex 2362.8537734679367 217.0000000000012 580.661999999996
    vertex 2393.8537734679367 226.25000000000082 580.6619999999951
    vertex 2362.853773467937 229.00000000000117 580.6619999999963
  endloop
endfacet
facet normal 2.5633644341000667e-14 2.0333257465609722e-16 1.0
  outer loop
    vertex 2362.853773467937 229.00000000000117 580.6619999999963
    vertex 2393.8537734679367 226.25000000000082 580.6619999999951
    vertex 2393.8537734679367 229.00000000000085 580.6619999999951
  endloop
endfacet
facet normal 2.5633644341000667e-14 2.0333257465609722e-16 1.0
  outer loop
    vertex 2386.4537734679366 207.0000000000005 580.6619999999956
    vertex 2387.4593090092944 210.74298361348616 580.6619999999947
    vertex 2384.5537734679365 212.00000000000102 580.6619999999957
  endloop
endfacet
facet normal 2.5633644341000667e-14 2.0333257465609722e-16 1.0
  outer loop
    vertex 2387.4593090092944 210.74298361348616 580.6619999999947
    vertex 2386.4537734679366 207.0000000000005 580.6619999999956
    vertex 2387.9980992994024 210.59861519036198 580.6619999999947
  endloop
endfacet
facet normal 2.5633644341000667e-14 2.0333257465609722e-16 1.0
  outer loop
    vertex 2387.9980992994024 210.59861519036198 580.6619999999947
    vertex 2386.4537734679366 207.0000000000005 580.6619999999956
    vertex 2388.553773467936 210.55000000000103 580.6619999999947
  endloop
endfacet
facet normal 2.5633644341000667e-14 2.0333257465609722e-16 1.0
  outer loop
    vertex 2384.5537734679365 212.00000000000102 580.6619999999957
    vertex 2387.4593090092944 210.74298361348616 580.6619999999947
    vertex 2386.953773467936 210.97871870789086 580.6619999999947
  endloop
endfacet
facet normal 2.5633644341000667e-14 2.0333257465609722e-16 1.0
  outer loop
    vertex 2384.5537734679365 212.00000000000102 580.6619999999957
    vertex 2386.953773467936 210.97871870789086 580.6619999999947
    vertex 2386.4968531169393 211.29865778202037 580.6619999999947
  endloop
endfacet
facet normal 2.5633644341000667e-14 2.0333257465609722e-16 1.0
  outer loop
    vertex 2384.5537734679365 212.00000000000102 580.6619999999957
    vertex 2386.4968531169393 211.29865778202037 580.6619999999947
    vertex 2386.1024312499558 211.69307964900415 580.6619999999947
  endloop
endfacet
facet normal 2.5633644341000667e-14 2.0333257465609722e-16 1.0
  outer loop
    vertex 2384.5537734679365 212.00000000000102 580.6619999999957
    vertex 2386.1024312499558 211.69307964900415 580.6619999999947
    vertex 2385.782492175826 212.15000000000106 580.6619999999947
  endloop
endfacet
facet normal 2.5633644341000667e-14 2.0333257465609722e-16 1.0
  outer loop
    vertex 2384.5537734679365 212.00000000000102 580.6619999999957
    vertex 2385.782492175826 212.15000000000106 580.6619999999947
    vertex 2385.5467570814217 212.65553554135894 580.6619999999947
  endloop
endfacet
facet normal 2.5633644341000667e-14 2.0333257465609722e-16 1.0
  outer loop
    vertex 2384.5537734679365 212.00000000000102 580.6619999999957
    vertex 2385.5467570814217 212.65553554135894 580.6619999999947
    vertex 2385.4023886582972 213.19432583146687 580.6619999999947
  endloop
endfacet
facet normal 2.5633644341000667e-14 2.0333257465609722e-16 1.0
  outer loop
    vertex 2384.5537734679365 212.00000000000102 580.6619999999957
    vertex 2385.4023886582972 213.19432583146687 580.6619999999947
    vertex 2384.5537734679365 217.00000000000085 580.6619999999951
  endloop
endfacet
facet normal 2.5633644341000667e-14 2.0333257465609722e-16 1.0
  outer loop
    vertex 2384.5537734679365 217.00000000000085 580.6619999999951
    vertex 2385.4023886582972 213.19432583146687 580.6619999999947
    vertex 2385.353773467936 213.7500000000011 580.6619999999947
  endloop
endfacet
facet normal 2.5633644341000667e-14 2.0333257465609722e-16 1.0
  outer loop
    vertex 2384.5537734679365 217.00000000000085 580.6619999999951
    vertex 2385.353773467936 213.7500000000011 580.6619999999947
    vertex 2385.4023886582972 214.30567416853526 580.6619999999947
  endloop
endfacet
facet normal 2.5633644341000667e-14 2.0333257465609722e-16 1.0
  outer loop
    vertex 2384.5537734679365 217.00000000000085 580.6619999999951
    vertex 2385.4023886582972 214.30567416853526 580.6619999999947
    vertex 2385.5467570814217 214.8444644586432 580.6619999999947
  endloop
endfacet
facet normal 2.5633644341000667e-14 2.0333257465609722e-16 1.0
  outer loop
    vertex 2384.5537734679365 217.00000000000085 580.6619999999951
    vertex 2385.5467570814217 214.8444644586432 580.6619999999947
    vertex 2385.782492175826 215.35000000000107 580.6619999999947
  endloop
endfacet
facet normal 2.5633644341000667e-14 2.0333257465609722e-16 1.0
  outer loop
    vertex 2384.5537734679365 217.00000000000085 580.6619999999951
    vertex 2385.782492175826 215.35000000000107 580.6619999999947
    vertex 2386.1024312499558 215.80692035099798 580.6619999999947
  endloop
endfacet
facet normal 2.5633644341000667e-14 2.0333257465609722e-16 1.0
  outer loop
    vertex 2384.5537734679365 217.00000000000085 580.6619999999951
    vertex 2386.1024312499558 215.80692035099798 580.6619999999947
    vertex 2386.4968531169393 216.20134221798176 580.6619999999947
  endloop
endfacet
facet normal 2.5633644341000667e-14 2.0333257465609722e-16 1.0
  outer loop
    vertex 2384.5537734679365 217.00000000000085 580.6619999999951
    vertex 2386.4968531169393 216.20134221798176 580.6619999999947
    vertex 2386.953773467936 216.52128129211127 580.6619999999947
  endloop
endfacet
facet normal 2.5633644341000667e-14 2.0333257465609722e-16 1.0
  outer loop
    vertex 2384.5537734679365 217.00000000000085 580.6619999999951
    vertex 2386.953773467936 216.52128129211127 580.6619999999947
    vertex 2387.4593090092944 216.75701638651597 580.6619999999947
  endloop
endfacet
facet normal 2.5633644341000667e-14 2.0333257465609722e-16 1.0
  outer loop
    vertex 2384.5537734679365 217.00000000000085 580.6619999999951
    vertex 2387.4593090092944 216.75701638651597 580.6619999999947
    vertex 2387.9980992994024 216.90138480964015 580.6619999999947
  endloop
endfacet
facet normal 2.5633644341000667e-14 2.0333257465609722e-16 1.0
  outer loop
    vertex 2384.5537734679365 217.00000000000085 580.6619999999951
    vertex 2387.9980992994024 216.90138480964015 580.6619999999947
    vertex 2388.553773467936 216.950000000001 580.6619999999947
  endloop
endfacet
facet normal 2.5633644341000667e-14 2.0333257465609722e-16 1.0
  outer loop
    vertex 2379.9537734679366 202.00000000000063 580.6619999999956
    vertex 2367.4537734679366 200.0000000000008 580.6619999999959
    vertex 2379.9537734679366 200.00000000000063 580.6619999999953
  endloop
endfacet
facet normal 2.5633644341000667e-14 2.0333257465609722e-16 1.0
  outer loop
    vertex 2367.4537734679366 200.0000000000008 580.6619999999959
    vertex 2379.9537734679366 202.00000000000063 580.6619999999956
    vertex 2367.4537734679366 202.0000000000008 580.6619999999959
  endloop
endfacet
facet normal 2.5633644341000667e-14 2.0333257465609722e-16 1.0
  outer loop
    vertex 2393.853773467936 181.25000000000045 580.6619999999954
    vertex 2358.8537734679367 200.00000000000094 580.6619999999957
    vertex 2358.8537734679367 181.25000000000088 580.6619999999962
  endloop
endfacet
facet normal 2.5633644341000667e-14 2.0333257465609722e-16 1.0
  outer loop
    vertex 2358.8537734679367 200.00000000000094 580.6619999999957
    vertex 2393.853773467936 181.25000000000045 580.6619999999954
    vertex 2393.853773467936 184.00000000000045 580.6619999999954
  endloop
endfacet
facet normal 2.5633644341000667e-14 2.0333257465609722e-16 1.0
  outer loop
    vertex 2358.8537734679367 200.00000000000094 580.6619999999957
    vertex 2393.853773467936 184.00000000000045 580.6619999999954
    vertex 2387.459309009294 190.7429836134862 580.6619999999956
  endloop
endfacet
facet normal 2.5633644341000667e-14 2.0333257465609722e-16 1.0
  outer loop
    vertex 2387.459309009294 190.7429836134862 580.6619999999956
    vertex 2393.853773467936 184.00000000000045 580.6619999999954
    vertex 2387.998099299402 190.59861519036195 580.6619999999956
  endloop
endfacet
facet normal 2.5633644341000667e-14 2.0333257465609722e-16 1.0
  outer loop
    vertex 2387.998099299402 190.59861519036195 580.6619999999956
    vertex 2393.853773467936 184.00000000000045 580.6619999999954
    vertex 2388.553773467936 190.55000000000103 580.6619999999956
  endloop
endfacet
facet normal 2.5633644341000667e-14 2.0333257465609722e-16 1.0
  outer loop
    vertex 2358.8537734679367 200.00000000000094 580.6619999999957
    vertex 2387.459309009294 190.7429836134862 580.6619999999956
    vertex 2386.953773467936 190.9787187078909 580.6619999999956
  endloop
endfacet
facet normal 2.5633644341000667e-14 2.0333257465609722e-16 1.0
  outer loop
    vertex 2358.8537734679367 200.00000000000094 580.6619999999957
    vertex 2386.953773467936 190.9787187078909 580.6619999999956
    vertex 2386.496853116939 191.2986577820204 580.6619999999956
  endloop
endfacet
facet normal 2.5633644341000667e-14 2.0333257465609722e-16 1.0
  outer loop
    vertex 2358.8537734679367 200.00000000000094 580.6619999999957
    vertex 2386.496853116939 191.2986577820204 580.6619999999956
    vertex 2386.1024312499553 191.69307964900418 580.6619999999956
  endloop
endfacet
facet normal 2.5633644341000667e-14 2.0333257465609722e-16 1.0
  outer loop
    vertex 2358.8537734679367 200.00000000000094 580.6619999999957
    vertex 2386.1024312499553 191.69307964900418 580.6619999999956
    vertex 2385.782492175826 192.15000000000109 580.6619999999958
  endloop
endfacet
facet normal 2.5633644341000667e-14 2.0333257465609722e-16 1.0
  outer loop
    vertex 2358.8537734679367 200.00000000000094 580.6619999999957
    vertex 2385.782492175826 192.15000000000109 580.6619999999958
    vertex 2385.546757081421 192.65553554135894 580.6619999999958
  endloop
endfacet
facet normal 2.5633644341000667e-14 2.0333257465609722e-16 1.0
  outer loop
    vertex 2358.8537734679367 200.00000000000094 580.6619999999957
    vertex 2385.546757081421 192.65553554135894 580.6619999999958
    vertex 2385.402388658297 193.19432583146693 580.6619999999958
  endloop
endfacet
facet normal 2.5633644341000667e-14 2.0333257465609722e-16 1.0
  outer loop
    vertex 2358.8537734679367 200.00000000000094 580.6619999999957
    vertex 2385.402388658297 193.19432583146693 580.6619999999958
    vertex 2385.353773467936 193.75000000000108 580.6619999999958
  endloop
endfacet
facet normal 2.5633644341000667e-14 2.0333257465609722e-16 1.0
  outer loop
    vertex 2358.8537734679367 200.00000000000094 580.6619999999957
    vertex 2385.353773467936 193.75000000000108 580.6619999999958
    vertex 2385.402388658297 194.30567416853532 580.6619999999956
  endloop
endfacet
facet normal 2.5633644341000667e-14 2.0333257465609722e-16 1.0
  outer loop
    vertex 2358.8537734679367 200.00000000000094 580.6619999999957
    vertex 2385.402388658297 194.30567416853532 580.6619999999956
    vertex 2385.546757081421 194.8444644586432 580.6619999999956
  endloop
endfacet
facet normal 2.5633644341000667e-14 2.0333257465609722e-16 1.0
  outer loop
    vertex 2358.8537734679367 200.00000000000094 580.6619999999957
    vertex 2385.546757081421 194.8444644586432 580.6619999999956
    vertex 2385.782492175826 195.35000000000107 580.6619999999956
  endloop
endfacet
facet normal 2.5633644341000667e-14 2.0333257465609722e-16 1.0
  outer loop
    vertex 2358.8537734679367 200.00000000000094 580.6619999999957
    vertex 2385.782492175826 195.35000000000107 580.6619999999956
    vertex 2386.1024312499553 195.806920350998 580.6619999999956
  endloop
endfacet
facet normal 2.5633644341000667e-14 2.0333257465609722e-16 1.0
  outer loop
    vertex 2358.8537734679367 200.00000000000094 580.6619999999957
    vertex 2386.1024312499553 195.806920350998 580.6619999999956
    vertex 2386.496853116939 196.20134221798182 580.6619999999956
  endloop
endfacet
facet normal 2.5633644341000667e-14 2.0333257465609722e-16 1.0
  outer loop
    vertex 2358.8537734679367 200.00000000000094 580.6619999999957
    vertex 2386.496853116939 196.20134221798182 580.6619999999956
    vertex 2386.953773467936 196.52128129211133 580.6619999999956
  endloop
endfacet
facet normal 2.5633644341000667e-14 2.0333257465609722e-16 1.0
  outer loop
    vertex 2358.8537734679367 200.00000000000094 580.6619999999957
    vertex 2386.953773467936 196.52128129211133 580.6619999999956
    vertex 2387.459309009294 196.757016386516 580.6619999999956
  endloop
endfacet
facet normal 2.5633644341000667e-14 2.0333257465609722e-16 1.0
  outer loop
    vertex 2358.8537734679367 200.00000000000094 580.6619999999957
    vertex 2387.459309009294 196.757016386516 580.6619999999956
    vertex 2387.998099299402 196.90138480964012 580.6619999999956
  endloop
endfacet
facet normal 2.5633644341000667e-14 2.0333257465609722e-16 1.0
  outer loop
    vertex 2358.8537734679367 200.00000000000094 580.6619999999957
    vertex 2387.998099299402 196.90138480964012 580.6619999999956
    vertex 2388.553773467936 196.95000000000104 580.6619999999956
  endloop
endfacet
facet normal 2.5633644341000667e-14 2.0333257465609722e-16 1.0
  outer loop
    vertex 2358.8537734679367 200.00000000000094 580.6619999999957
    vertex 2388.553773467936 196.95000000000104 580.6619999999956
    vertex 2386.4537734679366 200.00000000000054 580.6619999999953
  endloop
endfacet
facet normal 2.5633644341000667e-14 2.0333257465609722e-16 1.0
  outer loop
    vertex 2358.8537734679367 200.00000000000094 580.6619999999957
    vertex 2386.4537734679366 200.00000000000054 580.6619999999953
    vertex 2379.9537734679366 200.00000000000063 580.6619999999953
  endloop
endfacet
facet normal 2.5633644341000667e-14 2.0333257465609722e-16 1.0
  outer loop
    vertex 2358.8537734679367 200.00000000000094 580.6619999999957
    vertex 2379.9537734679366 200.00000000000063 580.6619999999953
    vertex 2367.4537734679366 200.0000000000008 580.6619999999959
  endloop
endfacet
facet normal 1.0 -3.066420514739227e-14 -2.1950764287761623e-14
  outer loop
    vertex 2362.853773467936 211.0729201025345 572.9111913615887
    vertex 2362.853773467936 219.47905546699985 572.6164232590318
    vertex 2362.853773467936 220.00000000000063 572.6619999999951
  endloop
endfacet
facet normal 1.0 -3.066420514739227e-14 -2.1950764287761623e-14
  outer loop
    vertex 2362.853773467936 219.47905546699985 572.6164232590318
    vertex 2362.853773467936 211.0729201025345 572.9111913615887
    vertex 2362.853773467936 210.64432634638467 571.3116576878308
  endloop
endfacet
facet normal 1.0 -3.066420514739227e-14 -2.1950764287761623e-14
  outer loop
    vertex 2362.853773467936 219.47905546699985 572.6164232590318
    vertex 2362.853773467936 210.64432634638467 571.3116576878308
    vertex 2362.853773467936 218.97393957002365 572.4810778623528
  endloop
endfacet
facet normal 1.0 -3.066420514739227e-14 -2.1950764287761623e-14
  outer loop
    vertex 2362.853773467936 218.97393957002365 572.4810778623528
    vertex 2362.853773467936 210.64432634638467 571.3116576878308
    vertex 2362.853773467936 218.50000000000063 572.2600762113484
  endloop
endfacet
facet normal 1.0 -3.066420514739227e-14 -2.1950764287761623e-14
  outer loop
    vertex 2362.853773467936 218.50000000000063 572.2600762113484
    vertex 2362.853773467936 210.64432634638467 571.3116576878308
    vertex 2362.853773467936 218.07163717094102 571.960133329352
  endloop
endfacet
facet normal 1.0 -3.066420514739227e-14 -2.1950764287761623e-14
  outer loop
    vertex 2362.853773467936 218.07163717094102 571.960133329352
    vertex 2362.853773467936 210.64432634638467 571.3116576878308
    vertex 2362.853773467936 217.7018666706437 571.5903628290547
  endloop
endfacet
facet normal 1.0 -3.066420514739227e-14 -2.1950764287761623e-14
  outer loop
    vertex 2362.853773467936 217.7018666706437 571.5903628290547
    vertex 2362.853773467936 210.64432634638467 571.3116576878308
    vertex 2362.853773467936 217.40192378864734 571.1619999999951
  endloop
endfacet
facet normal 1.0 -3.066420514739227e-14 -2.1950764287761623e-14
  outer loop
    vertex 2362.853773467936 217.40192378864734 571.1619999999951
    vertex 2362.853773467936 210.64432634638467 571.3116576878308
    vertex 2362.853773467936 210.50000000000063 569.661999999995
  endloop
endfacet
facet normal 1.0 -3.066420514739227e-14 -2.1950764287761623e-14
  outer loop
    vertex 2362.853773467936 217.40192378864734 571.1619999999951
    vertex 2362.853773467936 210.50000000000063 569.661999999995
    vertex 2362.853773467936 217.1809221376429 570.6880604299721
  endloop
endfacet
facet normal 1.0 -3.066420514739227e-14 -2.1950764287761623e-14
  outer loop
    vertex 2362.853773467936 217.1809221376429 570.6880604299721
    vertex 2362.853773467936 210.50000000000063 569.661999999995
    vertex 2362.853773467936 217.045576740964 570.1829445329959
  endloop
endfacet
facet normal 1.0 -3.066420514739227e-14 -2.1950764287761623e-14
  outer loop
    vertex 2362.853773467936 217.045576740964 570.1829445329959
    vertex 2362.853773467936 210.50000000000063 569.661999999995
    vertex 2362.853773467936 217.00000000000065 569.661999999995
  endloop
endfacet
facet normal 1.0 -3.066420514739227e-14 -2.1950764287761623e-14
  outer loop
    vertex 2362.853773467936 217.00000000000065 569.661999999995
    vertex 2362.853773467936 210.50000000000063 569.661999999995
    vertex 2362.853773467936 210.64432634638467 568.0123423121591
  endloop
endfacet
facet normal 1.0 -3.066420514739227e-14 -2.1950764287761623e-14
  outer loop
    vertex 2362.853773467936 217.00000000000065 569.661999999995
    vertex 2362.853773467936 210.64432634638467 568.0123423121591
    vertex 2362.853773467936 217.045576740964 569.1410554669943
  endloop
endfacet
facet normal 1.0 -3.066420514739227e-14 -2.1950764287761623e-14
  outer loop
    vertex 2362.853773467936 217.045576740964 569.1410554669943
    vertex 2362.853773467936 210.64432634638467 568.0123423121591
    vertex 2362.853773467936 217.1809221376429 568.6359395700181
  endloop
endfacet
facet normal 1.0 -3.066420514739227e-14 -2.1950764287761623e-14
  outer loop
    vertex 2362.853773467936 217.1809221376429 568.6359395700181
    vertex 2362.853773467936 210.64432634638467 568.0123423121591
    vertex 2362.853773467936 217.40192378864734 568.161999999995
  endloop
endfacet
facet normal 1.0 -3.066420514739227e-14 -2.1950764287761623e-14
  outer loop
    vertex 2362.853773467936 217.40192378864734 568.161999999995
    vertex 2362.853773467936 210.64432634638467 568.0123423121591
    vertex 2362.853773467936 217.7018666706438 567.7336371709355
  endloop
endfacet
facet normal 1.0 -3.066420514739227e-14 -2.1950764287761623e-14
  outer loop
    vertex 2362.853773467936 217.7018666706438 567.7336371709355
    vertex 2362.853773467936 210.64432634638467 568.0123423121591
    vertex 2362.853773467936 211.07292010253454 566.4128086384012
  endloop
endfacet
facet normal 1.0 -3.066420514739227e-14 -2.1950764287761623e-14
  outer loop
    vertex 2362.853773467936 217.7018666706438 567.7336371709355
    vertex 2362.853773467936 211.07292010253454 566.4128086384012
    vertex 2362.853773467936 218.0716371709411 567.3638666706382
  endloop
endfacet
facet normal 1.0 -3.066420514739227e-14 -2.1950764287761623e-14
  outer loop
    vertex 2362.853773467936 218.0716371709411 567.3638666706382
    vertex 2362.853773467936 211.07292010253454 566.4128086384012
    vertex 2362.853773467936 218.5000000000007 567.0639237886418
  endloop
endfacet
facet normal 1.0 -3.066420514739227e-14 -2.1950764287761623e-14
  outer loop
    vertex 2362.853773467936 218.5000000000007 567.0639237886418
    vertex 2362.853773467936 211.07292010253454 566.4128086384012
    vertex 2362.853773467936 218.97393957002367 566.8429221376374
  endloop
endfacet
facet normal 1.0 -3.066420514739227e-14 -2.1950764287761623e-14
  outer loop
    vertex 2362.853773467936 218.97393957002367 566.8429221376374
    vertex 2362.853773467936 211.07292010253454 566.4128086384012
    vertex 2362.853773467936 219.4790554669999 566.7075767409584
  endloop
endfacet
facet normal 1.0 -3.066420514739227e-14 -2.1950764287761623e-14
  outer loop
    vertex 2362.853773467936 219.4790554669999 566.7075767409584
    vertex 2362.853773467936 211.07292010253454 566.4128086384012
    vertex 2362.853773467936 220.00000000000068 566.661999999995
  endloop
endfacet
facet normal 1.0 -3.066420514739227e-14 -2.1950764287761623e-14
  outer loop
    vertex 2362.853773467936 212.00000000000134 580.661999999996
    vertex 2362.853773467937 229.00000000000117 580.6619999999963
    vertex 2362.8537734679367 207.00000000000088 589.6619999999955
  endloop
endfacet
facet normal 1.0 -3.066420514739227e-14 -2.1950764287761623e-14
  outer loop
    vertex 2362.853773467937 229.00000000000117 580.6619999999963
    vertex 2362.853773467936 212.00000000000134 580.661999999996
    vertex 2362.8537734679367 217.0000000000012 580.661999999996
  endloop
endfacet
facet normal 1.0 -3.066420514739227e-14 -2.1950764287761623e-14
  outer loop
    vertex 2362.8537734679367 217.0000000000012 580.661999999996
    vertex 2362.853773467936 212.00000000000134 580.661999999996
    vertex 2362.853773467936 212.00000000000142 574.7365342609859
  endloop
endfacet
facet normal 1.0 -3.066420514739227e-14 -2.1950764287761623e-14
  outer loop
    vertex 2362.8537734679367 217.0000000000012 580.661999999996
    vertex 2362.853773467936 212.00000000000142 574.7365342609859
    vertex 2362.8537734679367 217.0000000000012 578.6558505215612
  endloop
endfacet
facet normal 1.0 -3.066420514739227e-14 -2.1950764287761623e-14
  outer loop
    vertex 2362.8537734679367 217.0000000000012 578.6558505215612
    vertex 2362.853773467936 212.00000000000142 574.7365342609859
    vertex 2362.8537734679367 223.24919136159446 578.5890798974611
  endloop
endfacet
facet normal 1.0 -3.066420514739227e-14 -2.1950764287761623e-14
  outer loop
    vertex 2362.8537734679367 223.24919136159446 578.5890798974611
    vertex 2362.853773467936 212.00000000000142 574.7365342609859
    vertex 2362.8537734679367 224.7500000000006 577.8892413359475
  endloop
endfacet
facet normal 1.0 -3.066420514739227e-14 -2.1950764287761623e-14
  outer loop
    vertex 2362.8537734679367 224.7500000000006 577.8892413359475
    vertex 2362.853773467936 212.00000000000142 574.7365342609859
    vertex 2362.8537734679367 226.10648229202272 576.9394222096256
  endloop
endfacet
facet normal 1.0 -3.066420514739227e-14 -2.1950764287761623e-14
  outer loop
    vertex 2362.8537734679367 226.10648229202272 576.9394222096256
    vertex 2362.853773467936 212.00000000000142 574.7365342609859
    vertex 2362.8537734679367 226.2500000000011 576.795904501647
  endloop
endfacet
facet normal 1.0 -3.066420514739227e-14 -2.1950764287761623e-14
  outer loop
    vertex 2362.8537734679367 226.2500000000011 576.795904501647
    vertex 2362.853773467936 212.00000000000142 574.7365342609859
    vertex 2362.8537734679367 227.27742220963086 575.7684822920176
  endloop
endfacet
facet normal 1.0 -3.066420514739227e-14 -2.1950764287761623e-14
  outer loop
    vertex 2362.8537734679367 227.27742220963086 575.7684822920176
    vertex 2362.853773467936 212.00000000000142 574.7365342609859
    vertex 2362.8537734679367 227.575113474317 575.3433351057314
  endloop
endfacet
facet normal 1.0 -3.066420514739227e-14 -2.1950764287761623e-14
  outer loop
    vertex 2362.8537734679367 227.575113474317 575.3433351057314
    vertex 2362.853773467936 212.00000000000142 574.7365342609859
    vertex 2362.8537734679367 229.00000000000117 575.3433351057314
  endloop
endfacet
facet normal 1.0 -3.066420514739227e-14 -2.1950764287761623e-14
  outer loop
    vertex 2362.8537734679367 229.00000000000117 575.3433351057314
    vertex 2362.853773467936 212.00000000000142 574.7365342609859
    vertex 2362.853773467936 220.5209445330014 572.6164232590318
  endloop
endfacet
facet normal 1.0 -3.066420514739227e-14 -2.1950764287761623e-14
  outer loop
    vertex 2362.8537734679367 229.00000000000117 575.3433351057314
    vertex 2362.853773467936 220.5209445330014 572.6164232590318
    vertex 2362.853773467936 221.02606042997763 572.4810778623528
  endloop
endfacet
facet normal 1.0 -3.066420514739227e-14 -2.1950764287761623e-14
  outer loop
    vertex 2362.8537734679367 229.00000000000117 575.3433351057314
    vertex 2362.853773467936 221.02606042997763 572.4810778623528
    vertex 2362.853773467936 221.50000000000065 572.2600762113484
  endloop
endfacet
facet normal 1.0 -3.066420514739227e-14 -2.1950764287761623e-14
  outer loop
    vertex 2362.8537734679367 229.00000000000117 575.3433351057314
    vertex 2362.853773467936 221.50000000000065 572.2600762113484
    vertex 2362.853773467936 221.92836282906026 571.960133329352
  endloop
endfacet
facet normal 1.0 -3.066420514739227e-14 -2.1950764287761623e-14
  outer loop
    vertex 2362.8537734679367 229.00000000000117 575.3433351057314
    vertex 2362.853773467936 221.92836282906026 571.960133329352
    vertex 2362.853773467936 222.29813332935757 571.5903628290547
  endloop
endfacet
facet normal 1.0 -3.066420514739227e-14 -2.1950764287761623e-14
  outer loop
    vertex 2362.8537734679367 229.00000000000117 575.3433351057314
    vertex 2362.853773467936 222.29813332935757 571.5903628290547
    vertex 2362.8537734679367 229.0000000000011 563.6619999999962
  endloop
endfacet
facet normal 1.0 -3.066420514739227e-14 -2.1950764287761623e-14
  outer loop
    vertex 2362.853773467936 220.5209445330014 572.6164232590318
    vertex 2362.853773467936 212.00000000000142 574.7365342609859
    vertex 2362.853773467936 211.77275866404844 574.4119999999953
  endloop
endfacet
facet normal 1.0 -3.066420514739227e-14 -2.1950764287761623e-14
  outer loop
    vertex 2362.853773467936 220.5209445330014 572.6164232590318
    vertex 2362.853773467936 211.77275866404844 574.4119999999953
    vertex 2362.853773467936 220.00000000000063 572.6619999999951
  endloop
endfacet
facet normal 1.0 -3.066420514739227e-14 -2.1950764287761623e-14
  outer loop
    vertex 2362.853773467936 220.00000000000063 572.6619999999951
    vertex 2362.853773467936 211.77275866404844 574.4119999999953
    vertex 2362.853773467936 211.0729201025345 572.9111913615887
  endloop
endfacet
facet normal 1.0 -3.066420514739227e-14 -2.1950764287761623e-14
  outer loop
    vertex 2362.8537734679367 229.0000000000011 563.6619999999962
    vertex 2362.853773467936 222.29813332935757 571.5903628290547
    vertex 2362.853773467936 222.59807621135394 571.1619999999951
  endloop
endfacet
facet normal 1.0 -3.066420514739227e-14 -2.1950764287761623e-14
  outer loop
    vertex 2362.8537734679367 229.0000000000011 563.6619999999962
    vertex 2362.853773467936 222.59807621135394 571.1619999999951
    vertex 2362.853773467936 222.81907786235834 570.6880604299721
  endloop
endfacet
facet normal 1.0 -3.066420514739227e-14 -2.1950764287761623e-14
  outer loop
    vertex 2362.8537734679367 229.0000000000011 563.6619999999962
    vertex 2362.853773467936 222.81907786235834 570.6880604299721
    vertex 2362.853773467936 222.95442325903727 570.1829445329959
  endloop
endfacet
facet normal 1.0 -3.066420514739227e-14 -2.1950764287761623e-14
  outer loop
    vertex 2362.8537734679367 229.0000000000011 563.6619999999962
    vertex 2362.853773467936 222.95442325903727 570.1829445329959
    vertex 2362.853773467936 223.00000000000063 569.661999999995
  endloop
endfacet
facet normal 1.0 -3.066420514739227e-14 -2.1950764287761623e-14
  outer loop
    vertex 2362.8537734679367 229.0000000000011 563.6619999999962
    vertex 2362.853773467936 223.00000000000063 569.661999999995
    vertex 2362.853773467936 222.95442325903727 569.1410554669943
  endloop
endfacet
facet normal 1.0 -3.066420514739227e-14 -2.1950764287761623e-14
  outer loop
    vertex 2362.8537734679367 229.0000000000011 563.6619999999962
    vertex 2362.853773467936 222.95442325903727 569.1410554669943
    vertex 2362.853773467936 222.81907786235834 568.6359395700181
  endloop
endfacet
facet normal 1.0 -3.066420514739227e-14 -2.1950764287761623e-14
  outer loop
    vertex 2362.8537734679367 229.0000000000011 563.6619999999962
    vertex 2362.853773467936 222.81907786235834 568.6359395700181
    vertex 2362.853773467936 222.59807621135394 568.161999999995
  endloop
endfacet
facet normal 1.0 -3.066420514739227e-14 -2.1950764287761623e-14
  outer loop
    vertex 2362.8537734679367 229.0000000000011 563.6619999999962
    vertex 2362.853773467936 222.59807621135394 568.161999999995
    vertex 2362.853773467936 222.29813332935765 567.7336371709355
  endloop
endfacet
facet normal 1.0 -3.066420514739227e-14 -2.1950764287761623e-14
  outer loop
    vertex 2362.8537734679367 229.0000000000011 563.6619999999962
    vertex 2362.853773467936 222.29813332935765 567.7336371709355
    vertex 2362.853773467936 221.92836282906035 567.3638666706382
  endloop
endfacet
facet normal 1.0 -3.066420514739227e-14 -2.1950764287761623e-14
  outer loop
    vertex 2362.8537734679367 229.0000000000011 563.6619999999962
    vertex 2362.853773467936 221.92836282906035 567.3638666706382
    vertex 2362.853773467936 221.5000000000007 567.0639237886418
  endloop
endfacet
facet normal 1.0 -3.066420514739227e-14 -2.1950764287761623e-14
  outer loop
    vertex 2362.8537734679367 229.0000000000011 563.6619999999962
    vertex 2362.853773467936 221.5000000000007 567.0639237886418
    vertex 2362.853773467936 221.0260604299777 566.8429221376374
  endloop
endfacet
facet normal 1.0 -3.066420514739227e-14 -2.1950764287761623e-14
  outer loop
    vertex 2362.8537734679367 229.0000000000011 563.6619999999962
    vertex 2362.853773467936 221.0260604299777 566.8429221376374
    vertex 2362.853773467936 220.52094453300145 566.7075767409584
  endloop
endfacet
facet normal 1.0 -3.066420514739227e-14 -2.1950764287761623e-14
  outer loop
    vertex 2362.8537734679367 229.0000000000011 563.6619999999962
    vertex 2362.853773467936 220.52094453300145 566.7075767409584
    vertex 2362.853773467936 220.00000000000068 566.661999999995
  endloop
endfacet
facet normal 1.0 -3.066420514739227e-14 -2.1950764287761623e-14
  outer loop
    vertex 2362.8537734679367 229.0000000000011 563.6619999999962
    vertex 2362.853773467936 220.00000000000068 566.661999999995
    vertex 2362.853773467936 211.07292010253454 566.4128086384012
  endloop
endfacet
facet normal 1.0 -3.066420514739227e-14 -2.1950764287761623e-14
  outer loop
    vertex 2362.8537734679367 229.0000000000011 563.6619999999962
    vertex 2362.853773467936 211.07292010253454 566.4128086384012
    vertex 2362.853773467936 211.7727586640485 564.9119999999953
  endloop
endfacet
facet normal 1.0 -3.066420514739227e-14 -2.1950764287761623e-14
  outer loop
    vertex 2362.8537734679367 229.0000000000011 563.6619999999962
    vertex 2362.853773467936 211.7727586640485 564.9119999999953
    vertex 2362.853773467936 212.00000000000136 564.5874657390046
  endloop
endfacet
facet normal 1.0 -3.066420514739227e-14 -2.1950764287761623e-14
  outer loop
    vertex 2362.8537734679367 229.0000000000011 563.6619999999962
    vertex 2362.853773467936 212.00000000000136 564.5874657390046
    vertex 2362.853773467936 212.00000000000134 563.661999999997
  endloop
endfacet
facet normal 1.0 -3.066420514739227e-14 -2.1950764287761623e-14
  outer loop
    vertex 2362.8537734679367 218.35034231216474 579.017673653611
    vertex 2362.8537734679367 221.64965768783645 579.017673653611
    vertex 2362.8537734679367 220.0000000000006 579.161999999995
  endloop
endfacet
facet normal 1.0 -3.066420514739227e-14 -2.1950764287761623e-14
  outer loop
    vertex 2362.8537734679367 221.64965768783645 579.017673653611
    vertex 2362.8537734679367 218.35034231216474 579.017673653611
    vertex 2362.8537734679367 217.0000000000012 578.6558505215612
  endloop
endfacet
facet normal 1.0 -3.066420514739227e-14 -2.1950764287761623e-14
  outer loop
    vertex 2362.8537734679367 221.64965768783645 579.017673653611
    vertex 2362.8537734679367 217.0000000000012 578.6558505215612
    vertex 2362.8537734679367 223.24919136159446 578.5890798974611
  endloop
endfacet
facet normal 8.292209262922089e-15 0.37863284572047345 0.9255469562056895
  outer loop
    vertex 2362.853773467937 229.00000000000117 580.6619999999963
    vertex 2358.8537734679367 207.00000000000094 589.6619999999955
    vertex 2362.8537734679367 207.00000000000088 589.6619999999955
  endloop
endfacet
facet normal 8.292209262922089e-15 0.37863284572047345 0.9255469562056895
  outer loop
    vertex 2358.8537734679367 207.00000000000094 589.6619999999955
    vertex 2362.853773467937 229.00000000000117 580.6619999999963
    vertex 2358.853773467937 229.0000000000012 580.6619999999963
  endloop
endfacet
facet normal -1.4708617970725745e-14 -1.0 -6.1658550488191546e-15
  outer loop
    vertex 2412.053773467936 226.25000000000063 567.6619999999944
    vertex 2393.8537734679367 226.25000000000082 580.6619999999951
    vertex 2393.8537734679367 226.25000000000088 567.6619999999945
  endloop
endfacet
facet normal 1.1269692984869633e-14 1.0 -7.42202374487692e-15
  outer loop
    vertex 2362.853773467937 229.00000000000117 580.6619999999963
    vertex 2362.8537734679367 229.00000000000117 575.3433351057314
    vertex 2358.853773467937 229.0000000000012 580.6619999999963
  endloop
endfacet
facet normal 1.1269692984869633e-14 1.0 -7.42202374487692e-15
  outer loop
    vertex 2362.8537734679367 229.00000000000117 575.3433351057314
    vertex 2362.853773467937 229.00000000000117 580.6619999999963
    vertex 2374.203773467936 229.00000000000102 575.3433351057313
  endloop
endfacet
facet normal 1.1269692984869633e-14 1.0 -7.42202374487692e-15
  outer loop
    vertex 2374.203773467936 229.00000000000102 575.3433351057313
    vertex 2362.853773467937 229.00000000000117 580.6619999999963
    vertex 2393.8537734679367 229.00000000000085 580.6619999999951
  endloop
endfacet
facet normal 1.1269692984869633e-14 1.0 -7.42202374487692e-15
  outer loop
    vertex 2374.203773467936 229.00000000000102 575.3433351057313
    vertex 2393.8537734679367 229.00000000000085 580.6619999999951
    vertex 2374.203773467936 229.0000000000008 563.6619999999957
  endloop
endfacet
facet normal 1.1269692984869633e-14 1.0 -7.42202374487692e-15
  outer loop
    vertex 2374.203773467936 229.0000000000008 563.6619999999957
    vertex 2393.8537734679367 229.00000000000085 580.6619999999951
    vertex 2412.053773467936 229.00000000000054 563.6619999999956
  endloop
endfacet
facet normal 1.1269692984869633e-14 1.0 -7.42202374487692e-15
  outer loop
    vertex 2412.053773467936 229.00000000000054 563.6619999999956
    vertex 2393.8537734679367 229.00000000000085 580.6619999999951
    vertex 2412.053773467936 229.00000000000054 567.6619999999944
  endloop
endfacet
facet normal 1.1269692984869633e-14 1.0 -7.42202374487692e-15
  outer loop
    vertex 2358.853773467937 229.0000000000012 580.6619999999963
    vertex 2362.8537734679367 229.0000000000011 563.6619999999962
    vertex 2358.8537734679367 229.00000000000108 563.6619999999962
  endloop
endfacet
facet normal 1.1269692984869633e-14 1.0 -7.42202374487692e-15
  outer loop
    vertex 2362.8537734679367 229.0000000000011 563.6619999999962
    vertex 2358.853773467937 229.0000000000012 580.6619999999963
    vertex 2362.8537734679367 229.00000000000117 575.3433351057314
  endloop
endfacet
facet normal 0.5812381937191274 -1.3428945290569423e-14 0.8137334712067127
  outer loop
    vertex 2412.053773467936 229.00000000000054 567.6619999999944
    vertex 2393.8537734679367 226.25000000000082 580.6619999999951
    vertex 2412.053773467936 226.25000000000063 567.6619999999944
  endloop
endfacet
facet normal 0.5812381937191274 -1.3428945290569423e-14 0.8137334712067127
  outer loop
    vertex 2393.8537734679367 226.25000000000082 580.6619999999951
    vertex 2412.053773467936 229.00000000000054 567.6619999999944
    vertex 2393.8537734679367 229.00000000000085 580.6619999999951
  endloop
endfacet
facet normal 1.4702844232745047e-14 0.9999979923910352 -0.0020037998651306708
  outer loop
    vertex 2412.0537734679356 183.9739505494564 567.6619999999947
    vertex 2393.853773467936 183.97395054945665 567.6619999999947
    vertex 2393.853773467936 184.00000000000045 580.6619999999954
  endloop
endfacet
facet normal -1.0591215573857081e-14 -1.0 4.869745696754328e-15
  outer loop
    vertex 2412.0537734679356 181.2500000000002 563.6619999999963
    vertex 2382.8787734679363 181.25000000000054 565.661999999996
    vertex 2382.8787734679363 181.25000000000054 563.6619999999962
  endloop
endfacet
facet normal -1.0591215573857081e-14 -1.0 4.869745696754328e-15
  outer loop
    vertex 2382.8787734679363 181.25000000000054 565.661999999996
    vertex 2412.0537734679356 181.2500000000002 563.6619999999963
    vertex 2393.853773467936 181.25000000000045 580.6619999999954
  endloop
endfacet
facet normal -1.0591215573857081e-14 -1.0 4.869745696754328e-15
  outer loop
    vertex 2393.853773467936 181.25000000000045 580.6619999999954
    vertex 2412.0537734679356 181.2500000000002 563.6619999999963
    vertex 2412.053773467935 181.25000000000026 567.6619999999947
  endloop
endfacet
facet normal -1.0591215573857081e-14 -1.0 4.869745696754328e-15
  outer loop
    vertex 2374.8787734679363 181.25000000000057 563.6619999999962
    vertex 2358.8537734679367 181.25000000000088 580.6619999999962
    vertex 2358.8537734679358 181.2500000000008 563.661999999996
  endloop
endfacet
facet normal -1.0591215573857081e-14 -1.0 4.869745696754328e-15
  outer loop
    vertex 2358.8537734679367 181.25000000000088 580.6619999999962
    vertex 2374.8787734679363 181.25000000000057 563.6619999999962
    vertex 2374.8787734679363 181.25000000000057 565.661999999996
  endloop
endfacet
facet normal -1.0591215573857081e-14 -1.0 4.869745696754328e-15
  outer loop
    vertex 2358.8537734679367 181.25000000000088 580.6619999999962
    vertex 2374.8787734679363 181.25000000000057 565.661999999996
    vertex 2393.853773467936 181.25000000000045 580.6619999999954
  endloop
endfacet
facet normal -1.0591215573857081e-14 -1.0 4.869745696754328e-15
  outer loop
    vertex 2393.853773467936 181.25000000000045 580.6619999999954
    vertex 2374.8787734679363 181.25000000000057 565.661999999996
    vertex 2382.8787734679363 181.25000000000054 565.661999999996
  endloop
endfacet
facet normal 0.581238193719135 -1.3485178562584445e-14 0.8137334712067075
  outer loop
    vertex 2412.0537734679356 183.9739505494564 567.6619999999947
    vertex 2393.853773467936 181.25000000000045 580.6619999999954
    vertex 2412.053773467935 181.25000000000026 567.6619999999947
  endloop
endfacet
facet normal 0.581238193719135 -1.3485178562584445e-14 0.8137334712067075
  outer loop
    vertex 2393.853773467936 181.25000000000045 580.6619999999954
    vertex 2412.0537734679356 183.9739505494564 567.6619999999947
    vertex 2393.853773467936 184.00000000000045 580.6619999999954
  endloop
endfacet
endsolid flsun-cube-linear-rail-xy-gantry
