solid flsun-cube-linear-rail-xy-gantry
facet normal -0.6087614290087213 -0.7933533402912347 -1.7279112124479347e-14
  outer loop
    vertex 2401.7279870447765 214.84601551084023 575.1619999999938
    vertex 2401.4069715339374 215.09233937586706 563.6619999999956
    vertex 2401.727987044777 214.84601551084032 563.6619999999956
  endloop
endfacet
facet normal -0.6087614290087213 -0.7933533402912347 -1.7279112124479347e-14
  outer loop
    vertex 2401.4069715339374 215.09233937586706 563.6619999999956
    vertex 2401.7279870447765 214.84601551084023 575.1619999999938
    vertex 2401.4069715339374 215.09233937586689 575.1619999999938
  endloop
endfacet
facet normal -0.3826834323650696 -0.9238795325112952 -1.3466659658453768e-14
  outer loop
    vertex 2401.033141053846 215.24718503074905 575.1619999999938
    vertex 2401.4069715339374 215.09233937586706 563.6619999999956
    vertex 2401.4069715339374 215.09233937586689 575.1619999999938
  endloop
endfacet
facet normal -0.3826834323650696 -0.9238795325112952 -1.3466659658453768e-14
  outer loop
    vertex 2401.4069715339374 215.09233937586706 563.6619999999956
    vertex 2401.033141053846 215.24718503074905 575.1619999999938
    vertex 2401.0331410538465 215.24718503074925 563.6619999999956
  endloop
endfacet
facet normal -0.1305261922199924 -0.9914448613738183 -8.736476591411431e-15
  outer loop
    vertex 2401.033141053846 215.24718503074905 575.1619999999938
    vertex 2400.6319715339373 215.30000000000115 563.6619999999956
    vertex 2401.0331410538465 215.24718503074925 563.6619999999956
  endloop
endfacet
facet normal -0.1305261922199924 -0.9914448613738183 -8.736476591411431e-15
  outer loop
    vertex 2400.6319715339373 215.30000000000115 563.6619999999956
    vertex 2401.033141053846 215.24718503074905 575.1619999999938
    vertex 2400.6319715339373 215.30000000000098 575.1619999999938
  endloop
endfacet
facet normal 0.13052619222002132 -0.9914448613738145 -3.410917082377136e-15
  outer loop
    vertex 2400.2308020140285 215.24718503074905 575.1619999999938
    vertex 2400.6319715339373 215.30000000000115 563.6619999999956
    vertex 2400.6319715339373 215.30000000000098 575.1619999999938
  endloop
endfacet
facet normal 0.13052619222002132 -0.9914448613738145 -3.410917082377136e-15
  outer loop
    vertex 2400.6319715339373 215.30000000000115 563.6619999999956
    vertex 2400.2308020140285 215.24718503074905 575.1619999999938
    vertex 2400.2308020140285 215.24718503074925 563.6619999999956
  endloop
endfacet
facet normal -0.3826834323650696 -0.9238795325112952 -1.3466659658453768e-14
  outer loop
    vertex 2401.033141053846 195.24718503074908 575.1619999999954
    vertex 2401.4069715339374 195.092339375867 563.6619999999956
    vertex 2401.4069715339374 195.09233937586689 575.1619999999954
  endloop
endfacet
facet normal -0.3826834323650696 -0.9238795325112952 -1.3466659658453768e-14
  outer loop
    vertex 2401.4069715339374 195.092339375867 563.6619999999956
    vertex 2401.033141053846 195.24718503074908 575.1619999999954
    vertex 2401.0331410538465 195.2471850307492 563.6619999999956
  endloop
endfacet
facet normal -0.9238795325112678 -0.38268343236513597 -2.1191823517864922e-14
  outer loop
    vertex 2402.129156564685 214.15116951990998 575.1619999999939
    vertex 2401.974310909803 214.52500000000117 563.6619999999957
    vertex 2402.129156564685 214.15116951991007 563.6619999999957
  endloop
endfacet
facet normal -0.9238795325112678 -0.38268343236513597 -2.1191823517864922e-14
  outer loop
    vertex 2401.974310909803 214.52500000000117 563.6619999999957
    vertex 2402.129156564685 214.15116951990998 575.1619999999939
    vertex 2401.974310909803 214.52500000000106 575.1619999999939
  endloop
endfacet
facet normal -0.7933533402912708 -0.6087614290086742 -1.9914021654304644e-14
  outer loop
    vertex 2401.974310909803 214.52500000000117 563.6619999999957
    vertex 2401.7279870447765 214.84601551084023 575.1619999999938
    vertex 2401.727987044777 214.84601551084032 563.6619999999956
  endloop
endfacet
facet normal -0.7933533402912708 -0.6087614290086742 -1.9914021654304644e-14
  outer loop
    vertex 2401.7279870447765 214.84601551084023 575.1619999999938
    vertex 2401.974310909803 214.52500000000117 563.6619999999957
    vertex 2401.974310909803 214.52500000000106 575.1619999999939
  endloop
endfacet
facet normal -0.13052619222002132 0.9914448613738145 3.410917082377136e-15
  outer loop
    vertex 2401.0331410538465 192.25281496925302 563.6619999999956
    vertex 2400.631971533937 192.20000000000095 575.1619999999954
    vertex 2401.033141053846 192.2528149692529 575.1619999999954
  endloop
endfacet
facet normal -0.13052619222002132 0.9914448613738145 3.410917082377136e-15
  outer loop
    vertex 2400.631971533937 192.20000000000095 575.1619999999954
    vertex 2401.0331410538465 192.25281496925302 563.6619999999956
    vertex 2400.6319715339378 192.20000000000113 563.6619999999956
  endloop
endfacet
facet normal -0.38268343236509655 0.9238795325112841 -2.147090789016721e-15
  outer loop
    vertex 2401.4069715339374 192.4076606241352 563.6619999999956
    vertex 2401.033141053846 192.2528149692529 575.1619999999954
    vertex 2401.4069715339374 192.40766062413508 575.1619999999954
  endloop
endfacet
facet normal -0.38268343236509655 0.9238795325112841 -2.147090789016721e-15
  outer loop
    vertex 2401.033141053846 192.2528149692529 575.1619999999954
    vertex 2401.4069715339374 192.4076606241352 563.6619999999956
    vertex 2401.0331410538465 192.25281496925302 563.6619999999956
  endloop
endfacet
facet normal -0.6087614290087444 0.793353340291217 -7.558777971374038e-15
  outer loop
    vertex 2401.727987044777 192.65398448916193 563.6619999999956
    vertex 2401.4069715339374 192.40766062413508 575.1619999999954
    vertex 2401.7279870447765 192.65398448916184 575.1619999999954
  endloop
endfacet
facet normal -0.6087614290087444 0.793353340291217 -7.558777971374038e-15
  outer loop
    vertex 2401.4069715339374 192.40766062413508 575.1619999999954
    vertex 2401.727987044777 192.65398448916193 563.6619999999956
    vertex 2401.4069715339374 192.4076606241352 563.6619999999956
  endloop
endfacet
facet normal -0.7933533402912886 0.6087614290086512 -1.2455346926453952e-14
  outer loop
    vertex 2401.7279870447765 192.65398448916184 575.1619999999954
    vertex 2401.9743109098035 192.9750000000011 563.6619999999956
    vertex 2401.727987044777 192.65398448916193 563.6619999999956
  endloop
endfacet
facet normal -0.7933533402912886 0.6087614290086512 -1.2455346926453952e-14
  outer loop
    vertex 2401.9743109098035 192.9750000000011 563.6619999999956
    vertex 2401.7279870447765 192.65398448916184 575.1619999999954
    vertex 2401.974310909803 192.975000000001 575.1619999999954
  endloop
endfacet
facet normal -0.9238795325112789 0.382683432365109 -1.6503104571927427e-14
  outer loop
    vertex 2401.974310909803 192.975000000001 575.1619999999954
    vertex 2402.1291565646857 193.34883048009218 563.6619999999956
    vertex 2401.9743109098035 192.9750000000011 563.6619999999956
  endloop
endfacet
facet normal -0.9238795325112789 0.382683432365109 -1.6503104571927427e-14
  outer loop
    vertex 2402.1291565646857 193.34883048009218 563.6619999999956
    vertex 2401.974310909803 192.975000000001 575.1619999999954
    vertex 2402.129156564685 193.34883048009206 575.1619999999954
  endloop
endfacet
facet normal -0.9914448613738056 0.13052619222008754 -1.942620291349559e-14
  outer loop
    vertex 2402.129156564685 193.34883048009206 575.1619999999954
    vertex 2402.181971533938 193.75000000000117 563.6619999999956
    vertex 2402.1291565646857 193.34883048009218 563.6619999999956
  endloop
endfacet
facet normal -0.9914448613738056 0.13052619222008754 -1.942620291349559e-14
  outer loop
    vertex 2402.181971533938 193.75000000000117 563.6619999999956
    vertex 2402.129156564685 193.34883048009206 575.1619999999954
    vertex 2402.181971533937 193.750000000001 575.1619999999954
  endloop
endfacet
facet normal -0.9914448613738018 -0.13052619222011647 -2.10254376298278e-14
  outer loop
    vertex 2402.181971533937 193.750000000001 575.1619999999954
    vertex 2402.1291565646857 194.15116951991004 563.6619999999956
    vertex 2402.181971533938 193.75000000000117 563.6619999999956
  endloop
endfacet
facet normal -0.9914448613738018 -0.13052619222011647 -2.10254376298278e-14
  outer loop
    vertex 2402.1291565646857 194.15116951991004 563.6619999999956
    vertex 2402.181971533937 193.750000000001 575.1619999999954
    vertex 2402.129156564685 194.15116951990993 575.1619999999954
  endloop
endfacet
facet normal -0.9238795325112678 -0.38268343236513597 -2.1191823517864922e-14
  outer loop
    vertex 2402.129156564685 194.15116951990993 575.1619999999954
    vertex 2401.974310909803 194.5250000000011 563.6619999999956
    vertex 2402.1291565646857 194.15116951991004 563.6619999999956
  endloop
endfacet
facet normal -0.9238795325112678 -0.38268343236513597 -2.1191823517864922e-14
  outer loop
    vertex 2401.974310909803 194.5250000000011 563.6619999999956
    vertex 2402.129156564685 194.15116951990993 575.1619999999954
    vertex 2401.974310909803 194.525000000001 575.1619999999954
  endloop
endfacet
facet normal -0.7933533402912708 -0.6087614290086742 -1.9914021654304644e-14
  outer loop
    vertex 2401.974310909803 194.525000000001 575.1619999999954
    vertex 2401.727987044777 194.84601551084026 563.6619999999956
    vertex 2401.974310909803 194.5250000000011 563.6619999999956
  endloop
endfacet
facet normal -0.7933533402912708 -0.6087614290086742 -1.9914021654304644e-14
  outer loop
    vertex 2401.727987044777 194.84601551084026 563.6619999999956
    vertex 2401.974310909803 194.525000000001 575.1619999999954
    vertex 2401.7279870447765 194.84601551084015 575.1619999999954
  endloop
endfacet
facet normal -0.6087614290087213 -0.7933533402912347 -1.7279112124479347e-14
  outer loop
    vertex 2401.4069715339374 195.09233937586689 575.1619999999954
    vertex 2401.727987044777 194.84601551084026 563.6619999999956
    vertex 2401.7279870447765 194.84601551084015 575.1619999999954
  endloop
endfacet
facet normal -0.6087614290087213 -0.7933533402912347 -1.7279112124479347e-14
  outer loop
    vertex 2401.727987044777 194.84601551084026 563.6619999999956
    vertex 2401.4069715339374 195.09233937586689 575.1619999999954
    vertex 2401.4069715339374 195.092339375867 563.6619999999956
  endloop
endfacet
facet normal -0.6310873187075118 0.4449300096971524 0.6354259064890693
  outer loop
    vertex 2398.3319715339367 205.86089159530022 567.7085866700411
    vertex 2395.3319715339367 205.00000000000088 565.3318729810725
    vertex 2395.3319715339367 204.28606195156814 565.8317777843995
  endloop
endfacet
facet normal -0.6310873187075118 0.4449300096971524 0.6354259064890693
  outer loop
    vertex 2395.3319715339367 205.00000000000088 565.3318729810725
    vertex 2398.3319715339367 205.86089159530022 567.7085866700411
    vertex 2398.3319715339367 206.22500000000093 567.4536352203442
  endloop
endfacet
facet normal -0.6310873187075023 0.32782997239373646 0.7030336445483227
  outer loop
    vertex 2398.3319715339367 206.22500000000093 567.4536352203442
    vertex 2395.3319715339367 205.78989928337234 564.9635368960649
    vertex 2395.3319715339367 205.00000000000088 565.3318729810725
  endloop
endfacet
facet normal -0.6310873187075023 0.32782997239373646 0.7030336445483227
  outer loop
    vertex 2395.3319715339367 205.78989928337234 564.9635368960649
    vertex 2398.3319715339367 206.22500000000093 567.4536352203442
    vertex 2398.3319715339367 206.6278486345205 567.2657838169903
  endloop
endfacet
facet normal -0.6310873187075279 0.20076898726863948 0.7492800610704039
  outer loop
    vertex 2398.3319715339367 206.6278486345205 567.2657838169903
    vertex 2395.3319715339367 206.631759111666 564.7379612349332
    vertex 2395.3319715339367 205.78989928337234 564.9635368960649
  endloop
endfacet
facet normal -0.6310873187075279 0.20076898726863948 0.7492800610704039
  outer loop
    vertex 2395.3319715339367 206.631759111666 564.7379612349332
    vertex 2398.3319715339367 206.6278486345205 567.2657838169903
    vertex 2398.3319715339367 207.05719714695024 567.1507402298133
  endloop
endfacet
facet normal -0.631087318707576 0.06760773805980672 0.7727599820907647
  outer loop
    vertex 2398.3319715339367 207.05719714695024 567.1507402298133
    vertex 2395.3319715339367 207.50000000000085 564.6619999999939
    vertex 2395.3319715339367 206.631759111666 564.7379612349332
  endloop
endfacet
facet normal -0.631087318707576 0.06760773805980672 0.7727599820907647
  outer loop
    vertex 2395.3319715339367 207.50000000000085 564.6619999999939
    vertex 2398.3319715339367 207.05719714695024 567.1507402298133
    vertex 2398.3319715339367 207.50000000000094 567.1119999999944
  endloop
endfacet
facet normal -8.818380573335017e-15 0.9659258262890444 -0.2588190451026103
  outer loop
    vertex 2398.3319715339367 204.9887402298197 570.1048028530452
    vertex 2415.4819715339368 205.10378381699707 570.5341513654752
    vertex 2415.4819715339368 204.98874022981997 570.1048028530455
  endloop
endfacet
facet normal -8.818380573335017e-15 0.9659258262890444 -0.2588190451026103
  outer loop
    vertex 2415.4819715339368 205.10378381699707 570.5341513654752
    vertex 2398.3319715339367 204.9887402298197 570.1048028530452
    vertex 2398.3319715339367 205.1037838169968 570.5341513654748
  endloop
endfacet
facet normal -4.606651560751252e-15 0.9063077870367018 -0.4226182617405885
  outer loop
    vertex 2398.3319715339367 205.1037838169968 570.5341513654748
    vertex 2415.4819715339368 205.29163522035086 570.9369999999948
    vertex 2415.4819715339368 205.10378381699707 570.5341513654752
  endloop
endfacet
facet normal -4.606651560751252e-15 0.9063077870367018 -0.4226182617405885
  outer loop
    vertex 2415.4819715339368 205.29163522035086 570.9369999999948
    vertex 2398.3319715339367 205.1037838169968 570.5341513654748
    vertex 2398.3319715339367 205.29163522035057 570.9369999999944
  endloop
endfacet
facet normal -2.539409187817378e-16 0.8191520442888981 -0.5735764363511799
  outer loop
    vertex 2398.3319715339367 205.29163522035057 570.9369999999944
    vertex 2415.4819715339368 205.54658667004767 571.3011084046954
    vertex 2415.4819715339368 205.29163522035086 570.9369999999948
  endloop
endfacet
facet normal -2.539409187817378e-16 0.8191520442888981 -0.5735764363511799
  outer loop
    vertex 2415.4819715339368 205.54658667004767 571.3011084046954
    vertex 2398.3319715339367 205.29163522035057 570.9369999999944
    vertex 2398.3319715339367 205.5465866700475 571.301108404695
  endloop
endfacet
facet normal 4.104494598187328e-15 0.7071067811865519 -0.7071067811865432
  outer loop
    vertex 2398.3319715339367 205.5465866700475 571.301108404695
    vertex 2415.4819715339368 205.8608915953004 571.6154133299481
    vertex 2415.4819715339368 205.54658667004767 571.3011084046954
  endloop
endfacet
facet normal 4.104494598187328e-15 0.7071067811865519 -0.7071067811865432
  outer loop
    vertex 2415.4819715339368 205.8608915953004 571.6154133299481
    vertex 2398.3319715339367 205.5465866700475 571.301108404695
    vertex 2398.3319715339367 205.86089159530022 571.6154133299477
  endloop
endfacet
facet normal 8.338795181945159e-15 0.5735764363510469 -0.8191520442889912
  outer loop
    vertex 2398.3319715339367 205.86089159530022 571.6154133299477
    vertex 2415.4819715339368 206.22500000000107 571.870364779645
    vertex 2415.4819715339368 205.8608915953004 571.6154133299481
  endloop
endfacet
facet normal 8.338795181945159e-15 0.5735764363510469 -0.8191520442889912
  outer loop
    vertex 2415.4819715339368 206.22500000000107 571.870364779645
    vertex 2398.3319715339367 205.86089159530022 571.6154133299477
    vertex 2398.3319715339367 206.22500000000088 571.8703647796447
  endloop
endfacet
facet normal 1.2320578132690713e-14 0.4226182617408051 -0.9063077870366008
  outer loop
    vertex 2398.3319715339367 206.22500000000088 571.8703647796447
    vertex 2415.4819715339368 206.62784863452063 572.0582161829988
    vertex 2415.4819715339368 206.22500000000107 571.870364779645
  endloop
endfacet
facet normal 1.2320578132690713e-14 0.4226182617408051 -0.9063077870366008
  outer loop
    vertex 2415.4819715339368 206.62784863452063 572.0582161829988
    vertex 2398.3319715339367 206.22500000000088 571.8703647796447
    vertex 2398.3319715339367 206.62784863452046 572.0582161829984
  endloop
endfacet
facet normal 1.592757375679245e-14 0.2588190451024072 -0.9659258262890987
  outer loop
    vertex 2398.3319715339367 206.62784863452046 572.0582161829984
    vertex 2415.4819715339368 207.0571971469504 572.1732597701758
    vertex 2415.4819715339368 206.62784863452063 572.0582161829988
  endloop
endfacet
facet normal 1.592757375679245e-14 0.2588190451024072 -0.9659258262890987
  outer loop
    vertex 2415.4819715339368 207.0571971469504 572.1732597701758
    vertex 2398.3319715339367 206.62784863452046 572.0582161829984
    vertex 2398.3319715339367 207.05719714695022 572.1732597701754
  endloop
endfacet
facet normal -1.6308612987027343e-14 0.906307787036584 0.4226182617408407
  outer loop
    vertex 2377.1319715339378 215.66987298107856 567.1619999999933
    vertex 2395.3319715339367 215.4367191520011 567.6619999999937
    vertex 2395.331971533937 215.66987298107873 567.1619999999937
  endloop
endfacet
facet normal -1.6308612987027343e-14 0.906307787036584 0.4226182617408407
  outer loop
    vertex 2395.3319715339367 215.4367191520011 567.6619999999937
    vertex 2377.1319715339378 215.66987298107856 567.1619999999933
    vertex 2377.1319715339378 215.43671915200096 567.6619999999933
  endloop
endfacet
facet normal -1.792125666425874e-14 6.074848795858829e-14 1.0
  outer loop
    vertex 2395.3319715339367 212.06328084799995 567.6619999999939
    vertex 2380.6319715339373 212.2000000000014 567.6619999999937
    vertex 2377.131971533938 212.0632808479998 567.6619999999936
  endloop
endfacet
facet normal -1.792125666425874e-14 6.074848795858829e-14 1.0
  outer loop
    vertex 2380.6319715339373 212.2000000000014 567.6619999999937
    vertex 2395.3319715339367 212.06328084799995 567.6619999999939
    vertex 2381.033141053846 212.25281496925328 567.6619999999937
  endloop
endfacet
facet normal -1.792125666425874e-14 6.074848795858829e-14 1.0
  outer loop
    vertex 2381.033141053846 212.25281496925328 567.6619999999937
    vertex 2395.3319715339367 212.06328084799995 567.6619999999939
    vertex 2395.3319715339367 215.4367191520011 567.6619999999937
  endloop
endfacet
facet normal -1.792125666425874e-14 6.074848795858829e-14 1.0
  outer loop
    vertex 2381.033141053846 212.25281496925328 567.6619999999937
    vertex 2395.3319715339367 215.4367191520011 567.6619999999937
    vertex 2381.4069715339374 212.40766062413547 567.6619999999937
  endloop
endfacet
facet normal -1.792125666425874e-14 6.074848795858829e-14 1.0
  outer loop
    vertex 2381.4069715339374 212.40766062413547 567.6619999999937
    vertex 2395.3319715339367 215.4367191520011 567.6619999999937
    vertex 2381.7279870447765 212.6539844891622 567.6619999999937
  endloop
endfacet
facet normal -1.792125666425874e-14 6.074848795858829e-14 1.0
  outer loop
    vertex 2381.7279870447765 212.6539844891622 567.6619999999937
    vertex 2395.3319715339367 215.4367191520011 567.6619999999937
    vertex 2381.974310909803 212.9750000000014 567.6619999999937
  endloop
endfacet
facet normal -1.792125666425874e-14 6.074848795858829e-14 1.0
  outer loop
    vertex 2381.974310909803 212.9750000000014 567.6619999999937
    vertex 2395.3319715339367 215.4367191520011 567.6619999999937
    vertex 2382.1291565646857 213.34883048009246 567.6619999999937
  endloop
endfacet
facet normal -1.792125666425874e-14 6.074848795858829e-14 1.0
  outer loop
    vertex 2382.1291565646857 213.34883048009246 567.6619999999937
    vertex 2395.3319715339367 215.4367191520011 567.6619999999937
    vertex 2382.1819715339375 213.7500000000014 567.6619999999937
  endloop
endfacet
facet normal -1.792125666425874e-14 6.074848795858829e-14 1.0
  outer loop
    vertex 2382.1819715339375 213.7500000000014 567.6619999999937
    vertex 2395.3319715339367 215.4367191520011 567.6619999999937
    vertex 2382.1291565646857 214.1511695199103 567.6619999999937
  endloop
endfacet
facet normal -1.792125666425874e-14 6.074848795858829e-14 1.0
  outer loop
    vertex 2382.1291565646857 214.1511695199103 567.6619999999937
    vertex 2395.3319715339367 215.4367191520011 567.6619999999937
    vertex 2381.974310909803 214.52500000000137 567.6619999999937
  endloop
endfacet
facet normal -1.792125666425874e-14 6.074848795858829e-14 1.0
  outer loop
    vertex 2381.974310909803 214.52500000000137 567.6619999999937
    vertex 2395.3319715339367 215.4367191520011 567.6619999999937
    vertex 2381.7279870447765 214.84601551084054 567.6619999999937
  endloop
endfacet
facet normal -1.792125666425874e-14 6.074848795858829e-14 1.0
  outer loop
    vertex 2381.7279870447765 214.84601551084054 567.6619999999937
    vertex 2395.3319715339367 215.4367191520011 567.6619999999937
    vertex 2381.4069715339374 215.09233937586728 567.6619999999937
  endloop
endfacet
facet normal -1.792125666425874e-14 6.074848795858829e-14 1.0
  outer loop
    vertex 2381.4069715339374 215.09233937586728 567.6619999999937
    vertex 2395.3319715339367 215.4367191520011 567.6619999999937
    vertex 2381.033141053846 215.24718503074948 567.6619999999937
  endloop
endfacet
facet normal -1.792125666425874e-14 6.074848795858829e-14 1.0
  outer loop
    vertex 2381.033141053846 215.24718503074948 567.6619999999937
    vertex 2395.3319715339367 215.4367191520011 567.6619999999937
    vertex 2380.6319715339373 215.30000000000143 567.6619999999937
  endloop
endfacet
facet normal -1.792125666425874e-14 6.074848795858829e-14 1.0
  outer loop
    vertex 2377.131971533938 212.0632808479998 567.6619999999936
    vertex 2379.5359560230986 212.65398448916218 567.6619999999936
    vertex 2377.1319715339378 215.43671915200096 567.6619999999933
  endloop
endfacet
facet normal -1.792125666425874e-14 6.074848795858829e-14 1.0
  outer loop
    vertex 2379.5359560230986 212.65398448916218 567.6619999999936
    vertex 2377.131971533938 212.0632808479998 567.6619999999936
    vertex 2379.8569715339377 212.40766062413545 567.6619999999936
  endloop
endfacet
facet normal -1.792125666425874e-14 6.074848795858829e-14 1.0
  outer loop
    vertex 2379.8569715339377 212.40766062413545 567.6619999999936
    vertex 2377.131971533938 212.0632808479998 567.6619999999936
    vertex 2380.2308020140285 212.25281496925334 567.6619999999934
  endloop
endfacet
facet normal -1.792125666425874e-14 6.074848795858829e-14 1.0
  outer loop
    vertex 2380.2308020140285 212.25281496925334 567.6619999999934
    vertex 2377.131971533938 212.0632808479998 567.6619999999936
    vertex 2380.6319715339373 212.2000000000014 567.6619999999937
  endloop
endfacet
facet normal -1.792125666425874e-14 6.074848795858829e-14 1.0
  outer loop
    vertex 2377.1319715339378 215.43671915200096 567.6619999999933
    vertex 2379.5359560230986 212.65398448916218 567.6619999999936
    vertex 2379.2896321580715 212.97500000000133 567.6619999999936
  endloop
endfacet
facet normal -1.792125666425874e-14 6.074848795858829e-14 1.0
  outer loop
    vertex 2377.1319715339378 215.43671915200096 567.6619999999933
    vertex 2379.2896321580715 212.97500000000133 567.6619999999936
    vertex 2379.1347865031894 213.3488304800924 567.6619999999936
  endloop
endfacet
facet normal -1.792125666425874e-14 6.074848795858829e-14 1.0
  outer loop
    vertex 2377.1319715339378 215.43671915200096 567.6619999999933
    vertex 2379.1347865031894 213.3488304800924 567.6619999999936
    vertex 2379.081971533937 213.75000000000134 567.6619999999936
  endloop
endfacet
facet normal -1.792125666425874e-14 6.074848795858829e-14 1.0
  outer loop
    vertex 2377.1319715339378 215.43671915200096 567.6619999999933
    vertex 2379.081971533937 213.75000000000134 567.6619999999936
    vertex 2379.1347865031894 214.15116951991027 567.6619999999936
  endloop
endfacet
facet normal -1.792125666425874e-14 6.074848795858829e-14 1.0
  outer loop
    vertex 2377.1319715339378 215.43671915200096 567.6619999999933
    vertex 2379.1347865031894 214.15116951991027 567.6619999999936
    vertex 2379.2896321580715 214.52500000000134 567.6619999999934
  endloop
endfacet
facet normal -1.792125666425874e-14 6.074848795858829e-14 1.0
  outer loop
    vertex 2377.1319715339378 215.43671915200096 567.6619999999933
    vertex 2379.2896321580715 214.52500000000134 567.6619999999934
    vertex 2379.535956023098 214.8460155108405 567.6619999999934
  endloop
endfacet
facet normal -1.792125666425874e-14 6.074848795858829e-14 1.0
  outer loop
    vertex 2377.1319715339378 215.43671915200096 567.6619999999933
    vertex 2379.535956023098 214.8460155108405 567.6619999999934
    vertex 2379.8569715339377 215.09233937586723 567.6619999999937
  endloop
endfacet
facet normal -1.792125666425874e-14 6.074848795858829e-14 1.0
  outer loop
    vertex 2377.1319715339378 215.43671915200096 567.6619999999933
    vertex 2379.8569715339377 215.09233937586723 567.6619999999937
    vertex 2380.2308020140285 215.2471850307495 567.6619999999937
  endloop
endfacet
facet normal -1.792125666425874e-14 6.074848795858829e-14 1.0
  outer loop
    vertex 2377.1319715339378 215.43671915200096 567.6619999999933
    vertex 2380.2308020140285 215.2471850307495 567.6619999999937
    vertex 2380.6319715339373 215.30000000000143 567.6619999999937
  endloop
endfacet
facet normal -1.792125666425874e-14 6.074848795858829e-14 1.0
  outer loop
    vertex 2377.1319715339378 215.43671915200096 567.6619999999933
    vertex 2380.6319715339373 215.30000000000143 567.6619999999937
    vertex 2395.3319715339367 215.4367191520011 567.6619999999937
  endloop
endfacet
facet normal -2.0400348077487163e-14 -6.126106527475904e-15 1.0
  outer loop
    vertex 2395.3319715339367 226.40000000000094 567.6619999999937
    vertex 2377.1319715339373 224.5632808480004 567.6619999999933
    vertex 2395.3319715339367 224.56328084800063 567.6619999999937
  endloop
endfacet
facet normal -2.0400348077487163e-14 -6.126106527475904e-15 1.0
  outer loop
    vertex 2377.1319715339373 224.5632808480004 567.6619999999933
    vertex 2395.3319715339367 226.40000000000094 567.6619999999937
    vertex 2377.131971533937 226.40000000000066 567.6619999999933
  endloop
endfacet
facet normal 4.606326612199544e-15 -0.9063077870366708 0.42261826174065503
  outer loop
    vertex 2395.3319715339367 224.56328084800063 567.6619999999937
    vertex 2377.1319715339373 224.33012701892298 567.1619999999934
    vertex 2395.3319715339367 224.33012701892326 567.1619999999938
  endloop
endfacet
facet normal 4.606326612199544e-15 -0.9063077870366708 0.42261826174065503
  outer loop
    vertex 2377.1319715339373 224.33012701892298 567.1619999999934
    vertex 2395.3319715339367 224.56328084800063 567.6619999999937
    vertex 2377.1319715339373 224.5632808480004 567.6619999999933
  endloop
endfacet
facet normal 8.916113331921893e-15 -0.8191520442888819 0.5735764363512031
  outer loop
    vertex 2377.1319715339373 224.33012701892298 567.1619999999934
    vertex 2395.3319715339367 223.8302222155958 566.4480619515612
    vertex 2395.3319715339367 224.33012701892326 567.1619999999938
  endloop
endfacet
facet normal 8.916113331921893e-15 -0.8191520442888819 0.5735764363512031
  outer loop
    vertex 2395.3319715339367 223.8302222155958 566.4480619515612
    vertex 2377.1319715339373 224.33012701892298 567.1619999999934
    vertex 2377.1319715339373 223.83022221559554 566.4480619515608
  endloop
endfacet
facet normal 6.095398007729929e-15 -0.7071067811869143 0.7071067811861809
  outer loop
    vertex 2377.1319715339373 223.83022221559554 566.4480619515608
    vertex 2395.3319715339367 223.2139380484339 565.8317777843986
    vertex 2395.3319715339367 223.8302222155958 566.4480619515612
  endloop
endfacet
facet normal 6.095398007729929e-15 -0.7071067811869143 0.7071067811861809
  outer loop
    vertex 2395.3319715339367 223.2139380484339 565.8317777843986
    vertex 2377.1319715339373 223.83022221559554 566.4480619515608
    vertex 2377.1319715339373 223.21393804843362 565.8317777843982
  endloop
endfacet
facet normal 3.0894770994581555e-15 -0.5735764363503446 0.819152044289483
  outer loop
    vertex 2395.3319715339367 223.2139380484339 565.8317777843986
    vertex 2377.1319715339378 222.50000000000057 565.3318729810715
    vertex 2395.331971533937 222.50000000000082 565.331872981072
  endloop
endfacet
facet normal 3.0894770994581555e-15 -0.5735764363503446 0.819152044289483
  outer loop
    vertex 2377.1319715339378 222.50000000000057 565.3318729810715
    vertex 2395.3319715339367 223.2139380484339 565.8317777843986
    vertex 2377.1319715339373 223.21393804843362 565.8317777843982
  endloop
endfacet
facet normal -1.031600710004601e-17 -0.4226182617402634 0.9063077870368533
  outer loop
    vertex 2395.331971533937 222.50000000000082 565.331872981072
    vertex 2377.1319715339378 221.710100716629 564.9635368960646
    vertex 2395.331971533937 221.71010071662926 564.9635368960651
  endloop
endfacet
facet normal -1.031600710004601e-17 -0.4226182617402634 0.9063077870368533
  outer loop
    vertex 2377.1319715339378 221.710100716629 564.9635368960646
    vertex 2395.331971533937 222.50000000000082 565.331872981072
    vertex 2377.1319715339378 222.50000000000057 565.3318729810715
  endloop
endfacet
facet normal -3.1097956670034126e-15 -0.2588190451023772 0.9659258262891067
  outer loop
    vertex 2395.331971533937 221.71010071662926 564.9635368960651
    vertex 2377.1319715339378 220.86824088833552 564.7379612349333
    vertex 2395.331971533937 220.86824088833578 564.7379612349337
  endloop
endfacet
facet normal -3.1097956670034126e-15 -0.2588190451023772 0.9659258262891067
  outer loop
    vertex 2377.1319715339378 220.86824088833552 564.7379612349333
    vertex 2395.331971533937 221.71010071662926 564.9635368960651
    vertex 2377.1319715339378 221.710100716629 564.9635368960646
  endloop
endfacet
facet normal -1.905061811202504e-14 -0.08715574274783387 0.9961946980917302
  outer loop
    vertex 2395.331971533937 220.86824088833578 564.7379612349337
    vertex 2377.1319715339378 220.0000000000005 564.6619999999942
    vertex 2395.331971533937 220.00000000000077 564.6619999999945
  endloop
endfacet
facet normal -1.905061811202504e-14 -0.08715574274783387 0.9961946980917302
  outer loop
    vertex 2377.1319715339378 220.0000000000005 564.6619999999942
    vertex 2395.331971533937 220.86824088833578 564.7379612349337
    vertex 2377.1319715339378 220.86824088833552 564.7379612349333
  endloop
endfacet
facet normal -1.8479784640427473e-14 0.9063077870367879 0.42261826174040384
  outer loop
    vertex 2377.1319715339378 203.16987298107827 567.1619999999944
    vertex 2395.3319715339367 202.93671915200147 567.661999999994
    vertex 2395.3319715339367 203.1698729810785 567.1619999999947
  endloop
endfacet
facet normal -1.8479784640427473e-14 0.9063077870367879 0.42261826174040384
  outer loop
    vertex 2395.3319715339367 202.93671915200147 567.661999999994
    vertex 2377.1319715339378 203.16987298107827 567.1619999999944
    vertex 2377.1319715339378 202.9367191520013 567.6619999999937
  endloop
endfacet
facet normal -2.0486926199543992e-14 0.4226182617402523 0.9063077870368584
  outer loop
    vertex 2395.331971533937 218.28989928337253 564.9635368960651
    vertex 2377.1319715339378 217.5000000000008 565.3318729810716
    vertex 2395.331971533937 217.50000000000097 565.3318729810719
  endloop
endfacet
facet normal -2.0486926199543992e-14 0.4226182617402523 0.9063077870368584
  outer loop
    vertex 2377.1319715339378 217.5000000000008 565.3318729810716
    vertex 2395.331971533937 218.28989928337253 564.9635368960651
    vertex 2377.1319715339378 218.28989928337236 564.9635368960646
  endloop
endfacet
facet normal -2.0578020059224672e-14 0.573576436350286 0.8191520442895239
  outer loop
    vertex 2395.331971533937 217.50000000000097 565.3318729810719
    vertex 2377.1319715339378 216.78606195156763 565.8317777843981
    vertex 2395.331971533937 216.78606195156783 565.8317777843985
  endloop
endfacet
facet normal -2.0578020059224672e-14 0.573576436350286 0.8191520442895239
  outer loop
    vertex 2377.1319715339378 216.78606195156763 565.8317777843981
    vertex 2395.331971533937 217.50000000000097 565.3318729810719
    vertex 2377.1319715339378 217.5000000000008 565.3318729810716
  endloop
endfacet
facet normal -2.0043861192380122e-14 0.7071067811869574 0.7071067811861377
  outer loop
    vertex 2377.1319715339378 216.78606195156763 565.8317777843981
    vertex 2395.331971533937 216.16977778440602 566.448061951561
    vertex 2395.331971533937 216.78606195156783 565.8317777843985
  endloop
endfacet
facet normal -2.0043861192380122e-14 0.7071067811869574 0.7071067811861377
  outer loop
    vertex 2395.331971533937 216.16977778440602 566.448061951561
    vertex 2377.1319715339378 216.78606195156763 565.8317777843981
    vertex 2377.1319715339378 216.16977778440582 566.4480619515607
  endloop
endfacet
facet normal -1.8900679745895244e-14 0.8191520442889723 0.5735764363510742
  outer loop
    vertex 2377.1319715339378 216.16977778440582 566.4480619515607
    vertex 2395.331971533937 215.66987298107873 567.1619999999937
    vertex 2395.331971533937 216.16977778440602 566.448061951561
  endloop
endfacet
facet normal -1.8900679745895244e-14 0.8191520442889723 0.5735764363510742
  outer loop
    vertex 2395.331971533937 215.66987298107873 567.1619999999937
    vertex 2377.1319715339378 216.16977778440582 566.4480619515607
    vertex 2377.1319715339378 215.66987298107856 567.1619999999933
  endloop
endfacet
facet normal -1.0 -1.0748825949706957e-14 -3.6990906367450895e-14
  outer loop
    vertex 2377.1319715339378 187.2500000000002 563.6619999999951
    vertex 2377.1319715339378 206.63175911166584 564.7379612349329
    vertex 2377.1319715339378 207.50000000000068 564.6619999999933
  endloop
endfacet
facet normal -1.0 -1.0748825949706957e-14 -3.6990906367450895e-14
  outer loop
    vertex 2377.1319715339378 206.63175911166584 564.7379612349329
    vertex 2377.1319715339378 187.2500000000002 563.6619999999951
    vertex 2377.1319715339378 187.25000000000026 567.6619999999934
  endloop
endfacet
facet normal -1.0 -1.0748825949706957e-14 -3.6990906367450895e-14
  outer loop
    vertex 2377.1319715339378 206.63175911166584 564.7379612349329
    vertex 2377.1319715339378 187.25000000000026 567.6619999999934
    vertex 2377.1319715339378 205.78989928337214 564.9635368960646
  endloop
endfacet
facet normal -1.0 -1.0748825949706957e-14 -3.6990906367450895e-14
  outer loop
    vertex 2377.1319715339378 205.78989928337214 564.9635368960646
    vertex 2377.1319715339378 187.25000000000026 567.6619999999934
    vertex 2377.1319715339378 205.0000000000007 565.3318729810721
  endloop
endfacet
facet normal -1.0 -1.0748825949706957e-14 -3.6990906367450895e-14
  outer loop
    vertex 2377.1319715339378 205.0000000000007 565.3318729810721
    vertex 2377.1319715339378 187.25000000000026 567.6619999999934
    vertex 2377.1319715339378 204.28606195156797 565.8317777843992
  endloop
endfacet
facet normal -1.0 -1.0748825949706957e-14 -3.6990906367450895e-14
  outer loop
    vertex 2377.1319715339378 204.28606195156797 565.8317777843992
    vertex 2377.1319715339378 187.25000000000026 567.6619999999934
    vertex 2377.1319715339378 203.6697777844056 566.4480619515621
  endloop
endfacet
facet normal -1.0 -1.0748825949706957e-14 -3.6990906367450895e-14
  outer loop
    vertex 2377.1319715339378 203.6697777844056 566.4480619515621
    vertex 2377.1319715339378 187.25000000000026 567.6619999999934
    vertex 2377.1319715339378 203.16987298107827 567.1619999999944
  endloop
endfacet
facet normal -1.0 -1.0748825949706957e-14 -3.6990906367450895e-14
  outer loop
    vertex 2377.1319715339378 203.16987298107827 567.1619999999944
    vertex 2377.1319715339378 187.25000000000026 567.6619999999934
    vertex 2377.1319715339378 202.9367191520013 567.6619999999937
  endloop
endfacet
facet normal -1.0 -1.0748825949706957e-14 -3.6990906367450895e-14
  outer loop
    vertex 2377.1319715339378 202.9367191520013 567.6619999999937
    vertex 2377.1319715339378 187.25000000000026 567.6619999999934
    vertex 2377.1319715339378 189.85000000000016 567.6619999999936
  endloop
endfacet
facet normal -1.0 -1.0748825949706957e-14 -3.6990906367450895e-14
  outer loop
    vertex 2377.1319715339378 208.36824088833524 564.7379612349329
    vertex 2377.1319715339378 220.0000000000005 564.6619999999942
    vertex 2377.1319715339378 207.50000000000068 564.6619999999933
  endloop
endfacet
facet normal -1.0 -1.0748825949706957e-14 -3.6990906367450895e-14
  outer loop
    vertex 2377.1319715339378 220.0000000000005 564.6619999999942
    vertex 2377.1319715339378 208.36824088833524 564.7379612349329
    vertex 2377.1319715339378 219.13175911166593 564.7379612349333
  endloop
endfacet
facet normal -1.0 -1.0748825949706957e-14 -3.6990906367450895e-14
  outer loop
    vertex 2377.1319715339378 219.13175911166593 564.7379612349333
    vertex 2377.1319715339378 208.36824088833524 564.7379612349329
    vertex 2377.1319715339378 209.210100716629 564.9635368960646
  endloop
endfacet
facet normal -1.0 -1.0748825949706957e-14 -3.6990906367450895e-14
  outer loop
    vertex 2377.1319715339378 219.13175911166593 564.7379612349333
    vertex 2377.1319715339378 209.210100716629 564.9635368960646
    vertex 2377.1319715339378 218.28989928337236 564.9635368960646
  endloop
endfacet
facet normal -1.0 -1.0748825949706957e-14 -3.6990906367450895e-14
  outer loop
    vertex 2377.1319715339378 218.28989928337236 564.9635368960646
    vertex 2377.1319715339378 209.210100716629 564.9635368960646
    vertex 2377.1319715339378 210.00000000000074 565.3318729810723
  endloop
endfacet
facet normal -1.0 -1.0748825949706957e-14 -3.6990906367450895e-14
  outer loop
    vertex 2377.1319715339378 218.28989928337236 564.9635368960646
    vertex 2377.1319715339378 210.00000000000074 565.3318729810723
    vertex 2377.1319715339378 217.5000000000008 565.3318729810716
  endloop
endfacet
facet normal -1.0 -1.0748825949706957e-14 -3.6990906367450895e-14
  outer loop
    vertex 2377.1319715339378 217.5000000000008 565.3318729810716
    vertex 2377.1319715339378 210.00000000000074 565.3318729810723
    vertex 2377.1319715339378 216.78606195156763 565.8317777843981
  endloop
endfacet
facet normal -1.0 -1.0748825949706957e-14 -3.6990906367450895e-14
  outer loop
    vertex 2377.1319715339378 216.78606195156763 565.8317777843981
    vertex 2377.1319715339378 210.00000000000074 565.3318729810723
    vertex 2377.1319715339378 210.71393804843345 565.8317777843993
  endloop
endfacet
facet normal -1.0 -1.0748825949706957e-14 -3.6990906367450895e-14
  outer loop
    vertex 2377.1319715339378 216.78606195156763 565.8317777843981
    vertex 2377.1319715339378 210.71393804843345 565.8317777843993
    vertex 2377.1319715339378 216.16977778440582 566.4480619515607
  endloop
endfacet
facet normal -1.0 -1.0748825949706957e-14 -3.6990906367450895e-14
  outer loop
    vertex 2377.1319715339378 216.16977778440582 566.4480619515607
    vertex 2377.1319715339378 210.71393804843345 565.8317777843993
    vertex 2377.1319715339378 211.33022221559557 566.4480619515622
  endloop
endfacet
facet normal -1.0 -1.0748825949706957e-14 -3.6990906367450895e-14
  outer loop
    vertex 2377.1319715339378 216.16977778440582 566.4480619515607
    vertex 2377.1319715339378 211.33022221559557 566.4480619515622
    vertex 2377.1319715339378 215.66987298107856 567.1619999999933
  endloop
endfacet
facet normal -1.0 -1.0748825949706957e-14 -3.6990906367450895e-14
  outer loop
    vertex 2377.1319715339378 215.66987298107856 567.1619999999933
    vertex 2377.1319715339378 211.33022221559557 566.4480619515622
    vertex 2377.1319715339378 211.83012701892284 567.1619999999944
  endloop
endfacet
facet normal -1.0 -1.0748825949706957e-14 -3.6990906367450895e-14
  outer loop
    vertex 2377.1319715339378 215.66987298107856 567.1619999999933
    vertex 2377.1319715339378 211.83012701892284 567.1619999999944
    vertex 2377.1319715339378 215.43671915200096 567.6619999999933
  endloop
endfacet
facet normal -1.0 -1.0748825949706957e-14 -3.6990906367450895e-14
  outer loop
    vertex 2377.1319715339378 215.43671915200096 567.6619999999933
    vertex 2377.1319715339378 211.83012701892284 567.1619999999944
    vertex 2377.131971533938 212.0632808479998 567.6619999999936
  endloop
endfacet
facet normal -1.0 -1.0748825949706957e-14 -3.6990906367450895e-14
  outer loop
    vertex 2377.1319715339373 229.00000000000034 563.6619999999944
    vertex 2377.1319715339378 221.710100716629 564.9635368960646
    vertex 2377.131971533937 229.00000000000063 567.6619999999933
  endloop
endfacet
facet normal -1.0 -1.0748825949706957e-14 -3.6990906367450895e-14
  outer loop
    vertex 2377.1319715339378 221.710100716629 564.9635368960646
    vertex 2377.1319715339373 229.00000000000034 563.6619999999944
    vertex 2377.1319715339378 220.86824088833552 564.7379612349333
  endloop
endfacet
facet normal -1.0 -1.0748825949706957e-14 -3.6990906367450895e-14
  outer loop
    vertex 2377.1319715339378 220.86824088833552 564.7379612349333
    vertex 2377.1319715339373 229.00000000000034 563.6619999999944
    vertex 2377.1319715339378 220.0000000000005 564.6619999999942
  endloop
endfacet
facet normal -1.0 -1.0748825949706957e-14 -3.6990906367450895e-14
  outer loop
    vertex 2377.1319715339378 220.0000000000005 564.6619999999942
    vertex 2377.1319715339373 229.00000000000034 563.6619999999944
    vertex 2377.1319715339378 187.2500000000002 563.6619999999951
  endloop
endfacet
facet normal -1.0 -1.0748825949706957e-14 -3.6990906367450895e-14
  outer loop
    vertex 2377.1319715339378 220.0000000000005 564.6619999999942
    vertex 2377.1319715339378 187.2500000000002 563.6619999999951
    vertex 2377.1319715339378 207.50000000000068 564.6619999999933
  endloop
endfacet
facet normal -1.0 -1.0748825949706957e-14 -3.6990906367450895e-14
  outer loop
    vertex 2377.131971533937 229.00000000000063 567.6619999999933
    vertex 2377.1319715339378 221.710100716629 564.9635368960646
    vertex 2377.1319715339378 222.50000000000057 565.3318729810715
  endloop
endfacet
facet normal -1.0 -1.0748825949706957e-14 -3.6990906367450895e-14
  outer loop
    vertex 2377.131971533937 229.00000000000063 567.6619999999933
    vertex 2377.1319715339378 222.50000000000057 565.3318729810715
    vertex 2377.1319715339373 223.21393804843362 565.8317777843982
  endloop
endfacet
facet normal -1.0 -1.0748825949706957e-14 -3.6990906367450895e-14
  outer loop
    vertex 2377.131971533937 229.00000000000063 567.6619999999933
    vertex 2377.1319715339373 223.21393804843362 565.8317777843982
    vertex 2377.1319715339373 223.83022221559554 566.4480619515608
  endloop
endfacet
facet normal -1.0 -1.0748825949706957e-14 -3.6990906367450895e-14
  outer loop
    vertex 2377.131971533937 229.00000000000063 567.6619999999933
    vertex 2377.1319715339373 223.83022221559554 566.4480619515608
    vertex 2377.1319715339373 224.33012701892298 567.1619999999934
  endloop
endfacet
facet normal -1.0 -1.0748825949706957e-14 -3.6990906367450895e-14
  outer loop
    vertex 2377.131971533937 229.00000000000063 567.6619999999933
    vertex 2377.1319715339373 224.33012701892298 567.1619999999934
    vertex 2377.1319715339373 224.5632808480004 567.6619999999933
  endloop
endfacet
facet normal -1.0 -1.0748825949706957e-14 -3.6990906367450895e-14
  outer loop
    vertex 2377.131971533937 229.00000000000063 567.6619999999933
    vertex 2377.1319715339373 224.5632808480004 567.6619999999933
    vertex 2377.131971533937 226.40000000000066 567.6619999999933
  endloop
endfacet
facet normal -1.5927573756791658e-14 -0.2588190451024072 0.9659258262890987
  outer loop
    vertex 2415.4819715339368 208.37215136548159 567.2657838169906
    vertex 2398.3319715339367 207.94280285305163 567.1507402298133
    vertex 2415.4819715339368 207.94280285305183 567.1507402298137
  endloop
endfacet
facet normal -1.5927573756791658e-14 -0.2588190451024072 0.9659258262890987
  outer loop
    vertex 2398.3319715339367 207.94280285305163 567.1507402298133
    vertex 2415.4819715339368 208.37215136548159 567.2657838169906
    vertex 2398.3319715339367 208.37215136548141 567.2657838169903
  endloop
endfacet
facet normal -1.9050618112026346e-14 -0.08715574274772879 0.9961946980917395
  outer loop
    vertex 2415.4819715339368 207.94280285305183 567.1507402298137
    vertex 2398.3319715339367 207.50000000000094 567.1119999999944
    vertex 2415.4819715339368 207.50000000000114 567.1119999999947
  endloop
endfacet
facet normal -1.9050618112026346e-14 -0.08715574274772879 0.9961946980917395
  outer loop
    vertex 2398.3319715339367 207.50000000000094 567.1119999999944
    vertex 2415.4819715339368 207.94280285305183 567.1507402298137
    vertex 2398.3319715339367 207.94280285305163 567.1507402298133
  endloop
endfacet
facet normal -2.159481907601031e-14 0.08715574274771656 0.9961946980917404
  outer loop
    vertex 2415.4819715339368 207.50000000000114 567.1119999999947
    vertex 2398.3319715339367 207.05719714695024 567.1507402298133
    vertex 2415.4819715339368 207.05719714695044 567.1507402298137
  endloop
endfacet
facet normal -2.159481907601031e-14 0.08715574274771656 0.9961946980917404
  outer loop
    vertex 2398.3319715339367 207.05719714695024 567.1507402298133
    vertex 2415.4819715339368 207.50000000000114 567.1119999999947
    vertex 2398.3319715339367 207.50000000000094 567.1119999999944
  endloop
endfacet
facet normal -2.34828723898716e-14 0.2588190451023954 0.9659258262891021
  outer loop
    vertex 2415.4819715339368 207.05719714695044 567.1507402298137
    vertex 2398.3319715339367 206.6278486345205 567.2657838169903
    vertex 2415.4819715339368 206.6278486345207 567.2657838169906
  endloop
endfacet
facet normal -2.34828723898716e-14 0.2588190451023954 0.9659258262891021
  outer loop
    vertex 2398.3319715339367 206.6278486345205 567.2657838169903
    vertex 2415.4819715339368 207.05719714695044 567.1507402298137
    vertex 2398.3319715339367 207.05719714695024 567.1507402298133
  endloop
endfacet
facet normal -2.465741050907775e-14 0.422618261740794 0.9063077870366059
  outer loop
    vertex 2415.4819715339368 206.6278486345207 567.2657838169906
    vertex 2398.3319715339367 206.22500000000093 567.4536352203442
    vertex 2415.4819715339368 206.2250000000011 567.4536352203445
  endloop
endfacet
facet normal -2.465741050907775e-14 0.422618261740794 0.9063077870366059
  outer loop
    vertex 2398.3319715339367 206.22500000000093 567.4536352203442
    vertex 2415.4819715339368 206.6278486345207 567.2657838169906
    vertex 2398.3319715339367 206.6278486345205 567.2657838169903
  endloop
endfacet
facet normal -2.5084189334594058e-14 0.5735764363510847 0.8191520442889648
  outer loop
    vertex 2415.4819715339368 206.2250000000011 567.4536352203445
    vertex 2398.3319715339367 205.86089159530022 567.7085866700411
    vertex 2415.4819715339368 205.86089159530047 567.7085866700414
  endloop
endfacet
facet normal -2.5084189334594058e-14 0.5735764363510847 0.8191520442889648
  outer loop
    vertex 2398.3319715339367 205.86089159530022 567.7085866700411
    vertex 2415.4819715339368 206.2250000000011 567.4536352203445
    vertex 2398.3319715339367 206.22500000000093 567.4536352203442
  endloop
endfacet
facet normal -2.4745954330127142e-14 0.7071067811864925 0.7071067811866026
  outer loop
    vertex 2415.4819715339368 205.86089159530047 567.7085866700414
    vertex 2398.3319715339367 205.54658667004745 568.0228915952938
    vertex 2415.4819715339368 205.54658667004773 568.0228915952941
  endloop
endfacet
facet normal -2.4745954330127142e-14 0.7071067811864925 0.7071067811866026
  outer loop
    vertex 2398.3319715339367 205.54658667004745 568.0228915952938
    vertex 2415.4819715339368 205.86089159530047 567.7085866700414
    vertex 2398.3319715339367 205.86089159530022 567.7085866700411
  endloop
endfacet
facet normal -2.3656258819999418e-14 0.8191520442888912 0.57357643635119
  outer loop
    vertex 2398.3319715339367 205.54658667004745 568.0228915952938
    vertex 2415.4819715339368 205.2916352203508 568.3869999999946
    vertex 2415.4819715339368 205.54658667004773 568.0228915952941
  endloop
endfacet
facet normal -2.3656258819999418e-14 0.8191520442888912 0.57357643635119
  outer loop
    vertex 2415.4819715339368 205.2916352203508 568.3869999999946
    vertex 2398.3319715339367 205.54658667004745 568.0228915952938
    vertex 2398.3319715339367 205.2916352203505 568.3869999999943
  endloop
endfacet
facet normal -2.184977084757264e-14 0.9063077870366967 0.4226182617405994
  outer loop
    vertex 2398.3319715339367 205.2916352203505 568.3869999999943
    vertex 2415.4819715339368 205.10378381699707 568.7898486345143
    vertex 2415.4819715339368 205.2916352203508 568.3869999999946
  endloop
endfacet
facet normal -2.184977084757264e-14 0.9063077870366967 0.4226182617405994
  outer loop
    vertex 2415.4819715339368 205.10378381699707 568.7898486345143
    vertex 2398.3319715339367 205.2916352203505 568.3869999999943
    vertex 2398.3319715339367 205.1037838169968 568.7898486345139
  endloop
endfacet
facet normal -1.9378377791687246e-14 0.9659258262890411 0.2588190451026221
  outer loop
    vertex 2398.3319715339367 205.1037838169968 568.7898486345139
    vertex 2415.4819715339368 204.98874022981997 569.219197146944
    vertex 2415.4819715339368 205.10378381699707 568.7898486345143
  endloop
endfacet
facet normal -1.9378377791687246e-14 0.9659258262890411 0.2588190451026221
  outer loop
    vertex 2415.4819715339368 204.98874022981997 569.219197146944
    vertex 2398.3319715339367 205.1037838169968 568.7898486345139
    vertex 2398.3319715339367 204.9887402298197 569.2191971469437
  endloop
endfacet
facet normal -1.631818253252863e-14 0.996194698091749 0.08715574274761921
  outer loop
    vertex 2398.3319715339367 204.9887402298197 569.2191971469437
    vertex 2415.4819715339368 204.95000000000113 569.6619999999947
    vertex 2415.4819715339368 204.98874022981997 569.219197146944
  endloop
endfacet
facet normal -1.631818253252863e-14 0.996194698091749 0.08715574274761921
  outer loop
    vertex 2415.4819715339368 204.95000000000113 569.6619999999947
    vertex 2398.3319715339367 204.9887402298197 569.2191971469437
    vertex 2398.3319715339367 204.95000000000084 569.6619999999944
  endloop
endfacet
facet normal -1.2762167554522158e-14 0.9961946980917501 -0.087155742747607
  outer loop
    vertex 2398.3319715339367 204.95000000000084 569.6619999999944
    vertex 2415.4819715339368 204.98874022981997 570.1048028530455
    vertex 2415.4819715339368 204.95000000000113 569.6619999999947
  endloop
endfacet
facet normal -1.2762167554522158e-14 0.9961946980917501 -0.087155742747607
  outer loop
    vertex 2415.4819715339368 204.98874022981997 570.1048028530455
    vertex 2398.3319715339367 204.95000000000084 569.6619999999944
    vertex 2398.3319715339367 204.9887402298197 570.1048028530452
  endloop
endfacet
facet normal 0.9238795325112789 -0.382683432365109 1.6503104571927427e-14
  outer loop
    vertex 2379.289632158072 194.52500000000134 567.6619999999933
    vertex 2379.13478650319 194.15116951991035 563.6619999999951
    vertex 2379.289632158072 194.52500000000137 563.6619999999951
  endloop
endfacet
facet normal 0.9238795325112789 -0.382683432365109 1.6503104571927427e-14
  outer loop
    vertex 2379.13478650319 194.15116951991035 563.6619999999951
    vertex 2379.289632158072 194.52500000000134 567.6619999999933
    vertex 2379.1347865031894 194.15116951991024 567.6619999999933
  endloop
endfacet
facet normal 0.9914448613738056 -0.13052619222008754 1.942620291349559e-14
  outer loop
    vertex 2379.1347865031894 194.15116951991024 567.6619999999933
    vertex 2379.0819715339376 193.75000000000136 563.6619999999951
    vertex 2379.13478650319 194.15116951991035 563.6619999999951
  endloop
endfacet
facet normal 0.9914448613738056 -0.13052619222008754 1.942620291349559e-14
  outer loop
    vertex 2379.0819715339376 193.75000000000136 563.6619999999951
    vertex 2379.1347865031894 194.15116951991024 567.6619999999933
    vertex 2379.0819715339376 193.75000000000134 567.6619999999933
  endloop
endfacet
facet normal 0.9914448613738018 0.13052619222011647 2.10254376298278e-14
  outer loop
    vertex 2379.0819715339376 193.75000000000134 567.6619999999933
    vertex 2379.13478650319 193.3488304800925 563.6619999999951
    vertex 2379.0819715339376 193.75000000000136 563.6619999999951
  endloop
endfacet
facet normal 0.9914448613738018 0.13052619222011647 2.10254376298278e-14
  outer loop
    vertex 2379.13478650319 193.3488304800925 563.6619999999951
    vertex 2379.0819715339376 193.75000000000134 567.6619999999933
    vertex 2379.1347865031894 193.3488304800924 567.6619999999933
  endloop
endfacet
facet normal 0.9238795325112678 0.38268343236513597 2.1191823517864922e-14
  outer loop
    vertex 2379.1347865031894 193.3488304800924 567.6619999999933
    vertex 2379.289632158072 192.97500000000136 563.6619999999951
    vertex 2379.13478650319 193.3488304800925 563.6619999999951
  endloop
endfacet
facet normal 0.9238795325112678 0.38268343236513597 2.1191823517864922e-14
  outer loop
    vertex 2379.289632158072 192.97500000000136 563.6619999999951
    vertex 2379.1347865031894 193.3488304800924 567.6619999999933
    vertex 2379.289632158072 192.97500000000133 567.6619999999933
  endloop
endfacet
facet normal 0.7933533402912708 0.6087614290086742 1.9914021654304644e-14
  outer loop
    vertex 2379.289632158072 192.97500000000133 567.6619999999933
    vertex 2379.5359560230986 192.6539844891622 563.6619999999951
    vertex 2379.289632158072 192.97500000000136 563.6619999999951
  endloop
endfacet
facet normal 0.7933533402912708 0.6087614290086742 1.9914021654304644e-14
  outer loop
    vertex 2379.5359560230986 192.6539844891622 563.6619999999951
    vertex 2379.289632158072 192.97500000000133 567.6619999999933
    vertex 2379.5359560230986 192.65398448916218 567.6619999999933
  endloop
endfacet
facet normal 0.6087614290087213 0.7933533402912347 1.7279112124479347e-14
  outer loop
    vertex 2379.5359560230986 192.6539844891622 563.6619999999951
    vertex 2379.8569715339377 192.4076606241355 567.6619999999933
    vertex 2379.8569715339377 192.4076606241355 563.6619999999951
  endloop
endfacet
facet normal 0.6087614290087213 0.7933533402912347 1.7279112124479347e-14
  outer loop
    vertex 2379.8569715339377 192.4076606241355 567.6619999999933
    vertex 2379.5359560230986 192.6539844891622 563.6619999999951
    vertex 2379.5359560230986 192.65398448916218 567.6619999999933
  endloop
endfacet
facet normal 0.3826834323650696 0.9238795325112952 1.3466659658453768e-14
  outer loop
    vertex 2379.8569715339377 192.4076606241355 563.6619999999951
    vertex 2380.2308020140285 192.25281496925325 567.6619999999933
    vertex 2380.2308020140285 192.25281496925328 563.6619999999951
  endloop
endfacet
facet normal 0.3826834323650696 0.9238795325112952 1.3466659658453768e-14
  outer loop
    vertex 2380.2308020140285 192.25281496925325 567.6619999999933
    vertex 2379.8569715339377 192.4076606241355 563.6619999999951
    vertex 2379.8569715339377 192.4076606241355 567.6619999999933
  endloop
endfacet
facet normal 0.1305261922199924 0.9914448613738183 8.736476591411431e-15
  outer loop
    vertex 2380.2308020140285 192.25281496925328 563.6619999999951
    vertex 2380.6319715339378 192.20000000000135 567.6619999999933
    vertex 2380.6319715339378 192.20000000000138 563.6619999999951
  endloop
endfacet
facet normal 0.1305261922199924 0.9914448613738183 8.736476591411431e-15
  outer loop
    vertex 2380.6319715339378 192.20000000000135 567.6619999999933
    vertex 2380.2308020140285 192.25281496925328 563.6619999999951
    vertex 2380.2308020140285 192.25281496925325 567.6619999999933
  endloop
endfacet
facet normal -0.13052619222002132 0.9914448613738145 3.410917082377136e-15
  outer loop
    vertex 2380.6319715339378 192.20000000000138 563.6619999999951
    vertex 2381.0331410538465 192.25281496925334 567.6619999999933
    vertex 2381.0331410538465 192.25281496925336 563.6619999999951
  endloop
endfacet
facet normal -0.13052619222002132 0.9914448613738145 3.410917082377136e-15
  outer loop
    vertex 2381.0331410538465 192.25281496925334 567.6619999999933
    vertex 2380.6319715339378 192.20000000000138 563.6619999999951
    vertex 2380.6319715339378 192.20000000000135 567.6619999999933
  endloop
endfacet
facet normal 0.9238795325112678 0.38268343236513597 2.1191823517864922e-14
  outer loop
    vertex 2399.1347865031894 213.3488304800921 575.1619999999938
    vertex 2399.2896321580715 212.9750000000011 563.6619999999956
    vertex 2399.1347865031894 213.34883048009218 563.6619999999956
  endloop
endfacet
facet normal 0.9238795325112678 0.38268343236513597 2.1191823517864922e-14
  outer loop
    vertex 2399.2896321580715 212.9750000000011 563.6619999999956
    vertex 2399.1347865031894 213.3488304800921 575.1619999999938
    vertex 2399.2896321580715 212.97500000000102 575.1619999999938
  endloop
endfacet
facet normal 0.7933533402912708 0.6087614290086742 1.9914021654304644e-14
  outer loop
    vertex 2399.2896321580715 212.97500000000102 575.1619999999938
    vertex 2399.535956023098 212.6539844891619 563.6619999999956
    vertex 2399.2896321580715 212.9750000000011 563.6619999999956
  endloop
endfacet
facet normal 0.7933533402912708 0.6087614290086742 1.9914021654304644e-14
  outer loop
    vertex 2399.535956023098 212.6539844891619 563.6619999999956
    vertex 2399.2896321580715 212.97500000000102 575.1619999999938
    vertex 2399.535956023098 212.65398448916181 575.1619999999938
  endloop
endfacet
facet normal 0.6087614290087213 0.7933533402912347 1.7279112124479347e-14
  outer loop
    vertex 2399.535956023098 212.6539844891619 563.6619999999956
    vertex 2399.856971533937 212.40766062413508 575.1619999999938
    vertex 2399.8569715339377 212.40766062413516 563.6619999999956
  endloop
endfacet
facet normal 0.6087614290087213 0.7933533402912347 1.7279112124479347e-14
  outer loop
    vertex 2399.856971533937 212.40766062413508 575.1619999999938
    vertex 2399.535956023098 212.6539844891619 563.6619999999956
    vertex 2399.535956023098 212.65398448916181 575.1619999999938
  endloop
endfacet
facet normal 0.3826834323650696 0.9238795325112952 1.3466659658453768e-14
  outer loop
    vertex 2400.2308020140285 212.25281496925308 563.6619999999956
    vertex 2399.856971533937 212.40766062413508 575.1619999999938
    vertex 2400.2308020140285 212.25281496925288 575.1619999999938
  endloop
endfacet
facet normal 0.3826834323650696 0.9238795325112952 1.3466659658453768e-14
  outer loop
    vertex 2399.856971533937 212.40766062413508 575.1619999999938
    vertex 2400.2308020140285 212.25281496925308 563.6619999999956
    vertex 2399.8569715339377 212.40766062413516 563.6619999999956
  endloop
endfacet
facet normal 0.1305261922199924 0.9914448613738183 8.736476591411431e-15
  outer loop
    vertex 2400.6319715339373 212.20000000000115 563.6619999999956
    vertex 2400.2308020140285 212.25281496925288 575.1619999999938
    vertex 2400.6319715339373 212.20000000000095 575.1619999999938
  endloop
endfacet
facet normal 0.1305261922199924 0.9914448613738183 8.736476591411431e-15
  outer loop
    vertex 2400.2308020140285 212.25281496925288 575.1619999999938
    vertex 2400.6319715339373 212.20000000000115 563.6619999999956
    vertex 2400.2308020140285 212.25281496925308 563.6619999999956
  endloop
endfacet
facet normal -0.13052619222002132 0.9914448613738145 3.410917082377136e-15
  outer loop
    vertex 2401.0331410538465 212.25281496925308 563.6619999999956
    vertex 2400.6319715339373 212.20000000000095 575.1619999999938
    vertex 2401.0331410538465 212.25281496925288 575.1619999999938
  endloop
endfacet
facet normal -0.13052619222002132 0.9914448613738145 3.410917082377136e-15
  outer loop
    vertex 2400.6319715339373 212.20000000000095 575.1619999999938
    vertex 2401.0331410538465 212.25281496925308 563.6619999999956
    vertex 2400.6319715339373 212.20000000000115 563.6619999999956
  endloop
endfacet
facet normal -0.38268343236509655 0.9238795325112841 -2.147090789016721e-15
  outer loop
    vertex 2401.0331410538465 212.25281496925308 563.6619999999956
    vertex 2401.4069715339374 212.40766062413508 575.1619999999938
    vertex 2401.4069715339374 212.40766062413525 563.6619999999956
  endloop
endfacet
facet normal -0.38268343236509655 0.9238795325112841 -2.147090789016721e-15
  outer loop
    vertex 2401.4069715339374 212.40766062413508 575.1619999999938
    vertex 2401.0331410538465 212.25281496925308 563.6619999999956
    vertex 2401.0331410538465 212.25281496925288 575.1619999999938
  endloop
endfacet
facet normal -0.6087614290087444 0.793353340291217 -7.558777971374038e-15
  outer loop
    vertex 2401.727987044777 212.65398448916199 563.6619999999956
    vertex 2401.4069715339374 212.40766062413508 575.1619999999938
    vertex 2401.727987044777 212.6539844891619 575.1619999999938
  endloop
endfacet
facet normal -0.6087614290087444 0.793353340291217 -7.558777971374038e-15
  outer loop
    vertex 2401.4069715339374 212.40766062413508 575.1619999999938
    vertex 2401.727987044777 212.65398448916199 563.6619999999956
    vertex 2401.4069715339374 212.40766062413525 563.6619999999956
  endloop
endfacet
facet normal -0.7933533402912886 0.6087614290086512 -1.2455346926453952e-14
  outer loop
    vertex 2401.727987044777 212.65398448916199 563.6619999999956
    vertex 2401.974310909803 212.97500000000105 575.1619999999938
    vertex 2401.974310909803 212.97500000000116 563.6619999999956
  endloop
endfacet
facet normal -0.7933533402912886 0.6087614290086512 -1.2455346926453952e-14
  outer loop
    vertex 2401.974310909803 212.97500000000105 575.1619999999938
    vertex 2401.727987044777 212.65398448916199 563.6619999999956
    vertex 2401.727987044777 212.6539844891619 575.1619999999938
  endloop
endfacet
facet normal -0.9238795325112789 0.382683432365109 -1.6503104571927427e-14
  outer loop
    vertex 2401.974310909803 212.97500000000105 575.1619999999938
    vertex 2402.129156564685 213.34883048009223 563.6619999999956
    vertex 2401.974310909803 212.97500000000116 563.6619999999956
  endloop
endfacet
facet normal -0.9238795325112789 0.382683432365109 -1.6503104571927427e-14
  outer loop
    vertex 2402.129156564685 213.34883048009223 563.6619999999956
    vertex 2401.974310909803 212.97500000000105 575.1619999999938
    vertex 2402.129156564685 213.34883048009215 575.1619999999938
  endloop
endfacet
facet normal -0.9914448613738056 0.13052619222008754 -1.942620291349559e-14
  outer loop
    vertex 2402.129156564685 213.34883048009215 575.1619999999938
    vertex 2402.1819715339375 213.75000000000117 563.6619999999957
    vertex 2402.129156564685 213.34883048009223 563.6619999999956
  endloop
endfacet
facet normal -0.9914448613738056 0.13052619222008754 -1.942620291349559e-14
  outer loop
    vertex 2402.1819715339375 213.75000000000117 563.6619999999957
    vertex 2402.129156564685 213.34883048009215 575.1619999999938
    vertex 2402.1819715339375 213.75000000000105 575.1619999999939
  endloop
endfacet
facet normal 0.3826834323650696 0.9238795325112952 1.3466659658453768e-14
  outer loop
    vertex 2400.230802014029 192.252814969253 563.6619999999956
    vertex 2399.856971533937 192.40766062413508 575.1619999999954
    vertex 2400.2308020140285 192.25281496925288 575.1619999999954
  endloop
endfacet
facet normal 0.3826834323650696 0.9238795325112952 1.3466659658453768e-14
  outer loop
    vertex 2399.856971533937 192.40766062413508 575.1619999999954
    vertex 2400.230802014029 192.252814969253 563.6619999999956
    vertex 2399.8569715339377 192.4076606241352 563.6619999999956
  endloop
endfacet
facet normal 0.1305261922199924 0.9914448613738183 8.736476591411431e-15
  outer loop
    vertex 2400.230802014029 192.252814969253 563.6619999999956
    vertex 2400.631971533937 192.20000000000095 575.1619999999954
    vertex 2400.6319715339378 192.20000000000113 563.6619999999956
  endloop
endfacet
facet normal 0.1305261922199924 0.9914448613738183 8.736476591411431e-15
  outer loop
    vertex 2400.631971533937 192.20000000000095 575.1619999999954
    vertex 2400.230802014029 192.252814969253 563.6619999999956
    vertex 2400.2308020140285 192.25281496925288 575.1619999999954
  endloop
endfacet
facet normal 1.132283017144795e-16 -0.9063077870367503 0.4226182617404845
  outer loop
    vertex 2395.3319715339367 212.06328084799995 567.6619999999939
    vertex 2377.1319715339378 211.83012701892284 567.1619999999944
    vertex 2395.331971533937 211.83012701892304 567.1619999999948
  endloop
endfacet
facet normal 1.132283017144795e-16 -0.9063077870367503 0.4226182617404845
  outer loop
    vertex 2377.1319715339378 211.83012701892284 567.1619999999944
    vertex 2395.3319715339367 212.06328084799995 567.6619999999939
    vertex 2377.131971533938 212.0632808479998 567.6619999999936
  endloop
endfacet
facet normal -1.2757548426851352e-15 -0.819152044288843 0.5735764363512588
  outer loop
    vertex 2377.1319715339378 211.83012701892284 567.1619999999944
    vertex 2395.331971533937 211.33022221559577 566.4480619515625
    vertex 2395.331971533937 211.83012701892304 567.1619999999948
  endloop
endfacet
facet normal -1.2757548426851352e-15 -0.819152044288843 0.5735764363512588
  outer loop
    vertex 2395.331971533937 211.33022221559577 566.4480619515625
    vertex 2377.1319715339378 211.83012701892284 567.1619999999944
    vertex 2377.1319715339378 211.33022221559557 566.4480619515622
  endloop
endfacet
facet normal -4.8297089432790285e-15 -0.7071067811869919 0.7071067811861032
  outer loop
    vertex 2377.1319715339378 211.33022221559557 566.4480619515622
    vertex 2395.331971533937 210.71393804843362 565.8317777843996
    vertex 2395.331971533937 211.33022221559577 566.4480619515625
  endloop
endfacet
facet normal -4.8297089432790285e-15 -0.7071067811869919 0.7071067811861032
  outer loop
    vertex 2395.331971533937 210.71393804843362 565.8317777843996
    vertex 2377.1319715339378 211.33022221559557 566.4480619515622
    vertex 2377.1319715339378 210.71393804843345 565.8317777843993
  endloop
endfacet
facet normal -8.236914781617472e-15 -0.5735764363508171 0.819152044289152
  outer loop
    vertex 2395.331971533937 210.71393804843362 565.8317777843996
    vertex 2377.1319715339378 210.00000000000074 565.3318729810723
    vertex 2395.3319715339367 210.0000000000009 565.3318729810726
  endloop
endfacet
facet normal -8.236914781617472e-15 -0.5735764363508171 0.819152044289152
  outer loop
    vertex 2377.1319715339378 210.00000000000074 565.3318729810723
    vertex 2395.331971533937 210.71393804843362 565.8317777843996
    vertex 2377.1319715339378 210.71393804843345 565.8317777843993
  endloop
endfacet
facet normal -1.1393846132370331e-14 -0.4226182617408644 0.906307787036573
  outer loop
    vertex 2395.3319715339367 210.0000000000009 565.3318729810726
    vertex 2377.1319715339378 209.210100716629 564.9635368960646
    vertex 2395.3319715339367 209.21010071662917 564.9635368960651
  endloop
endfacet
facet normal -1.1393846132370331e-14 -0.4226182617408644 0.906307787036573
  outer loop
    vertex 2377.1319715339378 209.210100716629 564.9635368960646
    vertex 2395.3319715339367 210.0000000000009 565.3318729810726
    vertex 2377.1319715339378 210.00000000000074 565.3318729810723
  endloop
endfacet
facet normal -1.420458123396435e-14 -0.25881904510268594 0.965925826289024
  outer loop
    vertex 2395.3319715339367 209.21010071662917 564.9635368960651
    vertex 2377.1319715339378 208.36824088833524 564.7379612349329
    vertex 2395.3319715339367 208.36824088833544 564.7379612349333
  endloop
endfacet
facet normal -1.420458123396435e-14 -0.25881904510268594 0.965925826289024
  outer loop
    vertex 2377.1319715339378 208.36824088833524 564.7379612349329
    vertex 2395.3319715339367 209.21010071662917 564.9635368960651
    vertex 2377.1319715339378 209.210100716629 564.9635368960646
  endloop
endfacet
facet normal -1.9482909891497218e-14 -0.08715574274828983 0.9961946980916904
  outer loop
    vertex 2395.3319715339367 208.36824088833544 564.7379612349333
    vertex 2377.1319715339378 207.50000000000068 564.6619999999933
    vertex 2395.3319715339367 207.50000000000085 564.6619999999939
  endloop
endfacet
facet normal -1.9482909891497218e-14 -0.08715574274828983 0.9961946980916904
  outer loop
    vertex 2377.1319715339378 207.50000000000068 564.6619999999933
    vertex 2395.3319715339367 208.36824088833544 564.7379612349333
    vertex 2377.1319715339378 208.36824088833524 564.7379612349329
  endloop
endfacet
facet normal -2.116282177322706e-14 0.08715574274825065 0.9961946980916937
  outer loop
    vertex 2395.3319715339367 207.50000000000085 564.6619999999939
    vertex 2377.1319715339378 206.63175911166584 564.7379612349329
    vertex 2395.3319715339367 206.631759111666 564.7379612349332
  endloop
endfacet
facet normal -2.116282177322706e-14 0.08715574274825065 0.9961946980916937
  outer loop
    vertex 2377.1319715339378 206.63175911166584 564.7379612349329
    vertex 2395.3319715339367 207.50000000000085 564.6619999999939
    vertex 2377.1319715339378 207.50000000000068 564.6619999999933
  endloop
endfacet
facet normal -1.9773347454179485e-14 0.25881904510268705 0.9659258262890239
  outer loop
    vertex 2395.3319715339367 206.631759111666 564.7379612349332
    vertex 2377.1319715339378 205.78989928337214 564.9635368960646
    vertex 2395.3319715339367 205.78989928337234 564.9635368960649
  endloop
endfacet
facet normal -1.9773347454179485e-14 0.25881904510268705 0.9659258262890239
  outer loop
    vertex 2377.1319715339378 205.78989928337214 564.9635368960646
    vertex 2395.3319715339367 206.631759111666 564.7379612349332
    vertex 2377.1319715339378 206.63175911166584 564.7379612349329
  endloop
endfacet
facet normal -2.0486926199545876e-14 0.42261826174099226 0.9063077870365136
  outer loop
    vertex 2395.3319715339367 205.78989928337234 564.9635368960649
    vertex 2377.1319715339378 205.0000000000007 565.3318729810721
    vertex 2395.3319715339367 205.00000000000088 565.3318729810725
  endloop
endfacet
facet normal -2.0486926199545876e-14 0.42261826174099226 0.9063077870365136
  outer loop
    vertex 2377.1319715339378 205.0000000000007 565.3318729810721
    vertex 2395.3319715339367 205.78989928337234 564.9635368960649
    vertex 2377.1319715339378 205.78989928337214 564.9635368960646
  endloop
endfacet
facet normal -2.05780200592239e-14 0.5735764363507828 0.8191520442891762
  outer loop
    vertex 2395.3319715339367 205.00000000000088 565.3318729810725
    vertex 2377.1319715339378 204.28606195156797 565.8317777843992
    vertex 2395.3319715339367 204.28606195156814 565.8317777843995
  endloop
endfacet
facet normal -2.05780200592239e-14 0.5735764363507828 0.8191520442891762
  outer loop
    vertex 2377.1319715339378 204.28606195156797 565.8317777843992
    vertex 2395.3319715339367 205.00000000000088 565.3318729810725
    vertex 2377.1319715339378 205.0000000000007 565.3318729810721
  endloop
endfacet
facet normal -2.004386119238083e-14 0.7071067811868538 0.7071067811862413
  outer loop
    vertex 2377.1319715339378 204.28606195156797 565.8317777843992
    vertex 2395.3319715339367 203.6697777844058 566.4480619515624
    vertex 2395.3319715339367 204.28606195156814 565.8317777843995
  endloop
endfacet
facet normal -2.004386119238083e-14 0.7071067811868538 0.7071067811862413
  outer loop
    vertex 2395.3319715339367 203.6697777844058 566.4480619515624
    vertex 2377.1319715339378 204.28606195156797 565.8317777843992
    vertex 2377.1319715339378 203.6697777844056 566.4480619515621
  endloop
endfacet
facet normal -1.8900679745897197e-14 0.8191520442888359 0.5735764363512688
  outer loop
    vertex 2377.1319715339378 203.6697777844056 566.4480619515621
    vertex 2395.3319715339367 203.1698729810785 567.1619999999947
    vertex 2395.3319715339367 203.6697777844058 566.4480619515624
  endloop
endfacet
facet normal -1.8900679745897197e-14 0.8191520442888359 0.5735764363512688
  outer loop
    vertex 2395.3319715339367 203.1698729810785 567.1619999999947
    vertex 2377.1319715339378 203.6697777844056 566.4480619515621
    vertex 2377.1319715339378 203.16987298107827 567.1619999999944
  endloop
endfacet
facet normal -0.9238795325112678 -0.38268343236513597 -2.1191823517864922e-14
  outer loop
    vertex 2382.1291565646857 194.1511695199103 567.6619999999933
    vertex 2381.9743109098035 194.52500000000143 563.6619999999951
    vertex 2382.1291565646857 194.15116951991038 563.6619999999951
  endloop
endfacet
facet normal -0.9238795325112678 -0.38268343236513597 -2.1191823517864922e-14
  outer loop
    vertex 2381.9743109098035 194.52500000000143 563.6619999999951
    vertex 2382.1291565646857 194.1511695199103 567.6619999999933
    vertex 2381.9743109098035 194.52500000000137 567.6619999999933
  endloop
endfacet
facet normal -0.7933533402912708 -0.6087614290086742 -1.9914021654304644e-14
  outer loop
    vertex 2381.9743109098035 194.52500000000137 567.6619999999933
    vertex 2381.727987044777 194.84601551084054 563.6619999999951
    vertex 2381.9743109098035 194.52500000000143 563.6619999999951
  endloop
endfacet
facet normal -0.7933533402912708 -0.6087614290086742 -1.9914021654304644e-14
  outer loop
    vertex 2381.727987044777 194.84601551084054 563.6619999999951
    vertex 2381.9743109098035 194.52500000000137 567.6619999999933
    vertex 2381.727987044777 194.84601551084052 567.6619999999933
  endloop
endfacet
facet normal -0.6087614290087213 -0.7933533402912347 -1.7279112124479347e-14
  outer loop
    vertex 2381.4069715339374 195.0923393758673 567.6619999999933
    vertex 2381.727987044777 194.84601551084054 563.6619999999951
    vertex 2381.727987044777 194.84601551084052 567.6619999999933
  endloop
endfacet
facet normal -0.6087614290087213 -0.7933533402912347 -1.7279112124479347e-14
  outer loop
    vertex 2381.727987044777 194.84601551084054 563.6619999999951
    vertex 2381.4069715339374 195.0923393758673 567.6619999999933
    vertex 2381.4069715339374 195.09233937586734 563.6619999999951
  endloop
endfacet
facet normal -0.1305261922199924 -0.9914448613738183 -8.736476591411431e-15
  outer loop
    vertex 2380.6319715339373 215.30000000000143 567.6619999999937
    vertex 2381.033141053846 215.24718503074948 563.6619999999951
    vertex 2381.033141053846 215.24718503074948 567.6619999999937
  endloop
endfacet
facet normal -0.1305261922199924 -0.9914448613738183 -8.736476591411431e-15
  outer loop
    vertex 2381.033141053846 215.24718503074948 563.6619999999951
    vertex 2380.6319715339373 215.30000000000143 567.6619999999937
    vertex 2380.6319715339373 215.30000000000143 563.6619999999951
  endloop
endfacet
facet normal 0.13052619222002132 -0.9914448613738145 -3.410917082377136e-15
  outer loop
    vertex 2380.2308020140285 215.2471850307495 567.6619999999937
    vertex 2380.6319715339373 215.30000000000143 563.6619999999951
    vertex 2380.6319715339373 215.30000000000143 567.6619999999937
  endloop
endfacet
facet normal 0.13052619222002132 -0.9914448613738145 -3.410917082377136e-15
  outer loop
    vertex 2380.6319715339373 215.30000000000143 563.6619999999951
    vertex 2380.2308020140285 215.2471850307495 567.6619999999937
    vertex 2380.2308020140285 215.2471850307495 563.6619999999951
  endloop
endfacet
facet normal 0.38268343236509655 -0.9238795325112841 2.147090789016721e-15
  outer loop
    vertex 2380.2308020140285 215.2471850307495 567.6619999999937
    vertex 2379.8569715339377 215.09233937586734 563.6619999999951
    vertex 2380.2308020140285 215.2471850307495 563.6619999999951
  endloop
endfacet
facet normal 0.38268343236509655 -0.9238795325112841 2.147090789016721e-15
  outer loop
    vertex 2379.8569715339377 215.09233937586734 563.6619999999951
    vertex 2380.2308020140285 215.2471850307495 567.6619999999937
    vertex 2379.8569715339377 215.09233937586723 567.6619999999937
  endloop
endfacet
facet normal 0.6087614290087444 -0.793353340291217 7.558777971374038e-15
  outer loop
    vertex 2379.535956023098 214.8460155108405 567.6619999999934
    vertex 2379.8569715339377 215.09233937586734 563.6619999999951
    vertex 2379.8569715339377 215.09233937586723 567.6619999999937
  endloop
endfacet
facet normal 0.6087614290087444 -0.793353340291217 7.558777971374038e-15
  outer loop
    vertex 2379.8569715339377 215.09233937586734 563.6619999999951
    vertex 2379.535956023098 214.8460155108405 567.6619999999934
    vertex 2379.5359560230986 214.84601551084057 563.6619999999949
  endloop
endfacet
facet normal 0.7933533402912886 -0.6087614290086512 1.2455346926453952e-14
  outer loop
    vertex 2379.535956023098 214.8460155108405 567.6619999999934
    vertex 2379.2896321580715 214.52500000000143 563.6619999999949
    vertex 2379.5359560230986 214.84601551084057 563.6619999999949
  endloop
endfacet
facet normal 0.7933533402912886 -0.6087614290086512 1.2455346926453952e-14
  outer loop
    vertex 2379.2896321580715 214.52500000000143 563.6619999999949
    vertex 2379.535956023098 214.8460155108405 567.6619999999934
    vertex 2379.2896321580715 214.52500000000134 567.6619999999934
  endloop
endfacet
facet normal 0.9238795325112789 -0.382683432365109 1.6503104571927427e-14
  outer loop
    vertex 2379.2896321580715 214.52500000000134 567.6619999999934
    vertex 2379.1347865031894 214.15116951991035 563.661999999995
    vertex 2379.2896321580715 214.52500000000143 563.6619999999949
  endloop
endfacet
facet normal 0.9238795325112789 -0.382683432365109 1.6503104571927427e-14
  outer loop
    vertex 2379.1347865031894 214.15116951991035 563.661999999995
    vertex 2379.2896321580715 214.52500000000134 567.6619999999934
    vertex 2379.1347865031894 214.15116951991027 567.6619999999936
  endloop
endfacet
facet normal 0.9914448613738056 -0.13052619222008754 1.942620291349559e-14
  outer loop
    vertex 2379.1347865031894 214.15116951991027 567.6619999999936
    vertex 2379.081971533937 213.75000000000142 563.661999999995
    vertex 2379.1347865031894 214.15116951991035 563.661999999995
  endloop
endfacet
facet normal 0.9914448613738056 -0.13052619222008754 1.942620291349559e-14
  outer loop
    vertex 2379.081971533937 213.75000000000142 563.661999999995
    vertex 2379.1347865031894 214.15116951991027 567.6619999999936
    vertex 2379.081971533937 213.75000000000134 567.6619999999936
  endloop
endfacet
facet normal -3.322625212082698e-15 0.573576436351037 0.8191520442889983
  outer loop
    vertex 2405.1319715339373 218.7250000000004 567.4536352203442
    vertex 2398.331971533937 218.36089159530016 567.708586670041
    vertex 2405.1319715339373 218.3608915952997 567.7085866700411
  endloop
endfacet
facet normal -3.322625212082698e-15 0.573576436351037 0.8191520442889983
  outer loop
    vertex 2398.331971533937 218.36089159530016 567.708586670041
    vertex 2405.1319715339373 218.7250000000004 567.4536352203442
    vertex 2398.331971533937 218.72500000000088 567.453635220344
  endloop
endfacet
facet normal -0.38268343236509655 0.9238795325112841 -2.147090789016721e-15
  outer loop
    vertex 2381.0331410538465 192.25281496925336 563.6619999999951
    vertex 2381.4069715339374 192.4076606241355 567.6619999999933
    vertex 2381.406971533938 192.40766062413553 563.6619999999951
  endloop
endfacet
facet normal -0.38268343236509655 0.9238795325112841 -2.147090789016721e-15
  outer loop
    vertex 2381.4069715339374 192.4076606241355 567.6619999999933
    vertex 2381.0331410538465 192.25281496925336 563.6619999999951
    vertex 2381.0331410538465 192.25281496925334 567.6619999999933
  endloop
endfacet
facet normal -0.6087614290087444 0.793353340291217 -7.558777971374038e-15
  outer loop
    vertex 2381.406971533938 192.40766062413553 563.6619999999951
    vertex 2381.727987044777 192.6539844891622 567.6619999999932
    vertex 2381.727987044777 192.65398448916224 563.661999999995
  endloop
endfacet
facet normal -0.6087614290087444 0.793353340291217 -7.558777971374038e-15
  outer loop
    vertex 2381.727987044777 192.6539844891622 567.6619999999932
    vertex 2381.406971533938 192.40766062413553 563.6619999999951
    vertex 2381.4069715339374 192.4076606241355 567.6619999999933
  endloop
endfacet
facet normal -0.7933533402912886 0.6087614290086512 -1.2455346926453952e-14
  outer loop
    vertex 2381.727987044777 192.6539844891622 567.6619999999932
    vertex 2381.9743109098035 192.97500000000142 563.6619999999951
    vertex 2381.727987044777 192.65398448916224 563.661999999995
  endloop
endfacet
facet normal -0.7933533402912886 0.6087614290086512 -1.2455346926453952e-14
  outer loop
    vertex 2381.9743109098035 192.97500000000142 563.6619999999951
    vertex 2381.727987044777 192.6539844891622 567.6619999999932
    vertex 2381.9743109098035 192.97500000000136 567.6619999999933
  endloop
endfacet
facet normal -0.9238795325112789 0.382683432365109 -1.6503104571927427e-14
  outer loop
    vertex 2381.9743109098035 192.97500000000136 567.6619999999933
    vertex 2382.1291565646857 193.34883048009254 563.6619999999951
    vertex 2381.9743109098035 192.97500000000142 563.6619999999951
  endloop
endfacet
facet normal -0.9238795325112789 0.382683432365109 -1.6503104571927427e-14
  outer loop
    vertex 2382.1291565646857 193.34883048009254 563.6619999999951
    vertex 2381.9743109098035 192.97500000000136 567.6619999999933
    vertex 2382.1291565646857 193.34883048009243 567.6619999999933
  endloop
endfacet
facet normal -0.9914448613738056 0.13052619222008754 -1.942620291349559e-14
  outer loop
    vertex 2382.1291565646857 193.34883048009243 567.6619999999933
    vertex 2382.1819715339375 193.75000000000142 563.6619999999951
    vertex 2382.1291565646857 193.34883048009254 563.6619999999951
  endloop
endfacet
facet normal -0.9914448613738056 0.13052619222008754 -1.942620291349559e-14
  outer loop
    vertex 2382.1819715339375 193.75000000000142 563.6619999999951
    vertex 2382.1291565646857 193.34883048009243 567.6619999999933
    vertex 2382.1819715339375 193.75000000000136 567.6619999999933
  endloop
endfacet
facet normal -0.9914448613738018 -0.13052619222011647 -2.10254376298278e-14
  outer loop
    vertex 2382.1819715339375 193.75000000000136 567.6619999999933
    vertex 2382.1291565646857 194.15116951991038 563.6619999999951
    vertex 2382.1819715339375 193.75000000000142 563.6619999999951
  endloop
endfacet
facet normal -0.9914448613738018 -0.13052619222011647 -2.10254376298278e-14
  outer loop
    vertex 2382.1291565646857 194.15116951991038 563.6619999999951
    vertex 2382.1819715339375 193.75000000000136 567.6619999999933
    vertex 2382.1291565646857 194.1511695199103 567.6619999999933
  endloop
endfacet
facet normal -0.7933533402912708 -0.6087614290086742 -1.9914021654304644e-14
  outer loop
    vertex 2381.974310909803 214.52500000000137 567.6619999999937
    vertex 2381.7279870447765 214.84601551084063 563.6619999999951
    vertex 2381.974310909803 214.52500000000148 563.6619999999951
  endloop
endfacet
facet normal -0.7933533402912708 -0.6087614290086742 -1.9914021654304644e-14
  outer loop
    vertex 2381.7279870447765 214.84601551084063 563.6619999999951
    vertex 2381.974310909803 214.52500000000137 567.6619999999937
    vertex 2381.7279870447765 214.84601551084054 567.6619999999937
  endloop
endfacet
facet normal -0.6087614290087213 -0.7933533402912347 -1.7279112124479347e-14
  outer loop
    vertex 2381.4069715339374 215.09233937586728 567.6619999999937
    vertex 2381.7279870447765 214.84601551084063 563.6619999999951
    vertex 2381.7279870447765 214.84601551084054 567.6619999999937
  endloop
endfacet
facet normal -0.6087614290087213 -0.7933533402912347 -1.7279112124479347e-14
  outer loop
    vertex 2381.7279870447765 214.84601551084063 563.6619999999951
    vertex 2381.4069715339374 215.09233937586728 567.6619999999937
    vertex 2381.4069715339374 215.09233937586734 563.6619999999951
  endloop
endfacet
facet normal -0.3826834323650696 -0.9238795325112952 -1.3466659658453768e-14
  outer loop
    vertex 2381.033141053846 215.24718503074948 567.6619999999937
    vertex 2381.4069715339374 215.09233937586734 563.6619999999951
    vertex 2381.4069715339374 215.09233937586728 567.6619999999937
  endloop
endfacet
facet normal -0.3826834323650696 -0.9238795325112952 -1.3466659658453768e-14
  outer loop
    vertex 2381.4069715339374 215.09233937586734 563.6619999999951
    vertex 2381.033141053846 215.24718503074948 567.6619999999937
    vertex 2381.033141053846 215.24718503074948 563.6619999999951
  endloop
endfacet
facet normal 3.010024809553523e-14 0.5735764363510469 -0.8191520442889912
  outer loop
    vertex 2398.3319715339367 218.36089159530022 571.6154133299476
    vertex 2405.1319715339373 218.72500000000034 571.8703647796447
    vertex 2405.1319715339373 218.36089159529965 571.6154133299477
  endloop
endfacet
facet normal 3.010024809553523e-14 0.5735764363510469 -0.8191520442889912
  outer loop
    vertex 2405.1319715339373 218.72500000000034 571.8703647796447
    vertex 2398.3319715339367 218.36089159530022 571.6154133299476
    vertex 2398.3319715339367 218.72500000000088 571.8703647796445
  endloop
endfacet
facet normal 2.835413244148164e-14 0.42261826174080513 -0.9063077870366008
  outer loop
    vertex 2398.3319715339367 218.72500000000088 571.8703647796445
    vertex 2405.1319715339373 219.12784863451992 572.0582161829985
    vertex 2405.1319715339373 218.72500000000034 571.8703647796447
  endloop
endfacet
facet normal 2.835413244148164e-14 0.42261826174080513 -0.9063077870366008
  outer loop
    vertex 2405.1319715339373 219.12784863451992 572.0582161829985
    vertex 2398.3319715339367 218.72500000000088 571.8703647796445
    vertex 2398.3319715339367 219.12784863452046 572.0582161829983
  endloop
endfacet
facet normal 2.5746811568962192e-14 0.2588190451024072 -0.9659258262890987
  outer loop
    vertex 2398.3319715339367 219.12784863452046 572.0582161829983
    vertex 2405.1319715339373 219.55719714694968 572.1732597701755
    vertex 2405.1319715339373 219.12784863451992 572.0582161829985
  endloop
endfacet
facet normal 2.5746811568962192e-14 0.2588190451024072 -0.9659258262890987
  outer loop
    vertex 2405.1319715339373 219.55719714694968 572.1732597701755
    vertex 2398.3319715339367 219.12784863452046 572.0582161829983
    vertex 2398.3319715339367 219.55719714695022 572.1732597701754
  endloop
endfacet
facet normal 2.2357186855442126e-14 0.0871557427477288 -0.9961946980917395
  outer loop
    vertex 2398.3319715339367 219.55719714695022 572.1732597701754
    vertex 2405.131971533937 220.00000000000037 572.2119999999944
    vertex 2405.1319715339373 219.55719714694968 572.1732597701755
  endloop
endfacet
facet normal 2.2357186855442126e-14 0.0871557427477288 -0.9961946980917395
  outer loop
    vertex 2405.131971533937 220.00000000000037 572.2119999999944
    vertex 2398.3319715339367 219.55719714695022 572.1732597701754
    vertex 2398.3319715339367 220.0000000000009 572.2119999999942
  endloop
endfacet
facet normal 1.8288250332595354e-14 -0.08715574274771654 -0.9961946980917404
  outer loop
    vertex 2398.3319715339367 220.0000000000009 572.2119999999942
    vertex 2405.131971533937 220.44280285305106 572.1732597701755
    vertex 2405.131971533937 220.00000000000037 572.2119999999944
  endloop
endfacet
facet normal 1.8288250332595354e-14 -0.08715574274771654 -0.9961946980917404
  outer loop
    vertex 2405.131971533937 220.44280285305106 572.1732597701755
    vertex 2398.3319715339367 220.0000000000009 572.2119999999942
    vertex 2398.3319715339367 220.4428028530516 572.1732597701754
  endloop
endfacet
facet normal -8.623682402752584e-15 0.422618261740794 0.9063077870366059
  outer loop
    vertex 2405.1319715339373 219.12784863451995 567.2657838169904
    vertex 2398.331971533937 218.72500000000088 567.453635220344
    vertex 2405.1319715339373 218.7250000000004 567.4536352203442
  endloop
endfacet
facet normal -8.623682402752584e-15 0.422618261740794 0.9063077870366059
  outer loop
    vertex 2398.331971533937 218.72500000000088 567.453635220344
    vertex 2405.1319715339373 219.12784863451995 567.2657838169904
    vertex 2398.331971533937 219.1278486345205 567.2657838169902
  endloop
endfacet
facet normal 0.38268343236509655 -0.9238795325112841 2.147090789016721e-15
  outer loop
    vertex 2399.856971533937 215.09233937586689 575.1619999999938
    vertex 2400.2308020140285 215.24718503074925 563.6619999999956
    vertex 2400.2308020140285 215.24718503074905 575.1619999999938
  endloop
endfacet
facet normal 0.38268343236509655 -0.9238795325112841 2.147090789016721e-15
  outer loop
    vertex 2400.2308020140285 215.24718503074925 563.6619999999956
    vertex 2399.856971533937 215.09233937586689 575.1619999999938
    vertex 2399.856971533937 215.09233937586697 563.6619999999956
  endloop
endfacet
facet normal 0.6087614290087444 -0.793353340291217 7.558777971374038e-15
  outer loop
    vertex 2399.535956023098 214.84601551084012 575.1619999999938
    vertex 2399.856971533937 215.09233937586697 563.6619999999956
    vertex 2399.856971533937 215.09233937586689 575.1619999999938
  endloop
endfacet
facet normal 0.6087614290087444 -0.793353340291217 7.558777971374038e-15
  outer loop
    vertex 2399.856971533937 215.09233937586697 563.6619999999956
    vertex 2399.535956023098 214.84601551084012 575.1619999999938
    vertex 2399.535956023098 214.84601551084023 563.6619999999956
  endloop
endfacet
facet normal 0.7933533402912886 -0.6087614290086512 1.2455346926453952e-14
  outer loop
    vertex 2399.535956023098 214.84601551084012 575.1619999999938
    vertex 2399.2896321580715 214.5250000000011 563.6619999999956
    vertex 2399.535956023098 214.84601551084023 563.6619999999956
  endloop
endfacet
facet normal 0.7933533402912886 -0.6087614290086512 1.2455346926453952e-14
  outer loop
    vertex 2399.2896321580715 214.5250000000011 563.6619999999956
    vertex 2399.535956023098 214.84601551084012 575.1619999999938
    vertex 2399.2896321580715 214.52500000000103 575.1619999999938
  endloop
endfacet
facet normal 0.9238795325112789 -0.382683432365109 1.6503104571927427e-14
  outer loop
    vertex 2399.2896321580715 214.52500000000103 575.1619999999938
    vertex 2399.1347865031894 214.15116951991004 563.6619999999956
    vertex 2399.2896321580715 214.5250000000011 563.6619999999956
  endloop
endfacet
facet normal 0.9238795325112789 -0.382683432365109 1.6503104571927427e-14
  outer loop
    vertex 2399.1347865031894 214.15116951991004 563.6619999999956
    vertex 2399.2896321580715 214.52500000000103 575.1619999999938
    vertex 2399.1347865031894 214.15116951990996 575.1619999999938
  endloop
endfacet
facet normal 0.9914448613738056 -0.13052619222008754 1.942620291349559e-14
  outer loop
    vertex 2399.1347865031894 214.15116951990996 575.1619999999938
    vertex 2399.0819715339376 213.7500000000011 563.6619999999956
    vertex 2399.1347865031894 214.15116951991004 563.6619999999956
  endloop
endfacet
facet normal 0.9914448613738056 -0.13052619222008754 1.942620291349559e-14
  outer loop
    vertex 2399.0819715339376 213.7500000000011 563.6619999999956
    vertex 2399.1347865031894 214.15116951990996 575.1619999999938
    vertex 2399.0819715339376 213.75000000000102 575.1619999999938
  endloop
endfacet
facet normal 0.9914448613738018 0.13052619222011647 2.10254376298278e-14
  outer loop
    vertex 2399.0819715339376 213.75000000000102 575.1619999999938
    vertex 2399.1347865031894 213.34883048009218 563.6619999999956
    vertex 2399.0819715339376 213.7500000000011 563.6619999999956
  endloop
endfacet
facet normal 0.9914448613738018 0.13052619222011647 2.10254376298278e-14
  outer loop
    vertex 2399.1347865031894 213.34883048009218 563.6619999999956
    vertex 2399.0819715339376 213.75000000000102 575.1619999999938
    vertex 2399.1347865031894 213.3488304800921 575.1619999999938
  endloop
endfacet
facet normal 0.3826834323650696 0.9238795325112952 1.3466659658453768e-14
  outer loop
    vertex 2379.8569715339377 212.40766062413553 563.661999999995
    vertex 2380.2308020140285 212.25281496925334 567.6619999999934
    vertex 2380.2308020140285 212.25281496925334 563.6619999999949
  endloop
endfacet
facet normal 0.3826834323650696 0.9238795325112952 1.3466659658453768e-14
  outer loop
    vertex 2380.2308020140285 212.25281496925334 567.6619999999934
    vertex 2379.8569715339377 212.40766062413553 563.661999999995
    vertex 2379.8569715339377 212.40766062413545 567.6619999999936
  endloop
endfacet
facet normal 0.1305261922199924 0.9914448613738183 8.736476591411431e-15
  outer loop
    vertex 2380.2308020140285 212.25281496925334 563.6619999999949
    vertex 2380.6319715339373 212.2000000000014 567.6619999999937
    vertex 2380.6319715339378 212.2000000000014 563.6619999999951
  endloop
endfacet
facet normal 0.1305261922199924 0.9914448613738183 8.736476591411431e-15
  outer loop
    vertex 2380.6319715339373 212.2000000000014 567.6619999999937
    vertex 2380.2308020140285 212.25281496925334 563.6619999999949
    vertex 2380.2308020140285 212.25281496925334 567.6619999999934
  endloop
endfacet
facet normal -0.13052619222002132 0.9914448613738145 3.410917082377136e-15
  outer loop
    vertex 2380.6319715339378 212.2000000000014 563.6619999999951
    vertex 2381.033141053846 212.25281496925328 567.6619999999937
    vertex 2381.033141053846 212.25281496925328 563.6619999999951
  endloop
endfacet
facet normal -0.13052619222002132 0.9914448613738145 3.410917082377136e-15
  outer loop
    vertex 2381.033141053846 212.25281496925328 567.6619999999937
    vertex 2380.6319715339378 212.2000000000014 563.6619999999951
    vertex 2380.6319715339373 212.2000000000014 567.6619999999937
  endloop
endfacet
facet normal -0.38268343236509655 0.9238795325112841 -2.147090789016721e-15
  outer loop
    vertex 2381.033141053846 212.25281496925328 563.6619999999951
    vertex 2381.4069715339374 212.40766062413547 567.6619999999937
    vertex 2381.4069715339374 212.40766062413553 563.6619999999951
  endloop
endfacet
facet normal -0.38268343236509655 0.9238795325112841 -2.147090789016721e-15
  outer loop
    vertex 2381.4069715339374 212.40766062413547 567.6619999999937
    vertex 2381.033141053846 212.25281496925328 563.6619999999951
    vertex 2381.033141053846 212.25281496925328 567.6619999999937
  endloop
endfacet
facet normal -0.6087614290087444 0.793353340291217 -7.558777971374038e-15
  outer loop
    vertex 2381.4069715339374 212.40766062413553 563.6619999999951
    vertex 2381.7279870447765 212.6539844891622 567.6619999999937
    vertex 2381.7279870447765 212.6539844891623 563.6619999999951
  endloop
endfacet
facet normal -0.6087614290087444 0.793353340291217 -7.558777971374038e-15
  outer loop
    vertex 2381.7279870447765 212.6539844891622 567.6619999999937
    vertex 2381.4069715339374 212.40766062413553 563.6619999999951
    vertex 2381.4069715339374 212.40766062413547 567.6619999999937
  endloop
endfacet
facet normal -0.7933533402912886 0.6087614290086512 -1.2455346926453952e-14
  outer loop
    vertex 2381.7279870447765 212.6539844891622 567.6619999999937
    vertex 2381.9743109098035 212.97500000000147 563.6619999999951
    vertex 2381.7279870447765 212.6539844891623 563.6619999999951
  endloop
endfacet
facet normal -0.7933533402912886 0.6087614290086512 -1.2455346926453952e-14
  outer loop
    vertex 2381.9743109098035 212.97500000000147 563.6619999999951
    vertex 2381.7279870447765 212.6539844891622 567.6619999999937
    vertex 2381.974310909803 212.9750000000014 567.6619999999937
  endloop
endfacet
facet normal -0.9238795325112789 0.382683432365109 -1.6503104571927427e-14
  outer loop
    vertex 2381.974310909803 212.9750000000014 567.6619999999937
    vertex 2382.1291565646857 213.34883048009254 563.6619999999951
    vertex 2381.9743109098035 212.97500000000147 563.6619999999951
  endloop
endfacet
facet normal -0.9238795325112789 0.382683432365109 -1.6503104571927427e-14
  outer loop
    vertex 2382.1291565646857 213.34883048009254 563.6619999999951
    vertex 2381.974310909803 212.9750000000014 567.6619999999937
    vertex 2382.1291565646857 213.34883048009246 567.6619999999937
  endloop
endfacet
facet normal -0.9914448613738056 0.13052619222008754 -1.942620291349559e-14
  outer loop
    vertex 2382.1291565646857 213.34883048009246 567.6619999999937
    vertex 2382.1819715339375 213.75000000000148 563.6619999999951
    vertex 2382.1291565646857 213.34883048009254 563.6619999999951
  endloop
endfacet
facet normal -0.9914448613738056 0.13052619222008754 -1.942620291349559e-14
  outer loop
    vertex 2382.1819715339375 213.75000000000148 563.6619999999951
    vertex 2382.1291565646857 213.34883048009246 567.6619999999937
    vertex 2382.1819715339375 213.7500000000014 567.6619999999937
  endloop
endfacet
facet normal -0.9914448613738018 -0.13052619222011647 -2.10254376298278e-14
  outer loop
    vertex 2382.1819715339375 213.7500000000014 567.6619999999937
    vertex 2382.1291565646857 214.1511695199104 563.6619999999951
    vertex 2382.1819715339375 213.75000000000148 563.6619999999951
  endloop
endfacet
facet normal -0.9914448613738018 -0.13052619222011647 -2.10254376298278e-14
  outer loop
    vertex 2382.1291565646857 214.1511695199104 563.6619999999951
    vertex 2382.1819715339375 213.7500000000014 567.6619999999937
    vertex 2382.1291565646857 214.1511695199103 567.6619999999937
  endloop
endfacet
facet normal -0.9238795325112678 -0.38268343236513597 -2.1191823517864922e-14
  outer loop
    vertex 2382.1291565646857 214.1511695199103 567.6619999999937
    vertex 2381.974310909803 214.52500000000148 563.6619999999951
    vertex 2382.1291565646857 214.1511695199104 563.6619999999951
  endloop
endfacet
facet normal -0.9238795325112678 -0.38268343236513597 -2.1191823517864922e-14
  outer loop
    vertex 2381.974310909803 214.52500000000148 563.6619999999951
    vertex 2382.1291565646857 214.1511695199103 567.6619999999937
    vertex 2381.974310909803 214.52500000000137 567.6619999999937
  endloop
endfacet
facet normal -0.3826834323650696 -0.9238795325112952 -1.3466659658453768e-14
  outer loop
    vertex 2381.033141053846 195.2471850307495 567.6619999999932
    vertex 2381.4069715339374 195.09233937586734 563.6619999999951
    vertex 2381.4069715339374 195.0923393758673 567.6619999999933
  endloop
endfacet
facet normal -0.3826834323650696 -0.9238795325112952 -1.3466659658453768e-14
  outer loop
    vertex 2381.4069715339374 195.09233937586734 563.6619999999951
    vertex 2381.033141053846 195.2471850307495 567.6619999999932
    vertex 2381.0331410538465 195.24718503074953 563.661999999995
  endloop
endfacet
facet normal -0.1305261922199924 -0.9914448613738183 -8.736476591411431e-15
  outer loop
    vertex 2381.033141053846 195.2471850307495 567.6619999999932
    vertex 2380.6319715339378 195.3000000000014 563.661999999995
    vertex 2381.0331410538465 195.24718503074953 563.661999999995
  endloop
endfacet
facet normal -0.1305261922199924 -0.9914448613738183 -8.736476591411431e-15
  outer loop
    vertex 2380.6319715339378 195.3000000000014 563.661999999995
    vertex 2381.033141053846 195.2471850307495 567.6619999999932
    vertex 2380.6319715339373 195.30000000000138 567.6619999999932
  endloop
endfacet
facet normal 0.13052619222002132 -0.9914448613738145 -3.410917082377136e-15
  outer loop
    vertex 2380.2308020140285 195.24718503074942 567.6619999999933
    vertex 2380.6319715339378 195.3000000000014 563.661999999995
    vertex 2380.6319715339373 195.30000000000138 567.6619999999932
  endloop
endfacet
facet normal 0.13052619222002132 -0.9914448613738145 -3.410917082377136e-15
  outer loop
    vertex 2380.6319715339378 195.3000000000014 563.661999999995
    vertex 2380.2308020140285 195.24718503074942 567.6619999999933
    vertex 2380.2308020140285 195.24718503074945 563.6619999999951
  endloop
endfacet
facet normal 0.38268343236509655 -0.9238795325112841 2.147090789016721e-15
  outer loop
    vertex 2379.856971533937 195.09233937586728 567.6619999999933
    vertex 2380.2308020140285 195.24718503074945 563.6619999999951
    vertex 2380.2308020140285 195.24718503074942 567.6619999999933
  endloop
endfacet
facet normal 0.38268343236509655 -0.9238795325112841 2.147090789016721e-15
  outer loop
    vertex 2380.2308020140285 195.24718503074945 563.6619999999951
    vertex 2379.856971533937 195.09233937586728 567.6619999999933
    vertex 2379.8569715339377 195.0923393758673 563.6619999999951
  endloop
endfacet
facet normal 0.6087614290087444 -0.793353340291217 7.558777971374038e-15
  outer loop
    vertex 2379.5359560230986 194.84601551084052 567.6619999999933
    vertex 2379.8569715339377 195.0923393758673 563.6619999999951
    vertex 2379.856971533937 195.09233937586728 567.6619999999933
  endloop
endfacet
facet normal 0.6087614290087444 -0.793353340291217 7.558777971374038e-15
  outer loop
    vertex 2379.8569715339377 195.0923393758673 563.6619999999951
    vertex 2379.5359560230986 194.84601551084052 567.6619999999933
    vertex 2379.5359560230986 194.84601551084052 563.6619999999951
  endloop
endfacet
facet normal 0.7933533402912886 -0.6087614290086512 1.2455346926453952e-14
  outer loop
    vertex 2379.5359560230986 194.84601551084052 567.6619999999933
    vertex 2379.289632158072 194.52500000000137 563.6619999999951
    vertex 2379.5359560230986 194.84601551084052 563.6619999999951
  endloop
endfacet
facet normal 0.7933533402912886 -0.6087614290086512 1.2455346926453952e-14
  outer loop
    vertex 2379.289632158072 194.52500000000137 563.6619999999951
    vertex 2379.5359560230986 194.84601551084052 567.6619999999933
    vertex 2379.289632158072 194.52500000000134 567.6619999999933
  endloop
endfacet
facet normal 2.0807022643353985e-15 0.7071067811865432 0.7071067811865519
  outer loop
    vertex 2405.1319715339373 218.3608915952997 567.7085866700411
    vertex 2398.331971533937 218.04658667004745 568.0228915952937
    vertex 2405.1319715339373 218.046586670047 568.0228915952937
  endloop
endfacet
facet normal 2.0807022643353985e-15 0.7071067811865432 0.7071067811865519
  outer loop
    vertex 2398.331971533937 218.04658667004745 568.0228915952937
    vertex 2405.1319715339373 218.3608915952997 567.7085866700411
    vertex 2398.331971533937 218.36089159530016 567.708586670041
  endloop
endfacet
facet normal 7.41981638480619e-15 0.8191520442888912 0.57357643635119
  outer loop
    vertex 2398.331971533937 218.04658667004745 568.0228915952937
    vertex 2405.1319715339373 217.79163522034997 568.3869999999941
    vertex 2405.1319715339373 218.046586670047 568.0228915952937
  endloop
endfacet
facet normal 7.41981638480619e-15 0.8191520442888912 0.57357643635119
  outer loop
    vertex 2405.1319715339373 217.79163522034997 568.3869999999941
    vertex 2398.331971533937 218.04658667004745 568.0228915952937
    vertex 2398.331971533937 217.7916352203505 568.3869999999941
  endloop
endfacet
facet normal 1.2534297327989792e-14 0.9063077870366967 0.4226182617405996
  outer loop
    vertex 2398.331971533937 217.7916352203505 568.3869999999941
    vertex 2405.1319715339373 217.60378381699627 568.7898486345139
    vertex 2405.1319715339373 217.79163522034997 568.3869999999941
  endloop
endfacet
facet normal 1.2534297327989792e-14 0.9063077870366967 0.4226182617405996
  outer loop
    vertex 2405.1319715339373 217.60378381699627 568.7898486345139
    vertex 2398.331971533937 217.7916352203505 568.3869999999941
    vertex 2398.331971533937 217.6037838169968 568.7898486345139
  endloop
endfacet
facet normal 1.7267029172884093e-14 0.9659258262890411 0.2588190451026221
  outer loop
    vertex 2398.331971533937 217.6037838169968 568.7898486345139
    vertex 2405.1319715339373 217.48874022981917 569.2191971469435
    vertex 2405.1319715339373 217.60378381699627 568.7898486345139
  endloop
endfacet
facet normal 1.7267029172884093e-14 0.9659258262890411 0.2588190451026221
  outer loop
    vertex 2405.1319715339373 217.48874022981917 569.2191971469435
    vertex 2398.331971533937 217.6037838169968 568.7898486345139
    vertex 2398.331971533937 217.4887402298197 569.2191971469435
  endloop
endfacet
facet normal 2.147569410971e-14 0.996194698091749 0.08715574274761921
  outer loop
    vertex 2398.331971533937 217.4887402298197 569.2191971469435
    vertex 2405.1319715339373 217.4500000000003 569.6619999999942
    vertex 2405.1319715339373 217.48874022981917 569.2191971469435
  endloop
endfacet
facet normal 2.147569410971e-14 0.996194698091749 0.08715574274761921
  outer loop
    vertex 2405.1319715339373 217.4500000000003 569.6619999999942
    vertex 2398.331971533937 217.4887402298197 569.2191971469435
    vertex 2398.3319715339367 217.45000000000084 569.6619999999942
  endloop
endfacet
facet normal 2.5031709087716445e-14 0.9961946980917501 -0.087155742747607
  outer loop
    vertex 2398.3319715339367 217.45000000000084 569.6619999999942
    vertex 2405.1319715339373 217.48874022981917 570.104802853045
    vertex 2405.1319715339373 217.4500000000003 569.6619999999942
  endloop
endfacet
facet normal 2.5031709087716445e-14 0.9961946980917501 -0.087155742747607
  outer loop
    vertex 2405.1319715339373 217.48874022981917 570.104802853045
    vertex 2398.3319715339367 217.45000000000084 569.6619999999942
    vertex 2398.3319715339367 217.4887402298197 570.104802853045
  endloop
endfacet
facet normal 2.7827026391236492e-14 0.9659258262890444 -0.2588190451026103
  outer loop
    vertex 2398.3319715339367 217.4887402298197 570.104802853045
    vertex 2405.1319715339373 217.60378381699627 570.5341513654747
    vertex 2405.1319715339373 217.48874022981917 570.104802853045
  endloop
endfacet
facet normal 2.7827026391236492e-14 0.9659258262890444 -0.2588190451026103
  outer loop
    vertex 2405.1319715339373 217.60378381699627 570.5341513654747
    vertex 2398.3319715339367 217.4887402298197 570.104802853045
    vertex 2398.3319715339367 217.6037838169968 570.5341513654747
  endloop
endfacet
facet normal 2.9777416614811184e-14 0.9063077870367018 -0.42261826174058836
  outer loop
    vertex 2398.3319715339367 217.6037838169968 570.5341513654747
    vertex 2405.1319715339373 217.79163522035003 570.9369999999943
    vertex 2405.1319715339373 217.60378381699627 570.5341513654747
  endloop
endfacet
facet normal 2.9777416614811184e-14 0.9063077870367018 -0.42261826174058836
  outer loop
    vertex 2405.1319715339373 217.79163522035003 570.9369999999943
    vertex 2398.3319715339367 217.6037838169968 570.5341513654747
    vertex 2398.3319715339367 217.79163522035057 570.9369999999943
  endloop
endfacet
facet normal 3.082213428602386e-14 0.8191520442888981 -0.5735764363511799
  outer loop
    vertex 2398.3319715339367 217.79163522035057 570.9369999999943
    vertex 2405.1319715339373 218.04658667004696 571.3011084046949
    vertex 2405.1319715339373 217.79163522035003 570.9369999999943
  endloop
endfacet
facet normal 3.082213428602386e-14 0.8191520442888981 -0.5735764363511799
  outer loop
    vertex 2405.1319715339373 218.04658667004696 571.3011084046949
    vertex 2398.3319715339367 217.79163522035057 570.9369999999943
    vertex 2398.3319715339367 218.0465866700475 571.3011084046949
  endloop
endfacet
facet normal 3.0931151192649654e-14 0.7071067811865519 -0.7071067811865432
  outer loop
    vertex 2398.3319715339367 218.0465866700475 571.3011084046949
    vertex 2405.1319715339373 218.36089159529965 571.6154133299477
    vertex 2405.1319715339373 218.04658667004696 571.3011084046949
  endloop
endfacet
facet normal 3.0931151192649654e-14 0.7071067811865519 -0.7071067811865432
  outer loop
    vertex 2405.1319715339373 218.36089159529965 571.6154133299477
    vertex 2398.3319715339367 218.0465866700475 571.3011084046949
    vertex 2398.3319715339367 218.36089159530022 571.6154133299476
  endloop
endfacet
facet normal 1.937837779168746e-14 -0.9659258262890411 -0.2588190451026221
  outer loop
    vertex 2398.3319715339367 209.89621618300492 570.5341513654748
    vertex 2415.4819715339368 210.01125977018228 570.1048028530455
    vertex 2415.4819715339368 209.89621618300518 570.5341513654752
  endloop
endfacet
facet normal 1.937837779168746e-14 -0.9659258262890411 -0.2588190451026221
  outer loop
    vertex 2415.4819715339368 210.01125977018228 570.1048028530455
    vertex 2398.3319715339367 209.89621618300492 570.5341513654748
    vertex 2398.3319715339367 210.01125977018202 570.104802853045
  endloop
endfacet
facet normal 1.631818253252863e-14 -0.996194698091749 -0.08715574274761921
  outer loop
    vertex 2398.3319715339367 210.01125977018202 570.104802853045
    vertex 2415.4819715339368 210.05000000000115 569.6619999999947
    vertex 2415.4819715339368 210.01125977018228 570.1048028530455
  endloop
endfacet
facet normal 1.631818253252863e-14 -0.996194698091749 -0.08715574274761921
  outer loop
    vertex 2415.4819715339368 210.05000000000115 569.6619999999947
    vertex 2398.3319715339367 210.01125977018202 570.104802853045
    vertex 2398.3319715339367 210.05000000000086 569.6619999999942
  endloop
endfacet
facet normal 1.2762167554522363e-14 -0.9961946980917501 0.087155742747607
  outer loop
    vertex 2398.3319715339367 210.05000000000086 569.6619999999942
    vertex 2415.4819715339368 210.01125977018228 569.219197146944
    vertex 2415.4819715339368 210.05000000000115 569.6619999999947
  endloop
endfacet
facet normal 1.2762167554522363e-14 -0.9961946980917501 0.087155742747607
  outer loop
    vertex 2415.4819715339368 210.01125977018228 569.219197146944
    vertex 2398.3319715339367 210.05000000000086 569.6619999999942
    vertex 2398.3319715339367 210.01125977018202 569.2191971469435
  endloop
endfacet
facet normal 8.81838057333502e-15 -0.9659258262890444 0.2588190451026102
  outer loop
    vertex 2398.3319715339367 210.01125977018202 569.2191971469435
    vertex 2415.4819715339368 209.89621618300518 568.7898486345143
    vertex 2415.4819715339368 210.01125977018228 569.219197146944
  endloop
endfacet
facet normal 8.81838057333502e-15 -0.9659258262890444 0.2588190451026102
  outer loop
    vertex 2415.4819715339368 209.89621618300518 568.7898486345143
    vertex 2398.3319715339367 210.01125977018202 569.2191971469435
    vertex 2398.3319715339367 209.89621618300492 568.7898486345139
  endloop
endfacet
facet normal 4.6066515607509046e-15 -0.9063077870367018 0.4226182617405885
  outer loop
    vertex 2398.3319715339367 209.89621618300492 568.7898486345139
    vertex 2415.4819715339368 209.70836477965148 568.3869999999946
    vertex 2415.4819715339368 209.89621618300518 568.7898486345143
  endloop
endfacet
facet normal 4.6066515607509046e-15 -0.9063077870367018 0.4226182617405885
  outer loop
    vertex 2415.4819715339368 209.70836477965148 568.3869999999946
    vertex 2398.3319715339367 209.89621618300492 568.7898486345139
    vertex 2398.3319715339367 209.7083647796512 568.3869999999943
  endloop
endfacet
facet normal 2.539409187817378e-16 -0.8191520442888981 0.5735764363511799
  outer loop
    vertex 2398.3319715339367 209.7083647796512 568.3869999999943
    vertex 2415.4819715339368 209.45341332995454 568.0228915952941
    vertex 2415.4819715339368 209.70836477965148 568.3869999999946
  endloop
endfacet
facet normal 2.539409187817378e-16 -0.8191520442888981 0.5735764363511799
  outer loop
    vertex 2415.4819715339368 209.45341332995454 568.0228915952941
    vertex 2398.3319715339367 209.7083647796512 568.3869999999943
    vertex 2398.3319715339367 209.45341332995432 568.0228915952938
  endloop
endfacet
facet normal -4.104494598187328e-15 -0.7071067811865519 0.7071067811865432
  outer loop
    vertex 2415.4819715339368 209.45341332995454 568.0228915952941
    vertex 2398.3319715339367 209.1391084047016 567.7085866700411
    vertex 2415.4819715339368 209.13910840470183 567.7085866700414
  endloop
endfacet
facet normal -4.104494598187328e-15 -0.7071067811865519 0.7071067811865432
  outer loop
    vertex 2398.3319715339367 209.1391084047016 567.7085866700411
    vertex 2415.4819715339368 209.45341332995454 568.0228915952941
    vertex 2398.3319715339367 209.45341332995432 568.0228915952938
  endloop
endfacet
facet normal -8.341682476705247e-15 -0.573576436351047 0.8191520442889912
  outer loop
    vertex 2415.4819715339368 209.13910840470183 567.7085866700414
    vertex 2398.3319715339367 208.7750000000009 567.4536352203442
    vertex 2415.4819715339368 208.77500000000117 567.4536352203445
  endloop
endfacet
facet normal -8.341682476705247e-15 -0.573576436351047 0.8191520442889912
  outer loop
    vertex 2398.3319715339367 208.7750000000009 567.4536352203442
    vertex 2415.4819715339368 209.13910840470183 567.7085866700414
    vertex 2398.3319715339367 209.1391084047016 567.7085866700411
  endloop
endfacet
facet normal -1.2320578132690628e-14 -0.4226182617408051 0.9063077870366008
  outer loop
    vertex 2415.4819715339368 208.77500000000117 567.4536352203445
    vertex 2398.3319715339367 208.37215136548141 567.2657838169903
    vertex 2415.4819715339368 208.37215136548159 567.2657838169906
  endloop
endfacet
facet normal -1.2320578132690628e-14 -0.4226182617408051 0.9063077870366008
  outer loop
    vertex 2398.3319715339367 208.37215136548141 567.2657838169903
    vertex 2415.4819715339368 208.77500000000117 567.4536352203445
    vertex 2398.3319715339367 208.7750000000009 567.4536352203442
  endloop
endfacet
facet normal -0.6310873187075079 -0.32782997239330275 0.7030336445485201
  outer loop
    vertex 2398.3319715339367 221.27500000000094 567.453635220344
    vertex 2395.331971533937 221.71010071662926 564.9635368960651
    vertex 2398.3319715339367 220.8721513654814 567.2657838169902
  endloop
endfacet
facet normal -0.6310873187075079 -0.32782997239330275 0.7030336445485201
  outer loop
    vertex 2395.331971533937 221.71010071662926 564.9635368960651
    vertex 2398.3319715339367 221.27500000000094 567.453635220344
    vertex 2395.331971533937 222.50000000000082 565.331872981072
  endloop
endfacet
facet normal -0.6310873187075948 -0.444930009696786 0.6354259064892434
  outer loop
    vertex 2398.3319715339367 221.63910840470157 567.708586670041
    vertex 2395.331971533937 222.50000000000082 565.331872981072
    vertex 2398.3319715339367 221.27500000000094 567.453635220344
  endloop
endfacet
facet normal -0.6310873187075948 -0.444930009696786 0.6354259064892434
  outer loop
    vertex 2395.331971533937 222.50000000000082 565.331872981072
    vertex 2398.3319715339367 221.63910840470157 567.708586670041
    vertex 2395.3319715339367 223.2139380484339 565.8317777843986
  endloop
endfacet
facet normal -0.6310873187076061 -0.5485110738020542 0.5485110738015796
  outer loop
    vertex 2398.3319715339367 221.63910840470157 567.708586670041
    vertex 2395.3319715339367 223.8302222155958 566.4480619515612
    vertex 2395.3319715339367 223.2139380484339 565.8317777843986
  endloop
endfacet
facet normal -0.6310873187076061 -0.5485110738020542 0.5485110738015796
  outer loop
    vertex 2395.3319715339367 223.8302222155958 566.4480619515612
    vertex 2398.3319715339367 221.63910840470157 567.708586670041
    vertex 2398.3319715339367 221.95341332995426 568.0228915952937
  endloop
endfacet
facet normal -0.6310873187075651 -0.6354259064888516 0.44493000969738783
  outer loop
    vertex 2395.3319715339367 224.33012701892326 567.1619999999938
    vertex 2398.3319715339367 221.95341332995426 568.0228915952937
    vertex 2398.3319715339367 222.2083647796512 568.3869999999941
  endloop
endfacet
facet normal -0.6310873187075651 -0.6354259064888516 0.44493000969738783
  outer loop
    vertex 2398.3319715339367 221.95341332995426 568.0228915952937
    vertex 2395.3319715339367 224.33012701892326 567.1619999999938
    vertex 2395.3319715339367 223.8302222155958 566.4480619515612
  endloop
endfacet
facet normal -0.6310873187075554 -0.7030336445484399 0.327829972393383
  outer loop
    vertex 2395.3319715339367 224.69846310393064 567.9518992833655
    vertex 2398.3319715339367 222.2083647796512 568.3869999999941
    vertex 2398.3319715339367 222.39621618300492 568.7898486345139
  endloop
endfacet
facet normal -0.6310873187075554 -0.7030336445484399 0.327829972393383
  outer loop
    vertex 2398.3319715339367 222.2083647796512 568.3869999999941
    vertex 2395.3319715339367 224.69846310393064 567.9518992833655
    vertex 2395.3319715339367 224.33012701892326 567.1619999999938
  endloop
endfacet
facet normal -0.6310873187075554 -0.7030336445484399 0.327829972393383
  outer loop
    vertex 2395.3319715339367 224.33012701892326 567.1619999999938
    vertex 2395.3319715339367 224.69846310393064 567.9518992833655
    vertex 2395.3319715339367 224.56328084800063 567.6619999999937
  endloop
endfacet
facet normal -0.6310873187075046 -0.7492800610705163 0.20076898726829348
  outer loop
    vertex 2395.3319715339367 224.92403876506162 568.793759111659
    vertex 2398.3319715339367 222.39621618300492 568.7898486345139
    vertex 2398.3319715339367 222.51125977018202 569.2191971469435
  endloop
endfacet
facet normal -0.6310873187075046 -0.7492800610705163 0.20076898726829348
  outer loop
    vertex 2398.3319715339367 222.39621618300492 568.7898486345139
    vertex 2395.3319715339367 224.92403876506162 568.793759111659
    vertex 2395.3319715339367 224.69846310393064 567.9518992833655
  endloop
endfacet
facet normal -0.6310873187074613 -0.7727599820908851 0.06760773805950171
  outer loop
    vertex 2395.3319715339367 225.0000000000007 569.6619999999939
    vertex 2398.3319715339367 222.51125977018202 569.2191971469435
    vertex 2398.3319715339367 222.55000000000086 569.6619999999942
  endloop
endfacet
facet normal -0.6310873187074613 -0.7727599820908851 0.06760773805950171
  outer loop
    vertex 2398.3319715339367 222.51125977018202 569.2191971469435
    vertex 2395.3319715339367 225.0000000000007 569.6619999999939
    vertex 2395.3319715339367 224.92403876506162 568.793759111659
  endloop
endfacet
facet normal -0.6310873187074402 -0.7727599820908925 -0.06760773805961387
  outer loop
    vertex 2395.3319715339367 224.92403876506157 570.5302408883281
    vertex 2398.3319715339367 222.55000000000086 569.6619999999942
    vertex 2398.3319715339367 222.51125977018202 570.104802853045
  endloop
endfacet
facet normal -0.6310873187074402 -0.7727599820908925 -0.06760773805961387
  outer loop
    vertex 2398.3319715339367 222.55000000000086 569.6619999999942
    vertex 2395.3319715339367 224.92403876506157 570.5302408883281
    vertex 2395.3319715339367 225.0000000000007 569.6619999999939
  endloop
endfacet
facet normal -0.6310873187074566 -0.7492800610706039 -0.20076898726811682
  outer loop
    vertex 2395.3319715339367 224.69846310393058 571.3721007166226
    vertex 2398.3319715339367 222.51125977018202 570.104802853045
    vertex 2398.3319715339367 222.39621618300492 570.5341513654747
  endloop
endfacet
facet normal -0.6310873187074566 -0.7492800610706039 -0.20076898726811682
  outer loop
    vertex 2398.3319715339367 222.51125977018202 570.104802853045
    vertex 2395.3319715339367 224.69846310393058 571.3721007166226
    vertex 2395.3319715339367 224.92403876506157 570.5302408883281
  endloop
endfacet
facet normal -0.631087318707507 -0.7030336445484211 -0.3278299723935168
  outer loop
    vertex 2395.3319715339367 224.3301270189232 572.1619999999945
    vertex 2398.3319715339367 222.39621618300492 570.5341513654747
    vertex 2398.3319715339367 222.20836477965125 570.9369999999943
  endloop
endfacet
facet normal -0.631087318707507 -0.7030336445484211 -0.3278299723935168
  outer loop
    vertex 2398.3319715339367 222.39621618300492 570.5341513654747
    vertex 2395.3319715339367 224.3301270189232 572.1619999999945
    vertex 2395.3319715339367 224.69846310393058 571.3721007166226
  endloop
endfacet
facet normal -0.6310873187074599 -0.6354259064887355 -0.4449300096977026
  outer loop
    vertex 2395.3319715339367 223.83022221559577 572.8759380484263
    vertex 2398.3319715339367 222.20836477965125 570.9369999999943
    vertex 2398.3319715339367 221.95341332995432 571.3011084046949
  endloop
endfacet
facet normal -0.6310873187074599 -0.6354259064887355 -0.4449300096977026
  outer loop
    vertex 2398.3319715339367 222.20836477965125 570.9369999999943
    vertex 2395.3319715339367 223.83022221559577 572.8759380484263
    vertex 2395.3319715339367 224.3301270189232 572.1619999999945
  endloop
endfacet
facet normal -0.6310873187074618 -0.5485110738022443 -0.5485110738015554
  outer loop
    vertex 2398.3319715339367 221.6391084047016 571.6154133299476
    vertex 2395.3319715339367 223.83022221559577 572.8759380484263
    vertex 2398.3319715339367 221.95341332995432 571.3011084046949
  endloop
endfacet
facet normal -0.6310873187074618 -0.5485110738022443 -0.5485110738015554
  outer loop
    vertex 2395.3319715339367 223.83022221559577 572.8759380484263
    vertex 2398.3319715339367 221.6391084047016 571.6154133299476
    vertex 2395.3319715339367 223.21393804843385 573.4922222155892
  endloop
endfacet
facet normal -0.6310873187075025 -0.44493000969720775 -0.6354259064890398
  outer loop
    vertex 2395.3319715339367 222.5000000000008 573.9921270189166
    vertex 2398.3319715339367 221.6391084047016 571.6154133299476
    vertex 2398.3319715339367 221.2750000000009 571.8703647796445
  endloop
endfacet
facet normal -0.6310873187075025 -0.44493000969720775 -0.6354259064890398
  outer loop
    vertex 2398.3319715339367 221.6391084047016 571.6154133299476
    vertex 2395.3319715339367 222.5000000000008 573.9921270189166
    vertex 2395.3319715339367 223.21393804843385 573.4922222155892
  endloop
endfacet
facet normal -0.1305261922199924 -0.9914448613738183 -8.736476591411431e-15
  outer loop
    vertex 2400.631971533937 195.30000000000098 575.1619999999954
    vertex 2401.0331410538465 195.2471850307492 563.6619999999956
    vertex 2401.033141053846 195.24718503074908 575.1619999999954
  endloop
endfacet
facet normal -0.1305261922199924 -0.9914448613738183 -8.736476591411431e-15
  outer loop
    vertex 2401.0331410538465 195.2471850307492 563.6619999999956
    vertex 2400.631971533937 195.30000000000098 575.1619999999954
    vertex 2400.6319715339373 195.30000000000115 563.6619999999956
  endloop
endfacet
facet normal 0.13052619222002132 -0.9914448613738145 -3.410917082377136e-15
  outer loop
    vertex 2400.230802014028 195.24718503074905 575.1619999999954
    vertex 2400.6319715339373 195.30000000000115 563.6619999999956
    vertex 2400.631971533937 195.30000000000098 575.1619999999954
  endloop
endfacet
facet normal 0.13052619222002132 -0.9914448613738145 -3.410917082377136e-15
  outer loop
    vertex 2400.6319715339373 195.30000000000115 563.6619999999956
    vertex 2400.230802014028 195.24718503074905 575.1619999999954
    vertex 2400.230802014029 195.24718503074916 563.6619999999956
  endloop
endfacet
facet normal -1.3663634577701899e-14 0.2588190451023954 0.9659258262891021
  outer loop
    vertex 2405.1319715339373 219.5571971469497 567.1507402298134
    vertex 2398.331971533937 219.1278486345205 567.2657838169902
    vertex 2405.1319715339373 219.12784863451995 567.2657838169904
  endloop
endfacet
facet normal -1.3663634577701899e-14 0.2588190451023954 0.9659258262891021
  outer loop
    vertex 2398.331971533937 219.1278486345205 567.2657838169902
    vertex 2405.1319715339373 219.5571971469497 567.1507402298134
    vertex 2398.331971533937 219.55719714695024 567.1507402298132
  endloop
endfacet
facet normal -1.8288250332595354e-14 0.08715574274771658 0.9961946980917404
  outer loop
    vertex 2405.1319715339373 220.0000000000004 567.1119999999945
    vertex 2398.331971533937 219.55719714695024 567.1507402298132
    vertex 2405.1319715339373 219.5571971469497 567.1507402298134
  endloop
endfacet
facet normal -1.8288250332595354e-14 0.08715574274771658 0.9961946980917404
  outer loop
    vertex 2398.331971533937 219.55719714695024 567.1507402298132
    vertex 2405.1319715339373 220.0000000000004 567.1119999999945
    vertex 2398.331971533937 220.00000000000094 567.1119999999943
  endloop
endfacet
facet normal -2.2357186855442126e-14 -0.0871557427477288 0.9961946980917395
  outer loop
    vertex 2405.1319715339373 220.4428028530511 567.1507402298134
    vertex 2398.331971533937 220.00000000000094 567.1119999999943
    vertex 2405.1319715339373 220.0000000000004 567.1119999999945
  endloop
endfacet
facet normal -2.2357186855442126e-14 -0.0871557427477288 0.9961946980917395
  outer loop
    vertex 2398.331971533937 220.00000000000094 567.1119999999943
    vertex 2405.1319715339373 220.4428028530511 567.1507402298134
    vertex 2398.331971533937 220.44280285305163 567.1507402298132
  endloop
endfacet
facet normal -2.5746811568962192e-14 -0.2588190451024072 0.9659258262890987
  outer loop
    vertex 2405.1319715339373 220.87215136548085 567.2657838169904
    vertex 2398.331971533937 220.44280285305163 567.1507402298132
    vertex 2405.1319715339373 220.4428028530511 567.1507402298134
  endloop
endfacet
facet normal -2.5746811568962192e-14 -0.2588190451024072 0.9659258262890987
  outer loop
    vertex 2398.331971533937 220.44280285305163 567.1507402298132
    vertex 2405.1319715339373 220.87215136548085 567.2657838169904
    vertex 2398.3319715339367 220.8721513654814 567.2657838169902
  endloop
endfacet
facet normal -2.835413244148164e-14 -0.42261826174080513 0.9063077870366008
  outer loop
    vertex 2405.1319715339373 221.27500000000043 567.4536352203442
    vertex 2398.3319715339367 220.8721513654814 567.2657838169902
    vertex 2405.1319715339373 220.87215136548085 567.2657838169904
  endloop
endfacet
facet normal -2.835413244148164e-14 -0.42261826174080513 0.9063077870366008
  outer loop
    vertex 2398.3319715339367 220.8721513654814 567.2657838169902
    vertex 2405.1319715339373 221.27500000000043 567.4536352203442
    vertex 2398.3319715339367 221.27500000000094 567.453635220344
  endloop
endfacet
facet normal -3.010014517394335e-14 -0.5735764363510469 0.8191520442889912
  outer loop
    vertex 2405.1319715339373 221.63910840470112 567.7085866700411
    vertex 2398.3319715339367 221.27500000000094 567.453635220344
    vertex 2405.1319715339373 221.27500000000043 567.4536352203442
  endloop
endfacet
facet normal -3.010014517394335e-14 -0.5735764363510469 0.8191520442889912
  outer loop
    vertex 2398.3319715339367 221.27500000000094 567.453635220344
    vertex 2405.1319715339373 221.63910840470112 567.7085866700411
    vertex 2398.3319715339367 221.63910840470157 567.708586670041
  endloop
endfacet
facet normal -3.0931151192649654e-14 -0.7071067811865519 0.7071067811865432
  outer loop
    vertex 2405.1319715339373 221.95341332995383 568.0228915952938
    vertex 2398.3319715339367 221.63910840470157 567.708586670041
    vertex 2405.1319715339373 221.63910840470112 567.7085866700411
  endloop
endfacet
facet normal -3.0931151192649654e-14 -0.7071067811865519 0.7071067811865432
  outer loop
    vertex 2398.3319715339367 221.63910840470157 567.708586670041
    vertex 2405.1319715339373 221.95341332995383 568.0228915952938
    vertex 2398.3319715339367 221.95341332995426 568.0228915952937
  endloop
endfacet
facet normal -3.0822134286023914e-14 -0.8191520442888981 0.57357643635118
  outer loop
    vertex 2398.3319715339367 222.2083647796512 568.3869999999941
    vertex 2405.1319715339373 221.95341332995383 568.0228915952938
    vertex 2405.1319715339373 222.20836477965065 568.3869999999944
  endloop
endfacet
facet normal -3.0822134286023914e-14 -0.8191520442888981 0.57357643635118
  outer loop
    vertex 2405.1319715339373 221.95341332995383 568.0228915952938
    vertex 2398.3319715339367 222.2083647796512 568.3869999999941
    vertex 2398.3319715339367 221.95341332995426 568.0228915952937
  endloop
endfacet
facet normal -2.9777416614811133e-14 -0.9063077870367018 0.42261826174058836
  outer loop
    vertex 2398.3319715339367 222.39621618300492 568.7898486345139
    vertex 2405.1319715339373 222.20836477965065 568.3869999999944
    vertex 2405.1319715339373 222.39621618300438 568.789848634514
  endloop
endfacet
facet normal -2.9777416614811133e-14 -0.9063077870367018 0.42261826174058836
  outer loop
    vertex 2405.1319715339373 222.20836477965065 568.3869999999944
    vertex 2398.3319715339367 222.39621618300492 568.7898486345139
    vertex 2398.3319715339367 222.2083647796512 568.3869999999941
  endloop
endfacet
facet normal -2.782702639123653e-14 -0.9659258262890444 0.2588190451026103
  outer loop
    vertex 2398.3319715339367 222.51125977018202 569.2191971469435
    vertex 2405.1319715339373 222.39621618300438 568.789848634514
    vertex 2405.1319715339373 222.51125977018148 569.2191971469437
  endloop
endfacet
facet normal -2.782702639123653e-14 -0.9659258262890444 0.2588190451026103
  outer loop
    vertex 2405.1319715339373 222.39621618300438 568.789848634514
    vertex 2398.3319715339367 222.51125977018202 569.2191971469435
    vertex 2398.3319715339367 222.39621618300492 568.7898486345139
  endloop
endfacet
facet normal -2.503170908771647e-14 -0.9961946980917501 0.087155742747607
  outer loop
    vertex 2398.3319715339367 222.55000000000086 569.6619999999942
    vertex 2405.1319715339373 222.51125977018148 569.2191971469437
    vertex 2405.1319715339373 222.55000000000032 569.6619999999945
  endloop
endfacet
facet normal -2.503170908771647e-14 -0.9961946980917501 0.087155742747607
  outer loop
    vertex 2405.1319715339373 222.51125977018148 569.2191971469437
    vertex 2398.3319715339367 222.55000000000086 569.6619999999942
    vertex 2398.3319715339367 222.51125977018202 569.2191971469435
  endloop
endfacet
facet normal -0.6310873187074096 -0.32782997239292727 -0.7030336445487834
  outer loop
    vertex 2395.3319715339367 221.71010071662923 574.360463103923
    vertex 2398.3319715339367 221.2750000000009 571.8703647796445
    vertex 2398.3319715339367 220.87215136548136 572.0582161829983
  endloop
endfacet
facet normal -0.6310873187074096 -0.32782997239292727 -0.7030336445487834
  outer loop
    vertex 2398.3319715339367 221.2750000000009 571.8703647796445
    vertex 2395.3319715339367 221.71010071662923 574.360463103923
    vertex 2395.3319715339367 222.5000000000008 573.9921270189166
  endloop
endfacet
facet normal -0.6310873187074457 -0.20076898726965858 -0.7492800610702001
  outer loop
    vertex 2395.3319715339367 220.86824088833575 574.5860387650561
    vertex 2398.3319715339367 220.87215136548136 572.0582161829983
    vertex 2398.3319715339367 220.4428028530516 572.1732597701754
  endloop
endfacet
facet normal -0.6310873187074457 -0.20076898726965858 -0.7492800610702001
  outer loop
    vertex 2398.3319715339367 220.87215136548136 572.0582161829983
    vertex 2395.3319715339367 220.86824088833575 574.5860387650561
    vertex 2395.3319715339367 221.71010071662923 574.360463103923
  endloop
endfacet
facet normal -0.6310873187075006 -0.06760773805880516 -0.7727599820909139
  outer loop
    vertex 2395.3319715339367 220.86824088833575 574.5860387650561
    vertex 2398.3319715339367 220.0000000000009 572.2119999999942
    vertex 2395.3319715339367 220.00000000000068 574.6619999999941
  endloop
endfacet
facet normal -0.6310873187075006 -0.06760773805880516 -0.7727599820909139
  outer loop
    vertex 2398.3319715339367 220.0000000000009 572.2119999999942
    vertex 2395.3319715339367 220.86824088833575 574.5860387650561
    vertex 2398.3319715339367 220.4428028530516 572.1732597701754
  endloop
endfacet
facet normal -0.6310873187075039 0.06760773805881798 -0.7727599820909101
  outer loop
    vertex 2395.3319715339367 220.00000000000068 574.6619999999941
    vertex 2398.3319715339367 219.55719714695022 572.1732597701754
    vertex 2395.3319715339367 219.13175911166607 574.5860387650561
  endloop
endfacet
facet normal -0.6310873187075039 0.06760773805881798 -0.7727599820909101
  outer loop
    vertex 2398.3319715339367 219.55719714695022 572.1732597701754
    vertex 2395.3319715339367 220.00000000000068 574.6619999999941
    vertex 2398.3319715339367 220.0000000000009 572.2119999999942
  endloop
endfacet
facet normal -0.6310873187074497 0.2007689872696341 -0.7492800610702033
  outer loop
    vertex 2395.3319715339367 219.13175911166607 574.5860387650561
    vertex 2398.3319715339367 219.12784863452046 572.0582161829983
    vertex 2395.3319715339367 218.2898992833725 574.3604631039229
  endloop
endfacet
facet normal -0.6310873187074497 0.2007689872696341 -0.7492800610702033
  outer loop
    vertex 2398.3319715339367 219.12784863452046 572.0582161829983
    vertex 2395.3319715339367 219.13175911166607 574.5860387650561
    vertex 2398.3319715339367 219.55719714695022 572.1732597701754
  endloop
endfacet
facet normal -0.6310873187073944 0.3278299723931067 -0.7030336445487133
  outer loop
    vertex 2395.3319715339367 218.2898992833725 574.3604631039229
    vertex 2398.3319715339367 218.72500000000088 571.8703647796445
    vertex 2395.3319715339367 217.50000000000094 573.9921270189164
  endloop
endfacet
facet normal -0.6310873187073944 0.3278299723931067 -0.7030336445487133
  outer loop
    vertex 2398.3319715339367 218.72500000000088 571.8703647796445
    vertex 2395.3319715339367 218.2898992833725 574.3604631039229
    vertex 2398.3319715339367 219.12784863452046 572.0582161829983
  endloop
endfacet
facet normal -0.6310873187074943 0.44493000969701435 -0.6354259064891832
  outer loop
    vertex 2395.3319715339367 217.50000000000094 573.9921270189164
    vertex 2398.3319715339367 218.36089159530022 571.6154133299476
    vertex 2395.3319715339367 216.78606195156777 573.4922222155891
  endloop
endfacet
facet normal -0.6310873187074943 0.44493000969701435 -0.6354259064891832
  outer loop
    vertex 2398.3319715339367 218.36089159530022 571.6154133299476
    vertex 2395.3319715339367 217.50000000000094 573.9921270189164
    vertex 2398.3319715339367 218.72500000000088 571.8703647796445
  endloop
endfacet
facet normal -0.6310873187074829 0.5485110738022629 -0.5485110738015129
  outer loop
    vertex 2395.3319715339367 216.16977778440597 572.8759380484262
    vertex 2398.3319715339367 218.36089159530022 571.6154133299476
    vertex 2398.3319715339367 218.0465866700475 571.3011084046949
  endloop
endfacet
facet normal -0.6310873187074829 0.5485110738022629 -0.5485110738015129
  outer loop
    vertex 2398.3319715339367 218.36089159530022 571.6154133299476
    vertex 2395.3319715339367 216.16977778440597 572.8759380484262
    vertex 2395.3319715339367 216.78606195156777 573.4922222155891
  endloop
endfacet
facet normal -0.6310873187074628 0.6354259064888135 -0.44493000969758695
  outer loop
    vertex 2395.3319715339367 215.6698729810787 572.1619999999942
    vertex 2398.3319715339367 218.0465866700475 571.3011084046949
    vertex 2398.3319715339367 217.79163522035057 570.9369999999943
  endloop
endfacet
facet normal -0.6310873187074628 0.6354259064888135 -0.44493000969758695
  outer loop
    vertex 2398.3319715339367 218.0465866700475 571.3011084046949
    vertex 2395.3319715339367 215.6698729810787 572.1619999999942
    vertex 2395.3319715339367 216.16977778440597 572.8759380484262
  endloop
endfacet
facet normal -0.6310873187074963 0.703033644548393 -0.32782997239359746
  outer loop
    vertex 2395.3319715339367 215.3015368960712 571.3721007166225
    vertex 2398.3319715339367 217.79163522035057 570.9369999999943
    vertex 2398.3319715339367 217.6037838169968 570.5341513654747
  endloop
endfacet
facet normal -0.6310873187074963 0.703033644548393 -0.32782997239359746
  outer loop
    vertex 2398.3319715339367 217.79163522035057 570.9369999999943
    vertex 2395.3319715339367 215.3015368960712 571.3721007166225
    vertex 2395.3319715339367 215.6698729810787 572.1619999999942
  endloop
endfacet
facet normal -0.6310873187075021 0.7492800610704423 -0.20076898726857736
  outer loop
    vertex 2395.3319715339367 215.0759612349395 570.530240888328
    vertex 2398.3319715339367 217.6037838169968 570.5341513654747
    vertex 2398.3319715339367 217.4887402298197 570.104802853045
  endloop
endfacet
facet normal -0.6310873187075021 0.7492800610704423 -0.20076898726857736
  outer loop
    vertex 2398.3319715339367 217.6037838169968 570.5341513654747
    vertex 2395.3319715339367 215.0759612349395 570.530240888328
    vertex 2395.3319715339367 215.3015368960712 571.3721007166225
  endloop
endfacet
facet normal -0.6310873187075174 0.7727599820908528 -0.0676077380593479
  outer loop
    vertex 2395.3319715339367 215.00000000000074 569.6619999999938
    vertex 2398.3319715339367 217.4887402298197 570.104802853045
    vertex 2398.3319715339367 217.45000000000084 569.6619999999942
  endloop
endfacet
facet normal -0.6310873187075174 0.7727599820908528 -0.0676077380593479
  outer loop
    vertex 2398.3319715339367 217.4887402298197 570.104802853045
    vertex 2395.3319715339367 215.00000000000074 569.6619999999938
    vertex 2395.3319715339367 215.0759612349395 570.530240888328
  endloop
endfacet
facet normal -0.631087318707534 0.7727599820908421 0.06760773805931776
  outer loop
    vertex 2395.3319715339367 215.07596123493957 568.7937591116588
    vertex 2398.3319715339367 217.45000000000084 569.6619999999942
    vertex 2398.331971533937 217.4887402298197 569.2191971469435
  endloop
endfacet
facet normal -0.631087318707534 0.7727599820908421 0.06760773805931776
  outer loop
    vertex 2398.3319715339367 217.45000000000084 569.6619999999942
    vertex 2395.3319715339367 215.07596123493957 568.7937591116588
    vertex 2395.3319715339367 215.00000000000074 569.6619999999938
  endloop
endfacet
facet normal -0.6310873187075505 0.7492800610703648 0.20076898726871392
  outer loop
    vertex 2395.3319715339367 215.30153689607127 567.9518992833654
    vertex 2398.331971533937 217.4887402298197 569.2191971469435
    vertex 2398.331971533937 217.6037838169968 568.7898486345139
  endloop
endfacet
facet normal -0.6310873187075505 0.7492800610703648 0.20076898726871392
  outer loop
    vertex 2398.331971533937 217.4887402298197 569.2191971469435
    vertex 2395.3319715339367 215.30153689607127 567.9518992833654
    vertex 2395.3319715339367 215.07596123493957 568.7937591116588
  endloop
endfacet
facet normal -0.6310873187075495 0.703033644548399 0.32782997239348244
  outer loop
    vertex 2395.331971533937 215.66987298107873 567.1619999999937
    vertex 2398.331971533937 217.6037838169968 568.7898486345139
    vertex 2398.331971533937 217.7916352203505 568.3869999999941
  endloop
endfacet
facet normal -0.6310873187075495 0.703033644548399 0.32782997239348244
  outer loop
    vertex 2398.331971533937 217.6037838169968 568.7898486345139
    vertex 2395.331971533937 215.66987298107873 567.1619999999937
    vertex 2395.3319715339367 215.30153689607127 567.9518992833654
  endloop
endfacet
facet normal -0.6310873187075495 0.703033644548399 0.32782997239348244
  outer loop
    vertex 2395.3319715339367 215.30153689607127 567.9518992833654
    vertex 2395.331971533937 215.66987298107873 567.1619999999937
    vertex 2395.3319715339367 215.4367191520011 567.6619999999937
  endloop
endfacet
facet normal -0.6310873187075722 0.6354259064888943 0.4449300096973167
  outer loop
    vertex 2395.331971533937 216.16977778440602 566.448061951561
    vertex 2398.331971533937 217.7916352203505 568.3869999999941
    vertex 2398.331971533937 218.04658667004745 568.0228915952937
  endloop
endfacet
facet normal -0.6310873187075722 0.6354259064888943 0.4449300096973167
  outer loop
    vertex 2398.331971533937 217.7916352203505 568.3869999999941
    vertex 2395.331971533937 216.16977778440602 566.448061951561
    vertex 2395.331971533937 215.66987298107873 567.1619999999937
  endloop
endfacet
facet normal -0.6310873187076268 0.5485110738020579 0.5485110738015521
  outer loop
    vertex 2395.331971533937 216.16977778440602 566.448061951561
    vertex 2398.331971533937 218.36089159530016 567.708586670041
    vertex 2395.331971533937 216.78606195156783 565.8317777843985
  endloop
endfacet
facet normal -0.6310873187076268 0.5485110738020579 0.5485110738015521
  outer loop
    vertex 2398.331971533937 218.36089159530016 567.708586670041
    vertex 2395.331971533937 216.16977778440602 566.448061951561
    vertex 2398.331971533937 218.04658667004745 568.0228915952937
  endloop
endfacet
facet normal -0.631087318707612 0.44493000969679186 0.6354259064892221
  outer loop
    vertex 2398.331971533937 218.36089159530016 567.708586670041
    vertex 2395.331971533937 217.50000000000097 565.3318729810719
    vertex 2395.331971533937 216.78606195156783 565.8317777843985
  endloop
endfacet
facet normal -0.631087318707612 0.44493000969679186 0.6354259064892221
  outer loop
    vertex 2395.331971533937 217.50000000000097 565.3318729810719
    vertex 2398.331971533937 218.36089159530016 567.708586670041
    vertex 2398.331971533937 218.72500000000088 567.453635220344
  endloop
endfacet
facet normal -0.6310873187075174 0.32782997239334644 0.7030336445484912
  outer loop
    vertex 2398.331971533937 218.72500000000088 567.453635220344
    vertex 2395.331971533937 218.28989928337253 564.9635368960651
    vertex 2395.331971533937 217.50000000000097 565.3318729810719
  endloop
endfacet
facet normal -0.6310873187075174 0.32782997239334644 0.7030336445484912
  outer loop
    vertex 2395.331971533937 218.28989928337253 564.9635368960651
    vertex 2398.331971533937 218.72500000000088 567.453635220344
    vertex 2398.331971533937 219.1278486345205 567.2657838169902
  endloop
endfacet
facet normal -0.6310873187074674 0.20076898726843861 0.7492800610705087
  outer loop
    vertex 2398.331971533937 219.1278486345205 567.2657838169902
    vertex 2395.331971533937 219.13175911166613 564.7379612349338
    vertex 2395.331971533937 218.28989928337253 564.9635368960651
  endloop
endfacet
facet normal -0.6310873187074674 0.20076898726843861 0.7492800610705087
  outer loop
    vertex 2395.331971533937 219.13175911166613 564.7379612349338
    vertex 2398.331971533937 219.1278486345205 567.2657838169902
    vertex 2398.331971533937 219.55719714695024 567.1507402298132
  endloop
endfacet
facet normal -0.6310873187074642 0.06760773805957279 0.7727599820908767
  outer loop
    vertex 2398.331971533937 219.55719714695024 567.1507402298132
    vertex 2395.331971533937 220.00000000000077 564.6619999999945
    vertex 2395.331971533937 219.13175911166613 564.7379612349338
  endloop
endfacet
facet normal -0.6310873187074642 0.06760773805957279 0.7727599820908767
  outer loop
    vertex 2395.331971533937 220.00000000000077 564.6619999999945
    vertex 2398.331971533937 219.55719714695024 567.1507402298132
    vertex 2398.331971533937 220.00000000000094 567.1119999999943
  endloop
endfacet
facet normal -0.6310873187074609 -0.06760773805957836 0.7727599820908786
  outer loop
    vertex 2398.331971533937 220.00000000000094 567.1119999999943
    vertex 2395.331971533937 220.86824088833578 564.7379612349337
    vertex 2395.331971533937 220.00000000000077 564.6619999999945
  endloop
endfacet
facet normal -0.6310873187074609 -0.06760773805957836 0.7727599820908786
  outer loop
    vertex 2395.331971533937 220.86824088833578 564.7379612349337
    vertex 2398.331971533937 220.00000000000094 567.1119999999943
    vertex 2398.331971533937 220.44280285305163 567.1507402298132
  endloop
endfacet
facet normal -0.6310873187074633 -0.20076898726848175 0.7492800610705005
  outer loop
    vertex 2398.3319715339367 220.8721513654814 567.2657838169902
    vertex 2395.331971533937 220.86824088833578 564.7379612349337
    vertex 2398.331971533937 220.44280285305163 567.1507402298132
  endloop
endfacet
facet normal -0.6310873187074633 -0.20076898726848175 0.7492800610705005
  outer loop
    vertex 2395.331971533937 220.86824088833578 564.7379612349337
    vertex 2398.3319715339367 220.8721513654814 567.2657838169902
    vertex 2395.331971533937 221.71010071662926 564.9635368960651
  endloop
endfacet
facet normal -0.6310873187075215 0.7727599820908198 -0.06760773805968599
  outer loop
    vertex 2395.3319715339367 202.50000000000054 569.6619999999948
    vertex 2398.3319715339367 204.9887402298197 570.1048028530452
    vertex 2398.3319715339367 204.95000000000084 569.6619999999944
  endloop
endfacet
facet normal -0.6310873187075215 0.7727599820908198 -0.06760773805968599
  outer loop
    vertex 2398.3319715339367 204.9887402298197 570.1048028530452
    vertex 2395.3319715339367 202.50000000000054 569.6619999999948
    vertex 2395.3319715339367 202.5759612349398 570.5302408883286
  endloop
endfacet
facet normal -0.6310873187075204 0.7727599820908309 0.06760773805957171
  outer loop
    vertex 2395.3319715339367 202.57596123493977 568.7937591116599
    vertex 2398.3319715339367 204.95000000000084 569.6619999999944
    vertex 2398.3319715339367 204.9887402298197 569.2191971469437
  endloop
endfacet
facet normal -0.6310873187075204 0.7727599820908309 0.06760773805957171
  outer loop
    vertex 2398.3319715339367 204.95000000000084 569.6619999999944
    vertex 2395.3319715339367 202.57596123493977 568.7937591116599
    vertex 2395.3319715339367 202.50000000000054 569.6619999999948
  endloop
endfacet
facet normal -0.631087318707486 0.7492800610704222 0.20076898726870213
  outer loop
    vertex 2395.3319715339367 202.8015368960713 567.9518992833667
    vertex 2398.3319715339367 204.9887402298197 569.2191971469437
    vertex 2398.3319715339367 205.1037838169968 568.7898486345139
  endloop
endfacet
facet normal -0.631087318707486 0.7492800610704222 0.20076898726870213
  outer loop
    vertex 2398.3319715339367 204.9887402298197 569.2191971469437
    vertex 2395.3319715339367 202.8015368960713 567.9518992833667
    vertex 2395.3319715339367 202.57596123493977 568.7937591116599
  endloop
endfacet
facet normal -0.6310873187074881 0.7030336445485742 0.32782997239322487
  outer loop
    vertex 2395.3319715339367 203.1698729810785 567.1619999999947
    vertex 2398.3319715339367 205.1037838169968 568.7898486345139
    vertex 2398.3319715339367 205.2916352203505 568.3869999999943
  endloop
endfacet
facet normal -0.6310873187074881 0.7030336445485742 0.32782997239322487
  outer loop
    vertex 2398.3319715339367 205.1037838169968 568.7898486345139
    vertex 2395.3319715339367 203.1698729810785 567.1619999999947
    vertex 2395.3319715339367 202.8015368960713 567.9518992833667
  endloop
endfacet
facet normal -0.6310873187074881 0.7030336445485742 0.32782997239322487
  outer loop
    vertex 2395.3319715339367 202.8015368960713 567.9518992833667
    vertex 2395.3319715339367 203.1698729810785 567.1619999999947
    vertex 2395.3319715339367 202.93671915200147 567.661999999994
  endloop
endfacet
facet normal -0.6310873187075041 0.6354259064888563 0.44493000969746727
  outer loop
    vertex 2395.3319715339367 203.6697777844058 566.4480619515624
    vertex 2398.3319715339367 205.2916352203505 568.3869999999943
    vertex 2398.3319715339367 205.54658667004745 568.0228915952938
  endloop
endfacet
facet normal -0.6310873187075041 0.6354259064888563 0.44493000969746727
  outer loop
    vertex 2398.3319715339367 205.2916352203505 568.3869999999943
    vertex 2395.3319715339367 203.6697777844058 566.4480619515624
    vertex 2395.3319715339367 203.1698729810785 567.1619999999947
  endloop
endfacet
facet normal -0.6310873187075053 0.548511073802056 0.5485110738016937
  outer loop
    vertex 2395.3319715339367 203.6697777844058 566.4480619515624
    vertex 2398.3319715339367 205.86089159530022 567.7085866700411
    vertex 2395.3319715339367 204.28606195156814 565.8317777843995
  endloop
endfacet
facet normal -0.6310873187075053 0.548511073802056 0.5485110738016937
  outer loop
    vertex 2398.3319715339367 205.86089159530022 567.7085866700411
    vertex 2395.3319715339367 203.6697777844058 566.4480619515624
    vertex 2398.3319715339367 205.54658667004745 568.0228915952938
  endloop
endfacet
facet normal 1.9050618112026362e-14 0.08715574274772879 -0.9961946980917395
  outer loop
    vertex 2398.3319715339367 207.05719714695022 572.1732597701754
    vertex 2415.4819715339368 207.50000000000108 572.2119999999946
    vertex 2415.4819715339368 207.0571971469504 572.1732597701758
  endloop
endfacet
facet normal 1.9050618112026362e-14 0.08715574274772879 -0.9961946980917395
  outer loop
    vertex 2415.4819715339368 207.50000000000108 572.2119999999946
    vertex 2398.3319715339367 207.05719714695022 572.1732597701754
    vertex 2398.3319715339367 207.5000000000009 572.2119999999943
  endloop
endfacet
facet normal 2.1594819076011127e-14 -0.08715574274771658 -0.9961946980917404
  outer loop
    vertex 2398.3319715339367 207.5000000000009 572.2119999999943
    vertex 2415.4819715339368 207.94280285305177 572.1732597701758
    vertex 2415.4819715339368 207.50000000000108 572.2119999999946
  endloop
endfacet
facet normal 2.1594819076011127e-14 -0.08715574274771658 -0.9961946980917404
  outer loop
    vertex 2415.4819715339368 207.94280285305177 572.1732597701758
    vertex 2398.3319715339367 207.5000000000009 572.2119999999943
    vertex 2398.3319715339367 207.9428028530516 572.1732597701754
  endloop
endfacet
facet normal 2.3482872389871652e-14 -0.2588190451023954 -0.9659258262891021
  outer loop
    vertex 2398.3319715339367 207.9428028530516 572.1732597701754
    vertex 2415.4819715339368 208.37215136548153 572.0582161829988
    vertex 2415.4819715339368 207.94280285305177 572.1732597701758
  endloop
endfacet
facet normal 2.3482872389871652e-14 -0.2588190451023954 -0.9659258262891021
  outer loop
    vertex 2415.4819715339368 208.37215136548153 572.0582161829988
    vertex 2398.3319715339367 207.9428028530516 572.1732597701754
    vertex 2398.3319715339367 208.37215136548136 572.0582161829984
  endloop
endfacet
facet normal 2.465741050907716e-14 -0.42261826174083283 -0.9063077870365878
  outer loop
    vertex 2398.3319715339367 208.37215136548136 572.0582161829984
    vertex 2415.4819715339368 208.77500000000106 571.870364779645
    vertex 2415.4819715339368 208.37215136548153 572.0582161829988
  endloop
endfacet
facet normal 2.465741050907716e-14 -0.42261826174083283 -0.9063077870365878
  outer loop
    vertex 2415.4819715339368 208.77500000000106 571.870364779645
    vertex 2398.3319715339367 208.37215136548136 572.0582161829984
    vertex 2398.3319715339367 208.7750000000009 571.8703647796447
  endloop
endfacet
facet normal 2.5084189334594027e-14 -0.5735764363509892 -0.8191520442890317
  outer loop
    vertex 2398.3319715339367 208.7750000000009 571.8703647796447
    vertex 2415.4819715339368 209.1391084047018 571.6154133299481
    vertex 2415.4819715339368 208.77500000000106 571.870364779645
  endloop
endfacet
facet normal 2.5084189334594027e-14 -0.5735764363509892 -0.8191520442890317
  outer loop
    vertex 2415.4819715339368 209.1391084047018 571.6154133299481
    vertex 2398.3319715339367 208.7750000000009 571.8703647796447
    vertex 2398.3319715339367 209.1391084047016 571.6154133299477
  endloop
endfacet
facet normal 2.4745954330126924e-14 -0.7071067811865432 -0.7071067811865519
  outer loop
    vertex 2398.3319715339367 209.1391084047016 571.6154133299477
    vertex 2415.4819715339368 209.4534133299545 571.3011084046954
    vertex 2415.4819715339368 209.1391084047018 571.6154133299481
  endloop
endfacet
facet normal 2.4745954330126924e-14 -0.7071067811865432 -0.7071067811865519
  outer loop
    vertex 2415.4819715339368 209.4534133299545 571.3011084046954
    vertex 2398.3319715339367 209.1391084047016 571.6154133299477
    vertex 2398.3319715339367 209.45341332995432 571.301108404695
  endloop
endfacet
facet normal 2.3658280525555468e-14 -0.8191520442888912 -0.57357643635119
  outer loop
    vertex 2398.3319715339367 209.45341332995432 571.301108404695
    vertex 2415.4819715339368 209.7083647796515 570.9369999999948
    vertex 2415.4819715339368 209.4534133299545 571.3011084046954
  endloop
endfacet
facet normal 2.3658280525555468e-14 -0.8191520442888912 -0.57357643635119
  outer loop
    vertex 2415.4819715339368 209.7083647796515 570.9369999999948
    vertex 2398.3319715339367 209.45341332995432 571.301108404695
    vertex 2398.3319715339367 209.70836477965125 570.9369999999944
  endloop
endfacet
facet normal 2.1849770847572642e-14 -0.9063077870366967 -0.4226182617405996
  outer loop
    vertex 2398.3319715339367 209.70836477965125 570.9369999999944
    vertex 2415.4819715339368 209.89621618300518 570.5341513654752
    vertex 2415.4819715339368 209.7083647796515 570.9369999999948
  endloop
endfacet
facet normal 2.1849770847572642e-14 -0.9063077870366967 -0.4226182617405996
  outer loop
    vertex 2415.4819715339368 209.89621618300518 570.5341513654752
    vertex 2398.3319715339367 209.70836477965125 570.9369999999944
    vertex 2398.3319715339367 209.89621618300492 570.5341513654748
  endloop
endfacet
facet normal -0.6310873187075271 0.3278299723935171 -0.7030336445484028
  outer loop
    vertex 2395.3319715339367 205.78989928337228 574.360463103924
    vertex 2398.3319715339367 206.22500000000088 571.8703647796447
    vertex 2395.3319715339367 205.00000000000085 573.9921270189168
  endloop
endfacet
facet normal -0.6310873187075271 0.3278299723935171 -0.7030336445484028
  outer loop
    vertex 2398.3319715339367 206.22500000000088 571.8703647796447
    vertex 2395.3319715339367 205.78989928337228 574.360463103924
    vertex 2398.3319715339367 206.62784863452046 572.0582161829984
  endloop
endfacet
facet normal -0.6310873187075531 0.44493000969712193 -0.6354259064890495
  outer loop
    vertex 2395.3319715339367 205.00000000000085 573.9921270189168
    vertex 2398.3319715339367 205.86089159530022 571.6154133299477
    vertex 2395.3319715339367 204.2860619515681 573.4922222155898
  endloop
endfacet
facet normal -0.6310873187075531 0.44493000969712193 -0.6354259064890495
  outer loop
    vertex 2398.3319715339367 205.86089159530022 571.6154133299477
    vertex 2395.3319715339367 205.00000000000085 573.9921270189168
    vertex 2398.3319715339367 206.22500000000088 571.8703647796447
  endloop
endfacet
facet normal -0.6310873187075171 0.5485110738021788 -0.5485110738015574
  outer loop
    vertex 2395.3319715339367 203.66977778440574 572.8759380484265
    vertex 2398.3319715339367 205.86089159530022 571.6154133299477
    vertex 2398.3319715339367 205.5465866700475 571.301108404695
  endloop
endfacet
facet normal -0.6310873187075171 0.5485110738021788 -0.5485110738015574
  outer loop
    vertex 2398.3319715339367 205.86089159530022 571.6154133299477
    vertex 2395.3319715339367 203.66977778440574 572.8759380484265
    vertex 2395.3319715339367 204.2860619515681 573.4922222155898
  endloop
endfacet
facet normal -0.6310873187075142 0.6354259064887433 -0.4449300096976144
  outer loop
    vertex 2395.3319715339367 203.1698729810784 572.1619999999946
    vertex 2398.3319715339367 205.5465866700475 571.301108404695
    vertex 2398.3319715339367 205.29163522035057 570.9369999999944
  endloop
endfacet
facet normal -0.6310873187075142 0.6354259064887433 -0.4449300096976144
  outer loop
    vertex 2398.3319715339367 205.5465866700475 571.301108404695
    vertex 2395.3319715339367 203.1698729810784 572.1619999999946
    vertex 2395.3319715339367 203.66977778440574 572.8759380484265
  endloop
endfacet
facet normal -0.6310873187075183 0.7030336445485075 -0.3278299723933097
  outer loop
    vertex 2395.3319715339367 202.80153689607127 571.3721007166225
    vertex 2398.3319715339367 205.29163522035057 570.9369999999944
    vertex 2398.3319715339367 205.1037838169968 570.5341513654748
  endloop
endfacet
facet normal -0.6310873187075183 0.7030336445485075 -0.3278299723933097
  outer loop
    vertex 2398.3319715339367 205.29163522035057 570.9369999999944
    vertex 2395.3319715339367 202.80153689607127 571.3721007166225
    vertex 2395.3319715339367 203.1698729810784 572.1619999999946
  endloop
endfacet
facet normal -0.6310873187074892 0.7492800610704579 -0.20076898726855927
  outer loop
    vertex 2395.3319715339367 202.5759612349398 570.5302408883286
    vertex 2398.3319715339367 205.1037838169968 570.5341513654748
    vertex 2398.3319715339367 204.9887402298197 570.1048028530452
  endloop
endfacet
facet normal -0.6310873187074892 0.7492800610704579 -0.20076898726855927
  outer loop
    vertex 2398.3319715339367 205.1037838169968 570.5341513654748
    vertex 2395.3319715339367 202.5759612349398 570.5302408883286
    vertex 2395.3319715339367 202.80153689607127 571.3721007166225
  endloop
endfacet
facet normal -2.0807022643353985e-15 -0.7071067811865432 -0.7071067811865519
  outer loop
    vertex 2398.3319715339367 221.6391084047016 571.6154133299476
    vertex 2405.1319715339373 221.95341332995378 571.301108404695
    vertex 2405.1319715339373 221.63910840470106 571.6154133299477
  endloop
endfacet
facet normal -2.0807022643353985e-15 -0.7071067811865432 -0.7071067811865519
  outer loop
    vertex 2405.1319715339373 221.95341332995378 571.301108404695
    vertex 2398.3319715339367 221.6391084047016 571.6154133299476
    vertex 2398.3319715339367 221.95341332995432 571.3011084046949
  endloop
endfacet
facet normal 3.3220463161183463e-15 -0.5735764363509892 -0.8191520442890317
  outer loop
    vertex 2398.3319715339367 221.2750000000009 571.8703647796445
    vertex 2405.1319715339373 221.63910840470106 571.6154133299477
    vertex 2405.1319715339373 221.27500000000035 571.8703647796447
  endloop
endfacet
facet normal 3.3220463161183463e-15 -0.5735764363509892 -0.8191520442890317
  outer loop
    vertex 2405.1319715339373 221.63910840470106 571.6154133299477
    vertex 2398.3319715339367 221.2750000000009 571.8703647796445
    vertex 2398.3319715339367 221.6391084047016 571.6154133299476
  endloop
endfacet
facet normal 1.3663634577701896e-14 -0.25881904510239545 -0.9659258262891021
  outer loop
    vertex 2398.3319715339367 220.4428028530516 572.1732597701754
    vertex 2405.131971533937 220.87215136548082 572.0582161829985
    vertex 2405.131971533937 220.44280285305106 572.1732597701755
  endloop
endfacet
facet normal 1.3663634577701896e-14 -0.25881904510239545 -0.9659258262891021
  outer loop
    vertex 2405.131971533937 220.87215136548082 572.0582161829985
    vertex 2398.3319715339367 220.4428028530516 572.1732597701754
    vertex 2398.3319715339367 220.87215136548136 572.0582161829983
  endloop
endfacet
facet normal 8.623792164270962e-15 -0.42261826174083283 -0.9063077870365877
  outer loop
    vertex 2398.3319715339367 220.87215136548136 572.0582161829983
    vertex 2405.1319715339373 221.27500000000035 571.8703647796447
    vertex 2405.131971533937 220.87215136548082 572.0582161829985
  endloop
endfacet
facet normal 8.623792164270962e-15 -0.42261826174083283 -0.9063077870365877
  outer loop
    vertex 2405.1319715339373 221.27500000000035 571.8703647796447
    vertex 2398.3319715339367 220.87215136548136 572.0582161829983
    vertex 2398.3319715339367 221.2750000000009 571.8703647796445
  endloop
endfacet
facet normal -0.6310873187075708 -0.06760773805985146 0.772759982090765
  outer loop
    vertex 2398.3319715339367 207.50000000000094 567.1119999999944
    vertex 2395.3319715339367 208.36824088833544 564.7379612349333
    vertex 2395.3319715339367 207.50000000000085 564.6619999999939
  endloop
endfacet
facet normal -0.6310873187075708 -0.06760773805985146 0.772759982090765
  outer loop
    vertex 2395.3319715339367 208.36824088833544 564.7379612349333
    vertex 2398.3319715339367 207.50000000000094 567.1119999999944
    vertex 2398.3319715339367 207.94280285305163 567.1507402298133
  endloop
endfacet
facet normal -0.6310873187075084 -0.20076898726866216 0.7492800610704142
  outer loop
    vertex 2398.3319715339367 208.37215136548141 567.2657838169903
    vertex 2395.3319715339367 208.36824088833544 564.7379612349333
    vertex 2398.3319715339367 207.94280285305163 567.1507402298133
  endloop
endfacet
facet normal -0.6310873187075084 -0.20076898726866216 0.7492800610704142
  outer loop
    vertex 2395.3319715339367 208.36824088833544 564.7379612349333
    vertex 2398.3319715339367 208.37215136548141 567.2657838169903
    vertex 2395.3319715339367 209.21010071662917 564.9635368960651
  endloop
endfacet
facet normal -0.6310873187074822 -0.327829972393682 0.7030336445483661
  outer loop
    vertex 2398.3319715339367 208.7750000000009 567.4536352203442
    vertex 2395.3319715339367 209.21010071662917 564.9635368960651
    vertex 2398.3319715339367 208.37215136548141 567.2657838169903
  endloop
endfacet
facet normal -0.6310873187074822 -0.327829972393682 0.7030336445483661
  outer loop
    vertex 2395.3319715339367 209.21010071662917 564.9635368960651
    vertex 2398.3319715339367 208.7750000000009 567.4536352203442
    vertex 2395.3319715339367 210.0000000000009 565.3318729810726
  endloop
endfacet
facet normal -0.6310873187074949 -0.44493000969718655 0.6354259064890623
  outer loop
    vertex 2398.3319715339367 209.1391084047016 567.7085866700411
    vertex 2395.3319715339367 210.0000000000009 565.3318729810726
    vertex 2398.3319715339367 208.7750000000009 567.4536352203442
  endloop
endfacet
facet normal -0.6310873187074949 -0.44493000969718655 0.6354259064890623
  outer loop
    vertex 2395.3319715339367 210.0000000000009 565.3318729810726
    vertex 2398.3319715339367 209.1391084047016 567.7085866700411
    vertex 2395.331971533937 210.71393804843362 565.8317777843996
  endloop
endfacet
facet normal -0.6310873187074695 -0.5485110738021811 0.5485110738016098
  outer loop
    vertex 2398.3319715339367 209.1391084047016 567.7085866700411
    vertex 2395.331971533937 211.33022221559577 566.4480619515625
    vertex 2395.331971533937 210.71393804843362 565.8317777843996
  endloop
endfacet
facet normal -0.6310873187074695 -0.5485110738021811 0.5485110738016098
  outer loop
    vertex 2395.331971533937 211.33022221559577 566.4480619515625
    vertex 2398.3319715339367 209.1391084047016 567.7085866700411
    vertex 2398.3319715339367 209.45341332995432 568.0228915952938
  endloop
endfacet
facet normal -0.631087318707451 -0.6354259064889028 0.4449300096974761
  outer loop
    vertex 2395.331971533937 211.83012701892304 567.1619999999948
    vertex 2398.3319715339367 209.45341332995432 568.0228915952938
    vertex 2398.3319715339367 209.7083647796512 568.3869999999943
  endloop
endfacet
facet normal -0.631087318707451 -0.6354259064889028 0.4449300096974761
  outer loop
    vertex 2398.3319715339367 209.45341332995432 568.0228915952938
    vertex 2395.331971533937 211.83012701892304 567.1619999999948
    vertex 2395.331971533937 211.33022221559577 566.4480619515625
  endloop
endfacet
facet normal -0.6310873187074971 -0.703033644548529 0.32782997239330447
  outer loop
    vertex 2395.3319715339367 212.1984631039304 567.9518992833669
    vertex 2398.3319715339367 209.7083647796512 568.3869999999943
    vertex 2398.3319715339367 209.89621618300492 568.7898486345139
  endloop
endfacet
facet normal -0.6310873187074971 -0.703033644548529 0.32782997239330447
  outer loop
    vertex 2398.3319715339367 209.7083647796512 568.3869999999943
    vertex 2395.3319715339367 212.1984631039304 567.9518992833669
    vertex 2395.331971533937 211.83012701892304 567.1619999999948
  endloop
endfacet
facet normal -0.6310873187074971 -0.703033644548529 0.32782997239330447
  outer loop
    vertex 2395.331971533937 211.83012701892304 567.1619999999948
    vertex 2395.3319715339367 212.1984631039304 567.9518992833669
    vertex 2395.3319715339367 212.06328084799995 567.6619999999939
  endloop
endfacet
facet normal -0.6310873187075148 -0.7492800610703854 0.20076898726874914
  outer loop
    vertex 2395.3319715339367 212.424038765062 568.7937591116599
    vertex 2398.3319715339367 209.89621618300492 568.7898486345139
    vertex 2398.3319715339367 210.01125977018202 569.2191971469435
  endloop
endfacet
facet normal -0.6310873187075148 -0.7492800610703854 0.20076898726874914
  outer loop
    vertex 2398.3319715339367 209.89621618300492 568.7898486345139
    vertex 2395.3319715339367 212.424038765062 568.7937591116599
    vertex 2395.3319715339367 212.1984631039304 567.9518992833669
  endloop
endfacet
facet normal -0.6310873187075177 -0.7727599820908642 0.06760773805921273
  outer loop
    vertex 2395.3319715339367 212.50000000000068 569.6619999999949
    vertex 2398.3319715339367 210.01125977018202 569.2191971469435
    vertex 2398.3319715339367 210.05000000000086 569.6619999999942
  endloop
endfacet
facet normal -0.6310873187075177 -0.7727599820908642 0.06760773805921273
  outer loop
    vertex 2398.3319715339367 210.01125977018202 569.2191971469435
    vertex 2395.3319715339367 212.50000000000068 569.6619999999949
    vertex 2395.3319715339367 212.424038765062 568.7937591116599
  endloop
endfacet
facet normal -0.6310873187075214 -0.7727599820908497 -0.06760773805934568
  outer loop
    vertex 2395.3319715339367 212.42403876506194 570.5302408883288
    vertex 2398.3319715339367 210.05000000000086 569.6619999999942
    vertex 2398.3319715339367 210.01125977018202 570.104802853045
  endloop
endfacet
facet normal -0.6310873187075214 -0.7727599820908497 -0.06760773805934568
  outer loop
    vertex 2398.3319715339367 210.05000000000086 569.6619999999942
    vertex 2395.3319715339367 212.42403876506194 570.5302408883288
    vertex 2395.3319715339367 212.50000000000068 569.6619999999949
  endloop
endfacet
facet normal -0.6310873187075215 -0.7492800610704177 -0.2007689872686078
  outer loop
    vertex 2395.3319715339367 212.19846310393035 571.3721007166226
    vertex 2398.3319715339367 210.01125977018202 570.104802853045
    vertex 2398.3319715339367 209.89621618300492 570.5341513654748
  endloop
endfacet
facet normal -0.6310873187075215 -0.7492800610704177 -0.2007689872686078
  outer loop
    vertex 2398.3319715339367 210.01125977018202 570.104802853045
    vertex 2395.3319715339367 212.19846310393035 571.3721007166226
    vertex 2395.3319715339367 212.42403876506194 570.5302408883288
  endloop
endfacet
facet normal -0.6310873187075211 -0.7030336445484564 -0.3278299723934139
  outer loop
    vertex 2395.3319715339367 211.83012701892298 572.1619999999947
    vertex 2398.3319715339367 209.89621618300492 570.5341513654748
    vertex 2398.3319715339367 209.70836477965125 570.9369999999944
  endloop
endfacet
facet normal -0.6310873187075211 -0.7030336445484564 -0.3278299723934139
  outer loop
    vertex 2398.3319715339367 209.89621618300492 570.5341513654748
    vertex 2395.3319715339367 211.83012701892298 572.1619999999947
    vertex 2395.3319715339367 212.19846310393035 571.3721007166226
  endloop
endfacet
facet normal -0.6310873187075041 -0.6354259064887673 -0.44493000969759466
  outer loop
    vertex 2395.3319715339367 211.3302222155957 572.8759380484266
    vertex 2398.3319715339367 209.70836477965125 570.9369999999944
    vertex 2398.3319715339367 209.45341332995432 571.301108404695
  endloop
endfacet
facet normal -0.6310873187075041 -0.6354259064887673 -0.44493000969759466
  outer loop
    vertex 2398.3319715339367 209.70836477965125 570.9369999999944
    vertex 2395.3319715339367 211.3302222155957 572.8759380484266
    vertex 2395.3319715339367 211.83012701892298 572.1619999999947
  endloop
endfacet
facet normal -0.6310873187075299 -0.5485110738022533 -0.5485110738014682
  outer loop
    vertex 2398.3319715339367 209.1391084047016 571.6154133299477
    vertex 2395.3319715339367 211.3302222155957 572.8759380484266
    vertex 2398.3319715339367 209.45341332995432 571.301108404695
  endloop
endfacet
facet normal -0.6310873187075299 -0.5485110738022533 -0.5485110738014682
  outer loop
    vertex 2395.3319715339367 211.3302222155957 572.8759380484266
    vertex 2398.3319715339367 209.1391084047016 571.6154133299477
    vertex 2395.3319715339367 210.7139380484336 573.4922222155899
  endloop
endfacet
facet normal -0.6310873187075552 -0.44493000969690144 -0.6354259064892018
  outer loop
    vertex 2395.3319715339367 210.0000000000007 573.9921270189168
    vertex 2398.3319715339367 209.1391084047016 571.6154133299477
    vertex 2398.3319715339367 208.7750000000009 571.8703647796447
  endloop
endfacet
facet normal -0.6310873187075552 -0.44493000969690144 -0.6354259064892018
  outer loop
    vertex 2398.3319715339367 209.1391084047016 571.6154133299477
    vertex 2395.3319715339367 210.0000000000007 573.9921270189168
    vertex 2395.3319715339367 210.7139380484336 573.4922222155899
  endloop
endfacet
facet normal -0.6310873187075027 -0.327829972393502 -0.7030336445484319
  outer loop
    vertex 2395.3319715339367 209.21010071662914 574.3604631039241
    vertex 2398.3319715339367 208.7750000000009 571.8703647796447
    vertex 2398.3319715339367 208.37215136548136 572.0582161829984
  endloop
endfacet
facet normal -0.6310873187075027 -0.327829972393502 -0.7030336445484319
  outer loop
    vertex 2398.3319715339367 208.7750000000009 571.8703647796447
    vertex 2395.3319715339367 209.21010071662914 574.3604631039241
    vertex 2395.3319715339367 210.0000000000007 573.9921270189168
  endloop
endfacet
facet normal -0.6310873187074552 -0.20076898726818188 -0.7492800610705878
  outer loop
    vertex 2395.3319715339367 208.36824088833538 574.586038765055
    vertex 2398.3319715339367 208.37215136548136 572.0582161829984
    vertex 2398.3319715339367 207.9428028530516 572.1732597701754
  endloop
endfacet
facet normal -0.6310873187074552 -0.20076898726818188 -0.7492800610705878
  outer loop
    vertex 2398.3319715339367 208.37215136548136 572.0582161829984
    vertex 2395.3319715339367 208.36824088833538 574.586038765055
    vertex 2395.3319715339367 209.21010071662914 574.3604631039241
  endloop
endfacet
facet normal -0.6310873187074885 -0.06760773806009862 -0.7727599820908106
  outer loop
    vertex 2395.3319715339367 208.36824088833538 574.586038765055
    vertex 2398.3319715339367 207.5000000000009 572.2119999999943
    vertex 2395.3319715339367 207.50000000000082 574.6619999999948
  endloop
endfacet
facet normal -0.6310873187074885 -0.06760773806009862 -0.7727599820908106
  outer loop
    vertex 2398.3319715339367 207.5000000000009 572.2119999999943
    vertex 2395.3319715339367 208.36824088833538 574.586038765055
    vertex 2398.3319715339367 207.9428028530516 572.1732597701754
  endloop
endfacet
facet normal -0.6310873187074937 0.0676077380600727 -0.7727599820908089
  outer loop
    vertex 2395.3319715339367 207.50000000000082 574.6619999999948
    vertex 2398.3319715339367 207.05719714695022 572.1732597701754
    vertex 2395.3319715339367 206.63175911166599 574.5860387650549
  endloop
endfacet
facet normal -0.6310873187074937 0.0676077380600727 -0.7727599820908089
  outer loop
    vertex 2398.3319715339367 207.05719714695022 572.1732597701754
    vertex 2395.3319715339367 207.50000000000082 574.6619999999948
    vertex 2398.3319715339367 207.5000000000009 572.2119999999943
  endloop
endfacet
facet normal -0.6310873187074746 0.20076898726817682 -0.7492800610705728
  outer loop
    vertex 2395.3319715339367 206.63175911166599 574.5860387650549
    vertex 2398.3319715339367 206.62784863452046 572.0582161829984
    vertex 2395.3319715339367 205.78989928337228 574.360463103924
  endloop
endfacet
facet normal -0.6310873187074746 0.20076898726817682 -0.7492800610705728
  outer loop
    vertex 2398.3319715339367 206.62784863452046 572.0582161829984
    vertex 2395.3319715339367 206.63175911166599 574.5860387650549
    vertex 2398.3319715339367 207.05719714695022 572.1732597701754
  endloop
endfacet
facet normal 0.38268343236509655 -0.9238795325112841 2.147090789016721e-15
  outer loop
    vertex 2400.230802014028 195.24718503074905 575.1619999999954
    vertex 2399.8569715339377 195.09233937586697 563.6619999999956
    vertex 2400.230802014029 195.24718503074916 563.6619999999956
  endloop
endfacet
facet normal 0.38268343236509655 -0.9238795325112841 2.147090789016721e-15
  outer loop
    vertex 2399.8569715339377 195.09233937586697 563.6619999999956
    vertex 2400.230802014028 195.24718503074905 575.1619999999954
    vertex 2399.856971533937 195.09233937586686 575.1619999999954
  endloop
endfacet
facet normal 0.6087614290087444 -0.793353340291217 7.558777971374038e-15
  outer loop
    vertex 2399.535956023098 194.84601551084018 575.1619999999954
    vertex 2399.8569715339377 195.09233937586697 563.6619999999956
    vertex 2399.856971533937 195.09233937586686 575.1619999999954
  endloop
endfacet
facet normal 0.6087614290087444 -0.793353340291217 7.558777971374038e-15
  outer loop
    vertex 2399.8569715339377 195.09233937586697 563.6619999999956
    vertex 2399.535956023098 194.84601551084018 575.1619999999954
    vertex 2399.5359560230986 194.8460155108403 563.6619999999956
  endloop
endfacet
facet normal 0.7933533402912886 -0.6087614290086512 1.2455346926453952e-14
  outer loop
    vertex 2399.535956023098 194.84601551084018 575.1619999999954
    vertex 2399.2896321580715 194.5250000000011 563.6619999999956
    vertex 2399.5359560230986 194.8460155108403 563.6619999999956
  endloop
endfacet
facet normal 0.7933533402912886 -0.6087614290086512 1.2455346926453952e-14
  outer loop
    vertex 2399.2896321580715 194.5250000000011 563.6619999999956
    vertex 2399.535956023098 194.84601551084018 575.1619999999954
    vertex 2399.289632158071 194.525000000001 575.1619999999954
  endloop
endfacet
facet normal 0.9238795325112789 -0.382683432365109 1.6503104571927427e-14
  outer loop
    vertex 2399.2896321580715 194.5250000000011 563.6619999999956
    vertex 2399.1347865031894 194.1511695199099 575.1619999999954
    vertex 2399.1347865031894 194.15116951991 563.6619999999955
  endloop
endfacet
facet normal 0.9238795325112789 -0.382683432365109 1.6503104571927427e-14
  outer loop
    vertex 2399.1347865031894 194.1511695199099 575.1619999999954
    vertex 2399.2896321580715 194.5250000000011 563.6619999999956
    vertex 2399.289632158071 194.525000000001 575.1619999999954
  endloop
endfacet
facet normal 0.9914448613738056 -0.13052619222008754 1.942620291349559e-14
  outer loop
    vertex 2399.1347865031894 194.1511695199099 575.1619999999954
    vertex 2399.0819715339376 193.7500000000011 563.6619999999954
    vertex 2399.1347865031894 194.15116951991 563.6619999999955
  endloop
endfacet
facet normal 0.9914448613738056 -0.13052619222008754 1.942620291349559e-14
  outer loop
    vertex 2399.0819715339376 193.7500000000011 563.6619999999954
    vertex 2399.1347865031894 194.1511695199099 575.1619999999954
    vertex 2399.081971533937 193.75000000000094 575.1619999999951
  endloop
endfacet
facet normal 0.9914448613738018 0.13052619222011647 2.10254376298278e-14
  outer loop
    vertex 2399.081971533937 193.75000000000094 575.1619999999951
    vertex 2399.1347865031894 193.34883048009215 563.6619999999954
    vertex 2399.0819715339376 193.7500000000011 563.6619999999954
  endloop
endfacet
facet normal 0.9914448613738018 0.13052619222011647 2.10254376298278e-14
  outer loop
    vertex 2399.1347865031894 193.34883048009215 563.6619999999954
    vertex 2399.081971533937 193.75000000000094 575.1619999999951
    vertex 2399.1347865031894 193.348830480092 575.1619999999951
  endloop
endfacet
facet normal 0.9238795325112678 0.38268343236513597 2.1191823517864922e-14
  outer loop
    vertex 2399.1347865031894 193.348830480092 575.1619999999951
    vertex 2399.289632158072 192.97500000000113 563.6619999999954
    vertex 2399.1347865031894 193.34883048009215 563.6619999999954
  endloop
endfacet
facet normal 0.9238795325112678 0.38268343236513597 2.1191823517864922e-14
  outer loop
    vertex 2399.289632158072 192.97500000000113 563.6619999999954
    vertex 2399.1347865031894 193.348830480092 575.1619999999951
    vertex 2399.289632158071 192.97500000000102 575.1619999999951
  endloop
endfacet
facet normal 0.7933533402912708 0.6087614290086742 1.9914021654304644e-14
  outer loop
    vertex 2399.289632158071 192.97500000000102 575.1619999999951
    vertex 2399.5359560230986 192.65398448916196 563.6619999999954
    vertex 2399.289632158072 192.97500000000113 563.6619999999954
  endloop
endfacet
facet normal 0.7933533402912708 0.6087614290086742 1.9914021654304644e-14
  outer loop
    vertex 2399.5359560230986 192.65398448916196 563.6619999999954
    vertex 2399.289632158071 192.97500000000102 575.1619999999951
    vertex 2399.535956023098 192.65398448916184 575.1619999999951
  endloop
endfacet
facet normal 0.6087614290087213 0.7933533402912347 1.7279112124479347e-14
  outer loop
    vertex 2399.8569715339377 192.4076606241352 563.6619999999956
    vertex 2399.535956023098 192.65398448916184 575.1619999999951
    vertex 2399.856971533937 192.40766062413508 575.1619999999954
  endloop
endfacet
facet normal 0.6087614290087213 0.7933533402912347 1.7279112124479347e-14
  outer loop
    vertex 2399.535956023098 192.65398448916184 575.1619999999951
    vertex 2399.8569715339377 192.4076606241352 563.6619999999956
    vertex 2399.5359560230986 192.65398448916196 563.6619999999954
  endloop
endfacet
facet normal 0.9914448613738018 0.13052619222011647 2.10254376298278e-14
  outer loop
    vertex 2379.081971533937 213.75000000000134 567.6619999999936
    vertex 2379.1347865031894 213.3488304800925 563.661999999995
    vertex 2379.081971533937 213.75000000000142 563.661999999995
  endloop
endfacet
facet normal 0.9914448613738018 0.13052619222011647 2.10254376298278e-14
  outer loop
    vertex 2379.1347865031894 213.3488304800925 563.661999999995
    vertex 2379.081971533937 213.75000000000134 567.6619999999936
    vertex 2379.1347865031894 213.3488304800924 567.6619999999936
  endloop
endfacet
facet normal 0.9238795325112678 0.38268343236513597 2.1191823517864922e-14
  outer loop
    vertex 2379.1347865031894 213.3488304800924 567.6619999999936
    vertex 2379.289632158072 212.97500000000142 563.661999999995
    vertex 2379.1347865031894 213.3488304800925 563.661999999995
  endloop
endfacet
facet normal 0.9238795325112678 0.38268343236513597 2.1191823517864922e-14
  outer loop
    vertex 2379.289632158072 212.97500000000142 563.661999999995
    vertex 2379.1347865031894 213.3488304800924 567.6619999999936
    vertex 2379.2896321580715 212.97500000000133 567.6619999999936
  endloop
endfacet
facet normal 0.7933533402912708 0.6087614290086742 1.9914021654304644e-14
  outer loop
    vertex 2379.2896321580715 212.97500000000133 567.6619999999936
    vertex 2379.5359560230986 212.65398448916227 563.661999999995
    vertex 2379.289632158072 212.97500000000142 563.661999999995
  endloop
endfacet
facet normal 0.7933533402912708 0.6087614290086742 1.9914021654304644e-14
  outer loop
    vertex 2379.5359560230986 212.65398448916227 563.661999999995
    vertex 2379.2896321580715 212.97500000000133 567.6619999999936
    vertex 2379.5359560230986 212.65398448916218 567.6619999999936
  endloop
endfacet
facet normal 0.6087614290087213 0.7933533402912347 1.7279112124479347e-14
  outer loop
    vertex 2379.5359560230986 212.65398448916227 563.661999999995
    vertex 2379.8569715339377 212.40766062413545 567.6619999999936
    vertex 2379.8569715339377 212.40766062413553 563.661999999995
  endloop
endfacet
facet normal 0.6087614290087213 0.7933533402912347 1.7279112124479347e-14
  outer loop
    vertex 2379.8569715339377 212.40766062413545 567.6619999999936
    vertex 2379.5359560230986 212.65398448916227 563.661999999995
    vertex 2379.5359560230986 212.65398448916218 567.6619999999936
  endloop
endfacet
facet normal -0.9914448613738018 -0.13052619222011647 -2.10254376298278e-14
  outer loop
    vertex 2402.1819715339375 213.75000000000105 575.1619999999939
    vertex 2402.129156564685 214.15116951991007 563.6619999999957
    vertex 2402.1819715339375 213.75000000000117 563.6619999999957
  endloop
endfacet
facet normal -0.9914448613738018 -0.13052619222011647 -2.10254376298278e-14
  outer loop
    vertex 2402.129156564685 214.15116951991007 563.6619999999957
    vertex 2402.1819715339375 213.75000000000105 575.1619999999939
    vertex 2402.129156564685 214.15116951990998 575.1619999999939
  endloop
endfacet
facet normal -2.1475694109709975e-14 -0.996194698091749 -0.08715574274761921
  outer loop
    vertex 2398.3319715339367 222.51125977018202 570.104802853045
    vertex 2405.1319715339373 222.55000000000032 569.6619999999945
    vertex 2405.1319715339373 222.51125977018148 570.1048028530452
  endloop
endfacet
facet normal -2.1475694109709975e-14 -0.996194698091749 -0.08715574274761921
  outer loop
    vertex 2405.1319715339373 222.55000000000032 569.6619999999945
    vertex 2398.3319715339367 222.51125977018202 570.104802853045
    vertex 2398.3319715339367 222.55000000000086 569.6619999999942
  endloop
endfacet
facet normal -1.7267029172884055e-14 -0.9659258262890411 -0.2588190451026221
  outer loop
    vertex 2398.3319715339367 222.39621618300492 570.5341513654747
    vertex 2405.1319715339373 222.51125977018148 570.1048028530452
    vertex 2405.1319715339373 222.39621618300438 570.5341513654749
  endloop
endfacet
facet normal -1.7267029172884055e-14 -0.9659258262890411 -0.2588190451026221
  outer loop
    vertex 2405.1319715339373 222.51125977018148 570.1048028530452
    vertex 2398.3319715339367 222.39621618300492 570.5341513654747
    vertex 2398.3319715339367 222.51125977018202 570.104802853045
  endloop
endfacet
facet normal -1.2534297327989742e-14 -0.9063077870366967 -0.4226182617405996
  outer loop
    vertex 2398.3319715339367 222.20836477965125 570.9369999999943
    vertex 2405.1319715339373 222.39621618300438 570.5341513654749
    vertex 2405.1319715339373 222.2083647796507 570.9369999999946
  endloop
endfacet
facet normal -1.2534297327989742e-14 -0.9063077870366967 -0.4226182617405996
  outer loop
    vertex 2405.1319715339373 222.39621618300438 570.5341513654749
    vertex 2398.3319715339367 222.20836477965125 570.9369999999943
    vertex 2398.3319715339367 222.39621618300492 570.5341513654747
  endloop
endfacet
facet normal -7.41981638480624e-15 -0.8191520442888912 -0.57357643635119
  outer loop
    vertex 2398.3319715339367 221.95341332995432 571.3011084046949
    vertex 2405.1319715339373 222.2083647796507 570.9369999999946
    vertex 2405.1319715339373 221.95341332995378 571.301108404695
  endloop
endfacet
facet normal -7.41981638480624e-15 -0.8191520442888912 -0.57357643635119
  outer loop
    vertex 2405.1319715339373 222.2083647796507 570.9369999999946
    vertex 2398.3319715339367 221.95341332995432 571.3011084046949
    vertex 2398.3319715339367 222.20836477965125 570.9369999999943
  endloop
endfacet
facet normal -2.137867585728167e-14 0.08715574274786213 0.9961946980917278
  outer loop
    vertex 2395.331971533937 220.00000000000077 564.6619999999945
    vertex 2377.1319715339378 219.13175911166593 564.7379612349333
    vertex 2395.331971533937 219.13175911166613 564.7379612349338
  endloop
endfacet
facet normal -2.137867585728167e-14 0.08715574274786213 0.9961946980917278
  outer loop
    vertex 2377.1319715339378 219.13175911166593 564.7379612349333
    vertex 2395.331971533937 220.00000000000077 564.6619999999945
    vertex 2377.1319715339378 220.0000000000005 564.6619999999942
  endloop
endfacet
facet normal -1.9773347454177377e-14 0.2588190451023395 0.965925826289117
  outer loop
    vertex 2395.331971533937 219.13175911166613 564.7379612349338
    vertex 2377.1319715339378 218.28989928337236 564.9635368960646
    vertex 2395.331971533937 218.28989928337253 564.9635368960651
  endloop
endfacet
facet normal -1.9773347454177377e-14 0.2588190451023395 0.965925826289117
  outer loop
    vertex 2377.1319715339378 218.28989928337236 564.9635368960646
    vertex 2395.331971533937 219.13175911166613 564.7379612349338
    vertex 2377.1319715339378 219.13175911166593 564.7379612349333
  endloop
endfacet
facet normal 1.0 1.459571615004341e-14 2.040034807748725e-14
  outer loop
    vertex 2405.1319715339373 220.52094453300117 566.7075767409578
    vertex 2405.1319715339373 219.47905546699963 566.7075767409578
    vertex 2405.1319715339373 220.0000000000004 566.6619999999945
  endloop
endfacet
facet normal 1.0 1.459571615004341e-14 2.040034807748725e-14
  outer loop
    vertex 2405.1319715339373 219.47905546699963 566.7075767409578
    vertex 2405.1319715339373 220.52094453300117 566.7075767409578
    vertex 2405.1319715339373 221.0260604299774 566.8429221376368
  endloop
endfacet
facet normal 1.0 1.459571615004341e-14 2.040034807748725e-14
  outer loop
    vertex 2405.1319715339373 219.47905546699963 566.7075767409578
    vertex 2405.1319715339373 221.0260604299774 566.8429221376368
    vertex 2405.1319715339373 218.97393957002342 566.8429221376368
  endloop
endfacet
facet normal 1.0 1.459571615004341e-14 2.040034807748725e-14
  outer loop
    vertex 2405.1319715339373 218.97393957002342 566.8429221376368
    vertex 2405.1319715339373 221.0260604299774 566.8429221376368
    vertex 2405.1319715339373 221.50000000000043 567.0639237886411
  endloop
endfacet
facet normal 1.0 1.459571615004341e-14 2.040034807748725e-14
  outer loop
    vertex 2405.1319715339373 218.97393957002342 566.8429221376368
    vertex 2405.1319715339373 221.50000000000043 567.0639237886411
    vertex 2405.1319715339373 218.5000000000004 567.0639237886411
  endloop
endfacet
facet normal 1.0 1.459571615004341e-14 2.040034807748725e-14
  outer loop
    vertex 2405.1319715339373 218.5000000000004 567.0639237886411
    vertex 2405.1319715339373 221.50000000000043 567.0639237886411
    vertex 2405.1319715339373 220.0000000000004 567.1119999999945
  endloop
endfacet
facet normal 1.0 1.459571615004341e-14 2.040034807748725e-14
  outer loop
    vertex 2405.1319715339373 220.0000000000004 567.1119999999945
    vertex 2405.1319715339373 221.50000000000043 567.0639237886411
    vertex 2405.1319715339373 220.4428028530511 567.1507402298134
  endloop
endfacet
facet normal 1.0 1.459571615004341e-14 2.040034807748725e-14
  outer loop
    vertex 2405.1319715339373 220.4428028530511 567.1507402298134
    vertex 2405.1319715339373 221.50000000000043 567.0639237886411
    vertex 2405.1319715339373 221.92836282906003 567.3638666706375
  endloop
endfacet
facet normal 1.0 1.459571615004341e-14 2.040034807748725e-14
  outer loop
    vertex 2405.1319715339373 220.4428028530511 567.1507402298134
    vertex 2405.1319715339373 221.92836282906003 567.3638666706375
    vertex 2405.1319715339373 220.87215136548085 567.2657838169904
  endloop
endfacet
facet normal 1.0 1.459571615004341e-14 2.040034807748725e-14
  outer loop
    vertex 2405.1319715339373 220.87215136548085 567.2657838169904
    vertex 2405.1319715339373 221.92836282906003 567.3638666706375
    vertex 2405.1319715339373 221.27500000000043 567.4536352203442
  endloop
endfacet
facet normal 1.0 1.459571615004341e-14 2.040034807748725e-14
  outer loop
    vertex 2405.1319715339373 221.27500000000043 567.4536352203442
    vertex 2405.1319715339373 221.92836282906003 567.3638666706375
    vertex 2405.1319715339373 222.29813332935734 567.7336371709349
  endloop
endfacet
facet normal 1.0 1.459571615004341e-14 2.040034807748725e-14
  outer loop
    vertex 2405.1319715339373 221.27500000000043 567.4536352203442
    vertex 2405.1319715339373 222.29813332935734 567.7336371709349
    vertex 2405.1319715339373 221.63910840470112 567.7085866700411
  endloop
endfacet
facet normal 1.0 1.459571615004341e-14 2.040034807748725e-14
  outer loop
    vertex 2405.1319715339373 221.63910840470112 567.7085866700411
    vertex 2405.1319715339373 222.29813332935734 567.7336371709349
    vertex 2405.1319715339373 221.95341332995383 568.0228915952938
  endloop
endfacet
facet normal 1.0 1.459571615004341e-14 2.040034807748725e-14
  outer loop
    vertex 2405.1319715339373 221.95341332995383 568.0228915952938
    vertex 2405.1319715339373 222.29813332935734 567.7336371709349
    vertex 2405.1319715339373 222.5980762113537 568.1619999999945
  endloop
endfacet
facet normal 1.0 1.459571615004341e-14 2.040034807748725e-14
  outer loop
    vertex 2405.1319715339373 221.95341332995383 568.0228915952938
    vertex 2405.1319715339373 222.5980762113537 568.1619999999945
    vertex 2405.1319715339373 222.20836477965065 568.3869999999944
  endloop
endfacet
facet normal 1.0 1.459571615004341e-14 2.040034807748725e-14
  outer loop
    vertex 2405.1319715339373 222.20836477965065 568.3869999999944
    vertex 2405.1319715339373 222.5980762113537 568.1619999999945
    vertex 2405.1319715339373 222.81907786235809 568.6359395700174
  endloop
endfacet
facet normal 1.0 1.459571615004341e-14 2.040034807748725e-14
  outer loop
    vertex 2405.1319715339373 222.20836477965065 568.3869999999944
    vertex 2405.1319715339373 222.81907786235809 568.6359395700174
    vertex 2405.1319715339373 222.39621618300438 568.789848634514
  endloop
endfacet
facet normal 1.0 1.459571615004341e-14 2.040034807748725e-14
  outer loop
    vertex 2405.1319715339373 222.39621618300438 568.789848634514
    vertex 2405.1319715339373 222.81907786235809 568.6359395700174
    vertex 2405.1319715339373 222.95442325903696 569.1410554669936
  endloop
endfacet
facet normal 1.0 1.459571615004341e-14 2.040034807748725e-14
  outer loop
    vertex 2405.1319715339373 222.39621618300438 568.789848634514
    vertex 2405.1319715339373 222.95442325903696 569.1410554669936
    vertex 2405.1319715339373 222.51125977018148 569.2191971469437
  endloop
endfacet
facet normal 1.0 1.459571615004341e-14 2.040034807748725e-14
  outer loop
    vertex 2405.1319715339373 222.51125977018148 569.2191971469437
    vertex 2405.1319715339373 222.95442325903696 569.1410554669936
    vertex 2405.1319715339373 223.0000000000003 569.6619999999945
  endloop
endfacet
facet normal 1.0 1.459571615004341e-14 2.040034807748725e-14
  outer loop
    vertex 2405.1319715339373 222.51125977018148 569.2191971469437
    vertex 2405.1319715339373 223.0000000000003 569.6619999999945
    vertex 2405.1319715339373 222.55000000000032 569.6619999999945
  endloop
endfacet
facet normal 1.0 1.459571615004341e-14 2.040034807748725e-14
  outer loop
    vertex 2405.1319715339373 222.55000000000032 569.6619999999945
    vertex 2405.1319715339373 223.0000000000003 569.6619999999945
    vertex 2405.131971533937 222.95442325903696 570.1829445329952
  endloop
endfacet
facet normal 1.0 1.459571615004341e-14 2.040034807748725e-14
  outer loop
    vertex 2405.1319715339373 222.55000000000032 569.6619999999945
    vertex 2405.131971533937 222.95442325903696 570.1829445329952
    vertex 2405.1319715339373 222.51125977018148 570.1048028530452
  endloop
endfacet
facet normal 1.0 1.459571615004341e-14 2.040034807748725e-14
  outer loop
    vertex 2405.1319715339373 222.51125977018148 570.1048028530452
    vertex 2405.131971533937 222.95442325903696 570.1829445329952
    vertex 2405.1319715339373 222.39621618300438 570.5341513654749
  endloop
endfacet
facet normal 1.0 1.459571615004341e-14 2.040034807748725e-14
  outer loop
    vertex 2405.1319715339373 222.39621618300438 570.5341513654749
    vertex 2405.131971533937 222.95442325903696 570.1829445329952
    vertex 2405.131971533937 222.81907786235803 570.6880604299715
  endloop
endfacet
facet normal 1.0 1.459571615004341e-14 2.040034807748725e-14
  outer loop
    vertex 2405.1319715339373 222.39621618300438 570.5341513654749
    vertex 2405.131971533937 222.81907786235803 570.6880604299715
    vertex 2405.1319715339373 222.2083647796507 570.9369999999946
  endloop
endfacet
facet normal 1.0 1.459571615004341e-14 2.040034807748725e-14
  outer loop
    vertex 2405.1319715339373 222.2083647796507 570.9369999999946
    vertex 2405.131971533937 222.81907786235803 570.6880604299715
    vertex 2405.131971533937 222.59807621135366 571.1619999999945
  endloop
endfacet
facet normal 1.0 1.459571615004341e-14 2.040034807748725e-14
  outer loop
    vertex 2405.1319715339373 222.2083647796507 570.9369999999946
    vertex 2405.131971533937 222.59807621135366 571.1619999999945
    vertex 2405.1319715339373 221.95341332995378 571.301108404695
  endloop
endfacet
facet normal 1.0 1.459571615004341e-14 2.040034807748725e-14
  outer loop
    vertex 2405.1319715339373 221.95341332995378 571.301108404695
    vertex 2405.131971533937 222.59807621135366 571.1619999999945
    vertex 2405.131971533937 222.2981333293573 571.590362829054
  endloop
endfacet
facet normal 1.0 1.459571615004341e-14 2.040034807748725e-14
  outer loop
    vertex 2405.1319715339373 221.95341332995378 571.301108404695
    vertex 2405.131971533937 222.2981333293573 571.590362829054
    vertex 2405.1319715339373 221.63910840470106 571.6154133299477
  endloop
endfacet
facet normal 1.0 1.459571615004341e-14 2.040034807748725e-14
  outer loop
    vertex 2405.1319715339373 221.63910840470106 571.6154133299477
    vertex 2405.131971533937 222.2981333293573 571.590362829054
    vertex 2405.131971533937 221.92836282906 571.9601333293514
  endloop
endfacet
facet normal 1.0 1.459571615004341e-14 2.040034807748725e-14
  outer loop
    vertex 2405.1319715339373 221.63910840470106 571.6154133299477
    vertex 2405.131971533937 221.92836282906 571.9601333293514
    vertex 2405.1319715339373 221.27500000000035 571.8703647796447
  endloop
endfacet
facet normal 1.0 1.459571615004341e-14 2.040034807748725e-14
  outer loop
    vertex 2405.1319715339373 221.27500000000035 571.8703647796447
    vertex 2405.131971533937 221.92836282906 571.9601333293514
    vertex 2405.131971533937 220.87215136548082 572.0582161829985
  endloop
endfacet
facet normal 1.0 1.459571615004341e-14 2.040034807748725e-14
  outer loop
    vertex 2405.131971533937 220.87215136548082 572.0582161829985
    vertex 2405.131971533937 221.92836282906 571.9601333293514
    vertex 2405.131971533937 221.5000000000004 572.2600762113478
  endloop
endfacet
facet normal 1.0 1.459571615004341e-14 2.040034807748725e-14
  outer loop
    vertex 2405.131971533937 220.87215136548082 572.0582161829985
    vertex 2405.131971533937 221.5000000000004 572.2600762113478
    vertex 2405.131971533937 220.44280285305106 572.1732597701755
  endloop
endfacet
facet normal 1.0 1.459571615004341e-14 2.040034807748725e-14
  outer loop
    vertex 2405.131971533937 220.44280285305106 572.1732597701755
    vertex 2405.131971533937 221.5000000000004 572.2600762113478
    vertex 2405.131971533937 220.00000000000037 572.2119999999944
  endloop
endfacet
facet normal 1.0 1.459571615004341e-14 2.040034807748725e-14
  outer loop
    vertex 2405.1319715339373 218.5000000000004 567.0639237886411
    vertex 2405.1319715339373 219.5571971469497 567.1507402298134
    vertex 2405.1319715339373 218.0716371709408 567.3638666706374
  endloop
endfacet
facet normal 1.0 1.459571615004341e-14 2.040034807748725e-14
  outer loop
    vertex 2405.1319715339373 219.5571971469497 567.1507402298134
    vertex 2405.1319715339373 218.5000000000004 567.0639237886411
    vertex 2405.1319715339373 220.0000000000004 567.1119999999945
  endloop
endfacet
facet normal 1.0 1.459571615004341e-14 2.040034807748725e-14
  outer loop
    vertex 2405.1319715339373 218.0716371709408 567.3638666706374
    vertex 2405.1319715339373 219.5571971469497 567.1507402298134
    vertex 2405.1319715339373 219.12784863451995 567.2657838169904
  endloop
endfacet
facet normal 1.0 1.459571615004341e-14 2.040034807748725e-14
  outer loop
    vertex 2405.1319715339373 218.0716371709408 567.3638666706374
    vertex 2405.1319715339373 219.12784863451995 567.2657838169904
    vertex 2405.1319715339373 218.7250000000004 567.4536352203442
  endloop
endfacet
facet normal 1.0 1.459571615004341e-14 2.040034807748725e-14
  outer loop
    vertex 2405.1319715339373 218.0716371709408 567.3638666706374
    vertex 2405.1319715339373 218.7250000000004 567.4536352203442
    vertex 2405.1319715339373 217.70186667064348 567.7336371709347
  endloop
endfacet
facet normal 1.0 1.459571615004341e-14 2.040034807748725e-14
  outer loop
    vertex 2405.1319715339373 217.70186667064348 567.7336371709347
    vertex 2405.1319715339373 218.7250000000004 567.4536352203442
    vertex 2405.1319715339373 218.3608915952997 567.7085866700411
  endloop
endfacet
facet normal 1.0 1.459571615004341e-14 2.040034807748725e-14
  outer loop
    vertex 2405.1319715339373 217.70186667064348 567.7336371709347
    vertex 2405.1319715339373 218.3608915952997 567.7085866700411
    vertex 2405.1319715339373 218.046586670047 568.0228915952937
  endloop
endfacet
facet normal 1.0 1.459571615004341e-14 2.040034807748725e-14
  outer loop
    vertex 2405.1319715339373 217.70186667064348 567.7336371709347
    vertex 2405.1319715339373 218.046586670047 568.0228915952937
    vertex 2405.1319715339373 217.4019237886471 568.1619999999942
  endloop
endfacet
facet normal 1.0 1.459571615004341e-14 2.040034807748725e-14
  outer loop
    vertex 2405.1319715339373 217.4019237886471 568.1619999999942
    vertex 2405.1319715339373 218.046586670047 568.0228915952937
    vertex 2405.1319715339373 217.79163522034997 568.3869999999941
  endloop
endfacet
facet normal 1.0 1.459571615004341e-14 2.040034807748725e-14
  outer loop
    vertex 2405.1319715339373 217.4019237886471 568.1619999999942
    vertex 2405.1319715339373 217.79163522034997 568.3869999999941
    vertex 2405.1319715339373 217.18092213764265 568.6359395700173
  endloop
endfacet
facet normal 1.0 1.459571615004341e-14 2.040034807748725e-14
  outer loop
    vertex 2405.1319715339373 217.18092213764265 568.6359395700173
    vertex 2405.1319715339373 217.79163522034997 568.3869999999941
    vertex 2405.1319715339373 217.60378381699627 568.7898486345139
  endloop
endfacet
facet normal 1.0 1.459571615004341e-14 2.040034807748725e-14
  outer loop
    vertex 2405.1319715339373 217.18092213764265 568.6359395700173
    vertex 2405.1319715339373 217.60378381699627 568.7898486345139
    vertex 2405.1319715339373 217.0455767409637 569.1410554669935
  endloop
endfacet
facet normal 1.0 1.459571615004341e-14 2.040034807748725e-14
  outer loop
    vertex 2405.1319715339373 217.0455767409637 569.1410554669935
    vertex 2405.1319715339373 217.60378381699627 568.7898486345139
    vertex 2405.1319715339373 217.48874022981917 569.2191971469435
  endloop
endfacet
facet normal 1.0 1.459571615004341e-14 2.040034807748725e-14
  outer loop
    vertex 2405.1319715339373 217.0455767409637 569.1410554669935
    vertex 2405.1319715339373 217.48874022981917 569.2191971469435
    vertex 2405.1319715339373 217.0000000000003 569.6619999999942
  endloop
endfacet
facet normal 1.0 1.459571615004341e-14 2.040034807748725e-14
  outer loop
    vertex 2405.1319715339373 217.0000000000003 569.6619999999942
    vertex 2405.1319715339373 217.48874022981917 569.2191971469435
    vertex 2405.1319715339373 217.4500000000003 569.6619999999942
  endloop
endfacet
facet normal 1.0 1.459571615004341e-14 2.040034807748725e-14
  outer loop
    vertex 2405.1319715339373 217.0000000000003 569.6619999999942
    vertex 2405.1319715339373 217.4500000000003 569.6619999999942
    vertex 2405.1319715339373 217.48874022981917 570.104802853045
  endloop
endfacet
facet normal 1.0 1.459571615004341e-14 2.040034807748725e-14
  outer loop
    vertex 2405.1319715339373 217.0000000000003 569.6619999999942
    vertex 2405.1319715339373 217.48874022981917 570.104802853045
    vertex 2405.1319715339373 217.0455767409637 570.1829445329951
  endloop
endfacet
facet normal 1.0 1.459571615004341e-14 2.040034807748725e-14
  outer loop
    vertex 2405.1319715339373 217.0455767409637 570.1829445329951
    vertex 2405.1319715339373 217.48874022981917 570.104802853045
    vertex 2405.1319715339373 217.60378381699627 570.5341513654747
  endloop
endfacet
facet normal 1.0 1.459571615004341e-14 2.040034807748725e-14
  outer loop
    vertex 2405.1319715339373 217.0455767409637 570.1829445329951
    vertex 2405.1319715339373 217.60378381699627 570.5341513654747
    vertex 2405.1319715339373 217.1809221376426 570.6880604299713
  endloop
endfacet
facet normal 1.0 1.459571615004341e-14 2.040034807748725e-14
  outer loop
    vertex 2405.1319715339373 217.1809221376426 570.6880604299713
    vertex 2405.1319715339373 217.60378381699627 570.5341513654747
    vertex 2405.1319715339373 217.79163522035003 570.9369999999943
  endloop
endfacet
facet normal 1.0 1.459571615004341e-14 2.040034807748725e-14
  outer loop
    vertex 2405.1319715339373 217.1809221376426 570.6880604299713
    vertex 2405.1319715339373 217.79163522035003 570.9369999999943
    vertex 2405.1319715339373 217.40192378864705 571.1619999999942
  endloop
endfacet
facet normal 1.0 1.459571615004341e-14 2.040034807748725e-14
  outer loop
    vertex 2405.1319715339373 217.40192378864705 571.1619999999942
    vertex 2405.1319715339373 217.79163522035003 570.9369999999943
    vertex 2405.1319715339373 218.04658667004696 571.3011084046949
  endloop
endfacet
facet normal 1.0 1.459571615004341e-14 2.040034807748725e-14
  outer loop
    vertex 2405.1319715339373 217.40192378864705 571.1619999999942
    vertex 2405.1319715339373 218.04658667004696 571.3011084046949
    vertex 2405.1319715339373 217.70186667064343 571.5903628290539
  endloop
endfacet
facet normal 1.0 1.459571615004341e-14 2.040034807748725e-14
  outer loop
    vertex 2405.1319715339373 217.70186667064343 571.5903628290539
    vertex 2405.1319715339373 218.04658667004696 571.3011084046949
    vertex 2405.1319715339373 218.36089159529965 571.6154133299477
  endloop
endfacet
facet normal 1.0 1.459571615004341e-14 2.040034807748725e-14
  outer loop
    vertex 2405.1319715339373 217.70186667064343 571.5903628290539
    vertex 2405.1319715339373 218.36089159529965 571.6154133299477
    vertex 2405.1319715339373 218.07163717094073 571.9601333293512
  endloop
endfacet
facet normal 1.0 1.459571615004341e-14 2.040034807748725e-14
  outer loop
    vertex 2405.1319715339373 218.07163717094073 571.9601333293512
    vertex 2405.1319715339373 218.36089159529965 571.6154133299477
    vertex 2405.1319715339373 218.72500000000034 571.8703647796447
  endloop
endfacet
facet normal 1.0 1.459571615004341e-14 2.040034807748725e-14
  outer loop
    vertex 2405.1319715339373 218.07163717094073 571.9601333293512
    vertex 2405.1319715339373 218.72500000000034 571.8703647796447
    vertex 2405.1319715339373 219.12784863451992 572.0582161829985
  endloop
endfacet
facet normal 1.0 1.459571615004341e-14 2.040034807748725e-14
  outer loop
    vertex 2405.1319715339373 218.07163717094073 571.9601333293512
    vertex 2405.1319715339373 219.12784863451992 572.0582161829985
    vertex 2405.1319715339373 218.5000000000004 572.2600762113478
  endloop
endfacet
facet normal 1.0 1.459571615004341e-14 2.040034807748725e-14
  outer loop
    vertex 2405.1319715339373 218.5000000000004 572.2600762113478
    vertex 2405.1319715339373 219.12784863451992 572.0582161829985
    vertex 2405.1319715339373 219.55719714694968 572.1732597701755
  endloop
endfacet
facet normal 1.0 1.459571615004341e-14 2.040034807748725e-14
  outer loop
    vertex 2405.1319715339373 218.5000000000004 572.2600762113478
    vertex 2405.1319715339373 219.55719714694968 572.1732597701755
    vertex 2405.131971533937 220.00000000000037 572.2119999999944
  endloop
endfacet
facet normal 1.0 1.459571615004341e-14 2.040034807748725e-14
  outer loop
    vertex 2405.1319715339373 218.5000000000004 572.2600762113478
    vertex 2405.131971533937 220.00000000000037 572.2119999999944
    vertex 2405.131971533937 221.5000000000004 572.2600762113478
  endloop
endfacet
facet normal 1.0 1.459571615004341e-14 2.040034807748725e-14
  outer loop
    vertex 2405.1319715339373 218.5000000000004 572.2600762113478
    vertex 2405.131971533937 221.5000000000004 572.2600762113478
    vertex 2405.131971533937 221.02606042997735 572.4810778623521
  endloop
endfacet
facet normal 1.0 1.459571615004341e-14 2.040034807748725e-14
  outer loop
    vertex 2405.1319715339373 218.5000000000004 572.2600762113478
    vertex 2405.131971533937 221.02606042997735 572.4810778623521
    vertex 2405.1319715339373 218.97393957002336 572.4810778623521
  endloop
endfacet
facet normal 1.0 1.459571615004341e-14 2.040034807748725e-14
  outer loop
    vertex 2405.1319715339373 218.97393957002336 572.4810778623521
    vertex 2405.131971533937 221.02606042997735 572.4810778623521
    vertex 2405.131971533937 220.52094453300114 572.6164232590311
  endloop
endfacet
facet normal 1.0 1.459571615004341e-14 2.040034807748725e-14
  outer loop
    vertex 2405.1319715339373 218.97393957002336 572.4810778623521
    vertex 2405.131971533937 220.52094453300114 572.6164232590311
    vertex 2405.131971533937 219.4790554669996 572.6164232590311
  endloop
endfacet
facet normal 1.0 1.459571615004341e-14 2.040034807748725e-14
  outer loop
    vertex 2405.131971533937 219.4790554669996 572.6164232590311
    vertex 2405.131971533937 220.52094453300114 572.6164232590311
    vertex 2405.131971533937 220.00000000000037 572.6619999999945
  endloop
endfacet
facet normal 1.2762167554505361e-14 -0.9961946980917474 0.08715574274763799
  outer loop
    vertex 2404.631971533937 217.0455767409637 570.1829445329952
    vertex 2405.1319715339373 217.0000000000003 569.6619999999942
    vertex 2405.1319715339373 217.0455767409637 570.1829445329951
  endloop
endfacet
facet normal 1.2762167554505361e-14 -0.9961946980917474 0.08715574274763799
  outer loop
    vertex 2405.1319715339373 217.0000000000003 569.6619999999942
    vertex 2404.631971533937 217.0455767409637 570.1829445329952
    vertex 2404.631971533937 217.0000000000003 569.6619999999944
  endloop
endfacet
facet normal 1.6318182532513097e-14 -0.9961946980917463 -0.0871557427476502
  outer loop
    vertex 2404.631971533937 217.0000000000003 569.6619999999944
    vertex 2405.1319715339373 217.0455767409637 569.1410554669935
    vertex 2405.1319715339373 217.0000000000003 569.6619999999942
  endloop
endfacet
facet normal 1.6318182532513097e-14 -0.9961946980917463 -0.0871557427476502
  outer loop
    vertex 2405.1319715339373 217.0455767409637 569.1410554669935
    vertex 2404.631971533937 217.0000000000003 569.6619999999944
    vertex 2404.6319715339378 217.0455767409637 569.1410554669936
  endloop
endfacet
facet normal 1.9378377791685873e-14 -0.9659258262890652 -0.2588190451025324
  outer loop
    vertex 2404.6319715339378 217.0455767409637 569.1410554669936
    vertex 2405.1319715339373 217.18092213764265 568.6359395700173
    vertex 2405.1319715339373 217.0455767409637 569.1410554669935
  endloop
endfacet
facet normal 1.9378377791685873e-14 -0.9659258262890652 -0.2588190451025324
  outer loop
    vertex 2405.1319715339373 217.18092213764265 568.6359395700173
    vertex 2404.6319715339378 217.0455767409637 569.1410554669936
    vertex 2404.6319715339378 217.1809221376426 568.6359395700173
  endloop
endfacet
facet normal 2.1849770847574084e-14 -0.9063077870366409 -0.42261826174071887
  outer loop
    vertex 2404.6319715339378 217.1809221376426 568.6359395700173
    vertex 2405.1319715339373 217.4019237886471 568.1619999999942
    vertex 2405.1319715339373 217.18092213764265 568.6359395700173
  endloop
endfacet
facet normal 2.1849770847574084e-14 -0.9063077870366409 -0.42261826174071887
  outer loop
    vertex 2405.1319715339373 217.4019237886471 568.1619999999942
    vertex 2404.6319715339378 217.1809221376426 568.6359395700173
    vertex 2404.6319715339378 217.40192378864705 568.1619999999944
  endloop
endfacet
facet normal 2.365726967277626e-14 -0.8191520442889723 -0.5735764363510742
  outer loop
    vertex 2404.6319715339378 217.40192378864705 568.1619999999944
    vertex 2405.1319715339373 217.70186667064348 567.7336371709347
    vertex 2405.1319715339373 217.4019237886471 568.1619999999942
  endloop
endfacet
facet normal 2.365726967277626e-14 -0.8191520442889723 -0.5735764363510742
  outer loop
    vertex 2405.1319715339373 217.70186667064348 567.7336371709347
    vertex 2404.6319715339378 217.40192378864705 568.1619999999944
    vertex 2404.6319715339378 217.70186667064343 567.7336371709348
  endloop
endfacet
facet normal 2.4745954330126924e-14 -0.7071067811865432 -0.7071067811865519
  outer loop
    vertex 2404.6319715339378 218.07163717094073 567.3638666706374
    vertex 2405.1319715339373 217.70186667064348 567.7336371709347
    vertex 2404.6319715339378 217.70186667064343 567.7336371709348
  endloop
endfacet
facet normal 2.4745954330126924e-14 -0.7071067811865432 -0.7071067811865519
  outer loop
    vertex 2405.1319715339373 217.70186667064348 567.7336371709347
    vertex 2404.6319715339378 218.07163717094073 567.3638666706374
    vertex 2405.1319715339373 218.0716371709408 567.3638666706374
  endloop
endfacet
facet normal 2.5082745687214023e-14 -0.5735764363511394 -0.8191520442889264
  outer loop
    vertex 2404.6319715339378 218.5000000000004 567.063923788641
    vertex 2405.1319715339373 218.0716371709408 567.3638666706374
    vertex 2404.6319715339378 218.07163717094073 567.3638666706374
  endloop
endfacet
facet normal 2.5082745687214023e-14 -0.5735764363511394 -0.8191520442889264
  outer loop
    vertex 2405.1319715339373 218.0716371709408 567.3638666706374
    vertex 2404.6319715339378 218.5000000000004 567.063923788641
    vertex 2405.1319715339373 218.5000000000004 567.0639237886411
  endloop
endfacet
facet normal 2.4657410509076013e-14 -0.4226182617405331 -0.9063077870367278
  outer loop
    vertex 2404.6319715339378 218.97393957002342 566.8429221376366
    vertex 2405.1319715339373 218.5000000000004 567.0639237886411
    vertex 2404.6319715339378 218.5000000000004 567.063923788641
  endloop
endfacet
facet normal 2.4657410509076013e-14 -0.4226182617405331 -0.9063077870367278
  outer loop
    vertex 2405.1319715339373 218.5000000000004 567.0639237886411
    vertex 2404.6319715339378 218.97393957002342 566.8429221376366
    vertex 2405.1319715339373 218.97393957002342 566.8429221376368
  endloop
endfacet
facet normal 2.348287238987409e-14 -0.2588190451026226 -0.965925826289041
  outer loop
    vertex 2404.6319715339378 219.47905546699963 566.7075767409576
    vertex 2405.1319715339373 218.97393957002342 566.8429221376368
    vertex 2404.6319715339378 218.97393957002342 566.8429221376366
  endloop
endfacet
facet normal 2.348287238987409e-14 -0.2588190451026226 -0.965925826289041
  outer loop
    vertex 2405.1319715339373 218.97393957002342 566.8429221376368
    vertex 2404.6319715339378 219.47905546699963 566.7075767409576
    vertex 2405.1319715339373 219.47905546699963 566.7075767409578
  endloop
endfacet
facet normal 2.1594819076010796e-14 -0.0871557427477236 -0.9961946980917398
  outer loop
    vertex 2404.6319715339378 220.0000000000004 566.6619999999945
    vertex 2405.1319715339373 219.47905546699963 566.7075767409578
    vertex 2404.6319715339378 219.47905546699963 566.7075767409576
  endloop
endfacet
facet normal 2.1594819076010796e-14 -0.0871557427477236 -0.9961946980917398
  outer loop
    vertex 2405.1319715339373 219.47905546699963 566.7075767409578
    vertex 2404.6319715339378 220.0000000000004 566.6619999999945
    vertex 2405.1319715339373 220.0000000000004 566.6619999999945
  endloop
endfacet
facet normal 1.9050618112026643e-14 0.08715574274773583 -0.9961946980917389
  outer loop
    vertex 2404.6319715339378 220.52094453300117 566.7075767409578
    vertex 2405.1319715339373 220.0000000000004 566.6619999999945
    vertex 2404.6319715339378 220.0000000000004 566.6619999999945
  endloop
endfacet
facet normal 1.9050618112026643e-14 0.08715574274773583 -0.9961946980917389
  outer loop
    vertex 2405.1319715339373 220.0000000000004 566.6619999999945
    vertex 2404.6319715339378 220.52094453300117 566.7075767409578
    vertex 2405.1319715339373 220.52094453300117 566.7075767409578
  endloop
endfacet
facet normal 1.5927573756787524e-14 0.2588190451026345 -0.9659258262890379
  outer loop
    vertex 2404.631971533937 221.0260604299774 566.8429221376368
    vertex 2405.1319715339373 220.52094453300117 566.7075767409578
    vertex 2404.6319715339378 220.52094453300117 566.7075767409578
  endloop
endfacet
facet normal 1.5927573756787524e-14 0.2588190451026345 -0.9659258262890379
  outer loop
    vertex 2405.1319715339373 220.52094453300117 566.7075767409578
    vertex 2404.631971533937 221.0260604299774 566.8429221376368
    vertex 2405.1319715339373 221.0260604299774 566.8429221376368
  endloop
endfacet
facet normal 1.2320578132696593e-14 0.42261826174054407 -0.9063077870367224
  outer loop
    vertex 2404.631971533937 221.50000000000043 567.0639237886411
    vertex 2405.1319715339373 221.0260604299774 566.8429221376368
    vertex 2404.631971533937 221.0260604299774 566.8429221376368
  endloop
endfacet
facet normal 1.2320578132696593e-14 0.42261826174054407 -0.9063077870367224
  outer loop
    vertex 2405.1319715339373 221.0260604299774 566.8429221376368
    vertex 2404.631971533937 221.50000000000043 567.0639237886411
    vertex 2405.1319715339373 221.50000000000043 567.0639237886411
  endloop
endfacet
facet normal 8.339227976544392e-15 0.5735764363511495 -0.8191520442889195
  outer loop
    vertex 2404.631971533937 221.92836282906 567.3638666706375
    vertex 2405.1319715339373 221.50000000000043 567.0639237886411
    vertex 2404.631971533937 221.50000000000043 567.0639237886411
  endloop
endfacet
facet normal 8.339227976544392e-15 0.5735764363511495 -0.8191520442889195
  outer loop
    vertex 2405.1319715339373 221.50000000000043 567.0639237886411
    vertex 2404.631971533937 221.92836282906 567.3638666706375
    vertex 2405.1319715339373 221.92836282906003 567.3638666706375
  endloop
endfacet
facet normal 4.104494598187328e-15 0.7071067811865519 -0.7071067811865432
  outer loop
    vertex 2404.631971533937 222.2981333293573 567.7336371709349
    vertex 2405.1319715339373 221.92836282906003 567.3638666706375
    vertex 2404.631971533937 221.92836282906 567.3638666706375
  endloop
endfacet
facet normal 4.104494598187328e-15 0.7071067811865519 -0.7071067811865432
  outer loop
    vertex 2405.1319715339373 221.92836282906003 567.3638666706375
    vertex 2404.631971533937 222.2981333293573 567.7336371709349
    vertex 2405.1319715339373 222.29813332935734 567.7336371709349
  endloop
endfacet
facet normal -2.5495177156331125e-16 0.8191520442889791 -0.5735764363510641
  outer loop
    vertex 2404.631971533937 222.2981333293573 567.7336371709349
    vertex 2405.1319715339373 222.5980762113537 568.1619999999945
    vertex 2405.1319715339373 222.29813332935734 567.7336371709349
  endloop
endfacet
facet normal -2.5495177156331125e-16 0.8191520442889791 -0.5735764363510641
  outer loop
    vertex 2405.1319715339373 222.5980762113537 568.1619999999945
    vertex 2404.631971533937 222.2981333293573 567.7336371709349
    vertex 2404.631971533937 222.59807621135366 568.1619999999945
  endloop
endfacet
facet normal -4.606651560747832e-15 0.9063077870366463 -0.4226182617407079
  outer loop
    vertex 2404.631971533937 222.59807621135366 568.1619999999945
    vertex 2405.1319715339373 222.81907786235809 568.6359395700174
    vertex 2405.1319715339373 222.5980762113537 568.1619999999945
  endloop
endfacet
facet normal -4.606651560747832e-15 0.9063077870366463 -0.4226182617407079
  outer loop
    vertex 2405.1319715339373 222.81907786235809 568.6359395700174
    vertex 2404.631971533937 222.59807621135366 568.1619999999945
    vertex 2404.631971533937 222.81907786235803 568.6359395700174
  endloop
endfacet
facet normal -8.81838057333709e-15 0.9659258262890683 -0.2588190451025205
  outer loop
    vertex 2404.631971533937 222.81907786235803 568.6359395700174
    vertex 2405.1319715339373 222.95442325903696 569.1410554669936
    vertex 2405.1319715339373 222.81907786235809 568.6359395700174
  endloop
endfacet
facet normal -8.81838057333709e-15 0.9659258262890683 -0.2588190451025205
  outer loop
    vertex 2405.1319715339373 222.95442325903696 569.1410554669936
    vertex 2404.631971533937 222.81907786235803 568.6359395700174
    vertex 2404.631971533937 222.95442325903696 569.1410554669936
  endloop
endfacet
facet normal -1.2762167554521587e-14 0.9961946980917473 -0.08715574274763799
  outer loop
    vertex 2404.631971533937 222.95442325903696 569.1410554669936
    vertex 2405.1319715339373 223.0000000000003 569.6619999999945
    vertex 2405.1319715339373 222.95442325903696 569.1410554669936
  endloop
endfacet
facet normal -1.2762167554521587e-14 0.9961946980917473 -0.08715574274763799
  outer loop
    vertex 2405.1319715339373 223.0000000000003 569.6619999999945
    vertex 2404.631971533937 222.95442325903696 569.1410554669936
    vertex 2404.631971533937 223.0000000000003 569.6619999999945
  endloop
endfacet
facet normal -1.6318182532529322e-14 0.9961946980917462 0.0871557427476502
  outer loop
    vertex 2404.631971533937 223.0000000000003 569.6619999999945
    vertex 2405.131971533937 222.95442325903696 570.1829445329952
    vertex 2405.1319715339373 223.0000000000003 569.6619999999945
  endloop
endfacet
facet normal -1.6318182532529322e-14 0.9961946980917462 0.0871557427476502
  outer loop
    vertex 2405.131971533937 222.95442325903696 570.1829445329952
    vertex 2404.631971533937 223.0000000000003 569.6619999999945
    vertex 2404.631971533937 222.95442325903696 570.1829445329952
  endloop
endfacet
facet normal -1.9378377791685873e-14 0.9659258262890652 0.2588190451025324
  outer loop
    vertex 2404.631971533937 222.95442325903696 570.1829445329952
    vertex 2405.131971533937 222.81907786235803 570.6880604299715
    vertex 2405.131971533937 222.95442325903696 570.1829445329952
  endloop
endfacet
facet normal -1.9378377791685873e-14 0.9659258262890652 0.2588190451025324
  outer loop
    vertex 2405.131971533937 222.81907786235803 570.6880604299715
    vertex 2404.631971533937 222.95442325903696 570.1829445329952
    vertex 2404.631971533937 222.81907786235803 570.6880604299715
  endloop
endfacet
facet normal -2.1849770847574084e-14 0.9063077870366409 0.42261826174071887
  outer loop
    vertex 2404.631971533937 222.81907786235803 570.6880604299715
    vertex 2405.131971533937 222.59807621135366 571.1619999999945
    vertex 2405.131971533937 222.81907786235803 570.6880604299715
  endloop
endfacet
facet normal -2.1849770847574084e-14 0.9063077870366409 0.42261826174071887
  outer loop
    vertex 2405.131971533937 222.59807621135366 571.1619999999945
    vertex 2404.631971533937 222.81907786235803 570.6880604299715
    vertex 2404.631971533937 222.59807621135366 571.1619999999945
  endloop
endfacet
facet normal -2.365726967277626e-14 0.8191520442889723 0.5735764363510742
  outer loop
    vertex 2404.631971533937 222.59807621135366 571.1619999999945
    vertex 2405.131971533937 222.2981333293573 571.590362829054
    vertex 2405.131971533937 222.59807621135366 571.1619999999945
  endloop
endfacet
facet normal -2.365726967277626e-14 0.8191520442889723 0.5735764363510742
  outer loop
    vertex 2405.131971533937 222.2981333293573 571.590362829054
    vertex 2404.631971533937 222.59807621135366 571.1619999999945
    vertex 2404.631971533937 222.2981333293573 571.590362829054
  endloop
endfacet
facet normal -2.4745954330126924e-14 0.7071067811865432 0.7071067811865519
  outer loop
    vertex 2405.131971533937 222.2981333293573 571.590362829054
    vertex 2404.631971533937 221.92836282906 571.9601333293514
    vertex 2405.131971533937 221.92836282906 571.9601333293514
  endloop
endfacet
facet normal -2.4745954330126924e-14 0.7071067811865432 0.7071067811865519
  outer loop
    vertex 2404.631971533937 221.92836282906 571.9601333293514
    vertex 2405.131971533937 222.2981333293573 571.590362829054
    vertex 2404.631971533937 222.2981333293573 571.590362829054
  endloop
endfacet
facet normal -2.5082745687214023e-14 0.5735764363511394 0.8191520442889264
  outer loop
    vertex 2405.131971533937 221.92836282906 571.9601333293514
    vertex 2404.631971533937 221.5000000000004 572.2600762113478
    vertex 2405.131971533937 221.5000000000004 572.2600762113478
  endloop
endfacet
facet normal -2.5082745687214023e-14 0.5735764363511394 0.8191520442889264
  outer loop
    vertex 2404.631971533937 221.5000000000004 572.2600762113478
    vertex 2405.131971533937 221.92836282906 571.9601333293514
    vertex 2404.631971533937 221.92836282906 571.9601333293514
  endloop
endfacet
facet normal -2.4657410509076013e-14 0.4226182617405331 0.9063077870367278
  outer loop
    vertex 2405.131971533937 221.5000000000004 572.2600762113478
    vertex 2404.631971533937 221.02606042997735 572.4810778623521
    vertex 2405.131971533937 221.02606042997735 572.4810778623521
  endloop
endfacet
facet normal -2.4657410509076013e-14 0.4226182617405331 0.9063077870367278
  outer loop
    vertex 2404.631971533937 221.02606042997735 572.4810778623521
    vertex 2405.131971533937 221.5000000000004 572.2600762113478
    vertex 2404.631971533937 221.5000000000004 572.2600762113478
  endloop
endfacet
facet normal -2.348287238987409e-14 0.2588190451026226 0.965925826289041
  outer loop
    vertex 2405.131971533937 221.02606042997735 572.4810778623521
    vertex 2404.631971533937 220.52094453300114 572.6164232590311
    vertex 2405.131971533937 220.52094453300114 572.6164232590311
  endloop
endfacet
facet normal -2.348287238987409e-14 0.2588190451026226 0.965925826289041
  outer loop
    vertex 2404.631971533937 220.52094453300114 572.6164232590311
    vertex 2405.131971533937 221.02606042997735 572.4810778623521
    vertex 2404.631971533937 221.02606042997735 572.4810778623521
  endloop
endfacet
facet normal -2.1594819076010796e-14 0.0871557427477236 0.9961946980917398
  outer loop
    vertex 2405.131971533937 220.52094453300114 572.6164232590311
    vertex 2404.631971533937 220.00000000000037 572.6619999999945
    vertex 2405.131971533937 220.00000000000037 572.6619999999945
  endloop
endfacet
facet normal -2.1594819076010796e-14 0.0871557427477236 0.9961946980917398
  outer loop
    vertex 2404.631971533937 220.00000000000037 572.6619999999945
    vertex 2405.131971533937 220.52094453300114 572.6164232590311
    vertex 2404.631971533937 220.52094453300114 572.6164232590311
  endloop
endfacet
facet normal -1.9050618112026643e-14 -0.08715574274773583 0.9961946980917389
  outer loop
    vertex 2405.131971533937 220.00000000000037 572.6619999999945
    vertex 2404.631971533937 219.4790554669996 572.6164232590309
    vertex 2405.131971533937 219.4790554669996 572.6164232590311
  endloop
endfacet
facet normal -1.9050618112026643e-14 -0.08715574274773583 0.9961946980917389
  outer loop
    vertex 2404.631971533937 219.4790554669996 572.6164232590309
    vertex 2405.131971533937 220.00000000000037 572.6619999999945
    vertex 2404.631971533937 220.00000000000037 572.6619999999945
  endloop
endfacet
facet normal -1.5927573756787524e-14 -0.2588190451026345 0.9659258262890379
  outer loop
    vertex 2405.131971533937 219.4790554669996 572.6164232590311
    vertex 2404.631971533937 218.97393957002336 572.481077862352
    vertex 2405.1319715339373 218.97393957002336 572.4810778623521
  endloop
endfacet
facet normal -1.5927573756787524e-14 -0.2588190451026345 0.9659258262890379
  outer loop
    vertex 2404.631971533937 218.97393957002336 572.481077862352
    vertex 2405.131971533937 219.4790554669996 572.6164232590311
    vertex 2404.631971533937 219.4790554669996 572.6164232590309
  endloop
endfacet
facet normal -1.2320578132695798e-14 -0.42261826174057715 0.9063077870367071
  outer loop
    vertex 2405.1319715339373 218.97393957002336 572.4810778623521
    vertex 2404.631971533937 218.5000000000004 572.2600762113476
    vertex 2405.1319715339373 218.5000000000004 572.2600762113478
  endloop
endfacet
facet normal -1.2320578132695798e-14 -0.42261826174057715 0.9063077870367071
  outer loop
    vertex 2404.631971533937 218.5000000000004 572.2600762113476
    vertex 2405.1319715339373 218.97393957002336 572.4810778623521
    vertex 2404.631971533937 218.97393957002336 572.481077862352
  endloop
endfacet
facet normal -8.339227976545562e-15 -0.573576436351109 0.819152044288948
  outer loop
    vertex 2405.1319715339373 218.5000000000004 572.2600762113478
    vertex 2404.631971533937 218.07163717094073 571.9601333293513
    vertex 2405.1319715339373 218.07163717094073 571.9601333293512
  endloop
endfacet
facet normal -8.339227976545562e-15 -0.573576436351109 0.819152044288948
  outer loop
    vertex 2404.631971533937 218.07163717094073 571.9601333293513
    vertex 2405.1319715339373 218.5000000000004 572.2600762113478
    vertex 2404.631971533937 218.5000000000004 572.2600762113476
  endloop
endfacet
facet normal -4.104494598187328e-15 -0.7071067811865519 0.7071067811865432
  outer loop
    vertex 2405.1319715339373 218.07163717094073 571.9601333293512
    vertex 2404.631971533937 217.70186667064343 571.5903628290539
    vertex 2405.1319715339373 217.70186667064343 571.5903628290539
  endloop
endfacet
facet normal -4.104494598187328e-15 -0.7071067811865519 0.7071067811865432
  outer loop
    vertex 2404.631971533937 217.70186667064343 571.5903628290539
    vertex 2405.1319715339373 218.07163717094073 571.9601333293512
    vertex 2404.631971533937 218.07163717094073 571.9601333293513
  endloop
endfacet
facet normal 2.5495177156331125e-16 -0.8191520442889791 0.5735764363510641
  outer loop
    vertex 2404.631971533937 217.70186667064343 571.5903628290539
    vertex 2405.1319715339373 217.40192378864705 571.1619999999942
    vertex 2405.1319715339373 217.70186667064343 571.5903628290539
  endloop
endfacet
facet normal 2.5495177156331125e-16 -0.8191520442889791 0.5735764363510641
  outer loop
    vertex 2405.1319715339373 217.40192378864705 571.1619999999942
    vertex 2404.631971533937 217.70186667064343 571.5903628290539
    vertex 2404.631971533937 217.40192378864705 571.1619999999944
  endloop
endfacet
facet normal 4.606651560747832e-15 -0.9063077870366463 0.4226182617407079
  outer loop
    vertex 2404.631971533937 217.40192378864705 571.1619999999944
    vertex 2405.1319715339373 217.1809221376426 570.6880604299713
    vertex 2405.1319715339373 217.40192378864705 571.1619999999942
  endloop
endfacet
facet normal 4.606651560747832e-15 -0.9063077870366463 0.4226182617407079
  outer loop
    vertex 2405.1319715339373 217.1809221376426 570.6880604299713
    vertex 2404.631971533937 217.40192378864705 571.1619999999944
    vertex 2404.631971533937 217.1809221376426 570.6880604299714
  endloop
endfacet
facet normal 8.81838057333709e-15 -0.9659258262890683 0.2588190451025205
  outer loop
    vertex 2404.631971533937 217.1809221376426 570.6880604299714
    vertex 2405.1319715339373 217.0455767409637 570.1829445329951
    vertex 2405.1319715339373 217.1809221376426 570.6880604299713
  endloop
endfacet
facet normal 8.81838057333709e-15 -0.9659258262890683 0.2588190451025205
  outer loop
    vertex 2405.1319715339373 217.0455767409637 570.1829445329951
    vertex 2404.631971533937 217.1809221376426 570.6880604299714
    vertex 2404.631971533937 217.0455767409637 570.1829445329952
  endloop
endfacet
facet normal 1.0 1.459571615004341e-14 2.040034807748725e-14
  outer loop
    vertex 2415.4819715339368 208.0209445330019 566.7075767409581
    vertex 2415.4819715339368 206.97905546700036 566.7075767409581
    vertex 2415.4819715339368 207.50000000000114 566.6619999999947
  endloop
endfacet
facet normal 1.0 1.459571615004341e-14 2.040034807748725e-14
  outer loop
    vertex 2415.4819715339368 206.97905546700036 566.7075767409581
    vertex 2415.4819715339368 208.0209445330019 566.7075767409581
    vertex 2415.4819715339368 208.52606042997812 566.8429221376371
  endloop
endfacet
facet normal 1.0 1.459571615004341e-14 2.040034807748725e-14
  outer loop
    vertex 2415.4819715339368 206.97905546700036 566.7075767409581
    vertex 2415.4819715339368 208.52606042997812 566.8429221376371
    vertex 2415.4819715339368 206.47393957002413 566.8429221376371
  endloop
endfacet
facet normal 1.0 1.459571615004341e-14 2.040034807748725e-14
  outer loop
    vertex 2415.4819715339368 206.47393957002413 566.8429221376371
    vertex 2415.4819715339368 208.52606042997812 566.8429221376371
    vertex 2415.4819715339368 209.00000000000117 567.0639237886414
  endloop
endfacet
facet normal 1.0 1.459571615004341e-14 2.040034807748725e-14
  outer loop
    vertex 2415.4819715339368 206.47393957002413 566.8429221376371
    vertex 2415.4819715339368 209.00000000000117 567.0639237886414
    vertex 2415.4819715339368 206.0000000000011 567.0639237886414
  endloop
endfacet
facet normal 1.0 1.459571615004341e-14 2.040034807748725e-14
  outer loop
    vertex 2415.4819715339368 206.0000000000011 567.0639237886414
    vertex 2415.4819715339368 209.00000000000117 567.0639237886414
    vertex 2415.4819715339368 207.50000000000114 567.1119999999947
  endloop
endfacet
facet normal 1.0 1.459571615004341e-14 2.040034807748725e-14
  outer loop
    vertex 2415.4819715339368 207.50000000000114 567.1119999999947
    vertex 2415.4819715339368 209.00000000000117 567.0639237886414
    vertex 2415.4819715339368 207.94280285305183 567.1507402298137
  endloop
endfacet
facet normal 1.0 1.459571615004341e-14 2.040034807748725e-14
  outer loop
    vertex 2415.4819715339368 207.94280285305183 567.1507402298137
    vertex 2415.4819715339368 209.00000000000117 567.0639237886414
    vertex 2415.4819715339368 209.42836282906077 567.3638666706378
  endloop
endfacet
facet normal 1.0 1.459571615004341e-14 2.040034807748725e-14
  outer loop
    vertex 2415.4819715339368 207.94280285305183 567.1507402298137
    vertex 2415.4819715339368 209.42836282906077 567.3638666706378
    vertex 2415.4819715339368 208.37215136548159 567.2657838169906
  endloop
endfacet
facet normal 1.0 1.459571615004341e-14 2.040034807748725e-14
  outer loop
    vertex 2415.4819715339368 208.37215136548159 567.2657838169906
    vertex 2415.4819715339368 209.42836282906077 567.3638666706378
    vertex 2415.4819715339368 208.77500000000117 567.4536352203445
  endloop
endfacet
facet normal 1.0 1.459571615004341e-14 2.040034807748725e-14
  outer loop
    vertex 2415.4819715339368 208.77500000000117 567.4536352203445
    vertex 2415.4819715339368 209.42836282906077 567.3638666706378
    vertex 2415.4819715339368 209.79813332935808 567.7336371709351
  endloop
endfacet
facet normal 1.0 1.459571615004341e-14 2.040034807748725e-14
  outer loop
    vertex 2415.4819715339368 208.77500000000117 567.4536352203445
    vertex 2415.4819715339368 209.79813332935808 567.7336371709351
    vertex 2415.4819715339368 209.13910840470183 567.7085866700414
  endloop
endfacet
facet normal 1.0 1.459571615004341e-14 2.040034807748725e-14
  outer loop
    vertex 2415.4819715339368 209.13910840470183 567.7085866700414
    vertex 2415.4819715339368 209.79813332935808 567.7336371709351
    vertex 2415.4819715339368 209.45341332995454 568.0228915952941
  endloop
endfacet
facet normal 1.0 1.459571615004341e-14 2.040034807748725e-14
  outer loop
    vertex 2415.4819715339368 209.45341332995454 568.0228915952941
    vertex 2415.4819715339368 209.79813332935808 567.7336371709351
    vertex 2415.4819715339368 210.09807621135442 568.1619999999947
  endloop
endfacet
facet normal 1.0 1.459571615004341e-14 2.040034807748725e-14
  outer loop
    vertex 2415.4819715339368 209.45341332995454 568.0228915952941
    vertex 2415.4819715339368 210.09807621135442 568.1619999999947
    vertex 2415.4819715339368 209.70836477965148 568.3869999999946
  endloop
endfacet
facet normal 1.0 1.459571615004341e-14 2.040034807748725e-14
  outer loop
    vertex 2415.4819715339368 209.70836477965148 568.3869999999946
    vertex 2415.4819715339368 210.09807621135442 568.1619999999947
    vertex 2415.481971533937 210.31907786235885 568.6359395700176
  endloop
endfacet
facet normal 1.0 1.459571615004341e-14 2.040034807748725e-14
  outer loop
    vertex 2415.4819715339368 209.70836477965148 568.3869999999946
    vertex 2415.481971533937 210.31907786235885 568.6359395700176
    vertex 2415.4819715339368 209.89621618300518 568.7898486345143
  endloop
endfacet
facet normal 1.0 1.459571615004341e-14 2.040034807748725e-14
  outer loop
    vertex 2415.4819715339368 209.89621618300518 568.7898486345143
    vertex 2415.481971533937 210.31907786235885 568.6359395700176
    vertex 2415.481971533937 210.45442325903775 569.141055466994
  endloop
endfacet
facet normal 1.0 1.459571615004341e-14 2.040034807748725e-14
  outer loop
    vertex 2415.4819715339368 209.89621618300518 568.7898486345143
    vertex 2415.481971533937 210.45442325903775 569.141055466994
    vertex 2415.4819715339368 210.01125977018228 569.219197146944
  endloop
endfacet
facet normal 1.0 1.459571615004341e-14 2.040034807748725e-14
  outer loop
    vertex 2415.4819715339368 210.01125977018228 569.219197146944
    vertex 2415.481971533937 210.45442325903775 569.141055466994
    vertex 2415.481971533937 210.50000000000114 569.6619999999947
  endloop
endfacet
facet normal 1.0 1.459571615004341e-14 2.040034807748725e-14
  outer loop
    vertex 2415.4819715339368 210.01125977018228 569.219197146944
    vertex 2415.481971533937 210.50000000000114 569.6619999999947
    vertex 2415.4819715339368 210.05000000000115 569.6619999999947
  endloop
endfacet
facet normal 1.0 1.459571615004341e-14 2.040034807748725e-14
  outer loop
    vertex 2415.4819715339368 210.05000000000115 569.6619999999947
    vertex 2415.481971533937 210.50000000000114 569.6619999999947
    vertex 2415.481971533937 210.45442325903775 570.1829445329955
  endloop
endfacet
facet normal 1.0 1.459571615004341e-14 2.040034807748725e-14
  outer loop
    vertex 2415.4819715339368 210.05000000000115 569.6619999999947
    vertex 2415.481971533937 210.45442325903775 570.1829445329955
    vertex 2415.4819715339368 210.01125977018228 570.1048028530455
  endloop
endfacet
facet normal 1.0 1.459571615004341e-14 2.040034807748725e-14
  outer loop
    vertex 2415.4819715339368 210.01125977018228 570.1048028530455
    vertex 2415.481971533937 210.45442325903775 570.1829445329955
    vertex 2415.4819715339368 209.89621618300518 570.5341513654752
  endloop
endfacet
facet normal 1.0 1.459571615004341e-14 2.040034807748725e-14
  outer loop
    vertex 2415.4819715339368 209.89621618300518 570.5341513654752
    vertex 2415.481971533937 210.45442325903775 570.1829445329955
    vertex 2415.481971533937 210.31907786235885 570.6880604299718
  endloop
endfacet
facet normal 1.0 1.459571615004341e-14 2.040034807748725e-14
  outer loop
    vertex 2415.4819715339368 209.89621618300518 570.5341513654752
    vertex 2415.481971533937 210.31907786235885 570.6880604299718
    vertex 2415.4819715339368 209.7083647796515 570.9369999999948
  endloop
endfacet
facet normal 1.0 1.459571615004341e-14 2.040034807748725e-14
  outer loop
    vertex 2415.4819715339368 209.7083647796515 570.9369999999948
    vertex 2415.481971533937 210.31907786235885 570.6880604299718
    vertex 2415.4819715339368 210.09807621135442 571.1619999999947
  endloop
endfacet
facet normal 1.0 1.459571615004341e-14 2.040034807748725e-14
  outer loop
    vertex 2415.4819715339368 209.7083647796515 570.9369999999948
    vertex 2415.4819715339368 210.09807621135442 571.1619999999947
    vertex 2415.4819715339368 209.4534133299545 571.3011084046954
  endloop
endfacet
facet normal 1.0 1.459571615004341e-14 2.040034807748725e-14
  outer loop
    vertex 2415.4819715339368 209.4534133299545 571.3011084046954
    vertex 2415.4819715339368 210.09807621135442 571.1619999999947
    vertex 2415.4819715339368 209.79813332935808 571.5903628290544
  endloop
endfacet
facet normal 1.0 1.459571615004341e-14 2.040034807748725e-14
  outer loop
    vertex 2415.4819715339368 209.4534133299545 571.3011084046954
    vertex 2415.4819715339368 209.79813332935808 571.5903628290544
    vertex 2415.4819715339368 209.1391084047018 571.6154133299481
  endloop
endfacet
facet normal 1.0 1.459571615004341e-14 2.040034807748725e-14
  outer loop
    vertex 2415.4819715339368 209.1391084047018 571.6154133299481
    vertex 2415.4819715339368 209.79813332935808 571.5903628290544
    vertex 2415.4819715339368 209.42836282906072 571.9601333293516
  endloop
endfacet
facet normal 1.0 1.459571615004341e-14 2.040034807748725e-14
  outer loop
    vertex 2415.4819715339368 209.1391084047018 571.6154133299481
    vertex 2415.4819715339368 209.42836282906072 571.9601333293516
    vertex 2415.4819715339368 208.77500000000106 571.870364779645
  endloop
endfacet
facet normal 1.0 1.459571615004341e-14 2.040034807748725e-14
  outer loop
    vertex 2415.4819715339368 208.77500000000106 571.870364779645
    vertex 2415.4819715339368 209.42836282906072 571.9601333293516
    vertex 2415.4819715339368 208.37215136548153 572.0582161829988
  endloop
endfacet
facet normal 1.0 1.459571615004341e-14 2.040034807748725e-14
  outer loop
    vertex 2415.4819715339368 208.37215136548153 572.0582161829988
    vertex 2415.4819715339368 209.42836282906072 571.9601333293516
    vertex 2415.4819715339368 209.0000000000011 572.2600762113481
  endloop
endfacet
facet normal 1.0 1.459571615004341e-14 2.040034807748725e-14
  outer loop
    vertex 2415.4819715339368 208.37215136548153 572.0582161829988
    vertex 2415.4819715339368 209.0000000000011 572.2600762113481
    vertex 2415.4819715339368 207.94280285305177 572.1732597701758
  endloop
endfacet
facet normal 1.0 1.459571615004341e-14 2.040034807748725e-14
  outer loop
    vertex 2415.4819715339368 207.94280285305177 572.1732597701758
    vertex 2415.4819715339368 209.0000000000011 572.2600762113481
    vertex 2415.4819715339368 207.50000000000108 572.2119999999946
  endloop
endfacet
facet normal 1.0 1.459571615004341e-14 2.040034807748725e-14
  outer loop
    vertex 2415.4819715339368 206.0000000000011 567.0639237886414
    vertex 2415.4819715339368 207.05719714695044 567.1507402298137
    vertex 2415.4819715339368 205.5716371709415 567.3638666706378
  endloop
endfacet
facet normal 1.0 1.459571615004341e-14 2.040034807748725e-14
  outer loop
    vertex 2415.4819715339368 207.05719714695044 567.1507402298137
    vertex 2415.4819715339368 206.0000000000011 567.0639237886414
    vertex 2415.4819715339368 207.50000000000114 567.1119999999947
  endloop
endfacet
facet normal 1.0 1.459571615004341e-14 2.040034807748725e-14
  outer loop
    vertex 2415.4819715339368 205.5716371709415 567.3638666706378
    vertex 2415.4819715339368 207.05719714695044 567.1507402298137
    vertex 2415.4819715339368 206.6278486345207 567.2657838169906
  endloop
endfacet
facet normal 1.0 1.459571615004341e-14 2.040034807748725e-14
  outer loop
    vertex 2415.4819715339368 205.5716371709415 567.3638666706378
    vertex 2415.4819715339368 206.6278486345207 567.2657838169906
    vertex 2415.4819715339368 206.2250000000011 567.4536352203445
  endloop
endfacet
facet normal 1.0 1.459571615004341e-14 2.040034807748725e-14
  outer loop
    vertex 2415.4819715339368 205.5716371709415 567.3638666706378
    vertex 2415.4819715339368 206.2250000000011 567.4536352203445
    vertex 2415.4819715339368 205.2018666706442 567.7336371709351
  endloop
endfacet
facet normal 1.0 1.459571615004341e-14 2.040034807748725e-14
  outer loop
    vertex 2415.4819715339368 205.2018666706442 567.7336371709351
    vertex 2415.4819715339368 206.2250000000011 567.4536352203445
    vertex 2415.4819715339368 205.86089159530047 567.7085866700414
  endloop
endfacet
facet normal 1.0 1.459571615004341e-14 2.040034807748725e-14
  outer loop
    vertex 2415.4819715339368 205.2018666706442 567.7336371709351
    vertex 2415.4819715339368 205.86089159530047 567.7085866700414
    vertex 2415.4819715339368 205.54658667004773 568.0228915952941
  endloop
endfacet
facet normal 1.0 1.459571615004341e-14 2.040034807748725e-14
  outer loop
    vertex 2415.4819715339368 205.2018666706442 567.7336371709351
    vertex 2415.4819715339368 205.54658667004773 568.0228915952941
    vertex 2415.4819715339368 204.90192378864782 568.1619999999947
  endloop
endfacet
facet normal 1.0 1.459571615004341e-14 2.040034807748725e-14
  outer loop
    vertex 2415.4819715339368 204.90192378864782 568.1619999999947
    vertex 2415.4819715339368 205.54658667004773 568.0228915952941
    vertex 2415.4819715339368 205.2916352203508 568.3869999999946
  endloop
endfacet
facet normal 1.0 1.459571615004341e-14 2.040034807748725e-14
  outer loop
    vertex 2415.4819715339368 204.90192378864782 568.1619999999947
    vertex 2415.4819715339368 205.2916352203508 568.3869999999946
    vertex 2415.4819715339368 204.68092213764342 568.6359395700176
  endloop
endfacet
facet normal 1.0 1.459571615004341e-14 2.040034807748725e-14
  outer loop
    vertex 2415.4819715339368 204.68092213764342 568.6359395700176
    vertex 2415.4819715339368 205.2916352203508 568.3869999999946
    vertex 2415.4819715339368 205.10378381699707 568.7898486345143
  endloop
endfacet
facet normal 1.0 1.459571615004341e-14 2.040034807748725e-14
  outer loop
    vertex 2415.4819715339368 204.68092213764342 568.6359395700176
    vertex 2415.4819715339368 205.10378381699707 568.7898486345143
    vertex 2415.4819715339368 204.5455767409645 569.141055466994
  endloop
endfacet
facet normal 1.0 1.459571615004341e-14 2.040034807748725e-14
  outer loop
    vertex 2415.4819715339368 204.5455767409645 569.141055466994
    vertex 2415.4819715339368 205.10378381699707 568.7898486345143
    vertex 2415.4819715339368 204.98874022981997 569.219197146944
  endloop
endfacet
facet normal 1.0 1.459571615004341e-14 2.040034807748725e-14
  outer loop
    vertex 2415.4819715339368 204.5455767409645 569.141055466994
    vertex 2415.4819715339368 204.98874022981997 569.219197146944
    vertex 2415.4819715339368 204.50000000000114 569.6619999999947
  endloop
endfacet
facet normal 1.0 1.459571615004341e-14 2.040034807748725e-14
  outer loop
    vertex 2415.4819715339368 204.50000000000114 569.6619999999947
    vertex 2415.4819715339368 204.98874022981997 569.219197146944
    vertex 2415.4819715339368 204.95000000000113 569.6619999999947
  endloop
endfacet
facet normal 1.0 1.459571615004341e-14 2.040034807748725e-14
  outer loop
    vertex 2415.4819715339368 204.50000000000114 569.6619999999947
    vertex 2415.4819715339368 204.95000000000113 569.6619999999947
    vertex 2415.4819715339368 204.98874022981997 570.1048028530455
  endloop
endfacet
facet normal 1.0 1.459571615004341e-14 2.040034807748725e-14
  outer loop
    vertex 2415.4819715339368 204.50000000000114 569.6619999999947
    vertex 2415.4819715339368 204.98874022981997 570.1048028530455
    vertex 2415.4819715339368 204.5455767409645 570.1829445329955
  endloop
endfacet
facet normal 1.0 1.459571615004341e-14 2.040034807748725e-14
  outer loop
    vertex 2415.4819715339368 204.5455767409645 570.1829445329955
    vertex 2415.4819715339368 204.98874022981997 570.1048028530455
    vertex 2415.4819715339368 205.10378381699707 570.5341513654752
  endloop
endfacet
facet normal 1.0 1.459571615004341e-14 2.040034807748725e-14
  outer loop
    vertex 2415.4819715339368 204.5455767409645 570.1829445329955
    vertex 2415.4819715339368 205.10378381699707 570.5341513654752
    vertex 2415.4819715339368 204.68092213764342 570.6880604299718
  endloop
endfacet
facet normal 1.0 1.459571615004341e-14 2.040034807748725e-14
  outer loop
    vertex 2415.4819715339368 204.68092213764342 570.6880604299718
    vertex 2415.4819715339368 205.10378381699707 570.5341513654752
    vertex 2415.4819715339368 205.29163522035086 570.9369999999948
  endloop
endfacet
facet normal 1.0 1.459571615004341e-14 2.040034807748725e-14
  outer loop
    vertex 2415.4819715339368 204.68092213764342 570.6880604299718
    vertex 2415.4819715339368 205.29163522035086 570.9369999999948
    vertex 2415.4819715339368 204.90192378864788 571.1619999999947
  endloop
endfacet
facet normal 1.0 1.459571615004341e-14 2.040034807748725e-14
  outer loop
    vertex 2415.4819715339368 204.90192378864788 571.1619999999947
    vertex 2415.4819715339368 205.29163522035086 570.9369999999948
    vertex 2415.4819715339368 205.54658667004767 571.3011084046954
  endloop
endfacet
facet normal 1.0 1.459571615004341e-14 2.040034807748725e-14
  outer loop
    vertex 2415.4819715339368 204.90192378864788 571.1619999999947
    vertex 2415.4819715339368 205.54658667004767 571.3011084046954
    vertex 2415.4819715339368 205.2018666706442 571.5903628290544
  endloop
endfacet
facet normal 1.0 1.459571615004341e-14 2.040034807748725e-14
  outer loop
    vertex 2415.4819715339368 205.2018666706442 571.5903628290544
    vertex 2415.4819715339368 205.54658667004767 571.3011084046954
    vertex 2415.4819715339368 205.8608915953004 571.6154133299481
  endloop
endfacet
facet normal 1.0 1.459571615004341e-14 2.040034807748725e-14
  outer loop
    vertex 2415.4819715339368 205.2018666706442 571.5903628290544
    vertex 2415.4819715339368 205.8608915953004 571.6154133299481
    vertex 2415.4819715339368 205.57163717094144 571.9601333293516
  endloop
endfacet
facet normal 1.0 1.459571615004341e-14 2.040034807748725e-14
  outer loop
    vertex 2415.4819715339368 205.57163717094144 571.9601333293516
    vertex 2415.4819715339368 205.8608915953004 571.6154133299481
    vertex 2415.4819715339368 206.22500000000107 571.870364779645
  endloop
endfacet
facet normal 1.0 1.459571615004341e-14 2.040034807748725e-14
  outer loop
    vertex 2415.4819715339368 205.57163717094144 571.9601333293516
    vertex 2415.4819715339368 206.22500000000107 571.870364779645
    vertex 2415.4819715339368 206.62784863452063 572.0582161829988
  endloop
endfacet
facet normal 1.0 1.459571615004341e-14 2.040034807748725e-14
  outer loop
    vertex 2415.4819715339368 205.57163717094144 571.9601333293516
    vertex 2415.4819715339368 206.62784863452063 572.0582161829988
    vertex 2415.4819715339368 206.0000000000011 572.2600762113481
  endloop
endfacet
facet normal 1.0 1.459571615004341e-14 2.040034807748725e-14
  outer loop
    vertex 2415.4819715339368 206.0000000000011 572.2600762113481
    vertex 2415.4819715339368 206.62784863452063 572.0582161829988
    vertex 2415.4819715339368 207.0571971469504 572.1732597701758
  endloop
endfacet
facet normal 1.0 1.459571615004341e-14 2.040034807748725e-14
  outer loop
    vertex 2415.4819715339368 206.0000000000011 572.2600762113481
    vertex 2415.4819715339368 207.0571971469504 572.1732597701758
    vertex 2415.4819715339368 207.50000000000108 572.2119999999946
  endloop
endfacet
facet normal 1.0 1.459571615004341e-14 2.040034807748725e-14
  outer loop
    vertex 2415.4819715339368 206.0000000000011 572.2600762113481
    vertex 2415.4819715339368 207.50000000000108 572.2119999999946
    vertex 2415.4819715339368 209.0000000000011 572.2600762113481
  endloop
endfacet
facet normal 1.0 1.459571615004341e-14 2.040034807748725e-14
  outer loop
    vertex 2415.4819715339368 206.0000000000011 572.2600762113481
    vertex 2415.4819715339368 209.0000000000011 572.2600762113481
    vertex 2415.4819715339368 208.5260604299781 572.4810778623524
  endloop
endfacet
facet normal 1.0 1.459571615004341e-14 2.040034807748725e-14
  outer loop
    vertex 2415.4819715339368 206.0000000000011 572.2600762113481
    vertex 2415.4819715339368 208.5260604299781 572.4810778623524
    vertex 2415.4819715339368 206.4739395700241 572.4810778623524
  endloop
endfacet
facet normal 1.0 1.459571615004341e-14 2.040034807748725e-14
  outer loop
    vertex 2415.4819715339368 206.4739395700241 572.4810778623524
    vertex 2415.4819715339368 208.5260604299781 572.4810778623524
    vertex 2415.4819715339368 208.02094453300185 572.6164232590313
  endloop
endfacet
facet normal 1.0 1.459571615004341e-14 2.040034807748725e-14
  outer loop
    vertex 2415.4819715339368 206.4739395700241 572.4810778623524
    vertex 2415.4819715339368 208.02094453300185 572.6164232590313
    vertex 2415.4819715339368 206.9790554670003 572.6164232590313
  endloop
endfacet
facet normal 1.0 1.459571615004341e-14 2.040034807748725e-14
  outer loop
    vertex 2415.4819715339368 206.9790554670003 572.6164232590313
    vertex 2415.4819715339368 208.02094453300185 572.6164232590313
    vertex 2415.4819715339368 207.50000000000108 572.6619999999948
  endloop
endfacet
facet normal 1.2762364893603771e-14 -0.9961946980917474 0.08715574274763799
  outer loop
    vertex 2414.981971533937 204.5455767409645 570.1829445329955
    vertex 2415.4819715339368 204.50000000000114 569.6619999999947
    vertex 2415.4819715339368 204.5455767409645 570.1829445329955
  endloop
endfacet
facet normal 1.2762364893603771e-14 -0.9961946980917474 0.08715574274763799
  outer loop
    vertex 2415.4819715339368 204.50000000000114 569.6619999999947
    vertex 2414.981971533937 204.5455767409645 570.1829445329955
    vertex 2414.981971533937 204.50000000000114 569.6619999999947
  endloop
endfacet
facet normal 1.6318043237450246e-14 -0.9961946980917463 -0.0871557427476502
  outer loop
    vertex 2414.981971533937 204.50000000000114 569.6619999999947
    vertex 2415.4819715339368 204.5455767409645 569.141055466994
    vertex 2415.4819715339368 204.50000000000114 569.6619999999947
  endloop
endfacet
facet normal 1.6318043237450246e-14 -0.9961946980917463 -0.0871557427476502
  outer loop
    vertex 2415.4819715339368 204.5455767409645 569.141055466994
    vertex 2414.981971533937 204.50000000000114 569.6619999999947
    vertex 2414.981971533937 204.5455767409645 569.141055466994
  endloop
endfacet
facet normal 1.9377927548762742e-14 -0.9659258262890652 -0.25881904510253245
  outer loop
    vertex 2414.981971533937 204.5455767409645 569.141055466994
    vertex 2415.4819715339368 204.68092213764342 568.6359395700176
    vertex 2415.4819715339368 204.5455767409645 569.141055466994
  endloop
endfacet
facet normal 1.9377927548762742e-14 -0.9659258262890652 -0.25881904510253245
  outer loop
    vertex 2415.4819715339368 204.68092213764342 568.6359395700176
    vertex 2414.981971533937 204.5455767409645 569.141055466994
    vertex 2414.981971533937 204.68092213764342 568.6359395700176
  endloop
endfacet
facet normal 2.1850193300992566e-14 -0.906307787036641 -0.42261826174071887
  outer loop
    vertex 2414.981971533937 204.68092213764342 568.6359395700176
    vertex 2415.4819715339368 204.90192378864782 568.1619999999947
    vertex 2415.4819715339368 204.68092213764342 568.6359395700176
  endloop
endfacet
facet normal 2.1850193300992566e-14 -0.906307787036641 -0.42261826174071887
  outer loop
    vertex 2415.4819715339368 204.90192378864782 568.1619999999947
    vertex 2414.981971533937 204.68092213764342 568.6359395700176
    vertex 2414.981971533937 204.90192378864782 568.1619999999947
  endloop
endfacet
facet normal 2.36574225624163e-14 -0.8191520442889723 -0.5735764363510742
  outer loop
    vertex 2414.981971533937 204.90192378864782 568.1619999999947
    vertex 2415.4819715339368 205.2018666706442 567.7336371709351
    vertex 2415.4819715339368 204.90192378864782 568.1619999999947
  endloop
endfacet
facet normal 2.36574225624163e-14 -0.8191520442889723 -0.5735764363510742
  outer loop
    vertex 2415.4819715339368 205.2018666706442 567.7336371709351
    vertex 2414.981971533937 204.90192378864782 568.1619999999947
    vertex 2414.981971533937 205.2018666706442 567.7336371709351
  endloop
endfacet
facet normal 2.474595433012699e-14 -0.7071067811865434 -0.7071067811865518
  outer loop
    vertex 2414.981971533937 205.2018666706442 567.7336371709351
    vertex 2415.4819715339368 205.5716371709415 567.3638666706378
    vertex 2415.4819715339368 205.2018666706442 567.7336371709351
  endloop
endfacet
facet normal 2.474595433012699e-14 -0.7071067811865434 -0.7071067811865518
  outer loop
    vertex 2415.4819715339368 205.5716371709415 567.3638666706378
    vertex 2414.981971533937 205.2018666706442 567.7336371709351
    vertex 2414.981971533937 205.5716371709415 567.3638666706378
  endloop
endfacet
facet normal 2.5083280404734426e-14 -0.5735764363511393 -0.8191520442889265
  outer loop
    vertex 2414.981971533937 206.0000000000011 567.0639237886414
    vertex 2415.4819715339368 205.5716371709415 567.3638666706378
    vertex 2414.981971533937 205.5716371709415 567.3638666706378
  endloop
endfacet
facet normal 2.5083280404734426e-14 -0.5735764363511393 -0.8191520442889265
  outer loop
    vertex 2415.4819715339368 205.5716371709415 567.3638666706378
    vertex 2414.981971533937 206.0000000000011 567.0639237886414
    vertex 2415.4819715339368 206.0000000000011 567.0639237886414
  endloop
endfacet
facet normal 2.4657044989437494e-14 -0.422618261740533 -0.9063077870367275
  outer loop
    vertex 2414.981971533937 206.47393957002413 566.8429221376371
    vertex 2415.4819715339368 206.0000000000011 567.0639237886414
    vertex 2414.981971533937 206.0000000000011 567.0639237886414
  endloop
endfacet
facet normal 2.4657044989437494e-14 -0.422618261740533 -0.9063077870367275
  outer loop
    vertex 2415.4819715339368 206.0000000000011 567.0639237886414
    vertex 2414.981971533937 206.47393957002413 566.8429221376371
    vertex 2415.4819715339368 206.47393957002413 566.8429221376371
  endloop
endfacet
facet normal 2.3482164699501878e-14 -0.25881904510262266 -0.9659258262890411
  outer loop
    vertex 2414.981971533937 206.97905546700036 566.7075767409581
    vertex 2415.4819715339368 206.47393957002413 566.8429221376371
    vertex 2414.981971533937 206.47393957002413 566.8429221376371
  endloop
endfacet
facet normal 2.3482164699501878e-14 -0.25881904510262266 -0.9659258262890411
  outer loop
    vertex 2415.4819715339368 206.47393957002413 566.8429221376371
    vertex 2414.981971533937 206.97905546700036 566.7075767409581
    vertex 2415.4819715339368 206.97905546700036 566.7075767409581
  endloop
endfacet
facet normal 2.1594702988004797e-14 -0.0871557427477236 -0.9961946980917398
  outer loop
    vertex 2414.981971533937 207.50000000000114 566.6619999999947
    vertex 2415.4819715339368 206.97905546700036 566.7075767409581
    vertex 2414.981971533937 206.97905546700036 566.7075767409581
  endloop
endfacet
facet normal 2.1594702988004797e-14 -0.0871557427477236 -0.9961946980917398
  outer loop
    vertex 2415.4819715339368 206.97905546700036 566.7075767409581
    vertex 2414.981971533937 207.50000000000114 566.6619999999947
    vertex 2415.4819715339368 207.50000000000114 566.6619999999947
  endloop
endfacet
facet normal 1.9050734200032856e-14 0.08715574274773581 -0.9961946980917389
  outer loop
    vertex 2414.981971533937 208.0209445330019 566.7075767409581
    vertex 2415.4819715339368 207.50000000000114 566.6619999999947
    vertex 2414.981971533937 207.50000000000114 566.6619999999947
  endloop
endfacet
facet normal 1.9050734200032856e-14 0.08715574274773581 -0.9961946980917389
  outer loop
    vertex 2415.4819715339368 207.50000000000114 566.6619999999947
    vertex 2414.981971533937 208.0209445330019 566.7075767409581
    vertex 2415.4819715339368 208.0209445330019 566.7075767409581
  endloop
endfacet
facet normal 1.5927557593793778e-14 0.2588190451026345 -0.9659258262890378
  outer loop
    vertex 2414.981971533937 208.52606042997812 566.8429221376371
    vertex 2415.4819715339368 208.0209445330019 566.7075767409581
    vertex 2414.981971533937 208.0209445330019 566.7075767409581
  endloop
endfacet
facet normal 1.5927557593793778e-14 0.2588190451026345 -0.9659258262890378
  outer loop
    vertex 2415.4819715339368 208.0209445330019 566.7075767409581
    vertex 2414.981971533937 208.52606042997812 566.8429221376371
    vertex 2415.4819715339368 208.52606042997812 566.8429221376371
  endloop
endfacet
facet normal 1.2320943652335101e-14 0.4226182617405441 -0.9063077870367224
  outer loop
    vertex 2414.981971533937 209.00000000000117 567.0639237886414
    vertex 2415.4819715339368 208.52606042997812 566.8429221376371
    vertex 2414.981971533937 208.52606042997812 566.8429221376371
  endloop
endfacet
facet normal 1.2320943652335101e-14 0.4226182617405441 -0.9063077870367224
  outer loop
    vertex 2415.4819715339368 208.52606042997812 566.8429221376371
    vertex 2414.981971533937 209.00000000000117 567.0639237886414
    vertex 2415.4819715339368 209.00000000000117 567.0639237886414
  endloop
endfacet
facet normal 8.33869325902399e-15 0.5735764363511494 -0.8191520442889196
  outer loop
    vertex 2414.981971533937 209.42836282906077 567.3638666706378
    vertex 2415.4819715339368 209.00000000000117 567.0639237886414
    vertex 2414.981971533937 209.00000000000117 567.0639237886414
  endloop
endfacet
facet normal 8.33869325902399e-15 0.5735764363511494 -0.8191520442889196
  outer loop
    vertex 2415.4819715339368 209.00000000000117 567.0639237886414
    vertex 2414.981971533937 209.42836282906077 567.3638666706378
    vertex 2415.4819715339368 209.42836282906077 567.3638666706378
  endloop
endfacet
facet normal 4.104824198882904e-15 0.7071067811865518 -0.7071067811865434
  outer loop
    vertex 2414.981971533937 209.79813332935808 567.7336371709351
    vertex 2415.4819715339368 209.42836282906077 567.3638666706378
    vertex 2414.981971533937 209.42836282906077 567.3638666706378
  endloop
endfacet
facet normal 4.104824198882904e-15 0.7071067811865518 -0.7071067811865434
  outer loop
    vertex 2415.4819715339368 209.42836282906077 567.3638666706378
    vertex 2414.981971533937 209.79813332935808 567.7336371709351
    vertex 2415.4819715339368 209.79813332935808 567.7336371709351
  endloop
endfacet
facet normal -2.5518070980379156e-16 0.8191520442889793 -0.5735764363510641
  outer loop
    vertex 2414.981971533937 209.79813332935808 567.7336371709351
    vertex 2415.4819715339368 210.09807621135442 568.1619999999947
    vertex 2415.4819715339368 209.79813332935808 567.7336371709351
  endloop
endfacet
facet normal -2.5518070980379156e-16 0.8191520442889793 -0.5735764363510641
  outer loop
    vertex 2415.4819715339368 210.09807621135442 568.1619999999947
    vertex 2414.981971533937 209.79813332935808 567.7336371709351
    vertex 2414.981971533937 210.09807621135442 568.1619999999947
  endloop
endfacet
facet normal -4.607861987223267e-15 0.9063077870366462 -0.4226182617407078
  outer loop
    vertex 2415.4819715339368 210.09807621135442 568.1619999999947
    vertex 2414.981971533937 210.31907786235885 568.6359395700176
    vertex 2415.481971533937 210.31907786235885 568.6359395700176
  endloop
endfacet
facet normal -4.607861987223267e-15 0.9063077870366462 -0.4226182617407078
  outer loop
    vertex 2414.981971533937 210.31907786235885 568.6359395700176
    vertex 2415.4819715339368 210.09807621135442 568.1619999999947
    vertex 2414.981971533937 210.09807621135442 568.1619999999947
  endloop
endfacet
facet normal -8.817930330414016e-15 0.9659258262890683 -0.2588190451025206
  outer loop
    vertex 2414.981971533937 210.31907786235885 568.6359395700176
    vertex 2415.481971533937 210.45442325903775 569.141055466994
    vertex 2415.481971533937 210.31907786235885 568.6359395700176
  endloop
endfacet
facet normal -8.817930330414016e-15 0.9659258262890683 -0.2588190451025206
  outer loop
    vertex 2415.481971533937 210.45442325903775 569.141055466994
    vertex 2414.981971533937 210.31907786235885 568.6359395700176
    vertex 2414.981971533937 210.45442325903775 569.141055466994
  endloop
endfacet
facet normal -1.276202825944251e-14 0.9961946980917474 -0.08715574274763799
  outer loop
    vertex 2414.981971533937 210.45442325903775 569.141055466994
    vertex 2415.481971533937 210.50000000000114 569.6619999999947
    vertex 2415.481971533937 210.45442325903775 569.141055466994
  endloop
endfacet
facet normal -1.276202825944251e-14 0.9961946980917474 -0.08715574274763799
  outer loop
    vertex 2415.481971533937 210.50000000000114 569.6619999999947
    vertex 2414.981971533937 210.45442325903775 569.141055466994
    vertex 2414.981971533937 210.50000000000114 569.6619999999947
  endloop
endfacet
facet normal -1.937815267022432e-14 0.9659258262890652 0.25881904510253245
  outer loop
    vertex 2414.981971533937 210.45442325903772 570.1829445329955
    vertex 2415.481971533937 210.31907786235885 570.6880604299718
    vertex 2415.481971533937 210.45442325903775 570.1829445329955
  endloop
endfacet
facet normal -1.937815267022432e-14 0.9659258262890652 0.25881904510253245
  outer loop
    vertex 2415.481971533937 210.31907786235885 570.6880604299718
    vertex 2414.981971533937 210.45442325903772 570.1829445329955
    vertex 2414.981971533937 210.31907786235885 570.6880604299718
  endloop
endfacet
facet normal -2.185019330099261e-14 0.9063077870366408 0.42261826174071887
  outer loop
    vertex 2414.981971533937 210.31907786235885 570.6880604299718
    vertex 2415.4819715339368 210.09807621135442 571.1619999999947
    vertex 2415.481971533937 210.31907786235885 570.6880604299718
  endloop
endfacet
facet normal -2.185019330099261e-14 0.9063077870366408 0.42261826174071887
  outer loop
    vertex 2415.4819715339368 210.09807621135442 571.1619999999947
    vertex 2414.981971533937 210.31907786235885 570.6880604299718
    vertex 2414.981971533937 210.0980762113544 571.1619999999947
  endloop
endfacet
facet normal -2.3655971299495075e-14 0.8191520442889723 0.5735764363510742
  outer loop
    vertex 2414.981971533937 210.0980762113544 571.1619999999947
    vertex 2415.4819715339368 209.79813332935808 571.5903628290544
    vertex 2415.4819715339368 210.09807621135442 571.1619999999947
  endloop
endfacet
facet normal -2.3655971299495075e-14 0.8191520442889723 0.5735764363510742
  outer loop
    vertex 2415.4819715339368 209.79813332935808 571.5903628290544
    vertex 2414.981971533937 210.0980762113544 571.1619999999947
    vertex 2414.981971533937 209.79813332935802 571.5903628290544
  endloop
endfacet
facet normal -2.474628393082249e-14 0.7071067811865431 0.707106781186552
  outer loop
    vertex 2415.4819715339368 209.79813332935808 571.5903628290544
    vertex 2414.981971533937 209.42836282906072 571.9601333293516
    vertex 2415.4819715339368 209.42836282906072 571.9601333293516
  endloop
endfacet
facet normal -2.474628393082249e-14 0.7071067811865431 0.707106781186552
  outer loop
    vertex 2414.981971533937 209.42836282906072 571.9601333293516
    vertex 2415.4819715339368 209.79813332935808 571.5903628290544
    vertex 2414.981971533937 209.79813332935802 571.5903628290544
  endloop
endfacet
facet normal -2.508343329437446e-14 0.5735764363511395 0.8191520442889264
  outer loop
    vertex 2415.4819715339368 209.42836282906072 571.9601333293516
    vertex 2414.981971533937 209.0000000000011 572.2600762113481
    vertex 2415.4819715339368 209.0000000000011 572.2600762113481
  endloop
endfacet
facet normal -2.508343329437446e-14 0.5735764363511395 0.8191520442889264
  outer loop
    vertex 2414.981971533937 209.0000000000011 572.2600762113481
    vertex 2415.4819715339368 209.42836282906072 571.9601333293516
    vertex 2414.981971533937 209.42836282906072 571.9601333293516
  endloop
endfacet
facet normal -2.4656594069129036e-14 0.422618261740533 0.9063077870367275
  outer loop
    vertex 2415.4819715339368 209.0000000000011 572.2600762113481
    vertex 2414.981971533937 208.5260604299781 572.4810778623524
    vertex 2415.4819715339368 208.5260604299781 572.4810778623524
  endloop
endfacet
facet normal -2.4656594069129036e-14 0.422618261740533 0.9063077870367275
  outer loop
    vertex 2414.981971533937 208.5260604299781 572.4810778623524
    vertex 2415.4819715339368 209.0000000000011 572.2600762113481
    vertex 2414.981971533937 209.0000000000011 572.2600762113481
  endloop
endfacet
facet normal -2.3483580080246305e-14 0.25881904510262266 0.9659258262890411
  outer loop
    vertex 2415.4819715339368 208.5260604299781 572.4810778623524
    vertex 2414.981971533937 208.02094453300185 572.6164232590313
    vertex 2415.4819715339368 208.02094453300185 572.6164232590313
  endloop
endfacet
facet normal -2.3483580080246305e-14 0.25881904510262266 0.9659258262890411
  outer loop
    vertex 2414.981971533937 208.02094453300185 572.6164232590313
    vertex 2415.4819715339368 208.5260604299781 572.4810778623524
    vertex 2414.981971533937 208.5260604299781 572.4810778623524
  endloop
endfacet
facet normal -2.159501641509307e-14 0.08715574274772361 0.9961946980917398
  outer loop
    vertex 2415.4819715339368 208.02094453300185 572.6164232590313
    vertex 2414.981971533937 207.50000000000108 572.6619999999948
    vertex 2415.4819715339368 207.50000000000108 572.6619999999948
  endloop
endfacet
facet normal -2.159501641509307e-14 0.08715574274772361 0.9961946980917398
  outer loop
    vertex 2414.981971533937 207.50000000000108 572.6619999999948
    vertex 2415.4819715339368 208.02094453300185 572.6164232590313
    vertex 2414.981971533937 208.02094453300185 572.6164232590313
  endloop
endfacet
facet normal -1.9050420772944587e-14 -0.08715574274773581 0.9961946980917389
  outer loop
    vertex 2415.4819715339368 207.50000000000108 572.6619999999948
    vertex 2414.981971533937 206.9790554670003 572.6164232590313
    vertex 2415.4819715339368 206.9790554670003 572.6164232590313
  endloop
endfacet
facet normal -1.9050420772944587e-14 -0.08715574274773581 0.9961946980917389
  outer loop
    vertex 2414.981971533937 206.9790554670003 572.6164232590313
    vertex 2415.4819715339368 207.50000000000108 572.6619999999948
    vertex 2414.981971533937 207.50000000000108 572.6619999999948
  endloop
endfacet
facet normal -1.592709118787699e-14 -0.2588190451026345 0.9659258262890378
  outer loop
    vertex 2415.4819715339368 206.9790554670003 572.6164232590313
    vertex 2414.981971533937 206.4739395700241 572.4810778623524
    vertex 2415.4819715339368 206.4739395700241 572.4810778623524
  endloop
endfacet
facet normal -1.592709118787699e-14 -0.2588190451026345 0.9659258262890378
  outer loop
    vertex 2414.981971533937 206.4739395700241 572.4810778623524
    vertex 2415.4819715339368 206.9790554670003 572.6164232590313
    vertex 2414.981971533937 206.9790554670003 572.6164232590313
  endloop
endfacet
facet normal -1.2321000586114276e-14 -0.4226182617405772 0.9063077870367071
  outer loop
    vertex 2415.4819715339368 206.4739395700241 572.4810778623524
    vertex 2414.981971533937 206.0000000000011 572.2600762113481
    vertex 2415.4819715339368 206.0000000000011 572.2600762113481
  endloop
endfacet
facet normal -1.2321000586114276e-14 -0.4226182617405772 0.9063077870367071
  outer loop
    vertex 2414.981971533937 206.0000000000011 572.2600762113481
    vertex 2415.4819715339368 206.4739395700241 572.4810778623524
    vertex 2414.981971533937 206.4739395700241 572.4810778623524
  endloop
endfacet
facet normal -8.339227976545562e-15 -0.573576436351109 0.819152044288948
  outer loop
    vertex 2415.4819715339368 206.0000000000011 572.2600762113481
    vertex 2414.981971533937 205.57163717094144 571.9601333293516
    vertex 2415.4819715339368 205.57163717094144 571.9601333293516
  endloop
endfacet
facet normal -8.339227976545562e-15 -0.573576436351109 0.819152044288948
  outer loop
    vertex 2414.981971533937 205.57163717094144 571.9601333293516
    vertex 2415.4819715339368 206.0000000000011 572.2600762113481
    vertex 2414.981971533937 206.0000000000011 572.2600762113481
  endloop
endfacet
facet normal -4.104494598187399e-15 -0.707106781186552 0.7071067811865431
  outer loop
    vertex 2414.981971533937 205.57163717094144 571.9601333293516
    vertex 2415.4819715339368 205.2018666706442 571.5903628290544
    vertex 2415.4819715339368 205.57163717094144 571.9601333293516
  endloop
endfacet
facet normal -4.104494598187399e-15 -0.707106781186552 0.7071067811865431
  outer loop
    vertex 2415.4819715339368 205.2018666706442 571.5903628290544
    vertex 2414.981971533937 205.57163717094144 571.9601333293516
    vertex 2414.981971533937 205.20186667064414 571.5903628290544
  endloop
endfacet
facet normal 2.547228333228342e-16 -0.8191520442889793 0.5735764363510641
  outer loop
    vertex 2414.981971533937 205.20186667064414 571.5903628290544
    vertex 2415.4819715339368 204.90192378864788 571.1619999999947
    vertex 2415.4819715339368 205.2018666706442 571.5903628290544
  endloop
endfacet
facet normal 2.547228333228342e-16 -0.8191520442889793 0.5735764363510641
  outer loop
    vertex 2415.4819715339368 204.90192378864788 571.1619999999947
    vertex 2414.981971533937 205.20186667064414 571.5903628290544
    vertex 2414.981971533937 204.9019237886478 571.1619999999947
  endloop
endfacet
facet normal 4.6078619872233164e-15 -0.9063077870366462 0.4226182617407079
  outer loop
    vertex 2414.981971533937 204.9019237886478 571.1619999999947
    vertex 2415.4819715339368 204.68092213764342 570.6880604299718
    vertex 2415.4819715339368 204.90192378864788 571.1619999999947
  endloop
endfacet
facet normal 4.6078619872233164e-15 -0.9063077870366462 0.4226182617407079
  outer loop
    vertex 2415.4819715339368 204.68092213764342 570.6880604299718
    vertex 2414.981971533937 204.9019237886478 571.1619999999947
    vertex 2414.981971533937 204.68092213764342 570.6880604299718
  endloop
endfacet
facet normal 8.818396736330827e-15 -0.9659258262890683 0.2588190451025206
  outer loop
    vertex 2414.981971533937 204.68092213764342 570.6880604299718
    vertex 2415.4819715339368 204.5455767409645 570.1829445329955
    vertex 2415.4819715339368 204.68092213764342 570.6880604299718
  endloop
endfacet
facet normal 8.818396736330827e-15 -0.9659258262890683 0.2588190451025206
  outer loop
    vertex 2415.4819715339368 204.5455767409645 570.1829445329955
    vertex 2414.981971533937 204.68092213764342 570.6880604299718
    vertex 2414.981971533937 204.5455767409645 570.1829445329955
  endloop
endfacet
facet normal 2.1815927467836342e-14 -1.4458707584735653e-14 -1.0
  outer loop
    vertex 2380.6319715339378 212.2000000000014 563.6619999999951
    vertex 2400.2308020140285 212.25281496925308 563.6619999999956
    vertex 2400.6319715339373 212.20000000000115 563.6619999999956
  endloop
endfacet
facet normal 2.1815927467836342e-14 -1.4458707584735653e-14 -1.0
  outer loop
    vertex 2400.2308020140285 212.25281496925308 563.6619999999956
    vertex 2380.6319715339378 212.2000000000014 563.6619999999951
    vertex 2381.033141053846 212.25281496925328 563.6619999999951
  endloop
endfacet
facet normal 2.1815927467836342e-14 -1.4458707584735653e-14 -1.0
  outer loop
    vertex 2400.2308020140285 212.25281496925308 563.6619999999956
    vertex 2381.033141053846 212.25281496925328 563.6619999999951
    vertex 2399.8569715339377 212.40766062413516 563.6619999999956
  endloop
endfacet
facet normal 2.1815927467836342e-14 -1.4458707584735653e-14 -1.0
  outer loop
    vertex 2399.8569715339377 212.40766062413516 563.6619999999956
    vertex 2381.033141053846 212.25281496925328 563.6619999999951
    vertex 2381.4069715339374 212.40766062413553 563.6619999999951
  endloop
endfacet
facet normal 2.1815927467836342e-14 -1.4458707584735653e-14 -1.0
  outer loop
    vertex 2399.8569715339377 212.40766062413516 563.6619999999956
    vertex 2381.4069715339374 212.40766062413553 563.6619999999951
    vertex 2399.535956023098 212.6539844891619 563.6619999999956
  endloop
endfacet
facet normal 2.1815927467836342e-14 -1.4458707584735653e-14 -1.0
  outer loop
    vertex 2399.535956023098 212.6539844891619 563.6619999999956
    vertex 2381.4069715339374 212.40766062413553 563.6619999999951
    vertex 2381.7279870447765 212.6539844891623 563.6619999999951
  endloop
endfacet
facet normal 2.1815927467836342e-14 -1.4458707584735653e-14 -1.0
  outer loop
    vertex 2399.535956023098 212.6539844891619 563.6619999999956
    vertex 2381.7279870447765 212.6539844891623 563.6619999999951
    vertex 2399.2896321580715 212.9750000000011 563.6619999999956
  endloop
endfacet
facet normal 2.1815927467836342e-14 -1.4458707584735653e-14 -1.0
  outer loop
    vertex 2399.2896321580715 212.9750000000011 563.6619999999956
    vertex 2381.7279870447765 212.6539844891623 563.6619999999951
    vertex 2381.9743109098035 212.97500000000147 563.6619999999951
  endloop
endfacet
facet normal 2.1815927467836342e-14 -1.4458707584735653e-14 -1.0
  outer loop
    vertex 2399.2896321580715 212.9750000000011 563.6619999999956
    vertex 2381.9743109098035 212.97500000000147 563.6619999999951
    vertex 2399.1347865031894 213.34883048009218 563.6619999999956
  endloop
endfacet
facet normal 2.1815927467836342e-14 -1.4458707584735653e-14 -1.0
  outer loop
    vertex 2399.1347865031894 213.34883048009218 563.6619999999956
    vertex 2381.9743109098035 212.97500000000147 563.6619999999951
    vertex 2382.1291565646857 213.34883048009254 563.6619999999951
  endloop
endfacet
facet normal 2.1815927467836342e-14 -1.4458707584735653e-14 -1.0
  outer loop
    vertex 2399.1347865031894 213.34883048009218 563.6619999999956
    vertex 2382.1291565646857 213.34883048009254 563.6619999999951
    vertex 2399.0819715339376 213.7500000000011 563.6619999999956
  endloop
endfacet
facet normal 2.1815927467836342e-14 -1.4458707584735653e-14 -1.0
  outer loop
    vertex 2399.0819715339376 213.7500000000011 563.6619999999956
    vertex 2382.1291565646857 213.34883048009254 563.6619999999951
    vertex 2382.1819715339375 213.75000000000148 563.6619999999951
  endloop
endfacet
facet normal 2.1815927467836342e-14 -1.4458707584735653e-14 -1.0
  outer loop
    vertex 2399.0819715339376 213.7500000000011 563.6619999999956
    vertex 2382.1819715339375 213.75000000000148 563.6619999999951
    vertex 2399.1347865031894 214.15116951991004 563.6619999999956
  endloop
endfacet
facet normal 2.1815927467836342e-14 -1.4458707584735653e-14 -1.0
  outer loop
    vertex 2399.1347865031894 214.15116951991004 563.6619999999956
    vertex 2382.1819715339375 213.75000000000148 563.6619999999951
    vertex 2382.1291565646857 214.1511695199104 563.6619999999951
  endloop
endfacet
facet normal 2.1815927467836342e-14 -1.4458707584735653e-14 -1.0
  outer loop
    vertex 2399.1347865031894 214.15116951991004 563.6619999999956
    vertex 2382.1291565646857 214.1511695199104 563.6619999999951
    vertex 2399.2896321580715 214.5250000000011 563.6619999999956
  endloop
endfacet
facet normal 2.1815927467836342e-14 -1.4458707584735653e-14 -1.0
  outer loop
    vertex 2399.2896321580715 214.5250000000011 563.6619999999956
    vertex 2382.1291565646857 214.1511695199104 563.6619999999951
    vertex 2381.974310909803 214.52500000000148 563.6619999999951
  endloop
endfacet
facet normal 2.1815927467836342e-14 -1.4458707584735653e-14 -1.0
  outer loop
    vertex 2399.2896321580715 214.5250000000011 563.6619999999956
    vertex 2381.974310909803 214.52500000000148 563.6619999999951
    vertex 2399.535956023098 214.84601551084023 563.6619999999956
  endloop
endfacet
facet normal 2.1815927467836342e-14 -1.4458707584735653e-14 -1.0
  outer loop
    vertex 2399.535956023098 214.84601551084023 563.6619999999956
    vertex 2381.974310909803 214.52500000000148 563.6619999999951
    vertex 2381.7279870447765 214.84601551084063 563.6619999999951
  endloop
endfacet
facet normal 2.1815927467836342e-14 -1.4458707584735653e-14 -1.0
  outer loop
    vertex 2399.535956023098 214.84601551084023 563.6619999999956
    vertex 2381.7279870447765 214.84601551084063 563.6619999999951
    vertex 2399.856971533937 215.09233937586697 563.6619999999956
  endloop
endfacet
facet normal 2.1815927467836342e-14 -1.4458707584735653e-14 -1.0
  outer loop
    vertex 2399.856971533937 215.09233937586697 563.6619999999956
    vertex 2381.7279870447765 214.84601551084063 563.6619999999951
    vertex 2381.4069715339374 215.09233937586734 563.6619999999951
  endloop
endfacet
facet normal 2.1815927467836342e-14 -1.4458707584735653e-14 -1.0
  outer loop
    vertex 2399.856971533937 215.09233937586697 563.6619999999956
    vertex 2381.4069715339374 215.09233937586734 563.6619999999951
    vertex 2400.2308020140285 215.24718503074925 563.6619999999956
  endloop
endfacet
facet normal 2.1815927467836342e-14 -1.4458707584735653e-14 -1.0
  outer loop
    vertex 2400.2308020140285 215.24718503074925 563.6619999999956
    vertex 2381.4069715339374 215.09233937586734 563.6619999999951
    vertex 2381.033141053846 215.24718503074948 563.6619999999951
  endloop
endfacet
facet normal 2.1815927467836342e-14 -1.4458707584735653e-14 -1.0
  outer loop
    vertex 2400.2308020140285 215.24718503074925 563.6619999999956
    vertex 2381.033141053846 215.24718503074948 563.6619999999951
    vertex 2400.6319715339373 215.30000000000115 563.6619999999956
  endloop
endfacet
facet normal 2.1815927467836342e-14 -1.4458707584735653e-14 -1.0
  outer loop
    vertex 2400.6319715339373 215.30000000000115 563.6619999999956
    vertex 2381.033141053846 215.24718503074948 563.6619999999951
    vertex 2380.6319715339373 215.30000000000143 563.6619999999951
  endloop
endfacet
facet normal 2.1815927467836342e-14 -1.4458707584735653e-14 -1.0
  outer loop
    vertex 2377.1319715339378 187.2500000000002 563.6619999999951
    vertex 2404.6319715339378 191.25000000000048 563.6619999999958
    vertex 2404.6319715339378 187.2500000000005 563.6619999999956
  endloop
endfacet
facet normal 2.1815927467836342e-14 -1.4458707584735653e-14 -1.0
  outer loop
    vertex 2404.6319715339378 191.25000000000048 563.6619999999958
    vertex 2377.1319715339378 187.2500000000002 563.6619999999951
    vertex 2380.6319715339378 192.20000000000138 563.6619999999951
  endloop
endfacet
facet normal 2.1815927467836342e-14 -1.4458707584735653e-14 -1.0
  outer loop
    vertex 2380.6319715339378 192.20000000000138 563.6619999999951
    vertex 2377.1319715339378 187.2500000000002 563.6619999999951
    vertex 2380.2308020140285 192.25281496925328 563.6619999999951
  endloop
endfacet
facet normal 2.1815927467836342e-14 -1.4458707584735653e-14 -1.0
  outer loop
    vertex 2380.2308020140285 192.25281496925328 563.6619999999951
    vertex 2377.1319715339378 187.2500000000002 563.6619999999951
    vertex 2379.8569715339377 192.4076606241355 563.6619999999951
  endloop
endfacet
facet normal 2.1815927467836342e-14 -1.4458707584735653e-14 -1.0
  outer loop
    vertex 2379.8569715339377 192.4076606241355 563.6619999999951
    vertex 2377.1319715339378 187.2500000000002 563.6619999999951
    vertex 2379.5359560230986 192.6539844891622 563.6619999999951
  endloop
endfacet
facet normal 2.1815927467836342e-14 -1.4458707584735653e-14 -1.0
  outer loop
    vertex 2379.5359560230986 192.6539844891622 563.6619999999951
    vertex 2377.1319715339378 187.2500000000002 563.6619999999951
    vertex 2379.289632158072 192.97500000000136 563.6619999999951
  endloop
endfacet
facet normal 2.1815927467836342e-14 -1.4458707584735653e-14 -1.0
  outer loop
    vertex 2379.289632158072 192.97500000000136 563.6619999999951
    vertex 2377.1319715339378 187.2500000000002 563.6619999999951
    vertex 2379.13478650319 193.3488304800925 563.6619999999951
  endloop
endfacet
facet normal 2.1815927467836342e-14 -1.4458707584735653e-14 -1.0
  outer loop
    vertex 2379.13478650319 193.3488304800925 563.6619999999951
    vertex 2377.1319715339378 187.2500000000002 563.6619999999951
    vertex 2379.0819715339376 193.75000000000136 563.6619999999951
  endloop
endfacet
facet normal 2.1815927467836342e-14 -1.4458707584735653e-14 -1.0
  outer loop
    vertex 2379.0819715339376 193.75000000000136 563.6619999999951
    vertex 2377.1319715339378 187.2500000000002 563.6619999999951
    vertex 2377.1319715339373 229.00000000000034 563.6619999999944
  endloop
endfacet
facet normal 2.1815927467836342e-14 -1.4458707584735653e-14 -1.0
  outer loop
    vertex 2404.6319715339378 191.25000000000048 563.6619999999958
    vertex 2380.6319715339378 192.20000000000138 563.6619999999951
    vertex 2400.6319715339378 192.20000000000113 563.6619999999956
  endloop
endfacet
facet normal 2.1815927467836342e-14 -1.4458707584735653e-14 -1.0
  outer loop
    vertex 2379.0819715339376 193.75000000000136 563.6619999999951
    vertex 2377.1319715339373 229.00000000000034 563.6619999999944
    vertex 2379.13478650319 194.15116951991035 563.6619999999951
  endloop
endfacet
facet normal 2.1815927467836342e-14 -1.4458707584735653e-14 -1.0
  outer loop
    vertex 2379.13478650319 194.15116951991035 563.6619999999951
    vertex 2377.1319715339373 229.00000000000034 563.6619999999944
    vertex 2379.289632158072 194.52500000000137 563.6619999999951
  endloop
endfacet
facet normal 2.1815927467836342e-14 -1.4458707584735653e-14 -1.0
  outer loop
    vertex 2379.289632158072 194.52500000000137 563.6619999999951
    vertex 2377.1319715339373 229.00000000000034 563.6619999999944
    vertex 2379.5359560230986 194.84601551084052 563.6619999999951
  endloop
endfacet
facet normal 2.1815927467836342e-14 -1.4458707584735653e-14 -1.0
  outer loop
    vertex 2379.5359560230986 194.84601551084052 563.6619999999951
    vertex 2377.1319715339373 229.00000000000034 563.6619999999944
    vertex 2379.8569715339377 195.0923393758673 563.6619999999951
  endloop
endfacet
facet normal 2.1815927467836342e-14 -1.4458707584735653e-14 -1.0
  outer loop
    vertex 2379.8569715339377 195.0923393758673 563.6619999999951
    vertex 2377.1319715339373 229.00000000000034 563.6619999999944
    vertex 2380.2308020140285 195.24718503074945 563.6619999999951
  endloop
endfacet
facet normal 2.1815927467836342e-14 -1.4458707584735653e-14 -1.0
  outer loop
    vertex 2380.2308020140285 195.24718503074945 563.6619999999951
    vertex 2377.1319715339373 229.00000000000034 563.6619999999944
    vertex 2380.6319715339378 195.3000000000014 563.661999999995
  endloop
endfacet
facet normal 2.1815927467836342e-14 -1.4458707584735653e-14 -1.0
  outer loop
    vertex 2380.6319715339378 195.3000000000014 563.661999999995
    vertex 2377.1319715339373 229.00000000000034 563.6619999999944
    vertex 2379.081971533937 213.75000000000142 563.661999999995
  endloop
endfacet
facet normal 2.1815927467836342e-14 -1.4458707584735653e-14 -1.0
  outer loop
    vertex 2380.6319715339378 195.3000000000014 563.661999999995
    vertex 2379.081971533937 213.75000000000142 563.661999999995
    vertex 2379.1347865031894 213.3488304800925 563.661999999995
  endloop
endfacet
facet normal 2.1815927467836342e-14 -1.4458707584735653e-14 -1.0
  outer loop
    vertex 2380.6319715339378 195.3000000000014 563.661999999995
    vertex 2379.1347865031894 213.3488304800925 563.661999999995
    vertex 2379.289632158072 212.97500000000142 563.661999999995
  endloop
endfacet
facet normal 2.1815927467836342e-14 -1.4458707584735653e-14 -1.0
  outer loop
    vertex 2380.6319715339378 195.3000000000014 563.661999999995
    vertex 2379.289632158072 212.97500000000142 563.661999999995
    vertex 2379.5359560230986 212.65398448916227 563.661999999995
  endloop
endfacet
facet normal 2.1815927467836342e-14 -1.4458707584735653e-14 -1.0
  outer loop
    vertex 2380.6319715339378 195.3000000000014 563.661999999995
    vertex 2379.5359560230986 212.65398448916227 563.661999999995
    vertex 2379.8569715339377 212.40766062413553 563.661999999995
  endloop
endfacet
facet normal 2.1815927467836342e-14 -1.4458707584735653e-14 -1.0
  outer loop
    vertex 2380.6319715339378 195.3000000000014 563.661999999995
    vertex 2379.8569715339377 212.40766062413553 563.661999999995
    vertex 2380.2308020140285 212.25281496925334 563.6619999999949
  endloop
endfacet
facet normal 2.1815927467836342e-14 -1.4458707584735653e-14 -1.0
  outer loop
    vertex 2380.6319715339378 195.3000000000014 563.661999999995
    vertex 2380.2308020140285 212.25281496925334 563.6619999999949
    vertex 2380.6319715339378 212.2000000000014 563.6619999999951
  endloop
endfacet
facet normal 2.1815927467836342e-14 -1.4458707584735653e-14 -1.0
  outer loop
    vertex 2380.6319715339378 195.3000000000014 563.661999999995
    vertex 2380.6319715339378 212.2000000000014 563.6619999999951
    vertex 2404.6319715339378 212.00000000000097 563.6619999999953
  endloop
endfacet
facet normal 2.1815927467836342e-14 -1.4458707584735653e-14 -1.0
  outer loop
    vertex 2380.6319715339378 195.3000000000014 563.661999999995
    vertex 2404.6319715339378 212.00000000000097 563.6619999999953
    vertex 2414.9819715339377 212.00000000000105 563.6619999999955
  endloop
endfacet
facet normal 2.1815927467836342e-14 -1.4458707584735653e-14 -1.0
  outer loop
    vertex 2404.6319715339378 212.00000000000097 563.6619999999953
    vertex 2380.6319715339378 212.2000000000014 563.6619999999951
    vertex 2400.6319715339373 212.20000000000115 563.6619999999956
  endloop
endfacet
facet normal 2.1815927467836342e-14 -1.4458707584735653e-14 -1.0
  outer loop
    vertex 2379.081971533937 213.75000000000142 563.661999999995
    vertex 2377.1319715339373 229.00000000000034 563.6619999999944
    vertex 2379.1347865031894 214.15116951991035 563.661999999995
  endloop
endfacet
facet normal 2.1815927467836342e-14 -1.4458707584735653e-14 -1.0
  outer loop
    vertex 2379.1347865031894 214.15116951991035 563.661999999995
    vertex 2377.1319715339373 229.00000000000034 563.6619999999944
    vertex 2379.2896321580715 214.52500000000143 563.6619999999949
  endloop
endfacet
facet normal 2.1815927467836342e-14 -1.4458707584735653e-14 -1.0
  outer loop
    vertex 2379.2896321580715 214.52500000000143 563.6619999999949
    vertex 2377.1319715339373 229.00000000000034 563.6619999999944
    vertex 2379.5359560230986 214.84601551084057 563.6619999999949
  endloop
endfacet
facet normal 2.1815927467836342e-14 -1.4458707584735653e-14 -1.0
  outer loop
    vertex 2379.5359560230986 214.84601551084057 563.6619999999949
    vertex 2377.1319715339373 229.00000000000034 563.6619999999944
    vertex 2379.8569715339377 215.09233937586734 563.6619999999951
  endloop
endfacet
facet normal 2.1815927467836342e-14 -1.4458707584735653e-14 -1.0
  outer loop
    vertex 2379.8569715339377 215.09233937586734 563.6619999999951
    vertex 2377.1319715339373 229.00000000000034 563.6619999999944
    vertex 2380.2308020140285 215.2471850307495 563.6619999999951
  endloop
endfacet
facet normal 2.1815927467836342e-14 -1.4458707584735653e-14 -1.0
  outer loop
    vertex 2380.2308020140285 215.2471850307495 563.6619999999951
    vertex 2377.1319715339373 229.00000000000034 563.6619999999944
    vertex 2380.6319715339373 215.30000000000143 563.6619999999951
  endloop
endfacet
facet normal 2.1815927467836342e-14 -1.4458707584735653e-14 -1.0
  outer loop
    vertex 2380.6319715339373 215.30000000000143 563.6619999999951
    vertex 2377.1319715339373 229.00000000000034 563.6619999999944
    vertex 2404.6319715339373 229.0000000000007 563.6619999999951
  endloop
endfacet
facet normal 2.1815927467836342e-14 -1.4458707584735653e-14 -1.0
  outer loop
    vertex 2404.6319715339378 212.00000000000097 563.6619999999953
    vertex 2402.129156564685 213.34883048009223 563.6619999999956
    vertex 2404.6319715339373 229.0000000000007 563.6619999999951
  endloop
endfacet
facet normal 2.1815927467836342e-14 -1.4458707584735653e-14 -1.0
  outer loop
    vertex 2402.129156564685 213.34883048009223 563.6619999999956
    vertex 2404.6319715339378 212.00000000000097 563.6619999999953
    vertex 2401.974310909803 212.97500000000116 563.6619999999956
  endloop
endfacet
facet normal 2.1815927467836342e-14 -1.4458707584735653e-14 -1.0
  outer loop
    vertex 2401.974310909803 212.97500000000116 563.6619999999956
    vertex 2404.6319715339378 212.00000000000097 563.6619999999953
    vertex 2401.727987044777 212.65398448916199 563.6619999999956
  endloop
endfacet
facet normal 2.1815927467836342e-14 -1.4458707584735653e-14 -1.0
  outer loop
    vertex 2401.727987044777 212.65398448916199 563.6619999999956
    vertex 2404.6319715339378 212.00000000000097 563.6619999999953
    vertex 2401.4069715339374 212.40766062413525 563.6619999999956
  endloop
endfacet
facet normal 2.1815927467836342e-14 -1.4458707584735653e-14 -1.0
  outer loop
    vertex 2401.4069715339374 212.40766062413525 563.6619999999956
    vertex 2404.6319715339378 212.00000000000097 563.6619999999953
    vertex 2401.0331410538465 212.25281496925308 563.6619999999956
  endloop
endfacet
facet normal 2.1815927467836342e-14 -1.4458707584735653e-14 -1.0
  outer loop
    vertex 2401.0331410538465 212.25281496925308 563.6619999999956
    vertex 2404.6319715339378 212.00000000000097 563.6619999999953
    vertex 2400.6319715339373 212.20000000000115 563.6619999999956
  endloop
endfacet
facet normal 2.1815927467836342e-14 -1.4458707584735653e-14 -1.0
  outer loop
    vertex 2404.6319715339373 229.0000000000007 563.6619999999951
    vertex 2402.129156564685 213.34883048009223 563.6619999999956
    vertex 2402.1819715339375 213.75000000000117 563.6619999999957
  endloop
endfacet
facet normal 2.1815927467836342e-14 -1.4458707584735653e-14 -1.0
  outer loop
    vertex 2404.6319715339373 229.0000000000007 563.6619999999951
    vertex 2402.1819715339375 213.75000000000117 563.6619999999957
    vertex 2402.129156564685 214.15116951991007 563.6619999999957
  endloop
endfacet
facet normal 2.1815927467836342e-14 -1.4458707584735653e-14 -1.0
  outer loop
    vertex 2404.6319715339373 229.0000000000007 563.6619999999951
    vertex 2402.129156564685 214.15116951991007 563.6619999999957
    vertex 2401.974310909803 214.52500000000117 563.6619999999957
  endloop
endfacet
facet normal 2.1815927467836342e-14 -1.4458707584735653e-14 -1.0
  outer loop
    vertex 2404.6319715339373 229.0000000000007 563.6619999999951
    vertex 2401.974310909803 214.52500000000117 563.6619999999957
    vertex 2401.727987044777 214.84601551084032 563.6619999999956
  endloop
endfacet
facet normal 2.1815927467836342e-14 -1.4458707584735653e-14 -1.0
  outer loop
    vertex 2404.6319715339373 229.0000000000007 563.6619999999951
    vertex 2401.727987044777 214.84601551084032 563.6619999999956
    vertex 2401.4069715339374 215.09233937586706 563.6619999999956
  endloop
endfacet
facet normal 2.1815927467836342e-14 -1.4458707584735653e-14 -1.0
  outer loop
    vertex 2404.6319715339373 229.0000000000007 563.6619999999951
    vertex 2401.4069715339374 215.09233937586706 563.6619999999956
    vertex 2401.0331410538465 215.24718503074925 563.6619999999956
  endloop
endfacet
facet normal 2.1815927467836342e-14 -1.4458707584735653e-14 -1.0
  outer loop
    vertex 2404.6319715339373 229.0000000000007 563.6619999999951
    vertex 2401.0331410538465 215.24718503074925 563.6619999999956
    vertex 2400.6319715339373 215.30000000000115 563.6619999999956
  endloop
endfacet
facet normal 2.1815927467836342e-14 -1.4458707584735653e-14 -1.0
  outer loop
    vertex 2404.6319715339373 229.0000000000007 563.6619999999951
    vertex 2400.6319715339373 215.30000000000115 563.6619999999956
    vertex 2380.6319715339373 215.30000000000143 563.6619999999951
  endloop
endfacet
facet normal 2.1815927467836342e-14 -1.4458707584735653e-14 -1.0
  outer loop
    vertex 2380.6319715339378 192.20000000000138 563.6619999999951
    vertex 2400.230802014029 192.252814969253 563.6619999999956
    vertex 2400.6319715339378 192.20000000000113 563.6619999999956
  endloop
endfacet
facet normal 2.1815927467836342e-14 -1.4458707584735653e-14 -1.0
  outer loop
    vertex 2400.230802014029 192.252814969253 563.6619999999956
    vertex 2380.6319715339378 192.20000000000138 563.6619999999951
    vertex 2381.0331410538465 192.25281496925336 563.6619999999951
  endloop
endfacet
facet normal 2.1815927467836342e-14 -1.4458707584735653e-14 -1.0
  outer loop
    vertex 2400.230802014029 192.252814969253 563.6619999999956
    vertex 2381.0331410538465 192.25281496925336 563.6619999999951
    vertex 2399.8569715339377 192.4076606241352 563.6619999999956
  endloop
endfacet
facet normal 2.1815927467836342e-14 -1.4458707584735653e-14 -1.0
  outer loop
    vertex 2399.8569715339377 192.4076606241352 563.6619999999956
    vertex 2381.0331410538465 192.25281496925336 563.6619999999951
    vertex 2381.406971533938 192.40766062413553 563.6619999999951
  endloop
endfacet
facet normal 2.1815927467836342e-14 -1.4458707584735653e-14 -1.0
  outer loop
    vertex 2399.8569715339377 192.4076606241352 563.6619999999956
    vertex 2381.406971533938 192.40766062413553 563.6619999999951
    vertex 2399.5359560230986 192.65398448916196 563.6619999999954
  endloop
endfacet
facet normal 2.1815927467836342e-14 -1.4458707584735653e-14 -1.0
  outer loop
    vertex 2399.5359560230986 192.65398448916196 563.6619999999954
    vertex 2381.406971533938 192.40766062413553 563.6619999999951
    vertex 2381.727987044777 192.65398448916224 563.661999999995
  endloop
endfacet
facet normal 2.1815927467836342e-14 -1.4458707584735653e-14 -1.0
  outer loop
    vertex 2399.5359560230986 192.65398448916196 563.6619999999954
    vertex 2381.727987044777 192.65398448916224 563.661999999995
    vertex 2399.289632158072 192.97500000000113 563.6619999999954
  endloop
endfacet
facet normal 2.1815927467836342e-14 -1.4458707584735653e-14 -1.0
  outer loop
    vertex 2399.289632158072 192.97500000000113 563.6619999999954
    vertex 2381.727987044777 192.65398448916224 563.661999999995
    vertex 2381.9743109098035 192.97500000000142 563.6619999999951
  endloop
endfacet
facet normal 2.1815927467836342e-14 -1.4458707584735653e-14 -1.0
  outer loop
    vertex 2399.289632158072 192.97500000000113 563.6619999999954
    vertex 2381.9743109098035 192.97500000000142 563.6619999999951
    vertex 2399.1347865031894 193.34883048009215 563.6619999999954
  endloop
endfacet
facet normal 2.1815927467836342e-14 -1.4458707584735653e-14 -1.0
  outer loop
    vertex 2399.1347865031894 193.34883048009215 563.6619999999954
    vertex 2381.9743109098035 192.97500000000142 563.6619999999951
    vertex 2382.1291565646857 193.34883048009254 563.6619999999951
  endloop
endfacet
facet normal 2.1815927467836342e-14 -1.4458707584735653e-14 -1.0
  outer loop
    vertex 2399.1347865031894 193.34883048009215 563.6619999999954
    vertex 2382.1291565646857 193.34883048009254 563.6619999999951
    vertex 2399.0819715339376 193.7500000000011 563.6619999999954
  endloop
endfacet
facet normal 2.1815927467836342e-14 -1.4458707584735653e-14 -1.0
  outer loop
    vertex 2399.0819715339376 193.7500000000011 563.6619999999954
    vertex 2382.1291565646857 193.34883048009254 563.6619999999951
    vertex 2382.1819715339375 193.75000000000142 563.6619999999951
  endloop
endfacet
facet normal 2.1815927467836342e-14 -1.4458707584735653e-14 -1.0
  outer loop
    vertex 2399.0819715339376 193.7500000000011 563.6619999999954
    vertex 2382.1819715339375 193.75000000000142 563.6619999999951
    vertex 2399.1347865031894 194.15116951991 563.6619999999955
  endloop
endfacet
facet normal 2.1815927467836342e-14 -1.4458707584735653e-14 -1.0
  outer loop
    vertex 2399.1347865031894 194.15116951991 563.6619999999955
    vertex 2382.1819715339375 193.75000000000142 563.6619999999951
    vertex 2382.1291565646857 194.15116951991038 563.6619999999951
  endloop
endfacet
facet normal 2.1815927467836342e-14 -1.4458707584735653e-14 -1.0
  outer loop
    vertex 2399.1347865031894 194.15116951991 563.6619999999955
    vertex 2382.1291565646857 194.15116951991038 563.6619999999951
    vertex 2399.2896321580715 194.5250000000011 563.6619999999956
  endloop
endfacet
facet normal 2.1815927467836342e-14 -1.4458707584735653e-14 -1.0
  outer loop
    vertex 2399.2896321580715 194.5250000000011 563.6619999999956
    vertex 2382.1291565646857 194.15116951991038 563.6619999999951
    vertex 2381.9743109098035 194.52500000000143 563.6619999999951
  endloop
endfacet
facet normal 2.1815927467836342e-14 -1.4458707584735653e-14 -1.0
  outer loop
    vertex 2399.2896321580715 194.5250000000011 563.6619999999956
    vertex 2381.9743109098035 194.52500000000143 563.6619999999951
    vertex 2399.5359560230986 194.8460155108403 563.6619999999956
  endloop
endfacet
facet normal 2.1815927467836342e-14 -1.4458707584735653e-14 -1.0
  outer loop
    vertex 2399.5359560230986 194.8460155108403 563.6619999999956
    vertex 2381.9743109098035 194.52500000000143 563.6619999999951
    vertex 2381.727987044777 194.84601551084054 563.6619999999951
  endloop
endfacet
facet normal 2.1815927467836342e-14 -1.4458707584735653e-14 -1.0
  outer loop
    vertex 2399.5359560230986 194.8460155108403 563.6619999999956
    vertex 2381.727987044777 194.84601551084054 563.6619999999951
    vertex 2399.8569715339377 195.09233937586697 563.6619999999956
  endloop
endfacet
facet normal 2.1815927467836342e-14 -1.4458707584735653e-14 -1.0
  outer loop
    vertex 2399.8569715339377 195.09233937586697 563.6619999999956
    vertex 2381.727987044777 194.84601551084054 563.6619999999951
    vertex 2381.4069715339374 195.09233937586734 563.6619999999951
  endloop
endfacet
facet normal 2.1815927467836342e-14 -1.4458707584735653e-14 -1.0
  outer loop
    vertex 2399.8569715339377 195.09233937586697 563.6619999999956
    vertex 2381.4069715339374 195.09233937586734 563.6619999999951
    vertex 2400.230802014029 195.24718503074916 563.6619999999956
  endloop
endfacet
facet normal 2.1815927467836342e-14 -1.4458707584735653e-14 -1.0
  outer loop
    vertex 2400.230802014029 195.24718503074916 563.6619999999956
    vertex 2381.4069715339374 195.09233937586734 563.6619999999951
    vertex 2381.0331410538465 195.24718503074953 563.661999999995
  endloop
endfacet
facet normal 2.1815927467836342e-14 -1.4458707584735653e-14 -1.0
  outer loop
    vertex 2400.230802014029 195.24718503074916 563.6619999999956
    vertex 2381.0331410538465 195.24718503074953 563.661999999995
    vertex 2400.6319715339373 195.30000000000115 563.6619999999956
  endloop
endfacet
facet normal 2.1815927467836342e-14 -1.4458707584735653e-14 -1.0
  outer loop
    vertex 2400.6319715339373 195.30000000000115 563.6619999999956
    vertex 2381.0331410538465 195.24718503074953 563.661999999995
    vertex 2380.6319715339378 195.3000000000014 563.661999999995
  endloop
endfacet
facet normal 2.1815927467836342e-14 -1.4458707584735653e-14 -1.0
  outer loop
    vertex 2404.6319715339378 191.25000000000048 563.6619999999958
    vertex 2414.9819715339377 212.00000000000105 563.6619999999955
    vertex 2414.9819715339377 191.25000000000057 563.6619999999957
  endloop
endfacet
facet normal 2.1815927467836342e-14 -1.4458707584735653e-14 -1.0
  outer loop
    vertex 2414.9819715339377 212.00000000000105 563.6619999999955
    vertex 2404.6319715339378 191.25000000000048 563.6619999999958
    vertex 2401.9743109098035 192.9750000000011 563.6619999999956
  endloop
endfacet
facet normal 2.1815927467836342e-14 -1.4458707584735653e-14 -1.0
  outer loop
    vertex 2401.9743109098035 192.9750000000011 563.6619999999956
    vertex 2404.6319715339378 191.25000000000048 563.6619999999958
    vertex 2401.727987044777 192.65398448916193 563.6619999999956
  endloop
endfacet
facet normal 2.1815927467836342e-14 -1.4458707584735653e-14 -1.0
  outer loop
    vertex 2401.727987044777 192.65398448916193 563.6619999999956
    vertex 2404.6319715339378 191.25000000000048 563.6619999999958
    vertex 2401.4069715339374 192.4076606241352 563.6619999999956
  endloop
endfacet
facet normal 2.1815927467836342e-14 -1.4458707584735653e-14 -1.0
  outer loop
    vertex 2401.4069715339374 192.4076606241352 563.6619999999956
    vertex 2404.6319715339378 191.25000000000048 563.6619999999958
    vertex 2401.0331410538465 192.25281496925302 563.6619999999956
  endloop
endfacet
facet normal 2.1815927467836342e-14 -1.4458707584735653e-14 -1.0
  outer loop
    vertex 2401.0331410538465 192.25281496925302 563.6619999999956
    vertex 2404.6319715339378 191.25000000000048 563.6619999999958
    vertex 2400.6319715339378 192.20000000000113 563.6619999999956
  endloop
endfacet
facet normal 2.1815927467836342e-14 -1.4458707584735653e-14 -1.0
  outer loop
    vertex 2414.9819715339377 212.00000000000105 563.6619999999955
    vertex 2401.9743109098035 192.9750000000011 563.6619999999956
    vertex 2402.1291565646857 193.34883048009218 563.6619999999956
  endloop
endfacet
facet normal 2.1815927467836342e-14 -1.4458707584735653e-14 -1.0
  outer loop
    vertex 2414.9819715339377 212.00000000000105 563.6619999999955
    vertex 2402.1291565646857 193.34883048009218 563.6619999999956
    vertex 2402.181971533938 193.75000000000117 563.6619999999956
  endloop
endfacet
facet normal 2.1815927467836342e-14 -1.4458707584735653e-14 -1.0
  outer loop
    vertex 2414.9819715339377 212.00000000000105 563.6619999999955
    vertex 2402.181971533938 193.75000000000117 563.6619999999956
    vertex 2402.1291565646857 194.15116951991004 563.6619999999956
  endloop
endfacet
facet normal 2.1815927467836342e-14 -1.4458707584735653e-14 -1.0
  outer loop
    vertex 2414.9819715339377 212.00000000000105 563.6619999999955
    vertex 2402.1291565646857 194.15116951991004 563.6619999999956
    vertex 2401.974310909803 194.5250000000011 563.6619999999956
  endloop
endfacet
facet normal 2.1815927467836342e-14 -1.4458707584735653e-14 -1.0
  outer loop
    vertex 2414.9819715339377 212.00000000000105 563.6619999999955
    vertex 2401.974310909803 194.5250000000011 563.6619999999956
    vertex 2401.727987044777 194.84601551084026 563.6619999999956
  endloop
endfacet
facet normal 2.1815927467836342e-14 -1.4458707584735653e-14 -1.0
  outer loop
    vertex 2414.9819715339377 212.00000000000105 563.6619999999955
    vertex 2401.727987044777 194.84601551084026 563.6619999999956
    vertex 2401.4069715339374 195.092339375867 563.6619999999956
  endloop
endfacet
facet normal 2.1815927467836342e-14 -1.4458707584735653e-14 -1.0
  outer loop
    vertex 2414.9819715339377 212.00000000000105 563.6619999999955
    vertex 2401.4069715339374 195.092339375867 563.6619999999956
    vertex 2401.0331410538465 195.2471850307492 563.6619999999956
  endloop
endfacet
facet normal 2.1815927467836342e-14 -1.4458707584735653e-14 -1.0
  outer loop
    vertex 2414.9819715339377 212.00000000000105 563.6619999999955
    vertex 2401.0331410538465 195.2471850307492 563.6619999999956
    vertex 2400.6319715339373 195.30000000000115 563.6619999999956
  endloop
endfacet
facet normal 2.1815927467836342e-14 -1.4458707584735653e-14 -1.0
  outer loop
    vertex 2414.9819715339377 212.00000000000105 563.6619999999955
    vertex 2400.6319715339373 195.30000000000115 563.6619999999956
    vertex 2380.6319715339378 195.3000000000014 563.661999999995
  endloop
endfacet
facet normal -7.43097757694468e-15 1.0 6.126106527475753e-15
  outer loop
    vertex 2404.6319715339378 212.00000000000097 563.6619999999953
    vertex 2414.981971533937 212.00000000000105 564.5874657390042
    vertex 2414.9819715339377 212.00000000000105 563.6619999999955
  endloop
endfacet
facet normal -7.43097757694468e-15 1.0 6.126106527475753e-15
  outer loop
    vertex 2414.981971533937 212.00000000000105 564.5874657390042
    vertex 2404.6319715339378 212.00000000000097 563.6619999999953
    vertex 2404.6319715339378 212.00000000000097 564.5874657390041
  endloop
endfacet
facet normal -1.8502043910973924e-14 0.819152044289 0.5735764363510345
  outer loop
    vertex 2404.6319715339378 212.00000000000097 564.5874657390041
    vertex 2414.981971533937 211.77275866404833 564.9119999999946
    vertex 2414.981971533937 212.00000000000105 564.5874657390042
  endloop
endfacet
facet normal -1.8502043910973924e-14 0.819152044289 0.5735764363510345
  outer loop
    vertex 2414.981971533937 211.77275866404833 564.9119999999946
    vertex 2404.6319715339378 212.00000000000097 564.5874657390041
    vertex 2404.6319715339378 211.7727586640482 564.9119999999944
  endloop
endfacet
facet normal -1.5882237786440146e-14 0.9063077870366476 0.42261826174070444
  outer loop
    vertex 2404.6319715339378 211.7727586640482 564.9119999999944
    vertex 2414.981971533937 211.07292010253437 566.4128086384006
    vertex 2414.981971533937 211.77275866404833 564.9119999999946
  endloop
endfacet
facet normal -1.5882237786440146e-14 0.9063077870366476 0.42261826174070444
  outer loop
    vertex 2414.981971533937 211.07292010253437 566.4128086384006
    vertex 2404.6319715339378 211.7727586640482 564.9119999999944
    vertex 2404.6319715339378 211.07292010253428 566.4128086384005
  endloop
endfacet
facet normal -1.2779857903564956e-14 0.9659258262890706 0.25881904510251247
  outer loop
    vertex 2404.6319715339378 211.07292010253428 566.4128086384005
    vertex 2414.981971533937 210.64432634638453 568.0123423121587
    vertex 2414.981971533937 211.07292010253437 566.4128086384006
  endloop
endfacet
facet normal -1.2779857903564956e-14 0.9659258262890706 0.25881904510251247
  outer loop
    vertex 2414.981971533937 210.64432634638453 568.0123423121587
    vertex 2404.6319715339378 211.07292010253428 566.4128086384005
    vertex 2404.6319715339378 210.6443263463844 568.0123423121586
  endloop
endfacet
facet normal -1.6317953721066296e-14 0.9961946980917783 0.08715574274728315
  outer loop
    vertex 2404.6319715339378 210.6443263463844 568.0123423121586
    vertex 2414.981971533937 210.50000000000114 569.6619999999947
    vertex 2414.981971533937 210.64432634638453 568.0123423121587
  endloop
endfacet
facet normal -1.6317953721066296e-14 0.9961946980917783 0.08715574274728315
  outer loop
    vertex 2414.981971533937 210.50000000000114 569.6619999999947
    vertex 2404.6319715339378 210.6443263463844 568.0123423121586
    vertex 2404.6319715339373 210.50000000000094 569.6619999999946
  endloop
endfacet
facet normal 9.643202751935768e-15 -1.0 1.4152664511321997e-15
  outer loop
    vertex 2377.1319715339378 187.25000000000026 567.6619999999934
    vertex 2404.6319715339378 187.2500000000005 563.6619999999956
    vertex 2404.6319715339373 187.2500000000005 580.6619999999947
  endloop
endfacet
facet normal 9.643202751935768e-15 -1.0 1.4152664511321997e-15
  outer loop
    vertex 2404.6319715339378 187.2500000000005 563.6619999999956
    vertex 2377.1319715339378 187.25000000000026 567.6619999999934
    vertex 2377.1319715339378 187.2500000000002 563.6619999999951
  endloop
endfacet
facet normal -3.093918366987657e-14 -1.0 -8.53131970384741e-14
  outer loop
    vertex 2404.631971533936 226.39999999999895 580.6619999999945
    vertex 2395.331971533936 226.4000000000011 575.1619999999942
    vertex 2404.6319715339364 226.39999999999895 575.1619999999945
  endloop
endfacet
facet normal -3.093918366987657e-14 -1.0 -8.53131970384741e-14
  outer loop
    vertex 2395.331971533936 226.4000000000011 575.1619999999942
    vertex 2404.631971533936 226.39999999999895 580.6619999999945
    vertex 2377.131971533937 226.40000000000066 567.6619999999933
  endloop
endfacet
facet normal -3.093918366987657e-14 -1.0 -8.53131970384741e-14
  outer loop
    vertex 2377.131971533937 226.40000000000066 567.6619999999933
    vertex 2395.3319715339367 226.40000000000094 567.6619999999937
    vertex 2395.331971533936 226.4000000000011 575.1619999999942
  endloop
endfacet
facet normal -1.0 -6.796500705270006e-15 -4.930770039018793e-14
  outer loop
    vertex 2395.3319715339367 212.06328084799995 567.6619999999939
    vertex 2395.3319715339367 215.30153689607127 567.9518992833654
    vertex 2395.3319715339367 215.4367191520011 567.6619999999937
  endloop
endfacet
facet normal -1.0 -6.796500705270006e-15 -4.930770039018793e-14
  outer loop
    vertex 2395.3319715339367 215.30153689607127 567.9518992833654
    vertex 2395.3319715339367 212.06328084799995 567.6619999999939
    vertex 2395.3319715339367 212.1984631039304 567.9518992833669
  endloop
endfacet
facet normal -1.0 -6.796500705270006e-15 -4.930770039018793e-14
  outer loop
    vertex 2395.3319715339367 215.30153689607127 567.9518992833654
    vertex 2395.3319715339367 212.1984631039304 567.9518992833669
    vertex 2395.3319715339367 215.07596123493957 568.7937591116588
  endloop
endfacet
facet normal -1.0 -6.796500705270006e-15 -4.930770039018793e-14
  outer loop
    vertex 2395.3319715339367 215.07596123493957 568.7937591116588
    vertex 2395.3319715339367 212.1984631039304 567.9518992833669
    vertex 2395.3319715339367 212.424038765062 568.7937591116599
  endloop
endfacet
facet normal -1.0 -6.796500705270006e-15 -4.930770039018793e-14
  outer loop
    vertex 2395.3319715339367 215.07596123493957 568.7937591116588
    vertex 2395.3319715339367 212.424038765062 568.7937591116599
    vertex 2395.3319715339367 215.00000000000074 569.6619999999938
  endloop
endfacet
facet normal -1.0 -6.796500705270006e-15 -4.930770039018793e-14
  outer loop
    vertex 2395.3319715339367 215.00000000000074 569.6619999999938
    vertex 2395.3319715339367 212.424038765062 568.7937591116599
    vertex 2395.3319715339367 212.50000000000068 569.6619999999949
  endloop
endfacet
facet normal -1.0 -6.796500705270006e-15 -4.930770039018793e-14
  outer loop
    vertex 2395.3319715339367 215.00000000000074 569.6619999999938
    vertex 2395.3319715339367 212.50000000000068 569.6619999999949
    vertex 2395.3319715339367 215.0759612349395 570.530240888328
  endloop
endfacet
facet normal -1.0 -6.796500705270006e-15 -4.930770039018793e-14
  outer loop
    vertex 2395.3319715339367 215.0759612349395 570.530240888328
    vertex 2395.3319715339367 212.50000000000068 569.6619999999949
    vertex 2395.3319715339367 212.42403876506194 570.5302408883288
  endloop
endfacet
facet normal -1.0 -6.796500705270006e-15 -4.930770039018793e-14
  outer loop
    vertex 2395.3319715339367 215.0759612349395 570.530240888328
    vertex 2395.3319715339367 212.42403876506194 570.5302408883288
    vertex 2395.3319715339367 215.3015368960712 571.3721007166225
  endloop
endfacet
facet normal -1.0 -6.796500705270006e-15 -4.930770039018793e-14
  outer loop
    vertex 2395.3319715339367 215.3015368960712 571.3721007166225
    vertex 2395.3319715339367 212.42403876506194 570.5302408883288
    vertex 2395.3319715339367 212.19846310393035 571.3721007166226
  endloop
endfacet
facet normal -1.0 -6.796500705270006e-15 -4.930770039018793e-14
  outer loop
    vertex 2395.3319715339367 215.3015368960712 571.3721007166225
    vertex 2395.3319715339367 212.19846310393035 571.3721007166226
    vertex 2395.3319715339367 215.6698729810787 572.1619999999942
  endloop
endfacet
facet normal -1.0 -6.796500705270006e-15 -4.930770039018793e-14
  outer loop
    vertex 2395.3319715339367 215.6698729810787 572.1619999999942
    vertex 2395.3319715339367 212.19846310393035 571.3721007166226
    vertex 2395.3319715339367 211.83012701892298 572.1619999999947
  endloop
endfacet
facet normal -1.0 -6.796500705270006e-15 -4.930770039018793e-14
  outer loop
    vertex 2395.3319715339367 215.6698729810787 572.1619999999942
    vertex 2395.3319715339367 211.83012701892298 572.1619999999947
    vertex 2395.3319715339367 216.16977778440597 572.8759380484262
  endloop
endfacet
facet normal -1.0 -6.796500705270006e-15 -4.930770039018793e-14
  outer loop
    vertex 2395.3319715339367 216.16977778440597 572.8759380484262
    vertex 2395.3319715339367 211.83012701892298 572.1619999999947
    vertex 2395.3319715339367 211.3302222155957 572.8759380484266
  endloop
endfacet
facet normal -1.0 -6.796500705270006e-15 -4.930770039018793e-14
  outer loop
    vertex 2395.3319715339367 216.16977778440597 572.8759380484262
    vertex 2395.3319715339367 211.3302222155957 572.8759380484266
    vertex 2395.3319715339367 216.78606195156777 573.4922222155891
  endloop
endfacet
facet normal -1.0 -6.796500705270006e-15 -4.930770039018793e-14
  outer loop
    vertex 2395.3319715339367 216.78606195156777 573.4922222155891
    vertex 2395.3319715339367 211.3302222155957 572.8759380484266
    vertex 2395.3319715339367 210.7139380484336 573.4922222155899
  endloop
endfacet
facet normal -1.0 -6.796500705270006e-15 -4.930770039018793e-14
  outer loop
    vertex 2395.3319715339367 216.78606195156777 573.4922222155891
    vertex 2395.3319715339367 210.7139380484336 573.4922222155899
    vertex 2395.3319715339367 217.50000000000094 573.9921270189164
  endloop
endfacet
facet normal -1.0 -6.796500705270006e-15 -4.930770039018793e-14
  outer loop
    vertex 2395.3319715339367 217.50000000000094 573.9921270189164
    vertex 2395.3319715339367 210.7139380484336 573.4922222155899
    vertex 2395.3319715339367 210.0000000000007 573.9921270189168
  endloop
endfacet
facet normal -1.0 -6.796500705270006e-15 -4.930770039018793e-14
  outer loop
    vertex 2395.3319715339367 217.50000000000094 573.9921270189164
    vertex 2395.3319715339367 210.0000000000007 573.9921270189168
    vertex 2395.3319715339367 218.2898992833725 574.3604631039229
  endloop
endfacet
facet normal -1.0 -6.796500705270006e-15 -4.930770039018793e-14
  outer loop
    vertex 2395.3319715339367 218.2898992833725 574.3604631039229
    vertex 2395.3319715339367 210.0000000000007 573.9921270189168
    vertex 2395.3319715339367 209.21010071662914 574.3604631039241
  endloop
endfacet
facet normal -1.0 -6.796500705270006e-15 -4.930770039018793e-14
  outer loop
    vertex 2395.3319715339367 218.2898992833725 574.3604631039229
    vertex 2395.3319715339367 209.21010071662914 574.3604631039241
    vertex 2395.3319715339367 219.13175911166607 574.5860387650561
  endloop
endfacet
facet normal -1.0 -6.796500705270006e-15 -4.930770039018793e-14
  outer loop
    vertex 2395.3319715339367 219.13175911166607 574.5860387650561
    vertex 2395.3319715339367 209.21010071662914 574.3604631039241
    vertex 2395.3319715339367 208.36824088833538 574.586038765055
  endloop
endfacet
facet normal -1.0 -6.796500705270006e-15 -4.930770039018793e-14
  outer loop
    vertex 2395.3319715339367 219.13175911166607 574.5860387650561
    vertex 2395.3319715339367 208.36824088833538 574.586038765055
    vertex 2395.3319715339367 207.50000000000082 574.6619999999948
  endloop
endfacet
facet normal -1.0 -6.796500705270006e-15 -4.930770039018793e-14
  outer loop
    vertex 2395.3319715339367 219.13175911166607 574.5860387650561
    vertex 2395.3319715339367 207.50000000000082 574.6619999999948
    vertex 2395.3319715339367 220.00000000000068 574.6619999999941
  endloop
endfacet
facet normal -1.0 -6.796500705270006e-15 -4.930770039018793e-14
  outer loop
    vertex 2395.3319715339367 189.85000000000034 575.1619999999946
    vertex 2395.3319715339367 202.93671915200147 567.661999999994
    vertex 2395.3319715339367 189.85000000000042 567.6619999999939
  endloop
endfacet
facet normal -1.0 -6.796500705270006e-15 -4.930770039018793e-14
  outer loop
    vertex 2395.3319715339367 202.93671915200147 567.661999999994
    vertex 2395.3319715339367 189.85000000000034 575.1619999999946
    vertex 2395.3319715339367 202.8015368960713 567.9518992833667
  endloop
endfacet
facet normal -1.0 -6.796500705270006e-15 -4.930770039018793e-14
  outer loop
    vertex 2395.3319715339367 202.8015368960713 567.9518992833667
    vertex 2395.3319715339367 189.85000000000034 575.1619999999946
    vertex 2395.3319715339367 202.57596123493977 568.7937591116599
  endloop
endfacet
facet normal -1.0 -6.796500705270006e-15 -4.930770039018793e-14
  outer loop
    vertex 2395.3319715339367 202.57596123493977 568.7937591116599
    vertex 2395.3319715339367 189.85000000000034 575.1619999999946
    vertex 2395.3319715339367 202.50000000000054 569.6619999999948
  endloop
endfacet
facet normal -1.0 -6.796500705270006e-15 -4.930770039018793e-14
  outer loop
    vertex 2395.3319715339367 202.50000000000054 569.6619999999948
    vertex 2395.3319715339367 189.85000000000034 575.1619999999946
    vertex 2395.3319715339367 202.5759612349398 570.5302408883286
  endloop
endfacet
facet normal -1.0 -6.796500705270006e-15 -4.930770039018793e-14
  outer loop
    vertex 2395.3319715339367 202.5759612349398 570.5302408883286
    vertex 2395.3319715339367 189.85000000000034 575.1619999999946
    vertex 2395.3319715339367 202.80153689607127 571.3721007166225
  endloop
endfacet
facet normal -1.0 -6.796500705270006e-15 -4.930770039018793e-14
  outer loop
    vertex 2395.3319715339367 202.80153689607127 571.3721007166225
    vertex 2395.3319715339367 189.85000000000034 575.1619999999946
    vertex 2395.3319715339367 203.1698729810784 572.1619999999946
  endloop
endfacet
facet normal -1.0 -6.796500705270006e-15 -4.930770039018793e-14
  outer loop
    vertex 2395.3319715339367 203.1698729810784 572.1619999999946
    vertex 2395.3319715339367 189.85000000000034 575.1619999999946
    vertex 2395.3319715339367 203.66977778440574 572.8759380484265
  endloop
endfacet
facet normal -1.0 -6.796500705270006e-15 -4.930770039018793e-14
  outer loop
    vertex 2395.3319715339367 203.66977778440574 572.8759380484265
    vertex 2395.3319715339367 189.85000000000034 575.1619999999946
    vertex 2395.3319715339367 204.2860619515681 573.4922222155898
  endloop
endfacet
facet normal -1.0 -6.796500705270006e-15 -4.930770039018793e-14
  outer loop
    vertex 2395.3319715339367 204.2860619515681 573.4922222155898
    vertex 2395.3319715339367 189.85000000000034 575.1619999999946
    vertex 2395.3319715339367 205.00000000000085 573.9921270189168
  endloop
endfacet
facet normal -1.0 -6.796500705270006e-15 -4.930770039018793e-14
  outer loop
    vertex 2395.3319715339367 205.00000000000085 573.9921270189168
    vertex 2395.3319715339367 189.85000000000034 575.1619999999946
    vertex 2395.3319715339367 205.78989928337228 574.360463103924
  endloop
endfacet
facet normal -1.0 -6.796500705270006e-15 -4.930770039018793e-14
  outer loop
    vertex 2395.3319715339367 205.78989928337228 574.360463103924
    vertex 2395.3319715339367 189.85000000000034 575.1619999999946
    vertex 2395.3319715339367 206.63175911166599 574.5860387650549
  endloop
endfacet
facet normal -1.0 -6.796500705270006e-15 -4.930770039018793e-14
  outer loop
    vertex 2395.3319715339367 206.63175911166599 574.5860387650549
    vertex 2395.3319715339367 189.85000000000034 575.1619999999946
    vertex 2395.3319715339367 207.50000000000082 574.6619999999948
  endloop
endfacet
facet normal -1.0 -6.796500705270006e-15 -4.930770039018793e-14
  outer loop
    vertex 2395.3319715339367 207.50000000000082 574.6619999999948
    vertex 2395.3319715339367 189.85000000000034 575.1619999999946
    vertex 2395.331971533936 226.4000000000011 575.1619999999942
  endloop
endfacet
facet normal -1.0 -6.796500705270006e-15 -4.930770039018793e-14
  outer loop
    vertex 2395.3319715339367 224.69846310393064 567.9518992833655
    vertex 2395.3319715339367 226.40000000000094 567.6619999999937
    vertex 2395.3319715339367 224.56328084800063 567.6619999999937
  endloop
endfacet
facet normal -1.0 -6.796500705270006e-15 -4.930770039018793e-14
  outer loop
    vertex 2395.3319715339367 226.40000000000094 567.6619999999937
    vertex 2395.3319715339367 224.69846310393064 567.9518992833655
    vertex 2395.3319715339367 224.92403876506162 568.793759111659
  endloop
endfacet
facet normal -1.0 -6.796500705270006e-15 -4.930770039018793e-14
  outer loop
    vertex 2395.3319715339367 226.40000000000094 567.6619999999937
    vertex 2395.3319715339367 224.92403876506162 568.793759111659
    vertex 2395.331971533936 226.4000000000011 575.1619999999942
  endloop
endfacet
facet normal -1.0 -6.796500705270006e-15 -4.930770039018793e-14
  outer loop
    vertex 2395.331971533936 226.4000000000011 575.1619999999942
    vertex 2395.3319715339367 224.92403876506162 568.793759111659
    vertex 2395.3319715339367 225.0000000000007 569.6619999999939
  endloop
endfacet
facet normal -1.0 -6.796500705270006e-15 -4.930770039018793e-14
  outer loop
    vertex 2395.331971533936 226.4000000000011 575.1619999999942
    vertex 2395.3319715339367 225.0000000000007 569.6619999999939
    vertex 2395.3319715339367 224.92403876506157 570.5302408883281
  endloop
endfacet
facet normal -1.0 -6.796500705270006e-15 -4.930770039018793e-14
  outer loop
    vertex 2395.331971533936 226.4000000000011 575.1619999999942
    vertex 2395.3319715339367 224.92403876506157 570.5302408883281
    vertex 2395.3319715339367 224.69846310393058 571.3721007166226
  endloop
endfacet
facet normal -1.0 -6.796500705270006e-15 -4.930770039018793e-14
  outer loop
    vertex 2395.331971533936 226.4000000000011 575.1619999999942
    vertex 2395.3319715339367 224.69846310393058 571.3721007166226
    vertex 2395.3319715339367 224.3301270189232 572.1619999999945
  endloop
endfacet
facet normal -1.0 -6.796500705270006e-15 -4.930770039018793e-14
  outer loop
    vertex 2395.331971533936 226.4000000000011 575.1619999999942
    vertex 2395.3319715339367 224.3301270189232 572.1619999999945
    vertex 2395.3319715339367 223.83022221559577 572.8759380484263
  endloop
endfacet
facet normal -1.0 -6.796500705270006e-15 -4.930770039018793e-14
  outer loop
    vertex 2395.331971533936 226.4000000000011 575.1619999999942
    vertex 2395.3319715339367 223.83022221559577 572.8759380484263
    vertex 2395.3319715339367 223.21393804843385 573.4922222155892
  endloop
endfacet
facet normal -1.0 -6.796500705270006e-15 -4.930770039018793e-14
  outer loop
    vertex 2395.331971533936 226.4000000000011 575.1619999999942
    vertex 2395.3319715339367 223.21393804843385 573.4922222155892
    vertex 2395.3319715339367 222.5000000000008 573.9921270189166
  endloop
endfacet
facet normal -1.0 -6.796500705270006e-15 -4.930770039018793e-14
  outer loop
    vertex 2395.331971533936 226.4000000000011 575.1619999999942
    vertex 2395.3319715339367 222.5000000000008 573.9921270189166
    vertex 2395.3319715339367 221.71010071662923 574.360463103923
  endloop
endfacet
facet normal -1.0 -6.796500705270006e-15 -4.930770039018793e-14
  outer loop
    vertex 2395.331971533936 226.4000000000011 575.1619999999942
    vertex 2395.3319715339367 221.71010071662923 574.360463103923
    vertex 2395.3319715339367 220.86824088833575 574.5860387650561
  endloop
endfacet
facet normal -1.0 -6.796500705270006e-15 -4.930770039018793e-14
  outer loop
    vertex 2395.331971533936 226.4000000000011 575.1619999999942
    vertex 2395.3319715339367 220.86824088833575 574.5860387650561
    vertex 2395.3319715339367 220.00000000000068 574.6619999999941
  endloop
endfacet
facet normal -1.0 -6.796500705270006e-15 -4.930770039018793e-14
  outer loop
    vertex 2395.331971533936 226.4000000000011 575.1619999999942
    vertex 2395.3319715339367 220.00000000000068 574.6619999999941
    vertex 2395.3319715339367 207.50000000000082 574.6619999999948
  endloop
endfacet
facet normal -2.0400348077487163e-14 -6.126106527475904e-15 1.0
  outer loop
    vertex 2395.3319715339367 189.85000000000042 567.6619999999939
    vertex 2381.4069715339374 192.4076606241355 567.6619999999933
    vertex 2377.1319715339378 189.85000000000016 567.6619999999936
  endloop
endfacet
facet normal -2.0400348077487163e-14 -6.126106527475904e-15 1.0
  outer loop
    vertex 2381.4069715339374 192.4076606241355 567.6619999999933
    vertex 2395.3319715339367 189.85000000000042 567.6619999999939
    vertex 2395.3319715339367 202.93671915200147 567.661999999994
  endloop
endfacet
facet normal -2.0400348077487163e-14 -6.126106527475904e-15 1.0
  outer loop
    vertex 2377.1319715339378 189.85000000000016 567.6619999999936
    vertex 2381.4069715339374 192.4076606241355 567.6619999999933
    vertex 2381.0331410538465 192.25281496925334 567.6619999999933
  endloop
endfacet
facet normal -2.0400348077487163e-14 -6.126106527475904e-15 1.0
  outer loop
    vertex 2377.1319715339378 189.85000000000016 567.6619999999936
    vertex 2381.0331410538465 192.25281496925334 567.6619999999933
    vertex 2380.6319715339378 192.20000000000135 567.6619999999933
  endloop
endfacet
facet normal -2.0400348077487163e-14 -6.126106527475904e-15 1.0
  outer loop
    vertex 2381.4069715339374 192.4076606241355 567.6619999999933
    vertex 2395.3319715339367 202.93671915200147 567.661999999994
    vertex 2381.727987044777 192.6539844891622 567.6619999999932
  endloop
endfacet
facet normal -2.0400348077487163e-14 -6.126106527475904e-15 1.0
  outer loop
    vertex 2381.727987044777 192.6539844891622 567.6619999999932
    vertex 2395.3319715339367 202.93671915200147 567.661999999994
    vertex 2381.9743109098035 192.97500000000136 567.6619999999933
  endloop
endfacet
facet normal -2.0400348077487163e-14 -6.126106527475904e-15 1.0
  outer loop
    vertex 2381.9743109098035 192.97500000000136 567.6619999999933
    vertex 2395.3319715339367 202.93671915200147 567.661999999994
    vertex 2382.1291565646857 193.34883048009243 567.6619999999933
  endloop
endfacet
facet normal -2.0400348077487163e-14 -6.126106527475904e-15 1.0
  outer loop
    vertex 2382.1291565646857 193.34883048009243 567.6619999999933
    vertex 2395.3319715339367 202.93671915200147 567.661999999994
    vertex 2382.1819715339375 193.75000000000136 567.6619999999933
  endloop
endfacet
facet normal -2.0400348077487163e-14 -6.126106527475904e-15 1.0
  outer loop
    vertex 2382.1819715339375 193.75000000000136 567.6619999999933
    vertex 2395.3319715339367 202.93671915200147 567.661999999994
    vertex 2382.1291565646857 194.1511695199103 567.6619999999933
  endloop
endfacet
facet normal -2.0400348077487163e-14 -6.126106527475904e-15 1.0
  outer loop
    vertex 2382.1291565646857 194.1511695199103 567.6619999999933
    vertex 2395.3319715339367 202.93671915200147 567.661999999994
    vertex 2381.9743109098035 194.52500000000137 567.6619999999933
  endloop
endfacet
facet normal -2.0400348077487163e-14 -6.126106527475904e-15 1.0
  outer loop
    vertex 2381.9743109098035 194.52500000000137 567.6619999999933
    vertex 2395.3319715339367 202.93671915200147 567.661999999994
    vertex 2381.727987044777 194.84601551084052 567.6619999999933
  endloop
endfacet
facet normal -2.0400348077487163e-14 -6.126106527475904e-15 1.0
  outer loop
    vertex 2381.727987044777 194.84601551084052 567.6619999999933
    vertex 2395.3319715339367 202.93671915200147 567.661999999994
    vertex 2381.4069715339374 195.0923393758673 567.6619999999933
  endloop
endfacet
facet normal -2.0400348077487163e-14 -6.126106527475904e-15 1.0
  outer loop
    vertex 2381.4069715339374 195.0923393758673 567.6619999999933
    vertex 2395.3319715339367 202.93671915200147 567.661999999994
    vertex 2381.033141053846 195.2471850307495 567.6619999999932
  endloop
endfacet
facet normal -2.0400348077487163e-14 -6.126106527475904e-15 1.0
  outer loop
    vertex 2381.033141053846 195.2471850307495 567.6619999999932
    vertex 2395.3319715339367 202.93671915200147 567.661999999994
    vertex 2380.6319715339373 195.30000000000138 567.6619999999932
  endloop
endfacet
facet normal -2.0400348077487163e-14 -6.126106527475904e-15 1.0
  outer loop
    vertex 2377.1319715339378 189.85000000000016 567.6619999999936
    vertex 2379.1347865031894 193.3488304800924 567.6619999999933
    vertex 2377.1319715339378 202.9367191520013 567.6619999999937
  endloop
endfacet
facet normal -2.0400348077487163e-14 -6.126106527475904e-15 1.0
  outer loop
    vertex 2379.1347865031894 193.3488304800924 567.6619999999933
    vertex 2377.1319715339378 189.85000000000016 567.6619999999936
    vertex 2379.289632158072 192.97500000000133 567.6619999999933
  endloop
endfacet
facet normal -2.0400348077487163e-14 -6.126106527475904e-15 1.0
  outer loop
    vertex 2379.289632158072 192.97500000000133 567.6619999999933
    vertex 2377.1319715339378 189.85000000000016 567.6619999999936
    vertex 2379.5359560230986 192.65398448916218 567.6619999999933
  endloop
endfacet
facet normal -2.0400348077487163e-14 -6.126106527475904e-15 1.0
  outer loop
    vertex 2379.5359560230986 192.65398448916218 567.6619999999933
    vertex 2377.1319715339378 189.85000000000016 567.6619999999936
    vertex 2379.8569715339377 192.4076606241355 567.6619999999933
  endloop
endfacet
facet normal -2.0400348077487163e-14 -6.126106527475904e-15 1.0
  outer loop
    vertex 2379.8569715339377 192.4076606241355 567.6619999999933
    vertex 2377.1319715339378 189.85000000000016 567.6619999999936
    vertex 2380.2308020140285 192.25281496925325 567.6619999999933
  endloop
endfacet
facet normal -2.0400348077487163e-14 -6.126106527475904e-15 1.0
  outer loop
    vertex 2380.2308020140285 192.25281496925325 567.6619999999933
    vertex 2377.1319715339378 189.85000000000016 567.6619999999936
    vertex 2380.6319715339378 192.20000000000135 567.6619999999933
  endloop
endfacet
facet normal -2.0400348077487163e-14 -6.126106527475904e-15 1.0
  outer loop
    vertex 2377.1319715339378 202.9367191520013 567.6619999999937
    vertex 2379.1347865031894 193.3488304800924 567.6619999999933
    vertex 2379.0819715339376 193.75000000000134 567.6619999999933
  endloop
endfacet
facet normal -2.0400348077487163e-14 -6.126106527475904e-15 1.0
  outer loop
    vertex 2377.1319715339378 202.9367191520013 567.6619999999937
    vertex 2379.0819715339376 193.75000000000134 567.6619999999933
    vertex 2379.1347865031894 194.15116951991024 567.6619999999933
  endloop
endfacet
facet normal -2.0400348077487163e-14 -6.126106527475904e-15 1.0
  outer loop
    vertex 2377.1319715339378 202.9367191520013 567.6619999999937
    vertex 2379.1347865031894 194.15116951991024 567.6619999999933
    vertex 2379.289632158072 194.52500000000134 567.6619999999933
  endloop
endfacet
facet normal -2.0400348077487163e-14 -6.126106527475904e-15 1.0
  outer loop
    vertex 2377.1319715339378 202.9367191520013 567.6619999999937
    vertex 2379.289632158072 194.52500000000134 567.6619999999933
    vertex 2379.5359560230986 194.84601551084052 567.6619999999933
  endloop
endfacet
facet normal -2.0400348077487163e-14 -6.126106527475904e-15 1.0
  outer loop
    vertex 2377.1319715339378 202.9367191520013 567.6619999999937
    vertex 2379.5359560230986 194.84601551084052 567.6619999999933
    vertex 2379.856971533937 195.09233937586728 567.6619999999933
  endloop
endfacet
facet normal -2.0400348077487163e-14 -6.126106527475904e-15 1.0
  outer loop
    vertex 2377.1319715339378 202.9367191520013 567.6619999999937
    vertex 2379.856971533937 195.09233937586728 567.6619999999933
    vertex 2380.2308020140285 195.24718503074942 567.6619999999933
  endloop
endfacet
facet normal -2.0400348077487163e-14 -6.126106527475904e-15 1.0
  outer loop
    vertex 2377.1319715339378 202.9367191520013 567.6619999999937
    vertex 2380.2308020140285 195.24718503074942 567.6619999999933
    vertex 2380.6319715339373 195.30000000000138 567.6619999999932
  endloop
endfacet
facet normal -2.0400348077487163e-14 -6.126106527475904e-15 1.0
  outer loop
    vertex 2377.1319715339378 202.9367191520013 567.6619999999937
    vertex 2380.6319715339373 195.30000000000138 567.6619999999932
    vertex 2395.3319715339367 202.93671915200147 567.661999999994
  endloop
endfacet
facet normal 1.3636929506260488e-14 1.0 3.781857715765533e-14
  outer loop
    vertex 2377.1319715339373 229.00000000000034 563.6619999999944
    vertex 2404.631971533937 228.99999999999866 580.6619999999945
    vertex 2404.6319715339373 229.0000000000007 563.6619999999951
  endloop
endfacet
facet normal 1.3636929506260488e-14 1.0 3.781857715765533e-14
  outer loop
    vertex 2404.631971533937 228.99999999999866 580.6619999999945
    vertex 2377.1319715339373 229.00000000000034 563.6619999999944
    vertex 2377.131971533937 229.00000000000063 567.6619999999933
  endloop
endfacet
facet normal -4.1340990298949463e-14 -4.660902314608202e-15 1.0
  outer loop
    vertex 2414.9819715339386 210.51000000000118 575.1619999999954
    vertex 2404.6319715339373 191.2500000000005 575.1619999999949
    vertex 2414.981971533937 191.25000000000068 575.1619999999951
  endloop
endfacet
facet normal -4.1340990298949463e-14 -4.660902314608202e-15 1.0
  outer loop
    vertex 2404.6319715339373 191.2500000000005 575.1619999999949
    vertex 2414.9819715339386 210.51000000000118 575.1619999999954
    vertex 2401.974310909803 192.975000000001 575.1619999999954
  endloop
endfacet
facet normal -4.1340990298949463e-14 -4.660902314608202e-15 1.0
  outer loop
    vertex 2404.6319715339373 191.2500000000005 575.1619999999949
    vertex 2401.974310909803 192.975000000001 575.1619999999954
    vertex 2401.7279870447765 192.65398448916184 575.1619999999954
  endloop
endfacet
facet normal -4.1340990298949463e-14 -4.660902314608202e-15 1.0
  outer loop
    vertex 2404.6319715339373 191.2500000000005 575.1619999999949
    vertex 2401.7279870447765 192.65398448916184 575.1619999999954
    vertex 2401.4069715339374 192.40766062413508 575.1619999999954
  endloop
endfacet
facet normal -4.1340990298949463e-14 -4.660902314608202e-15 1.0
  outer loop
    vertex 2404.6319715339373 191.2500000000005 575.1619999999949
    vertex 2401.4069715339374 192.40766062413508 575.1619999999954
    vertex 2401.033141053846 192.2528149692529 575.1619999999954
  endloop
endfacet
facet normal -4.1340990298949463e-14 -4.660902314608202e-15 1.0
  outer loop
    vertex 2404.6319715339373 191.2500000000005 575.1619999999949
    vertex 2401.033141053846 192.2528149692529 575.1619999999954
    vertex 2400.631971533937 192.20000000000095 575.1619999999954
  endloop
endfacet
facet normal -4.1340990298949463e-14 -4.660902314608202e-15 1.0
  outer loop
    vertex 2401.974310909803 192.975000000001 575.1619999999954
    vertex 2414.9819715339386 210.51000000000118 575.1619999999954
    vertex 2402.129156564685 193.34883048009206 575.1619999999954
  endloop
endfacet
facet normal -4.1340990298949463e-14 -4.660902314608202e-15 1.0
  outer loop
    vertex 2402.129156564685 193.34883048009206 575.1619999999954
    vertex 2414.9819715339386 210.51000000000118 575.1619999999954
    vertex 2402.181971533937 193.750000000001 575.1619999999954
  endloop
endfacet
facet normal -4.1340990298949463e-14 -4.660902314608202e-15 1.0
  outer loop
    vertex 2402.181971533937 193.750000000001 575.1619999999954
    vertex 2414.9819715339386 210.51000000000118 575.1619999999954
    vertex 2402.129156564685 194.15116951990993 575.1619999999954
  endloop
endfacet
facet normal -4.1340990298949463e-14 -4.660902314608202e-15 1.0
  outer loop
    vertex 2402.129156564685 194.15116951990993 575.1619999999954
    vertex 2414.9819715339386 210.51000000000118 575.1619999999954
    vertex 2401.974310909803 194.525000000001 575.1619999999954
  endloop
endfacet
facet normal -4.1340990298949463e-14 -4.660902314608202e-15 1.0
  outer loop
    vertex 2401.974310909803 194.525000000001 575.1619999999954
    vertex 2414.9819715339386 210.51000000000118 575.1619999999954
    vertex 2401.7279870447765 194.84601551084015 575.1619999999954
  endloop
endfacet
facet normal -4.1340990298949463e-14 -4.660902314608202e-15 1.0
  outer loop
    vertex 2401.7279870447765 194.84601551084015 575.1619999999954
    vertex 2414.9819715339386 210.51000000000118 575.1619999999954
    vertex 2401.4069715339374 195.09233937586689 575.1619999999954
  endloop
endfacet
facet normal -4.1340990298949463e-14 -4.660902314608202e-15 1.0
  outer loop
    vertex 2401.4069715339374 195.09233937586689 575.1619999999954
    vertex 2414.9819715339386 210.51000000000118 575.1619999999954
    vertex 2401.033141053846 195.24718503074908 575.1619999999954
  endloop
endfacet
facet normal -4.1340990298949463e-14 -4.660902314608202e-15 1.0
  outer loop
    vertex 2401.033141053846 195.24718503074908 575.1619999999954
    vertex 2414.9819715339386 210.51000000000118 575.1619999999954
    vertex 2400.631971533937 195.30000000000098 575.1619999999954
  endloop
endfacet
facet normal -4.1340990298949463e-14 -4.660902314608202e-15 1.0
  outer loop
    vertex 2400.631971533937 195.30000000000098 575.1619999999954
    vertex 2414.9819715339386 210.51000000000118 575.1619999999954
    vertex 2404.631971533938 210.50999999999365 575.1619999999978
  endloop
endfacet
facet normal -4.1340990298949463e-14 -4.660902314608202e-15 1.0
  outer loop
    vertex 2404.631971533938 210.50999999999365 575.1619999999978
    vertex 2401.0331410538465 212.25281496925288 575.1619999999938
    vertex 2400.6319715339373 212.20000000000095 575.1619999999938
  endloop
endfacet
facet normal -4.1340990298949463e-14 -4.660902314608202e-15 1.0
  outer loop
    vertex 2401.0331410538465 212.25281496925288 575.1619999999938
    vertex 2404.631971533938 210.50999999999365 575.1619999999978
    vertex 2401.4069715339374 212.40766062413508 575.1619999999938
  endloop
endfacet
facet normal -4.1340990298949463e-14 -4.660902314608202e-15 1.0
  outer loop
    vertex 2401.4069715339374 212.40766062413508 575.1619999999938
    vertex 2404.631971533938 210.50999999999365 575.1619999999978
    vertex 2401.727987044777 212.6539844891619 575.1619999999938
  endloop
endfacet
facet normal -4.1340990298949463e-14 -4.660902314608202e-15 1.0
  outer loop
    vertex 2401.727987044777 212.6539844891619 575.1619999999938
    vertex 2404.631971533938 210.50999999999365 575.1619999999978
    vertex 2401.974310909803 212.97500000000105 575.1619999999938
  endloop
endfacet
facet normal -4.1340990298949463e-14 -4.660902314608202e-15 1.0
  outer loop
    vertex 2401.974310909803 212.97500000000105 575.1619999999938
    vertex 2404.631971533938 210.50999999999365 575.1619999999978
    vertex 2402.129156564685 213.34883048009215 575.1619999999938
  endloop
endfacet
facet normal -4.1340990298949463e-14 -4.660902314608202e-15 1.0
  outer loop
    vertex 2402.129156564685 213.34883048009215 575.1619999999938
    vertex 2404.631971533938 210.50999999999365 575.1619999999978
    vertex 2404.6319715339364 226.39999999999895 575.1619999999945
  endloop
endfacet
facet normal -4.1340990298949463e-14 -4.660902314608202e-15 1.0
  outer loop
    vertex 2402.129156564685 213.34883048009215 575.1619999999938
    vertex 2404.6319715339364 226.39999999999895 575.1619999999945
    vertex 2402.1819715339375 213.75000000000105 575.1619999999939
  endloop
endfacet
facet normal -4.1340990298949463e-14 -4.660902314608202e-15 1.0
  outer loop
    vertex 2402.1819715339375 213.75000000000105 575.1619999999939
    vertex 2404.6319715339364 226.39999999999895 575.1619999999945
    vertex 2402.129156564685 214.15116951990998 575.1619999999939
  endloop
endfacet
facet normal -4.1340990298949463e-14 -4.660902314608202e-15 1.0
  outer loop
    vertex 2402.129156564685 214.15116951990998 575.1619999999939
    vertex 2404.6319715339364 226.39999999999895 575.1619999999945
    vertex 2401.974310909803 214.52500000000106 575.1619999999939
  endloop
endfacet
facet normal -4.1340990298949463e-14 -4.660902314608202e-15 1.0
  outer loop
    vertex 2401.974310909803 214.52500000000106 575.1619999999939
    vertex 2404.6319715339364 226.39999999999895 575.1619999999945
    vertex 2401.7279870447765 214.84601551084023 575.1619999999938
  endloop
endfacet
facet normal -4.1340990298949463e-14 -4.660902314608202e-15 1.0
  outer loop
    vertex 2401.7279870447765 214.84601551084023 575.1619999999938
    vertex 2404.6319715339364 226.39999999999895 575.1619999999945
    vertex 2401.4069715339374 215.09233937586689 575.1619999999938
  endloop
endfacet
facet normal -4.1340990298949463e-14 -4.660902314608202e-15 1.0
  outer loop
    vertex 2401.4069715339374 215.09233937586689 575.1619999999938
    vertex 2404.6319715339364 226.39999999999895 575.1619999999945
    vertex 2401.033141053846 215.24718503074905 575.1619999999938
  endloop
endfacet
facet normal -4.1340990298949463e-14 -4.660902314608202e-15 1.0
  outer loop
    vertex 2401.033141053846 215.24718503074905 575.1619999999938
    vertex 2404.6319715339364 226.39999999999895 575.1619999999945
    vertex 2400.6319715339373 215.30000000000098 575.1619999999938
  endloop
endfacet
facet normal -4.1340990298949463e-14 -4.660902314608202e-15 1.0
  outer loop
    vertex 2404.6319715339373 191.2500000000005 575.1619999999949
    vertex 2395.3319715339367 189.85000000000034 575.1619999999946
    vertex 2404.6319715339378 189.85000000000042 575.1619999999947
  endloop
endfacet
facet normal -4.1340990298949463e-14 -4.660902314608202e-15 1.0
  outer loop
    vertex 2395.3319715339367 189.85000000000034 575.1619999999946
    vertex 2404.6319715339373 191.2500000000005 575.1619999999949
    vertex 2400.2308020140285 192.25281496925288 575.1619999999954
  endloop
endfacet
facet normal -4.1340990298949463e-14 -4.660902314608202e-15 1.0
  outer loop
    vertex 2395.3319715339367 189.85000000000034 575.1619999999946
    vertex 2400.2308020140285 192.25281496925288 575.1619999999954
    vertex 2399.856971533937 192.40766062413508 575.1619999999954
  endloop
endfacet
facet normal -4.1340990298949463e-14 -4.660902314608202e-15 1.0
  outer loop
    vertex 2395.3319715339367 189.85000000000034 575.1619999999946
    vertex 2399.856971533937 192.40766062413508 575.1619999999954
    vertex 2399.535956023098 192.65398448916184 575.1619999999951
  endloop
endfacet
facet normal -4.1340990298949463e-14 -4.660902314608202e-15 1.0
  outer loop
    vertex 2395.3319715339367 189.85000000000034 575.1619999999946
    vertex 2399.535956023098 192.65398448916184 575.1619999999951
    vertex 2399.289632158071 192.97500000000102 575.1619999999951
  endloop
endfacet
facet normal -4.1340990298949463e-14 -4.660902314608202e-15 1.0
  outer loop
    vertex 2395.3319715339367 189.85000000000034 575.1619999999946
    vertex 2399.289632158071 192.97500000000102 575.1619999999951
    vertex 2399.1347865031894 193.348830480092 575.1619999999951
  endloop
endfacet
facet normal -4.1340990298949463e-14 -4.660902314608202e-15 1.0
  outer loop
    vertex 2395.3319715339367 189.85000000000034 575.1619999999946
    vertex 2399.1347865031894 193.348830480092 575.1619999999951
    vertex 2399.081971533937 193.75000000000094 575.1619999999951
  endloop
endfacet
facet normal -4.1340990298949463e-14 -4.660902314608202e-15 1.0
  outer loop
    vertex 2395.3319715339367 189.85000000000034 575.1619999999946
    vertex 2399.081971533937 193.75000000000094 575.1619999999951
    vertex 2395.331971533936 226.4000000000011 575.1619999999942
  endloop
endfacet
facet normal -4.1340990298949463e-14 -4.660902314608202e-15 1.0
  outer loop
    vertex 2400.2308020140285 192.25281496925288 575.1619999999954
    vertex 2404.6319715339373 191.2500000000005 575.1619999999949
    vertex 2400.631971533937 192.20000000000095 575.1619999999954
  endloop
endfacet
facet normal -4.1340990298949463e-14 -4.660902314608202e-15 1.0
  outer loop
    vertex 2395.331971533936 226.4000000000011 575.1619999999942
    vertex 2399.081971533937 193.75000000000094 575.1619999999951
    vertex 2399.1347865031894 194.1511695199099 575.1619999999954
  endloop
endfacet
facet normal -4.1340990298949463e-14 -4.660902314608202e-15 1.0
  outer loop
    vertex 2395.331971533936 226.4000000000011 575.1619999999942
    vertex 2399.1347865031894 194.1511695199099 575.1619999999954
    vertex 2399.289632158071 194.525000000001 575.1619999999954
  endloop
endfacet
facet normal -4.1340990298949463e-14 -4.660902314608202e-15 1.0
  outer loop
    vertex 2395.331971533936 226.4000000000011 575.1619999999942
    vertex 2399.289632158071 194.525000000001 575.1619999999954
    vertex 2399.535956023098 194.84601551084018 575.1619999999954
  endloop
endfacet
facet normal -4.1340990298949463e-14 -4.660902314608202e-15 1.0
  outer loop
    vertex 2395.331971533936 226.4000000000011 575.1619999999942
    vertex 2399.535956023098 194.84601551084018 575.1619999999954
    vertex 2399.856971533937 195.09233937586686 575.1619999999954
  endloop
endfacet
facet normal -4.1340990298949463e-14 -4.660902314608202e-15 1.0
  outer loop
    vertex 2395.331971533936 226.4000000000011 575.1619999999942
    vertex 2399.856971533937 195.09233937586686 575.1619999999954
    vertex 2400.230802014028 195.24718503074905 575.1619999999954
  endloop
endfacet
facet normal -4.1340990298949463e-14 -4.660902314608202e-15 1.0
  outer loop
    vertex 2395.331971533936 226.4000000000011 575.1619999999942
    vertex 2400.230802014028 195.24718503074905 575.1619999999954
    vertex 2400.631971533937 195.30000000000098 575.1619999999954
  endloop
endfacet
facet normal -4.1340990298949463e-14 -4.660902314608202e-15 1.0
  outer loop
    vertex 2395.331971533936 226.4000000000011 575.1619999999942
    vertex 2400.631971533937 195.30000000000098 575.1619999999954
    vertex 2399.1347865031894 213.3488304800921 575.1619999999938
  endloop
endfacet
facet normal -4.1340990298949463e-14 -4.660902314608202e-15 1.0
  outer loop
    vertex 2399.1347865031894 213.3488304800921 575.1619999999938
    vertex 2400.631971533937 195.30000000000098 575.1619999999954
    vertex 2399.2896321580715 212.97500000000102 575.1619999999938
  endloop
endfacet
facet normal -4.1340990298949463e-14 -4.660902314608202e-15 1.0
  outer loop
    vertex 2399.2896321580715 212.97500000000102 575.1619999999938
    vertex 2400.631971533937 195.30000000000098 575.1619999999954
    vertex 2399.535956023098 212.65398448916181 575.1619999999938
  endloop
endfacet
facet normal -4.1340990298949463e-14 -4.660902314608202e-15 1.0
  outer loop
    vertex 2399.535956023098 212.65398448916181 575.1619999999938
    vertex 2400.631971533937 195.30000000000098 575.1619999999954
    vertex 2399.856971533937 212.40766062413508 575.1619999999938
  endloop
endfacet
facet normal -4.1340990298949463e-14 -4.660902314608202e-15 1.0
  outer loop
    vertex 2399.856971533937 212.40766062413508 575.1619999999938
    vertex 2400.631971533937 195.30000000000098 575.1619999999954
    vertex 2400.2308020140285 212.25281496925288 575.1619999999938
  endloop
endfacet
facet normal -4.1340990298949463e-14 -4.660902314608202e-15 1.0
  outer loop
    vertex 2400.2308020140285 212.25281496925288 575.1619999999938
    vertex 2400.631971533937 195.30000000000098 575.1619999999954
    vertex 2404.631971533938 210.50999999999365 575.1619999999978
  endloop
endfacet
facet normal -4.1340990298949463e-14 -4.660902314608202e-15 1.0
  outer loop
    vertex 2400.2308020140285 212.25281496925288 575.1619999999938
    vertex 2404.631971533938 210.50999999999365 575.1619999999978
    vertex 2400.6319715339373 212.20000000000095 575.1619999999938
  endloop
endfacet
facet normal -4.1340990298949463e-14 -4.660902314608202e-15 1.0
  outer loop
    vertex 2395.331971533936 226.4000000000011 575.1619999999942
    vertex 2399.1347865031894 213.3488304800921 575.1619999999938
    vertex 2399.0819715339376 213.75000000000102 575.1619999999938
  endloop
endfacet
facet normal -4.1340990298949463e-14 -4.660902314608202e-15 1.0
  outer loop
    vertex 2395.331971533936 226.4000000000011 575.1619999999942
    vertex 2399.0819715339376 213.75000000000102 575.1619999999938
    vertex 2399.1347865031894 214.15116951990996 575.1619999999938
  endloop
endfacet
facet normal -4.1340990298949463e-14 -4.660902314608202e-15 1.0
  outer loop
    vertex 2395.331971533936 226.4000000000011 575.1619999999942
    vertex 2399.1347865031894 214.15116951990996 575.1619999999938
    vertex 2399.2896321580715 214.52500000000103 575.1619999999938
  endloop
endfacet
facet normal -4.1340990298949463e-14 -4.660902314608202e-15 1.0
  outer loop
    vertex 2395.331971533936 226.4000000000011 575.1619999999942
    vertex 2399.2896321580715 214.52500000000103 575.1619999999938
    vertex 2399.535956023098 214.84601551084012 575.1619999999938
  endloop
endfacet
facet normal -4.1340990298949463e-14 -4.660902314608202e-15 1.0
  outer loop
    vertex 2395.331971533936 226.4000000000011 575.1619999999942
    vertex 2399.535956023098 214.84601551084012 575.1619999999938
    vertex 2399.856971533937 215.09233937586689 575.1619999999938
  endloop
endfacet
facet normal -4.1340990298949463e-14 -4.660902314608202e-15 1.0
  outer loop
    vertex 2395.331971533936 226.4000000000011 575.1619999999942
    vertex 2399.856971533937 215.09233937586689 575.1619999999938
    vertex 2400.2308020140285 215.24718503074905 575.1619999999938
  endloop
endfacet
facet normal -4.1340990298949463e-14 -4.660902314608202e-15 1.0
  outer loop
    vertex 2395.331971533936 226.4000000000011 575.1619999999942
    vertex 2400.2308020140285 215.24718503074905 575.1619999999938
    vertex 2400.6319715339373 215.30000000000098 575.1619999999938
  endloop
endfacet
facet normal -4.1340990298949463e-14 -4.660902314608202e-15 1.0
  outer loop
    vertex 2395.331971533936 226.4000000000011 575.1619999999942
    vertex 2400.6319715339373 215.30000000000098 575.1619999999938
    vertex 2404.6319715339364 226.39999999999895 575.1619999999945
  endloop
endfacet
facet normal 1.0 1.459571615004341e-14 2.040034807748725e-14
  outer loop
    vertex 2404.6319715339373 191.2500000000005 575.1619999999949
    vertex 2404.6319715339378 189.85000000000042 575.1619999999947
    vertex 2404.6319715339378 191.25000000000048 563.6619999999958
  endloop
endfacet
facet normal 1.0 1.459571615004341e-14 2.040034807748725e-14
  outer loop
    vertex 2404.6319715339378 191.25000000000048 563.6619999999958
    vertex 2404.6319715339373 187.2500000000005 580.6619999999947
    vertex 2404.6319715339378 187.2500000000005 563.6619999999956
  endloop
endfacet
facet normal 1.0 1.459571615004341e-14 2.040034807748725e-14
  outer loop
    vertex 2404.6319715339373 187.2500000000005 580.6619999999947
    vertex 2404.6319715339378 191.25000000000048 563.6619999999958
    vertex 2404.6319715339378 189.85000000000042 575.1619999999947
  endloop
endfacet
facet normal 1.0 1.459571615004341e-14 2.040034807748725e-14
  outer loop
    vertex 2404.6319715339373 187.2500000000005 580.6619999999947
    vertex 2404.6319715339378 189.85000000000042 575.1619999999947
    vertex 2404.6319715339373 189.85000000000042 580.6619999999947
  endloop
endfacet
facet normal 1.0236347674607047e-14 -1.0 5.644188356203277e-15
  outer loop
    vertex 2414.981971533937 191.25000000000068 575.1619999999951
    vertex 2404.6319715339378 191.25000000000048 563.6619999999958
    vertex 2414.9819715339377 191.25000000000057 563.6619999999957
  endloop
endfacet
facet normal 1.0236347674607047e-14 -1.0 5.644188356203277e-15
  outer loop
    vertex 2404.6319715339378 191.25000000000048 563.6619999999958
    vertex 2414.981971533937 191.25000000000068 575.1619999999951
    vertex 2404.6319715339373 191.2500000000005 575.1619999999949
  endloop
endfacet
facet normal -1.631837987161152e-14 0.9961946980917463 0.08715574274765019
  outer loop
    vertex 2414.981971533937 210.50000000000114 569.6619999999947
    vertex 2415.481971533937 210.45442325903775 570.1829445329955
    vertex 2415.481971533937 210.50000000000114 569.6619999999947
  endloop
endfacet
facet normal -1.631837987161152e-14 0.9961946980917463 0.08715574274765019
  outer loop
    vertex 2415.481971533937 210.45442325903775 570.1829445329955
    vertex 2414.981971533937 210.50000000000114 569.6619999999947
    vertex 2414.981971533937 210.45442325903772 570.1829445329955
  endloop
endfacet
facet normal -1.631837987161152e-14 0.9961946980917463 0.08715574274765019
  outer loop
    vertex 2414.981971533937 210.45442325903772 570.1829445329955
    vertex 2414.981971533937 210.50000000000114 569.6619999999947
    vertex 2414.981971533937 210.51000000000124 569.776300523024
  endloop
endfacet
facet normal -3.7950854158345674e-13 0.9961946980946577 -0.08715574271437408
  outer loop
    vertex 2404.6319715339373 210.50000000000094 569.6619999999946
    vertex 2414.981971533937 210.51000000000124 569.776300523024
    vertex 2414.981971533937 210.50000000000114 569.6619999999947
  endloop
endfacet
facet normal -3.7950854158345674e-13 0.9961946980946577 -0.08715574271437408
  outer loop
    vertex 2414.981971533937 210.51000000000124 569.776300523024
    vertex 2404.6319715339373 210.50000000000094 569.6619999999946
    vertex 2404.6319715339373 210.50999999999365 569.7763005230263
  endloop
endfacet
facet normal 1.0 -7.183579007241219e-16 1.7935581249264336e-14
  outer loop
    vertex 2414.981971533937 211.07292010253437 566.4128086384006
    vertex 2414.981971533937 208.0209445330019 566.7075767409581
    vertex 2414.981971533937 207.50000000000114 566.6619999999947
  endloop
endfacet
facet normal 1.0 -7.183579007241219e-16 1.7935581249264336e-14
  outer loop
    vertex 2414.981971533937 208.0209445330019 566.7075767409581
    vertex 2414.981971533937 211.07292010253437 566.4128086384006
    vertex 2414.981971533937 208.52606042997812 566.8429221376371
  endloop
endfacet
facet normal 1.0 -7.183579007241219e-16 1.7935581249264336e-14
  outer loop
    vertex 2414.981971533937 208.52606042997812 566.8429221376371
    vertex 2414.981971533937 211.07292010253437 566.4128086384006
    vertex 2414.981971533937 209.00000000000117 567.0639237886414
  endloop
endfacet
facet normal 1.0 -7.183579007241219e-16 1.7935581249264336e-14
  outer loop
    vertex 2414.981971533937 209.00000000000117 567.0639237886414
    vertex 2414.981971533937 211.07292010253437 566.4128086384006
    vertex 2414.981971533937 210.64432634638453 568.0123423121587
  endloop
endfacet
facet normal 1.0 -7.183579007241219e-16 1.7935581249264336e-14
  outer loop
    vertex 2414.981971533937 209.00000000000117 567.0639237886414
    vertex 2414.981971533937 210.64432634638453 568.0123423121587
    vertex 2414.981971533937 209.42836282906077 567.3638666706378
  endloop
endfacet
facet normal 1.0 -7.183579007241219e-16 1.7935581249264336e-14
  outer loop
    vertex 2414.981971533937 209.42836282906077 567.3638666706378
    vertex 2414.981971533937 210.64432634638453 568.0123423121587
    vertex 2414.981971533937 209.79813332935808 567.7336371709351
  endloop
endfacet
facet normal 1.0 -7.183579007241219e-16 1.7935581249264336e-14
  outer loop
    vertex 2414.981971533937 209.79813332935808 567.7336371709351
    vertex 2414.981971533937 210.64432634638453 568.0123423121587
    vertex 2414.981971533937 210.09807621135442 568.1619999999947
  endloop
endfacet
facet normal 1.0 -7.183579007241219e-16 1.7935581249264336e-14
  outer loop
    vertex 2414.981971533937 210.09807621135442 568.1619999999947
    vertex 2414.981971533937 210.64432634638453 568.0123423121587
    vertex 2414.981971533937 210.31907786235885 568.6359395700176
  endloop
endfacet
facet normal 1.0 -7.183579007241219e-16 1.7935581249264336e-14
  outer loop
    vertex 2414.981971533937 210.31907786235885 568.6359395700176
    vertex 2414.981971533937 210.64432634638453 568.0123423121587
    vertex 2414.981971533937 210.45442325903775 569.141055466994
  endloop
endfacet
facet normal 1.0 -7.183579007241219e-16 1.7935581249264336e-14
  outer loop
    vertex 2414.981971533937 210.45442325903775 569.141055466994
    vertex 2414.981971533937 210.64432634638453 568.0123423121587
    vertex 2414.981971533937 210.50000000000114 569.6619999999947
  endloop
endfacet
facet normal 1.0 -7.183579007241219e-16 1.7935581249264336e-14
  outer loop
    vertex 2414.9819715339386 210.51000000000118 575.1619999999954
    vertex 2414.981971533937 210.45442325903772 570.1829445329955
    vertex 2414.981971533937 210.51000000000124 569.776300523024
  endloop
endfacet
facet normal 1.0 -7.183579007241219e-16 1.7935581249264336e-14
  outer loop
    vertex 2414.981971533937 210.45442325903772 570.1829445329955
    vertex 2414.9819715339386 210.51000000000118 575.1619999999954
    vertex 2414.981971533937 210.31907786235885 570.6880604299718
  endloop
endfacet
facet normal 1.0 -7.183579007241219e-16 1.7935581249264336e-14
  outer loop
    vertex 2414.981971533937 210.31907786235885 570.6880604299718
    vertex 2414.9819715339386 210.51000000000118 575.1619999999954
    vertex 2414.981971533937 210.0980762113544 571.1619999999947
  endloop
endfacet
facet normal 1.0 -7.183579007241219e-16 1.7935581249264336e-14
  outer loop
    vertex 2414.981971533937 210.0980762113544 571.1619999999947
    vertex 2414.9819715339386 210.51000000000118 575.1619999999954
    vertex 2414.981971533937 209.79813332935802 571.5903628290544
  endloop
endfacet
facet normal 1.0 -7.183579007241219e-16 1.7935581249264336e-14
  outer loop
    vertex 2414.981971533937 209.79813332935802 571.5903628290544
    vertex 2414.9819715339386 210.51000000000118 575.1619999999954
    vertex 2414.981971533937 209.42836282906072 571.9601333293516
  endloop
endfacet
facet normal 1.0 -7.183579007241219e-16 1.7935581249264336e-14
  outer loop
    vertex 2414.981971533937 209.42836282906072 571.9601333293516
    vertex 2414.9819715339386 210.51000000000118 575.1619999999954
    vertex 2414.981971533937 209.0000000000011 572.2600762113481
  endloop
endfacet
facet normal 1.0 -7.183579007241219e-16 1.7935581249264336e-14
  outer loop
    vertex 2414.981971533937 209.0000000000011 572.2600762113481
    vertex 2414.9819715339386 210.51000000000118 575.1619999999954
    vertex 2414.981971533937 208.5260604299781 572.4810778623524
  endloop
endfacet
facet normal 1.0 -7.183579007241219e-16 1.7935581249264336e-14
  outer loop
    vertex 2414.981971533937 208.5260604299781 572.4810778623524
    vertex 2414.9819715339386 210.51000000000118 575.1619999999954
    vertex 2414.981971533937 208.02094453300185 572.6164232590313
  endloop
endfacet
facet normal 1.0 -7.183579007241219e-16 1.7935581249264336e-14
  outer loop
    vertex 2414.981971533937 208.02094453300185 572.6164232590313
    vertex 2414.9819715339386 210.51000000000118 575.1619999999954
    vertex 2414.981971533937 207.50000000000108 572.6619999999948
  endloop
endfacet
facet normal 1.0 -7.183579007241219e-16 1.7935581249264336e-14
  outer loop
    vertex 2414.981971533937 207.50000000000108 572.6619999999948
    vertex 2414.9819715339386 210.51000000000118 575.1619999999954
    vertex 2414.981971533937 191.25000000000068 575.1619999999951
  endloop
endfacet
facet normal 1.0 -7.183579007241219e-16 1.7935581249264336e-14
  outer loop
    vertex 2414.981971533937 212.00000000000105 564.5874657390042
    vertex 2414.9819715339377 191.25000000000057 563.6619999999957
    vertex 2414.9819715339377 212.00000000000105 563.6619999999955
  endloop
endfacet
facet normal 1.0 -7.183579007241219e-16 1.7935581249264336e-14
  outer loop
    vertex 2414.9819715339377 191.25000000000057 563.6619999999957
    vertex 2414.981971533937 212.00000000000105 564.5874657390042
    vertex 2414.981971533937 206.47393957002413 566.8429221376371
  endloop
endfacet
facet normal 1.0 -7.183579007241219e-16 1.7935581249264336e-14
  outer loop
    vertex 2414.9819715339377 191.25000000000057 563.6619999999957
    vertex 2414.981971533937 206.47393957002413 566.8429221376371
    vertex 2414.981971533937 206.0000000000011 567.0639237886414
  endloop
endfacet
facet normal 1.0 -7.183579007241219e-16 1.7935581249264336e-14
  outer loop
    vertex 2414.9819715339377 191.25000000000057 563.6619999999957
    vertex 2414.981971533937 206.0000000000011 567.0639237886414
    vertex 2414.981971533937 191.25000000000068 575.1619999999951
  endloop
endfacet
facet normal 1.0 -7.183579007241219e-16 1.7935581249264336e-14
  outer loop
    vertex 2414.981971533937 206.47393957002413 566.8429221376371
    vertex 2414.981971533937 212.00000000000105 564.5874657390042
    vertex 2414.981971533937 211.77275866404833 564.9119999999946
  endloop
endfacet
facet normal 1.0 -7.183579007241219e-16 1.7935581249264336e-14
  outer loop
    vertex 2414.981971533937 206.47393957002413 566.8429221376371
    vertex 2414.981971533937 211.77275866404833 564.9119999999946
    vertex 2414.981971533937 206.97905546700036 566.7075767409581
  endloop
endfacet
facet normal 1.0 -7.183579007241219e-16 1.7935581249264336e-14
  outer loop
    vertex 2414.981971533937 206.97905546700036 566.7075767409581
    vertex 2414.981971533937 211.77275866404833 564.9119999999946
    vertex 2414.981971533937 207.50000000000114 566.6619999999947
  endloop
endfacet
facet normal 1.0 -7.183579007241219e-16 1.7935581249264336e-14
  outer loop
    vertex 2414.981971533937 207.50000000000114 566.6619999999947
    vertex 2414.981971533937 211.77275866404833 564.9119999999946
    vertex 2414.981971533937 211.07292010253437 566.4128086384006
  endloop
endfacet
facet normal 1.0 -7.183579007241219e-16 1.7935581249264336e-14
  outer loop
    vertex 2414.981971533937 191.25000000000068 575.1619999999951
    vertex 2414.981971533937 206.0000000000011 567.0639237886414
    vertex 2414.981971533937 205.5716371709415 567.3638666706378
  endloop
endfacet
facet normal 1.0 -7.183579007241219e-16 1.7935581249264336e-14
  outer loop
    vertex 2414.981971533937 191.25000000000068 575.1619999999951
    vertex 2414.981971533937 205.5716371709415 567.3638666706378
    vertex 2414.981971533937 205.2018666706442 567.7336371709351
  endloop
endfacet
facet normal 1.0 -7.183579007241219e-16 1.7935581249264336e-14
  outer loop
    vertex 2414.981971533937 191.25000000000068 575.1619999999951
    vertex 2414.981971533937 205.2018666706442 567.7336371709351
    vertex 2414.981971533937 204.90192378864782 568.1619999999947
  endloop
endfacet
facet normal 1.0 -7.183579007241219e-16 1.7935581249264336e-14
  outer loop
    vertex 2414.981971533937 191.25000000000068 575.1619999999951
    vertex 2414.981971533937 204.90192378864782 568.1619999999947
    vertex 2414.981971533937 204.68092213764342 568.6359395700176
  endloop
endfacet
facet normal 1.0 -7.183579007241219e-16 1.7935581249264336e-14
  outer loop
    vertex 2414.981971533937 191.25000000000068 575.1619999999951
    vertex 2414.981971533937 204.68092213764342 568.6359395700176
    vertex 2414.981971533937 204.5455767409645 569.141055466994
  endloop
endfacet
facet normal 1.0 -7.183579007241219e-16 1.7935581249264336e-14
  outer loop
    vertex 2414.981971533937 191.25000000000068 575.1619999999951
    vertex 2414.981971533937 204.5455767409645 569.141055466994
    vertex 2414.981971533937 204.50000000000114 569.6619999999947
  endloop
endfacet
facet normal 1.0 -7.183579007241219e-16 1.7935581249264336e-14
  outer loop
    vertex 2414.981971533937 191.25000000000068 575.1619999999951
    vertex 2414.981971533937 204.50000000000114 569.6619999999947
    vertex 2414.981971533937 204.5455767409645 570.1829445329955
  endloop
endfacet
facet normal 1.0 -7.183579007241219e-16 1.7935581249264336e-14
  outer loop
    vertex 2414.981971533937 191.25000000000068 575.1619999999951
    vertex 2414.981971533937 204.5455767409645 570.1829445329955
    vertex 2414.981971533937 204.68092213764342 570.6880604299718
  endloop
endfacet
facet normal 1.0 -7.183579007241219e-16 1.7935581249264336e-14
  outer loop
    vertex 2414.981971533937 191.25000000000068 575.1619999999951
    vertex 2414.981971533937 204.68092213764342 570.6880604299718
    vertex 2414.981971533937 204.9019237886478 571.1619999999947
  endloop
endfacet
facet normal 1.0 -7.183579007241219e-16 1.7935581249264336e-14
  outer loop
    vertex 2414.981971533937 191.25000000000068 575.1619999999951
    vertex 2414.981971533937 204.9019237886478 571.1619999999947
    vertex 2414.981971533937 205.20186667064414 571.5903628290544
  endloop
endfacet
facet normal 1.0 -7.183579007241219e-16 1.7935581249264336e-14
  outer loop
    vertex 2414.981971533937 191.25000000000068 575.1619999999951
    vertex 2414.981971533937 205.20186667064414 571.5903628290544
    vertex 2414.981971533937 205.57163717094144 571.9601333293516
  endloop
endfacet
facet normal 1.0 -7.183579007241219e-16 1.7935581249264336e-14
  outer loop
    vertex 2414.981971533937 191.25000000000068 575.1619999999951
    vertex 2414.981971533937 205.57163717094144 571.9601333293516
    vertex 2414.981971533937 206.0000000000011 572.2600762113481
  endloop
endfacet
facet normal 1.0 -7.183579007241219e-16 1.7935581249264336e-14
  outer loop
    vertex 2414.981971533937 191.25000000000068 575.1619999999951
    vertex 2414.981971533937 206.0000000000011 572.2600762113481
    vertex 2414.981971533937 206.4739395700241 572.4810778623524
  endloop
endfacet
facet normal 1.0 -7.183579007241219e-16 1.7935581249264336e-14
  outer loop
    vertex 2414.981971533937 191.25000000000068 575.1619999999951
    vertex 2414.981971533937 206.4739395700241 572.4810778623524
    vertex 2414.981971533937 206.9790554670003 572.6164232590313
  endloop
endfacet
facet normal 1.0 -7.183579007241219e-16 1.7935581249264336e-14
  outer loop
    vertex 2414.981971533937 191.25000000000068 575.1619999999951
    vertex 2414.981971533937 206.9790554670003 572.6164232590313
    vertex 2414.981971533937 207.50000000000108 572.6619999999948
  endloop
endfacet
facet normal 1.0 3.702164125568922e-14 1.8027946366590936e-14
  outer loop
    vertex 2404.6319715339373 229.0000000000007 563.6619999999951
    vertex 2404.631971533937 221.0260604299774 566.8429221376368
    vertex 2404.6319715339378 212.00000000000097 563.6619999999953
  endloop
endfacet
facet normal 1.0 3.702164125568922e-14 1.8027946366590936e-14
  outer loop
    vertex 2404.631971533937 221.0260604299774 566.8429221376368
    vertex 2404.6319715339373 229.0000000000007 563.6619999999951
    vertex 2404.631971533937 221.50000000000043 567.0639237886411
  endloop
endfacet
facet normal 1.0 3.702164125568922e-14 1.8027946366590936e-14
  outer loop
    vertex 2404.631971533937 221.50000000000043 567.0639237886411
    vertex 2404.6319715339373 229.0000000000007 563.6619999999951
    vertex 2404.631971533937 221.92836282906 567.3638666706375
  endloop
endfacet
facet normal 1.0 3.702164125568922e-14 1.8027946366590936e-14
  outer loop
    vertex 2404.631971533937 221.92836282906 567.3638666706375
    vertex 2404.6319715339373 229.0000000000007 563.6619999999951
    vertex 2404.631971533937 222.2981333293573 567.7336371709349
  endloop
endfacet
facet normal 1.0 3.702164125568922e-14 1.8027946366590936e-14
  outer loop
    vertex 2404.631971533937 222.2981333293573 567.7336371709349
    vertex 2404.6319715339373 229.0000000000007 563.6619999999951
    vertex 2404.631971533937 222.59807621135366 568.1619999999945
  endloop
endfacet
facet normal 1.0 3.702164125568922e-14 1.8027946366590936e-14
  outer loop
    vertex 2404.631971533937 222.59807621135366 568.1619999999945
    vertex 2404.6319715339373 229.0000000000007 563.6619999999951
    vertex 2404.6319715339364 226.39999999999895 575.1619999999945
  endloop
endfacet
facet normal 1.0 3.702164125568922e-14 1.8027946366590936e-14
  outer loop
    vertex 2404.6319715339364 226.39999999999895 575.1619999999945
    vertex 2404.6319715339373 229.0000000000007 563.6619999999951
    vertex 2404.631971533937 228.99999999999866 580.6619999999945
  endloop
endfacet
facet normal 1.0 3.702164125568922e-14 1.8027946366590936e-14
  outer loop
    vertex 2404.6319715339378 212.00000000000097 563.6619999999953
    vertex 2404.631971533937 221.0260604299774 566.8429221376368
    vertex 2404.6319715339378 220.52094453300117 566.7075767409578
  endloop
endfacet
facet normal 1.0 3.702164125568922e-14 1.8027946366590936e-14
  outer loop
    vertex 2404.6319715339378 212.00000000000097 563.6619999999953
    vertex 2404.6319715339378 220.52094453300117 566.7075767409578
    vertex 2404.6319715339378 212.00000000000097 564.5874657390041
  endloop
endfacet
facet normal 1.0 3.702164125568922e-14 1.8027946366590936e-14
  outer loop
    vertex 2404.6319715339378 212.00000000000097 564.5874657390041
    vertex 2404.6319715339378 220.52094453300117 566.7075767409578
    vertex 2404.6319715339378 211.7727586640482 564.9119999999944
  endloop
endfacet
facet normal 1.0 3.702164125568922e-14 1.8027946366590936e-14
  outer loop
    vertex 2404.6319715339378 211.7727586640482 564.9119999999944
    vertex 2404.6319715339378 220.52094453300117 566.7075767409578
    vertex 2404.6319715339378 220.0000000000004 566.6619999999945
  endloop
endfacet
facet normal 1.0 3.702164125568922e-14 1.8027946366590936e-14
  outer loop
    vertex 2404.6319715339378 211.7727586640482 564.9119999999944
    vertex 2404.6319715339378 220.0000000000004 566.6619999999945
    vertex 2404.6319715339378 211.07292010253428 566.4128086384005
  endloop
endfacet
facet normal 1.0 3.702164125568922e-14 1.8027946366590936e-14
  outer loop
    vertex 2404.631971533937 222.59807621135366 568.1619999999945
    vertex 2404.6319715339364 226.39999999999895 575.1619999999945
    vertex 2404.631971533937 222.81907786235803 568.6359395700174
  endloop
endfacet
facet normal 1.0 3.702164125568922e-14 1.8027946366590936e-14
  outer loop
    vertex 2404.631971533937 222.81907786235803 568.6359395700174
    vertex 2404.6319715339364 226.39999999999895 575.1619999999945
    vertex 2404.631971533937 222.95442325903696 569.1410554669936
  endloop
endfacet
facet normal 1.0 3.702164125568922e-14 1.8027946366590936e-14
  outer loop
    vertex 2404.631971533937 222.95442325903696 569.1410554669936
    vertex 2404.6319715339364 226.39999999999895 575.1619999999945
    vertex 2404.631971533937 223.0000000000003 569.6619999999945
  endloop
endfacet
facet normal 1.0 3.702164125568922e-14 1.8027946366590936e-14
  outer loop
    vertex 2404.631971533937 223.0000000000003 569.6619999999945
    vertex 2404.6319715339364 226.39999999999895 575.1619999999945
    vertex 2404.631971533937 222.95442325903696 570.1829445329952
  endloop
endfacet
facet normal 1.0 3.702164125568922e-14 1.8027946366590936e-14
  outer loop
    vertex 2404.631971533937 222.95442325903696 570.1829445329952
    vertex 2404.6319715339364 226.39999999999895 575.1619999999945
    vertex 2404.631971533937 222.81907786235803 570.6880604299715
  endloop
endfacet
facet normal 1.0 3.702164125568922e-14 1.8027946366590936e-14
  outer loop
    vertex 2404.631971533937 222.81907786235803 570.6880604299715
    vertex 2404.6319715339364 226.39999999999895 575.1619999999945
    vertex 2404.631971533937 222.59807621135366 571.1619999999945
  endloop
endfacet
facet normal 1.0 3.702164125568922e-14 1.8027946366590936e-14
  outer loop
    vertex 2404.631971533937 222.59807621135366 571.1619999999945
    vertex 2404.6319715339364 226.39999999999895 575.1619999999945
    vertex 2404.631971533937 222.2981333293573 571.590362829054
  endloop
endfacet
facet normal 1.0 3.702164125568922e-14 1.8027946366590936e-14
  outer loop
    vertex 2404.631971533937 222.2981333293573 571.590362829054
    vertex 2404.6319715339364 226.39999999999895 575.1619999999945
    vertex 2404.631971533937 221.92836282906 571.9601333293514
  endloop
endfacet
facet normal 1.0 3.702164125568922e-14 1.8027946366590936e-14
  outer loop
    vertex 2404.631971533937 221.92836282906 571.9601333293514
    vertex 2404.6319715339364 226.39999999999895 575.1619999999945
    vertex 2404.631971533937 221.5000000000004 572.2600762113478
  endloop
endfacet
facet normal 1.0 3.702164125568922e-14 1.8027946366590936e-14
  outer loop
    vertex 2404.631971533937 221.5000000000004 572.2600762113478
    vertex 2404.6319715339364 226.39999999999895 575.1619999999945
    vertex 2404.631971533937 221.02606042997735 572.4810778623521
  endloop
endfacet
facet normal 1.0 3.702164125568922e-14 1.8027946366590936e-14
  outer loop
    vertex 2404.631971533937 221.02606042997735 572.4810778623521
    vertex 2404.6319715339364 226.39999999999895 575.1619999999945
    vertex 2404.631971533937 220.52094453300114 572.6164232590311
  endloop
endfacet
facet normal 1.0 3.702164125568922e-14 1.8027946366590936e-14
  outer loop
    vertex 2404.631971533937 220.52094453300114 572.6164232590311
    vertex 2404.6319715339364 226.39999999999895 575.1619999999945
    vertex 2404.631971533937 220.00000000000037 572.6619999999945
  endloop
endfacet
facet normal 1.0 3.702164125568922e-14 1.8027946366590936e-14
  outer loop
    vertex 2404.6319715339364 226.39999999999895 575.1619999999945
    vertex 2404.631971533937 228.99999999999866 580.6619999999945
    vertex 2404.631971533936 226.39999999999895 580.6619999999945
  endloop
endfacet
facet normal 1.0 3.702164125568922e-14 1.8027946366590936e-14
  outer loop
    vertex 2404.6319715339378 211.07292010253428 566.4128086384005
    vertex 2404.6319715339378 219.47905546699963 566.7075767409576
    vertex 2404.6319715339378 210.6443263463844 568.0123423121586
  endloop
endfacet
facet normal 1.0 3.702164125568922e-14 1.8027946366590936e-14
  outer loop
    vertex 2404.6319715339378 219.47905546699963 566.7075767409576
    vertex 2404.6319715339378 211.07292010253428 566.4128086384005
    vertex 2404.6319715339378 220.0000000000004 566.6619999999945
  endloop
endfacet
facet normal 1.0 3.702164125568922e-14 1.8027946366590936e-14
  outer loop
    vertex 2404.6319715339378 210.6443263463844 568.0123423121586
    vertex 2404.6319715339378 219.47905546699963 566.7075767409576
    vertex 2404.6319715339378 218.97393957002342 566.8429221376366
  endloop
endfacet
facet normal 1.0 3.702164125568922e-14 1.8027946366590936e-14
  outer loop
    vertex 2404.6319715339378 210.6443263463844 568.0123423121586
    vertex 2404.6319715339378 218.97393957002342 566.8429221376366
    vertex 2404.6319715339378 218.5000000000004 567.063923788641
  endloop
endfacet
facet normal 1.0 3.702164125568922e-14 1.8027946366590936e-14
  outer loop
    vertex 2404.6319715339378 210.6443263463844 568.0123423121586
    vertex 2404.6319715339378 218.5000000000004 567.063923788641
    vertex 2404.6319715339378 218.07163717094073 567.3638666706374
  endloop
endfacet
facet normal 1.0 3.702164125568922e-14 1.8027946366590936e-14
  outer loop
    vertex 2404.6319715339378 210.6443263463844 568.0123423121586
    vertex 2404.6319715339378 218.07163717094073 567.3638666706374
    vertex 2404.6319715339378 217.70186667064343 567.7336371709348
  endloop
endfacet
facet normal 1.0 3.702164125568922e-14 1.8027946366590936e-14
  outer loop
    vertex 2404.6319715339378 210.6443263463844 568.0123423121586
    vertex 2404.6319715339378 217.70186667064343 567.7336371709348
    vertex 2404.6319715339378 217.40192378864705 568.1619999999944
  endloop
endfacet
facet normal 1.0 3.702164125568922e-14 1.8027946366590936e-14
  outer loop
    vertex 2404.6319715339378 210.6443263463844 568.0123423121586
    vertex 2404.6319715339378 217.40192378864705 568.1619999999944
    vertex 2404.6319715339373 210.50000000000094 569.6619999999946
  endloop
endfacet
facet normal 1.0 3.702164125568922e-14 1.8027946366590936e-14
  outer loop
    vertex 2404.6319715339373 210.50000000000094 569.6619999999946
    vertex 2404.6319715339378 217.40192378864705 568.1619999999944
    vertex 2404.6319715339378 217.1809221376426 568.6359395700173
  endloop
endfacet
facet normal 1.0 3.702164125568922e-14 1.8027946366590936e-14
  outer loop
    vertex 2404.6319715339373 210.50000000000094 569.6619999999946
    vertex 2404.6319715339378 217.1809221376426 568.6359395700173
    vertex 2404.6319715339378 217.0455767409637 569.1410554669936
  endloop
endfacet
facet normal 1.0 3.702164125568922e-14 1.8027946366590936e-14
  outer loop
    vertex 2404.6319715339373 210.50000000000094 569.6619999999946
    vertex 2404.6319715339378 217.0455767409637 569.1410554669936
    vertex 2404.631971533937 217.0000000000003 569.6619999999944
  endloop
endfacet
facet normal 1.0 3.702164125568922e-14 1.8027946366590936e-14
  outer loop
    vertex 2404.6319715339373 210.50000000000094 569.6619999999946
    vertex 2404.631971533937 217.0000000000003 569.6619999999944
    vertex 2404.631971533937 217.0455767409637 570.1829445329952
  endloop
endfacet
facet normal 1.0 3.702164125568922e-14 1.8027946366590936e-14
  outer loop
    vertex 2404.6319715339373 210.50000000000094 569.6619999999946
    vertex 2404.631971533937 217.0455767409637 570.1829445329952
    vertex 2404.6319715339373 210.50999999999365 569.7763005230263
  endloop
endfacet
facet normal 1.0 3.702164125568922e-14 1.8027946366590936e-14
  outer loop
    vertex 2404.6319715339373 210.50999999999365 569.7763005230263
    vertex 2404.631971533937 217.0455767409637 570.1829445329952
    vertex 2404.631971533938 210.50999999999365 575.1619999999978
  endloop
endfacet
facet normal 1.0 3.702164125568922e-14 1.8027946366590936e-14
  outer loop
    vertex 2404.631971533938 210.50999999999365 575.1619999999978
    vertex 2404.631971533937 217.0455767409637 570.1829445329952
    vertex 2404.631971533937 217.1809221376426 570.6880604299714
  endloop
endfacet
facet normal 1.0 3.702164125568922e-14 1.8027946366590936e-14
  outer loop
    vertex 2404.631971533938 210.50999999999365 575.1619999999978
    vertex 2404.631971533937 217.1809221376426 570.6880604299714
    vertex 2404.631971533937 217.40192378864705 571.1619999999944
  endloop
endfacet
facet normal 1.0 3.702164125568922e-14 1.8027946366590936e-14
  outer loop
    vertex 2404.631971533938 210.50999999999365 575.1619999999978
    vertex 2404.631971533937 217.40192378864705 571.1619999999944
    vertex 2404.631971533937 217.70186667064343 571.5903628290539
  endloop
endfacet
facet normal 1.0 3.702164125568922e-14 1.8027946366590936e-14
  outer loop
    vertex 2404.631971533938 210.50999999999365 575.1619999999978
    vertex 2404.631971533937 217.70186667064343 571.5903628290539
    vertex 2404.631971533937 218.07163717094073 571.9601333293513
  endloop
endfacet
facet normal 1.0 3.702164125568922e-14 1.8027946366590936e-14
  outer loop
    vertex 2404.631971533938 210.50999999999365 575.1619999999978
    vertex 2404.631971533937 218.07163717094073 571.9601333293513
    vertex 2404.631971533937 218.5000000000004 572.2600762113476
  endloop
endfacet
facet normal 1.0 3.702164125568922e-14 1.8027946366590936e-14
  outer loop
    vertex 2404.631971533938 210.50999999999365 575.1619999999978
    vertex 2404.631971533937 218.5000000000004 572.2600762113476
    vertex 2404.631971533937 218.97393957002336 572.481077862352
  endloop
endfacet
facet normal 1.0 3.702164125568922e-14 1.8027946366590936e-14
  outer loop
    vertex 2404.631971533938 210.50999999999365 575.1619999999978
    vertex 2404.631971533937 218.97393957002336 572.481077862352
    vertex 2404.631971533937 219.4790554669996 572.6164232590309
  endloop
endfacet
facet normal 1.0 3.702164125568922e-14 1.8027946366590936e-14
  outer loop
    vertex 2404.631971533938 210.50999999999365 575.1619999999978
    vertex 2404.631971533937 219.4790554669996 572.6164232590309
    vertex 2404.631971533937 220.00000000000037 572.6619999999945
  endloop
endfacet
facet normal 1.0 3.702164125568922e-14 1.8027946366590936e-14
  outer loop
    vertex 2404.631971533938 210.50999999999365 575.1619999999978
    vertex 2404.631971533937 220.00000000000037 572.6619999999945
    vertex 2404.6319715339364 226.39999999999895 575.1619999999945
  endloop
endfacet
facet normal -7.295321461216076e-13 1.0 6.126106527616729e-15
  outer loop
    vertex 2414.981971533937 210.51000000000124 569.776300523024
    vertex 2404.631971533938 210.50999999999365 575.1619999999978
    vertex 2414.9819715339386 210.51000000000118 575.1619999999954
  endloop
endfacet
facet normal -7.295321461216076e-13 1.0 6.126106527616729e-15
  outer loop
    vertex 2404.631971533938 210.50999999999365 575.1619999999978
    vertex 2414.981971533937 210.51000000000124 569.776300523024
    vertex 2404.6319715339373 210.50999999999365 569.7763005230263
  endloop
endfacet
facet normal -1.3398161055536153e-14 1.0 1.1734106935811737e-14
  outer loop
    vertex 2395.3319715339367 189.85000000000034 575.1619999999946
    vertex 2404.6319715339373 189.85000000000042 580.6619999999947
    vertex 2404.6319715339378 189.85000000000042 575.1619999999947
  endloop
endfacet
facet normal -1.3398161055536153e-14 1.0 1.1734106935811737e-14
  outer loop
    vertex 2404.6319715339373 189.85000000000042 580.6619999999947
    vertex 2395.3319715339367 189.85000000000034 575.1619999999946
    vertex 2377.1319715339378 189.85000000000016 567.6619999999936
  endloop
endfacet
facet normal -1.3398161055536153e-14 1.0 1.1734106935811737e-14
  outer loop
    vertex 2377.1319715339378 189.85000000000016 567.6619999999936
    vertex 2395.3319715339367 189.85000000000034 575.1619999999946
    vertex 2395.3319715339367 189.85000000000042 567.6619999999939
  endloop
endfacet
facet normal -0.4273796168934527 -4.328465632659891e-14 0.9040722665052866
  outer loop
    vertex 2404.6319715339373 189.85000000000042 580.6619999999947
    vertex 2377.1319715339378 187.25000000000026 567.6619999999934
    vertex 2404.6319715339373 187.2500000000005 580.6619999999947
  endloop
endfacet
facet normal -0.4273796168934527 -4.328465632659891e-14 0.9040722665052866
  outer loop
    vertex 2377.1319715339378 187.25000000000026 567.6619999999934
    vertex 2404.6319715339373 189.85000000000042 580.6619999999947
    vertex 2377.1319715339378 189.85000000000016 567.6619999999936
  endloop
endfacet
facet normal -0.4273796168934539 4.754459559690469e-14 0.904072266505286
  outer loop
    vertex 2404.631971533937 228.99999999999866 580.6619999999945
    vertex 2377.131971533937 226.40000000000066 567.6619999999933
    vertex 2404.631971533936 226.39999999999895 580.6619999999945
  endloop
endfacet
facet normal -0.4273796168934539 4.754459559690469e-14 0.904072266505286
  outer loop
    vertex 2377.131971533937 226.40000000000066 567.6619999999933
    vertex 2404.631971533937 228.99999999999866 580.6619999999945
    vertex 2377.131971533937 229.00000000000063 567.6619999999933
  endloop
endfacet
endsolid flsun-cube-linear-rail-xy-gantry
