solid flsun-cube-linear-rail-xy-gantry
facet normal 3.9371446501682863e-07 6.625098446109768e-08 0.9999999999999204
  outer loop
    vertex 3372.9714729254883 207.55841862177175 553.6999866972791
    vertex 3368.6885186914915 194.88453572059578 553.6999969228764
    vertex 3372.9714729254724 183.55840799513368 553.699993056412
  endloop
endfacet
facet normal 3.9371446501682863e-07 6.625098446109768e-08 0.9999999999999204
  outer loop
    vertex 3368.6885186914915 194.88453572059578 553.6999969228764
    vertex 3372.9714729254883 207.55841862177175 553.6999866972791
    vertex 3368.5626441591353 195.1884237237662 553.6999969283293
  endloop
endfacet
facet normal 3.9371446501682863e-07 6.625098446109768e-08 0.9999999999999204
  outer loop
    vertex 3368.5626441591353 195.1884237237662 553.6999969283293
    vertex 3372.9714729254883 207.55841862177175 553.6999866972791
    vertex 3368.3624066946622 195.4493782680609 553.6999969478978
  endloop
endfacet
facet normal 3.9371446501682863e-07 6.625098446109768e-08 0.9999999999999204
  outer loop
    vertex 3368.3624066946622 195.4493782680609 553.6999969478978
    vertex 3372.9714729254883 207.55841862177175 553.6999866972791
    vertex 3352.7214523491116 207.55843442467975 553.699998650971
  endloop
endfacet
facet normal 3.9371446501682863e-07 6.625098446109768e-08 0.9999999999999204
  outer loop
    vertex 3372.9714729254724 183.55840799513368 553.699993056412
    vertex 3368.6885186914915 194.88453572059578 553.6999969228764
    vertex 3368.7314521503667 194.55842372376702 553.6999969319105
  endloop
endfacet
facet normal 3.9371446501682863e-07 6.625098446109768e-08 0.9999999999999204
  outer loop
    vertex 3368.3624066946622 195.4493782680609 553.6999969478978
    vertex 3352.7214523491116 207.55843442467975 553.699998650971
    vertex 3368.101452150368 195.64961573253404 553.6999969802482
  endloop
endfacet
facet normal 3.9371446501682863e-07 6.625098446109768e-08 0.9999999999999204
  outer loop
    vertex 3368.101452150368 195.64961573253404 553.6999969802482
    vertex 3352.7214523491116 207.55843442467975 553.699998650971
    vertex 3367.7975641471976 195.77549026488973 553.6999970231758
  endloop
endfacet
facet normal 3.9371446501682863e-07 6.625098446109768e-08 0.9999999999999204
  outer loop
    vertex 3367.7975641471976 195.77549026488973 553.6999970231758
    vertex 3352.7214523491116 207.55843442467975 553.699998650971
    vertex 3367.471452150369 195.81842372376553 553.6999970737553
  endloop
endfacet
facet normal 3.9371446501682863e-07 6.625098446109768e-08 0.9999999999999204
  outer loop
    vertex 3367.471452150369 195.81842372376553 553.6999970737553
    vertex 3352.7214523491116 207.55843442467975 553.699998650971
    vertex 3367.14534015354 195.77549026488987 553.6999971285398
  endloop
endfacet
facet normal 3.9371446501682863e-07 6.625098446109768e-08 0.9999999999999204
  outer loop
    vertex 3367.14534015354 195.77549026488987 553.6999971285398
    vertex 3352.7214523491116 207.55843442467975 553.699998650971
    vertex 3366.8414521503696 195.64961573253427 553.6999971837956
  endloop
endfacet
facet normal 3.9371446501682863e-07 6.625098446109768e-08 0.9999999999999204
  outer loop
    vertex 3366.8414521503696 195.64961573253427 553.6999971837956
    vertex 3352.7214523491116 207.55843442467975 553.699998650971
    vertex 3366.5804976060754 195.4493782680612 553.6999972357575
  endloop
endfacet
facet normal 3.9371446501682863e-07 6.625098446109768e-08 0.9999999999999204
  outer loop
    vertex 3366.5804976060754 195.4493782680612 553.6999972357575
    vertex 3352.7214523491116 207.55843442467975 553.699998650971
    vertex 3366.380260141602 195.18842372376656 553.699997280884
  endloop
endfacet
facet normal 3.9371446501682863e-07 6.625098446109768e-08 0.9999999999999204
  outer loop
    vertex 3366.380260141602 195.18842372376656 553.699997280884
    vertex 3352.7214523491116 207.55843442467975 553.699998650971
    vertex 3366.254385609246 194.8845357205962 553.6999973160999
  endloop
endfacet
facet normal 3.9371446501682863e-07 6.625098446109768e-08 0.9999999999999204
  outer loop
    vertex 3366.254385609246 194.8845357205962 553.6999973160999
    vertex 3352.7214523491116 207.55843442467975 553.699998650971
    vertex 3366.2114521503704 194.55842372376748 553.6999973390056
  endloop
endfacet
facet normal 3.9371446501682863e-07 6.625098446109768e-08 0.9999999999999204
  outer loop
    vertex 3366.2114521503704 194.55842372376748 553.6999973390056
    vertex 3352.7214523491116 207.55843442467975 553.699998650971
    vertex 3359.0626441591326 195.18842372376753 553.6999963744322
  endloop
endfacet
facet normal 3.9371446501682863e-07 6.625098446109768e-08 0.9999999999999204
  outer loop
    vertex 3366.2114521503704 194.55842372376748 553.6999973390056
    vertex 3359.0626441591326 195.18842372376753 553.6999963744322
    vertex 3359.188518691488 194.884535720598 553.6999963689792
  endloop
endfacet
facet normal 3.9371446501682863e-07 6.625098446109768e-08 0.9999999999999204
  outer loop
    vertex 3366.2114521503704 194.55842372376748 553.6999973390056
    vertex 3359.188518691488 194.884535720598 553.6999963689792
    vertex 3359.2314521503636 194.55842372377023 553.6999963780133
  endloop
endfacet
facet normal 3.9371446501682863e-07 6.625098446109768e-08 0.9999999999999204
  outer loop
    vertex 3359.0626441591326 195.18842372376753 553.6999963744322
    vertex 3352.7214523491116 207.55843442467975 553.699998650971
    vertex 3358.86240669466 195.44937826806142 553.6999963940007
  endloop
endfacet
facet normal 3.9371446501682863e-07 6.625098446109768e-08 0.9999999999999204
  outer loop
    vertex 3358.86240669466 195.44937826806142 553.6999963940007
    vertex 3352.7214523491116 207.55843442467975 553.699998650971
    vertex 3358.6014521503657 195.64961573253382 553.699996426351
  endloop
endfacet
facet normal 3.9371446501682863e-07 6.625098446109768e-08 0.9999999999999204
  outer loop
    vertex 3358.6014521503657 195.64961573253382 553.699996426351
    vertex 3352.7214523491116 207.55843442467975 553.699998650971
    vertex 3358.297564147196 195.77549026488907 553.6999964692786
  endloop
endfacet
facet normal 3.9371446501682863e-07 6.625098446109768e-08 0.9999999999999204
  outer loop
    vertex 3358.297564147196 195.77549026488907 553.6999964692786
    vertex 3352.7214523491116 207.55843442467975 553.699998650971
    vertex 3357.971452150369 195.8184237237646 553.6999965198582
  endloop
endfacet
facet normal 3.9371446501682863e-07 6.625098446109768e-08 0.9999999999999204
  outer loop
    vertex 3357.971452150369 195.8184237237646 553.6999965198582
    vertex 3352.7214523491116 207.55843442467975 553.699998650971
    vertex 3357.6453401535405 195.77549026488893 553.6999965746426
  endloop
endfacet
facet normal 3.9371446501682863e-07 6.625098446109768e-08 0.9999999999999204
  outer loop
    vertex 3357.6453401535405 195.77549026488893 553.6999965746426
    vertex 3352.7214523491116 207.55843442467975 553.699998650971
    vertex 3357.341452150372 195.64961573253362 553.6999966298986
  endloop
endfacet
facet normal 3.9371446501682863e-07 6.625098446109768e-08 0.9999999999999204
  outer loop
    vertex 3357.341452150372 195.64961573253362 553.6999966298986
    vertex 3352.7214523491116 207.55843442467975 553.699998650971
    vertex 3357.080497606077 195.44937826806108 553.6999966818604
  endloop
endfacet
facet normal 3.9371446501682863e-07 6.625098446109768e-08 0.9999999999999204
  outer loop
    vertex 3357.080497606077 195.44937826806108 553.6999966818604
    vertex 3352.7214523491116 207.55843442467975 553.699998650971
    vertex 3356.880260141605 195.18842372376707 553.6999967269869
  endloop
endfacet
facet normal 3.9371446501682863e-07 6.625098446109768e-08 0.9999999999999204
  outer loop
    vertex 3356.880260141605 195.18842372376707 553.6999967269869
    vertex 3352.7214523491116 207.55843442467975 553.699998650971
    vertex 3356.7543856092498 194.88453572059754 553.6999967622029
  endloop
endfacet
facet normal 3.9371446501682863e-07 6.625098446109768e-08 0.9999999999999204
  outer loop
    vertex 3356.7543856092498 194.88453572059754 553.6999967622029
    vertex 3352.7214523491116 207.55843442467975 553.699998650971
    vertex 3356.7114521503745 194.5584237237698 553.6999967851084
  endloop
endfacet
facet normal 3.9371446501682863e-07 6.625098446109768e-08 0.9999999999999204
  outer loop
    vertex 3357.341452150372 193.4672317150062 553.6999967367708
    vertex 3357.4714609459174 191.55843442468117 553.6999954495795
    vertex 3357.6453401535414 193.34135718265094 553.6999966938431
  endloop
endfacet
facet normal 3.9371446501682863e-07 6.625098446109768e-08 0.9999999999999204
  outer loop
    vertex 3357.4714609459174 191.55843442468117 553.6999954495795
    vertex 3357.341452150372 193.4672317150062 553.6999967367708
    vertex 3352.7214523490998 191.55843442468452 553.6999965315865
  endloop
endfacet
facet normal 3.9371446501682863e-07 6.625098446109768e-08 0.9999999999999204
  outer loop
    vertex 3352.7214523490998 191.55843442468452 553.6999965315865
    vertex 3357.341452150372 193.4672317150062 553.6999967367708
    vertex 3357.080497606078 193.6674691794786 553.6999967691212
  endloop
endfacet
facet normal 3.9371446501682863e-07 6.625098446109768e-08 0.9999999999999204
  outer loop
    vertex 3352.7214523490998 191.55843442468452 553.6999965315865
    vertex 3357.080497606078 193.6674691794786 553.6999967691212
    vertex 3356.880260141605 193.92842372377248 553.6999967886896
  endloop
endfacet
facet normal 3.9371446501682863e-07 6.625098446109768e-08 0.9999999999999204
  outer loop
    vertex 3352.7214523490998 191.55843442468452 553.6999965315865
    vertex 3356.880260141605 193.92842372377248 553.6999967886896
    vertex 3356.7543856092498 194.23231172694202 553.6999967941426
  endloop
endfacet
facet normal 3.9371446501682863e-07 6.625098446109768e-08 0.9999999999999204
  outer loop
    vertex 3352.7214523490998 191.55843442468452 553.6999965315865
    vertex 3356.7543856092498 194.23231172694202 553.6999967941426
    vertex 3356.7114521503745 194.5584237237698 553.6999967851084
  endloop
endfacet
facet normal 3.9371446501682863e-07 6.625098446109768e-08 0.9999999999999204
  outer loop
    vertex 3352.7214523490998 191.55843442468452 553.6999965315865
    vertex 3356.7114521503745 194.5584237237698 553.6999967851084
    vertex 3352.7214523491116 207.55843442467975 553.699998650971
  endloop
endfacet
facet normal 3.9371446501682863e-07 6.625098446109768e-08 0.9999999999999204
  outer loop
    vertex 3372.9714729254724 183.55840799513368 553.699993056412
    vertex 3368.3624066946622 193.66746917947327 553.6999970351586
    vertex 3357.471460945911 183.5584079951431 553.6999943898838
  endloop
endfacet
facet normal 3.9371446501682863e-07 6.625098446109768e-08 0.9999999999999204
  outer loop
    vertex 3368.3624066946622 193.66746917947327 553.6999970351586
    vertex 3372.9714729254724 183.55840799513368 553.699993056412
    vertex 3368.5626441591353 193.9284237237679 553.6999969900321
  endloop
endfacet
facet normal 3.9371446501682863e-07 6.625098446109768e-08 0.9999999999999204
  outer loop
    vertex 3368.5626441591353 193.9284237237679 553.6999969900321
    vertex 3372.9714729254724 183.55840799513368 553.699993056412
    vertex 3368.6885186914915 194.2323117269383 553.699996954816
  endloop
endfacet
facet normal 3.9371446501682863e-07 6.625098446109768e-08 0.9999999999999204
  outer loop
    vertex 3368.6885186914915 194.2323117269383 553.699996954816
    vertex 3372.9714729254724 183.55840799513368 553.699993056412
    vertex 3368.7314521503667 194.55842372376702 553.6999969319105
  endloop
endfacet
facet normal 3.9371446501682863e-07 6.625098446109768e-08 0.9999999999999204
  outer loop
    vertex 3357.471460945911 183.5584079951431 553.6999943898838
    vertex 3368.3624066946622 193.66746917947327 553.6999970351586
    vertex 3368.1014521503675 193.4672317150002 553.6999970871204
  endloop
endfacet
facet normal 3.9371446501682863e-07 6.625098446109768e-08 0.9999999999999204
  outer loop
    vertex 3357.471460945911 183.5584079951431 553.6999943898838
    vertex 3368.1014521503675 193.4672317150002 553.6999970871204
    vertex 3367.797564147197 193.3413571826446 553.6999971423763
  endloop
endfacet
facet normal 3.9371446501682863e-07 6.625098446109768e-08 0.9999999999999204
  outer loop
    vertex 3357.471460945911 183.5584079951431 553.6999943898838
    vertex 3367.797564147197 193.3413571826446 553.6999971423763
    vertex 3367.471452150369 193.29842372376893 553.6999971971608
  endloop
endfacet
facet normal 3.9371446501682863e-07 6.625098446109768e-08 0.9999999999999204
  outer loop
    vertex 3357.471460945911 183.5584079951431 553.6999943898838
    vertex 3367.471452150369 193.29842372376893 553.6999971971608
    vertex 3367.14534015354 193.34135718264474 553.6999972477403
  endloop
endfacet
facet normal 3.9371446501682863e-07 6.625098446109768e-08 0.9999999999999204
  outer loop
    vertex 3357.471460945911 183.5584079951431 553.6999943898838
    vertex 3367.14534015354 193.34135718264474 553.6999972477403
    vertex 3366.8414521503696 193.46723171500042 553.6999972906679
  endloop
endfacet
facet normal 3.9371446501682863e-07 6.625098446109768e-08 0.9999999999999204
  outer loop
    vertex 3357.471460945911 183.5584079951431 553.6999943898838
    vertex 3366.8414521503696 193.46723171500042 553.6999972906679
    vertex 3366.5804976060745 193.66746917947358 553.6999973230182
  endloop
endfacet
facet normal 3.9371446501682863e-07 6.625098446109768e-08 0.9999999999999204
  outer loop
    vertex 3357.471460945911 183.5584079951431 553.6999943898838
    vertex 3366.5804976060745 193.66746917947358 553.6999973230182
    vertex 3366.3802601416014 193.92842372376828 553.6999973425867
  endloop
endfacet
facet normal 3.9371446501682863e-07 6.625098446109768e-08 0.9999999999999204
  outer loop
    vertex 3357.471460945911 183.5584079951431 553.6999943898838
    vertex 3366.3802601416014 193.92842372376828 553.6999973425867
    vertex 3366.254385609246 194.23231172693872 553.6999973480397
  endloop
endfacet
facet normal 3.9371446501682863e-07 6.625098446109768e-08 0.9999999999999204
  outer loop
    vertex 3357.471460945911 183.5584079951431 553.6999943898838
    vertex 3366.254385609246 194.23231172693872 553.6999973480397
    vertex 3366.2114521503704 194.55842372376748 553.6999973390056
  endloop
endfacet
facet normal 3.9371446501682863e-07 6.625098446109768e-08 0.9999999999999204
  outer loop
    vertex 3357.471460945911 183.5584079951431 553.6999943898838
    vertex 3366.2114521503704 194.55842372376748 553.6999973390056
    vertex 3359.188518691488 194.2323117269425 553.699996400919
  endloop
endfacet
facet normal 3.9371446501682863e-07 6.625098446109768e-08 0.9999999999999204
  outer loop
    vertex 3359.188518691488 194.2323117269425 553.699996400919
    vertex 3366.2114521503704 194.55842372376748 553.6999973390056
    vertex 3359.2314521503636 194.55842372377023 553.6999963780133
  endloop
endfacet
facet normal 3.9371446501682863e-07 6.625098446109768e-08 0.9999999999999204
  outer loop
    vertex 3357.471460945911 183.5584079951431 553.6999943898838
    vertex 3359.188518691488 194.2323117269425 553.699996400919
    vertex 3359.0626441591326 193.92842372377294 553.6999964361349
  endloop
endfacet
facet normal 3.9371446501682863e-07 6.625098446109768e-08 0.9999999999999204
  outer loop
    vertex 3357.471460945911 183.5584079951431 553.6999943898838
    vertex 3359.0626441591326 193.92842372377294 553.6999964361349
    vertex 3358.86240669466 193.66746917947896 553.6999964812615
  endloop
endfacet
facet normal 3.9371446501682863e-07 6.625098446109768e-08 0.9999999999999204
  outer loop
    vertex 3357.471460945911 183.5584079951431 553.6999943898838
    vertex 3358.86240669466 193.66746917947896 553.6999964812615
    vertex 3358.6014521503666 193.46723171500642 553.6999965332233
  endloop
endfacet
facet normal 3.9371446501682863e-07 6.625098446109768e-08 0.9999999999999204
  outer loop
    vertex 3357.471460945911 183.5584079951431 553.6999943898838
    vertex 3358.6014521503666 193.46723171500642 553.6999965332233
    vertex 3358.297564147197 193.34135718265108 553.6999965884792
  endloop
endfacet
facet normal 3.9371446501682863e-07 6.625098446109768e-08 0.9999999999999204
  outer loop
    vertex 3357.471460945911 183.5584079951431 553.6999943898838
    vertex 3358.297564147197 193.34135718265108 553.6999965884792
    vertex 3357.971452150369 193.29842372377541 553.6999966432636
  endloop
endfacet
facet normal 3.9371446501682863e-07 6.625098446109768e-08 0.9999999999999204
  outer loop
    vertex 3357.471460945911 183.5584079951431 553.6999943898838
    vertex 3357.971452150369 193.29842372377541 553.6999966432636
    vertex 3357.6453401535414 193.34135718265094 553.6999966938431
  endloop
endfacet
facet normal 3.9371446501682863e-07 6.625098446109768e-08 0.9999999999999204
  outer loop
    vertex 3357.471460945911 183.5584079951431 553.6999943898838
    vertex 3357.6453401535414 193.34135718265094 553.6999966938431
    vertex 3357.4714609459174 191.55843442468117 553.6999954495795
  endloop
endfacet
facet normal -1.615456388064741e-07 -4.897038352849069e-08 -0.9999999999999858
  outer loop
    vertex 3369.4999044977453 179.1019435715705 550.6999942623768
    vertex 3369.5714602625535 212.55842205136602 550.6999937790006
    vertex 3369.571460262538 178.55842357685512 550.6999942774337
  endloop
endfacet
facet normal -1.615456388064741e-07 -4.897038352849069e-08 -0.9999999999999858
  outer loop
    vertex 3369.5714602625535 212.55842205136602 550.6999937790006
    vertex 3369.4999044977453 179.1019435715705 550.6999942623768
    vertex 3369.4999044977603 212.0149020566513 550.6999938171765
  endloop
endfacet
facet normal -1.615456388064741e-07 -4.897038352849069e-08 -0.9999999999999858
  outer loop
    vertex 3369.4999044977603 212.0149020566513 550.6999938171765
    vertex 3369.4999044977453 179.1019435715705 550.6999942623768
    vertex 3369.2901136104856 179.60842357685524 550.6999942714651
  endloop
endfacet
facet normal -1.615456388064741e-07 -4.897038352849069e-08 -0.9999999999999858
  outer loop
    vertex 3369.4999044977603 212.0149020566513 550.6999938171765
    vertex 3369.2901136104856 179.60842357685524 550.6999942714651
    vertex 3369.2901136105 211.50842205136718 550.6999938758697
  endloop
endfacet
facet normal -1.615456388064741e-07 -4.897038352849069e-08 -0.9999999999999858
  outer loop
    vertex 3369.2901136105 211.50842205136718 550.6999938758697
    vertex 3369.2901136104856 179.60842357685524 550.6999942714651
    vertex 3368.95638450303 180.04334781734707 550.6999943040792
  endloop
endfacet
facet normal -1.615456388064741e-07 -4.897038352849069e-08 -0.9999999999999858
  outer loop
    vertex 3369.2901136105 211.50842205136718 550.6999938758697
    vertex 3368.95638450303 180.04334781734707 550.6999943040792
    vertex 3368.956384503045 211.073497810876 550.6999939510806
  endloop
endfacet
facet normal -1.615456388064741e-07 -4.897038352849069e-08 -0.9999999999999858
  outer loop
    vertex 3368.956384503045 211.073497810876 550.6999939510806
    vertex 3368.95638450303 180.04334781734707 550.6999943040792
    vertex 3368.7314516657293 194.55842357685557 550.6999934577989
  endloop
endfacet
facet normal -1.615456388064741e-07 -4.897038352849069e-08 -0.9999999999999858
  outer loop
    vertex 3368.7314516657293 194.55842357685557 550.6999934577989
    vertex 3368.95638450303 180.04334781734707 550.6999943040792
    vertex 3368.521460262539 180.37707692480285 550.6999943579965
  endloop
endfacet
facet normal -1.615456388064741e-07 -4.897038352849069e-08 -0.9999999999999858
  outer loop
    vertex 3368.7314516657293 194.55842357685557 550.6999934577989
    vertex 3368.521460262539 180.37707692480285 550.6999943579965
    vertex 3368.6885182068536 194.23231158002685 550.6999934807045
  endloop
endfacet
facet normal -1.615456388064741e-07 -4.897038352849069e-08 -0.9999999999999858
  outer loop
    vertex 3368.6885182068536 194.23231158002685 550.6999934807045
    vertex 3368.521460262539 180.37707692480285 550.6999943579965
    vertex 3368.5626436744983 193.9284235768565 550.6999935159205
  endloop
endfacet
facet normal -1.615456388064741e-07 -4.897038352849069e-08 -0.9999999999999858
  outer loop
    vertex 3368.5626436744983 193.9284235768565 550.6999935159205
    vertex 3368.521460262539 180.37707692480285 550.6999943579965
    vertex 3368.3624062100253 193.66746903256185 550.699993561047
  endloop
endfacet
facet normal -1.615456388064741e-07 -4.897038352849069e-08 -0.9999999999999858
  outer loop
    vertex 3368.3624062100253 193.66746903256185 550.699993561047
    vertex 3368.521460262539 180.37707692480285 550.6999943579965
    vertex 3368.014980257254 180.5868678120628 550.6999944295426
  endloop
endfacet
facet normal -1.615456388064741e-07 -4.897038352849069e-08 -0.9999999999999858
  outer loop
    vertex 3368.3624062100253 193.66746903256185 550.699993561047
    vertex 3368.014980257254 180.5868678120628 550.6999944295426
    vertex 3368.10145166573 193.46723156808878 550.6999936130088
  endloop
endfacet
facet normal -1.615456388064741e-07 -4.897038352849069e-08 -0.9999999999999858
  outer loop
    vertex 3368.10145166573 193.46723156808878 550.6999936130088
    vertex 3368.014980257254 180.5868678120628 550.6999944295426
    vertex 3367.7975636625597 193.34135703573318 550.6999936682647
  endloop
endfacet
facet normal -1.615456388064741e-07 -4.897038352849069e-08 -0.9999999999999858
  outer loop
    vertex 3367.7975636625597 193.34135703573318 550.6999936682647
    vertex 3368.014980257254 180.5868678120628 550.6999944295426
    vertex 3367.4714602625395 180.65842357685597 550.6999945138417
  endloop
endfacet
facet normal -1.615456388064741e-07 -4.897038352849069e-08 -0.9999999999999858
  outer loop
    vertex 3367.7975636625597 193.34135703573318 550.6999936682647
    vertex 3367.4714602625395 180.65842357685597 550.6999945138417
    vertex 3367.471451665731 193.29842357685752 550.6999937230491
  endloop
endfacet
facet normal -1.615456388064741e-07 -4.897038352849069e-08 -0.9999999999999858
  outer loop
    vertex 3367.471451665731 193.29842357685752 550.6999937230491
    vertex 3367.4714602625395 180.65842357685597 550.6999945138417
    vertex 3366.927940267824 180.58686781206328 550.6999946051491
  endloop
endfacet
facet normal -1.615456388064741e-07 -4.897038352849069e-08 -0.9999999999999858
  outer loop
    vertex 3367.471451665731 193.29842357685752 550.6999937230491
    vertex 3366.927940267824 180.58686781206328 550.6999946051491
    vertex 3367.145339668902 193.34135703573332 550.6999937736288
  endloop
endfacet
facet normal -1.615456388064741e-07 -4.897038352849069e-08 -0.9999999999999858
  outer loop
    vertex 3367.145339668902 193.34135703573332 550.6999937736288
    vertex 3366.927940267824 180.58686781206328 550.6999946051491
    vertex 3366.8414516657317 193.467231568089 550.6999938165562
  endloop
endfacet
facet normal -1.615456388064741e-07 -4.897038352849069e-08 -0.9999999999999858
  outer loop
    vertex 3366.8414516657317 193.467231568089 550.6999938165562
    vertex 3366.927940267824 180.58686781206328 550.6999946051491
    vertex 3366.421460262539 180.3770769248038 550.6999946972423
  endloop
endfacet
facet normal -1.615456388064741e-07 -4.897038352849069e-08 -0.9999999999999858
  outer loop
    vertex 3366.8414516657317 193.467231568089 550.6999938165562
    vertex 3366.421460262539 180.3770769248038 550.6999946972423
    vertex 3366.5804971214375 193.6674690325621 550.6999938489066
  endloop
endfacet
facet normal -1.615456388064741e-07 -4.897038352849069e-08 -0.9999999999999858
  outer loop
    vertex 3366.5804971214375 193.6674690325621 550.6999938489066
    vertex 3366.421460262539 180.3770769248038 550.6999946972423
    vertex 3366.380259656964 193.92842357685683 550.6999938684752
  endloop
endfacet
facet normal -1.615456388064741e-07 -4.897038352849069e-08 -0.9999999999999858
  outer loop
    vertex 3366.380259656964 193.92842357685683 550.6999938684752
    vertex 3366.421460262539 180.3770769248038 550.6999946972423
    vertex 3365.986536022047 180.04334781734838 550.6999947838453
  endloop
endfacet
facet normal -1.615456388064741e-07 -4.897038352849069e-08 -0.9999999999999858
  outer loop
    vertex 3366.380259656964 193.92842357685683 550.6999938684752
    vertex 3365.986536022047 180.04334781734838 550.6999947838453
    vertex 3366.2543851246082 194.23231158002727 550.6999938739281
  endloop
endfacet
facet normal -1.615456388064741e-07 -4.897038352849069e-08 -0.9999999999999858
  outer loop
    vertex 3366.2543851246082 194.23231158002727 550.6999938739281
    vertex 3365.986536022047 180.04334781734838 550.6999947838453
    vertex 3366.211451665733 194.55842357685606 550.699993864894
  endloop
endfacet
facet normal -1.615456388064741e-07 -4.897038352849069e-08 -0.9999999999999858
  outer loop
    vertex 3377.471460262534 173.55842357685322 550.6999960681807
    vertex 3369.4999044977453 178.01490358213994 550.6999943156096
    vertex 3377.4714602625595 217.55841381265324 550.6999879181578
  endloop
endfacet
facet normal -1.615456388064741e-07 -4.897038352849069e-08 -0.9999999999999858
  outer loop
    vertex 3369.4999044977453 178.01490358213994 550.6999943156096
    vertex 3377.471460262534 173.55842357685322 550.6999960681807
    vertex 3369.2901136104847 177.50842357685536 550.699994374303
  endloop
endfacet
facet normal -1.615456388064741e-07 -4.897038352849069e-08 -0.9999999999999858
  outer loop
    vertex 3369.2901136104847 177.50842357685536 550.699994374303
    vertex 3377.471460262534 173.55842357685322 550.6999960681807
    vertex 3368.956384503029 177.0734993363638 550.6999944495137
  endloop
endfacet
facet normal -1.615456388064741e-07 -4.897038352849069e-08 -0.9999999999999858
  outer loop
    vertex 3368.956384503029 177.0734993363638 550.6999944495137
    vertex 3377.471460262534 173.55842357685322 550.6999960681807
    vertex 3368.521460262538 176.73977022890836 550.6999945361167
  endloop
endfacet
facet normal -1.615456388064741e-07 -4.897038352849069e-08 -0.9999999999999858
  outer loop
    vertex 3368.521460262538 176.73977022890836 550.6999945361167
    vertex 3377.471460262534 173.55842357685322 550.6999960681807
    vertex 3368.014980257253 176.52997934164884 550.69999462821
  endloop
endfacet
facet normal -1.615456388064741e-07 -4.897038352849069e-08 -0.9999999999999858
  outer loop
    vertex 3368.014980257253 176.52997934164884 550.69999462821
    vertex 3377.471460262534 173.55842357685322 550.6999960681807
    vertex 3357.471460262537 173.55842357685898 550.6999937359825
  endloop
endfacet
facet normal -1.615456388064741e-07 -4.897038352849069e-08 -0.9999999999999858
  outer loop
    vertex 3377.4714602625595 217.55841381265324 550.6999879181578
    vertex 3369.4999044977453 178.01490358213994 550.6999943156096
    vertex 3369.571460262538 178.55842357685512 550.6999942774337
  endloop
endfacet
facet normal -1.615456388064741e-07 -4.897038352849069e-08 -0.9999999999999858
  outer loop
    vertex 3368.014980257253 176.52997934164884 550.69999462821
    vertex 3357.471460262537 173.55842357685898 550.6999937359825
    vertex 3367.471460262537 176.45842357685618 550.6999947195173
  endloop
endfacet
facet normal -1.615456388064741e-07 -4.897038352849069e-08 -0.9999999999999858
  outer loop
    vertex 3367.471460262537 176.45842357685618 550.6999947195173
    vertex 3357.471460262537 173.55842357685898 550.6999937359825
    vertex 3366.927940267822 176.52997934164935 550.6999948038165
  endloop
endfacet
facet normal -1.615456388064741e-07 -4.897038352849069e-08 -0.9999999999999858
  outer loop
    vertex 3366.927940267822 176.52997934164935 550.6999948038165
    vertex 3357.471460262537 173.55842357685898 550.6999937359825
    vertex 3366.4214602625375 176.7397702289093 550.6999948753627
  endloop
endfacet
facet normal -1.615456388064741e-07 -4.897038352849069e-08 -0.9999999999999858
  outer loop
    vertex 3366.4214602625375 176.7397702289093 550.6999948753627
    vertex 3357.471460262537 173.55842357685898 550.6999937359825
    vertex 3365.986536022046 177.07349933636507 550.6999949292798
  endloop
endfacet
facet normal -1.615456388064741e-07 -4.897038352849069e-08 -0.9999999999999858
  outer loop
    vertex 3365.986536022046 177.07349933636507 550.6999949292798
    vertex 3357.471460262537 173.55842357685898 550.6999937359825
    vertex 3365.65280691459 177.50842357685687 550.699994961894
  endloop
endfacet
facet normal -1.615456388064741e-07 -4.897038352849069e-08 -0.9999999999999858
  outer loop
    vertex 3365.65280691459 177.50842357685687 550.699994961894
    vertex 3357.471460262537 173.55842357685898 550.6999937359825
    vertex 3365.4430160273314 178.01490358214164 550.6999949709823
  endloop
endfacet
facet normal -1.615456388064741e-07 -4.897038352849069e-08 -0.9999999999999858
  outer loop
    vertex 3365.4430160273314 178.01490358214164 550.6999949709823
    vertex 3357.471460262537 173.55842357685898 550.6999937359825
    vertex 3365.371460262538 178.558423576857 550.6999949559254
  endloop
endfacet
facet normal -1.615456388064741e-07 -4.897038352849069e-08 -0.9999999999999858
  outer loop
    vertex 3365.371460262538 178.558423576857 550.6999949559254
    vertex 3357.471460262537 173.55842357685898 550.6999937359825
    vertex 3365.3714602625573 212.55842205136935 550.6999944574924
  endloop
endfacet
facet normal -1.615456388064741e-07 -4.897038352849069e-08 -0.9999999999999858
  outer loop
    vertex 3365.3714602625573 212.55842205136935 550.6999944574924
    vertex 3357.471460262537 173.55842357685898 550.6999937359825
    vertex 3359.2314516657257 194.5584235768588 550.6999929039017
  endloop
endfacet
facet normal -1.615456388064741e-07 -4.897038352849069e-08 -0.9999999999999858
  outer loop
    vertex 3359.2314516657257 194.5584235768588 550.6999929039017
    vertex 3357.471460262537 173.55842357685898 550.6999937359825
    vertex 3359.1885182068504 194.23231158003108 550.6999929268073
  endloop
endfacet
facet normal -1.615456388064741e-07 -4.897038352849069e-08 -0.9999999999999858
  outer loop
    vertex 3359.1885182068504 194.23231158003108 550.6999929268073
    vertex 3357.471460262537 173.55842357685898 550.6999937359825
    vertex 3359.0626436744956 193.92842357686152 550.6999929620233
  endloop
endfacet
facet normal -1.615456388064741e-07 -4.897038352849069e-08 -0.9999999999999858
  outer loop
    vertex 3359.0626436744956 193.92842357686152 550.6999929620233
    vertex 3357.471460262537 173.55842357685898 550.6999937359825
    vertex 3358.862406210022 193.66746903256748 550.6999930071499
  endloop
endfacet
facet normal -1.615456388064741e-07 -4.897038352849069e-08 -0.9999999999999858
  outer loop
    vertex 3358.862406210022 193.66746903256748 550.6999930071499
    vertex 3357.471460262537 173.55842357685898 550.6999937359825
    vertex 3358.6014516657287 193.46723156809497 550.6999930591118
  endloop
endfacet
facet normal -1.615456388064741e-07 -4.897038352849069e-08 -0.9999999999999858
  outer loop
    vertex 3358.6014516657287 193.46723156809497 550.6999930591118
    vertex 3357.471460262537 173.55842357685898 550.6999937359825
    vertex 3358.2975636625592 193.34135703573966 550.6999931143675
  endloop
endfacet
facet normal -1.615456388064741e-07 -4.897038352849069e-08 -0.9999999999999858
  outer loop
    vertex 3358.2975636625592 193.34135703573966 550.6999931143675
    vertex 3357.471460262537 173.55842357685898 550.6999937359825
    vertex 3357.9714516657314 193.298423576864 550.6999931691521
  endloop
endfacet
facet normal -1.615456388064741e-07 -4.897038352849069e-08 -0.9999999999999858
  outer loop
    vertex 3357.9714516657314 193.298423576864 550.6999931691521
    vertex 3357.471460262537 173.55842357685898 550.6999937359825
    vertex 3357.6453396689035 193.34135703573952 550.6999932197315
  endloop
endfacet
facet normal -1.615456388064741e-07 -4.897038352849069e-08 -0.9999999999999858
  outer loop
    vertex 3357.6453396689035 193.34135703573952 550.6999932197315
    vertex 3357.471460262537 173.55842357685898 550.6999937359825
    vertex 3357.4714602625468 191.55843420347918 550.699994335511
  endloop
endfacet
facet normal -1.615456388064741e-07 -4.897038352849069e-08 -0.9999999999999858
  outer loop
    vertex 3357.6453396689035 193.34135703573952 550.6999932197315
    vertex 3357.4714602625468 191.55843420347918 550.699994335511
    vertex 3357.3414516657344 193.46723156809475 550.6999932626592
  endloop
endfacet
facet normal -1.615456388064741e-07 -4.897038352849069e-08 -0.9999999999999858
  outer loop
    vertex 3357.3414516657344 193.46723156809475 550.6999932626592
    vertex 3357.4714602625468 191.55843420347918 550.699994335511
    vertex 3352.721451665729 191.55843420348253 550.6999954175179
  endloop
endfacet
facet normal -1.615456388064741e-07 -4.897038352849069e-08 -0.9999999999999858
  outer loop
    vertex 3357.3414516657344 193.46723156809475 550.6999932626592
    vertex 3352.721451665729 191.55843420348253 550.6999954175179
    vertex 3357.08049712144 193.66746903256714 550.6999932950096
  endloop
endfacet
facet normal -1.615456388064741e-07 -4.897038352849069e-08 -0.9999999999999858
  outer loop
    vertex 3357.08049712144 193.66746903256714 550.6999932950096
    vertex 3352.721451665729 191.55843420348253 550.6999954175179
    vertex 3356.8802596569676 193.92842357686106 550.699993314578
  endloop
endfacet
facet normal -1.615456388064741e-07 -4.897038352849069e-08 -0.9999999999999858
  outer loop
    vertex 3356.8802596569676 193.92842357686106 550.699993314578
    vertex 3352.721451665729 191.55843420348253 550.6999954175179
    vertex 3356.754385124613 194.23231158003057 550.699993320031
  endloop
endfacet
facet normal -1.615456388064741e-07 -4.897038352849069e-08 -0.9999999999999858
  outer loop
    vertex 3356.754385124613 194.23231158003057 550.699993320031
    vertex 3352.721451665729 191.55843420348253 550.6999954175179
    vertex 3356.7114516657366 194.55842357685836 550.6999933109968
  endloop
endfacet
facet normal -1.615456388064741e-07 -4.897038352849069e-08 -0.9999999999999858
  outer loop
    vertex 3356.7114516657366 194.55842357685836 550.6999933109968
    vertex 3352.721451665729 191.55843420348253 550.6999954175179
    vertex 3352.721451665745 217.55843420348273 550.699996283503
  endloop
endfacet
facet normal -1.615456388064741e-07 -4.897038352849069e-08 -0.9999999999999858
  outer loop
    vertex 3377.4714602625595 217.55841381265324 550.6999879181578
    vertex 3368.0149802572714 214.58686628657253 550.6999939311095
    vertex 3352.721451665745 217.55843420348273 550.699996283503
  endloop
endfacet
facet normal -1.615456388064741e-07 -4.897038352849069e-08 -0.9999999999999858
  outer loop
    vertex 3368.0149802572714 214.58686628657253 550.6999939311095
    vertex 3377.4714602625595 217.55841381265324 550.6999879181578
    vertex 3368.5214602625556 214.37707539931267 550.6999938595634
  endloop
endfacet
facet normal -1.615456388064741e-07 -4.897038352849069e-08 -0.9999999999999858
  outer loop
    vertex 3368.5214602625556 214.37707539931267 550.6999938595634
    vertex 3377.4714602625595 217.55841381265324 550.6999879181578
    vertex 3368.956384503047 214.04334629185698 550.6999938056462
  endloop
endfacet
facet normal -1.615456388064741e-07 -4.897038352849069e-08 -0.9999999999999858
  outer loop
    vertex 3368.956384503047 214.04334629185698 550.6999938056462
    vertex 3377.4714602625595 217.55841381265324 550.6999879181578
    vertex 3369.2901136105024 213.60842205136532 550.6999937730319
  endloop
endfacet
facet normal -1.615456388064741e-07 -4.897038352849069e-08 -0.9999999999999858
  outer loop
    vertex 3369.2901136105024 213.60842205136532 550.6999937730319
    vertex 3377.4714602625595 217.55841381265324 550.6999879181578
    vertex 3369.4999044977612 213.10194204608095 550.6999937639437
  endloop
endfacet
facet normal -1.615456388064741e-07 -4.897038352849069e-08 -0.9999999999999858
  outer loop
    vertex 3369.4999044977612 213.10194204608095 550.6999937639437
    vertex 3377.4714602625595 217.55841381265324 550.6999879181578
    vertex 3369.5714602625535 212.55842205136602 550.6999937790006
  endloop
endfacet
facet normal -1.615456388064741e-07 -4.897038352849069e-08 -0.9999999999999858
  outer loop
    vertex 3369.5714602625535 212.55842205136602 550.6999937790006
    vertex 3377.4714602625595 217.55841381265324 550.6999879181578
    vertex 3369.571460262538 178.55842357685512 550.6999942774337
  endloop
endfacet
facet normal -1.615456388064741e-07 -4.897038352849069e-08 -0.9999999999999858
  outer loop
    vertex 3352.721451665745 217.55843420348273 550.699996283503
    vertex 3368.0149802572714 214.58686628657253 550.6999939311095
    vertex 3367.4714602625572 214.65842205136585 550.6999940154086
  endloop
endfacet
facet normal -1.615456388064741e-07 -4.897038352849069e-08 -0.9999999999999858
  outer loop
    vertex 3352.721451665745 217.55843420348273 550.699996283503
    vertex 3367.4714602625572 214.65842205136585 550.6999940154086
    vertex 3366.9279402678417 214.58686628657338 550.699994106716
  endloop
endfacet
facet normal -1.615456388064741e-07 -4.897038352849069e-08 -0.9999999999999858
  outer loop
    vertex 3352.721451665745 217.55843420348273 550.699996283503
    vertex 3366.9279402678417 214.58686628657338 550.699994106716
    vertex 3366.4214602625575 214.3770753993142 550.6999941988092
  endloop
endfacet
facet normal -1.615456388064741e-07 -4.897038352849069e-08 -0.9999999999999858
  outer loop
    vertex 3352.721451665745 217.55843420348273 550.699996283503
    vertex 3366.4214602625575 214.3770753993142 550.6999941988092
    vertex 3365.9865360220665 214.04334629185934 550.6999942854122
  endloop
endfacet
facet normal -1.615456388064741e-07 -4.897038352849069e-08 -0.9999999999999858
  outer loop
    vertex 3352.721451665745 217.55843420348273 550.699996283503
    vertex 3365.9865360220665 214.04334629185934 550.6999942854122
    vertex 3365.6528069146107 213.60842205136822 550.6999943606231
  endloop
endfacet
facet normal -1.615456388064741e-07 -4.897038352849069e-08 -0.9999999999999858
  outer loop
    vertex 3352.721451665745 217.55843420348273 550.699996283503
    vertex 3365.6528069146107 213.60842205136822 550.6999943606231
    vertex 3365.443016027351 213.1019420460841 550.6999944193163
  endloop
endfacet
facet normal -1.615456388064741e-07 -4.897038352849069e-08 -0.9999999999999858
  outer loop
    vertex 3352.721451665745 217.55843420348273 550.699996283503
    vertex 3365.443016027351 213.1019420460841 550.6999944193163
    vertex 3365.3714602625573 212.55842205136935 550.6999944574924
  endloop
endfacet
facet normal -1.615456388064741e-07 -4.897038352849069e-08 -0.9999999999999858
  outer loop
    vertex 3352.721451665745 217.55843420348273 550.699996283503
    vertex 3365.3714602625573 212.55842205136935 550.6999944574924
    vertex 3359.1885182068504 194.88453557368658 550.6999928948677
  endloop
endfacet
facet normal -1.615456388064741e-07 -4.897038352849069e-08 -0.9999999999999858
  outer loop
    vertex 3359.1885182068504 194.88453557368658 550.6999928948677
    vertex 3365.3714602625573 212.55842205136935 550.6999944574924
    vertex 3359.2314516657257 194.5584235768588 550.6999929039017
  endloop
endfacet
facet normal -1.615456388064741e-07 -4.897038352849069e-08 -0.9999999999999858
  outer loop
    vertex 3352.721451665745 217.55843420348273 550.699996283503
    vertex 3359.1885182068504 194.88453557368658 550.6999928948677
    vertex 3359.0626436744947 195.18842357685608 550.6999929003207
  endloop
endfacet
facet normal -1.615456388064741e-07 -4.897038352849069e-08 -0.9999999999999858
  outer loop
    vertex 3352.721451665745 217.55843420348273 550.699996283503
    vertex 3359.0626436744947 195.18842357685608 550.6999929003207
    vertex 3358.862406210022 195.44937812115 550.699992919889
  endloop
endfacet
facet normal -1.615456388064741e-07 -4.897038352849069e-08 -0.9999999999999858
  outer loop
    vertex 3352.721451665745 217.55843420348273 550.699996283503
    vertex 3358.862406210022 195.44937812115 550.699992919889
    vertex 3358.601451665728 195.6496155856224 550.6999929522394
  endloop
endfacet
facet normal -1.615456388064741e-07 -4.897038352849069e-08 -0.9999999999999858
  outer loop
    vertex 3352.721451665745 217.55843420348273 550.699996283503
    vertex 3358.601451665728 195.6496155856224 550.6999929522394
    vertex 3358.2975636625592 195.77549011797763 550.6999929951671
  endloop
endfacet
facet normal -1.615456388064741e-07 -4.897038352849069e-08 -0.9999999999999858
  outer loop
    vertex 3352.721451665745 217.55843420348273 550.699996283503
    vertex 3358.2975636625592 195.77549011797763 550.6999929951671
    vertex 3357.971451665731 195.81842357685315 550.6999930457466
  endloop
endfacet
facet normal -1.615456388064741e-07 -4.897038352849069e-08 -0.9999999999999858
  outer loop
    vertex 3352.721451665745 217.55843420348273 550.699996283503
    vertex 3357.971451665731 195.81842357685315 550.6999930457466
    vertex 3357.6453396689035 195.7754901179775 550.6999931005311
  endloop
endfacet
facet normal -1.615456388064741e-07 -4.897038352849069e-08 -0.9999999999999858
  outer loop
    vertex 3352.721451665745 217.55843420348273 550.699996283503
    vertex 3357.6453396689035 195.7754901179775 550.6999931005311
    vertex 3357.3414516657335 195.64961558562217 550.699993155787
  endloop
endfacet
facet normal -1.615456388064741e-07 -4.897038352849069e-08 -0.9999999999999858
  outer loop
    vertex 3352.721451665745 217.55843420348273 550.699996283503
    vertex 3357.3414516657335 195.64961558562217 550.699993155787
    vertex 3357.08049712144 195.44937812114964 550.6999932077488
  endloop
endfacet
facet normal -1.615456388064741e-07 -4.897038352849069e-08 -0.9999999999999858
  outer loop
    vertex 3352.721451665745 217.55843420348273 550.699996283503
    vertex 3357.08049712144 195.44937812114964 550.6999932077488
    vertex 3356.8802596569676 195.18842357685566 550.6999932528753
  endloop
endfacet
facet normal -1.615456388064741e-07 -4.897038352849069e-08 -0.9999999999999858
  outer loop
    vertex 3352.721451665745 217.55843420348273 550.699996283503
    vertex 3356.8802596569676 195.18842357685566 550.6999932528753
    vertex 3356.754385124612 194.88453557368607 550.6999932880913
  endloop
endfacet
facet normal -1.615456388064741e-07 -4.897038352849069e-08 -0.9999999999999858
  outer loop
    vertex 3352.721451665745 217.55843420348273 550.699996283503
    vertex 3356.754385124612 194.88453557368607 550.6999932880913
    vertex 3356.7114516657366 194.55842357685836 550.6999933109968
  endloop
endfacet
facet normal -1.615456388064741e-07 -4.897038352849069e-08 -0.9999999999999858
  outer loop
    vertex 3368.7314516657293 194.55842357685557 550.6999934577989
    vertex 3368.521460262553 210.73976870342113 550.6999940376836
    vertex 3368.956384503045 211.073497810876 550.6999939510806
  endloop
endfacet
facet normal -1.615456388064741e-07 -4.897038352849069e-08 -0.9999999999999858
  outer loop
    vertex 3368.521460262553 210.73976870342113 550.6999940376836
    vertex 3368.7314516657293 194.55842357685557 550.6999934577989
    vertex 3368.688518206854 194.88453557368433 550.6999934487648
  endloop
endfacet
facet normal -1.615456388064741e-07 -4.897038352849069e-08 -0.9999999999999858
  outer loop
    vertex 3368.521460262553 210.73976870342113 550.6999940376836
    vertex 3368.688518206854 194.88453557368433 550.6999934487648
    vertex 3368.5626436744983 195.18842357685477 550.6999934542177
  endloop
endfacet
facet normal -1.615456388064741e-07 -4.897038352849069e-08 -0.9999999999999858
  outer loop
    vertex 3368.521460262553 210.73976870342113 550.6999940376836
    vertex 3368.5626436744983 195.18842357685477 550.6999934542177
    vertex 3368.3624062100253 195.4493781211495 550.6999934737862
  endloop
endfacet
facet normal -1.615456388064741e-07 -4.897038352849069e-08 -0.9999999999999858
  outer loop
    vertex 3368.521460262553 210.73976870342113 550.6999940376836
    vertex 3368.3624062100253 195.4493781211495 550.6999934737862
    vertex 3368.0149802572687 210.529977816162 550.6999941297769
  endloop
endfacet
facet normal -1.615456388064741e-07 -4.897038352849069e-08 -0.9999999999999858
  outer loop
    vertex 3368.0149802572687 210.529977816162 550.6999941297769
    vertex 3368.3624062100253 195.4493781211495 550.6999934737862
    vertex 3368.10145166573 195.6496155856226 550.6999935061366
  endloop
endfacet
facet normal -1.615456388064741e-07 -4.897038352849069e-08 -0.9999999999999858
  outer loop
    vertex 3368.0149802572687 210.529977816162 550.6999941297769
    vertex 3368.10145166573 195.6496155856226 550.6999935061366
    vertex 3367.7975636625597 195.77549011797828 550.6999935490642
  endloop
endfacet
facet normal -1.615456388064741e-07 -4.897038352849069e-08 -0.9999999999999858
  outer loop
    vertex 3368.0149802572687 210.529977816162 550.6999941297769
    vertex 3367.7975636625597 195.77549011797828 550.6999935490642
    vertex 3367.4714602625536 210.45842205136952 550.6999942210842
  endloop
endfacet
facet normal -1.615456388064741e-07 -4.897038352849069e-08 -0.9999999999999858
  outer loop
    vertex 3367.4714602625536 210.45842205136952 550.6999942210842
    vertex 3367.7975636625597 195.77549011797828 550.6999935490642
    vertex 3367.4714516657314 195.8184235768541 550.6999935996437
  endloop
endfacet
facet normal -1.615456388064741e-07 -4.897038352849069e-08 -0.9999999999999858
  outer loop
    vertex 3367.4714602625536 210.45842205136952 550.6999942210842
    vertex 3367.4714516657314 195.8184235768541 550.6999935996437
    vertex 3366.927940267839 210.52997781616287 550.6999943053834
  endloop
endfacet
facet normal -1.615456388064741e-07 -4.897038352849069e-08 -0.9999999999999858
  outer loop
    vertex 3366.927940267839 210.52997781616287 550.6999943053834
    vertex 3367.4714516657314 195.8184235768541 550.6999935996437
    vertex 3367.1453396689026 195.77549011797842 550.6999936544281
  endloop
endfacet
facet normal -1.615456388064741e-07 -4.897038352849069e-08 -0.9999999999999858
  outer loop
    vertex 3366.927940267839 210.52997781616287 550.6999943053834
    vertex 3367.1453396689026 195.77549011797842 550.6999936544281
    vertex 3366.841451665732 195.64961558562285 550.699993709684
  endloop
endfacet
facet normal -1.615456388064741e-07 -4.897038352849069e-08 -0.9999999999999858
  outer loop
    vertex 3366.927940267839 210.52997781616287 550.6999943053834
    vertex 3366.841451665732 195.64961558562285 550.699993709684
    vertex 3366.421460262555 210.73976870342273 550.6999943769295
  endloop
endfacet
facet normal -1.615456388064741e-07 -4.897038352849069e-08 -0.9999999999999858
  outer loop
    vertex 3366.421460262555 210.73976870342273 550.6999943769295
    vertex 3366.841451665732 195.64961558562285 550.699993709684
    vertex 3366.5804971214375 195.44937812114978 550.6999937616458
  endloop
endfacet
facet normal -1.615456388064741e-07 -4.897038352849069e-08 -0.9999999999999858
  outer loop
    vertex 3366.421460262555 210.73976870342273 550.6999943769295
    vertex 3366.5804971214375 195.44937812114978 550.6999937616458
    vertex 3366.380259656964 195.18842357685512 550.6999938067723
  endloop
endfacet
facet normal -1.615456388064741e-07 -4.897038352849069e-08 -0.9999999999999858
  outer loop
    vertex 3366.421460262555 210.73976870342273 550.6999943769295
    vertex 3366.380259656964 195.18842357685512 550.6999938067723
    vertex 3365.9865360220633 211.0734978108784 550.6999944308468
  endloop
endfacet
facet normal -1.615456388064741e-07 -4.897038352849069e-08 -0.9999999999999858
  outer loop
    vertex 3365.9865360220633 211.0734978108784 550.6999944308468
    vertex 3366.380259656964 195.18842357685512 550.6999938067723
    vertex 3366.2543851246082 194.88453557368476 550.6999938419884
  endloop
endfacet
facet normal -1.615456388064741e-07 -4.897038352849069e-08 -0.9999999999999858
  outer loop
    vertex 3365.9865360220633 211.0734978108784 550.6999944308468
    vertex 3366.2543851246082 194.88453557368476 550.6999938419884
    vertex 3366.211451665733 194.55842357685606 550.699993864894
  endloop
endfacet
facet normal -1.615456388064741e-07 -4.897038352849069e-08 -0.9999999999999858
  outer loop
    vertex 3365.9865360220633 211.0734978108784 550.6999944308468
    vertex 3366.211451665733 194.55842357685606 550.699993864894
    vertex 3365.986536022047 180.04334781734838 550.6999947838453
  endloop
endfacet
facet normal -1.615456388064741e-07 -4.897038352849069e-08 -0.9999999999999858
  outer loop
    vertex 3365.9865360220633 211.0734978108784 550.6999944308468
    vertex 3365.986536022047 180.04334781734838 550.6999947838453
    vertex 3365.6528069145916 179.60842357685678 550.6999948590562
  endloop
endfacet
facet normal -1.615456388064741e-07 -4.897038352849069e-08 -0.9999999999999858
  outer loop
    vertex 3365.9865360220633 211.0734978108784 550.6999944308468
    vertex 3365.6528069145916 179.60842357685678 550.6999948590562
    vertex 3365.652806914609 211.50842205137005 550.6999944634608
  endloop
endfacet
facet normal -1.615456388064741e-07 -4.897038352849069e-08 -0.9999999999999858
  outer loop
    vertex 3365.652806914609 211.50842205137005 550.6999944634608
    vertex 3365.6528069145916 179.60842357685678 550.6999948590562
    vertex 3365.4430160273314 179.10194357157218 550.6999949177494
  endloop
endfacet
facet normal -1.615456388064741e-07 -4.897038352849069e-08 -0.9999999999999858
  outer loop
    vertex 3365.652806914609 211.50842205137005 550.6999944634608
    vertex 3365.4430160273314 179.10194357157218 550.6999949177494
    vertex 3365.44301602735 212.01490205665445 550.6999944725492
  endloop
endfacet
facet normal -1.615456388064741e-07 -4.897038352849069e-08 -0.9999999999999858
  outer loop
    vertex 3365.44301602735 212.01490205665445 550.6999944725492
    vertex 3365.4430160273314 179.10194357157218 550.6999949177494
    vertex 3365.371460262538 178.558423576857 550.6999949559254
  endloop
endfacet
facet normal -1.615456388064741e-07 -4.897038352849069e-08 -0.9999999999999858
  outer loop
    vertex 3365.44301602735 212.01490205665445 550.6999944725492
    vertex 3365.371460262538 178.558423576857 550.6999949559254
    vertex 3365.3714602625573 212.55842205136935 550.6999944574924
  endloop
endfacet
facet normal -0.999999999999974 4.610661526330624e-13 2.2779037264608518e-07
  outer loop
    vertex 3357.4714623809905 183.5584084596668 559.9999907250005
    vertex 3357.471460262537 173.55842357685898 550.6999937359825
    vertex 3357.4714623809878 173.5584242625845 559.9999888687526
  endloop
endfacet
facet normal -0.999999999999974 4.610661526330624e-13 2.2779037264608518e-07
  outer loop
    vertex 3357.471460262537 173.55842357685898 550.6999937359825
    vertex 3357.4714623809905 183.5584084596668 559.9999907250005
    vertex 3357.471460945911 183.5584079951431 553.6999943898838
  endloop
endfacet
facet normal -0.999999999999974 4.610661526330624e-13 2.2779037264608518e-07
  outer loop
    vertex 3357.471460262537 173.55842357685898 550.6999937359825
    vertex 3357.471460945911 183.5584079951431 553.6999943898838
    vertex 3357.4714602625468 191.55843420347918 550.699994335511
  endloop
endfacet
facet normal -0.999999999999974 4.610661526330624e-13 2.2779037264608518e-07
  outer loop
    vertex 3357.4714602625468 191.55843420347918 550.699994335511
    vertex 3357.471460945911 183.5584079951431 553.6999943898838
    vertex 3357.4714609459174 191.55843442468117 553.6999954495795
  endloop
endfacet
facet normal 1.019541279590176e-06 0.9999999999994776 -7.373419821063623e-08
  outer loop
    vertex 3377.47146238101 217.55841449837874 559.9999830509279
    vertex 3352.721451665745 217.55843420348273 550.699996283503
    vertex 3352.7214537841955 217.55843488920826 559.999991416273
  endloop
endfacet
facet normal 1.019541279590176e-06 0.9999999999994776 -7.373419821063623e-08
  outer loop
    vertex 3352.721451665745 217.55843420348273 550.699996283503
    vertex 3377.47146238101 217.55841449837874 559.9999830509279
    vertex 3377.4714602625595 217.55841381265324 550.6999879181578
  endloop
endfacet
facet normal -1.019541395434287e-06 -0.9999999999994775 7.373419821066262e-08
  outer loop
    vertex 3352.7214523491116 207.55843442467975 553.699998650971
    vertex 3372.9714743605673 207.55841908629543 559.9999830323958
    vertex 3352.7214537841915 207.55843488920343 559.9999949860877
  endloop
endfacet
facet normal -1.019541395434287e-06 -0.9999999999994775 7.373419821066262e-08
  outer loop
    vertex 3372.9714743605673 207.55841908629543 559.9999830323958
    vertex 3352.7214523491116 207.55843442467975 553.699998650971
    vertex 3372.9714729254883 207.55841862177175 553.6999866972791
  endloop
endfacet
facet normal -0.9999999999999741 7.265207052366249e-13 2.2779050419260654e-07
  outer loop
    vertex 3372.9714743605673 207.55841908629543 559.9999830323958
    vertex 3372.9714729254724 183.55840799513368 553.699993056412
    vertex 3372.9714743605514 183.5584084596574 559.9999893915289
  endloop
endfacet
facet normal -0.9999999999999741 7.265207052366249e-13 2.2779050419260654e-07
  outer loop
    vertex 3372.9714729254724 183.55840799513368 553.699993056412
    vertex 3372.9714743605673 207.55841908629543 559.9999830323958
    vertex 3372.9714729254883 207.55841862177175 553.6999866972791
  endloop
endfacet
facet normal 6.010687182722865e-13 0.9999999999999973 -7.373396596898938e-08
  outer loop
    vertex 3372.9714743605514 183.5584084596574 559.9999893915289
    vertex 3357.471460945911 183.5584079951431 553.6999943898838
    vertex 3357.4714623809905 183.5584084596668 559.9999907250005
  endloop
endfacet
facet normal 6.010687182722865e-13 0.9999999999999973 -7.373396596898938e-08
  outer loop
    vertex 3357.471460945911 183.5584079951431 553.6999943898838
    vertex 3372.9714743605514 183.5584084596574 559.9999893915289
    vertex 3372.9714729254724 183.55840799513368 553.699993056412
  endloop
endfacet
facet normal -2.9736267925724626e-13 -0.9999999999999974 7.373396596892019e-08
  outer loop
    vertex 3357.4714623809878 173.5584242625845 559.9999888687526
    vertex 3377.471460262534 173.55842357685322 550.6999960681807
    vertex 3377.4714623809846 173.55842426257874 559.9999912009508
  endloop
endfacet
facet normal -2.9736267925724626e-13 -0.9999999999999974 7.373396596892019e-08
  outer loop
    vertex 3377.471460262534 173.55842357685322 550.6999960681807
    vertex 3357.4714623809878 173.5584242625845 559.9999888687526
    vertex 3357.471460262537 173.55842357685898 550.6999937359825
  endloop
endfacet
facet normal 0.9999999999999741 -6.123078771819246e-13 -2.277905041926149e-07
  outer loop
    vertex 3377.471460262534 173.55842357685322 550.6999960681807
    vertex 3377.47146238101 217.55841449837874 559.9999830509279
    vertex 3377.4714623809846 173.55842426257874 559.9999912009508
  endloop
endfacet
facet normal 0.9999999999999741 -6.123078771819246e-13 -2.277905041926149e-07
  outer loop
    vertex 3377.47146238101 217.55841449837874 559.9999830509279
    vertex 3377.471460262534 173.55842357685322 550.6999960681807
    vertex 3377.4714602625595 217.55841381265324 550.6999879181578
  endloop
endfacet
facet normal 2.277905041926594e-07 7.373396596885053e-08 0.9999999999999715
  outer loop
    vertex 3377.47146238101 217.55841449837874 559.9999830509279
    vertex 3369.290115112876 213.6084225067896 559.9999889331116
    vertex 3372.9714743605673 207.55841908629543 559.9999830323958
  endloop
endfacet
facet normal 2.277905041926594e-07 7.373396596885053e-08 0.9999999999999715
  outer loop
    vertex 3369.290115112876 213.6084225067896 559.9999889331116
    vertex 3377.47146238101 217.55841449837874 559.9999830509279
    vertex 3368.9563860054204 214.0433467472812 559.9999889657256
  endloop
endfacet
facet normal 2.277905041926594e-07 7.373396596885053e-08 0.9999999999999715
  outer loop
    vertex 3368.9563860054204 214.0433467472812 559.9999889657256
    vertex 3377.47146238101 217.55841449837874 559.9999830509279
    vertex 3368.52146176493 214.3770758547369 559.999989019643
  endloop
endfacet
facet normal 2.277905041926594e-07 7.373396596885053e-08 0.9999999999999715
  outer loop
    vertex 3368.52146176493 214.3770758547369 559.999989019643
    vertex 3377.47146238101 217.55841449837874 559.9999830509279
    vertex 3368.0149817596457 214.58686674199674 559.999989091189
  endloop
endfacet
facet normal 2.277905041926594e-07 7.373396596885053e-08 0.9999999999999715
  outer loop
    vertex 3368.0149817596457 214.58686674199674 559.999989091189
    vertex 3377.47146238101 217.55841449837874 559.9999830509279
    vertex 3352.7214537841955 217.55843488920826 559.999991416273
  endloop
endfacet
facet normal 2.277905041926594e-07 7.373396596885053e-08 0.9999999999999715
  outer loop
    vertex 3372.9714743605673 207.55841908629543 559.9999830323958
    vertex 3369.290115112876 213.6084225067896 559.9999889331116
    vertex 3369.4999060001346 213.10194250150516 559.9999889240232
  endloop
endfacet
facet normal 2.277905041926594e-07 7.373396596885053e-08 0.9999999999999715
  outer loop
    vertex 3372.9714743605673 207.55841908629543 559.9999830323958
    vertex 3369.4999060001346 213.10194250150516 559.9999889240232
    vertex 3369.5714617649273 212.5584225067903 559.9999889390801
  endloop
endfacet
facet normal 2.277905041926594e-07 7.373396596885053e-08 0.9999999999999715
  outer loop
    vertex 3368.0149817596457 214.58686674199674 559.999989091189
    vertex 3352.7214537841955 217.55843488920826 559.999991416273
    vertex 3367.471461764931 214.6584225067901 559.9999891754882
  endloop
endfacet
facet normal 2.277905041926594e-07 7.373396596885053e-08 0.9999999999999715
  outer loop
    vertex 3367.471461764931 214.6584225067901 559.9999891754882
    vertex 3352.7214537841955 217.55843488920826 559.999991416273
    vertex 3366.927941770216 214.5868667419976 559.9999892667955
  endloop
endfacet
facet normal 2.277905041926594e-07 7.373396596885053e-08 0.9999999999999715
  outer loop
    vertex 3366.927941770216 214.5868667419976 559.9999892667955
    vertex 3352.7214537841955 217.55843488920826 559.999991416273
    vertex 3366.421461764932 214.37707585473848 559.9999893588888
  endloop
endfacet
facet normal 2.277905041926594e-07 7.373396596885053e-08 0.9999999999999715
  outer loop
    vertex 3366.421461764932 214.37707585473848 559.9999893588888
    vertex 3352.7214537841955 217.55843488920826 559.999991416273
    vertex 3365.98653752444 214.0433467472836 559.9999894454917
  endloop
endfacet
facet normal 2.277905041926594e-07 7.373396596885053e-08 0.9999999999999715
  outer loop
    vertex 3365.98653752444 214.0433467472836 559.9999894454917
    vertex 3352.7214537841955 217.55843488920826 559.999991416273
    vertex 3365.652808416984 213.60842250679244 559.9999895207026
  endloop
endfacet
facet normal 2.277905041926594e-07 7.373396596885053e-08 0.9999999999999715
  outer loop
    vertex 3365.652808416984 213.60842250679244 559.9999895207026
    vertex 3352.7214537841955 217.55843488920826 559.999991416273
    vertex 3365.4430175297243 213.10194250150832 559.9999895793959
  endloop
endfacet
facet normal 2.277905041926594e-07 7.373396596885053e-08 0.9999999999999715
  outer loop
    vertex 3365.4430175297243 213.10194250150832 559.9999895793959
    vertex 3352.7214537841955 217.55843488920826 559.999991416273
    vertex 3365.371461764931 212.5584225067936 559.9999896175718
  endloop
endfacet
facet normal 2.277905041926594e-07 7.373396596885053e-08 0.9999999999999715
  outer loop
    vertex 3365.371461764931 212.5584225067936 559.9999896175718
    vertex 3352.7214537841955 217.55843488920826 559.999991416273
    vertex 3352.7214537841915 207.55843488920343 559.9999949860877
  endloop
endfacet
facet normal 2.277905041926594e-07 7.373396596885053e-08 0.9999999999999715
  outer loop
    vertex 3372.9714743605673 207.55841908629543 559.9999830323958
    vertex 3368.014981759642 210.52997827158626 559.9999892898564
    vertex 3352.7214537841915 207.55843488920343 559.9999949860877
  endloop
endfacet
facet normal 2.277905041926594e-07 7.373396596885053e-08 0.9999999999999715
  outer loop
    vertex 3368.014981759642 210.52997827158626 559.9999892898564
    vertex 3372.9714743605673 207.55841908629543 559.9999830323958
    vertex 3368.521461764927 210.7397691588454 559.999989197763
  endloop
endfacet
facet normal 2.277905041926594e-07 7.373396596885053e-08 0.9999999999999715
  outer loop
    vertex 3368.521461764927 210.7397691588454 559.999989197763
    vertex 3372.9714743605673 207.55841908629543 559.9999830323958
    vertex 3368.956386005418 211.07349826630028 559.9999891111602
  endloop
endfacet
facet normal 2.277905041926594e-07 7.373396596885053e-08 0.9999999999999715
  outer loop
    vertex 3368.956386005418 211.07349826630028 559.9999891111602
    vertex 3372.9714743605673 207.55841908629543 559.9999830323958
    vertex 3369.2901151128744 211.5084225067914 559.9999890359494
  endloop
endfacet
facet normal 2.277905041926594e-07 7.373396596885053e-08 0.9999999999999715
  outer loop
    vertex 3369.2901151128744 211.5084225067914 559.9999890359494
    vertex 3372.9714743605673 207.55841908629543 559.9999830323958
    vertex 3369.4999060001337 212.0149025120755 559.9999889772561
  endloop
endfacet
facet normal 2.277905041926594e-07 7.373396596885053e-08 0.9999999999999715
  outer loop
    vertex 3369.4999060001337 212.0149025120755 559.9999889772561
    vertex 3372.9714743605673 207.55841908629543 559.9999830323958
    vertex 3369.5714617649273 212.5584225067903 559.9999889390801
  endloop
endfacet
facet normal 2.277905041926594e-07 7.373396596885053e-08 0.9999999999999715
  outer loop
    vertex 3352.7214537841915 207.55843488920343 559.9999949860877
    vertex 3368.014981759642 210.52997827158626 559.9999892898564
    vertex 3367.4714617649274 210.45842250679374 559.9999893811638
  endloop
endfacet
facet normal 2.277905041926594e-07 7.373396596885053e-08 0.9999999999999715
  outer loop
    vertex 3352.7214537841915 207.55843488920343 559.9999949860877
    vertex 3367.4714617649274 210.45842250679374 559.9999893811638
    vertex 3366.9279417702132 210.52997827158714 559.9999894654629
  endloop
endfacet
facet normal 2.277905041926594e-07 7.373396596885053e-08 0.9999999999999715
  outer loop
    vertex 3352.7214537841915 207.55843488920343 559.9999949860877
    vertex 3366.9279417702132 210.52997827158714 559.9999894654629
    vertex 3366.421461764929 210.73976915884694 559.999989537009
  endloop
endfacet
facet normal 2.277905041926594e-07 7.373396596885053e-08 0.9999999999999715
  outer loop
    vertex 3352.7214537841915 207.55843488920343 559.9999949860877
    vertex 3366.421461764929 210.73976915884694 559.999989537009
    vertex 3365.9865375244376 211.07349826630264 559.9999895909262
  endloop
endfacet
facet normal 2.277905041926594e-07 7.373396596885053e-08 0.9999999999999715
  outer loop
    vertex 3352.7214537841915 207.55843488920343 559.9999949860877
    vertex 3365.9865375244376 211.07349826630264 559.9999895909262
    vertex 3365.6528084169827 211.5084225067943 559.9999896235404
  endloop
endfacet
facet normal 2.277905041926594e-07 7.373396596885053e-08 0.9999999999999715
  outer loop
    vertex 3352.7214537841915 207.55843488920343 559.9999949860877
    vertex 3365.6528084169827 211.5084225067943 559.9999896235404
    vertex 3365.4430175297234 212.01490251207866 559.9999896326286
  endloop
endfacet
facet normal 2.277905041926594e-07 7.373396596885053e-08 0.9999999999999715
  outer loop
    vertex 3352.7214537841915 207.55843488920343 559.9999949860877
    vertex 3365.4430175297234 212.01490251207866 559.9999896326286
    vertex 3365.371461764931 212.5584225067936 559.9999896175718
  endloop
endfacet
facet normal 2.277905041926594e-07 7.373396596885053e-08 0.9999999999999715
  outer loop
    vertex 3372.9714743605514 183.5584084596574 559.9999893915289
    vertex 3369.4999060001196 179.10194402699474 559.9999894224565
    vertex 3369.5714617649114 178.5584240322794 559.9999894375132
  endloop
endfacet
facet normal 2.277905041926594e-07 7.373396596885053e-08 0.9999999999999715
  outer loop
    vertex 3369.4999060001196 179.10194402699474 559.9999894224565
    vertex 3372.9714743605514 183.5584084596574 559.9999893915289
    vertex 3369.29011511286 179.6084240322795 559.9999894315447
  endloop
endfacet
facet normal 2.277905041926594e-07 7.373396596885053e-08 0.9999999999999715
  outer loop
    vertex 3369.29011511286 179.6084240322795 559.9999894315447
    vertex 3372.9714743605514 183.5584084596574 559.9999893915289
    vertex 3368.956386005404 180.0433482727713 559.9999894641588
  endloop
endfacet
facet normal 2.277905041926594e-07 7.373396596885053e-08 0.9999999999999715
  outer loop
    vertex 3368.956386005404 180.0433482727713 559.9999894641588
    vertex 3372.9714743605514 183.5584084596574 559.9999893915289
    vertex 3368.5214617649126 180.3770773802271 559.9999895180761
  endloop
endfacet
facet normal 2.277905041926594e-07 7.373396596885053e-08 0.9999999999999715
  outer loop
    vertex 3368.5214617649126 180.3770773802271 559.9999895180761
    vertex 3372.9714743605514 183.5584084596574 559.9999893915289
    vertex 3368.0149817596275 180.58686826748703 559.9999895896221
  endloop
endfacet
facet normal 2.277905041926594e-07 7.373396596885053e-08 0.9999999999999715
  outer loop
    vertex 3368.0149817596275 180.58686826748703 559.9999895896221
    vertex 3372.9714743605514 183.5584084596574 559.9999893915289
    vertex 3357.4714623809905 183.5584084596668 559.9999907250005
  endloop
endfacet
facet normal 2.277905041926594e-07 7.373396596885053e-08 0.9999999999999715
  outer loop
    vertex 3368.0149817596275 180.58686826748703 559.9999895896221
    vertex 3357.4714623809905 183.5584084596668 559.9999907250005
    vertex 3367.471461764913 180.6584240322802 559.9999896739213
  endloop
endfacet
facet normal 2.277905041926594e-07 7.373396596885053e-08 0.9999999999999715
  outer loop
    vertex 3367.471461764913 180.6584240322802 559.9999896739213
    vertex 3357.4714623809905 183.5584084596668 559.9999907250005
    vertex 3366.9279417701973 180.58686826748752 559.9999897652286
  endloop
endfacet
facet normal 2.277905041926594e-07 7.373396596885053e-08 0.9999999999999715
  outer loop
    vertex 3366.9279417701973 180.58686826748752 559.9999897652286
    vertex 3357.4714623809905 183.5584084596668 559.9999907250005
    vertex 3366.421461764913 180.377077380228 559.9999898573219
  endloop
endfacet
facet normal 2.277905041926594e-07 7.373396596885053e-08 0.9999999999999715
  outer loop
    vertex 3366.421461764913 180.377077380228 559.9999898573219
    vertex 3357.4714623809905 183.5584084596668 559.9999907250005
    vertex 3365.9865375244212 180.0433482727726 559.9999899439249
  endloop
endfacet
facet normal 2.277905041926594e-07 7.373396596885053e-08 0.9999999999999715
  outer loop
    vertex 3365.9865375244212 180.0433482727726 559.9999899439249
    vertex 3357.4714623809905 183.5584084596668 559.9999907250005
    vertex 3365.652808416965 179.60842403228102 559.9999900191358
  endloop
endfacet
facet normal 2.277905041926594e-07 7.373396596885053e-08 0.9999999999999715
  outer loop
    vertex 3365.652808416965 179.60842403228102 559.9999900191358
    vertex 3357.4714623809905 183.5584084596668 559.9999907250005
    vertex 3365.4430175297057 179.10194402699645 559.999990077829
  endloop
endfacet
facet normal 2.277905041926594e-07 7.373396596885053e-08 0.9999999999999715
  outer loop
    vertex 3365.4430175297057 179.10194402699645 559.999990077829
    vertex 3357.4714623809905 183.5584084596668 559.9999907250005
    vertex 3365.371461764912 178.55842403228124 559.9999901160049
  endloop
endfacet
facet normal 2.277905041926594e-07 7.373396596885053e-08 0.9999999999999715
  outer loop
    vertex 3365.371461764912 178.55842403228124 559.9999901160049
    vertex 3357.4714623809905 183.5584084596668 559.9999907250005
    vertex 3357.4714623809878 173.5584242625845 559.9999888687526
  endloop
endfacet
facet normal 2.277905041926594e-07 7.373396596885053e-08 0.9999999999999715
  outer loop
    vertex 3377.4714623809846 173.55842426257874 559.9999912009508
    vertex 3368.014981759626 176.5299797970731 559.9999897882896
    vertex 3357.4714623809878 173.5584242625845 559.9999888687526
  endloop
endfacet
facet normal 2.277905041926594e-07 7.373396596885053e-08 0.9999999999999715
  outer loop
    vertex 3368.014981759626 176.5299797970731 559.9999897882896
    vertex 3377.4714623809846 173.55842426257874 559.9999912009508
    vertex 3368.5214617649112 176.7397706843326 559.9999896961964
  endloop
endfacet
facet normal 2.277905041926594e-07 7.373396596885053e-08 0.9999999999999715
  outer loop
    vertex 3368.5214617649112 176.7397706843326 559.9999896961964
    vertex 3377.4714623809846 173.55842426257874 559.9999912009508
    vertex 3368.956386005403 177.073499791788 559.9999896095934
  endloop
endfacet
facet normal 2.277905041926594e-07 7.373396596885053e-08 0.9999999999999715
  outer loop
    vertex 3368.956386005403 177.073499791788 559.9999896095934
    vertex 3377.4714623809846 173.55842426257874 559.9999912009508
    vertex 3369.290115112859 177.5084240322796 559.9999895343825
  endloop
endfacet
facet normal 2.277905041926594e-07 7.373396596885053e-08 0.9999999999999715
  outer loop
    vertex 3369.290115112859 177.5084240322796 559.9999895343825
    vertex 3377.4714623809846 173.55842426257874 559.9999912009508
    vertex 3372.9714743605514 183.5584084596574 559.9999893915289
  endloop
endfacet
facet normal 2.277905041926594e-07 7.373396596885053e-08 0.9999999999999715
  outer loop
    vertex 3372.9714743605514 183.5584084596574 559.9999893915289
    vertex 3377.4714623809846 173.55842426257874 559.9999912009508
    vertex 3377.47146238101 217.55841449837874 559.9999830509279
  endloop
endfacet
facet normal 2.277905041926594e-07 7.373396596885053e-08 0.9999999999999715
  outer loop
    vertex 3372.9714743605514 183.5584084596574 559.9999893915289
    vertex 3377.47146238101 217.55841449837874 559.9999830509279
    vertex 3372.9714743605673 207.55841908629543 559.9999830323958
  endloop
endfacet
facet normal 2.277905041926594e-07 7.373396596885053e-08 0.9999999999999715
  outer loop
    vertex 3369.290115112859 177.5084240322796 559.9999895343825
    vertex 3372.9714743605514 183.5584084596574 559.9999893915289
    vertex 3369.4999060001187 178.01490403756418 559.9999894756893
  endloop
endfacet
facet normal 2.277905041926594e-07 7.373396596885053e-08 0.9999999999999715
  outer loop
    vertex 3369.4999060001187 178.01490403756418 559.9999894756893
    vertex 3372.9714743605514 183.5584084596574 559.9999893915289
    vertex 3369.5714617649114 178.5584240322794 559.9999894375132
  endloop
endfacet
facet normal 2.277905041926594e-07 7.373396596885053e-08 0.9999999999999715
  outer loop
    vertex 3357.4714623809878 173.5584242625845 559.9999888687526
    vertex 3368.014981759626 176.5299797970731 559.9999897882896
    vertex 3367.4714617649115 176.45842403228042 559.9999898795969
  endloop
endfacet
facet normal 2.277905041926594e-07 7.373396596885053e-08 0.9999999999999715
  outer loop
    vertex 3357.4714623809878 173.5584242625845 559.9999888687526
    vertex 3367.4714617649115 176.45842403228042 559.9999898795969
    vertex 3366.927941770196 176.5299797970736 559.999989963896
  endloop
endfacet
facet normal 2.277905041926594e-07 7.373396596885053e-08 0.9999999999999715
  outer loop
    vertex 3357.4714623809878 173.5584242625845 559.9999888687526
    vertex 3366.927941770196 176.5299797970736 559.999989963896
    vertex 3366.421461764911 176.73977068433354 559.9999900354422
  endloop
endfacet
facet normal 2.277905041926594e-07 7.373396596885053e-08 0.9999999999999715
  outer loop
    vertex 3357.4714623809878 173.5584242625845 559.9999888687526
    vertex 3366.421461764911 176.73977068433354 559.9999900354422
    vertex 3365.98653752442 177.07349979178932 559.9999900893595
  endloop
endfacet
facet normal 2.277905041926594e-07 7.373396596885053e-08 0.9999999999999715
  outer loop
    vertex 3357.4714623809878 173.5584242625845 559.9999888687526
    vertex 3365.98653752442 177.07349979178932 559.9999900893595
    vertex 3365.6528084169645 177.50842403228114 559.9999901219736
  endloop
endfacet
facet normal 2.277905041926594e-07 7.373396596885053e-08 0.9999999999999715
  outer loop
    vertex 3357.4714623809878 173.5584242625845 559.9999888687526
    vertex 3365.6528084169645 177.50842403228114 559.9999901219736
    vertex 3365.443017529705 178.01490403756588 559.9999901310618
  endloop
endfacet
facet normal 2.277905041926594e-07 7.373396596885053e-08 0.9999999999999715
  outer loop
    vertex 3357.4714623809878 173.5584242625845 559.9999888687526
    vertex 3365.443017529705 178.01490403756588 559.9999901310618
    vertex 3365.371461764912 178.55842403228124 559.9999901160049
  endloop
endfacet
facet normal -0.9999999999999742 6.196021260521628e-13 2.277905244155066e-07
  outer loop
    vertex 3352.7214537841955 217.55843488920826 559.999991416273
    vertex 3352.7214523491116 207.55843442467975 553.699998650971
    vertex 3352.7214537841915 207.55843488920343 559.9999949860877
  endloop
endfacet
facet normal -0.9999999999999742 6.196021260521628e-13 2.277905244155066e-07
  outer loop
    vertex 3352.7214523491116 207.55843442467975 553.699998650971
    vertex 3352.721451665729 191.55843420348253 550.6999954175179
    vertex 3352.7214523490998 191.55843442468452 553.6999965315865
  endloop
endfacet
facet normal -0.9999999999999742 6.196021260521628e-13 2.277905244155066e-07
  outer loop
    vertex 3352.721451665729 191.55843420348253 550.6999954175179
    vertex 3352.7214523491116 207.55843442467975 553.699998650971
    vertex 3352.721451665745 217.55843420348273 550.699996283503
  endloop
endfacet
facet normal -0.9999999999999742 6.196021260521628e-13 2.277905244155066e-07
  outer loop
    vertex 3352.721451665745 217.55843420348273 550.699996283503
    vertex 3352.7214523491116 207.55843442467975 553.699998650971
    vertex 3352.7214537841955 217.55843488920826 559.999991416273
  endloop
endfacet
facet normal -6.028062258246825e-13 -0.9999999999999974 7.37339723440696e-08
  outer loop
    vertex 3352.721451665729 191.55843420348253 550.6999954175179
    vertex 3357.4714609459174 191.55843442468117 553.6999954495795
    vertex 3352.7214523490998 191.55843442468452 553.6999965315865
  endloop
endfacet
facet normal -6.028062258246825e-13 -0.9999999999999974 7.37339723440696e-08
  outer loop
    vertex 3357.4714609459174 191.55843442468117 553.6999954495795
    vertex 3352.721451665729 191.55843420348253 550.6999954175179
    vertex 3357.4714602625468 191.55843420347918 550.699994335511
  endloop
endfacet
facet normal 0.13052619222028133 -0.9914448613737797 2.746552631788536e-08
  outer loop
    vertex 3357.6453396689035 195.7754901179775 550.6999931005311
    vertex 3357.971452150369 195.8184237237646 553.6999965198582
    vertex 3357.6453401535405 195.77549026488893 553.6999965746426
  endloop
endfacet
facet normal 0.13052619222028133 -0.9914448613737797 2.746552631788536e-08
  outer loop
    vertex 3357.971452150369 195.8184237237646 553.6999965198582
    vertex 3357.6453396689035 195.7754901179775 550.6999931005311
    vertex 3357.971451665731 195.81842357685315 550.6999930457466
  endloop
endfacet
facet normal -0.1305261922198381 -0.991444861373836 6.963740412967226e-08
  outer loop
    vertex 3357.971451665731 195.81842357685315 550.6999930457466
    vertex 3358.297564147196 195.77549026488907 553.6999964692786
    vertex 3357.971452150369 195.8184237237646 553.6999965198582
  endloop
endfacet
facet normal -0.1305261922198381 -0.991444861373836 6.963740412967226e-08
  outer loop
    vertex 3358.297564147196 195.77549026488907 553.6999964692786
    vertex 3357.971451665731 195.81842357685315 550.6999930457466
    vertex 3358.2975636625592 195.77549011797763 550.6999929951671
  endloop
endfacet
facet normal -0.3826834323650007 -0.9238795325113174 1.0706360793128623e-07
  outer loop
    vertex 3358.2975636625592 195.77549011797763 550.6999929951671
    vertex 3358.6014521503657 195.64961573253382 553.699996426351
    vertex 3358.297564147196 195.77549026488907 553.6999964692786
  endloop
endfacet
facet normal -0.3826834323650007 -0.9238795325113174 1.0706360793128623e-07
  outer loop
    vertex 3358.6014521503657 195.64961573253382 553.699996426351
    vertex 3358.2975636625592 195.77549011797763 550.6999929951671
    vertex 3358.601451665728 195.6496155856224 550.6999929522394
  endloop
endfacet
facet normal -0.6087614290084344 -0.7933533402914429 1.371936037833164e-07
  outer loop
    vertex 3358.601451665728 195.6496155856224 550.6999929522394
    vertex 3358.86240669466 195.44937826806142 553.6999963940007
    vertex 3358.6014521503657 195.64961573253382 553.699996426351
  endloop
endfacet
facet normal -0.6087614290084344 -0.7933533402914429 1.371936037833164e-07
  outer loop
    vertex 3358.86240669466 195.44937826806142 553.6999963940007
    vertex 3358.601451665728 195.6496155856224 550.6999929522394
    vertex 3358.862406210022 195.44937812115 550.699992919889
  endloop
endfacet
facet normal -0.793353340291098 -0.6087614290088789 1.5797408226070596e-07
  outer loop
    vertex 3358.86240669466 195.44937826806142 553.6999963940007
    vertex 3359.0626436744947 195.18842357685608 550.6999929003207
    vertex 3359.0626441591326 195.18842372376753 553.6999963744322
  endloop
endfacet
facet normal -0.793353340291098 -0.6087614290088789 1.5797408226070596e-07
  outer loop
    vertex 3359.0626436744947 195.18842357685608 550.6999929003207
    vertex 3358.86240669466 195.44937826806142 553.6999963940007
    vertex 3358.862406210022 195.44937812115 550.699992919889
  endloop
endfacet
facet normal -0.9238795325112434 -0.38268343236515767 1.6798888809653102e-07
  outer loop
    vertex 3359.0626441591326 195.18842372376753 553.6999963744322
    vertex 3359.1885182068504 194.88453557368658 550.6999928948677
    vertex 3359.188518691488 194.884535720598 553.6999963689792
  endloop
endfacet
facet normal -0.9238795325112434 -0.38268343236515767 1.6798888809653102e-07
  outer loop
    vertex 3359.1885182068504 194.88453557368658 550.6999928948677
    vertex 3359.0626441591326 195.18842372376753 553.6999963744322
    vertex 3359.0626436744947 195.18842357685608 550.6999929003207
  endloop
endfacet
facet normal -0.9914448613737648 -0.13052619222029244 1.6655552882333827e-07
  outer loop
    vertex 3359.188518691488 194.884535720598 553.6999963689792
    vertex 3359.2314516657257 194.5584235768588 550.6999929039017
    vertex 3359.2314521503636 194.55842372377023 553.6999963780133
  endloop
endfacet
facet normal -0.9914448613737648 -0.13052619222029244 1.6655552882333827e-07
  outer loop
    vertex 3359.2314516657257 194.5584235768588 550.6999929039017
    vertex 3359.188518691488 194.884535720598 553.6999963689792
    vertex 3359.1885182068504 194.88453557368658 550.6999928948677
  endloop
endfacet
facet normal -0.9914448613738225 0.1305261922198699 1.537716855068591e-07
  outer loop
    vertex 3359.2314521503636 194.55842372377023 553.6999963780133
    vertex 3359.1885182068504 194.23231158003108 550.6999929268073
    vertex 3359.188518691488 194.2323117269425 553.699996400919
  endloop
endfacet
facet normal -0.9914448613738225 0.1305261922198699 1.537716855068591e-07
  outer loop
    vertex 3359.1885182068504 194.23231158003108 550.6999929268073
    vertex 3359.2314521503636 194.55842372377023 553.6999963780133
    vertex 3359.2314516657257 194.5584235768588 550.6999929039017
  endloop
endfacet
facet normal -0.9238795325113519 0.38268343236491076 1.3050855594281575e-07
  outer loop
    vertex 3359.188518691488 194.2323117269425 553.699996400919
    vertex 3359.0626436744956 193.92842357686152 550.6999929620233
    vertex 3359.0626441591326 193.92842372377294 553.6999964361349
  endloop
endfacet
facet normal -0.9238795325113519 0.38268343236491076 1.3050855594281575e-07
  outer loop
    vertex 3359.0626436744956 193.92842357686152 550.6999929620233
    vertex 3359.188518691488 194.2323117269425 553.699996400919
    vertex 3359.1885182068504 194.23231158003108 550.6999929268073
  endloop
endfacet
facet normal -0.7933533402913034 0.6087614290086237 9.835148396684503e-08
  outer loop
    vertex 3359.0626441591326 193.92842372377294 553.6999964361349
    vertex 3358.862406210022 193.66746903256748 550.6999930071499
    vertex 3358.86240669466 193.66746917947896 553.6999964812615
  endloop
endfacet
facet normal -0.7933533402913034 0.6087614290086237 9.835148396684503e-08
  outer loop
    vertex 3358.862406210022 193.66746903256748 550.6999930071499
    vertex 3359.0626441591326 193.92842372377294 553.6999964361349
    vertex 3359.0626436744956 193.92842357686152 550.6999929620233
  endloop
endfacet
facet normal -0.6087614290088683 0.7933533402911196 5.949192089206421e-08
  outer loop
    vertex 3358.86240669466 193.66746917947896 553.6999964812615
    vertex 3358.6014516657287 193.46723156809497 550.6999930591118
    vertex 3358.6014521503666 193.46723171500642 553.6999965332233
  endloop
endfacet
facet normal -0.6087614290088683 0.7933533402911196 5.949192089206421e-08
  outer loop
    vertex 3358.6014516657287 193.46723156809497 550.6999930591118
    vertex 3358.86240669466 193.66746917947896 553.6999964812615
    vertex 3358.862406210022 193.66746903256748 550.6999930071499
  endloop
endfacet
facet normal -0.3826834323652416 0.9238795325112239 1.65780817235234e-08
  outer loop
    vertex 3358.6014521503666 193.46723171500642 553.6999965332233
    vertex 3358.2975636625592 193.34135703573966 550.6999931143675
    vertex 3358.297564147197 193.34135718265108 553.6999965884792
  endloop
endfacet
facet normal -0.3826834323652416 0.9238795325112239 1.65780817235234e-08
  outer loop
    vertex 3358.2975636625592 193.34135703573966 550.6999931143675
    vertex 3358.6014521503666 193.46723171500642 553.6999965332233
    vertex 3358.6014516657287 193.46723156809497 550.6999930591118
  endloop
endfacet
facet normal -0.13052619222028133 0.9914448613737797 -2.746552631788536e-08
  outer loop
    vertex 3358.297564147197 193.34135718265108 553.6999965884792
    vertex 3357.9714516657314 193.298423576864 550.6999931691521
    vertex 3357.971452150369 193.29842372377541 553.6999966432636
  endloop
endfacet
facet normal -0.13052619222028133 0.9914448613737797 -2.746552631788536e-08
  outer loop
    vertex 3357.9714516657314 193.298423576864 550.6999931691521
    vertex 3358.297564147197 193.34135718265108 553.6999965884792
    vertex 3358.2975636625592 193.34135703573966 550.6999931143675
  endloop
endfacet
facet normal 0.1305261922198381 0.991444861373836 -6.963740412967226e-08
  outer loop
    vertex 3357.971452150369 193.29842372377541 553.6999966432636
    vertex 3357.6453396689035 193.34135703573952 550.6999932197315
    vertex 3357.6453401535414 193.34135718265094 553.6999966938431
  endloop
endfacet
facet normal 0.1305261922198381 0.991444861373836 -6.963740412967226e-08
  outer loop
    vertex 3357.6453396689035 193.34135703573952 550.6999932197315
    vertex 3357.971452150369 193.29842372377541 553.6999966432636
    vertex 3357.9714516657314 193.298423576864 550.6999931691521
  endloop
endfacet
facet normal 0.3826834323650007 0.9238795325113174 -1.0706360793128623e-07
  outer loop
    vertex 3357.6453401535414 193.34135718265094 553.6999966938431
    vertex 3357.3414516657344 193.46723156809475 550.6999932626592
    vertex 3357.341452150372 193.4672317150062 553.6999967367708
  endloop
endfacet
facet normal 0.3826834323650007 0.9238795325113174 -1.0706360793128623e-07
  outer loop
    vertex 3357.3414516657344 193.46723156809475 550.6999932626592
    vertex 3357.6453401535414 193.34135718265094 553.6999966938431
    vertex 3357.6453396689035 193.34135703573952 550.6999932197315
  endloop
endfacet
facet normal 0.6087614290084344 0.7933533402914429 -1.371936037833164e-07
  outer loop
    vertex 3357.341452150372 193.4672317150062 553.6999967367708
    vertex 3357.08049712144 193.66746903256714 550.6999932950096
    vertex 3357.080497606078 193.6674691794786 553.6999967691212
  endloop
endfacet
facet normal 0.6087614290084344 0.7933533402914429 -1.371936037833164e-07
  outer loop
    vertex 3357.08049712144 193.66746903256714 550.6999932950096
    vertex 3357.341452150372 193.4672317150062 553.6999967367708
    vertex 3357.3414516657344 193.46723156809475 550.6999932626592
  endloop
endfacet
facet normal 0.793353340291098 0.6087614290088789 -1.5797408226070596e-07
  outer loop
    vertex 3357.08049712144 193.66746903256714 550.6999932950096
    vertex 3356.880260141605 193.92842372377248 553.6999967886896
    vertex 3357.080497606078 193.6674691794786 553.6999967691212
  endloop
endfacet
facet normal 0.793353340291098 0.6087614290088789 -1.5797408226070596e-07
  outer loop
    vertex 3356.880260141605 193.92842372377248 553.6999967886896
    vertex 3357.08049712144 193.66746903256714 550.6999932950096
    vertex 3356.8802596569676 193.92842357686106 550.699993314578
  endloop
endfacet
facet normal 0.9238795325112434 0.38268343236515767 -1.6798888809653102e-07
  outer loop
    vertex 3356.8802596569676 193.92842357686106 550.699993314578
    vertex 3356.7543856092498 194.23231172694202 553.6999967941426
    vertex 3356.880260141605 193.92842372377248 553.6999967886896
  endloop
endfacet
facet normal 0.9238795325112434 0.38268343236515767 -1.6798888809653102e-07
  outer loop
    vertex 3356.7543856092498 194.23231172694202 553.6999967941426
    vertex 3356.8802596569676 193.92842357686106 550.699993314578
    vertex 3356.754385124613 194.23231158003057 550.699993320031
  endloop
endfacet
facet normal 0.9914448613737648 0.13052619222029244 -1.6655552882333827e-07
  outer loop
    vertex 3356.754385124613 194.23231158003057 550.699993320031
    vertex 3356.7114521503745 194.5584237237698 553.6999967851084
    vertex 3356.7543856092498 194.23231172694202 553.6999967941426
  endloop
endfacet
facet normal 0.9914448613737648 0.13052619222029244 -1.6655552882333827e-07
  outer loop
    vertex 3356.7114521503745 194.5584237237698 553.6999967851084
    vertex 3356.754385124613 194.23231158003057 550.699993320031
    vertex 3356.7114516657366 194.55842357685836 550.6999933109968
  endloop
endfacet
facet normal 0.9914448613738225 -0.1305261922198699 -1.537716855068591e-07
  outer loop
    vertex 3356.7114516657366 194.55842357685836 550.6999933109968
    vertex 3356.7543856092498 194.88453572059754 553.6999967622029
    vertex 3356.7114521503745 194.5584237237698 553.6999967851084
  endloop
endfacet
facet normal 0.9914448613738225 -0.1305261922198699 -1.537716855068591e-07
  outer loop
    vertex 3356.7543856092498 194.88453572059754 553.6999967622029
    vertex 3356.7114516657366 194.55842357685836 550.6999933109968
    vertex 3356.754385124612 194.88453557368607 550.6999932880913
  endloop
endfacet
facet normal 0.9238795325113519 -0.38268343236491076 -1.3050855594281575e-07
  outer loop
    vertex 3356.754385124612 194.88453557368607 550.6999932880913
    vertex 3356.880260141605 195.18842372376707 553.6999967269869
    vertex 3356.7543856092498 194.88453572059754 553.6999967622029
  endloop
endfacet
facet normal 0.9238795325113519 -0.38268343236491076 -1.3050855594281575e-07
  outer loop
    vertex 3356.880260141605 195.18842372376707 553.6999967269869
    vertex 3356.754385124612 194.88453557368607 550.6999932880913
    vertex 3356.8802596569676 195.18842357685566 550.6999932528753
  endloop
endfacet
facet normal 0.7933533402913034 -0.6087614290086237 -9.835148396684503e-08
  outer loop
    vertex 3356.8802596569676 195.18842357685566 550.6999932528753
    vertex 3357.080497606077 195.44937826806108 553.6999966818604
    vertex 3356.880260141605 195.18842372376707 553.6999967269869
  endloop
endfacet
facet normal 0.7933533402913034 -0.6087614290086237 -9.835148396684503e-08
  outer loop
    vertex 3357.080497606077 195.44937826806108 553.6999966818604
    vertex 3356.8802596569676 195.18842357685566 550.6999932528753
    vertex 3357.08049712144 195.44937812114964 550.6999932077488
  endloop
endfacet
facet normal 0.6087614290088683 -0.7933533402911196 -5.949192089206421e-08
  outer loop
    vertex 3357.08049712144 195.44937812114964 550.6999932077488
    vertex 3357.341452150372 195.64961573253362 553.6999966298986
    vertex 3357.080497606077 195.44937826806108 553.6999966818604
  endloop
endfacet
facet normal 0.6087614290088683 -0.7933533402911196 -5.949192089206421e-08
  outer loop
    vertex 3357.341452150372 195.64961573253362 553.6999966298986
    vertex 3357.08049712144 195.44937812114964 550.6999932077488
    vertex 3357.3414516657335 195.64961558562217 550.699993155787
  endloop
endfacet
facet normal 0.3826834323652416 -0.9238795325112239 -1.65780817235234e-08
  outer loop
    vertex 3357.3414516657335 195.64961558562217 550.699993155787
    vertex 3357.6453401535405 195.77549026488893 553.6999965746426
    vertex 3357.341452150372 195.64961573253362 553.6999966298986
  endloop
endfacet
facet normal 0.3826834323652416 -0.9238795325112239 -1.65780817235234e-08
  outer loop
    vertex 3357.6453401535405 195.77549026488893 553.6999965746426
    vertex 3357.3414516657335 195.64961558562217 550.699993155787
    vertex 3357.6453396689035 195.7754901179775 550.6999931005311
  endloop
endfacet
facet normal 0.1305261922198908 -0.9914448613738311 2.746552631824977e-08
  outer loop
    vertex 3367.1453396689026 195.77549011797842 550.6999936544281
    vertex 3367.471452150369 195.81842372376553 553.6999970737553
    vertex 3367.14534015354 195.77549026488987 553.6999971285398
  endloop
endfacet
facet normal 0.1305261922198908 -0.9914448613738311 2.746552631824977e-08
  outer loop
    vertex 3367.471452150369 195.81842372376553 553.6999970737553
    vertex 3367.1453396689026 195.77549011797842 550.6999936544281
    vertex 3367.4714516657314 195.8184235768541 550.6999935996437
  endloop
endfacet
facet normal -0.1305261922202921 -0.9914448613737763 6.96374041299081e-08
  outer loop
    vertex 3367.4714516657314 195.8184235768541 550.6999935996437
    vertex 3367.7975641471976 195.77549026488973 553.6999970231758
    vertex 3367.471452150369 195.81842372376553 553.6999970737553
  endloop
endfacet
facet normal -0.1305261922202921 -0.9914448613737763 6.96374041299081e-08
  outer loop
    vertex 3367.7975641471976 195.77549026488973 553.6999970231758
    vertex 3367.4714516657314 195.8184235768541 550.6999935996437
    vertex 3367.7975636625597 195.77549011797828 550.6999935490642
  endloop
endfacet
facet normal -0.38268343236520164 -0.9238795325112342 1.070636079313354e-07
  outer loop
    vertex 3367.7975636625597 195.77549011797828 550.6999935490642
    vertex 3368.101452150368 195.64961573253404 553.6999969802482
    vertex 3367.7975641471976 195.77549026488973 553.6999970231758
  endloop
endfacet
facet normal -0.38268343236520164 -0.9238795325112342 1.070636079313354e-07
  outer loop
    vertex 3368.101452150368 195.64961573253404 553.6999969802482
    vertex 3367.7975636625597 195.77549011797828 550.6999935490642
    vertex 3368.10145166573 195.6496155856226 550.6999935061366
  endloop
endfacet
facet normal -0.6087614290088884 -0.7933533402910946 1.3719360378324742e-07
  outer loop
    vertex 3368.10145166573 195.6496155856226 550.6999935061366
    vertex 3368.3624066946622 195.4493782680609 553.6999969478978
    vertex 3368.101452150368 195.64961573253404 553.6999969802482
  endloop
endfacet
facet normal -0.6087614290088884 -0.7933533402910946 1.3719360378324742e-07
  outer loop
    vertex 3368.3624066946622 195.4493782680609 553.6999969478978
    vertex 3368.10145166573 195.6496155856226 550.6999935061366
    vertex 3368.3624062100253 195.4493781211495 550.6999934737862
  endloop
endfacet
facet normal -0.7933533402912183 -0.6087614290087224 1.5797408226045492e-07
  outer loop
    vertex 3368.3624066946622 195.4493782680609 553.6999969478978
    vertex 3368.5626436744983 195.18842357685477 550.6999934542177
    vertex 3368.5626441591353 195.1884237237662 553.6999969283293
  endloop
endfacet
facet normal -0.7933533402912183 -0.6087614290087224 1.5797408226045492e-07
  outer loop
    vertex 3368.5626436744983 195.18842357685477 550.6999934542177
    vertex 3368.3624066946622 195.4493782680609 553.6999969478978
    vertex 3368.3624062100253 195.4493781211495 550.6999934737862
  endloop
endfacet
facet normal -0.9238795325113542 -0.3826834323648903 1.6798888809615343e-07
  outer loop
    vertex 3368.5626441591353 195.1884237237662 553.6999969283293
    vertex 3368.688518206854 194.88453557368433 550.6999934487648
    vertex 3368.6885186914915 194.88453572059578 553.6999969228764
  endloop
endfacet
facet normal -0.9238795325113542 -0.3826834323648903 1.6798888809615343e-07
  outer loop
    vertex 3368.688518206854 194.88453557368433 550.6999934487648
    vertex 3368.5626441591353 195.1884237237662 553.6999969283293
    vertex 3368.5626436744983 195.18842357685477 550.6999934542177
  endloop
endfacet
facet normal -0.9914448613738162 -0.1305261922199019 1.6655552882285146e-07
  outer loop
    vertex 3368.6885186914915 194.88453572059578 553.6999969228764
    vertex 3368.7314516657293 194.55842357685557 550.6999934577989
    vertex 3368.7314521503667 194.55842372376702 553.6999969319105
  endloop
endfacet
facet normal -0.9914448613738162 -0.1305261922199019 1.6655552882285146e-07
  outer loop
    vertex 3368.7314516657293 194.55842357685557 550.6999934577989
    vertex 3368.6885186914915 194.88453572059578 553.6999969228764
    vertex 3368.688518206854 194.88453557368433 550.6999934487648
  endloop
endfacet
facet normal -0.9914448613737674 0.13052619222028838 1.5377168550629261e-07
  outer loop
    vertex 3368.7314521503667 194.55842372376702 553.6999969319105
    vertex 3368.6885182068536 194.23231158002685 550.6999934807045
    vertex 3368.6885186914915 194.2323117269383 553.699996954816
  endloop
endfacet
facet normal -0.9914448613737674 0.13052619222028838 1.5377168550629261e-07
  outer loop
    vertex 3368.6885182068536 194.23231158002685 550.6999934807045
    vertex 3368.7314521503667 194.55842372376702 553.6999969319105
    vertex 3368.7314516657293 194.55842357685557 550.6999934577989
  endloop
endfacet
facet normal -0.9238795325112285 0.3826834323652086 1.305085559422196e-07
  outer loop
    vertex 3368.6885186914915 194.2323117269383 553.699996954816
    vertex 3368.5626436744983 193.9284235768565 550.6999935159205
    vertex 3368.5626441591353 193.9284237237679 553.6999969900321
  endloop
endfacet
facet normal -0.9238795325112285 0.3826834323652086 1.305085559422196e-07
  outer loop
    vertex 3368.5626436744983 193.9284235768565 550.6999935159205
    vertex 3368.6885186914915 194.2323117269383 553.699996954816
    vertex 3368.6885182068536 194.23231158002685 550.6999934807045
  endloop
endfacet
facet normal -0.7933533402910876 0.608761429008905 9.83514839662485e-08
  outer loop
    vertex 3368.5626441591353 193.9284237237679 553.6999969900321
    vertex 3368.3624062100253 193.66746903256185 550.699993561047
    vertex 3368.3624066946622 193.66746917947327 553.6999970351586
  endloop
endfacet
facet normal -0.7933533402910876 0.608761429008905 9.83514839662485e-08
  outer loop
    vertex 3368.3624062100253 193.66746903256185 550.699993561047
    vertex 3368.5626441591353 193.9284237237679 553.6999969900321
    vertex 3368.5626436744983 193.9284235768565 550.6999935159205
  endloop
endfacet
facet normal -0.608761429008712 0.7933533402912397 5.949192089153634e-08
  outer loop
    vertex 3368.3624066946622 193.66746917947327 553.6999970351586
    vertex 3368.10145166573 193.46723156808878 550.6999936130088
    vertex 3368.1014521503675 193.4672317150002 553.6999970871204
  endloop
endfacet
facet normal -0.608761429008712 0.7933533402912397 5.949192089153634e-08
  outer loop
    vertex 3368.10145166573 193.46723156808878 550.6999936130088
    vertex 3368.3624066946622 193.66746917947327 553.6999970351586
    vertex 3368.3624062100253 193.66746903256185 550.699993561047
  endloop
endfacet
facet normal -0.3826834323648772 0.9238795325113749 1.6578081723045304e-08
  outer loop
    vertex 3368.1014521503675 193.4672317150002 553.6999970871204
    vertex 3367.7975636625597 193.34135703573318 550.6999936682647
    vertex 3367.797564147197 193.3413571826446 553.6999971423763
  endloop
endfacet
facet normal -0.3826834323648772 0.9238795325113749 1.6578081723045304e-08
  outer loop
    vertex 3367.7975636625597 193.34135703573318 550.6999936682647
    vertex 3368.1014521503675 193.4672317150002 553.6999970871204
    vertex 3368.10145166573 193.46723156808878 550.6999936130088
  endloop
endfacet
facet normal -0.1305261922198908 0.9914448613738311 -2.746552631824977e-08
  outer loop
    vertex 3367.797564147197 193.3413571826446 553.6999971423763
    vertex 3367.471451665731 193.29842357685752 550.6999937230491
    vertex 3367.471452150369 193.29842372376893 553.6999971971608
  endloop
endfacet
facet normal -0.1305261922198908 0.9914448613738311 -2.746552631824977e-08
  outer loop
    vertex 3367.471451665731 193.29842357685752 550.6999937230491
    vertex 3367.797564147197 193.3413571826446 553.6999971423763
    vertex 3367.7975636625597 193.34135703573318 550.6999936682647
  endloop
endfacet
facet normal 0.1305261922202921 0.9914448613737763 -6.96374041299081e-08
  outer loop
    vertex 3367.471452150369 193.29842372376893 553.6999971971608
    vertex 3367.145339668902 193.34135703573332 550.6999937736288
    vertex 3367.14534015354 193.34135718264474 553.6999972477403
  endloop
endfacet
facet normal 0.1305261922202921 0.9914448613737763 -6.96374041299081e-08
  outer loop
    vertex 3367.145339668902 193.34135703573332 550.6999937736288
    vertex 3367.471452150369 193.29842372376893 553.6999971971608
    vertex 3367.471451665731 193.29842357685752 550.6999937230491
  endloop
endfacet
facet normal 0.38268343236520164 0.9238795325112342 -1.070636079313354e-07
  outer loop
    vertex 3367.14534015354 193.34135718264474 553.6999972477403
    vertex 3366.8414516657317 193.467231568089 550.6999938165562
    vertex 3366.8414521503696 193.46723171500042 553.6999972906679
  endloop
endfacet
facet normal 0.38268343236520164 0.9238795325112342 -1.070636079313354e-07
  outer loop
    vertex 3366.8414516657317 193.467231568089 550.6999938165562
    vertex 3367.14534015354 193.34135718264474 553.6999972477403
    vertex 3367.145339668902 193.34135703573332 550.6999937736288
  endloop
endfacet
facet normal 0.6087614290088884 0.7933533402910946 -1.3719360378324742e-07
  outer loop
    vertex 3366.8414521503696 193.46723171500042 553.6999972906679
    vertex 3366.5804971214375 193.6674690325621 550.6999938489066
    vertex 3366.5804976060745 193.66746917947358 553.6999973230182
  endloop
endfacet
facet normal 0.6087614290088884 0.7933533402910946 -1.3719360378324742e-07
  outer loop
    vertex 3366.5804971214375 193.6674690325621 550.6999938489066
    vertex 3366.8414521503696 193.46723171500042 553.6999972906679
    vertex 3366.8414516657317 193.467231568089 550.6999938165562
  endloop
endfacet
facet normal 0.7933533402912183 0.6087614290087224 -1.5797408226045492e-07
  outer loop
    vertex 3366.5804971214375 193.6674690325621 550.6999938489066
    vertex 3366.3802601416014 193.92842372376828 553.6999973425867
    vertex 3366.5804976060745 193.66746917947358 553.6999973230182
  endloop
endfacet
facet normal 0.7933533402912183 0.6087614290087224 -1.5797408226045492e-07
  outer loop
    vertex 3366.3802601416014 193.92842372376828 553.6999973425867
    vertex 3366.5804971214375 193.6674690325621 550.6999938489066
    vertex 3366.380259656964 193.92842357685683 550.6999938684752
  endloop
endfacet
facet normal 0.9238795325113542 0.3826834323648903 -1.6798888809615343e-07
  outer loop
    vertex 3366.380259656964 193.92842357685683 550.6999938684752
    vertex 3366.254385609246 194.23231172693872 553.6999973480397
    vertex 3366.3802601416014 193.92842372376828 553.6999973425867
  endloop
endfacet
facet normal 0.9238795325113542 0.3826834323648903 -1.6798888809615343e-07
  outer loop
    vertex 3366.254385609246 194.23231172693872 553.6999973480397
    vertex 3366.380259656964 193.92842357685683 550.6999938684752
    vertex 3366.2543851246082 194.23231158002727 550.6999938739281
  endloop
endfacet
facet normal 0.9914448613738162 0.1305261922199019 -1.6655552882285146e-07
  outer loop
    vertex 3366.2543851246082 194.23231158002727 550.6999938739281
    vertex 3366.2114521503704 194.55842372376748 553.6999973390056
    vertex 3366.254385609246 194.23231172693872 553.6999973480397
  endloop
endfacet
facet normal 0.9914448613738162 0.1305261922199019 -1.6655552882285146e-07
  outer loop
    vertex 3366.2114521503704 194.55842372376748 553.6999973390056
    vertex 3366.2543851246082 194.23231158002727 550.6999938739281
    vertex 3366.211451665733 194.55842357685606 550.699993864894
  endloop
endfacet
facet normal 0.9914448613737674 -0.13052619222028838 -1.5377168550629261e-07
  outer loop
    vertex 3366.211451665733 194.55842357685606 550.699993864894
    vertex 3366.254385609246 194.8845357205962 553.6999973160999
    vertex 3366.2114521503704 194.55842372376748 553.6999973390056
  endloop
endfacet
facet normal 0.9914448613737674 -0.13052619222028838 -1.5377168550629261e-07
  outer loop
    vertex 3366.254385609246 194.8845357205962 553.6999973160999
    vertex 3366.211451665733 194.55842357685606 550.699993864894
    vertex 3366.2543851246082 194.88453557368476 550.6999938419884
  endloop
endfacet
facet normal 0.9238795325112285 -0.3826834323652086 -1.305085559422196e-07
  outer loop
    vertex 3366.2543851246082 194.88453557368476 550.6999938419884
    vertex 3366.380260141602 195.18842372376656 553.699997280884
    vertex 3366.254385609246 194.8845357205962 553.6999973160999
  endloop
endfacet
facet normal 0.9238795325112285 -0.3826834323652086 -1.305085559422196e-07
  outer loop
    vertex 3366.380260141602 195.18842372376656 553.699997280884
    vertex 3366.2543851246082 194.88453557368476 550.6999938419884
    vertex 3366.380259656964 195.18842357685512 550.6999938067723
  endloop
endfacet
facet normal 0.7933533402910876 -0.608761429008905 -9.83514839662485e-08
  outer loop
    vertex 3366.380259656964 195.18842357685512 550.6999938067723
    vertex 3366.5804976060754 195.4493782680612 553.6999972357575
    vertex 3366.380260141602 195.18842372376656 553.699997280884
  endloop
endfacet
facet normal 0.7933533402910876 -0.608761429008905 -9.83514839662485e-08
  outer loop
    vertex 3366.5804976060754 195.4493782680612 553.6999972357575
    vertex 3366.380259656964 195.18842357685512 550.6999938067723
    vertex 3366.5804971214375 195.44937812114978 550.6999937616458
  endloop
endfacet
facet normal 0.608761429008712 -0.7933533402912397 -5.949192089153634e-08
  outer loop
    vertex 3366.5804971214375 195.44937812114978 550.6999937616458
    vertex 3366.8414521503696 195.64961573253427 553.6999971837956
    vertex 3366.5804976060754 195.4493782680612 553.6999972357575
  endloop
endfacet
facet normal 0.608761429008712 -0.7933533402912397 -5.949192089153634e-08
  outer loop
    vertex 3366.8414521503696 195.64961573253427 553.6999971837956
    vertex 3366.5804971214375 195.44937812114978 550.6999937616458
    vertex 3366.841451665732 195.64961558562285 550.699993709684
  endloop
endfacet
facet normal 0.3826834323648772 -0.9238795325113749 -1.6578081723045304e-08
  outer loop
    vertex 3366.841451665732 195.64961558562285 550.699993709684
    vertex 3367.14534015354 195.77549026488987 553.6999971285398
    vertex 3366.8414521503696 195.64961573253427 553.6999971837956
  endloop
endfacet
facet normal 0.3826834323648772 -0.9238795325113749 -1.6578081723045304e-08
  outer loop
    vertex 3367.14534015354 195.77549026488987 553.6999971285398
    vertex 3366.841451665732 195.64961558562285 550.699993709684
    vertex 3367.1453396689026 195.77549011797842 550.6999936544281
  endloop
endfacet
facet normal 0.13052619221933445 -0.9914448613739045 2.746548901449106e-08
  outer loop
    vertex 3366.9279402678417 214.58686628657338 550.699994106716
    vertex 3367.471461764931 214.6584225067901 559.9999891754882
    vertex 3366.927941770216 214.5868667419976 559.9999892667955
  endloop
endfacet
facet normal 0.13052619221933445 -0.9914448613739045 2.746548901449106e-08
  outer loop
    vertex 3367.471461764931 214.6584225067901 559.9999891754882
    vertex 3366.9279402678417 214.58686628657338 550.699994106716
    vertex 3367.4714602625572 214.65842205136585 550.6999940154086
  endloop
endfacet
facet normal -0.13052619222088963 -0.9914448613736978 6.963736385654543e-08
  outer loop
    vertex 3367.4714602625572 214.65842205136585 550.6999940154086
    vertex 3368.0149817596457 214.58686674199674 559.999989091189
    vertex 3367.471461764931 214.6584225067901 559.9999891754882
  endloop
endfacet
facet normal -0.13052619222088963 -0.9914448613736978 6.963736385654543e-08
  outer loop
    vertex 3368.0149817596457 214.58686674199674 559.999989091189
    vertex 3367.4714602625572 214.65842205136585 550.6999940154086
    vertex 3368.0149802572714 214.58686628657253 550.6999939311095
  endloop
endfacet
facet normal -0.38268343236564717 -0.9238795325110498 1.0706356743290928e-07
  outer loop
    vertex 3368.0149802572714 214.58686628657253 550.6999939311095
    vertex 3368.52146176493 214.3770758547369 559.999989019643
    vertex 3368.0149817596457 214.58686674199674 559.999989091189
  endloop
endfacet
facet normal -0.38268343236564717 -0.9238795325110498 1.0706356743290928e-07
  outer loop
    vertex 3368.52146176493 214.3770758547369 559.999989019643
    vertex 3368.0149802572714 214.58686628657253 550.6999939311095
    vertex 3368.5214602625556 214.37707539931267 550.6999938595634
  endloop
endfacet
facet normal -0.6087614290093881 -0.7933533402907113 1.3719356581969159e-07
  outer loop
    vertex 3368.5214602625556 214.37707539931267 550.6999938595634
    vertex 3368.9563860054204 214.0433467472812 559.9999889657256
    vertex 3368.52146176493 214.3770758547369 559.999989019643
  endloop
endfacet
facet normal -0.6087614290093881 -0.7933533402907113 1.3719356581969159e-07
  outer loop
    vertex 3368.9563860054204 214.0433467472812 559.9999889657256
    vertex 3368.5214602625556 214.37707539931267 550.6999938595634
    vertex 3368.956384503047 214.04334629185698 550.6999938056462
  endloop
endfacet
facet normal -0.7933533402917352 -0.6087614290080487 1.5797404941891687e-07
  outer loop
    vertex 3368.9563860054204 214.0433467472812 559.9999889657256
    vertex 3369.2901136105024 213.60842205136532 550.6999937730319
    vertex 3369.290115112876 213.6084225067896 559.9999889331116
  endloop
endfacet
facet normal -0.7933533402917352 -0.6087614290080487 1.5797404941891687e-07
  outer loop
    vertex 3369.2901136105024 213.60842205136532 550.6999937730319
    vertex 3368.9563860054204 214.0433467472812 559.9999889657256
    vertex 3368.956384503047 214.04334629185698 550.6999938056462
  endloop
endfacet
facet normal -0.9238795325115591 -0.38268343236439567 1.6798886261470283e-07
  outer loop
    vertex 3369.290115112876 213.6084225067896 559.9999889331116
    vertex 3369.4999044977612 213.10194204608095 550.6999937639437
    vertex 3369.4999060001346 213.10194250150516 559.9999889240232
  endloop
endfacet
facet normal -0.9238795325115591 -0.38268343236439567 1.6798886261470283e-07
  outer loop
    vertex 3369.4999044977612 213.10194204608095 550.6999937639437
    vertex 3369.290115112876 213.6084225067896 559.9999889331116
    vertex 3369.2901136105024 213.60842205136532 550.6999937730319
  endloop
endfacet
facet normal -0.9914448613738895 -0.1305261922193455 1.665555124380252e-07
  outer loop
    vertex 3369.4999060001346 213.10194250150516 559.9999889240232
    vertex 3369.5714602625535 212.55842205136602 550.6999937790006
    vertex 3369.5714617649273 212.5584225067903 559.9999889390801
  endloop
endfacet
facet normal -0.9914448613738895 -0.1305261922193455 1.665555124380252e-07
  outer loop
    vertex 3369.5714602625535 212.55842205136602 550.6999937790006
    vertex 3369.4999060001346 213.10194250150516 559.9999889240232
    vertex 3369.4999044977612 213.10194204608095 550.6999937639437
  endloop
endfacet
facet normal -0.9914448613736887 0.1305261922208859 1.5377167933468605e-07
  outer loop
    vertex 3369.5714617649273 212.5584225067903 559.9999889390801
    vertex 3369.4999044977603 212.0149020566513 550.6999938171765
    vertex 3369.4999060001337 212.0149025120755 559.9999889772561
  endloop
endfacet
facet normal -0.9914448613736887 0.1305261922208859 1.5377167933468605e-07
  outer loop
    vertex 3369.4999044977603 212.0149020566513 550.6999938171765
    vertex 3369.5714617649273 212.5584225067903 559.9999889390801
    vertex 3369.5714602625535 212.55842205136602 550.6999937790006
  endloop
endfacet
facet normal -0.9238795325109856 0.3826834323657945 1.3050856040441526e-07
  outer loop
    vertex 3369.4999060001337 212.0149025120755 559.9999889772561
    vertex 3369.2901136105 211.50842205136718 550.6999938758697
    vertex 3369.2901151128744 211.5084225067914 559.9999890359494
  endloop
endfacet
facet normal -0.9238795325109856 0.3826834323657945 1.3050856040441526e-07
  outer loop
    vertex 3369.2901136105 211.50842205136718 550.6999938758697
    vertex 3369.4999060001337 212.0149025120755 559.9999889772561
    vertex 3369.4999044977603 212.0149020566513 550.6999938171765
  endloop
endfacet
facet normal -0.7933533402907836 0.608761429009301 9.835149875817592e-08
  outer loop
    vertex 3369.2901151128744 211.5084225067914 559.9999890359494
    vertex 3368.956384503045 211.073497810876 550.6999939510806
    vertex 3368.956386005418 211.07349826630028 559.9999891111602
  endloop
endfacet
facet normal -0.7933533402907836 0.608761429009301 9.835149875817592e-08
  outer loop
    vertex 3368.956384503045 211.073497810876 550.6999939510806
    vertex 3369.2901151128744 211.5084225067914 559.9999890359494
    vertex 3369.2901136105 211.50842205136718 550.6999938758697
  endloop
endfacet
facet normal -0.6087614290080381 0.7933533402917566 5.949194500508033e-08
  outer loop
    vertex 3368.956386005418 211.07349826630028 559.9999891111602
    vertex 3368.521460262553 210.73976870342113 550.6999940376836
    vertex 3368.521461764927 210.7397691588454 559.999989197763
  endloop
endfacet
facet normal -0.6087614290080381 0.7933533402917566 5.949194500508033e-08
  outer loop
    vertex 3368.521460262553 210.73976870342113 550.6999940376836
    vertex 3368.956386005418 211.07349826630028 559.9999891111602
    vertex 3368.956384503045 211.073497810876 550.6999939510806
  endloop
endfacet
facet normal -0.3826834323643826 0.9238795325115796 1.6578113515008543e-08
  outer loop
    vertex 3368.521461764927 210.7397691588454 559.999989197763
    vertex 3368.0149802572687 210.529977816162 550.6999941297769
    vertex 3368.014981759642 210.52997827158626 559.9999892898564
  endloop
endfacet
facet normal -0.3826834323643826 0.9238795325115796 1.6578113515008543e-08
  outer loop
    vertex 3368.0149802572687 210.529977816162 550.6999941297769
    vertex 3368.521461764927 210.7397691588454 559.999989197763
    vertex 3368.521460262553 210.73976870342113 550.6999940376836
  endloop
endfacet
facet normal -0.13052619221933445 0.9914448613739045 -2.746548901449106e-08
  outer loop
    vertex 3368.014981759642 210.52997827158626 559.9999892898564
    vertex 3367.4714602625536 210.45842205136952 550.6999942210842
    vertex 3367.4714617649274 210.45842250679374 559.9999893811638
  endloop
endfacet
facet normal -0.13052619221933445 0.9914448613739045 -2.746548901449106e-08
  outer loop
    vertex 3367.4714602625536 210.45842205136952 550.6999942210842
    vertex 3368.014981759642 210.52997827158626 559.9999892898564
    vertex 3368.0149802572687 210.529977816162 550.6999941297769
  endloop
endfacet
facet normal 0.13052619222088963 0.9914448613736978 -6.963736385654543e-08
  outer loop
    vertex 3367.4714617649274 210.45842250679374 559.9999893811638
    vertex 3366.927940267839 210.52997781616287 550.6999943053834
    vertex 3366.9279417702132 210.52997827158714 559.9999894654629
  endloop
endfacet
facet normal 0.13052619222088963 0.9914448613736978 -6.963736385654543e-08
  outer loop
    vertex 3366.927940267839 210.52997781616287 550.6999943053834
    vertex 3367.4714617649274 210.45842250679374 559.9999893811638
    vertex 3367.4714602625536 210.45842205136952 550.6999942210842
  endloop
endfacet
facet normal 0.38268343236564717 0.9238795325110498 -1.0706356743290928e-07
  outer loop
    vertex 3366.9279417702132 210.52997827158714 559.9999894654629
    vertex 3366.421460262555 210.73976870342273 550.6999943769295
    vertex 3366.421461764929 210.73976915884694 559.999989537009
  endloop
endfacet
facet normal 0.38268343236564717 0.9238795325110498 -1.0706356743290928e-07
  outer loop
    vertex 3366.421460262555 210.73976870342273 550.6999943769295
    vertex 3366.9279417702132 210.52997827158714 559.9999894654629
    vertex 3366.927940267839 210.52997781616287 550.6999943053834
  endloop
endfacet
facet normal 0.6087614290093881 0.7933533402907113 -1.3719356581969159e-07
  outer loop
    vertex 3366.421461764929 210.73976915884694 559.999989537009
    vertex 3365.9865360220633 211.0734978108784 550.6999944308468
    vertex 3365.9865375244376 211.07349826630264 559.9999895909262
  endloop
endfacet
facet normal 0.6087614290093881 0.7933533402907113 -1.3719356581969159e-07
  outer loop
    vertex 3365.9865360220633 211.0734978108784 550.6999944308468
    vertex 3366.421461764929 210.73976915884694 559.999989537009
    vertex 3366.421460262555 210.73976870342273 550.6999943769295
  endloop
endfacet
facet normal 0.7933533402917352 0.6087614290080487 -1.5797404941891687e-07
  outer loop
    vertex 3365.9865360220633 211.0734978108784 550.6999944308468
    vertex 3365.6528084169827 211.5084225067943 559.9999896235404
    vertex 3365.9865375244376 211.07349826630264 559.9999895909262
  endloop
endfacet
facet normal 0.7933533402917352 0.6087614290080487 -1.5797404941891687e-07
  outer loop
    vertex 3365.6528084169827 211.5084225067943 559.9999896235404
    vertex 3365.9865360220633 211.0734978108784 550.6999944308468
    vertex 3365.652806914609 211.50842205137005 550.6999944634608
  endloop
endfacet
facet normal 0.9238795325115591 0.38268343236439567 -1.6798886261470283e-07
  outer loop
    vertex 3365.652806914609 211.50842205137005 550.6999944634608
    vertex 3365.4430175297234 212.01490251207866 559.9999896326286
    vertex 3365.6528084169827 211.5084225067943 559.9999896235404
  endloop
endfacet
facet normal 0.9238795325115591 0.38268343236439567 -1.6798886261470283e-07
  outer loop
    vertex 3365.4430175297234 212.01490251207866 559.9999896326286
    vertex 3365.652806914609 211.50842205137005 550.6999944634608
    vertex 3365.44301602735 212.01490205665445 550.6999944725492
  endloop
endfacet
facet normal 0.9914448613738895 0.1305261922193455 -1.665555124380252e-07
  outer loop
    vertex 3365.44301602735 212.01490205665445 550.6999944725492
    vertex 3365.371461764931 212.5584225067936 559.9999896175718
    vertex 3365.4430175297234 212.01490251207866 559.9999896326286
  endloop
endfacet
facet normal 0.9914448613738895 0.1305261922193455 -1.665555124380252e-07
  outer loop
    vertex 3365.371461764931 212.5584225067936 559.9999896175718
    vertex 3365.44301602735 212.01490205665445 550.6999944725492
    vertex 3365.3714602625573 212.55842205136935 550.6999944574924
  endloop
endfacet
facet normal 0.9914448613736887 -0.1305261922208859 -1.5377167933468605e-07
  outer loop
    vertex 3365.3714602625573 212.55842205136935 550.6999944574924
    vertex 3365.4430175297243 213.10194250150832 559.9999895793959
    vertex 3365.371461764931 212.5584225067936 559.9999896175718
  endloop
endfacet
facet normal 0.9914448613736887 -0.1305261922208859 -1.5377167933468605e-07
  outer loop
    vertex 3365.4430175297243 213.10194250150832 559.9999895793959
    vertex 3365.3714602625573 212.55842205136935 550.6999944574924
    vertex 3365.443016027351 213.1019420460841 550.6999944193163
  endloop
endfacet
facet normal 0.9238795325109856 -0.3826834323657945 -1.3050856040441526e-07
  outer loop
    vertex 3365.443016027351 213.1019420460841 550.6999944193163
    vertex 3365.652808416984 213.60842250679244 559.9999895207026
    vertex 3365.4430175297243 213.10194250150832 559.9999895793959
  endloop
endfacet
facet normal 0.9238795325109856 -0.3826834323657945 -1.3050856040441526e-07
  outer loop
    vertex 3365.652808416984 213.60842250679244 559.9999895207026
    vertex 3365.443016027351 213.1019420460841 550.6999944193163
    vertex 3365.6528069146107 213.60842205136822 550.6999943606231
  endloop
endfacet
facet normal 0.7933533402907836 -0.608761429009301 -9.835149875817592e-08
  outer loop
    vertex 3365.6528069146107 213.60842205136822 550.6999943606231
    vertex 3365.98653752444 214.0433467472836 559.9999894454917
    vertex 3365.652808416984 213.60842250679244 559.9999895207026
  endloop
endfacet
facet normal 0.7933533402907836 -0.608761429009301 -9.835149875817592e-08
  outer loop
    vertex 3365.98653752444 214.0433467472836 559.9999894454917
    vertex 3365.6528069146107 213.60842205136822 550.6999943606231
    vertex 3365.9865360220665 214.04334629185934 550.6999942854122
  endloop
endfacet
facet normal 0.6087614290080381 -0.7933533402917566 -5.949194500508033e-08
  outer loop
    vertex 3365.9865360220665 214.04334629185934 550.6999942854122
    vertex 3366.421461764932 214.37707585473848 559.9999893588888
    vertex 3365.98653752444 214.0433467472836 559.9999894454917
  endloop
endfacet
facet normal 0.6087614290080381 -0.7933533402917566 -5.949194500508033e-08
  outer loop
    vertex 3366.421461764932 214.37707585473848 559.9999893588888
    vertex 3365.9865360220665 214.04334629185934 550.6999942854122
    vertex 3366.4214602625575 214.3770753993142 550.6999941988092
  endloop
endfacet
facet normal 0.3826834323643826 -0.9238795325115796 -1.6578113515008543e-08
  outer loop
    vertex 3366.4214602625575 214.3770753993142 550.6999941988092
    vertex 3366.927941770216 214.5868667419976 559.9999892667955
    vertex 3366.421461764932 214.37707585473848 559.9999893588888
  endloop
endfacet
facet normal 0.3826834323643826 -0.9238795325115796 -1.6578113515008543e-08
  outer loop
    vertex 3366.927941770216 214.5868667419976 559.9999892667955
    vertex 3366.4214602625575 214.3770753993142 550.6999941988092
    vertex 3366.9279402678417 214.58686628657338 550.699994106716
  endloop
endfacet
facet normal 0.13052619221957285 -0.9914448613738731 2.746548901459927e-08
  outer loop
    vertex 3366.927940267824 180.58686781206328 550.6999946051491
    vertex 3367.471461764913 180.6584240322802 559.9999896739213
    vertex 3366.9279417701973 180.58686826748752 559.9999897652286
  endloop
endfacet
facet normal 0.13052619221957285 -0.9914448613738731 2.746548901459927e-08
  outer loop
    vertex 3367.471461764913 180.6584240322802 559.9999896739213
    vertex 3366.927940267824 180.58686781206328 550.6999946051491
    vertex 3367.4714602625395 180.65842357685597 550.6999945138417
  endloop
endfacet
facet normal -0.13052619222045952 -0.9914448613737544 6.963736385660143e-08
  outer loop
    vertex 3367.4714602625395 180.65842357685597 550.6999945138417
    vertex 3368.0149817596275 180.58686826748703 559.9999895896221
    vertex 3367.471461764913 180.6584240322802 559.9999896739213
  endloop
endfacet
facet normal -0.13052619222045952 -0.9914448613737544 6.963736385660143e-08
  outer loop
    vertex 3368.0149817596275 180.58686826748703 559.9999895896221
    vertex 3367.4714602625395 180.65842357685597 550.6999945138417
    vertex 3368.014980257254 180.5868678120628 550.6999944295426
  endloop
endfacet
facet normal -0.38268343236549657 -0.923879532511112 1.0706356743297676e-07
  outer loop
    vertex 3368.014980257254 180.5868678120628 550.6999944295426
    vertex 3368.5214617649126 180.3770773802271 559.9999895180761
    vertex 3368.0149817596275 180.58686826748703 559.9999895896221
  endloop
endfacet
facet normal -0.38268343236549657 -0.923879532511112 1.0706356743297676e-07
  outer loop
    vertex 3368.5214617649126 180.3770773802271 559.9999895180761
    vertex 3368.014980257254 180.5868678120628 550.6999944295426
    vertex 3368.521460262539 180.37707692480285 550.6999943579965
  endloop
endfacet
facet normal -0.6087614290090941 -0.7933533402909366 1.3719356581970392e-07
  outer loop
    vertex 3368.521460262539 180.37707692480285 550.6999943579965
    vertex 3368.956386005404 180.0433482727713 559.9999894641588
    vertex 3368.5214617649126 180.3770773802271 559.9999895180761
  endloop
endfacet
facet normal -0.6087614290090941 -0.7933533402909366 1.3719356581970392e-07
  outer loop
    vertex 3368.956386005404 180.0433482727713 559.9999894641588
    vertex 3368.521460262539 180.37707692480285 550.6999943579965
    vertex 3368.95638450303 180.04334781734707 550.6999943040792
  endloop
endfacet
facet normal -0.7933533402913802 -0.6087614290085114 1.5797404941888768e-07
  outer loop
    vertex 3368.956386005404 180.0433482727713 559.9999894641588
    vertex 3369.2901136104856 179.60842357685524 550.6999942714651
    vertex 3369.29011511286 179.6084240322795 559.9999894315447
  endloop
endfacet
facet normal -0.7933533402913802 -0.6087614290085114 1.5797404941888768e-07
  outer loop
    vertex 3369.2901136104856 179.60842357685524 550.6999942714651
    vertex 3368.956386005404 180.0433482727713 559.9999894641588
    vertex 3368.95638450303 180.04334781734707 550.6999943040792
  endloop
endfacet
facet normal -0.9238795325114226 -0.38268343236472485 1.6798886261465873e-07
  outer loop
    vertex 3369.29011511286 179.6084240322795 559.9999894315447
    vertex 3369.4999044977453 179.1019435715705 550.6999942623768
    vertex 3369.4999060001196 179.10194402699474 559.9999894224565
  endloop
endfacet
facet normal -0.9238795325114226 -0.38268343236472485 1.6798886261465873e-07
  outer loop
    vertex 3369.4999044977453 179.1019435715705 550.6999942623768
    vertex 3369.29011511286 179.6084240322795 559.9999894315447
    vertex 3369.2901136104856 179.60842357685524 550.6999942714651
  endloop
endfacet
facet normal -0.9914448613738609 -0.1305261922195626 1.665555124379519e-07
  outer loop
    vertex 3369.4999060001196 179.10194402699474 559.9999894224565
    vertex 3369.571460262538 178.55842357685512 550.6999942774337
    vertex 3369.5714617649114 178.5584240322794 559.9999894375132
  endloop
endfacet
facet normal -0.9914448613738609 -0.1305261922195626 1.665555124379519e-07
  outer loop
    vertex 3369.571460262538 178.55842357685512 550.6999942774337
    vertex 3369.4999060001196 179.10194402699474 559.9999894224565
    vertex 3369.4999044977453 179.1019435715705 550.6999942623768
  endloop
endfacet
facet normal -0.9914448613737453 0.13052619222045578 1.537716793346013e-07
  outer loop
    vertex 3369.5714617649114 178.5584240322794 559.9999894375132
    vertex 3369.4999044977453 178.01490358213994 550.6999943156096
    vertex 3369.4999060001187 178.01490403756418 559.9999894756893
  endloop
endfacet
facet normal -0.9914448613737453 0.13052619222045578 1.537716793346013e-07
  outer loop
    vertex 3369.4999044977453 178.01490358213994 550.6999943156096
    vertex 3369.5714617649114 178.5584240322794 559.9999894375132
    vertex 3369.571460262538 178.55842357685512 550.6999942774337
  endloop
endfacet
facet normal -0.9238795325111062 0.3826834323655035 1.3050856040430618e-07
  outer loop
    vertex 3369.4999060001187 178.01490403756418 559.9999894756893
    vertex 3369.2901136104847 177.50842357685536 550.699994374303
    vertex 3369.290115112859 177.5084240322796 559.9999895343825
  endloop
endfacet
facet normal -0.9238795325111062 0.3826834323655035 1.3050856040430618e-07
  outer loop
    vertex 3369.2901136104847 177.50842357685536 550.699994374303
    vertex 3369.4999060001187 178.01490403756418 559.9999894756893
    vertex 3369.4999044977453 178.01490358213994 550.6999943156096
  endloop
endfacet
facet normal -0.7933533402909299 0.6087614290091107 9.835149875804798e-08
  outer loop
    vertex 3369.290115112859 177.5084240322796 559.9999895343825
    vertex 3368.956384503029 177.0734993363638 550.6999944495137
    vertex 3368.956386005403 177.073499791788 559.9999896095934
  endloop
endfacet
facet normal -0.7933533402909299 0.6087614290091107 9.835149875804798e-08
  outer loop
    vertex 3368.956384503029 177.0734993363638 550.6999944495137
    vertex 3369.290115112859 177.5084240322796 559.9999895343825
    vertex 3369.2901136104847 177.50842357685536 550.699994374303
  endloop
endfacet
facet normal -0.6087614290084212 0.7933533402914626 5.94919450049886e-08
  outer loop
    vertex 3368.956386005403 177.073499791788 559.9999896095934
    vertex 3368.521460262538 176.73977022890836 550.6999945361167
    vertex 3368.5214617649112 176.7397706843326 559.9999896961964
  endloop
endfacet
facet normal -0.6087614290084212 0.7933533402914626 5.94919450049886e-08
  outer loop
    vertex 3368.521460262538 176.73977022890836 550.6999945361167
    vertex 3368.956386005403 177.073499791788 559.9999896095934
    vertex 3368.956384503029 177.0734993363638 550.6999944495137
  endloop
endfacet
facet normal -0.3826834323647118 0.9238795325114432 1.6578113514904672e-08
  outer loop
    vertex 3368.5214617649112 176.7397706843326 559.9999896961964
    vertex 3368.014980257253 176.52997934164884 550.69999462821
    vertex 3368.014981759626 176.5299797970731 559.9999897882896
  endloop
endfacet
facet normal -0.3826834323647118 0.9238795325114432 1.6578113514904672e-08
  outer loop
    vertex 3368.014980257253 176.52997934164884 550.69999462821
    vertex 3368.5214617649112 176.7397706843326 559.9999896961964
    vertex 3368.521460262538 176.73977022890836 550.6999945361167
  endloop
endfacet
facet normal -0.13052619221957285 0.9914448613738731 -2.746548901459927e-08
  outer loop
    vertex 3368.014981759626 176.5299797970731 559.9999897882896
    vertex 3367.471460262537 176.45842357685618 550.6999947195173
    vertex 3367.4714617649115 176.45842403228042 559.9999898795969
  endloop
endfacet
facet normal -0.13052619221957285 0.9914448613738731 -2.746548901459927e-08
  outer loop
    vertex 3367.471460262537 176.45842357685618 550.6999947195173
    vertex 3368.014981759626 176.5299797970731 559.9999897882896
    vertex 3368.014980257253 176.52997934164884 550.69999462821
  endloop
endfacet
facet normal 0.13052619222045952 0.9914448613737544 -6.963736385660143e-08
  outer loop
    vertex 3367.4714617649115 176.45842403228042 559.9999898795969
    vertex 3366.927940267822 176.52997934164935 550.6999948038165
    vertex 3366.927941770196 176.5299797970736 559.999989963896
  endloop
endfacet
facet normal 0.13052619222045952 0.9914448613737544 -6.963736385660143e-08
  outer loop
    vertex 3366.927940267822 176.52997934164935 550.6999948038165
    vertex 3367.4714617649115 176.45842403228042 559.9999898795969
    vertex 3367.471460262537 176.45842357685618 550.6999947195173
  endloop
endfacet
facet normal 0.38268343236549657 0.923879532511112 -1.0706356743297676e-07
  outer loop
    vertex 3366.927941770196 176.5299797970736 559.999989963896
    vertex 3366.4214602625375 176.7397702289093 550.6999948753627
    vertex 3366.421461764911 176.73977068433354 559.9999900354422
  endloop
endfacet
facet normal 0.38268343236549657 0.923879532511112 -1.0706356743297676e-07
  outer loop
    vertex 3366.4214602625375 176.7397702289093 550.6999948753627
    vertex 3366.927941770196 176.5299797970736 559.999989963896
    vertex 3366.927940267822 176.52997934164935 550.6999948038165
  endloop
endfacet
facet normal 0.6087614290090941 0.7933533402909366 -1.3719356581970392e-07
  outer loop
    vertex 3366.421461764911 176.73977068433354 559.9999900354422
    vertex 3365.986536022046 177.07349933636507 550.6999949292798
    vertex 3365.98653752442 177.07349979178932 559.9999900893595
  endloop
endfacet
facet normal 0.6087614290090941 0.7933533402909366 -1.3719356581970392e-07
  outer loop
    vertex 3365.986536022046 177.07349933636507 550.6999949292798
    vertex 3366.421461764911 176.73977068433354 559.9999900354422
    vertex 3366.4214602625375 176.7397702289093 550.6999948753627
  endloop
endfacet
facet normal 0.7933533402913802 0.6087614290085114 -1.5797404941888768e-07
  outer loop
    vertex 3365.986536022046 177.07349933636507 550.6999949292798
    vertex 3365.6528084169645 177.50842403228114 559.9999901219736
    vertex 3365.98653752442 177.07349979178932 559.9999900893595
  endloop
endfacet
facet normal 0.7933533402913802 0.6087614290085114 -1.5797404941888768e-07
  outer loop
    vertex 3365.6528084169645 177.50842403228114 559.9999901219736
    vertex 3365.986536022046 177.07349933636507 550.6999949292798
    vertex 3365.65280691459 177.50842357685687 550.699994961894
  endloop
endfacet
facet normal 0.9238795325114226 0.38268343236472485 -1.6798886261465873e-07
  outer loop
    vertex 3365.65280691459 177.50842357685687 550.699994961894
    vertex 3365.443017529705 178.01490403756588 559.9999901310618
    vertex 3365.6528084169645 177.50842403228114 559.9999901219736
  endloop
endfacet
facet normal 0.9238795325114226 0.38268343236472485 -1.6798886261465873e-07
  outer loop
    vertex 3365.443017529705 178.01490403756588 559.9999901310618
    vertex 3365.65280691459 177.50842357685687 550.699994961894
    vertex 3365.4430160273314 178.01490358214164 550.6999949709823
  endloop
endfacet
facet normal 0.9914448613738609 0.1305261922195626 -1.665555124379519e-07
  outer loop
    vertex 3365.4430160273314 178.01490358214164 550.6999949709823
    vertex 3365.371461764912 178.55842403228124 559.9999901160049
    vertex 3365.443017529705 178.01490403756588 559.9999901310618
  endloop
endfacet
facet normal 0.9914448613738609 0.1305261922195626 -1.665555124379519e-07
  outer loop
    vertex 3365.371461764912 178.55842403228124 559.9999901160049
    vertex 3365.4430160273314 178.01490358214164 550.6999949709823
    vertex 3365.371460262538 178.558423576857 550.6999949559254
  endloop
endfacet
facet normal 0.9914448613737453 -0.13052619222045578 -1.537716793346013e-07
  outer loop
    vertex 3365.371460262538 178.558423576857 550.6999949559254
    vertex 3365.4430175297057 179.10194402699645 559.999990077829
    vertex 3365.371461764912 178.55842403228124 559.9999901160049
  endloop
endfacet
facet normal 0.9914448613737453 -0.13052619222045578 -1.537716793346013e-07
  outer loop
    vertex 3365.4430175297057 179.10194402699645 559.999990077829
    vertex 3365.371460262538 178.558423576857 550.6999949559254
    vertex 3365.4430160273314 179.10194357157218 550.6999949177494
  endloop
endfacet
facet normal 0.9238795325111062 -0.3826834323655035 -1.3050856040430618e-07
  outer loop
    vertex 3365.4430160273314 179.10194357157218 550.6999949177494
    vertex 3365.652808416965 179.60842403228102 559.9999900191358
    vertex 3365.4430175297057 179.10194402699645 559.999990077829
  endloop
endfacet
facet normal 0.9238795325111062 -0.3826834323655035 -1.3050856040430618e-07
  outer loop
    vertex 3365.652808416965 179.60842403228102 559.9999900191358
    vertex 3365.4430160273314 179.10194357157218 550.6999949177494
    vertex 3365.6528069145916 179.60842357685678 550.6999948590562
  endloop
endfacet
facet normal 0.7933533402909299 -0.6087614290091107 -9.835149875804798e-08
  outer loop
    vertex 3365.6528069145916 179.60842357685678 550.6999948590562
    vertex 3365.9865375244212 180.0433482727726 559.9999899439249
    vertex 3365.652808416965 179.60842403228102 559.9999900191358
  endloop
endfacet
facet normal 0.7933533402909299 -0.6087614290091107 -9.835149875804798e-08
  outer loop
    vertex 3365.9865375244212 180.0433482727726 559.9999899439249
    vertex 3365.6528069145916 179.60842357685678 550.6999948590562
    vertex 3365.986536022047 180.04334781734838 550.6999947838453
  endloop
endfacet
facet normal 0.6087614290084212 -0.7933533402914626 -5.94919450049886e-08
  outer loop
    vertex 3365.986536022047 180.04334781734838 550.6999947838453
    vertex 3366.421461764913 180.377077380228 559.9999898573219
    vertex 3365.9865375244212 180.0433482727726 559.9999899439249
  endloop
endfacet
facet normal 0.6087614290084212 -0.7933533402914626 -5.94919450049886e-08
  outer loop
    vertex 3366.421461764913 180.377077380228 559.9999898573219
    vertex 3365.986536022047 180.04334781734838 550.6999947838453
    vertex 3366.421460262539 180.3770769248038 550.6999946972423
  endloop
endfacet
facet normal 0.3826834323647118 -0.9238795325114432 -1.6578113514904672e-08
  outer loop
    vertex 3366.421460262539 180.3770769248038 550.6999946972423
    vertex 3366.9279417701973 180.58686826748752 559.9999897652286
    vertex 3366.421461764913 180.377077380228 559.9999898573219
  endloop
endfacet
facet normal 0.3826834323647118 -0.9238795325114432 -1.6578113514904672e-08
  outer loop
    vertex 3366.9279417701973 180.58686826748752 559.9999897652286
    vertex 3366.421460262539 180.3770769248038 550.6999946972423
    vertex 3366.927940267824 180.58686781206328 550.6999946051491
  endloop
endfacet
endsolid flsun-cube-linear-rail-xy-gantry
